-883.897713981116	(8, 12, 2)	[-0.8530476288940432, -0.9770056971058114, -0.7416577351106124, 0.999441536981772, 0.14908725810851808, -0.11198268949029355, 0.8081861832781787, -0.4809541982863912, -0.1553022090900411, -0.12680453046771367, 0.42437969301274125, 0.9735857430370525, 0.3468048402447086, 0.48759262415423654, 0.8149806954838301, 0.6852842340682423, 0.8164783543680907, 0.689572536206891, -0.9502845399121858, 0.44702711488229707, -0.025277149706267377, 0.08121572051682735, 0.6813627774878641, 0.8783727968073936, 0.1727893974396364, -0.9946353146092037, 0.07064696599743714, 0.723037013273379, -0.5141732557766618, 0.6728129462724366, 0.02765301516590979, 0.08618965705743031, -0.1882929813238634, 0.05548357384198699, -0.08094968791116419, -0.20614992987389757, -0.13015351218420546, 0.7945323814637353, -0.6531360611574657, 0.9679719293881128, 0.35743848757018415, 0.38131855685319693, 0.1207705082095627, 0.6508454580741094, -0.7170385627814004, -0.6423680414462511, -0.2160423834130707, 0.12181051088920647, 0.9385038054788908, -0.13726321334352942, 0.2585104205726516, 0.10952109602144078, 0.973011723628388, -0.2680419204778266, 0.2708802828651491, 0.11470944009921746, 0.14789836891895392, -0.7197223437890075, 0.8385286186141729, -0.742683972138241, 0.020015417929299284, -0.18239795574834283, -0.8855460296225435, 0.13529325289909955, -0.2145380945380151, 0.9804140459960966, 0.5056083863293144, -0.10696088170373574, 0.6849263448293288, 0.2084500512086518, 0.8835319494385143, 0.42878239665016205, -0.48152932525784276, -0.7693389496697529, 0.6692483525806814, 0.16022755049052684, -0.25727627732160796, 0.09532833656346273, 0.8275758257655692, -0.6283225076649994, -0.5378319615908391, -0.79470134594343, 0.8105766902970319, 0.5787202612411211, 0.2939357797239073, -0.4225882255149449, 0.04780984744885264, -0.8516598624775571, -0.33744105615928977, 0.47783059888018675, 0.5023256022586404, -0.9716724372463661, 0.75676784672207, 0.7035887853688105, -0.27480460443166566, 0.47090112886393354, 0.7473105852615538, 0.43037911081215974, -0.10952255415631851, 0.32250750937826766, -0.6685246267815588, -0.6856445553716357, 0.02695478839672716, -0.6724033875997439, -0.1969841365045053, -0.8374252592328073, 0.0043574070481509075, -0.6812892421803634, 0.5401746537736689, -0.8403155108391664, -0.426569881381488, -0.6914044117820106, 0.2801487423153861, -0.33672431710622486, 0.780650339747186, -0.4220339173217229, 0.9506056382872601, 0.3016947043416023, 0.9256499973445069, 0.09502938700713703]
336.4070444216485	(8, 12, 2)	[-0.01989450903618084, 0.02224027495919556, 0.9001404046853065, 0.30787308693730275, -0.7022344143713534, -0.6048783106641319, -0.7408321943195832, 0.829782540890905, -0.41603830066622716, -0.40436322709356476, 0.4510961674400329, -0.7276051907867074, -0.348791524447142, 0.8114251634524874, -0.560958224391508, 1.0763922834320758, -0.5969787440673381, 0.8426963708456755, 0.8542707066091684, 0.2211168050145791, 0.11442263640998046, -0.2178241432161424, 0.42239058485252823, 0.5828625724361571, 0.6722354157711284, 0.17658998305518542, 0.16521683392979636, 0.4855212703753397, 0.8049881970294412, 0.9783944684437829, 0.2904413137893005, 0.0286566322525319, 0.3181977166304991, 0.7046816348392962, -0.8104335778404811, 0.9024135436432719, 0.921743727848086, -0.7681617310661646, -0.5876889573129613, -0.553819924237116, 0.4944100961866842, -0.43348641431445656, -0.9779274255258082, 0.11303067712349632, -0.1648127016515686, -0.6962676033959347, -0.10911818419567351, 0.10940655085109385, -0.989519816003061, -0.8542355071302689, -0.00410756620995582, 0.16472155375914113, 0.6368464847329252, -0.0951591112575153, 0.0005799837784688788, 0.7019727957182865, 0.3486349793564683, 0.3022864279488622, 0.7277890151435638, 0.32046548368052014, -0.3643246004035564, -0.04927902643561764, -0.48664636886573986, 0.4693201050412794, -0.15315199775585078, -0.7532201439590555, 0.09441176427671194, -0.5790213468637646, 0.5830826998899208, -0.21405579845198242, -0.6229701710323515, -0.6196585333366758, -1.1604650791463988, 0.22756053699202192, 0.5059687318752664, -0.4948034138420562, -0.3449502167840085, -0.29106371925982866, 0.06935039012462263, 0.3159299014791177, 0.43035047705473256, 0.4083612548281035, 1.0967867416152104, 0.7039250941594086, 0.8260834343223399, 0.2267647333632301, -0.12983771357416707, -0.404387085503234, -0.6565831774479218, -0.025363400810174214, 0.3758883709691298, 0.47848351934586364, -0.25633167674511337, 0.3981971199803389, 0.19224842080857907, 0.35586546200906843, -0.03061720022626746, 0.9979754258238602, -0.9188532467519005, -0.006521272163947156, 0.725605873110848, 0.3337290441446069, 0.49187393511612987, 0.382812490479577, -0.2403918497896727, 0.43365158383842334, -0.640822682959651, 0.09771758554723509, -0.8065426677920852, -0.7411006242622518, -0.16950535242703862, 0.5835859683990567, 0.5845470159169037, -0.5308824629767139, -0.26594762137304606, -0.8630934460832248, 0.3722418518105145, -0.5146004076282922, -0.4009799124752894, -0.8307822431843609]
2.840125789595618	(8, 12, 2)	[-0.21601696849273994, 0.5729963140962615, -0.24955338019234752, 0.3043077655108302, -0.00783724441310961, 0.6435479985078605, -0.3613320802016449, 0.46234226206315804, -0.3520945532057045, 0.380873431615776, 0.31227043653040143, -0.744941317560041, 0.46573869368578363, 0.12299647503896127, 1.2104636455128204, 0.752867584052465, 0.5055347837762831, -0.3725226756572647, -0.16455762704820878, -0.23132271755146805, -0.053289038716116344, -0.8418843436538233, -1.0725631897095766, -0.516999535618795, -0.27409305049852906, 0.26287260784635813, 0.5879623166291446, -0.1516141594032322, -0.1644612796230208, -0.6007841177818608, -0.8119507811451994, 0.40204063427013637, 0.22186786610087628, 0.3873306770827719, 0.6302793597249045, -0.7985697366798644, 0.38180723744854267, 0.6998097328068544, 0.0015570103502507981, 0.5208269004426589, -0.2957592700243433, -0.8759913792153619, 0.42921540112162193, -0.405203562499868, -0.42232869887925356, 0.42603581717922007, 0.06418345400695291, -0.15011035908932455, 0.2975747638622988, 0.4617981141070327, 0.006481613153469512, 0.265059104103369, -0.6732017774960064, -0.8163458410572645, -0.4700453190924354, -0.6729593988043893, -0.7535385876944943, 0.7682923647934516, 0.34484762190615564, -0.32097757249845515, -0.35428508198674635, 0.30150024502543926, 0.677966556030647, 0.6583113302524723, -0.08528344802570079, 0.4317299333118273, 0.5763666882836235, -0.09119897211756123, 0.822086865066282, 0.6751740375957078, -0.4739701128952775, 0.4947068583782498, -0.3662338519272507, -0.23122540639156028, -0.972021274421676, -0.5421810718485456, -0.21928875671388703, 0.1324753298041394, -0.2580642015259438, 0.4279205721930792, 0.01575112770912899, -0.8466801315155691, -0.6948593893098625, 0.6374023846253392, -0.04118841547488155, 0.5339635092850435, 0.5564021202780174, 0.3498912849525027, -0.5676678527065528, 0.6144274858142079, 0.5561841457677934, 0.47602047003023223, 0.587032329558494, -0.825951169164053, -0.6170679105990211, -0.6719824868827535, -0.37154129127622193, 0.3498200676710267, 0.5209248235554553, 0.10197387665933438, -0.4006660368511086, 0.24771850731171075, -0.7389653794113948, -0.2231393915416373, -0.7955928213312804, -0.5099160347397651, 0.3409181673574515, 0.4476927442329191, 0.3839830409419864, -0.5290046963960969, -0.6456785339531242, -0.28213443741909006, 0.1290051284860051, -0.5888366326776938, -0.7150222443923611, 0.16295271877065748, 0.003071297545842011, -0.41052868455414915, 0.013472434487755036, -0.9764832658150744]
18.63827987149932	(8, 12, 2)	[-0.8850647389706721, -0.0817532274778825, 0.2618005172452178, -0.1468182579645073, 0.2444316348014266, -0.09605377472180751, -0.5001502543950765, 0.4254770940380461, 0.490187872271053, -0.0024074028328622266, 0.45677175276742726, -0.1441997360607883, 0.5712342742289146, -0.1165852056387171, -0.326575313202331, -0.5248182593768628, -0.2583375605325932, 0.5800198528686302, 0.1509312847382589, -0.6255226119533596, -0.001954957469929422, -0.0017977484206279787, -0.9563892005310461, 0.8410915039917323, 0.056617303153851106, -1.1349765460689116, 0.027195205760211116, 0.4139831128061984, 0.056294582328171305, -0.0739394217447003, -0.611459585290788, 0.5889623442058446, -0.593917643395752, 0.7076413484396449, -0.33870034198903437, 0.016312722593285145, -0.25370474176408264, -0.5970718484338892, -0.7288204316457454, 0.9002525458105932, 0.51954453248072, 0.28330870825631466, 0.9341386083700401, 0.27510382484603346, -0.37069606959523305, 0.576069668787953, -0.7350692223482563, -0.15585305085264972, 0.516667455043538, -0.237561369869897, 0.09211539531213198, 0.30620802164204464, 0.36661561175317486, 0.5219521211932657, -0.5541906399970452, 0.22098818659105085, 0.02580650564196396, -0.21741875738701932, -0.2669109168463289, 0.5034137271507618, -0.12527132158244125, -0.5389361960957076, -0.46627933309191427, -0.42897988763239725, 0.11312614622740513, -0.4831513548643131, -0.24154937929550754, 0.11852063402406199, 0.13271417860592483, -0.048016459860662754, 0.7203098849832961, 0.24028925387259692, -0.2783587972863414, -0.12817703374390027, 0.5765066247219508, -0.46048679788487845, -0.45358524554821755, -0.322100298861942, 0.2627669482093242, -0.19455977901730043, -0.6789090924525597, 0.621087483061965, 0.2346929723672601, 0.20421834176671722, -0.15633254987042244, -0.19985146925000985, -0.19306974386416015, -0.8750275554852227, -0.46264457330702036, -0.26673721837068354, 0.5589568942662593, -0.6761105933038947, 0.9870682205923997, 0.7778775325529338, -0.3306067961695456, -0.11222766730668465, 0.8662305023867821, -0.44427096735959826, 0.34176381234556974, 0.7297800398317205, 0.30938175749695795, 0.4687527700236791, 0.7838527240394866, 0.5843642076657256, -0.34051782598840963, 0.15367712842794223, -0.6360824168841384, -1.4035154330734538, 0.08546438620156549, -0.20518008885891093, 0.7084055971561547, -0.7077818896662429, -0.07018529208666285, -0.35028400451835107, 0.8507077736524051, -0.19491696887594678, 0.8727538163817283, 0.12941717007402076, 0.3796576629338043, -0.1440787174010973]
-634.302434075611	(8, 12, 2)	[-0.21601696849273994, 0.5729963140962615, -0.24955338019234752, 0.3043077655108302, -0.00783724441310961, 0.6435479985078605, -0.3613320802016449, 0.46234226206315804, -0.3520945532057045, 0.380873431615776, 0.31227043653040143, -0.744941317560041, 0.46573869368578363, 0.12299647503896127, 1.2104636455128204, 0.752867584052465, 0.5055347837762831, -0.3725226756572647, -0.16455762704820878, -0.23132271755146805, -0.053289038716116344, -0.8418843436538233, -1.0725631897095766, -0.516999535618795, -0.27409305049852906, 0.26287260784635813, 0.5879623166291446, -0.20539186747336413, -0.1644612796230208, -0.6007841177818608, -0.8119507811451994, 0.40204063427013637, 0.22186786610087628, 0.3873306770827719, 0.6302793597249045, -0.7985697366798644, 0.38180723744854267, 0.6998097328068544, 0.0015570103502507981, 0.5208269004426589, -0.2957592700243433, -0.8759913792153619, 0.42921540112162193, -0.405203562499868, -0.42232869887925356, 0.42603581717922007, 0.06418345400695291, -0.15011035908932455, 0.2975747638622988, 0.4617981141070327, 0.006481613153469512, 0.265059104103369, -0.6732017774960064, -0.8163458410572645, -0.4700453190924354, -0.6729593988043893, -0.7535385876944943, 0.7682923647934516, 0.34484762190615564, -0.32097757249845515, -0.35428508198674635, 0.30150024502543926, 0.677966556030647, 0.6583113302524723, -0.08528344802570079, 0.4317299333118273, 0.5763666882836235, -0.09119897211756123, 0.822086865066282, 0.7577279134927685, -0.5337170754539811, 0.4947068583782498, -0.3662338519272507, -0.23122540639156028, -0.972021274421676, -0.5421810718485456, -0.21928875671388703, 0.1324753298041394, -0.2580642015259438, 0.4279205721930792, 0.01575112770912899, -0.8466801315155691, -0.6948593893098625, 0.6374023846253392, -0.04118841547488155, 0.5339635092850435, 0.5564021202780174, 0.3498912849525027, -0.5676678527065528, 0.6144274858142079, 0.5561841457677934, 0.47602047003023223, 0.587032329558494, -0.825951169164053, -0.6170679105990211, -0.6719824868827535, -0.37154129127622193, 0.3498200676710267, 0.5209248235554553, 0.10197387665933438, -0.4006660368511086, 0.24771850731171075, -0.7389653794113948, -0.2231393915416373, -0.7955928213312804, -0.5099160347397651, 0.3409181673574515, 0.4476927442329191, 0.3839830409419864, -0.5290046963960969, -0.6456785339531242, -0.28213443741909006, 0.1290051284860051, -0.5888366326776938, -0.7150222443923611, 0.16295271877065748, 0.003071297545842011, -0.41052868455414915, 0.013472434487755036, -0.9764832658150744]
656.727451070258	(8, 12, 2)	[-0.21601696849273994, 0.5729963140962615, -0.24955338019234752, 0.3043077655108302, -0.00783724441310961, 0.6435479985078605, -0.3613320802016449, 0.46234226206315804, -0.3520945532057045, 0.380873431615776, 0.31227043653040143, -0.744941317560041, 0.46573869368578363, 0.12299647503896127, 1.2104636455128204, 0.752867584052465, 0.5055347837762831, -0.3725226756572647, -0.16455762704820878, -0.23132271755146805, -0.053289038716116344, -0.8418843436538233, -1.0725631897095766, -0.516999535618795, -0.27409305049852906, 0.26287260784635813, 0.5879623166291446, -0.20539186747336413, -0.1644612796230208, -0.6007841177818608, -0.8119507811451994, 0.40204063427013637, 0.22186786610087628, 0.3873306770827719, 0.6302793597249045, -0.7985697366798644, 0.38180723744854267, 0.6998097328068544, 0.0015570103502507981, 0.5208269004426589, -0.2957592700243433, -0.8759913792153619, 0.42921540112162193, -0.405203562499868, -0.42232869887925356, 0.42603581717922007, 0.06418345400695291, -0.15011035908932455, 0.2975747638622988, 0.4617981141070327, 0.006481613153469512, 0.265059104103369, -0.6732017774960064, -0.8163458410572645, -0.4700453190924354, -0.6729593988043893, -0.7535385876944943, 0.7682923647934516, 0.3648289486522038, -0.32097757249845515, -0.35428508198674635, 0.30150024502543926, 0.677966556030647, 0.6583113302524723, -0.08528344802570079, 0.4317299333118273, 0.5763666882836235, -0.09119897211756123, 0.822086865066282, 0.7577279134927685, -0.5337170754539811, 0.4947068583782498, -0.3662338519272507, -0.23122540639156028, -0.972021274421676, -0.5421810718485456, -0.21928875671388703, 0.1324753298041394, -0.2580642015259438, 0.4279205721930792, 0.01575112770912899, -0.8466801315155691, -0.6948593893098625, 0.6374023846253392, -0.04118841547488155, 0.5339635092850435, 0.5564021202780174, 0.3498912849525027, -0.5676678527065528, 0.6144274858142079, 0.5561841457677934, 0.47602047003023223, 0.587032329558494, -0.825951169164053, -0.6170679105990211, -0.6719824868827535, -0.37154129127622193, 0.3498200676710267, 0.5209248235554553, 0.10197387665933438, -0.4006660368511086, 0.24771850731171075, -0.7389653794113948, -0.2231393915416373, -0.7955928213312804, -0.5099160347397651, 0.3409181673574515, 0.4476927442329191, 0.3839830409419864, -0.5290046963960969, -0.6456785339531242, -0.28213443741909006, 0.1290051284860051, -0.5888366326776938, -0.7150222443923611, 0.16295271877065748, 0.003071297545842011, -0.41052868455414915, 0.013472434487755036, -0.9764832658150744]
524.8159013428169	(8, 12, 2)	[-0.21601696849273994, 0.5729963140962615, -0.24955338019234752, 0.3043077655108302, -0.00783724441310961, 0.6435479985078605, -0.3613320802016449, 0.46234226206315804, -0.3520945532057045, 0.380873431615776, 0.31227043653040143, -0.744941317560041, 0.46573869368578363, 0.12299647503896127, 1.2104636455128204, 0.752867584052465, 0.5055347837762831, -0.3725226756572647, -0.16455762704820878, -0.23132271755146805, -0.053289038716116344, -0.8418843436538233, -1.0725631897095766, -0.516999535618795, -0.27409305049852906, 0.26287260784635813, 0.5879623166291446, -0.20539186747336413, -0.1644612796230208, -0.6007841177818608, -0.8119507811451994, 0.40204063427013637, 0.22186786610087628, 0.3873306770827719, 0.6302793597249045, -0.7985697366798644, 0.38180723744854267, 0.6998097328068544, 0.0015570103502507981, 0.5208269004426589, -0.2957592700243433, -0.8759913792153619, 0.42921540112162193, -0.405203562499868, -0.42232869887925356, 0.42603581717922007, 0.06418345400695291, -0.15011035908932455, 0.2975747638622988, 0.4617981141070327, 0.006481613153469512, 0.265059104103369, -0.6732017774960064, -0.8163458410572645, -0.4700453190924354, -0.6729593988043893, -0.7535385876944943, 0.7682923647934516, 0.3648289486522038, -0.32097757249845515, -0.35428508198674635, 0.30150024502543926, 0.677966556030647, 0.6583113302524723, -0.08528344802570079, 0.4317299333118273, 0.5763666882836235, -0.09119897211756123, 0.822086865066282, 0.7577279134927685, -0.5337170754539811, 0.4947068583782498, -0.3662338519272507, -0.23122540639156028, -0.972021274421676, -0.5421810718485456, -0.21928875671388703, 0.1324753298041394, -0.2580642015259438, 0.4279205721930792, 0.01575112770912899, -0.8466801315155691, -0.6948593893098625, 0.6374023846253392, -0.04118841547488155, 0.5339635092850435, 0.5564021202780174, 0.3498912849525027, -0.5676678527065528, 0.6144274858142079, 0.5561841457677934, 0.47602047003023223, 0.587032329558494, -0.825951169164053, -0.6170679105990211, -0.6719824868827535, -0.37154129127622193, 0.3498200676710267, 0.5209248235554553, 0.10197387665933438, -0.4006660368511086, 0.24771850731171075, -0.7389653794113948, -0.2231393915416373, -0.7955928213312804, -0.5099160347397651, 0.3409181673574515, 0.4476927442329191, 0.3839830409419864, -0.5290046963960969, -0.6456785339531242, -0.28213443741909006, 0.1290051284860051, -0.5888366326776938, -0.7150222443923611, 0.16295271877065748, 0.003071297545842011, -0.41052868455414915, 0.013472434487755036, -1.4529989810298671]
421.2559470217675	(8, 12, 2)	[-0.2579418969217539, 0.3616375890509728, -0.08344751106660808, -0.033018484854209385, -0.5124331293029515, 0.2230455317421909, -0.24902138366343574, 0.5964177343260214, -0.543465434827942, 0.3918999278014531, 0.20232335994812953, -0.43720206108051124, 0.26255651795391954, 0.10738307972168601, 1.2369175572291247, 0.7488190291564337, 0.4272204392004754, 0.061376170205763914, 0.49015873643575886, -0.011896327700207526, -0.39351058159241253, -0.29615860693403717, -1.2670258690750436, -0.34161592369622845, -0.2956208763360645, -0.15073605903964393, 0.652481068922859, 0.11408894991306606, -0.02594483546083448, -0.6671016521307913, -0.5319579086408787, 0.3112943947865262, -0.498149226825918, 0.4986896694073276, 0.34913365634937316, -0.7911799120892871, 0.40586363632077627, 0.5009853865175382, -0.11309742844373642, 0.5541876837402923, -0.368577069664443, -0.708121779893503, 0.23773967788071304, -0.39639512556828593, -0.6754486450072854, 0.38728219052613966, -0.2692629041585617, 0.42815567099305635, 0.46890848624935266, 0.45786362111236345, 0.5029196652574368, 0.18357446860468832, -0.6822568126306466, -0.6691346935722764, -0.10734337295736282, -0.2828085608776618, -0.4650843781084827, -0.9636075323089157, 0.6102439693872529, -0.40855161523644795, -0.2830776077598323, -0.3610761044297517, 0.2706023851148814, 0.6935817697409864, 0.701302670186166, 0.4532924158999466, 0.2545952917906295, -0.16392975820437433, 0.22071425424111402, 0.10515765323564041, -0.2840611558650226, 0.5959077483522606, -0.4407192843793002, -0.21838235851089374, -0.8235517632770396, -0.5300149440698252, -0.172149790474947, 0.450277806719554, -0.2903005977748517, 0.1344065779187033, 0.13331555880967733, -1.5615572823014883, -0.07264552006414282, 0.3395934799679588, -0.026982742734410564, 0.3069386906420256, 0.6955998378929635, 0.15579481773280407, -0.16216346037986198, 0.3931538344906629, 0.4862222514293557, 0.4343938607585917, 0.8211672112326291, -0.04273867391369934, -0.5266894714766202, -0.5044467870446974, 0.026961725783436252, 0.15569282520800098, 0.46631214957142875, -0.2058702933589987, -2.5582970528630495, 0.26867738586640333, -0.7734844647188392, -0.27924770391608505, -0.834482378279848, -0.3963474571607986, 0.10001399694608504, 0.13600171138692274, -0.15476368379897598, -0.5517889122165875, -0.41065292791823454, -0.24839577496165638, 0.3946688172662429, 0.060271669594919114, -0.19213642028950573, 0.08707941253930285, -0.05979808377638968, 0.27739974647329824, -0.02978969286064157, -0.0757030302231465]
802.112882320246	(8, 12, 2)	[-0.2044661540250436, 0.35032656958735287, -0.39037416376286305, 0.2817815507313104, -0.005359504263698377, 0.6001367202071102, -0.5318427439686498, 0.46502386065737256, -0.35077977921865877, -0.08962789166299717, 0.2984184985117467, -0.6650281684588962, 0.473871568040914, 0.12838362350229926, 1.1775547340000636, 0.7461488754145571, 0.38021348508289493, -0.0982597415355417, 0.08526647676178872, -0.15760516991595747, 0.012354602276007931, -0.9915708046307344, -1.204610829225346, -0.28864920053282883, -0.1051738574882087, 0.22855027518985754, 0.6615544232056476, -0.23717445247770286, -0.23456941539265092, -0.5988559968896101, -0.12793440235243675, 0.41222253959611166, -0.21220302068945268, 0.4082540701845969, 0.19156458551138955, 0.3347872810361734, -0.4288483448372816, 0.7064607927901345, -0.21296681569780496, 0.5123458297667894, -0.40002466310050355, -0.8586562805245332, 0.42816740886572574, -0.39421415051992353, -0.3464631766782262, 0.39586499770769296, 0.06700180381723683, -0.2228087432069356, 0.4194504258809575, 0.3031933213667835, 0.32782968856634004, 0.1529366225779248, -0.6607644447775107, -0.7573688521796976, -0.5171274804366344, -0.6754663617331128, -0.7795238921486156, -0.3020846551015648, 0.5921863214337795, -0.17626043322091917, -0.3442902135286997, 0.2992575908344586, 0.6947255680683365, 0.7154600348721409, -0.1019592203551153, 0.4797711074049878, 0.482467873054234, -0.1809908884287332, 0.6562139033433941, 0.8946526649323943, -0.27091049194436523, 0.47967184628887805, -0.37213406212214695, -0.27316092111743545, -0.5842335405959844, -0.49342313128031257, -0.21834919438868408, 0.15517327856062632, -0.08348833632996613, 0.3977274705127264, 0.038527842511285826, -0.9371923314062928, -0.09846359333793253, -0.17160399821281394, -0.025502381907242896, 0.4986482630535396, 0.5665160603636538, -0.48679433005217637, -0.4167591234887979, 0.5003410113216873, 0.5591323746459521, 0.46151301453589383, 0.5967355271699639, -0.7354548364246075, -0.5046322030572346, -0.6013197505771942, -0.08528039114229724, 0.2995247643777678, 0.07886695269649469, 0.115632603935823, -0.4049544026664942, 0.24972826632246328, -0.7410646052194226, -0.18117044183655445, -0.8639503445392337, -0.3806714125128003, 0.32989883295407046, 0.6098651781324615, 0.38670026245425076, -0.5527574456053792, -0.6895570894204478, -0.29046904028038684, 0.3457750630803137, -0.5586057791238174, -0.7481572337434553, 0.17875345788381017, -0.06319107201419703, 0.08668169518484112, 0.020904761585871456, -0.7176768619757137]
682.7093757801111	(8, 12, 2)	[-0.22195271303957484, 0.30375066935333184, -0.3019802352734941, 0.12148111735511867, -0.31584478394751675, 0.35988589622605394, -0.03993057370778492, 0.7755572938931952, -0.2898940992605194, 0.44462102439151385, 0.2881176118983981, -0.9263362235434038, 0.45256156889219956, 0.09880956752208857, 1.095081571763882, 0.6777295863424706, 0.38578744109095214, 0.08828177792958863, -0.009702613820290779, -0.2832994715403389, -0.042903974412712806, -0.6258739360668112, -1.0527567107393745, -0.425966360799575, -0.11176061400077258, -0.44088583968112205, 0.6228040533946411, -0.15595583328298224, -0.17181630243324192, -0.48435362853053854, -0.5185570924374059, -0.1528378691910395, 0.2039641365175926, 0.41966656035706495, 0.5540323951969162, -1.3728320140980248, 0.36583148318438685, 0.7423452394497773, 0.1676126905953524, 0.4715365500706644, -0.23665956803461363, 0.31593195938643626, 0.48208601577745613, -0.39461774958063106, -0.6134722801896764, 0.47689746400494043, 0.0584676747179361, -0.05274121259224204, 0.7531591994467302, 0.45034868917573917, 0.03926356763250782, 0.29412986314048123, -0.6725750787855129, -0.7799312510369257, -0.4452597625860621, 0.07467767572980982, -0.7031967012279324, 0.8214388170343265, -0.6821180209595535, -0.3947354590770211, -0.11920227693609575, 0.08636764678132564, 0.5561696010645732, 0.06390673958061327, -0.11457918937143637, 0.21442012450276415, 0.4961363027365163, -0.10335138587124588, 0.22875201302795564, 0.9668072080660146, -0.41862652073266726, 0.5121829719003322, -0.357686675316618, -0.19750713161945765, -0.03819669617897059, -0.6734013745591219, -0.0771741795240802, 0.2792313847297634, -0.07337728078582118, 0.16628558760489465, 0.12376540466961461, -0.07957271045983261, -1.1291898987523563, 0.609251761180322, -0.10324423339761207, 0.29567039027819975, 0.47160098854659677, 0.21965019419587667, -0.52922337746322, 0.9007582450275207, 0.503551662829068, 0.49308279646827685, 0.298271444081949, -0.5596677289280224, -0.09451043535962211, -0.6999293623316578, -0.10046630839715398, 0.38610571447007347, 0.5471842033006067, 0.0855312356042536, -2.7050493761518557, 0.12198887835145364, -0.7544549932088424, -0.2360075376955719, -0.3615282353102221, -0.5515419891445367, 0.3712826457629522, 0.37956150785679593, 0.34009963387316483, 0.10788275967354322, -0.4959731011220639, -0.279068515586108, 0.13523890995803622, -0.28290873052781373, -0.8007543331851404, 0.05075551094983123, -0.03401002078366638, -0.5593664756327916, -0.04163582953460667, -0.06323446183865344]
961.1042415142608	(8, 12, 2)	[-0.19382744279853922, 0.30082755738994954, -0.3539752653436, 0.17268328025649043, -0.24827324365702436, 0.46768040381103904, -0.12781817702118903, 0.7405096253927677, -0.31113667014091007, 0.10218448237875388, 0.29221530552441105, -0.7583797623033786, 0.45246424581003164, 0.10177610833604527, 1.1230288189411952, 0.7328077054308813, 0.41748939893406767, -0.012870798972546504, 0.09016988107437693, -0.20125731001326574, 0.007545771256369314, -0.6150226849091991, -1.049981976615242, -0.21591833183735532, -0.10102909319766103, -0.26480936535497196, 0.6285111526541958, 0.2923912064800882, -0.17339420890550383, -0.47286783013407263, -0.5673021970855167, 0.3797515173845183, 0.20009986897689155, 0.4359417306079311, 0.632528637818377, -1.0355154485960756, 0.19620008549810575, 0.7424760746359125, 0.08894752186100233, 0.4632718793076998, -0.3475062591838704, 0.5946155040832348, 0.4191424971837841, -0.39374937371612034, -0.43226424005429925, 0.41881191367095494, 0.06297571806306056, -0.23511827779480934, 0.6115373451436417, 0.46108797271006025, 0.13427665729987195, 0.24248295748167714, -0.6726217965073376, -0.7681333191772871, -0.43454806746591523, 0.09854251593898099, -0.5628108101449628, 0.7718601414567482, -0.43241802626042136, -0.35443523191636905, -0.08326656780820327, 0.0891098273176183, 0.5835231786988976, 0.8464104922432549, -0.11300011491027225, 0.311645097036932, 0.4716598814158752, -0.09214494644344316, 0.583399092781183, 1.0071317151536314, -0.33716172257136623, 0.49234184011186743, -0.3683597095809935, -0.20378998229458956, 0.19878347601412516, -0.6602342280826619, -0.20248256932895076, 0.22065258501415513, -0.06177670168088767, 0.2395610805485343, 0.08382012884124043, -0.7059762774268806, -0.9624147696880527, -0.3735104397981327, -0.057049328340771435, 0.3262418154940569, 0.5734750917531584, 0.23907959466368267, -0.5305450044151789, 0.8889516717074001, 0.5293518972278611, 0.45614761437695905, 0.5759976758912428, -0.5565656970104438, -0.16680733703469008, -0.6088600647553294, -0.18210624585007062, 0.3184407775431595, 0.478174043809576, 0.10864974300229552, -2.598226966594983, 0.2572213750957156, -0.7525657600769927, -0.22645743486958472, -0.5639511969268672, -0.5630576217824778, 0.34993143434597734, 0.3852374591989679, 0.29220608420317407, 0.01780844444314389, -0.49592433782717704, -0.27633735824517686, 0.13420398840242562, -0.2349136170213261, -0.6816828525808822, 0.03336053713129585, -0.0665564156853841, -0.21905189498381467, -0.0030610649735183584, 0.013826522345509726]
946.1198201840842	(8, 12, 2)	[-0.17842191353522782, 0.5550164121949268, -0.3587585202191097, -0.3084557205276579, -0.29933165358563585, 0.6403225985064664, -0.36905245637665657, 0.574466742429399, -0.35322950457263624, 0.3734984937720746, 0.2925380411013499, -0.8303503278908706, 0.36136218140166443, 0.08603908249019426, 1.101990162930926, 0.7333870261449811, 0.41524851507487603, 0.0222111897105519, -0.05534394753458735, 0.5129694037892386, -0.060041905761877595, -0.8295046622530948, -0.6777185979750713, -0.23272398685894966, -0.08726604646810501, 0.08661302700556472, 0.599932964425428, 0.2562137454993173, -0.17210280738529876, -0.39659826704098305, -0.6370506145000161, 0.1083189549960423, 0.16999903508543002, 0.5195567067764305, 0.6535520343362935, -1.0079535881825479, 0.17681885117059615, 0.747172204148955, 0.03435932265454854, 0.5676108822224379, -0.31888118513929786, -0.05788351625038468, 0.3690455045930629, -0.055527777646937615, -0.32274211922920454, 0.4536579641392335, 0.023795095025849065, -0.24492152311800322, 0.695216671828687, 0.4665244430320231, -0.01918906734845044, -0.020343461032123422, -0.6563197922081516, -0.7331034526706259, -0.44174448507937736, 0.039490097477801085, -0.42063856390559773, 0.7285849765775155, 0.015264272012344482, -0.13877582207519956, -0.16834819702854026, 0.04711870924861189, 0.9555227341735248, 0.6123901748212786, -0.14222942509859346, 0.30543302324969057, 0.47036935292083865, -0.09771353332226936, 0.6330052574409499, 1.040685086662567, 0.03529008849736981, 0.3277514522285065, -0.4172325420537036, -0.19995032145725608, 0.23216550183327178, -0.34191868567487727, -0.10233909429795057, 0.19794556787234874, -0.01909219729840679, -0.049105918057061104, 0.04059014441774533, -0.7063068173031323, -0.8336658399513984, -0.1277335678263979, -0.04129159329570124, 0.43150467435530204, 0.1325224412621396, 0.31236244959765636, -0.5266035070185744, 0.921619559077246, 0.5472381859886221, 0.40025595684271953, 0.46161459590766835, -0.6026486771331218, 0.5401358430104402, -0.639884913924027, 0.19922470135108433, 0.038908318396004574, 0.6600572264465691, 0.10692507177444291, -2.2196929881313694, 0.11103184597694138, -0.7461620640288268, -0.2233604558381335, -0.6219172876645572, -0.3412715774750167, 0.1788722369175607, 0.36837247915526594, 0.2636419752443252, -0.0554317433874264, -0.49648156467883264, -0.345419277097594, 0.11476645008146517, -0.124747623478554, -0.751679128127456, 0.13109049213353877, 0.022377549220884196, -0.16958671870740516, 0.009031679761562508, -0.12770224333729685]
931.633124024587	(8, 12, 2)	[-0.17814831153649308, 0.5568623465282558, -0.3219930903204698, -0.28612709499463257, -0.2721498112093772, 0.5093066641350528, -0.19054598692468164, 0.4728699280050007, -0.30190575291052213, 0.37894245408118477, 0.2624872384129845, -0.8825175708871642, 0.4117949842706454, 0.08519593226999561, 1.102966508584217, 0.7075649989485576, 0.41854463821400584, 0.10485870309266804, -0.04706001221348459, -0.04395212372496893, -0.10638168627866974, -0.7316584733130311, -0.6626909007695221, -0.28383142444223874, -0.08597343673214203, -0.22043930053708669, 0.5994759524761992, 0.2013074221919256, -0.17210331664627956, -0.5442107587223679, -0.4129858250463297, 0.11034634917441109, 0.08514201980266235, 0.5426473104245069, 0.6659395204181847, -1.0063384697498612, 0.31193798446042237, 0.7475652321699556, 0.05296145152731914, 0.5311765963912434, -0.32191946408475486, -0.8038143098602794, 0.38970368600382577, -0.05559193064639546, -0.15423963966865792, 0.4553150600843983, 0.05082059930749755, -0.17984198233077392, 0.7159199244064773, 0.4613030548079811, -0.10404019424406181, 0.13698922769441685, -0.6100211637755362, -0.42543084536951237, -0.434891712578368, -0.47862151051383045, -0.6378395223533793, 0.7623413895929284, -0.5531047798685511, -0.24784712224848848, -0.12924827516368737, 0.08582721677462765, 1.0394083140542225, 0.20774182287772255, -0.1547122213808523, 0.3630221163597624, 0.476515949569038, -0.1033179201539288, 0.18020191456647644, 0.46124135085975415, -0.01015882576154431, 0.4682795438846049, -0.4052813129624454, -0.194849298083778, -0.20467845056609524, -0.665876238059805, -0.10338825677094605, 0.09127574807696749, -0.07028019230067241, 0.10036534995372794, 0.06720155987553592, -0.0727600226409092, -0.8177377664195468, -0.020206324564117306, -0.07228286899904188, 0.4291025314598457, 0.11032510670845637, 0.3227735564076403, -0.46859750539812556, 0.5717673708103046, 0.5322536793423528, 0.3994041328755711, 0.4543786131569016, -0.6473494077999874, -0.32295563777184433, -0.7180879311923222, -0.1677469736463004, 0.10984851920919764, 0.5895332106919104, 0.09995384187216544, -2.347761391008348, -0.28063720562521793, -0.7622159587701655, -0.23725964644000738, -0.7440747552159532, -0.5084864682744383, 0.20694513806369078, 0.3692101604793876, 0.2686597127292774, -0.14413288941135355, -0.41763438800163133, -0.2558506610758451, -0.1317128598385413, -0.1879884168275372, -0.7567481361737682, 0.19891337806877032, 0.01974679387992255, -0.14257423991745827, 0.016370271396324923, -0.18489435642178573]
1219.8124414039723	(8, 12, 2)	[-0.15993556609092555, 0.4778507082015321, -0.24242349936124563, -0.11070700711432689, -0.013373901912009021, 0.5796263643532507, -0.43803126091319267, 0.6716573883648173, -0.3514432366608879, 0.19145921141427114, 0.2981340428806541, -0.6216771185809253, 0.42038530141432995, 0.13001952896079375, 1.131738507780377, 0.7397009413323602, 0.3943897785603683, 0.08579648377490563, 0.08365357814622583, -0.020709814869817822, -0.03516507763488511, -1.0011805776746567, -0.8350500170088259, -0.2959458704419636, -0.13915539419315065, 0.008761569724285184, 0.5690976340078269, 0.3652233581224337, -0.18282543367847082, -0.47895351226949934, -0.5204989775190177, 0.20710937240273078, 0.08737878032853852, 0.5950764809072928, 0.5635588152739026, -0.6868728181640346, 0.272878719333154, 0.520640501397081, 0.03994712986759772, 0.5586512285761166, -0.38418770245123557, -0.3111082599654411, 0.38002721708452375, -0.22698498466745162, -0.43057876413107754, 0.44647331120282335, 0.022923893377180704, -0.15548648935543552, 0.7075207490720983, 0.3461806938453198, 0.330294661520892, 0.2401810526329566, -0.6251877772880189, -0.7339650068130945, -0.33843786030119505, -0.8206766211360194, -0.9909052554601592, -0.3116755960326456, -0.41455417463945426, -0.1376293686524158, -0.20799540574168338, -0.016203722231525705, 0.9321557648142966, 0.5183313519146612, -0.026358975344105473, 0.38696125923365865, 0.44327041511392995, -0.12907117258093265, 0.7011592473282919, 0.6483941541714356, -0.3989852944749034, 0.4922714535637388, -0.3983469457250184, -0.19927394476180413, -0.6091710618229195, -0.6424314103879261, -0.1257874916465398, 0.14729574435375303, -0.04839533643706348, 0.31538866871206844, 0.06711146858473599, -1.0551375170135027, -0.18184132256222074, -0.365392095635901, 0.016894224353520268, -0.7756105157442923, 0.46339682445612385, 0.25037659469137413, -0.5576817525504241, 0.7017811341617971, 0.5414231291747545, 0.4865345070587536, 0.4528363623904805, -0.6855368779243745, 0.03294285001461278, -0.6041907436723504, 0.023068941738549065, 0.35470935420163263, 0.5146844375278811, 0.05524811247178692, -0.7934480407966328, 0.30754575135941464, -0.755221447808419, -0.2107998624715203, -0.729888026316661, -0.4387418208120195, 0.3452646883157527, 0.48073020886809575, 0.27635315324207665, -0.1841795147043334, -0.5340125271088105, -0.326908948753266, 0.16708411208254365, -0.382263082740636, -0.5722846841687614, 0.14517013622778216, -0.053589848672298504, -0.21471579883405645, 0.005901744510595403, -0.613415950672733]
1095.5161862961675	(8, 12, 2)	[-0.15993556609092555, 0.4778507082015321, -0.24242349936124563, -0.11070700711432689, -0.013373901912009021, 0.5796263643532507, -0.43803126091319267, 0.6716573883648173, -0.3514432366608879, 0.19145921141427114, 0.2981340428806541, -0.6216771185809253, 0.42038530141432995, 0.13001952896079375, 1.131738507780377, 0.7397009413323602, 0.3943897785603683, 0.08579648377490563, 0.08365357814622583, -0.020709814869817822, -0.03516507763488511, -1.0011805776746567, -0.8350500170088259, -0.2959458704419636, -0.13915539419315065, 0.008761569724285184, 0.5690976340078269, 0.3652233581224337, -0.18282543367847082, -0.47895351226949934, -0.5204989775190177, 0.20710937240273078, 0.08737878032853852, 0.5950764809072928, 0.5635588152739026, -0.6868728181640346, 0.272878719333154, 0.520640501397081, 0.03994712986759772, 0.5586512285761166, -0.38418770245123557, -0.3111082599654411, 0.38002721708452375, -0.22698498466745162, -0.43057876413107754, 0.44647331120282335, 0.022923893377180704, -0.15548648935543552, 0.7075207490720983, 0.3461806938453198, 0.330294661520892, 0.2401810526329566, -0.6251877772880189, -0.7339650068130945, -0.33843786030119505, -0.8206766211360194, -0.9909052554601592, -0.3116755960326456, -0.41455417463945426, -0.1376293686524158, -0.20799540574168338, -0.016203722231525705, 0.9321557648142966, 0.5183313519146612, -0.026358975344105473, 0.38696125923365865, 0.44327041511392995, -0.12907117258093265, 0.7011592473282919, 0.6483941541714356, -0.3989852944749034, 0.4922714535637388, -0.3983469457250184, -0.19927394476180413, -0.6091710618229195, -0.6424314103879261, -0.1257874916465398, 0.14729574435375303, -0.04839533643706348, 0.31538866871206844, 0.06711146858473599, -1.0551375170135027, -0.18184132256222074, -0.365392095635901, 0.016894224353520268, -0.7756105157442923, 0.46339682445612385, 0.25037659469137413, -0.5576817525504241, 0.7017811341617971, 0.5414231291747545, 0.4865345070587536, 0.4528363623904805, -0.6855368779243745, 0.03294285001461278, -0.6041907436723504, 0.023068941738549065, 0.35470935420163263, 0.5146844375278811, 0.05524811247178692, -0.7934480407966328, 0.30754575135941464, -0.755221447808419, -0.2107998624715203, -0.729888026316661, -0.4387418208120195, 0.3452646883157527, 0.48073020886809575, 0.27635315324207665, -0.1841795147043334, -0.5340125271088105, -0.326908948753266, 0.16708411208254365, -0.382263082740636, -0.5722846841687614, 0.14517013622778216, -0.053589848672298504, -0.21471579883405645, 0.005901744510595403, -0.613415950672733]
1330.6440770501983	(8, 12, 2)	[-0.2692249333339717, 0.3531378433344034, -0.27454495557500913, 0.07599564488851507, 0.07926254218590922, 0.37876204746011993, -0.40360340136756934, 0.56956718352952, -0.3657160317813143, -0.000522727039414049, 0.3699607125229899, -0.5461433900888971, 1.0840319678129378, -0.0644113498980709, 1.1012442593827845, 0.6952091152552119, 0.45976561122459725, 0.03474065083213085, 0.09974930388894583, 0.060333732750223634, -0.09391682667325368, -0.5264099379713263, -0.11163146601514329, -0.321781261512673, -0.09652626343515387, -0.0552702750895703, 0.4981581663560162, 0.04861107137496404, -0.17367547384646412, -0.24546006370270274, -0.5054012215139655, 0.08659892355334321, 0.02162872880193055, 0.5726850465616171, 0.5675478366349452, -0.8964949164581689, 0.21862093111464836, 0.779049641367028, 0.17784271949624716, 0.518813203720793, -0.28529450833722375, -0.4319358628054008, 0.39271828698798605, -0.4290555316337423, -0.26832102928153945, 0.4022016166678771, 0.07657751683875513, -0.17825945603596405, 0.7584479892449566, 0.47061430937005666, 0.19271745112686234, 0.1844785751100138, -0.5973252747301977, -0.732613895162178, -0.3994570804429745, -0.04787516751968396, -0.5483784053347712, 0.6201272052554841, 0.46735589222421864, -0.2119437315533212, -0.19870367227099658, 0.2481045497835807, 0.6764904263614253, 0.7017621350618525, -0.12550936637241145, 0.4642526425947402, 0.4492815594956058, -0.10383239488448372, 0.648478633150124, 0.8482249081414295, -0.07682596470940159, 0.4339966286163376, -0.37393108328448255, -0.1730580650997973, -0.49386760889405235, -0.6031488534696521, -0.18877417775850203, 0.20262445999681222, -0.08713625487736494, 0.0766923140400786, 0.08022008560206495, -0.6585142157537036, -1.0960945556695747, -0.20758055988808877, -0.022180396260912744, 0.16195479016564623, 0.5183818509496614, 0.029294680698314778, -0.49803033642518874, 0.8377497304969319, 0.5219044088430574, 0.5265009980639466, 0.5816207640810649, -0.4178006381451188, -0.42161102842035275, -0.6248397167779917, 0.3094889834839909, 0.2590303967157812, 0.48000707845102125, 0.09256236982976579, -1.9051659959044704, -0.019195232043891758, -0.6685750480911137, -0.36399066027693966, -0.6809718521281537, -0.2876594917265282, 0.2683899802388988, 0.3307464361245304, 0.3105862801393733, -0.0307227999529901, -0.46717939822129206, -0.4068190428495081, 0.15816059624869633, -0.2883113529010054, -0.6870487413328136, 0.012922959652441494, 0.024594775388387863, 0.009386165463460494, -0.006806525973749351, -0.07047449761790003]
1032.4275930229705	(8, 12, 2)	[-0.32055638011546195, 0.3350264973641626, -0.16346738846341502, 0.01360434648255573, -0.3527322572404009, 0.5768923704012965, -0.20171054472918068, 0.4795557889338482, -0.32495523083045885, 0.1148090892149645, 0.22829265170874635, -0.6789901231088731, 0.41845883637469866, 0.01570154451900535, 1.118160213557308, 0.733820518554518, 0.38707783440093, -0.3717371165683783, 0.0919965657612153, -0.118123829257327, -0.061086915772340586, -0.9375635638961419, -1.0471017813071426, -0.42427545696376323, -0.16795620180802434, 0.03476736389329137, 0.5669120899247716, 0.019512004059187654, 0.08349995748657776, -0.46977312620828976, -0.45462054119228706, 0.2652693825192149, 0.10373215658417083, 0.4628075230637275, 0.4546281218947973, -0.653084271530003, 0.26656925506809037, 0.668052544583209, 0.04244821779389712, 0.3601458170601912, -0.3285438519042033, -0.5101829325145932, 0.43085563896474194, -0.3315899632444638, -0.36523302227994114, 0.4552346380327173, 0.0415571161277511, -0.14921345388703686, 0.4107369791200188, 0.3679895994366116, 0.1484806597322591, 0.22988471043132447, -0.9012000653594274, -0.873948509481256, -0.4437821150756954, -0.28698849834375106, -0.5137602535132588, 0.7729167850535036, 0.5373488898250657, -0.24936160138034094, -0.2867703123062835, 0.04600795084902572, 0.6362408266460811, 0.6398885200239759, -0.0944082553921848, 0.40651466813939185, 0.47453103595817847, -0.01869715456332527, 0.23323415879571704, 0.5282574247036121, -0.2892791892633464, 0.48079426047851165, -0.1482605047866838, -0.17199564240066306, 0.0986635895542135, -0.5242855138339437, -0.167812630051881, -0.04166514174256389, -0.17509657994783195, 0.22751952737473313, 0.08925599954996705, -1.0482841092833108, -0.5066609997163456, -0.8107389515457086, 0.03522962950743501, -0.5300988101725842, 0.620929917480968, 0.019878985441062563, -0.4026538199676904, 0.5603775532624015, 0.5568440375440716, 0.5871540206309649, 0.5089907520668672, -0.5411044612326049, -0.4037755352699327, -0.6260489978828, -0.0794747101665785, 0.31814081823391627, 0.38820601164525836, 0.04020645778872546, -1.4839893983486148, -0.03169700509402734, -0.47966767473226163, -0.32468652574374246, -0.6819452923448339, -0.5365438469737411, 0.30844155043210464, 0.42986946748821697, 0.2966514246859203, -0.23280022007345103, -0.5273464885340795, -0.2922536052845094, 0.3699068492770144, -0.38459886109182223, -0.6724892531882475, 0.1911218839738708, -0.12745171885694337, -0.24547722290655194, 0.01772668293409916, -0.33864984089908495]
1129.881629620652	(8, 12, 2)	[-0.318177337195181, 0.4533503054338963, -0.2598342768534293, 0.08279006569444684, -0.286694718844484, 0.481550596782137, -0.3803179013592345, 0.5141997827454506, -0.3679469735444476, 0.30720626853552735, 0.25719724723440834, -0.7398183869910817, 0.4122289722810362, 0.018782563211111505, 1.1176792115143785, 0.703050473228929, 0.2255364215834449, 0.04667984845355237, 0.12549970971836025, -0.0688212081642046, -0.03860696996248175, -0.5295539217487196, -0.5762769391664759, -0.29533911730745654, -0.10287878422086802, -0.060787305498814864, 0.5483022541331108, 0.22751116398007454, -0.17198591094080387, -0.5509667909868219, -0.42752495070398894, 0.12095188575439292, 0.11843386869275793, 0.5370813059814639, 0.5729859917004614, -0.7410253717692256, 0.2679433311542362, 0.752694006145018, 0.03980791821839608, 0.5468629600375888, -0.4054182638376365, -0.6237350039395047, 0.38569279410772567, -0.28962526332756233, -0.30341032480836416, 0.47046313960994984, -0.025488586196788367, -0.12932887161242618, 0.6840680040972327, 0.3884244084218934, 0.05278764053497136, 0.00046071085446754145, -0.6464295708962099, -0.6771360202701641, -0.4301269446299245, -0.43753980648329516, -0.5497155768091702, 0.6656287898524277, -0.10851129803423537, -0.1683656548251807, -0.17525417889010536, 0.05382150476906261, 0.1666476628682712, 0.5323142588139363, -0.03565053123894878, 0.2750723603901294, 0.5797040261990136, -0.1549442810055958, 0.5103534335520125, 0.7536822090550898, -0.11626421453813368, 0.3878623821689749, -0.31977532720020635, -0.18936742966753942, -0.6626522871683533, -0.6632690255989908, -0.1481853303181447, 0.11508012219234291, -0.06909037275742377, 0.1356415876814526, 0.0900722102704024, -0.4613992505768495, -0.505929078385303, 0.302046295818015, -0.012701646367352153, -0.5275514681793114, 0.4278842707257664, 0.11118392512527464, -0.4829174715663843, 1.0221637638838466, 0.5470102480669169, 0.44628933803956694, 0.48894406617941083, -0.6188176425409974, 0.4111051140359836, -0.5712289788256397, -0.09413216559188385, 0.24085722348294725, 0.4283798412370712, 0.08661188600185263, -2.450196507052236, 0.24861292119563083, -0.8419128202192928, -0.13647123037796488, -0.6633895721885746, -0.33621791990903727, 0.2836742606611985, 0.4318698929918473, 0.48684079725409585, -0.21775737190874828, -0.4621299195263315, -0.32266020713396154, -0.02294063450226859, -0.18198425512319158, -0.6018238702899281, 0.20103883827382735, -0.026464856833775318, -0.21442471081021233, -0.000900875686210445, -0.2821812093381899]
907.7640541469045	(8, 12, 2)	[-0.31837370227885514, 0.3695128391379604, -0.263148119656485, 0.0909148861435718, -0.3522615362875504, 0.4920826449226706, -0.15883083050675717, 0.5023498299240156, -0.3257539741480052, 0.2191828796664142, 0.25864268625960507, -0.6725710371689662, 0.41658875726024097, 0.016478849909933164, 1.1181672736007138, 0.7040017693629632, 0.39639460440376967, -0.3414382892868103, 0.12087766117298163, -0.0572104263536098, -0.050680084864706446, -0.43674730963456676, -1.0253106695379666, -0.3788813564650618, -0.12259754101976358, 0.04391430236051294, 0.5596277494415286, 0.18751166453061474, 0.09891422172292369, -0.5586320738577109, -0.4437068962795041, 0.2955113771710141, 0.11070310017101097, 0.470514422551835, 0.5337491874929082, -0.6440994390637426, 0.26711266332233746, 0.6697123622802643, 0.04301046890961471, 0.3404770468844666, -0.39108503670923445, -0.5608877363227822, 0.41261746678909156, -0.3343753843594362, -0.29741814183964965, 0.4733143685496549, 0.04597106054179076, -0.1342065919261949, 0.574971444732137, 0.3924946546038029, 0.08481696894603777, 0.27212831061624554, -0.6485712325645032, -0.7960981222378738, -0.4289894734761851, -0.3068048447060132, -0.5532861352097875, 0.668926309727641, -0.07871410555965536, -0.25651402470179524, -0.18876868760666618, 0.055540874095265445, 0.5472460403017324, 0.5719440429996285, -0.05062079757504291, 0.3841390777862199, 0.4752732497872098, -0.07378298264748231, 0.44905096286423274, 0.7414493062818092, -0.1351921896994711, 0.4737596678396948, -0.22773977442345858, -0.18629048549215987, 0.17694227742485757, -0.6818326674861921, -0.1455071839467036, 0.15309719993863757, -0.0938451752067661, 0.17772071987064159, 0.09002503858466308, -1.064532985114429, -0.5067370656428135, -0.3211237509186927, 0.025965304573023637, -0.5284006010807988, 0.6059444236917343, 0.07929839470252509, -0.4511619903059858, 0.7516314909122728, 0.5537633882823478, 0.522496290900135, 0.5002865592965364, -0.5326972166162117, -0.05653987796995841, -0.5857696997485893, -0.09243350038329576, 0.3121040754394101, 0.41550424709132827, 0.0862128208699706, -2.161123701590175, -0.004295683025642455, -0.8676233759320761, -0.1524991660284907, -0.6848941329585957, -0.3353733001580045, 0.30332185459239297, 0.43202520139338746, 0.3294072210820308, -0.22857451432195575, -0.4611430009012735, -0.3295453801924248, -0.08674627621798278, -0.3359379077498726, -0.6282412750152262, 0.19455820059591478, -0.05488933353294281, -0.242439052148772, 0.005622023595004843, -0.3488048409749705]
1378.0631587537232	(8, 12, 2)	[-0.1813012268924873, 0.37085208114756796, -0.2791819486827306, -0.2237681238448661, -0.30580294622250637, 0.5788356521711706, -0.27186380125534837, 0.4178640052988498, -0.3641538709402271, 0.2620605950579567, 0.2719930267503071, -0.6873513500495083, 0.4139921036946769, 0.07194544789683939, 1.1408939687092412, 0.721123551617192, 0.4216937173144323, -0.06003693907893223, 0.07676715880195087, -0.05690336195548332, -0.038883936926864295, -0.7656559948038744, -0.6725411213516047, -0.2674323947533916, -0.09339583869277629, 0.12382069748334716, 0.5882656036320921, 0.3050107041060704, -0.20811923863278814, -0.46942286948740614, -0.5080759220976339, 0.36863816733862853, 0.19391850285295212, 0.5385859429689559, 0.5950202625493486, -0.7466490131871485, 0.2318429954670601, 0.7418052413917995, 0.06271711953472245, 0.5449648482836003, -0.3194052155438186, -0.7017678688729185, 0.4300239370035697, -0.24883238625141785, -0.2150263588288845, 0.4208046454723193, -0.022091628633681377, -0.21474725724750482, 0.5724146536635841, 0.44994143105189094, -0.07326762531263804, 0.14685097552483703, -0.5915379947389646, -0.43413639337740595, -0.41762265357959, 0.07535544016656226, -0.5936167677359503, 0.5123422513515274, 0.11281358693364962, -0.25724203972702636, -0.0831518489223597, 0.26063170509950556, 0.26344660095012584, 0.5063876767182093, -0.08506961080854175, 0.361047658359618, 0.4811885050759639, -0.10192005698007155, 0.2809146981501341, 0.7893336643055042, -0.3288743737439364, 0.4362759800283023, -0.3747795816521321, -0.17964033128756263, -0.22935892758204734, -0.6098816157863624, -0.14062639514836073, 0.09741777366592447, -0.12288763919469962, 0.17903030413000637, 0.08566710108886844, -1.163859508447885, -0.8519195056557388, 0.11508837533364824, -0.0345817837060062, -0.4867451477879503, 0.4648558149197022, 0.22552426933140848, -0.460804253566206, 0.6968667763738563, 0.5592859577523226, 0.6752136811640106, 0.2841495281574469, -0.6093050031313716, -0.28104905920383244, -0.48604930186422196, -0.12254986003857057, 0.18486891431752833, 0.3334595660366041, 0.09437366067482951, -2.3894450504307816, 0.1995626429482032, -0.6453213320790322, -0.23478956210194243, -0.6733900114200949, -0.49985225156025276, 0.3282154656441453, 0.3553384524461269, 0.40172167672999937, -0.11798994555415483, -0.4298715352549791, -0.2813855775629896, 0.26968843726249897, -0.2487391965444779, -0.7085186110072065, 0.1711992944550313, -0.03649521959105956, -0.21047887851848673, -0.06864184052477594, -0.17999647322972318]
819.5616239154958	(8, 12, 2)	[-0.25813612404373903, 0.3790885941932498, -0.1622007798429294, -0.005963578194254998, -0.023455558244600883, 0.581478259236562, -0.36841816738950783, 0.45442464358665885, -0.32573562903107045, 0.18187131331681344, 0.2576825266706239, -0.6802143718319636, 0.4200028603133291, 0.0008251467953872367, 1.1491636606717732, 0.734748793717823, 0.3900750390099282, -0.4147750626451035, 0.07945928725845008, -0.11697952584545677, -0.22071035295698954, -0.8735889748859716, -0.6810980019615414, -0.3453848027814106, -0.17011744145756152, 0.04204683835722149, 0.5790561464132552, 0.0036984802411993765, -0.03869652891115277, -0.47333367981923424, -0.4586662159553501, 0.2861801682628763, 0.10117460285830403, 0.6307962549117336, 0.469263965248914, -0.6655867587147949, 0.2652838231339609, 0.5024998630591008, 0.04923384617387003, 0.4708248094007571, -0.39880777721226, -0.5092566371248433, 0.4325549788960678, -0.11451022346533679, -0.3547637622653217, 0.452463644621924, 0.04108675239688412, -0.16622440714759515, 0.660745409075317, 0.4352443969718799, 0.09967631815800776, 0.18417063186936827, -0.7120141081228617, -0.8497964168965982, -0.42885678902455443, -0.23459213259790412, -0.5843936943279564, 0.8195258952774951, -0.11647237833575219, -0.25856069453575126, -0.4418999987827495, 0.7565246660032723, 0.6524767791739859, 0.6002239640447525, -0.09142213946020152, 0.40178139514842776, 0.47366658212795426, -0.01800430241316142, 0.3409382371877604, 1.1496295879291893, -0.2890593796777398, 0.4636618167045472, -0.13512146035277967, -0.18488866853358085, 0.10104839495546203, -0.5270350842261343, -0.13597262589253414, -0.07082745630594706, -0.18326605427833706, 0.260968366214677, 0.08867805787723224, -1.0499619537379354, -0.45321058861657326, -0.6903432201988611, 0.04230146408404911, 0.6232931575869809, 0.6006815165115656, 0.11621414941467365, -0.4702210702065282, 0.5996668951136697, 0.5480619265118025, 0.6159603985227621, 0.48430529234648, -0.5850070646598233, 0.28817675261443254, -0.6243795449306742, -0.04207615557899594, 0.34234928472595505, 0.40851881437399373, 0.05072042802821165, -1.9005000937856693, -0.022514971031712638, -0.6549349327873234, -0.28392461755795056, -0.6699527559740135, -0.515381246625093, 0.306084413261118, 0.48208173307372615, 0.3270695479675006, -0.22631956761390956, -0.5273696684458999, -0.29209254749788344, 0.21843604483337642, -0.3626614583100066, -0.67821667168154, 0.1436435631026536, -0.10887673972496936, -0.21694680269614178, 0.016195077723712675, -0.6310227562635247]
850.3868251420322	(8, 12, 2)	[-0.29390236545651455, 0.3788563129178879, -0.18239936459534, -0.0020978906351281704, -0.00643515646173351, 0.6229251633546276, -0.32664320347332687, 0.4579773478968774, -0.3257400634496767, 0.18150602667633603, 0.25792985640164406, -0.6809455250157455, 0.4201676348746738, 0.019091613447605547, 1.146181469277599, 0.7201777917202407, 0.3894406726145444, -0.4140277753344368, 0.09805540012981478, -0.11473123216500314, -0.059337153729461606, -0.8372571169120847, -0.8754877725533418, -0.382610575711837, -0.14989828822116164, 0.04199578692293399, 0.5838380887241543, 0.0022132993682242395, 0.02514271126153282, -0.47580228077116266, -0.4594613469442283, 0.28618935070500034, 0.10371252864955587, 0.5872613023833302, 0.4695880675471807, -0.655320152986126, 0.2666147248370767, 0.5182904329225841, 0.050900139599774796, 0.4055140038118249, -0.3951149451400497, -0.5103017887171203, 0.4339129385994331, -0.19456625116833598, -0.34508275403593136, 0.4522773293953159, 0.04063322359670585, -0.16605348263662623, 0.5843575037934473, 0.42898691496816616, 0.10375700213496193, 0.2247807233092725, -0.6971267096860873, -0.8409877513262707, -0.42886338554449394, -0.23948925036193652, -0.5607734553052837, 0.8229772779488308, -0.10854011868276137, -0.2575137299545449, -0.32198844395155346, 0.13788108745777639, 0.6482253339973313, 0.6001549565589301, -0.09272307610107983, 0.4012685950111956, 0.4738542495046602, -0.011682459749271644, 0.3626249026103578, 1.0444137014439845, -0.2870312861571547, 0.4636163480233233, -0.12414627935827738, -0.1848155406342547, 0.09922503647654002, -0.5284433408673861, -0.13724092440956864, 0.029978602665308537, -0.17886333639658353, 0.26089088975173375, 0.08883231081921948, -1.0527187280943064, -0.46087288824718764, -0.624664847371269, 0.031801592657379876, 0.10078834029867245, 0.6004558390792557, 0.11952471227395693, -0.46608544631090765, 0.6248183548201337, 0.5520279711803119, 0.5436513876369017, 0.48696033826116775, -0.566691446636478, 0.14118595110728688, -0.6116175109944945, -0.03823888596852393, 0.3296899006075125, 0.4085956071390166, 0.06787042192841818, -1.8867902956193385, -0.022008522485748243, -0.6723509881707431, -0.2782691481563992, -0.6791837514740667, -0.561626545316683, 0.3065188276536863, 0.48413101082838195, 0.3271434304184673, -0.22790912664926674, -0.6524456475424227, -0.31669908764883625, -0.11228469033646968, -0.3609211311904763, -0.675335765353821, 0.14094743417985517, -0.07987271512030641, -0.23333604654602455, 0.014234999582603509, -0.6147373829135219]
996.9692758685308	(8, 12, 2)	[-0.2678663661331555, 0.4026974742420201, -0.19300432476834228, 0.08485546421341286, -0.3403763777769889, 0.5062158707011545, -0.28790623363004375, 0.5067120899817129, -0.34675511813038906, 0.2724748108458842, 0.2576912146257962, -0.6980595849867451, 0.40180696321556675, 0.046456584749647235, 1.119893621151587, 0.721292425570422, 0.21954480786247682, -0.18938181970273896, 0.1313517576285942, -0.07837902721516812, -0.04781793469094698, -0.6840267635629766, -0.6958115263566205, -0.32305284513701227, -0.09264356691691737, -0.004989883741189735, 0.591730705127318, 0.27806393941797686, -0.19120855513618884, -0.3907772073798189, -0.44426585293722126, 0.32067189147867614, 0.13115376963172923, 0.4976692238602627, 0.5867765655179155, -0.7362775562477643, 0.26654196175550643, 0.7474045779102163, 0.04113171079198998, 0.5473922974343755, -0.3584640029746465, -0.42489953270974945, 0.4059825649490667, -0.2775013729343473, -0.3472652205054642, 0.45254928483837037, -0.023573872274637878, -0.11661689316965698, 0.6586070545551292, 0.41550272004817135, 0.10477025558731116, 0.2699922564457754, -0.6602738935585295, -0.7475150574414047, -0.4119725366695949, -0.4354814135321295, -0.6028744847378216, 0.7693377507680201, -0.26968473626459677, -0.27178574793172067, -0.07094321528673139, 0.07685361329534464, 0.07061951313822036, 0.5412184043983901, -0.05086437005215632, 0.3672483213645924, 0.5845583633080927, -0.18328059803237373, 0.4955940931229374, 0.8262221202499999, -0.2361282876661771, 0.4133639520964253, -0.1715432051841165, -0.18903799997069248, -0.18152934832177836, -0.640633245308415, -0.16146787303348342, 0.11561492581395114, -0.10118302659376047, 0.18396618972433268, 0.11830800402328451, -0.43853203993298645, -0.5901491128939447, -0.08356659498114258, -0.003984247513878323, -0.5574778305503545, 0.4772158945592503, 0.17823427704569836, -0.5342907424829718, 0.7393332830358327, 0.5708563259342609, 0.4614575408101396, 0.50601147886579, -0.7917259373176126, -0.20363717804529818, -0.47943132610075834, -0.064832618723797, 0.24434932896626194, 0.4826278997337313, 0.08505799445481728, -2.1020154727440534, -0.08061443762828013, -0.8536639580571663, -0.1115434206029673, -0.641088672657452, -0.40044696943967156, 0.31639303089844123, 0.44782621642914305, 0.31240746379869144, -0.27370306828862767, -0.5046864521694772, -0.3237608087447454, -0.01904259849929675, -0.22688504517329894, -0.6952780040533366, 0.17995958565808923, -0.05784812758167418, -0.21356930979695177, 0.002010458985734355, -0.13929177696073874]
368.4260639581481	(8, 12, 2)	[-0.21791711192771818, 0.4473016337772742, -0.30729240742094915, -0.11116021007505117, -0.23253657520767562, 0.558266357627863, -0.4021151861130915, 0.5542268713323059, -0.3387219146101703, 0.23413502660769603, 0.26350803401715517, -0.6402979738185122, 0.5247045996536374, 1.0414409382121768, 1.1136940327687532, 0.7392567068494834, 0.3784821676211857, -0.05200453911273625, 0.12908806226571018, -0.04859256263465253, -0.06366910647940595, -1.1173722903079903, -0.9285472556959707, -0.36422978752680996, -0.10932345752187057, -0.15605268045039802, 0.5524414035305079, 0.33351583861590206, 0.2127056366592709, -0.48957093030177057, -0.47064670438853845, 0.2611704870779781, 0.08635513871378363, 0.47640684620393325, 0.496142108778326, -0.7187235737434875, 0.24187120290601336, 0.6639661793579313, 0.03775820017528623, 0.46683310938932765, -0.3377030143549065, -0.5447552020181248, 0.4129671860844562, -0.2272023839009287, -0.2741350434531698, 0.4574817140072068, 0.020580615010946643, 0.552812790041124, 0.468628539562361, 0.39724261133592326, 0.16461340930893897, 0.19873055560653888, -0.7106247606098186, -0.7848102776527295, -0.43780930507835036, -0.2879617494328815, -0.7589873333180578, 0.7134933009673561, 0.30483458448893674, -0.2082638439609272, -0.18891302550324074, 0.0247243642159647, 0.7814066512770801, 0.5727394657786481, -0.037786293919184845, 0.379793873596753, 0.4985809969807526, 0.005796664929446721, 0.45505767995744373, 0.820015613877102, -0.2581887292320352, 0.4726609191858723, -0.2127780860389875, -0.19878029141429018, -0.6265921082036654, -0.5375100587691973, -0.16179614546347001, -0.006046565594612564, -0.06824454653703275, 0.3435858719939883, 0.10838818518166313, -0.8903287011948204, -0.7212601124239526, -0.6282949178727458, 0.017108281154672722, -0.5318132786642981, 0.42074630457457374, 0.15346831645944545, -0.467721993713644, 1.0755519979338337, 0.5515320829744316, 0.5591561066443138, 0.488978851801582, -0.5847057658485729, -0.3374308657752615, -0.5341923593350981, 0.13907243379988385, 0.2661006879498002, 0.3982064189918039, 0.012902383436408187, -2.1988619039214927, 0.06339523995976092, -0.6992480507476401, -0.25237927452468023, -0.6737001680512731, -0.27745126361535855, 0.3050819798295068, 0.4458605006327501, 0.33074618737110123, -0.24246871747101556, -0.5006870141252504, -0.2865967429938144, -0.021963671252679125, -0.2962227172250807, -0.6058663670389248, -0.034127876350571955, -0.008149576787935708, -0.26082138411988587, 0.0004272545451602279, -0.32473828245789943]
1496.9904661117414	(8, 12, 2)	[-0.2598225634753796, 0.37647539141653524, -0.15534995105817784, -0.04560284025424391, -0.22206281267323627, 0.5618705595698346, -0.33051099580210297, 0.4556114457648763, -0.33824983859805363, 0.18298136869372517, 0.24924674580881245, -0.7395639425147861, 0.40701709355993093, 0.03736055902473387, 1.1490070870567946, 0.7286387058229729, 0.4232246334603477, -0.2867478145705699, 0.08580672124505835, -0.04617055747828874, -0.07307961452905301, -0.8519848599469765, -0.6752324437237044, -0.2584465413363755, -0.17906622287004687, 0.03563429823756647, 0.5687719650483027, -0.08156339215817007, -0.10290798586644992, -0.46425855485378176, -0.493123682358991, 0.33138342308730956, 0.16368739686493136, 0.5913346019068894, 0.5366975585503172, -0.7058309013489998, 0.2732836832324614, 0.6257072610426256, 0.04988889818546641, 0.6444725763574012, -0.3834690587413475, -0.5719624678420909, 0.40318148277962285, -0.21668146488820483, -0.332889761352583, 0.5001076433716163, -0.016424131676376463, -0.15370643230779787, 0.6340222807708834, 0.4435191933023107, 0.06757029739252479, 0.18633356746211543, -0.6891728675277375, -0.8749587504669275, -0.4104538000102436, -0.31084667854474823, -0.5755313819448109, 0.8478315753782084, -0.11755727756024853, -0.26202945077047957, -0.16625771256074814, 0.804849929477469, 0.6334437113820783, 0.5503148480968976, -0.09100170699924699, 0.4035906679885212, 0.4904942046738673, -0.0722438472144327, 0.3527350586977628, 0.7987006546189628, -0.25862049787737884, 0.4266235180706896, -0.11107077313724932, -0.1819217358816048, -0.2049586558938119, -0.5494659659849523, -0.14041620321039758, 0.02835515479361329, -0.07870472885481195, 0.17932173575745247, 0.08903693078040828, -0.6383519469081089, -0.5196619087591443, -0.4179625908718371, -0.001507385785753202, -0.6603049555626213, 0.5056311020828602, 0.09542658294505095, -0.4603290855421956, 0.6676400940072322, 0.5422014335438384, 0.5842701082781869, 0.5034604100814132, -0.5906100744322664, 0.27576454901449776, -0.6388859103493325, -0.08281121843349543, 0.2273937673271947, 0.39152812689300065, 0.09005500523873725, -2.062968654129587, -0.02090855825818838, -0.6887083975588331, -0.17062093096181613, -0.6719473622181156, -0.5135594288038395, 0.32205175688228277, 0.4487320348629303, 0.41340812714221076, -0.07363466110326006, -0.4194087288009013, -0.300692879024215, 0.26309532884905845, -0.21944963774792065, -0.6819489414795871, 0.1715829657519513, -0.06207459000878331, -0.23420447146870504, 0.010633929973812415, -0.1476154736820103]
346.93962567272854	(8, 12, 2)	[-0.24232961317321905, 0.391204636312289, -0.19496459187773535, 0.09374283208250606, -0.17368459608470987, 0.5420790043469031, -0.30237668327404454, 0.49582237970856335, -0.3328659314383313, 0.280323750592556, 0.26637851027359655, -0.6686790476823103, 0.42647107309846044, 0.05400063455862159, 1.12788896704342, 0.7253794294578723, 0.3221624194794812, -0.1492085890199512, 0.1372507562844067, -0.10322520260571218, -0.05890337088993167, -0.6689419142998279, -0.8487403546281257, -0.3239272011004117, -0.13295573166201952, 0.021277631427172934, 0.5758609259058844, 0.2929941189883426, -0.23031392106469878, -0.43269873184531077, -0.4450862922404593, 0.3248688761390848, 0.1350108466299149, 0.4988891223864035, 0.502261221975825, -0.8404189304104983, 0.26177342138564313, 0.674509792927893, 0.029603558862568408, 0.5841489630013312, -0.3482209714707348, -0.460187319959561, 0.4338314261090435, -0.22563502256696422, -0.32729338405479874, 0.4802628933747705, 0.05544441168506031, -0.1607670364707253, 0.5933250413391998, 0.4157248719552096, 0.1617155525981694, 0.22970915398690467, -0.6616126611247293, -0.7864665261844138, -0.4174623631562506, -0.15064798487138195, -0.6111665329988797, 0.7660881196613585, 0.04856701992344174, -0.24950778178001987, -0.12337547124273697, 0.09274765004333664, 0.18232337157942724, 0.525911660453738, -0.09276718681346, 0.35108025611947524, 0.5696090059325526, -0.17864319080502586, 0.4352326753810433, 0.8165933246633402, -0.24344919430319958, 0.4377437400555666, -0.35504446794564487, -0.18816185515156947, -1.0067118614851391, -0.5627756360981742, -0.14451175623628768, 0.028063620744081606, -0.09754221407569541, 0.14920232791009638, 0.10478313648839693, -0.722693412772214, -1.1380786618192409, -0.09642486687453866, 0.00444000249177242, -0.5353898316832738, 0.5187199970232645, 0.15596850263474515, -0.4594054806553156, 0.7595598527344899, 0.5623237003195113, 0.5111334061181673, 0.4972376081280643, -0.7408429508813866, -0.11183268623810025, -0.4727392301588597, -0.07758786731517761, 0.30973195159295897, 0.4451924536014342, 0.07055598536972471, -2.1023889917476386, -0.011345333629786184, -0.7156185802807934, -0.051215868120727176, -0.6820278970463284, -0.4020367747242471, 0.31726565072572943, 0.45997457376968826, 0.31636391194188296, -0.19327143229594063, -0.6886534394188755, -0.322226809672583, 0.2807984941775844, -0.2515082762331045, -0.690205891325651, 0.17540164692158167, -0.037702655982938815, -0.22489398063737137, -5.5275706009348235e-05, -0.24356078313437052]
663.9333764615308	(8, 12, 2)	[-0.25046580369277865, 0.42506118859220393, -0.13723005480418396, -0.07336197957588314, -0.043042586653095585, 0.5999918676774562, -0.31579602840226684, 0.5641347818676662, -0.33056773933527994, 0.2064145750524467, 0.25601600406275604, -0.7237199019609168, 0.5202233484884062, 0.3343482692676432, 1.1274069935629523, 0.73993143710969, 0.3634933494782196, -0.19132829766409432, 0.0887205372356589, -0.05940033529003919, -0.0626361192293438, -0.8841351658424914, -0.8362871079746697, -0.36061306976716195, 0.16384303722392896, -0.24617051602081774, 0.5601553646732953, 0.21967997537015704, 0.2169573380399662, -0.4471280422533802, -0.45076123189432477, 0.24859737781009136, 0.08530037747302176, 0.5005098084954711, 0.5089401706231333, -0.6716152918063902, 0.2635723714214166, 0.669672652975858, 0.047332082557821224, 0.4582231173000498, -0.3836258503525973, -0.3820447434314761, 0.434203686104756, -0.20548300185754212, -0.33869343260645246, 0.4405241663187598, -0.09838983527876093, 0.0219952390367604, 0.6618866514307502, 0.4332208328310363, 0.09909508643129361, 0.1913249183300195, -0.8312671787761322, -0.7535705138964753, -0.28109706924452504, -0.28595813235098266, -0.8401137488405227, 0.718520808211136, 0.40853161471229826, -0.2506783447292202, -0.26326842212100765, 0.22736360023051172, 0.7441533770528037, 0.6610727144022037, -0.04556677542981344, 0.3519455365677997, 0.4723516443289763, -0.004680860109715891, 0.4408975376502492, 1.0317875785554134, -0.25948540425502276, 0.38355279269889514, -0.3282671163732007, -0.20258810237640476, 0.1587578541302731, -0.6084362943591567, -0.15436094988807303, 0.008332411233336435, -0.12264635055382973, 0.10124623571102431, 0.0938399089937583, -0.9268877202956789, -0.5999174771228108, -0.48118213848627933, -0.021186811552224166, -0.3768362739059654, 0.4123702425116456, 0.09656362995596968, -0.4697395824671295, 0.8545759642666149, 0.5444315969904817, 0.5659671983306076, 0.6183350765721689, -0.5847232422141198, -0.04192248093415274, -0.46501393265146107, -0.05067823050901588, 0.3082232746990195, 0.39465891613331544, 0.010606247960069596, -2.189032862745664, 0.20323696152664977, -0.7045186936789951, -0.25564553602010853, -0.6794004057354927, -0.5331926686129224, 0.3051989032957265, 0.43871318423082173, 0.3205049249001151, -0.2270700530135206, -0.4683254284966938, -0.2960924656196568, 0.08603269570396174, -0.3179331285217718, -0.5944427228159898, 0.11074451558867064, -0.07639111625945005, -0.25478814430322244, 0.004610800976728505, -0.3891717954280171]
586.8366059464388	(8, 12, 2)	[-0.24701138951287138, 0.41622247735340606, -0.16067918561808164, -0.14116493642884015, -0.015699218417433325, 0.4996061381344296, -0.31527081012301794, 0.5242363126807592, -0.33726942363155865, 0.20994617470566504, 0.259641616003729, -0.6812281232275418, 0.402889474745936, 0.4104348041001436, 1.1217369837117617, 0.7313948547208305, 0.36984286446702563, -0.1597227315164718, 0.0752912108830527, -0.0280520810088645, -0.2522644454204732, -1.1030664421853573, -0.866638595504745, -0.3683777916132249, -0.14308788552039947, -0.18764208949486288, 0.5803993045046858, 0.08263250645588822, -0.1352992795841288, -0.49226674740761794, -0.46139946282394567, 0.2825508138430952, 0.14224196648671017, 0.5341148034770927, 0.44836719185752594, -0.662291002024408, 0.23994959344230066, 0.4966502432524379, 0.048729155349039155, 0.36860286888678684, -0.366060432703271, -0.5135711417612769, 0.4102713780186797, -0.19189824062013366, -0.34132855941289686, 0.30256249120545564, 0.004680574959419249, 0.49016255422503474, 0.5547717779491285, 0.41873798102335547, 0.10414959373255274, 0.2142988654824916, -0.700727621952796, -0.8071716108787936, -0.4105244175032519, -0.25478995597934434, -0.6171265885579303, 0.8474305491573948, -0.1182702597010374, -0.23561546807540532, -0.1274215438865882, 0.16958059966328531, 0.6680230076353992, 0.5717373174675947, -0.09168447359332046, 0.3802154161764295, 0.4784441103857041, -0.03615963179118836, 0.37126952757998766, 0.9760910838507556, -0.22534315515863193, 0.4338353838039775, -0.14856741049070135, -0.18706664271159446, -0.15439411213024795, -0.6000214457914986, -0.14418971855793017, 0.018980332699156333, -0.11872393601694792, 0.22288796206707262, 0.09490676719171659, -0.9138355657756082, -0.657424677973319, -0.7171891162112926, 0.018882878691413904, -0.5515702506515046, 0.4942954592271807, 0.10234995902138422, -0.4675013377399296, 0.9328959388066848, 0.544319568679905, 0.5668103165642907, 0.49679481109047957, -0.6320049053611411, 0.010786463228716126, -0.5923853620608227, 0.07331555358327158, 0.2479233905471513, 0.39252581890244964, 0.030480556527711554, -2.052362522379625, 0.022879771734141727, -0.6816838343844375, -0.28981350180841814, -0.6550641226295122, -0.41991903854303725, 0.3053823166327882, 0.46795333247127446, 0.3477024074879078, -0.2287755155906023, -0.4979744519966029, -0.29165599436670303, 0.15010180978165744, -0.6267688360472177, -0.6826145406789221, 0.184202910829841, -0.07504276882028088, -0.21923249432960035, 0.012106648657042873, -0.49839785144004983]
1244.9176233670885	(8, 12, 2)	[-0.23703994074488338, 0.4147095945939869, -0.2264868618091513, -0.16801846546782204, -0.22002354856442946, 0.4992434366321559, -0.3271571247218828, 0.5192968395854232, -0.33519520521794255, 0.2487628045005861, 0.2610823058402092, -0.6838387661679199, 0.40980552593614195, 0.2992144171189909, 1.1203316165426787, 0.7279284496484341, 0.37035377017472987, -0.141677655692874, 0.13736554296540432, -0.02594495206213629, -0.12034513630483162, -1.089594937275391, -0.8399931457650094, -0.34694870890219726, -0.11159783217039103, -0.176933925443454, 0.574908120312715, 0.05457502429516915, -0.1359669854762101, -0.6139957229739779, -0.46016127688242625, 0.2886079178065237, 0.14607479213707814, 0.5328261257128759, 0.5045897136507209, -0.7599336720335576, 0.23941661534817313, 0.5886433240911343, 0.046047564339943, 0.35637485925008927, -0.3511819958771714, -0.5015902624497934, 0.43436386237542846, -0.21096526672311341, -0.3338079685519451, 0.4803782089327516, 0.012350817165622098, -0.027704314734847635, 0.5465332090755605, 0.41862575586395495, 0.10593074763363175, 0.21950994916483685, -0.6827346174515541, -0.8089142174507709, -0.4121086017055595, -0.2679508089691045, -0.6189859419752299, 0.8177178140195772, 0.1310177521978262, -0.2540380758094173, -0.15386241562357722, 0.06981558198967565, 0.7641096309231283, 0.5751598441343834, -0.0906346202490368, 0.3795674542771773, 0.4803326085824444, -0.05643524475428592, 0.45782038085591154, 0.8096927705332653, -0.25905424816665634, 0.43190560726046007, -0.22932007234743026, -0.18983011379808684, -0.2112655237824274, -0.7278943054842392, -0.14349277326497156, 0.02127042990147267, -0.13361093953806782, 0.23137744653091327, 0.09798075438736284, -0.7316753508991237, -0.6703699487080995, -0.7074113032929694, 0.015285409568235568, -0.4269329228144997, 0.4915154386883546, 0.11868498162880797, -0.4650097829931674, 0.841160290884239, 0.5444908016948865, 0.5672417606149662, 0.4971202598945306, -0.7249610626571038, 0.0001618538671610409, -0.5952231771528524, 0.01507926728946024, 0.2717446291645886, 0.39227762997817583, 0.04721451338809668, -2.096599382331193, 0.00043728218987194173, -0.7315884145508269, -0.16045552636748048, -0.6798292815556177, -0.41312470044121036, 0.31200833601538625, 0.45345871519239167, 0.3438281436399494, -0.269778149551205, -0.4864742970476153, -0.28619518005281275, 0.15023281065157368, -0.3637316628696853, -0.6828248420325674, 0.1780339499248201, -0.07548631511352043, -0.23066945514546555, 0.012034271163367517, -0.2714288633857837]
649.670560081204	(8, 12, 2)	[-0.2342232576535603, 0.3669123742043353, -0.19751072423001742, -0.012369596996637033, -0.23823705152255678, 0.49852092374832513, -0.3267507048123509, 0.5247302811789618, -0.3356991047372812, 0.23264176883355214, 0.26136922693808906, -0.6832987222473198, 0.3897075655980945, 0.4048916667149388, 1.1201974363370775, 0.466296338780517, 0.35941016115087704, -0.19354834209894797, 0.2930671584692512, -0.04084549541650562, -0.10525300348950645, -1.0365581646208046, -0.8261467209157213, -0.3461282521815254, -0.11927967832294063, -0.17834738003591502, 0.5645484017053721, 0.14532846466851337, -0.17968477781423264, -0.6409148113650005, -0.4620568419592034, 0.30876855590775065, 0.1188484387510164, 0.5186964583656468, 0.5081773027988112, -0.7225931547042814, 0.24085647039626257, 0.7174938009574863, 0.04607752008071582, 0.40394984946405743, -0.363771490639839, -0.44633778063900226, 0.4227491859534782, -0.20916271245887585, -0.32179753152738616, 0.4515729951310896, -0.020722364502619474, -0.02504122715135264, 0.544622529124179, 0.40468486305622187, 0.10086810122348555, 0.22037692461886244, -0.6811673631223015, -0.8266521996733344, -0.4098565115690082, -0.34257290843546745, -0.7323557316710505, 0.7918982145675755, 0.01235585309866466, -0.27237117564953023, -0.17524150386006693, 0.05112332597920632, 0.8042952881738213, 0.5719728721117143, -0.0903048494165402, 0.35213386741086733, 0.48088298949731834, -0.11546001203942202, 0.39865633155813257, 0.8362306099679184, -0.24950278992395483, 0.43051847325573334, -0.25319053083823195, -0.18969421346591303, -0.21730051553578297, -0.6912070939980968, -0.1465185941194161, 0.06639887896032626, -0.13496672652730451, 0.20745447975456988, 0.0955021018762303, -0.7490907339653539, -0.7649190814165586, -0.6385721813785933, -0.006902627294332605, -0.4192303601641645, 0.514496742745376, 0.15013039840656991, -0.472915732284494, 0.7877350706012024, 0.534140248475652, 0.5494180664675966, 0.45418224347753783, -0.6082995470916587, 0.010645066299308736, -0.6045188081484758, -0.08042596941437005, 0.2660806464735873, 0.3950205773266896, 0.04407000908278654, -2.1799822061167555, 0.012180721975635578, -0.6091685875746738, -0.2060431664896728, -0.6786759365456065, -0.41398492357112604, 0.3100621591924476, 0.4411750014953381, 0.3530114196691119, -0.23768651172582642, -0.4878549390931021, -0.31084565214802273, 0.14745243066086136, -0.3570908353051943, -0.6833221006825838, 0.16979444757185774, -0.07471779822902516, -0.221485508297685, 0.011535349755523828, -0.2858150126896337]
1049.321415473846	(8, 12, 2)	[-0.255606084149534, 0.4661468026002024, -0.19286937309854546, -0.04490285974162382, -0.10695739189560105, 0.5435244664551226, -0.3043620853062834, 0.5203460331999596, -0.341146579055052, 0.22836286095545966, 0.2572523857250714, -0.7034863142625557, 0.4101044944717449, -0.012625512828321583, 1.1300587175143388, 0.7240956772592031, 0.2870608773820943, -0.17311670033850454, 0.09793519194328626, -0.11221719600983354, -0.08572641047621073, -0.6643580951597374, -0.8301628394779852, -0.3406174194776596, -0.1258520728741094, -0.06548843027748825, 0.5654915291720072, 0.24328841311031904, -0.16484908488026928, -0.45018493687422256, -0.44988684545312446, 0.30862839357297284, 0.15286638077688833, 0.5854572316472493, 0.5227612225550003, -0.6914189730184155, 0.2647241803103176, 0.7312171844574382, 0.0482655999568556, 0.6080336007391107, -0.38220407863510675, -0.49456724112687517, 0.4083782541286331, -0.2333768691977155, -0.29405961338226116, 0.48567477390954705, 0.029195024832790357, -0.16649095718784668, 0.608770917252389, 0.4233114598464301, 0.08154138156289836, 0.15596391194820647, -0.634958304280792, -0.9761022654112084, -0.4016244910444738, -0.3911083209929363, -0.6129901026991642, 0.8736932664362626, 0.41515149974922266, -0.24859565444774737, -0.21411293814207097, 0.13063090692590815, 0.637850386650176, 0.5325433618550581, -0.08317838602113523, 0.38172404836259877, 0.4832895595595811, -0.1497743939639558, 0.4371896114903946, 0.8752922535726891, -0.2690119234956262, 0.429729644995136, -0.25222695086237085, -0.18372146408550163, -0.8773556951331862, -0.6486662215911514, -0.14421980433656914, 0.04803980024374553, -0.11311034106514435, 0.15720341305730545, 0.09298276533218054, -0.6598819152152877, -0.5828406342781726, -0.47051702945880586, 0.014862652535581283, -0.5057353261046257, 0.48910918903452916, 0.12183819979923893, -0.4623558390996079, 0.6810915627581737, 0.5411648442719771, 0.5356965847569436, 0.4748097394770381, -0.6082582181161218, 0.05197850140516966, -0.5608691841278488, -0.08663899673776665, 0.28888556311984076, 0.4476571752287632, 0.06985949221728441, -1.9419729103723793, -0.026203357220860507, -0.6893719119496852, -0.054608468583629916, -0.6809466002646539, -0.44932141315156127, 0.31194134594956, 0.40612744720950383, 0.36486925981998874, -0.24562745949871903, -0.5981370869868775, -0.3232000337785834, 0.2609107057551289, -0.24400497965842669, -0.6918748445994305, 0.12734622184147484, -0.02023055849887822, -0.23106183404981137, 0.006633977867874072, -0.41796158788221166]
804.0814837360804	(8, 12, 2)	[-0.25354985980271133, 0.3693394200370964, -0.17544700894220353, -0.016126017765737133, -0.2648119536404809, 0.522380169940963, -0.2956747977075257, 0.5172261186580188, -0.33479871324286326, 0.23138352405997498, 0.25835270736614635, -0.6931347209413868, 0.40239210786968493, 0.18892768160194037, 1.1241599440592547, 0.7256491105738687, 0.3785852685543786, -0.17474055712856867, 0.07277535763351164, -0.04133959174953506, -0.18326446634699814, -0.9193137423036666, -0.8139254939253201, -0.355318129109825, -0.14054796048031887, 0.05297957478624954, 0.5776083652093271, 0.04228953052729273, -0.15783376531671006, -0.48836240996436814, -0.4535393854574958, 0.30992030285464633, 0.11523145497962947, 0.5319328743959416, 0.6027431577549539, -0.6478085715014402, 0.26588645627807317, 0.6132965904569534, 0.04863372780666239, 0.46151946428671775, -0.3335706132438193, -0.5397362737420843, 0.41016155525037357, -0.22500188183256853, -0.3322826112255889, 0.33869891150844655, 0.014146287303223929, 0.007596299058155363, 0.5818030588929999, 0.365775543502721, 0.05921111631051901, 0.19873946182639432, -0.6971600276859788, -0.7966258431074524, -0.38716504502698484, -0.2516195770146116, -0.5938346754551314, 0.834457186088383, 0.30033002546884807, -0.25098172351167164, -0.060972078706502814, 0.019245123248105938, 0.7176800921107669, 0.5608202115441993, -0.07875852407054706, 0.3358812243238827, 0.4919266951727651, -0.04431160590987743, 0.42462454227855173, 0.9295059006046811, -0.23882837999631829, 0.435378044640507, -0.20286816414482092, -0.1875419776975606, -0.14908198805897127, -0.6039860432868654, -0.14313722729765055, 0.020486089399551103, -0.11323855970416151, 0.1898670494314814, 0.09350475500047248, -0.7767922026038411, -0.6301827850046335, -0.19807127357663168, 0.024602653106413925, -0.1496171768325284, 1.0463067347501975, 0.10568926345736412, -0.40942481830614397, 0.7703305455437296, 0.5425792608904145, 0.49343541907318633, 0.49318200637592713, -0.6565389273034511, 0.12337778274196083, -0.5557886214412747, -0.05544503476809062, 0.26703543103939514, 0.41858851078633463, 0.07555053461553018, -1.9741536974035947, 0.05144905987297381, -0.7276057001883782, -0.25922862349659315, -0.6660365317981517, -0.38698318662439124, 0.3099503493910178, 0.42338595101307414, 0.3420371833376306, -0.217957784761595, -0.44632092131310586, -0.15722958099044762, 0.12759591002893345, -0.473749970705377, -0.6783886523317932, 0.16389042720590175, -0.06901169861112212, -0.21949871729832837, 0.0037956160570739375, -0.17926622849079235]
467.2584196246143	(8, 12, 2)	[-0.25242223205400527, 0.39841976829522713, -0.1801579633856028, -0.02990626732264555, -0.3081047041272238, 0.5376417114655548, -0.32955846242288256, 0.5392350967916634, -0.33511352067774935, 0.20190062462857722, 0.257904752547112, -0.7023951758154515, 0.4179180914116009, 0.1990099396097525, 1.1263104920961757, 0.728127338091279, 0.38581558067440125, -0.16084521543459296, 0.12858878300849227, -0.06834309296576097, -0.06706241064241092, -0.8095389622731617, -0.7439196753592325, -0.3405869709212904, -0.023977102550265944, 0.05930658040980304, 0.5809674947257972, 0.24459108347650732, -0.1001518543070675, -0.4881911661792062, -0.46193566981251705, 0.2827513486092519, 0.11841565635109601, 0.5443643241717886, 0.5141605412875893, -0.7502022103275308, 0.2505907694918678, 0.5898426345262584, 0.04948508523431382, 0.4206804543978494, -0.3386669428948824, -0.49662957709229044, 0.44713939256866203, -0.2149592060877968, -0.31247346374948926, 0.4680482057707671, 0.02410146132440001, -0.1034702850266846, 0.520111588469967, 0.41831114128953206, 0.1565957430969905, 0.21853611416196098, -0.7085544059740183, -0.8220026952673044, -0.3826547625498797, -0.1900836931140209, -0.6455704510252434, 0.8090844775541709, 0.32378108667307925, -0.2523620792452771, -0.19166501968898678, -0.02483638744961575, 0.6204486448179739, 0.5210136953462917, -0.08105883319362607, 0.3829178137468042, 0.4864194517550938, -0.152705002863854, 0.3741145563667475, 0.8432971266027355, -0.2495622119130272, 0.4328799624769679, -0.3203170914243426, -0.18859546151854228, 0.05399191811349731, -0.6868424859794895, -0.1470037039648772, 0.03216412980690608, -0.11913043959175057, 0.15796589573155373, 0.100634171632342, -0.8533528531630565, -0.5783622472100284, -0.13771588799491266, -0.0005036170788687436, -0.04126539196504575, 0.5967229539589297, 0.11902033955114971, -0.47093324175651213, 0.7418243928365822, 0.5455064538530646, 0.532344084215518, 0.484281906985572, -0.6089063387139285, 0.033548909640625124, -0.5781260510549489, -0.043670429269171473, 0.27795218095292934, 0.43512059440916784, -0.08531051738668068, -2.139289836178052, -0.007048844285838202, -0.6687159823111302, -0.2556373679854326, -0.6766798659555692, -0.4546954673573529, 0.31424247252334714, 0.44904190140802847, 0.36091561252267734, -0.2759172032693509, -0.5088615831119827, -0.30739000615492457, 0.15460007538247178, -0.33456337610490994, -0.6794648549146337, 0.123969097615616, -0.07798649913445296, -0.23232830751916758, 0.011300263938474654, -0.33709958167851584]
503.5091386851274	(8, 12, 2)	[-0.243394321030032, 0.4169983532033547, -0.16937354836712604, -0.19500605721229958, -0.12671053302019605, 0.524855210430448, -0.3206359300076181, 0.5472969185259534, -0.3332557409247267, 0.2227872204766026, 0.2606787944472772, -0.6998444716355674, 0.4141934087648218, 0.1250431600070778, 1.1216427444443842, 0.7278584581677069, 0.39127584938483645, -0.14738755682664306, 0.09612105445732416, -0.0131692641981003, -0.10025819077737821, -0.8370510409635734, -0.8302809026734547, -0.34992422798738526, -0.1378726105484194, -0.12699110185981016, 0.5769666749156172, 0.11233132714553483, -0.11319467477417844, -0.5186232183225632, -0.4596735770800713, 0.31054703343924867, 0.13308778137974112, 0.5838524558789839, 0.5096980179324464, -0.7304387821857389, 0.24517012112639508, 0.6925519521474092, 0.049024127934979615, 0.4434690751589203, -0.2566375712076494, -0.4307027552977621, 0.4354015018562682, -0.2148201313359728, -0.3295871448803433, 0.44348257665310437, -0.02990529224658227, -0.06108786376327071, 0.5352245997812164, 0.4250152287889874, 0.06147011549398206, 0.21722015928989055, -0.715379225564092, -0.7913257736202896, -0.4087226707201962, -0.29130495295871783, -0.5530088239920042, 0.6714073008079239, 0.035056718892164024, -0.24059009577498006, -0.19278757678966904, 0.29653293482999904, 0.6673512369324177, 0.5778814930521484, -0.07758461247714317, 0.45614690665948904, 0.4988952964640525, -0.05457833537807285, 0.4339898301618303, 0.8499227278597014, -0.26339377745103504, 0.43322767580454263, -0.20772076633822129, -0.19017305773691995, 0.11836692140902147, -0.5745300620465499, -0.14690164120239577, 0.031174935699157177, -0.10944118137480927, 0.19157721048781914, 0.12063232188266906, -0.7133106813588236, -0.6031972943802898, -0.5140543761420777, 0.010682603942959244, -0.5011760398179732, 0.4899191346051229, 0.09727605482846101, -0.47071591502228904, 0.7932289046097127, 0.5455620268121134, 0.5166374517473097, 0.5727340494925863, -0.6561893475179134, 0.019366064258239682, -0.6030404541974322, -0.051250671221835485, 0.2721980574135772, 0.4000299891199767, 0.04172068796551339, -2.0508595808141523, 0.14023153821897305, -0.7626364466734812, -0.27798948693658404, -0.6873159128818622, -0.42362055317412217, 0.3134728979560938, 0.4112882851106525, 0.3719832771110505, -0.22227510822419366, -0.5063459584338506, -0.2950550377055956, 0.1340930008085375, -0.4245121396727796, -0.6794526069914124, 0.15410582050657065, -0.06768735633749826, -0.2334361062228989, 0.004163054569400519, -0.3637442901258153]
582.6885368641684	(8, 12, 2)	[-0.26132749405603656, 0.41827551454175455, -0.18771052041594644, -0.16663797841549144, -0.11244317470496201, 0.5307974996910824, -0.3333291094543104, 0.5344734723090584, -0.3334479451139356, 0.21836145433413456, 0.2639410769437905, -0.6808707194111585, 0.3996947266191231, 0.12905329696576143, 1.1205588498532326, 0.6817924311203083, 0.37634412941423767, -0.17853426919689608, 0.08792767312942167, -0.050793668759444674, -0.094906239332761, -0.8326511200495178, -0.8294812481453332, -0.3576215816758651, -0.14090738778023362, -0.1397926468061093, 0.5758751492574626, 0.0959554994411164, 0.017488306514287594, -0.5266554369795138, -0.4576613848242067, 0.2898124800098928, 0.13317423789155086, 0.533875301841752, 0.4961971745859203, -0.7043982464902546, 0.2615782261198055, 0.6882207004351621, 0.048861856965980346, 0.43851780437433, -0.24863126524712678, -0.4382983402672526, 0.4223486768776125, -0.21163024298538988, -0.33137199421731384, 0.4414207239273051, -0.02337934264529251, 0.05786425571184026, 0.5422475459183982, 0.42125963183340936, 0.09031552640115265, 0.1908051392807834, -0.6781831772930224, -0.8189894216551505, -0.415664323845528, -0.2837501471995643, -0.6536815840841538, 0.7803384141890761, 0.04163910054922083, -0.2546623196976343, -0.18288883689146604, 0.2198336981075348, 0.6601596150667507, 0.58007662342404, -0.08221646096163475, 0.41610447519787375, 0.48630089631371626, -0.15453006155503113, 0.40761235608268775, 0.8443834712602754, -0.2633430407968077, 0.44461764932758235, -0.22479244992470454, -0.1922400612932703, -0.07999494916170106, -0.566749759741334, -0.14656615482083934, 0.021364196041405176, -0.11090950268266, 0.2509118345121933, 0.10670946648048814, -0.7759991678507567, -0.6289493979902034, -0.5099883277986461, 0.030652773991031015, -0.4365698843760869, 0.49990224077763623, 0.120625827956665, -0.4400845405700623, 0.8824539919437223, 0.5465434547437608, 0.5309974273261389, 0.48601030196168016, -0.6498256621534437, 0.01929261547985962, -0.5844122280071796, -0.04976098929787571, 0.268317676881319, 0.3988808679521078, 0.0415878824286118, -2.0771589547236955, 0.04676934197346923, -0.7282990160475089, -0.11285932333519341, -0.6794953433091627, -0.44409450547707846, 0.314736454430917, 0.4223191734626035, 0.33620865951909334, -0.22968794050563635, -0.47742160633193603, -0.2906806971420208, 0.25161910159835565, -0.41550492195194577, -0.6837014250767418, 0.14882012768418162, -0.06482261710131777, -0.22978583117154075, 0.01468364092816385, -0.3489521620715793]
988.7541923587735	(8, 12, 2)	[-0.2509809655516921, 0.37653180470986936, -0.20488001077651674, 0.09618244647944416, -0.2703676690930855, 0.5228028134295689, -0.3119101259569806, 0.5271744596816424, -0.33510723422165983, 0.23914443514162723, 0.2626058222403543, -0.6851583509243314, 0.45057557293288075, 0.20365587080636197, 1.122581142366384, 0.7251216062987231, 0.3058349211774076, -0.15429416601501542, 0.15097458491117252, -0.06568984867856369, -0.06664551937340667, -0.9458475883005757, -0.7755598817506878, -0.3372926764232966, -0.11000522847008562, -0.09101072891931071, 0.5735877507380474, 0.06399697094766084, -0.17558816200379973, -0.4951979029398723, -0.4663756256343254, 0.29396875234094944, 0.3218929437438526, 0.525152508720652, 0.512202949425008, -0.6334734518798328, 0.2546723172623725, 0.5735796318926167, 0.048597665902691496, 0.3690334787367514, -0.3336475658393112, -0.4728945194810165, 0.396853517380247, -0.2217919256138049, -0.314607787182345, 0.40301456228132854, 0.006488403076935524, -0.07084937806484798, 0.6391627088509663, 0.4165452859728058, 0.10813097974104355, 0.21754319010104317, -0.6873005143475078, -0.7771444134697413, -0.40491706482959533, -0.23684044289974443, -0.6327421883663938, 0.8288602467786836, 0.16677021680137993, -0.24933947250381824, -0.1391823388231879, 0.37225949918761764, 0.7239361349008353, 0.5567534106445913, -0.08339292156491654, 0.3752391761859004, 0.4879220531283637, -0.24094233424217593, 0.422015328585641, 0.9035144969912191, -0.23406392142919666, 0.4359239009972546, -0.3539084593794668, -0.18804132041130076, -0.1845633061975325, -0.520665745348649, -0.1432631215592676, 0.03798166138029691, -0.11136719032536663, 0.17220242434973854, 0.0951204025943188, -0.7898711788936984, -0.6248662047947268, -0.16810778680947214, 0.014849108360898672, -0.33848410879749563, 0.5537326803860066, 0.11935849283551805, -0.39964764129459407, 0.80313476335301, 0.5492565126695272, 0.5246472838255835, 0.48034007649983396, -0.7020750800712675, 0.01705037472803103, -0.58335524310285, -0.049872496741828, 0.26091490957092717, 0.42203119905741093, 0.07291807156373466, -2.041443772609834, 0.04122407214080879, -0.7012190874735659, -0.12872046890493774, -0.6785629219196955, -0.47617489377027794, 0.308642616101565, 0.4530279634862888, 0.34845136289103174, -0.2172463337212222, -0.4986459814544569, -0.337358516878731, 0.15510392251347618, -0.365356394326279, -0.6709103899358401, 0.16437770346010555, -0.06639188710104042, -0.35976359858927437, 0.0033283102430262668, -0.3855035909479995]
642.5752935017622	(8, 12, 2)	[-0.2474465845382985, 0.3368611286271236, -0.19646737581880303, -0.18632091748906227, -0.15376712224149003, 0.5264122284402329, -0.3292111243357254, 0.5289461226328048, -0.33315870096668754, 0.2234926075924771, 0.25972719890734025, -0.6971458548485144, 0.41519112214653425, 0.10321096317827669, 1.12648298027069, 0.7261523223067688, 0.3755423271149727, -0.15124901514132644, 0.09462293016066717, -0.07371155204456777, -0.09791624576587862, -0.8894375494887768, -0.8286704125424151, -0.35917072881576095, -0.11598116132007485, -0.11955772789413222, 0.5790127781468117, 0.14151449218069423, -0.09903484025518206, -0.5049792687738366, -0.5181069115446929, 0.2976359732522664, 0.1307803083883881, 0.5643317084674364, 0.5314738052401552, -0.7203784004133595, 0.2738289128650752, 0.7214061519905122, 0.04831225729189418, 0.46021669351376604, -0.43509556091965773, -0.4693956571600734, 0.42839951063078263, -0.22096006757274972, -0.305985990981508, 0.44478508392198357, -0.02874185274020845, -0.1732722945918659, 0.5376575327476333, 0.42143603472818986, 0.05236348993083922, 0.2625775780844655, -0.7133078455132614, -0.7974732193800839, -0.40425739918063935, -0.285796813024201, -0.626850831273799, 0.7352262708327353, 0.12634633656432565, -0.24163379408580324, -0.19020913222570873, 0.27793758184264816, 0.6453352599020377, 0.6067789537590635, -0.07780604355567637, 0.43703749867092134, 0.4930133229182728, -0.12071096355820768, 0.43156429813703806, 0.8487485701834497, -0.26902482581384013, 0.4344802106255281, -0.2139973826288062, -0.1917541912185701, -0.08577388786842337, -0.6010666473423776, -0.1444967946448367, 0.026187709107391065, -0.11873362560658689, 0.20095154746039623, 0.12375498699920787, -0.6614956511762601, -0.6082339917485815, -0.5110657189557989, 0.5417032069190417, -0.48925347348516546, 0.3745702889941492, 0.11174953252193874, -0.43590969470974766, 0.8268973437932533, 0.5453235607838807, 0.5171680877279256, 0.5563569000133476, -0.6501079317999402, -0.033886116152347004, -0.5733731783233079, -0.04900346765312959, 0.27037225298191564, 0.41644067140018365, 0.0466820158410203, -2.0254400814547533, 0.10053385290143001, -0.7916138945955667, -0.3277835598930175, -0.6614825120185077, -0.44031814792993706, 0.3136730078464054, 0.40917089301763865, 0.3444388610758859, -0.23594649268270546, -0.5167242617095745, -0.2974324886446636, 0.2330371450361186, -0.3904428500191059, -0.6858023784781987, 0.17212416279372222, -0.05783156898110688, -0.23086156504504418, 0.0047221668752750355, -0.4234595081648654]
1159.3717172194895	(8, 12, 2)	[-0.25975607194109407, 0.3951550388820694, -0.1936611993154416, -0.04069252169548866, -0.25251163099416163, 0.5185576812442101, -0.317073111116558, 0.4866617278511044, -0.3348992815561112, 0.2196782768401134, 0.2606977760361141, -0.6911051788920168, 0.4360818720080427, 0.1648500303721657, 1.1231195067794921, 0.7155677272685624, 0.5520258412999555, -0.15889500681341573, 0.09884236778562937, -0.045675424361487256, -0.0770058109589205, -0.921611860504119, -0.7699711380195225, -0.33815762730934973, -0.11471450176001567, 0.11113472473851385, 0.5681889930563505, 0.15514171757945813, -0.11846737557326868, -0.5381921475116863, -0.4503074127095481, 0.2951424538982277, 0.11824837862973456, 0.5396436600069737, 0.5107972989914149, -0.6484960567357263, 0.24418766764342337, 0.6362176410395496, 0.0529823964093942, 0.46257970429108763, -0.31635355232332457, -0.44695076512852455, 0.4255216509262084, -0.21762870771405834, -0.32875570773438423, 0.4134316872424271, -0.0058207422487678495, -0.0329695951893158, 0.5750116487837974, 0.40342017944309266, 0.1215983994476916, 0.2163510918041574, -0.692459934000955, -0.7986856484091218, -0.41299186653485204, -0.1587252534212884, -0.6199466284889024, 0.7695798057030709, 0.2978276419591406, -0.2551642122277642, -0.1627840611849928, 0.24922281111922087, 0.5854175967582186, 0.5760089139661481, -0.069474682007056, 0.3705439245460685, 0.4830962576619211, -0.13129088172319203, 0.4057187507812061, 0.8806525427909502, -0.2489860335546283, 0.42824371886955426, -0.3210798721348996, -0.18983507995868953, 0.06835138920059375, -0.6760385138066957, -0.1464353477494583, 0.05731559092741913, -0.11314463270966349, 0.1762189208706047, 0.09512717371887974, -0.7484437404592129, -0.6315202074520467, -0.3451230168516324, 0.025736795025803595, -0.2774031753553064, 0.4902572935537528, 0.11861841619759504, -0.4634203681542419, 0.7787766823247774, 0.5441676294513441, 0.49548722950722296, 0.5203790758092252, -0.7213284883193496, 0.07526726243255688, -0.5865800066577357, -0.07537609040100286, 0.2749416385244575, 0.4210796536050964, 0.05048341680032393, -2.092761612199307, 0.059075462119296665, -0.7932154304114555, -0.25598400078773964, -0.6819848053426874, -0.47942009535220315, 0.31090421474721736, 0.4639652950440204, 0.35845964876092684, -0.24884104810179808, -0.4629224946214664, -0.29398874559656724, 0.11134562075151301, -0.3670095663511308, -0.7287993574395221, 0.1499533985228293, -0.0693048825864121, -0.16199026165963387, 0.011913801349920433, -0.35685035515124475]
600.9348745543787	(8, 12, 2)	[-0.24893135334072794, 0.381874495480865, -0.1900284104904638, -0.1937666677739677, -0.1675873916489387, 0.5212257424735706, -0.32316680939710074, 0.5313851030409923, -0.3332014328745127, 0.21328441240311657, 0.25653514295600766, -0.6971003657492565, 0.3993675959946815, 0.12917762957286089, 1.1266718457273686, 0.7248965005780293, 0.3776802355590512, -0.16169897369134859, 0.09430316630369033, -0.06311292769247977, -0.08700867148284339, -0.893754516132055, -0.8313373190800876, -0.3602273330670348, -0.11642190658317972, -0.1441034502998123, 0.5797716761068865, 0.14435915938112384, -0.10426190820255142, -0.49847292894480144, -0.493043871815499, 0.28680153363529337, 0.13224370575388017, 0.5628851576864179, 0.5170531183459778, -0.6946855212005969, 0.277970814762677, 0.7223392033583796, 0.04834446923235413, 0.41820578807451175, -0.42934054019945866, -0.47390324605123485, 0.42868399367360044, -0.21912280823359512, -0.33085059994264826, 0.43995966003541664, 0.012425765680143204, -0.0950752770270699, 0.5586832768865501, 0.4196609716363022, 0.05305165599686409, 0.34376075905403003, -0.6845166849786334, -0.851582879654702, -0.40404131170119345, -0.3153149614071029, -0.5589988228655272, 0.7659896573987066, 0.05324631386336936, -0.24225613923476447, -0.14574956826471888, 0.14996676075655013, 0.6773257832908629, 0.5409007401748128, -0.07638058785178092, 0.4262356718495417, 0.48821921592085904, -0.13442834798898887, 0.4301477742849891, 0.8580569807395138, -0.22738611710614268, 0.4347115339445533, -0.21662257315439856, -0.19224648688274923, -0.0689716499316556, -0.633834169910422, -0.14559077747434104, 0.024927375153514626, -0.09192496196682878, 0.24069453011672506, 0.10305673690949439, -0.7225415845906746, -0.6081530430906514, -0.511954333976969, 0.5374419179068253, -0.4793274802367716, 0.41327182453279987, 0.10352782500705006, -0.4507194909147175, 0.8244147204891711, 0.5408597712855927, 0.5312799869277096, 0.515486664276918, -0.6363547993809603, -0.03407799702613877, -0.5723401864078824, -0.05397806637810415, 0.2712829974917214, 0.4145229975807307, 0.033264449756176984, -2.0736667400877304, 0.10322072692001298, -0.7772227218539984, -0.2647141985027283, -0.6932035712368257, -0.41446405078154896, 0.3133358080433853, 0.40210866008693075, 0.34440159187599106, -0.22684820275654177, -0.5232361068844689, -0.29848235154362357, 0.13815119443263507, -0.39342545254937045, -0.6747198824049886, 0.14259998850148906, -0.05289726004177846, -0.23176024311315818, -0.002194614822353308, -0.38599055378195546]
922.9263870681432	(8, 12, 2)	[-0.2556980321425103, 0.3955266240617939, -0.18632776322056255, -0.2320057193784776, -0.20974785355706618, 0.5266419829970541, -0.3151921077013852, 0.5054226613777363, -0.3333385924360928, 0.22704824107956664, 0.26024376865972254, -0.7027759982047178, 0.4205263588216445, 0.29091508509578623, 1.1244722569969456, 0.7140404068634069, 0.4374864649129186, -0.1571511240130568, 0.0956241944106725, -0.04355837974012358, -0.08398413602047693, -0.9353546186934955, -0.8333492809811303, -0.34561934572915126, -0.10440998215494171, -0.00015148575740480535, 0.5792050631523228, 0.16031551083577963, -0.13250828155147837, -0.5276986640593176, -0.45969793821910604, 0.29750291739894297, 0.04542454867101428, 0.5440191254988094, 0.5055220070286213, -0.6259955414748051, 0.24731250566325788, 0.6126476413323088, 0.049103315601619346, 0.4353983711200289, -0.31048847445281624, -0.44585294735267694, 0.4331731901844871, -0.21728719979014763, -0.31757581929258927, 0.42530175080620586, -0.018244058801149276, -0.0847231545063691, 0.5844654897861836, 0.4177795266985303, 0.0859761651898154, 0.2240404928905915, -0.6924246104305595, -0.7876056160384434, -0.40145930779663763, -0.1733485745791575, -0.5968016586326965, 0.7467681893211716, 0.23326182110919816, -0.24394843537406583, -0.1709980672114777, 0.21008644071134186, 0.6126402886410733, 0.5835251591899577, -0.07861229392356205, 0.3975084280857322, 0.48826244058749024, -0.16006141043319957, 0.40168684444292907, 0.8299923355361398, -0.22872693299866093, 0.4356907888482766, -0.25910684959597136, -0.18894554698225943, -0.07319216276976778, -0.3920992928482477, -0.14734034947610697, 0.03954045441969887, -0.10613779767149023, 0.2605751026761226, 0.10093581784802161, -0.7810431401218592, -0.5539542841877969, -0.43620391052392504, 0.02629641662054244, -0.45305453485191055, 0.7470825103898712, 0.11960182168531557, -0.46945822262798204, 0.7852029826993201, 0.5364686543856277, 0.5372887238446877, 0.5728751868702138, -0.679482708298761, 0.09460918004469747, -0.583146159044744, -0.05613569368445705, 0.2781898094989029, 0.4288596199690091, 0.0520123586706815, -2.081099010629762, 0.015657543521610223, -0.7234213136171237, -0.2580593323138645, -0.6838258781375195, -0.4639488439858923, 0.30751405935530673, 0.46570384608559073, 0.3495784057410922, -0.22385721248229057, -0.4563841873803764, -0.2989543965007107, 0.17591545128433764, -0.4194648695781036, -0.6934195988503248, 0.15488479906840305, -0.058840098598849894, -0.23795070261034426, 0.00455027636903338, -0.35939931421944454]
1071.0639875882373	(8, 12, 2)	[-0.24931131705020396, 0.39695543369655584, -0.2114060435219974, -0.08629687397031832, -0.26340266156391634, 0.524266467779105, -0.32211082209294495, 0.52982571488013, -0.334579859994943, 0.23193499622249866, 0.25979385958310547, -0.6920642766970362, 0.3992098924568609, 0.14806034835884008, 1.137511651731903, 0.7211996513697616, 0.3724174286846575, -0.16308185617422297, 0.08980387184974142, -0.08841368109536708, -0.039416407116463825, -0.9110330293960027, -0.8027404258559053, -0.3597932107608515, -0.1413283890506939, -0.05950120130734654, 0.5729657234310562, 0.12726574750411193, -0.0602415992672316, -0.5274739694222286, -0.4824470877564854, 0.28567857990319495, 0.13374959776131146, 0.5640322683538376, 0.4994912061309853, -0.7284508454520681, 0.25866978991077283, 0.6947182800071717, -0.0027754109535471916, 0.4464804241237915, -0.4211404229618954, -0.43447741059219164, 0.4276755836797168, -0.21721648106968716, -0.3330832721948034, 0.4474920737755997, -0.04097084124520574, -0.10356776598614195, 0.5580812405320676, 0.42564202990316535, 0.06304518844487132, 0.224328377649466, -0.7016275954246209, -0.8294280013197788, -0.41260701376393033, -0.24935723154775616, -0.9235907685660548, 0.7677321349549917, 0.17021792546821796, -0.24281087955948827, -0.24626740693682503, 0.07734354638535326, 0.6068852747367308, 0.5459113747068679, -0.07403533721839807, 0.42252056243963687, 0.497455890301664, -0.13163838178345577, 0.4343322035291731, 0.8622375117876866, -0.2354178121060851, 0.43488082850517273, -0.23129116373938208, -0.16892402711972837, -0.03699630593196687, -0.6929426548521774, -0.13893885170478235, 0.028768492613856562, -0.08850309216730018, 0.21882517137868523, 0.11084900377148267, -0.741058984180744, -0.6295219892819524, -0.3184009184019425, 0.2836915983086663, -0.5130411486130997, 0.41039579794662967, 0.09025454238320445, -0.4276695913353405, 0.8042621830889497, 0.5458460464881671, 0.5257203833201168, 0.5554495213785687, -0.6339810960417146, 0.016476076985033804, -0.574911576137873, -0.05236509124167787, 0.2703271046204369, 0.41902026572889356, 0.04563927216423179, -2.0635691727659538, 0.03217432896259638, -0.7576490302861041, -0.267450756236043, -0.6817785753408798, -0.42154964258997396, 0.3131064924781709, 0.43448350112796913, 0.361692446276048, -0.20404398386993847, -0.49579342113974645, -0.3094227887446528, 0.1525386399315871, -0.3626374158715599, -0.6749531783825985, 0.16572660577639237, -0.05685154054302516, -0.22612012121587224, 0.013897809855373915, -0.38206606820160166]
802.5874062699042	(8, 12, 2)	[-0.2506075230458837, 0.42095643549733053, -0.23574132396272732, -0.017307785260278673, -0.16347131905911733, 0.5237938628357636, -0.3183107728039974, 0.5266103130891847, -0.3343190332252783, 0.221761279546441, 0.2597721099845581, -0.6940895772151501, 0.43018462304758304, 0.18145903333504756, 1.1009864688578488, 0.7283007455114744, 0.38168873079955645, -0.16127832516290996, 0.1058677272148427, -0.06467815691254826, -0.08823313350126702, -0.8175536482690539, -0.8293085731853507, -0.34849608319516867, -0.3440425230078335, 0.2609387438868353, 0.5713484992755541, 0.12044059384907732, -0.1295712960990477, -0.5064672224471213, -0.48874674863463446, 0.29500159075424937, 0.3531688917800028, 0.5351975841941955, 0.5033267235321041, -0.6883320793674439, 0.2589055003865462, 0.658117990127722, 0.0487907594819847, 0.46388723858249864, -0.375650687084974, -0.4661987081883491, 0.4244287382949615, -0.22065505773540334, -0.31374964932359095, 0.4326987272376088, -0.009297833905112667, -0.11559297751052368, 0.5945584961146734, 0.4074404289230654, 0.07657044451747715, 0.2854557806572692, -0.688354767998749, -0.8219134237416456, -0.4058920182668605, -0.2660271143255443, -0.6479218957588795, 0.7804373137100507, 0.14231169982653918, -0.25368856730378203, -0.1463448997544667, 0.27537785187130986, 0.65203517825822, 0.5557183643417822, -0.07927835860485624, 0.40090759695660716, 0.4854152399420312, -0.13436803135806968, 0.42808614677560436, 0.8599305483620613, -0.2883521702045757, 0.4347460566422012, -0.09421199354608295, -0.18940865499423995, -0.08800119754986856, -0.5806927713111812, -0.1466205807332958, 0.03268285588848486, -0.1049456476311228, 0.19211055813667885, 0.09521224431702269, -0.7321582459847228, -0.6271693623942834, -0.4071976319866995, 0.029877458347661368, -0.4832043197235225, 0.5016559137726087, 0.11021541689885438, -0.45113471324338267, 0.8023095606190906, 0.5499842207630146, 0.5309768796100974, 0.529446327263413, -0.6457849760823036, 0.02612609848719965, -0.5722006353527903, -0.04140638775212037, 0.265919591768463, 0.4130972304934176, 0.04151359830332251, -2.0861710195740297, 0.08782766171701024, -0.7524508784116322, -0.2724927959930344, -0.6810718759721303, -0.4543107845433246, 0.315477073521609, 0.41040305604086613, 0.3459601791859485, -0.22012346720328466, -0.4904663363835631, -0.2997469445048442, 0.12141377513069923, -0.39356310885459295, -0.681302184694494, 0.1437587320785746, -0.13643872661998993, -0.3129721614705865, -0.000760743141866842, -0.3585884226346765]
768.9644260951231	(8, 12, 2)	[-0.2504553438962043, 0.39686705611230394, -0.19024573299555592, -0.20189311098671073, -0.2704652851694945, 0.5242664497647128, -0.322447525256839, 0.5313811317946359, -0.3338162469974376, 0.22373507388429703, 0.2682665522341029, -0.6901018183080543, 0.39444212102748805, 0.20020494518829768, 1.1331493599930493, 0.7221246837702764, 0.378394870245586, -0.1586260030934995, 0.09736091434580585, -0.09200635175341078, -0.062470588717776415, -0.9173265246186166, -0.8058009833835896, -0.35736115948283226, -0.1500726609829224, -0.10119145121392678, 0.5755079639305986, 0.1331095661823904, -0.02097646411026212, -0.5180809262876309, -0.48538401800904324, 0.28672891374181253, 0.1735803751312966, 0.5618230058162381, 0.5135145167216615, -0.6885031354414284, 0.2532439124217314, 0.7029485633118809, 0.01691912788599227, 0.43130976399169657, -0.3923101830766974, -0.4462725664569894, 0.4298721930975868, -0.2177890475203194, -0.3216385971274714, 0.44744280681588156, -0.014562099811169814, -0.10531102286842212, 0.5668455421840092, 0.4269136813686121, 0.0935578837745862, 0.27666841806749, -0.6949662658212746, -0.45183658435675783, -0.40871451757336646, -0.2540204473209496, -0.6056767998900001, 0.7680211601233344, 0.20530520094596819, -0.2430689320128288, -0.18869471203291938, 0.09203061518730396, 0.6007721945065977, 0.542103413504029, -0.07380770035660637, 0.41773187948736157, 0.49791901190504106, -0.164723327963414, 0.4353645804769696, 0.8645990939098536, -0.23699405659876302, 0.43480743328729976, 0.03568149875035864, -0.17507975937514617, -0.051306833450237066, -0.6940060303563391, -0.13974970889304755, 0.037499282567331475, -0.09946505845031164, 0.2323615340910172, 0.10683756438412557, -0.742190296867156, -0.5849753186248161, -0.2876894099357665, -0.05933565596090014, -0.49987912896229525, 0.3979049324813027, 0.08573590282624895, -0.4279342494981664, 0.7910678588242865, 0.5427305631269178, 0.6355336115973823, 0.5664946261909908, -0.6326503276636699, 0.032507058622067035, -0.5715161803170749, -0.05164775966003557, 0.27051651557385864, 0.4180783521373979, 0.049308511646952574, -2.075717854023945, 0.036873982045734666, -0.7739558978544869, -0.19769338598348446, -0.6707870322844931, -0.45261180538748513, 0.3106343548044968, 0.4391814896562425, 0.35145601485905464, -0.22072319782322894, -0.47609122620971644, -0.3095327057731975, 0.17336314036587186, -0.36180546235507743, -0.6689124768508296, 0.16239620837519902, -0.0572799464274813, -0.227946057828606, 0.015255878520309372, -0.3672404496967009]
1485.2670901955871	(8, 12, 2)	[-0.253574974671105, 0.438138299263263, -0.20648648624076243, -0.1071865507773459, -0.14981756082190403, 0.5227383289812947, -0.3205942343478795, 0.5309292905176864, -0.3387887639519723, 0.22483642505602086, 0.25704466065852427, -0.6892905987469212, 0.40956398024855056, 0.11655036705877089, 1.2244942103273377, 0.7202302717546243, 0.374861622849545, -0.1629884617042363, 0.094597185775477, -0.07666475830334307, -0.02446022743794142, -0.9106016290631715, -0.8287331815010456, -0.34824587489030073, -0.1268052347185617, -0.049151461275969616, 0.5730233544871777, 0.20950755604433996, -0.10220721088688973, -0.5035080530398522, -0.47401397500572984, 0.290058522320162, 0.1279844985157751, 0.5603403800388701, 0.5013650884611582, -0.7215172261427277, 0.25332176241220883, 0.6599307869429706, 0.05606735449390498, 0.4388303594647849, -0.4240763380022956, -0.4366531279828952, 0.4291093562929269, -0.21638625375349774, -0.3253231006182623, 0.42938075951689414, -0.052242686581930035, -0.08984281841172198, 0.5659690107430789, 0.42464720094550096, -0.01594375795489955, 0.22296827707545935, -0.7010683408201244, -0.8361044141879513, -0.41145323821159624, -0.27784848542451257, -0.8726020536554391, 0.7646376114088876, 0.11225647306250217, -0.24714960725435203, -0.2263311111043655, 0.16684626619203513, 0.6640935486648064, 0.5554877718147273, -0.07519019076127538, 0.418791955086495, 0.4954755740206219, -0.1378934043912966, 0.42973932395272585, 0.8616065919933703, -0.22758589110845545, 0.4352510822253938, -0.23207424433103205, -0.200460058014286, -0.09469473987711106, -0.6665401718957874, -0.18388788769736686, 0.028664950268372746, -0.08999493931387458, 0.23608981633969967, 0.11054642459434144, -0.7796100080842452, -0.6223169637822084, -0.40634573306547084, 0.2863641253896238, -0.519748722032657, 0.7844702987659058, 0.10869097799039984, -0.4326958341921196, 0.8052531766139184, 0.5408586191279755, 0.5261997258276139, 0.5398397843623851, -0.6314959352963669, 0.014717318376696101, -0.5867969971398402, -0.05119773357178509, 0.2710925929912838, 0.4168927232678704, 0.04763608990672846, -2.092480858465636, 0.060193467046498104, -0.7572639459479779, -0.2456626738843808, -0.6784427190660504, -0.266030812061566, 0.30696486594964706, 0.4271947225605397, 0.3427425434604728, -0.203575054096653, -0.4838682477728551, -0.311648585692741, 0.14162541561165148, -0.4530720244118899, -0.6839143433854499, 0.1548979910454429, -0.064425309767234, -0.2234873775161878, 0.012472348746572708, -0.38366674397726297]
1823.693886144309	(8, 12, 2)	[-0.23533708218949292, 0.39659918949265416, -0.20415838157962934, -0.11417906550168604, -0.15448255127134497, 0.5224705423543828, -0.3205840886468078, 0.530482416972681, -0.3388637908432427, 0.22374056264175718, 0.25684428127606446, -0.681877528861476, 0.40421006215668487, 0.20039734654734898, 1.207393140333793, 0.7213793545145574, 0.37254557584416875, -0.16325662285460643, 0.10083954075262623, -0.07412872711495708, -0.01732061193331176, -0.8207726210990427, -0.8055662227302361, -0.35671977976689623, -0.13126212398558718, -0.044310014099749606, 0.5746531401332297, 0.16193064620600925, -0.09377496470920572, -0.4945176237832144, -0.4745196408568371, 0.2801845595203775, 0.14248622666363153, 0.5630296168219969, 0.5064337415783376, -0.6881703232681097, 0.3058304062522823, 0.6752057151680828, 0.024796591767686, 0.4422104266340029, -0.39263525243597236, -0.455408712405708, 0.42833245790684155, -0.21630628756669493, -0.32545842869172087, 0.43008203875739737, -0.03071887565551975, -0.03456289178887467, 0.5658238080173068, 0.42084732476055947, 0.021677117920771788, 0.22223482969171948, -0.7019341596149905, -0.8305979290990567, -0.40879858671445324, -0.24697880181990728, -0.8879281172034865, 0.7806028032032, 0.17031221932477048, -0.24452675610634192, -0.22554323449019525, 0.1773878987167502, 0.5758422434777101, 0.5458922201416285, -0.07540998478638582, 0.4116736142466228, 0.5113364035721261, -0.13531179088190726, 0.43455930500085876, 0.8622466469346008, -0.22975002205956924, 0.4353219368322881, -0.2607441009313944, -0.21142408279743646, -0.09858418835139733, -0.6645679805238651, -0.15022896367155375, 0.028917608034596753, -0.09989011969607292, 0.23863336572375313, 0.1103562718564552, -0.7618648051324804, -0.6225338723494295, -0.3177143722147018, 0.2690612235856503, -0.4741565594271378, 0.7833053913238217, 0.10739888325359839, -0.42000815159643745, 0.8051333906645184, 0.5443302490542943, 0.5411547145863869, 0.5556555776163957, -0.6255169582773368, 0.01620188014931154, -0.5758922804889813, -0.054564052060622106, 0.27548993075690587, 0.4128187297220978, 0.04832705476259529, -2.1053783326770525, 0.057510977060118526, -0.7308922024968253, -0.2739739421552813, -0.6791159288911338, -0.38696328189445584, 0.30830320717112425, 0.4300837471210298, 0.34346588273842044, -0.21171371473068631, -0.49693089112796995, -0.6323296810482122, 0.14254599847965171, -0.4480112563017644, -0.6782972101992651, 0.15571578568735828, -0.05899732369336876, -0.2132118058705489, 0.012839722799869162, -0.3894504080531553]
634.6149483962126	(8, 12, 2)	[-0.25035340690270425, 0.4008842999275516, -0.22626654292695209, -0.1355163464178803, -0.19127774143917778, 0.5243615470118648, -0.3183896458839016, 0.532974474652327, -0.36962861331759267, 0.2194992152957908, 0.2598464668101427, -0.6905156167281814, 0.42922327858513837, 0.2300619045680631, 1.1319041949798596, 0.7223903544752189, 0.37088713886462743, -0.1699389819821042, 0.09892342540962659, -0.05341085110206606, -0.05859096278172714, -0.8951047341172808, -0.8116094749101217, -0.3456232208683058, -0.14029885427836844, -0.08279371033416824, 0.5757717764308845, 0.1290654953857993, -0.13405293583785283, -0.5003501832925797, -0.48294765280086077, 0.29051602221003575, 0.12708922066232967, 0.5656232335658457, 0.5111392090556492, -0.38475356359931573, 0.2604018599085113, 0.6731790679480684, 0.03924421978475484, 0.4329825450678219, -0.3673643901681374, -0.4551178954492367, 0.4211475901697375, -0.19761602318701235, -0.32657026680713597, 0.42978803587634157, -0.013375037741373691, -0.11870668618462424, 0.5771007809418885, 0.42225012432705955, 0.08026208862918319, 0.2248295830939487, -0.6917816154515983, -0.8458622478645057, -0.40620104714143496, -0.2800990728450368, -0.7241217691776657, 0.812308171800061, 0.18079858367244434, -0.24919600059098426, -0.19759698537293552, 0.20368055395010093, 0.6635196036181984, 0.5610574691197266, -0.07475557158682179, 0.3776018788531349, 0.488910568622615, -0.15326311089102754, 0.4233537644873336, 0.8676079142117257, -0.21413452745960576, 0.4363708266158941, -0.24590215480205493, -0.19061724483332904, -0.04441470229608943, -0.5973874757675062, -0.1454843399876294, 0.03237324594394037, -0.058509304910257035, 0.19295536985840167, 0.10406534643315918, -0.7576752446154412, -0.5883306779523441, -0.3140341166561005, 0.053364238349783766, -0.47410462572128237, 0.4276505367202506, 0.1094277893086027, -0.43781799649028647, 0.788768769806585, 0.5261329358879497, 0.8056352699788243, 0.5022734306720213, -0.6393851297878966, 0.09970373557042823, -0.5785758403932264, -0.050643208675077434, -0.11937343947106188, 0.5442289132782422, 0.04976450825074508, -2.075074230949972, 0.07523698817996521, -0.7713283393377675, -0.26124471863430077, -0.6837637783737975, -0.4403110670768989, 0.3129300544456633, 0.43429410636970245, 0.3468469412793114, -0.23296471366277532, -0.4945416899006556, -0.289568356660633, 0.17897262137483472, -0.38103507884615895, -0.6841770456064921, 0.16104092044385585, -0.057906769614826714, -0.2610572717866706, 0.004176875998873897, -0.31730730310422267]
663.1807658475462	(8, 12, 2)	[-0.2508325037466769, 0.3932269706003254, -0.189036944778589, -0.18743671075607687, -0.22574924399678084, 0.5215894606421106, -0.32034177061015634, 0.5309541118464625, -0.31755785751129445, 0.3045275086224613, 0.2606585787623977, -0.6882112679951177, 0.4099049895649993, 0.17338225940832624, 1.0923450762646043, 0.7220046795417704, 0.3806717263166865, -0.15870923781359628, 0.1047989408704372, -0.0725687701206792, -0.06964057850170693, -0.8857934422054854, -0.8251427618862213, -0.3372900159178491, -0.17671119532216717, -0.13763520854706482, 0.693065096701577, 0.09891117696165011, -0.08093375859303306, -0.5053463727060724, -0.492382333146979, 0.2912300737454859, 0.17699095103206122, 0.5660701683943298, 0.4877353448389614, -0.7123369657903789, 0.2569486046962246, 0.6572019341700944, 0.030279726647898218, 0.44223746122262675, -0.35712681251277667, -0.4403769043925405, 0.4260572579408259, -0.21545072737883242, -0.3236798865364793, 0.43158107854635663, -0.02184622276338941, -0.07466416544339849, 0.5687039626122853, 0.428279025008625, 0.05533816693822992, 0.2698066525147983, -0.6855362835010791, -0.8027641726202968, -0.4084801108442103, -0.2648082372130119, -0.6275032388897299, 0.7438956791217306, 0.17360381661401006, -0.24440722848157942, -0.18548060839258293, 0.050902223861622575, 0.6614456990621242, 0.5735359476747334, -0.07056086087862627, 0.4127820331231311, 0.4659737909257255, -0.15256887769700592, 0.43182116961357364, 0.8592144253176257, -0.2390235547389859, 0.43537289472129576, -0.19531326268719573, -0.17856698195753934, -0.1197088296210603, -0.5729997649266539, -0.14527647593978824, 0.030167914776247976, -0.09940140602497105, 0.2025114486123335, 0.09774819285908604, -0.7649175355329253, -0.6228911063877309, -0.38227230341508395, 0.07075936971343587, -0.45572658976612646, 0.5234126788466711, 0.09862919626385618, -0.4229260610902806, 0.7973640621817786, 0.5471688075212481, 0.5430072170644417, 0.5356711402671002, -0.5935749125183212, 0.043297812232728015, -0.5745984942377105, -0.05693018306950683, 0.2722634626569588, 0.41305270895344365, 0.04763791317072208, -2.0832848879197297, 0.05379358833822093, -0.7630199281622588, -0.2794276164386812, -0.6817694508989713, -0.4179178563367172, 0.31282558036974956, 0.42454465013968806, 0.3486090064831888, -0.23927978197631106, -0.48349324897635343, -0.27721555374973916, 0.1642670485610681, -0.395240257473076, -0.686898758907613, 0.1487122717488771, -0.05975715808699726, -0.2804768241632164, 0.015533293207034147, -0.369209434892641]
1962.0082206906043	(8, 12, 2)	[-0.24975914838480948, 0.40974031935152916, -0.19047573397811188, -0.1048023459756584, -0.1923962444177727, 0.5229839254430537, -0.31935361208483576, 0.5322198112408232, -0.3283659063698064, 0.2327879303528855, 0.2578841227539325, -0.6901010212393958, 0.42775848450290227, 0.18767915453161493, 1.1117837814048248, 0.7220918852943111, 0.3746941899625261, -0.16118110685841322, 0.0949440427165418, -0.060103139523374836, -0.01855422133912829, -0.8723097456562073, -0.8393561179294442, -0.34785237785145945, -0.14205542940630309, -0.07605548561885017, 0.5731407274960766, 0.12668911460738452, -0.1017113081417334, -0.5041048025011499, -0.48055975751013724, 0.28997315069660995, 0.09744328840822009, 0.5582809083754244, 0.4870692820598511, -0.6556671528931817, 0.29115208765962786, 0.6709640477486128, 0.025019463341747365, 0.42131515459071234, -0.37797234609413377, -0.4488213146998684, 0.42481781119547374, -0.21484611664363554, -0.3183147321484103, 0.4340795492046603, -0.050022054054407857, -0.07659903195131729, 0.5672534256532807, 0.4211040420391198, 0.08402049726329631, 0.23001619084521052, -0.7007340577582485, -0.8420872210150439, -0.319102524249135, -0.28358271547932745, -0.7820106377885057, 0.807728557152391, 0.02866903761925223, -0.24416439084901911, -0.2003323701419739, 0.1484132711015161, 0.6061188375525662, 0.566319874871618, -0.07714841017531085, 0.3891899554126868, 0.5078646853272866, -0.14433833097704532, 0.4159374575236822, 0.8609753139749332, -0.22791187167180105, 0.4360317420275996, -0.2291215044505772, -0.1944217178515396, -0.10772614110562095, -0.6412199206148484, -0.15118673247852613, 0.034568805206131516, -0.10126025974542034, 0.23813717401911522, 0.10151373704655396, -0.7634644487928353, -0.6206139461657478, -0.31030309325910377, 0.09946249302919193, -0.4792354052329132, 0.6343791109394684, 0.02050483071409645, -0.38534123695938305, 0.7783612785457444, 0.5413215153784536, 0.5463524607197177, 0.5856717300870948, -0.6456780303836929, 0.02639031694616439, -0.5822489508659427, -0.057951904742530376, 0.28304741998192684, 0.4083657649365572, 0.048796101679068074, -2.084716663653891, 0.06264541463773357, -0.7793036993066198, -0.2460998504404338, -0.6764588770889315, -0.3345511571555194, 0.3123239357765266, 0.4488086887916909, 0.34956741717630235, -0.21676741976722425, -0.45959232255728905, -0.29845139363063555, 0.14782129710827827, -0.43743127726442427, -0.6892630900626879, 0.15559470533903974, -0.0637872110686132, -0.20927749517075214, 0.0057189531720425995, -0.3929928366706742]
720.1728277521594	(8, 12, 2)	[-0.2531328761932136, 0.4196511673744959, -0.23203595106235936, -0.1859674615261348, -0.1993885171323071, 0.5245743084275604, -0.31942034657608026, 0.5210765538624607, -0.3387494905417595, 0.2366463052327914, 0.23318326453872604, -0.686640402111556, 0.40459197971411676, 0.23736169123046413, 1.0988189401079884, 0.7188125187624602, 0.38247429331083094, -0.1706765132283798, 0.09796165291079699, -0.053958920111887715, -0.0746142220459234, -0.8985769655714207, -0.8344649470966083, -0.3492634289389636, -0.1566371275632002, -0.07450094152535655, 0.6794513274421115, 0.11091145106200172, -0.07945325666528666, -0.5321867529723456, -0.4900126699533483, 0.28889594461724183, 0.14300715700085093, 0.5651033665054462, 0.47931796375890545, -0.7084799523506765, 0.2599826984007018, 0.7007698741533973, 0.028405034465676382, 0.4349021579885969, -0.34811130428786463, -0.45151287784499317, 0.4238287467653309, -0.19438567317304903, -0.3256354991142408, 0.4299220037251022, -0.020014227929740468, -0.10293575686535347, 0.5703830708207385, 0.42582023053887996, 0.06347588553304426, 0.25278124390486995, -0.692758509312685, -0.8082765316906696, -0.2820338768037979, -0.26481313809190055, -0.6884601487505531, 0.9204383269481673, -0.10882121093399273, -0.25619091024837626, -0.1909928962151062, 0.024910700514858296, 0.6459937628356672, 0.5611394108791008, -0.0763578060562713, 0.3424214811770827, 0.4939429832383805, -0.13702125114420002, 0.4346419203093533, 0.8593150625081399, -0.22592181509278417, 0.4358353555643802, -0.1797119055615819, -0.17835484184166592, -0.0696389167765522, -0.5582592850681325, -0.1438306970505735, 0.03170103797689375, -0.10057600800906155, 0.22575922056026657, 0.10040503717811983, -0.7603602668185255, -0.6094677147454883, -0.30638459326164924, 0.07947367394258345, -0.44796422454491647, 0.6450507958185799, 0.1018442093005527, -0.431152595224982, 0.7947369856153048, 0.5275129042078864, 0.5148851854684676, 0.52778283160034, -0.6300947993702489, 0.11413262181909181, -0.5751715918592439, -0.05218226999651257, 0.23347476667011674, 0.41303403627159285, 0.0463606800522401, -2.090620319227649, 0.14304531655373576, -0.6916017439385462, -0.2686407192195752, -0.6804803854536391, -0.41414333354245314, 0.3113239613729589, 0.43599165489098934, 0.35171844605359004, -0.23227198966022966, -0.4803817382256724, -0.284755438119559, 0.15884750039776066, -0.34039056319346506, -0.6886068473067413, 0.14802165705215237, -0.05947601717842201, -0.27611467932257705, -0.0019365834586635919, -0.39351154863804694]
1228.3419320001053	(8, 12, 2)	[-0.23775455444632462, 0.40762272449178133, -0.20452971143885024, -0.16090805270113706, -0.1998105063063406, 0.5245822389930499, -0.3203334402136212, 0.5322296402737484, -0.27126496129022026, 0.2127746994172988, 0.25296704692935956, -0.7066934423117993, 0.4103247505370612, 0.186956690526794, 1.129847918289783, 0.7216685337796614, 0.3733224808664116, -0.16855267739694818, 0.08928458624082393, -0.07351700694850143, -0.06335557531724226, -0.8935302615089635, -0.8222183727321365, -0.3591985897239712, -0.1616194231754857, -0.07627767316932166, 0.5817226929472898, 0.15868685241662425, -0.11562610949041252, -0.5050282810070724, -0.4607704444262465, 0.28945246494468185, 0.08186370002131346, 0.5628702420263001, 0.5073659306517025, -0.428483212633102, 0.27847590952838147, 0.6375128025965908, 0.04468232040648406, 0.4298363801062689, -0.3540436640461613, -0.4428193521006539, 0.4284682606453509, -0.21027524927615793, -0.3253297814068741, 0.44367724260783625, -0.02298999759841899, -0.0880508979662755, 0.59281024918927, 0.42128779238004727, 0.08904193461360141, 0.21500288557726982, -0.6929272743169792, -0.8494380845018874, -0.40736960790977317, -0.2509986023158227, -0.5875655299172013, 0.765052018034111, 0.17880246063478175, -0.25122133170739364, -0.2062126013606696, 0.18296462917527798, 0.6711513620971744, 0.5571607645999738, -0.08103901336456948, 0.3821416395155617, 0.4758585378842329, -0.14868593209415504, 0.42652557203687674, 0.8535475608169404, -0.22689751652307993, 0.43556998517149137, -0.22376342541122488, -0.20372336500010846, -0.09862937970644231, -0.5600033224462891, -0.14577042862919468, 0.031897324926559376, -0.09727120715557025, 0.25379369401687807, 0.1085872895134625, -0.777925776946697, -0.6078487906560308, -0.3352379105501078, 0.1397425507654404, -0.4513463860293719, 0.5060991952261117, 0.10989666208675261, -0.44431463949296107, 0.7921748343900016, 0.5423431874955552, 0.530392380798802, 0.5334697599244985, -0.609281976705104, 0.06095217272327353, -0.5534393824464071, -0.052674312923790476, 0.10367187462621566, 0.40681341436158613, 0.04745598187591328, -2.0810797587440972, 0.04736065714763851, -0.7557565307641567, -0.2723943618797016, -0.67940350546797, -0.4388654419078167, 0.31348046010065034, 0.4538311715631012, 0.3474491637361418, -0.22918412917234468, -0.4918939008591456, -0.6817714567474249, 0.17053516654421944, -0.3857357387116198, -0.6847761889397057, 0.1531024005949311, -0.059823207037331315, -0.2329953627884942, 0.020687406624726172, -0.3771190700922236]
1398.3715955226141	(8, 12, 2)	[-0.25282932365426547, 0.40742546019295306, -0.1906510221059854, -0.10337509416009047, -0.19993182231048112, 0.5233198455847098, -0.31970945789731064, 0.532691055490937, -0.3285206531704289, 0.22642617464012832, 0.2578975589247742, -0.6901921283852932, 0.42522978032741093, 0.27890185979438153, 1.1349858925543872, 0.722238828940853, 0.3805687223488162, -0.16090890748519565, 0.09478755407223939, -0.05332107190952398, -0.022048630924779253, -0.8714698859650957, -0.7557054566924957, -0.3490527808603288, -0.11878456189572012, -0.08079826202463719, 0.5731721793970589, 0.1241112308597841, -0.10145939388294622, -0.5230598241150217, -0.4800578259565709, 0.2900635318091825, 0.10084956165615012, 0.558252239462948, 0.48870779109671986, -0.6562059250351728, 0.2914780734289185, 0.6771410992530623, 0.031712688407903866, 0.44824545190357556, -0.37600883663314205, -0.39304472297277165, 0.4267094688866362, -0.21808571257244777, -0.31835941350078806, 0.4339256857660225, -0.047907307916029825, -0.07369594279115217, 0.6181996704170067, 0.42106775342668623, 0.08404016068653851, 0.20291567982559391, -0.7001261239188803, -0.8200692558102459, -0.31510663223727475, -0.2830054554448648, -0.7537036245157791, 0.786357743563562, 0.026138845097091683, -0.24414575410854597, -0.17262598986362065, 0.14892426106834694, 0.6233602140390107, 0.5657223669617628, -0.07662790938116709, 0.3892103946115819, 0.5096354498182564, -0.13194466999423626, 0.4222289445690076, 0.8587671285217182, -0.2272332091628342, 0.43606536054054396, -0.09591553870861824, -0.18811220010184476, -0.10772095268235053, -0.6516446925189155, -0.14608578104016115, 0.03452032007614216, -0.09839747606790651, 0.23642529798575682, 0.10186180480960991, -0.7712305997068096, -0.6154257713677511, -0.3238440711774816, 0.06310562906253903, -0.48318614613192445, 0.5804354989844481, 0.008918927290017075, -0.45094672806085945, 0.7751309496996124, 0.5413348113115781, 0.5468585797777031, 0.5884795971858795, -0.6432800935195869, 0.008466935644771089, -0.5791792658976569, -0.05736496797677797, 0.2830590330548671, 0.4096095941494551, 0.04837960002270196, -2.0933533537537254, 0.06250903770198543, -0.7754661319000034, -0.13486713195568742, -0.6766887431625517, -0.3370721744610647, 0.3119190023001844, 0.45293335504363835, 0.3500710225062535, -0.21673036659759734, -0.47705503504166424, -0.3120383098149498, 0.165431214545035, -0.38443864018971347, -0.6893342488094257, 0.1555947205101543, -0.06411928646307573, -0.2456379453839902, 0.01176923746095981, -0.4124223429567256]
864.8356794594056	(8, 12, 2)	[-0.25281106152223776, 0.41658127410685786, -0.20116028291024546, -0.11911538719722214, -0.1948386048699762, 0.5242829112183413, -0.319628112592893, 0.5288403690367687, -0.32825654776805985, 0.2313892784996046, 0.25634803142977086, -0.6894088910926356, 0.4139454548701778, 0.2776947894770649, 1.1149009187423546, 0.7222844484583846, 0.37372534532502705, -0.16009242507258392, 0.09632854243559792, -0.05276444675378607, -0.0550389448991518, -0.8698604284481706, -0.8233603017889648, -0.3482405400980253, -0.15354225112556402, -0.07977737662265136, 0.5978045769392889, 0.12429609323797507, -0.08446210652535593, -0.5214061227319932, -0.48480341983830366, 0.28914137791394584, 0.12739826051163125, 0.5593122810677513, 0.4843351695353229, -0.6741610082909412, 0.2690643188825946, 0.6755851165928092, 0.02656015356592857, 0.4464312627800696, -0.3791137965781513, -0.3785901104556235, 0.42568108919096653, -0.21113237284789854, -0.32088384246522356, 0.4305942000273928, -0.04985715850149423, -0.11531150852058342, 0.5846963726766317, 0.4209128717161025, 0.07699222988346754, 0.20532917942015066, -0.700872198049401, -0.8085939291213031, -0.31959678216556525, -0.26340230617745114, -0.6422946036301683, 0.806916665067, -0.005047740378693579, -0.24678661047711578, -0.19510352583325427, -0.01822544941078819, 0.6341392727480497, 0.5658947181814551, -0.07676599233572937, 0.3928330150575696, 0.5082876657419084, -0.1309321090570701, 0.42524860694595656, 0.8612683591505262, -0.22750450595696936, 0.4357967051292992, -0.07551996315714324, -0.1805393563226806, -0.11102181905347507, -0.6182419424229004, -0.15266042697098442, 0.032072383702868704, -0.0989734515537296, 0.22852305412114693, 0.10993252021612479, -0.7665282432213589, -0.6158756952330509, -0.30602571329322736, 0.08250867034345039, -0.46973715296235524, 0.6108840240487888, 0.061805415685113795, -0.40929408736536893, 0.7730011962362866, 0.5413745924840339, 0.5172227250608175, 0.5520173715305356, -0.6347419541274525, 0.00740066398533346, -0.5796060240216004, -0.056572127877423065, 0.1374482695530657, 0.4093045488431228, 0.04703466076528632, -2.0961571787105724, 0.07709491153304002, -0.7523204371660104, -0.2543910678504697, -0.6772785821694873, -0.3846050694923821, 0.31257513259360886, 0.43633313684203956, 0.3506389722952085, -0.21689496526463237, -0.47482860545255146, -0.2955807249604076, 0.15427478438757547, -0.3611154619837293, -0.6869972000771774, 0.14993823642631068, -0.06461667013961883, -0.24576745859444554, -0.02314582505025181, -0.39895280014316603]
384.9109595848117	(8, 12, 2)	[-0.24428507274789873, 0.40709630126641994, -0.19822688144079512, -0.12779333967549586, -0.19944137932402778, 0.5234261006898723, -0.367114993974443, 0.5377395884801084, -0.3350809500216842, 0.22433253553094962, 0.2602331952688145, -0.7004605668351991, 0.4250732671502815, 0.26560035461532433, 1.1222354822758014, 0.7222388811232345, 0.3763303469713868, -0.16217296803354497, 0.09614960934358638, -0.07502912834726319, -0.08016751963336473, -0.8772443203877274, -0.8112972016006927, -0.34831558779097743, -0.13865188716103, -0.0673245594447005, 0.570724223911413, 0.1361676742586258, -0.10295734244522033, -0.49958072428278844, -0.47153837608171373, 0.28369644399300886, 0.08113998930668757, 0.557615457832074, 0.4953716509897765, -0.6521983711325897, 0.25860342160317484, 0.671034800025209, 0.03224478140728857, 0.4485874299552504, -0.3982715731422456, -0.40587330110249803, 0.4252410661883921, -0.21549640371437867, -0.32203549975246365, 0.4447686523472987, -0.02970836107054333, -0.2049189917403995, 0.6116131171206883, 0.3962566871624401, 0.07641468527594428, 0.2550881949978355, -0.6982809061540598, -0.82111556281429, -0.33007132958443614, -0.2819093424615025, -0.7730342843138015, 0.7839426752563661, 0.23886108376717569, -0.23902573311110098, -0.17699782328431646, 0.19397785940649062, 0.6462611902650207, 0.5347667323971002, -0.08178138011818403, 0.389913057948673, 0.5140977906697423, -0.14290769613649154, 0.4268661621302011, 0.8570421380717986, -0.2291735358833385, 0.44244444553455037, -0.21345764369196735, -0.197513515623639, -0.1054691575318816, -0.6448970672011973, -0.18223134983175576, 0.03608254736404424, -0.0974857611191471, 0.23114245139907355, 0.08800050162820719, -0.7695534672738121, -0.6120211194198063, -0.3084009270775914, 0.19334471793428043, -0.4659360564876161, 0.5609310789370301, 0.07442190654470135, -0.4330792020470158, 0.7788487342956839, 0.5431879114744796, 0.5381655192710866, 0.46485098365014915, -0.6307240109764374, 0.02700972732235806, -0.5765524129669501, -0.055876823264686515, 0.11908425768304984, 0.48084265567145945, 0.01488590173180037, -2.0843027241680026, 0.0917325682603034, -0.7618102220566778, -0.15789864461696457, -0.6785318468436129, -0.3436107861127999, 0.31197974694007286, 0.45645549118744394, 0.34828540451809803, -0.22146884315367024, -0.500189774027042, -0.2632247315430413, 0.16237892878153942, -0.3835206615032145, -0.6951282802393498, 0.1578156372251528, -0.06712220124915956, -0.25622930627806095, 0.013826419564948348, -0.40630440501831233]
891.9743587506678	(8, 12, 2)	[-0.24668237982273325, 0.4125632947521836, -0.19717346874740274, -0.1460091758294388, -0.20055334212747655, 0.5238500026797029, -0.31967758742238533, 0.5287699387617155, -0.3046343330511712, 0.216145792571628, 0.25369902173915876, -0.6890651255452004, 0.41980729405591893, 0.2773603854045861, 1.1209553408584556, 0.7221237242219511, 0.3808577998092655, -0.16110101594545953, 0.09004109243367153, -0.059443735299421464, -0.041985197530158246, -0.8696255995434949, -0.7947320244016476, -0.34644563342375245, -0.1505845403150608, -0.07507790155309792, 0.5916273530154829, 0.13478579894978482, -0.08960401418240005, -0.5218440531449996, -0.48147034006789136, 0.2903898001039422, 0.10856002131292201, 0.5564501316420397, 0.49971445309011914, -0.5442075229413165, 0.2696119308512666, 0.6483990512306214, 0.032757351090929795, 0.4367626926222579, -0.39213140696835946, -0.41202310654269625, 0.4243652523274773, -0.21644764504114494, -0.32002592204590413, 0.4367078635364701, -0.016577545105457416, -0.11662245828582729, 0.5837134009917108, 0.4211242858934829, 0.06736884572815692, 0.23598415222914151, -0.6966994220675601, -0.836138395949997, -0.30125050635147893, -0.2758755049231575, -0.664521167987058, 0.7725801577958037, 0.0064503297522931075, -0.24590183342883495, -0.2011731359931533, 0.11932447607040797, 0.635592504071371, 0.5568030406503942, -0.08028735706682025, 0.3887954923065165, 0.5083566410095506, -0.1315592269064981, 0.42575607108246377, 0.8602096230214828, -0.22580793899265728, 0.42166099859911194, -0.09855528903653948, -0.195447940684432, -0.11097740794915163, -0.6187342954018735, -0.14641789011512893, 0.035091844053930676, -0.0981472314748136, 0.23366518846127088, 0.10441875551106337, -0.7610907956581885, -0.6157810153339652, -0.32273644631650866, 0.0699358387862745, -0.46928504831472473, 0.4261349416524215, 0.051114425364377145, -0.4497324318275434, 0.7835047317958312, 0.5412806128723923, 0.5315838779416706, 0.5466597868851798, -0.633134228489235, 0.07043109420039448, -0.47986735982243445, -0.05549675818476588, 0.2779853717227041, 0.43077493436112246, 0.04878524497050809, -2.0787510497638815, 0.06030589980538258, -0.7694750489918953, -0.23267895802665264, -0.6769071988033261, -0.36515790007821963, 0.3125285835772436, 0.45806327628815063, 0.3489942064488617, -0.21936307642631744, -0.4931783837929733, -0.3029573580525597, 0.16737835603714915, -0.41009003760488455, -0.6709830864238765, 0.1516037491169473, -0.06337656822741557, -0.22633776554438878, 0.015192229541205842, -0.3966763312316617]
1010.6956934958536	(8, 12, 2)	[-0.25011431507916093, 0.41149697675338226, -0.2037793085035608, -0.16580062497097142, -0.2001049237742368, 0.5235412065837004, -0.31947783491192555, 0.5278274415186024, -0.25096784548086315, 0.22954641660378558, 0.25889071382275747, -0.6953296492277447, 0.41046251833416136, 0.19759489541104153, 1.1344082506641073, 0.7352000956760062, 0.3182537023883101, -0.16611802878616114, 0.09585098520484435, -0.07199030788957198, -0.052008788054292605, -0.8760685615899121, -0.7545254680125651, -0.3462176365538474, -0.15129553593508227, -0.07418764655878977, 0.5985045984597199, 0.14333005832279463, -0.09968740831096887, -0.5144558688348846, -0.47992826247315584, 0.29047419768524874, 0.13375537602195964, 0.561984223566219, 0.4862089225281665, -0.6468090378848911, 0.28931003290865087, 0.6750718575109264, 0.04994496107626258, 0.44434255788195054, -0.37869998337545585, -0.45530692541551276, 0.42541839746946697, -0.21139811085358012, -0.32459352501657673, 0.44063429989961134, -0.034932329713964844, -0.08723942714116412, 0.5845079462102614, 0.41626323847837743, 0.08285142192605445, 0.2225889294542159, -0.6903726918790575, -0.8305276116108343, -0.3824340848978971, -0.2650854262632421, -0.6892695336802883, 0.7981680869997924, 0.036950706431160274, -0.24997493094332804, -0.1968505022799597, 0.06198825708473554, 0.6375408451193794, 0.5665642201031211, -0.07566641500585218, 0.3833328528672063, 0.6089737979541762, -0.12775435609187755, 0.38863612977176515, 0.859552878459914, -0.23232512371906727, 0.43768004219010104, -0.19660962403755586, -0.1856773042611115, -0.094353830910607, -0.5922773570954818, -0.14624894824717058, 0.033346048268831356, -0.09321571951426817, 0.22977046273042356, 0.10688780090270182, -0.7722746127028212, -0.609516849275758, -0.31849862500512255, 0.12758577399828483, -0.4507085161440154, 0.5849893951680291, 0.07415327763765303, -0.436041619435471, 0.775823924825631, 0.545112080888095, 0.5276496228286419, 0.537960168089356, -0.644080525461111, 0.06735472794819788, -0.578435748669889, -0.058687816548407816, 0.17986202866412848, 0.4045621883971072, 0.046301868759371305, -2.0851834662860185, 0.06538349090244473, -0.7309387753473852, -0.2510003073073496, -0.6778101103308327, -0.3984157081767659, 0.31252968548582966, 0.4369651668095927, 0.35138191527842505, -0.21896324810490145, -0.45496033302361827, -0.3382965900356991, 0.15816469159219573, -0.3738676496137676, -0.6860205685330546, 0.15308386850675992, -0.06481494461906248, -0.24320139262086032, 0.027237371337939426, -0.38205296450712983]
1545.9430117825157	(8, 12, 2)	[-0.24300325820751584, 0.41583536520225867, -0.20141699133557686, -0.13017056211292238, -0.19399505922805174, 0.523302392608643, -0.34627360469169427, 0.5295448619602223, -0.28700238595964017, 0.22412518921707233, 0.2233895551852004, -0.7063645590138214, 0.40958880644132095, 0.21111729834732987, 1.1305755208941173, 0.7218762660941284, 0.37971788304342274, -0.1675257467113021, 0.09341499473365304, -0.05432949252304699, -0.08400130792310413, -0.8765592983026492, -0.8404039500573314, -0.3484665890496578, -0.12432560167731493, -0.0681837820508906, 0.569489332099585, 0.14229985969858389, -0.10311447504445886, -0.5107509918528551, -0.4713868940069827, 0.28929408350783936, 0.07841222373795767, 0.557506299028992, 0.49112194547740845, -0.6546269849934849, 0.26042786846696375, 0.6712244183836432, 0.03183025505610968, 0.45029616736625605, -0.3500087217271427, -0.393845328959075, 0.4243042503706349, -0.14027815197171373, -0.3217364603421935, 0.4430836052271423, -0.03573103234636536, -0.10100056814718296, 0.5833535601900058, 0.4182261348232065, 0.07770545644931007, 0.24491770451756828, -0.6992453480998467, -0.8128880288173104, -0.3705761824951093, -0.2769554822693093, -0.7621891833960313, 0.7828616068185074, 0.2500801328344458, -0.239895050165679, -0.1963722219787119, 0.18515745662736816, 0.644234585863438, 0.5723635726786946, -0.08143062924880129, 0.4053771704374722, 0.49981956699369273, -0.14963144006246396, 0.4293190189808511, 0.8560807392574837, -0.2277389723872516, 0.4411253275716121, -0.20127945073915743, -0.19707089248572587, -0.1004633876863027, -0.6337975006956891, -0.17954987867911054, 0.03480402471324247, -0.0979725468863281, 0.2151308690519951, 0.10036197135573954, -0.7723264188322829, -0.6125970080294647, -0.38941905959398715, 0.15043906815656408, -0.4619846685339635, 0.5596674033312136, 0.0652683902329502, -0.43058873048483715, 0.7830687005111402, 0.541560095275873, 0.5631270425397519, 0.4843967598279528, -0.6316447247745032, 0.04713698781515076, -0.6103753916075946, -0.05527016804530509, 0.15283072705022863, 0.4351409346873975, 0.08446658141103242, -2.088216685601357, 0.07467885126564792, -0.7601994105865904, -0.2047454467571192, -0.6514728817890456, -0.3979798323204973, 0.3249918936202975, 0.45396473524040604, 0.34974346920084975, -0.22329343820387046, -0.5079506380680833, -0.3765730733650042, 0.15960265228508422, -0.38523651687437904, -0.6895168594332219, 0.15579091229947817, -0.0672289771018535, -0.2567539389043997, 0.008949722018900012, -0.39320724745226326]
877.5512527157248	(8, 12, 2)	[-0.24136960465529742, 0.4074439028566581, -0.20353268803872998, -0.17332295818075422, -0.19818544628274215, 0.5242747537888486, -0.31904635756161814, 0.5275881889433136, -0.3206921615357679, 0.22633370727217378, 0.2555215829142059, -0.6937946122261031, 0.39121865703099545, 0.1720079573046099, 1.129515060944457, 0.7344302210278773, 0.3675827620417643, -0.653796970610802, 0.09574638697701322, -0.07361223523666469, -0.07024120367836595, -0.8782818478655755, -0.8231551507307455, -0.34813077967078415, -0.14567462635349437, -0.05312321096723691, 0.5898706620887102, 0.11364119033315177, -0.12359989227412926, -0.5103561620461398, -0.48107462774522697, 0.2903530913459572, 0.10454233278394416, 0.5596060035385363, 0.4941092142820104, -0.5839768956477931, 0.28305595785919335, 0.6958447842732497, 0.04240333899560343, 0.43613780192430035, -0.3676717536628463, -0.4481147946086558, 0.42481713984205116, -0.20852132506577267, -0.32125238757005525, 0.4294112907470927, -0.03415278289666897, -0.19735965391891155, 0.5879927855830632, 0.4096016692520591, 0.09440254338575038, 0.2290949278719427, -0.6902968118013678, -0.8318815210063593, -0.39765040772161087, -0.2580507933108349, -0.6734699738766339, 0.7911428497587546, 0.14047836028417612, -0.2500751249367422, -0.18305864832027924, 0.08766996241722798, 0.6393553220903625, 0.5646606951825844, -0.07588199159532616, 0.38205954042425, 0.6196259804860187, -0.13553075622864505, 0.427069387193779, 0.8225212846076134, -0.24099572636304167, 0.43406776872197816, -0.2317272497970811, -0.18685062804658686, -0.10279993017048944, -0.5789942427905267, -0.14543318696780036, 0.03285762594382725, -0.10080246857203203, 0.2551779175581525, 0.10624888274476342, -0.7645692732676589, -0.6175413649281016, -0.3318815307962221, 0.10660653409725016, -0.46354363489562883, 0.5827993477860902, 0.09690015141902616, -0.4407599428591897, 0.7770598499323049, 0.5366490168386006, 0.5354419059213952, 0.5513900285782318, -0.6285743639597914, 0.061472684699665436, -0.5755626045336623, -0.05513954129105749, 0.17987537540679172, 0.43308998447476976, 0.046926641456576115, -2.091751429446258, 0.07275413247553825, -0.7494717243843448, -0.2395137254515417, -0.6803581763480007, -0.36083912777896116, 0.31314728025672106, 0.4501311154604432, 0.3489743802416812, -0.223247564008859, -0.4714643726648699, -0.5749464930618001, 0.15028541959396122, -0.36995011443207315, -0.6969129820138027, 0.15304020985386663, -0.06212867920159484, -0.2915869179765477, 0.027450288027593035, -0.38680606719906935]
1110.5770313241999	(8, 12, 2)	[-0.24858188685301458, 0.41041471229505067, -0.2029071611405572, -0.14783944785393957, -0.19832389770263675, 0.5239056147028895, -0.32765537151170737, 0.5278723231540982, -0.26621350690454304, 0.2263669894316043, 0.2605463421313573, -0.6984160372678856, 0.39777575087069567, 0.21101900993306755, 1.136729508974869, 0.7195012074694702, 0.36461280958187026, -0.1645910441247724, 0.09460646061958253, -0.06860270022288582, -0.050282437559559405, -0.8760422811565347, -0.8147657766843251, -0.3458649027258006, -0.1460217188273102, -0.07138258892507277, 0.599965001356666, 0.138019642498516, -0.12422921731485218, -0.50946198636096, -0.4807474756538417, 0.28396024895115907, 0.08067036745761547, 0.5636746204045779, 0.49150374122439966, -0.5924548487542823, 0.29111956682471646, 0.6613456638802434, 0.03684158448753863, 0.4410694148400876, -0.3941142538747035, -0.4432850648362174, 0.4250359526951076, -0.13320726980501751, -0.3195380676085998, 0.440446493084442, 0.027826195311458128, -0.08498424580860343, 0.582803277005179, 0.41579605528708186, 0.08480306924867019, 0.2585908239766364, -0.6962646033469927, -0.8023117288930472, -0.38431526754092193, -0.2632793027495515, -0.6607740134845331, 0.7758245650555737, 0.06469013564222192, -0.24137820331863374, -0.2041537268201483, 0.09942556738024044, 0.6370125225292212, 0.5653777445865986, -0.08576300393722447, 0.38984566045176405, 0.552854273192042, -0.13469234285310308, 0.4250054739902349, 0.8593349244260866, -0.23043909135621998, 0.43101298747661987, -0.2091144906146017, -0.18645889450743044, -0.11466883906571171, -0.5901617903363008, -0.14443398329326163, 0.0335218431461603, -0.09965719007388701, 0.23330165581703488, 0.10579778463306105, -0.7689846183439919, -0.6071130854974287, -0.3253249302638901, 0.11579870683522818, -0.45782444794420696, 0.5594596133014434, 0.0652973137575199, -0.4489101796941745, 0.7802753982718157, 0.5413606014803249, 0.5261354878209545, 0.5505811386887717, -0.6450355263370087, 0.048380753746623345, -0.5569617279360252, -0.054827764542297944, 0.2114021837919312, 0.43163033178536214, 0.08011020011974684, -2.0892492215633394, 0.06618931494825979, -0.7396015417078213, -0.23544673778326605, -0.6776814210706805, -0.41582534593387727, 0.3125229744392914, 0.43957472256438523, 0.3495714225373578, -0.22109914154451563, -0.47995910064503405, -0.4664899837662174, 0.163661613925063, -0.3904194634778436, -0.6714872309262071, 0.15281263711816337, -0.06798594138700902, -0.24418358437402618, 0.021277900762093193, -0.3744226494153132]
1214.2921898923357	(8, 12, 2)	[-0.2465010736781072, 0.41068180094653245, -0.20041455673120012, -0.15702869838730502, -0.19806263256844978, 0.523495973686537, -0.33327926009310804, 0.5300850748884461, -0.27525540318746156, 0.2314822668859335, 0.22911398902807376, -0.6956208134555845, 0.4095560541852832, 0.21205516319334797, 1.1298090877290645, 0.7187311682888878, 0.3837968391668774, -0.16417743992862993, 0.09707027088522702, 0.019595471543895356, -0.09040411855361874, -0.8736305359504669, -0.8196989794186877, -0.3456290721823105, -0.14715723233167122, -0.14550720418632995, 0.6003223429936406, 0.12661691634534913, -0.11040791413948085, -0.5096084703774068, -0.47996018399770085, 0.28833244894102833, 0.08000004741290746, 0.5640571173478125, 0.4915039184887492, -0.5877293122766306, 0.27305346479369497, 0.6858476325162233, 0.036501452021701644, 0.4400063837473503, -0.39225825650898466, -0.4378439114547981, 0.4240412498020445, -0.1371174953323643, -0.32033486926356297, 0.44104427348297925, -0.049348448141892695, -0.08750833138864356, 0.5775438159433333, 0.4140002227997771, 0.08402562026152083, 0.23825269311652428, -0.6966918059208698, -0.8015587645981808, -0.38230430099518814, -0.26538421110947147, -0.7812081427761032, 0.7672952980626273, 0.07001402204409908, -0.23821863020082795, -0.20342513107193502, 0.11220732823251997, 0.6483822530292012, 0.5692248591651513, -0.07614237745303208, 0.3935503153741687, 0.4926619888758317, -0.13751292904292828, 0.4267410775591726, 0.8471478938563999, -0.23293222806925443, 0.434653257265408, -0.22474781292530194, -0.1870315476305264, -0.10031244087934868, -0.5907932387504102, -0.14257961114295215, 0.03403305081397804, -0.09879554579907994, 0.23275877682349405, 0.10585378757885783, -0.7690203677900501, -0.6057738313927551, -0.3175664399350424, 0.11253175615624976, -0.46046488217363385, 0.5685094447003, 0.06652884045902176, -0.43913660404801685, 0.7802865771333598, 0.5413453620186094, 0.5591998133289915, 0.543921203268954, -0.6450408574887967, 0.05065702733593782, -0.612634767536952, -0.05485977203713202, 0.20757716316021418, 0.4280930376804816, 0.08070451165526406, -2.0891714804352235, 0.19406205884953032, -0.8777725766769996, -0.23374235333792356, -0.6725451318500393, -0.39981448541743203, 0.3523051524852954, 0.4497187863736953, 0.3492238372130759, -0.22209823482351926, -0.49705722242167766, -0.36908386943586147, 0.164481386780148, -0.3922270602509023, -0.6849244507767452, 0.149552178180003, -0.12651556916265072, -0.2557888369954368, 0.02179454964802597, -0.37920349607222503]
1268.1124038293897	(8, 12, 2)	[-0.24615643034567755, 0.410709700341112, -0.20168366155625284, -0.14951882096984087, -0.19845346720872914, 0.523642081853563, -0.3311001674553341, 0.5316859637915513, -0.2982769733252348, 0.22710062126820568, 0.2425717128523969, -0.6961965612351698, 0.4040769601892364, 0.21890595132504215, 1.130040970230448, 0.7226762106052309, 0.3670671392411267, -0.1685705484290187, 0.08963295575508631, -0.059969339741657114, -0.053689847402202645, -0.8813178165757609, -0.8252434828479959, -0.3478316215750126, -0.14649870754246266, -0.06954675663121261, 0.5815210803808898, 0.13637343645517722, -0.09994151775485953, -0.5122415181815996, -0.48031466435624887, 0.28896036719793206, 0.07674551697151077, 0.5612140886913142, 0.49147549624593484, -0.629762847034062, 0.2719794888703444, 0.662550577056555, 0.04072604218931763, 0.4385249002789171, -0.3362536534874959, -0.44059810108659686, 0.42482659030357856, -0.08750177791862432, -0.3212502749710979, 0.4413437832592235, -0.03054641939524536, -0.15871429658494052, 0.5927625120854271, 0.422745410602959, 0.08161265248098865, 0.2526299079867419, -0.6965982972855499, -0.7715618757231295, -0.3694997490590948, -0.27964987235281497, -0.7259744820124572, 0.7735251779786273, 0.10192119958575943, -0.2451655533588046, -0.18575975340220538, 0.11032318255990282, 0.6372790829296375, 0.5526829962390312, -0.1837197858030752, 0.4044982270425129, 0.5281635674204282, -0.14651920481163355, 0.42312080283387943, 0.8530091253832118, -0.22959695203795058, 0.4368844218069197, -0.21926225241848646, -0.1851160687569432, -0.11199919874615777, -0.6077182714015736, -0.14589660095934695, 0.03571481175566885, -0.09892132633582078, 0.23429431589017877, 0.10613480638290611, -0.7692019504650641, -0.6108759298711534, -0.34587560162136766, 0.0840686397973166, -0.46500753480260015, 0.5479136727335493, 0.085803198491961, -0.44453967419005863, 0.7787067911834549, 0.5431188508421507, 0.5352401128516268, 0.542086200105179, -0.6376737860044248, 0.04816507649949167, -0.5768128505590739, -0.05870625818772184, 0.18562476252855545, 0.43163006121312947, 0.04808463675540257, -2.084637273599672, -0.06484454084714206, -0.7547547605570963, -0.2501837378833022, -0.6638997327849814, -0.4107370611388945, 0.05359925294489215, 0.4434613514074007, 0.35010509300140963, -0.22114927570062695, -0.48817174010847925, -0.37608490726560545, 0.16925837975818714, -0.37994822359062064, -0.6707117861862046, 0.15362468369984675, -0.0037720424837999755, -0.25564898954887005, 0.013039862489046868, -0.38005933800079617]
738.8069999437511	(8, 12, 2)	[-0.24548254493849705, 0.4106786810718527, -0.20016376033969768, -0.179670447897834, -0.1967240218022937, 0.5252122061392298, -0.32420173121501517, 0.5306277863719819, -0.2922911077974789, 0.22885976556240914, 0.24409972982666273, -0.6939887241242697, 0.41165442697029375, 0.1922525372834476, 1.134021219078234, 0.7208521660852484, 0.3723308052307001, -0.2625610668431554, 0.09461504414591608, -0.06253144576083587, -0.0650266722126197, -0.8289949995457949, -0.826397533439529, -0.34426658201100935, -0.15394477439872845, -0.07121166493591921, 0.5923592514781191, 0.1280852288978084, -0.09995344312606423, -0.5124992891881393, -0.48089580656567776, 0.2893489894008761, 0.10718989390160309, 0.5628685005857675, 0.49286620592411645, -0.633012203898539, 0.26916197131596004, 0.6722969359752682, 0.03715895545240587, 0.4397514749886499, -0.3838282249938288, -0.4387062594617599, 0.42318463386259547, -0.1851741667345691, -0.3226937592918194, 0.44311262650142125, -0.03645850484169869, -0.16127234052500333, 0.5922856394066045, 0.4114568922972661, 0.07870970464928038, 0.2406861840503794, -0.6933633249421461, -0.773974367673872, -0.3656917570888857, -0.2774515707781755, -0.7861578965253438, 0.7906087307482925, 0.08636477293906608, -0.24869321156886684, -0.1914755463105542, 0.14747451883063273, 0.6380134120768628, 0.5560060064296236, -0.17742402448082095, 0.3836837462539901, 0.5074942925669188, -0.14986439537087212, 0.4067618093074279, 0.8440022685834149, -0.22899622765973487, 0.43694990722210036, -0.17998052983043503, -0.1952472560640728, -0.10792878847389988, -0.6117503470799363, -0.11227073105386302, 0.03298883435960019, -0.09904874450090144, 0.22963741556415193, 0.1075853534202724, -0.7666511122944454, -0.6115651039868724, -0.33935079990515865, 0.06828083358954307, -0.4660413442714755, 0.5476661523516471, 0.09573989876178467, -0.4361108216354561, 0.778726792950028, 0.5415176987383428, 0.5357816729059314, 0.5198451416395004, -0.6341208228438463, 0.06819341439999337, -0.5860932962308785, -0.05612768990770948, 0.17254539352555143, 0.4169880514578609, 0.04830409955944614, -2.085943367241108, 0.06884365961670703, -0.7400640851574839, -0.2264136735700533, -0.6820302211447734, -0.33624411731467996, 0.31309148112400065, 0.4539554675071051, 0.34906196701276476, -0.22067051860211578, -0.477133422859618, -0.2980022279715848, 0.15699236423738078, -0.3804694860149523, -0.7250782494525254, 0.15430802969762367, -0.06395809196931398, -0.25467794317711884, 0.015152048659054342, -0.39040024747542373]
993.7513990319073	(8, 12, 2)	[-0.24488630840966896, 0.41016713843966535, -0.20157712137715567, -0.14768904932672505, -0.19812012141758178, 0.5242334529204914, -0.3286129280758808, 0.5263122003635895, -0.3111713327261268, 0.2262981283881814, 0.25497901996173766, -0.690857582040628, 0.403207380352003, 0.15445425184482878, 1.1306276400035429, 0.7229108729661753, 0.36782711179455596, -0.14499444515459933, 0.0923226341591009, -0.06941886030958007, -0.05584509307572152, -0.8767255649888337, -0.8150718495424721, -0.34689425359803955, -0.1449272995244302, -0.053276161259165365, 0.5916574979771673, 0.14090239250421271, -0.10674815866711672, -0.5135295377560737, -0.48033513618837004, 0.2877762062680175, 0.15838748868538768, 0.5612122078020599, 0.4915082270892281, -0.6112530760371542, 0.27918274045205926, 0.6711983604845144, 0.035127923994974504, 0.41008712800281755, -0.3818700075827329, -0.4255033626445432, 0.41477101958693635, -0.06733571089440418, -0.307023599150714, 0.4407866956746844, -0.025778002756929007, -0.12868917097972365, 0.5862856576928158, 0.40842860479597315, 0.08482490274392165, 0.24332962801810143, -0.6954634702462383, -0.8011455406008983, -0.35460017293045526, -0.28245768511748354, -0.7341033848874411, 0.8026043950164308, 0.11235982046098462, -0.23779881147013252, -0.20340808449640518, 0.11059807020094878, 0.637518286694741, 0.6094585164894224, -0.03620937728494998, 0.3936023236346107, 0.5799509148876527, -0.14233141386305667, 0.4226879862707615, 0.8483087156876745, -0.23049248105459486, 0.4333309354524092, -0.16425320246586478, -0.18535481173536525, -0.10789297393511488, -0.5829454694351341, -0.15469128091212528, 0.0321456704794384, -0.09879218693839882, 0.22986780237544427, 0.10634285550483756, -0.7663918539886833, -0.6144744270611535, -0.3290936227093565, 0.11346326210056545, -0.4971504950238826, 0.5794957017765888, 0.07675209452087287, -0.43812718564579267, 0.7779777206355338, 0.5404273760806088, 0.5373390921012076, 0.5303209358021956, -0.6390861400035021, 0.06325740700201699, -0.5987848582034091, -0.06324690726029598, 0.23868790875962492, 0.42905870596127793, 0.0740312501582398, -2.085984548032278, -0.08810964390941366, -0.7417513894365717, -0.2406406014445687, -0.6631337435472102, -0.3963428375736056, 0.048411178486347795, 0.44386507849629914, 0.34946722336955865, -0.22880869529329143, -0.47953958083553816, -0.24073106581016107, 0.17238099885957137, -0.3855511452803557, -0.6710266425220878, 0.15289888610396876, -0.06972043594358666, -0.2568110837726032, 0.015141917605160218, -0.38331371364624506]
1483.749356873128	(8, 12, 2)	[-0.2128134698627151, 0.41015255785751287, -0.20466123550864637, -0.14784763771019416, -0.19754420113744722, 0.5238295721764166, -0.32829803002010255, 0.5257673977238433, -0.3137223766525815, 0.22634680019603629, 0.25745756817830706, -0.6826756428344486, 0.4031035232975791, 0.20517606133956753, 1.1306560282994826, 0.7283112990742092, 0.37083188732755, -0.09252983938143833, 0.09562965595854304, -0.05583298510977795, -0.05790910682965894, -0.8728163822754064, -0.8145837881498302, -0.3468524885511828, -0.145383900230375, -0.03563724725341891, 0.5769980018994599, 0.14295728483992676, -0.09936303276927774, -0.519225302105086, -0.4811889770517165, 0.2823281739134344, 0.13984971554572231, 0.5608344912651815, 0.4914740824693342, -0.5861220327964242, 0.27910068321812104, 0.6739776812883216, 0.09690078267843945, 0.4611809558452325, -0.3816258233870545, -0.42616468758354, 0.433016173127427, -0.17574961125554797, -0.2929808067411936, 0.42232203282909014, -0.04146225483375003, -0.11567437400594544, 0.5860994362308193, 0.42072362834629146, 0.07406962584447932, 0.22690440938752524, -0.69461964528945, -0.8472732199519009, -0.3605851780125015, -0.2854895772398939, -0.7283485960657261, 0.8026534020521507, 0.11795060428238474, -0.23812625675131968, -0.1965158591994333, -0.21204310605860063, 0.6358737111239604, 0.5888712209573189, -0.0329961401396186, 0.39092227053334866, 0.5728038124140608, -0.13572773119548162, 0.4272095842189035, 0.8512660902950072, -0.2289760160749299, 0.4344305098880859, -0.19366743299360084, -0.17714276163493983, -0.10788517078328587, -0.5957678847343251, -0.15455390320489285, 0.032554407491786154, -0.09872480703891444, 0.22937278540148906, 0.1093418479684395, -0.7704507893797442, -0.6157604354337618, -0.3251837807714117, 0.13227103587630554, -0.48876821447816776, 0.5725105631022264, 0.07963005316539407, -0.438586040519391, 0.7774339762647364, 0.5410663669790963, 0.5315818553183723, 0.5195729340474005, -0.6411080481938493, 0.060400213559167214, -0.6008884211097973, -0.05813068036649932, 0.19495303835789737, 0.4215884551427237, 0.0796799670453627, -2.0870290817614805, 0.1598975926158489, -0.7417636178838117, -0.23383124862376953, -0.6727279077211462, -0.3951751299805316, 0.10319614157209354, 0.4472956657147125, 0.3484552071618967, -0.22451824313988752, -0.4786360006376326, -0.3530633910918264, 0.1628229833872231, -0.4048007819496319, -0.6869415439027196, 0.15280953180163584, -0.0970175594800103, -0.25130407445593633, 0.013336490708671607, -0.38178762113266185]
1162.3109973622184	(8, 12, 2)	[-0.2457038792329089, 0.41188670377544095, -0.19941203878731203, -0.154943340964772, -0.19727006613211717, 0.5237713103362172, -0.32765730622816414, 0.5304861982634796, -0.29203434579224463, 0.22206877106422396, 0.2416661400003668, -0.6936391071606787, 0.40501190296497463, 0.20968594131792886, 1.1284314941806108, 0.7204179051347492, 0.3665676050351054, -0.13683552255019293, 0.09235637624783677, -0.0642142517874661, -0.0661963585939024, -0.8750776917946849, -0.8119617136595246, -0.34606104059251636, -0.13331683417672224, -0.061183980993885646, 0.5779203127504311, 0.13579238889522935, -0.1215347897122028, -0.5156941264429941, -0.4813437612171076, 0.2971730845238138, 0.17376185494433344, 0.5622917643251821, 0.4915044932782697, -0.5871274834972446, 0.26543184076477533, 0.6670029192014283, 0.036490639075549794, 0.42492277086673835, -0.3671648142953865, -0.41714327077460844, 0.4225986058846563, -0.06544514217799671, -0.7302401480278748, 0.441665601431209, -0.002732894867959787, -0.09414328447704348, 0.582910612920048, 0.42315620994399233, 0.07891539402701316, 0.2436874396249155, -0.7000336550257483, -0.8665993884356417, -0.3457689964867243, -0.26587586477645087, -0.7288914233424849, 0.7798318609300743, 0.10137901080287179, -0.2467459448511088, -0.1941321898197705, 0.11877723764229699, 0.6349807997125293, 0.5877939571634252, -0.10277131060654414, 0.3880483325489076, 0.5338816222356025, -0.14199400292126765, 0.4193433386765949, 0.8513450651993271, -0.2212589942066252, 0.4356066864453592, -0.18338526910205047, -0.1931141569125035, -0.1062950183537573, -0.6000831975437043, -0.3743869132675901, 0.03299384866651355, -0.09703972456784135, 0.23012222008271555, 0.1039813817728127, -0.767039438198057, -0.6121133060446626, -0.3208007840683912, 0.1323740913640704, -0.46613891576875793, 0.5859493177772618, 0.0760639523815516, -0.4422661777720881, 0.7814822797875879, 0.5420735192682556, 0.5442713424433997, 0.558591700070092, -0.6370205462757464, 0.054118618967594304, -0.5348432087442925, -0.029433499899266954, 0.19556649265745826, 0.3951243759930714, 0.03862069148817083, -2.0835207843531323, -0.010598898763566317, -0.7484693953995801, -0.23929158321584246, -0.6578368356577055, -0.4123389813710241, 0.3229201204129982, 0.4474538412202534, 0.3497732653951774, -0.22347681954332202, -0.46989327843352047, -0.3697071822014363, 0.16506624956578098, -0.3947583907655746, -0.6844448483608535, 0.15504649643877474, -0.07389973748946765, -0.2552729344663692, -0.026376620795840123, -0.3888054261148486]
798.69277664162	(8, 12, 2)	[-0.2278779490929675, 0.4069959571834534, -0.200979114506616, -0.16600235091917653, -0.20045400074122302, 0.523516514536377, -0.3282257779782254, 0.5306426258901784, -0.29692498458992084, 0.2279298647750062, 0.15666155417126815, -0.6817960205774235, 0.40147274349018974, 0.21407926042444225, 1.1315446632760795, 0.7233894192839028, 0.36786581020523185, -0.23491862734752067, 0.09790159592800597, -0.058896699409743535, -0.061025565364333574, -0.761501209525606, -0.8255234362571298, -0.34495316641825885, -0.14993245832871666, -0.05011753726940364, 0.5962145819689029, 0.13364433447206792, -0.4312233573315529, -0.5522444007373519, -0.5043737928690757, 0.2825973043313244, 0.07787770554746264, 0.5644379407965189, 0.49303613322759304, -0.6310978414429415, 0.2822177443019948, 0.6720390736457216, 0.07840739990517781, 0.4392473893154404, -0.3756837883912656, -0.4455470790044424, 0.42533178561928914, -0.20032852799902298, -0.30371529527089025, 0.4358691195518189, -0.04191118800508604, -0.13544964329124565, 0.5894925488521684, 0.41594300253404165, 0.04892316922865381, 0.22220980333357307, -0.6897350770558339, -0.7680916321429714, -0.36519663418853826, -0.27185689860060563, -0.7577747899259338, 0.782347578192614, 0.09213225837234387, -0.24352739567587092, -0.20540950416728682, -0.004910538211242432, 0.591096233694014, 0.5955784328573325, -0.16791145123451212, 0.3971360923732816, 0.5412025970875867, -0.136748418706162, 0.428811913980681, 0.8500253783866325, -0.23135697841510777, 0.43625763227796516, -0.2033812705516656, -0.1816951195644876, -0.10934071922160431, -0.5781494002327783, -0.1588818095488607, 0.03340122865561807, -0.09831000932549952, 0.23605046216875322, 0.10668548773280953, -0.7669856198665246, -0.6073158028425408, -0.32443073830967617, 0.1374141293226636, -0.4620661791317816, 0.5559054664859298, 0.07747094311794606, -0.33213841391482046, 0.7795486054464574, 0.5416142185145134, 0.5360256933320547, 0.5312343885829891, -0.6320218450266918, 0.07066687678455347, -0.5917220432946841, -0.05583683323634536, 0.193358022101693, 0.42062031534325633, 0.07294108586307124, -2.090499040926217, 0.09729108386898717, -0.7662426083777326, -0.21784726535093255, -0.6765123150860443, -0.35987478563037617, 0.3086531949043606, 0.4454214328543749, 0.3496440930958036, -0.22580815683995592, -0.47671471292556467, -0.430990420848824, 0.16218962220293268, -0.3821866904799898, -0.6876297347801379, 0.15245453701968925, -0.09424856766257615, -0.26146949090871263, 0.0758924548154173, -0.389845520590711]
869.556667151252	(8, 12, 2)	[-0.2377408472685359, 0.41052957241534144, -0.20514896471117783, -0.15085844951680877, -0.2096205212662233, 0.5247734968578474, -0.33279440404007266, 0.528515763942389, -0.29711180472967486, 0.22765898218601816, 0.2539412328206822, -0.6901740301763268, 0.40708152133001896, 0.19047196944691341, 1.1298275388386998, 0.7222602756221077, 0.3786853392058811, -0.22607936475736734, 0.09394507486645555, -0.06923275709075481, -0.08568464174173611, -0.8751373867976103, -0.8186099296068204, -0.3470334744261073, -0.15564833496781533, -0.12822506828509964, 0.5872034979581698, 0.13198002492354455, -0.10152776735632041, -0.5134334472423386, -0.48117939013421873, 0.17557571513747205, 0.11205968730703889, 0.5721085483064968, 0.4918239829661938, -0.5902017989849361, 0.276950791958947, 0.6734987769120948, 0.06574031883168875, 0.4866139156664433, -0.3964852781437968, -0.4254165399547081, 0.37617627387383623, -0.061971223847087406, -0.3251049962329683, 0.43155825622925187, -0.011716263545034066, -0.11888791353769192, 0.5851983694915079, 0.44523102113819163, 0.08487987715001157, 0.22870021531643306, -0.6929412520206563, -0.8166684835766913, -0.3598182824482871, -0.28656400032982354, -0.73964196135374, 0.7714206698884314, 0.11280085673959112, -0.23903032961858595, -0.1992946123703649, 0.07427989101960886, -0.11518416698873735, 0.5671394235181593, -0.032537509665912505, 0.3897427482850011, 0.5774811318706063, -0.1391791793038902, 0.46975737198981987, 0.8490827386690473, -0.23026680670273494, 0.4342778672912417, -0.1866321626288743, -0.1897444911243258, -0.1074257603694718, -0.5842345907822534, -0.15212184261719583, 0.033197416442125996, -0.09783919219306635, 0.23076843623367022, 0.10740557727118348, -0.7708473398398699, -0.6076287676078836, -0.3342742848697229, 0.12470194956601706, -0.4739629562149664, 0.5717592314577278, 0.07537140278757287, -0.4391652996088777, 0.7800800577921176, 0.5428016295241918, 0.5354444455028482, 0.5022801972811043, -0.634312571274752, 0.06053205711998244, -0.5962888708614903, -0.06852711256149627, 0.2269515203223675, 0.4268760863437555, 0.0509637036557326, -2.0833080859405104, 0.21548453972452786, -0.8663263736126336, -0.23071965135985892, -0.6772135796194874, -0.3833938269358889, 0.11447394142460296, 0.45028222036461785, 0.3489093129387114, -0.22294709495724832, -0.47843526171950235, -0.29466583980218425, 0.16604806512196504, -0.3932113953434636, -0.6775727535577105, 0.15446954964592793, -0.0693336651282194, -0.2840535472517017, 0.015879256548864937, -0.5424045497211412]
1095.601273676698	(8, 12, 2)	[-0.2460574569282328, 0.4114695688515469, -0.2000993867105532, -0.17151879970284248, -0.19986623055881023, 0.5252477911215978, -0.32429395684168627, 0.5302448661877563, -0.3001238262655666, 0.2232424935513045, 0.2486262153389312, -0.6953541732485289, 0.4050463706114432, 0.20286280799845466, 1.188491046208442, 0.7210226182524182, 0.3655512903945097, -0.22870840817344174, 0.0966336877997219, -0.06454132289714304, -0.058040719110536966, -0.8381167900382241, -0.8236908752364114, -0.3457634353204637, -0.15182381584175314, -0.08641703953095656, 0.5875885378092589, 0.10975447592739979, -0.11745708276360403, -0.5160925676815347, -0.4788019581858345, 0.2880296121385712, 0.22864098155066653, 0.5713811647529915, 0.49195030605305484, -0.6242135666193401, 0.2892814474911434, 0.6563141114331115, 0.03714963397424131, 0.4417826836307421, -0.40387384113986347, -0.44604606626052423, 0.4222924500180655, -0.10221586639097152, -0.28486458915313734, 0.4416388302477609, -0.051835069045707824, -0.14494692093846234, 0.5832064533080569, 0.4136848161541379, 0.08105337314672552, 0.236800327163735, -0.6917263558502865, -0.8034347673712963, -0.3752307522179813, -0.2611413721853115, -0.715930385418063, 0.781928488727458, 0.16235453235948458, -0.24888497800106318, -0.19221935423518174, 0.06193047285618614, 0.6362360871042575, 0.6084640407375959, -0.11267322681575254, 0.394282095693035, 0.49283124707642767, -0.14511545920519633, 0.40882221854983614, 0.8508962709243663, -0.22956227975068713, 0.43976003201353514, -0.19836888222569032, -0.18408065074099483, -0.10775665155845905, -0.6009871021601878, -0.13848525562465552, 0.0329029189447599, -0.09509235990879861, 0.22872078685302993, 0.10725370138211386, -0.7670333479478809, -0.6099340544427069, -0.3188767458722892, 0.09012605014613861, -0.46450563149075075, 0.567181727787544, 0.07405670449020464, -0.4133286496491124, 0.7827217693340743, 0.5417619912926845, 0.5362593720621488, 0.536516589421147, -0.6326561400087353, 0.05084915658058106, -0.5736605994505655, -0.059332687771355266, 0.19549349631815133, 0.48432409011429806, 0.06557780050290364, -2.0856344755947087, 0.09670603466795845, -0.7409132783029889, -0.3134320634243612, -0.6672942111972818, -0.3742171427716351, 0.3150381265522409, 0.4479701989637088, 0.3490055194920626, -0.22129347003873506, -0.4711765934264974, -0.3482447092826766, 0.1572991220204049, -0.38541875581381535, -0.7272349026486777, 0.15812855872856443, -0.06067983806335928, -0.2575466867851603, 0.008253097156612172, -0.38956252916181217]
932.4517798468478	(8, 12, 2)	[-0.20882141938653936, 0.4102859836545304, -0.20349753310900245, -0.168231896865496, -0.22044505778036702, 0.5245885730911322, -0.3284827410218395, 0.538735023635356, -0.27397083600119315, 0.2255921849213107, 0.2153093742740544, -0.6909262410725389, 0.40172253003277636, 0.08199931608577743, 1.14300451644495, 0.7233237857798289, 0.37058408031952944, -0.18221408825693947, 0.08319448261765931, -0.047917105557749876, -0.06107113553883996, -0.8544933416826552, -0.8268312605523259, -0.4212080195854542, -0.1484929613426936, -0.04270257591660732, 0.5946639559871411, 0.14150835917873106, -0.07053061418171844, -0.507877790147625, -0.4806979909050983, 0.27633558025993465, 0.15090519269443475, 0.5606754899336207, 0.49297200213579145, -0.6117030471843915, 0.27897787132296165, 0.6648109908279921, 0.04379325106090799, 0.43721252058125887, -0.34853732359349654, -0.4430156884632962, 0.417306438953024, -0.13141308553163625, -0.5677247352498371, 0.44071714602066053, -0.036792569242408896, -0.0953924623498614, 0.5863419341007498, 0.41446776895896886, 0.05868743304447397, 0.2174658407515427, -0.6962315201232687, -0.8150353537633956, -0.36581767964906764, -0.2662984372131005, -0.7077241812689626, 0.7866304166683168, 0.3597198486354418, -0.24493437288081585, -0.2019506841893167, 0.07280787875274763, 0.635697452152951, 0.5791495050704645, -0.11563286065839345, 0.3900533830194108, 0.578676387184911, -0.13944046530431467, 0.42220398350377497, 0.8479311267112772, -0.2308884328576465, 0.4340597479999625, -0.2035348313265291, -0.19051070270170128, -0.10715659703408381, -0.6125596584421317, -0.2706799868910862, 0.0333839367791744, -0.0932133560377804, 0.23083151305458646, 0.10780918661006775, -0.767454204281058, -0.6113710612319329, -0.32675797481048874, 0.12393721547918463, -0.46392091775482297, 0.5972205411043537, 0.08215028375341085, -0.06584583992162973, 0.7814365187054957, 0.5420897296450469, 0.5401648309862216, 0.5322709386129616, -0.6091962560453867, 0.05195558469187146, -0.5710419753469618, -0.04687015664653129, 0.18839677343806968, 0.4376874346667906, -0.023683452837732148, -2.0899438855226, 0.07049928466982636, -1.104003022585267, -0.2788945129698172, -0.6774114527453128, -0.4081825603032953, 0.27708230577957493, 0.44894661416975806, 0.34898572634654235, -0.22356191883727586, -0.48982588592132903, -0.38339111170863555, 0.16574254791655466, -0.37557572599893974, -0.8907834569970241, 0.15252749290089349, -0.06810024694241189, -0.33103850206458646, 0.015038640004636696, -0.3839559142876181]
979.3780573220636	(8, 12, 2)	[-0.20882141938653936, 0.4102859836545304, -0.20349753310900245, -0.168231896865496, -0.22044505778036702, 0.5245885730911322, -0.3284827410218395, 0.538735023635356, -0.27397083600119315, 0.2255921849213107, 0.2153093742740544, -0.6909262410725389, 0.40172253003277636, 0.08199931608577743, 1.14300451644495, 0.7233237857798289, 0.37058408031952944, -0.18221408825693947, 0.08319448261765931, -0.047917105557749876, -0.06107113553883996, -0.8544933416826552, -0.8268312605523259, -0.4212080195854542, -0.1484929613426936, -0.04270257591660732, 0.5946639559871411, 0.14150835917873106, -0.07053061418171844, -0.507877790147625, -0.4806979909050983, 0.27633558025993465, 0.15090519269443475, 0.5701912429519919, 0.49297200213579145, -0.6117030471843915, 0.27897787132296165, 0.6648109908279921, 0.04379325106090799, 0.43721252058125887, -0.34853732359349654, -0.4430156884632962, 0.417306438953024, -0.13141308553163625, -0.5677247352498371, 0.44071714602066053, -0.036792569242408896, -0.0953924623498614, 0.5863419341007498, 0.41446776895896886, 0.05868743304447397, 0.2174658407515427, -0.6962315201232687, -0.8150353537633956, -0.36581767964906764, -0.2662984372131005, -0.7077241812689626, 0.7866304166683168, 0.3597198486354418, -0.24493437288081585, -0.2019506841893167, 0.07280787875274763, 0.635697452152951, 0.5791495050704645, -0.11563286065839345, 0.4700789198993457, 0.578676387184911, -0.13944046530431467, 0.42220398350377497, 0.8479311267112772, -0.2308884328576465, 0.4340597479999625, -0.2035348313265291, -0.19051070270170128, -0.10715659703408381, -0.6125596584421317, -0.2706799868910862, 0.0333839367791744, -0.0932133560377804, 0.23083151305458646, 0.10780918661006775, -0.767454204281058, -0.6113710612319329, -0.32675797481048874, 0.12393721547918463, -0.46392091775482297, 0.5972205411043537, 0.08215028375341085, -0.06584583992162973, 0.7814365187054957, 0.5420897296450469, 0.5401648309862216, 0.5322709386129616, -0.6091962560453867, 0.05195558469187146, -0.5710419753469618, -0.04687015664653129, 0.18839677343806968, 0.4376874346667906, -0.023683452837732148, -2.0899438855226, 0.07049928466982636, -1.104003022585267, -0.2788945129698172, -0.6774114527453128, -0.4081825603032953, 0.27708230577957493, 0.44894661416975806, 0.34898572634654235, -0.22356191883727586, -0.48982588592132903, -0.38339111170863555, 0.16574254791655466, -0.37557572599893974, -0.8907834569970241, 0.15252749290089349, -0.06810024694241189, -0.33103850206458646, 0.015038640004636696, -0.3839559142876181]
871.8106147640897	(8, 12, 2)	[-0.23766357510595984, 0.41187680589218795, -0.22429251369164646, -0.17138693661443138, -0.19849476758152818, 0.5288497197616067, -0.3261775357720858, 0.5320082356000461, -0.26831528936681326, 0.2251676678425941, 0.2445378807505934, -0.6952409838780547, 0.39892870482988485, 0.20129213109307267, 1.148416809201409, 0.7198779881614216, 0.3915415520795647, -0.1995379922320761, 0.08662619888370483, -0.06656148452600055, -0.05872385865266762, -0.8597640418487735, -0.8200529793688381, -0.363962739127788, 0.08308717520943557, -0.07604745957202409, 0.5881020669368384, 0.15693807679720467, -0.10476404308505707, -0.5348566956990115, -0.477881002525743, 0.272502685592409, 0.1672099969827695, 0.571719304009635, 0.4928173748263478, -0.6139451946831018, 0.2863221021751241, 0.665032797390435, 0.03994069196593812, 0.44036068152784125, -0.3900305646211627, -0.4423760934258086, 0.42180380472417506, -0.11766893713646194, -0.4972922763132143, 0.4408918035207055, -0.03298515183904271, -0.11641639361836205, 0.5824173871929811, 0.4120485666758619, 0.06132100112544371, 0.23726244546429107, -0.6939581480416207, -0.8149306072624819, -0.3611773650879734, -0.26239347663289414, -0.7329637597061023, 0.7780177210302863, 0.17691649484637828, -0.24976217359140185, -0.1993419982034097, 0.08868132819771744, 0.6560813217009486, 0.614368098077065, -0.15118718354337915, 0.39147331908917793, 0.5250919444013672, -0.1400246736057053, 0.41488375393109317, 0.851194968386231, -0.2241950405153715, 0.43714529337218544, -0.19683255493828594, -0.18527979872436107, -0.10749690473752063, -0.6045073350966573, -0.24013603845070913, 0.03286801501930854, -0.0942557980715924, 0.22989115663606605, 0.10734663364609398, -0.7671509567583515, -0.6116003050145736, -0.3262487523084372, 0.10288504188065412, -0.4638542453003193, 0.5635068440091449, 0.0782841111410881, -0.386121549924605, 0.7768741574706862, 0.541841183588433, 0.5376046224215282, 0.4013082693258492, -0.6407963727588872, 0.06612695219462057, -0.5825928379214786, -0.059034141808782435, 0.2106269092032546, 0.508818195940173, 0.05560208489837619, -2.0853627557445447, 0.09049806902201189, -0.7349945790172526, -0.3000398636593003, -0.6778451520277898, -0.3739220846243492, 0.31273775242203106, 0.45730518441394113, 0.3651483544305705, -0.22316299713002488, -0.47307987102151744, -0.4050161805456821, 0.15858866618232542, -0.38212358003387564, -0.9129629082661158, 0.1573480031719684, -0.06397174655638949, -0.28237844892035513, 0.01123725109348694, -0.3956944887333503]
1138.6893708047487	(8, 12, 2)	[-0.2120057565964402, 0.4102541144408039, -0.20349991448589697, -0.16712771448716024, -0.20149723103758257, 0.5242428722404763, -0.32827664460026545, 0.5345322583815275, -0.2871484614407547, 0.2263587591816659, 0.2097356577288177, -0.6908968547113197, 0.40185832703847046, 0.08048755026963852, 1.1453130445538466, 0.7230316752786543, 0.3731416706286514, -0.21838225788630972, 0.08138267107660822, -0.05617519903204784, -0.06141750567797898, -0.8183483492261956, -0.8151449460567027, -0.37228355599195295, -0.1426940267940328, -0.059948143384779565, 0.5944745183354146, 0.13633903821257456, -0.14713490902307283, -0.5082064993429658, -0.47879394596592106, 0.2767797779267872, 0.10775189753770331, 0.5714510177647956, 0.49215059545666595, -0.6081319757042255, 0.27954347738283286, 0.6870325760571593, 0.04915861375631748, 0.44251727819804587, -0.35189198869438976, -0.5164014609826039, 0.4057303834969559, -0.14723102192815285, -0.5651721861784765, 0.43549465291135797, -0.03304149412674086, -0.093216450126129, 0.5854919763708974, 0.42834220625929714, 0.06526263083575422, 0.22980322269416695, -0.6778906692399056, -0.7809400357563653, -0.36619235445490894, -0.26552046573840127, -0.7107817294523777, 0.7861136673963256, 0.2684125375977946, -0.24491404945667822, -0.2026233589522912, 0.020714903633564666, 0.1228121200059671, 0.5782182698088506, -0.12467289747927185, 0.4200988800423645, 0.5781432878822234, -0.13863716952921898, 0.4428161757504016, 0.8498885777658647, -0.2309093587890489, 0.4341177359873546, -0.20303606184489847, -0.19038904485684646, -0.10695347194999758, -0.6140533655120868, -0.24733859416559092, 0.033282334366231, -0.09662478982861715, 0.23329223743790364, 0.1049938911402517, -0.7674435184546683, -0.6108914259199157, -0.3267152494660034, 0.12316147246511072, -0.4920685965738607, 0.5884293553902674, 0.06209955217840218, -0.23727542091715448, 0.7090875985577246, 0.5423740516859085, 0.5341985953427938, 0.5370246394023414, -0.6987109387075999, 0.05379645478218044, -0.577333705403478, -0.05223379617269847, 0.21615925641113037, 0.4293780502679162, 0.04207767070480404, -2.089181582612243, 0.06023178699073937, -1.07192702609447, -0.23287916989223242, -0.5754610018911366, -0.39214203409666454, 0.2750744188750885, 0.4449101854273481, 0.3495781632432091, -0.22363278781237847, -0.489978828807464, -0.34483553896227287, 0.16209316804281604, -0.3484410875776995, -0.8367177582232241, 0.15164956782040243, -0.06806733490089702, -0.26184231752651443, 0.042430804301825525, -0.40434897573343953]
950.7235908012631	(8, 12, 2)	[-0.21150685706545924, 0.4105553185670374, -0.2056840963807473, -0.018140797247460483, -0.2061105975861186, 0.6208999375467453, -0.32842080626358866, 0.5374292403053984, -0.2994070360735147, 0.22657301755688125, 0.22044251513241772, -0.6886198175957735, 0.40230767971800185, 0.12018222778260232, 1.135908916132429, 0.10488911165503356, 0.3711564196697307, -0.14505931471765057, 0.09050266061066543, -0.05277146836589451, -0.06505677331349267, -0.8014830144655924, -0.8267906040456537, -0.3497342148069341, -0.14955395907007973, -0.05920372979529848, 0.5831525579806619, 0.14029584283242624, -0.08528098223596937, -0.5137144720798923, -0.48777150383317847, 0.2913729327979596, 0.15968242025027526, 0.5711235541804526, 0.5803396228102689, -0.6102913474460597, 0.2772798127872477, 0.6676739124726758, 0.018365296378718556, 0.47027813080577335, -0.4050622434839998, -0.4446567559910442, 0.5010075693152578, -0.1082576422278049, -0.4504999298179513, 0.43876007214583146, -0.037426792635649145, -0.12349736776045002, 0.5865516332220484, 0.41594597316770915, 0.07859277298644848, 0.22682731350022975, -0.6943540003398716, -0.8081084195440701, -0.3692258722107593, -0.28138678718499294, -0.7416934900166762, 0.7847310799839218, 0.28208696794874777, -0.2435480005461341, -0.2034684952942842, 0.07101028808997245, 0.6344468247395656, 0.5835109069248618, -0.13974924640590536, 0.4824054231277042, 0.5525906603210061, -0.1403889798242856, 0.37541127306333455, 0.8476545715078242, -0.24583002067603052, 0.3961657664003054, -0.20188616937524112, -0.19645867073873255, -0.1080815036464369, -0.6030211095562403, -0.2057271679601369, 0.03348754999763736, -0.0973984507508863, 0.2310444046839622, 0.11222723344706856, -0.7671216820231638, -0.6131144655791224, -0.3305362203808882, 0.12241027126221991, -0.47755118400951185, 0.5848600163929946, 0.08002159238563886, -0.40019837862090263, 0.7810121992232503, 0.542181039501939, 0.5387288717491588, 0.5172747708410944, -0.6309018018908356, 0.06430483344457445, -0.5708125927599176, -0.1381849271847189, 0.18571584065621086, 0.43315473911136565, 0.028557441593444373, -2.0897282135269855, 0.09152947989143785, -1.0086540839649432, -0.2674644925261329, -0.676393838905315, -0.3969363757814271, 0.2968887340532925, 0.4511512213505702, 0.34958709484573264, -0.2235757152025368, -0.4832176119394441, -0.4092294317244292, 0.16469151902605614, -0.3870948393009637, -0.8230568307502841, 0.1537888908802366, -0.06365169258611766, -0.2652891343028027, 0.016185350094989982, -0.3958505542313693]
1280.5818225131547	(8, 12, 2)	[-0.2382971730440846, 0.41060180502996624, -0.30097636275254086, -0.16725461276762413, -0.19642263594400514, 0.5270697872878968, -0.326506655092775, 0.5337826405117997, -0.2808544917406989, 0.22814990473428345, 0.22092473984582323, -0.6968721970180076, 0.40442415503251306, 0.1544758079289113, 1.1423411594587234, 0.7222840768328889, 0.39252072554536444, 0.3644956150443869, 0.09689060793330381, -0.06397031179280474, -0.06166695159381036, -0.8350162957910218, -0.7848529752493038, -0.4164497744077676, -0.06108680595350304, -0.08215707609194198, 0.5885351951231885, 0.14352787894554983, -0.1584791434340087, -0.5253905399992397, -0.48237444971239035, 0.274932079554169, 0.1436212336885883, 0.5705339472134523, 0.4930046607724697, -0.622856303864166, 0.29081996383323555, 0.6725175760080248, 0.051115812586930376, 0.45412589105323486, -0.37628977592014023, -0.442630738656441, 0.4086612614463178, -0.10014640106285248, -0.5216601145204812, 0.43847944663424593, -0.0422807398251251, -0.13130559020007518, 0.5828383875815106, 0.42075473164682825, 0.06436210278618745, 0.2312934981121535, -0.6938341746485284, -0.5987119385209425, -0.3684257700312279, -0.2664886529207871, -0.6973883263530979, 0.7618508780380545, 0.19813140114887925, -0.24476086207287887, -0.19803396065498707, 0.0664426471227123, 0.6280408404697568, 0.5804803667294999, -0.09676533204523269, 0.40361833783327433, 0.5601661427255733, -0.1405456355174292, 0.43734807334741826, 0.8485094660992996, -0.22297145621179237, 0.43344709990406227, -0.19744630222269302, -0.1857926094858704, -0.10555485281315012, -0.6047167737008368, -0.20713286429274458, 0.033601346312273024, -0.09702155941791679, 0.23142491262390608, 0.10885677206562483, -0.7671340384059999, -0.610398321643866, -0.32718858443550336, 0.11562703186984735, -0.5116021494115611, 0.5631597060657083, 0.08543057288268144, -0.21405980725533574, 0.779604657193544, 0.5416994528158345, 0.5459158459276868, 0.5114375029121491, -0.635085956997631, 0.05940338588327458, -0.5820096239622496, -0.06069149555614692, 0.20511711684768352, 0.48915797711795234, 0.05450839654587035, -2.088399991262478, 0.07542651657987222, -0.7473354790438588, -0.2817048574949065, -0.6742661770803448, -0.40066072545033077, 0.22101178464408489, 0.4516744276769974, 0.44834728203719976, -0.2231860012661115, -0.48726580912557704, -0.37263412706036547, 0.16441855162203015, -0.3838297355409162, -0.7646614190456958, 0.15648775332449014, -0.06277540974811126, -0.2838235051368072, 0.018642496887401425, -0.4083641720533475]
1008.631839079834	(8, 12, 2)	[-0.22594033391221344, 0.410722999862716, -0.19972883288980306, -0.17029662936901155, -0.2014689113931548, 0.5683491152883533, -0.32729772145454916, 0.5411855063880577, -0.2735953744850801, 0.2266317252815767, 0.23086656770322456, -0.7341896946078, 0.4844823497851152, 0.18628181759890747, 1.1478872113212943, 0.675463266330883, 0.37633214181078545, -0.1347169370977033, 0.08702864049999942, -0.0537290161289787, -0.0638522712210838, -0.8364595607237739, -0.7698356105025033, -0.3460502142749992, -0.054213216260736025, -0.05948834852024931, 0.5861094417236792, 0.139697180549675, -0.11498596328935441, -0.5186189453284077, -0.47927984029185994, 0.27021710023560086, 0.11743571300375799, 0.5676183458411619, 0.49293345742237243, -0.5649988254254935, 0.28013219827066255, 0.66167778997172, 0.02802297964468288, 0.443628446074847, -0.39223923903996233, -0.44217322682891436, 0.46108105317561465, -0.11208189011722192, -0.45051752738505957, 0.44166353074450954, -0.03912043943176225, -0.12473609326160422, 0.5856830303314, 0.4161923513021059, 0.06132960800004997, 0.22988653532412412, -0.6952448015925634, -0.8138014530400054, -0.36773778965665543, -0.2695418759511626, -0.7015712960462214, 0.7823591746149167, 0.12427654307378402, -0.24402621866148438, -0.19753467562001956, 0.07254686172705246, 0.5552781904637919, 0.5743348279802397, -0.1382599213505365, 0.36037861467509963, 0.5198416157062945, -0.13846792645137354, 0.3725636131596244, 0.8498808445687669, -0.22990109381458215, 0.4253494574971283, -0.2010600465563595, -0.18095532091772631, -0.10764720845375218, -0.6029990833283797, -0.2137807365898181, 0.03453204376636325, -0.0955441525948138, 0.26398255649303404, 0.10931952710447664, -0.7671077309609041, -0.6110473331163512, -0.3203930778716768, 0.12731899953598425, -0.4809104993096563, 0.5522636046938383, 0.07704335459451772, -0.4006971485719162, 0.7795832329501454, 0.5430765103305498, 0.5362600554394386, 0.4868171127942243, -0.6047056936223848, 0.05444186242593661, -0.5898053736817276, 0.06452373661212153, 0.21238177780068865, 0.47720986426003653, 0.06512942481080061, -2.084815771473463, 0.13489701758665457, -0.9156821274835001, -0.2726161640175527, -0.6741672884077884, -0.3847806912552861, 0.2649277154662416, 0.45727361917657217, 0.4427824710834982, -0.22293129696772235, -0.4817588064652721, -0.37261332000075537, 0.1623812189617109, -0.38424718392201035, -0.8348016628229326, 0.15600720165652526, -0.05909024170587678, -0.2628414636077359, 0.01642994766483066, -0.445286738056793]
1551.4802413197185	(8, 12, 2)	[-0.22594033391221344, 0.410722999862716, -0.19972883288980306, -0.17029662936901155, -0.2014689113931548, 0.5683491152883533, -0.32729772145454916, 0.5411855063880577, -0.2735953744850801, 0.2266317252815767, 0.23086656770322456, -0.7341896946078, 0.4844823497851152, 0.18628181759890747, 1.1478872113212943, 0.675463266330883, 0.37633214181078545, -0.1347169370977033, 0.08702864049999942, -0.0537290161289787, -0.0638522712210838, -0.8364595607237739, -0.7698356105025033, -0.3460502142749992, -0.054213216260736025, -0.05948834852024931, 0.5861094417236792, 0.139697180549675, -0.11498596328935441, -0.5186189453284077, -0.47927984029185994, 0.27021710023560086, 0.11743571300375799, 0.5676183458411619, 0.49293345742237243, -0.5649988254254935, 0.28013219827066255, 0.66167778997172, 0.02802297964468288, 0.443628446074847, -0.39223923903996233, -0.44217322682891436, 0.46108105317561465, -0.11208189011722192, -0.45051752738505957, 0.44166353074450954, -0.03912043943176225, -0.12473609326160422, 0.5856830303314, 0.4161923513021059, 0.06132960800004997, 0.22988653532412412, -0.6952448015925634, -0.8138014530400054, -0.36773778965665543, -0.2695418759511626, -0.7015712960462214, 0.7823591746149167, 0.12427654307378402, -0.24402621866148438, -0.19753467562001956, 0.07254686172705246, 0.5552781904637919, 0.5743348279802397, -0.1382599213505365, 0.36037861467509963, 0.5198416157062945, -0.13846792645137354, 0.3725636131596244, 0.8498808445687669, -0.22990109381458215, 0.4253494574971283, -0.2010600465563595, -0.18095532091772631, -0.10764720845375218, -0.6029990833283797, -0.2137807365898181, 0.03453204376636325, -0.0955441525948138, 0.26398255649303404, 0.10931952710447664, -0.7671077309609041, -0.6110473331163512, -0.3203930778716768, 0.12731899953598425, -0.4809104993096563, 0.5522636046938383, 0.07704335459451772, -0.4006971485719162, 0.7795832329501454, 0.5430765103305498, 0.5362600554394386, 0.4868171127942243, -0.6047056936223848, 0.05444186242593661, -0.5898053736817276, 0.06452373661212153, 0.21238177780068865, 0.47720986426003653, 0.06512942481080061, -2.084815771473463, 0.13489701758665457, -0.9156821274835001, -0.2726161640175527, -0.6741672884077884, -0.3847806912552861, 0.2649277154662416, 0.45727361917657217, 0.4427824710834982, -0.22293129696772235, -0.4817588064652721, -0.37261332000075537, 0.1623812189617109, -0.38424718392201035, -0.8348016628229326, 0.15600720165652526, -0.05909024170587678, -0.2628414636077359, 0.01642994766483066, -0.5055164478869679]
990.5491311378476	(8, 12, 2)	[-0.23585527529516281, 0.410612815514867, -0.2856742637706093, -0.16995991690002574, -0.1994975566500131, 0.5547023309544392, -0.3275764000348749, 0.5301068638535389, -0.2744514449483944, 0.23929000018354712, 0.21618906386130235, -0.7036554246719066, 0.45476612708160485, 0.17715471115174566, 1.1810194760100754, 0.7317729783776457, 0.38082572358190697, 0.1366463592267319, 0.08865234533859115, -0.0573441114681342, -0.06258123780826193, -0.8599584128926842, -0.7755719729011779, -0.37082821244286507, -0.03703874141857483, -0.06179588452192716, 0.587667202544603, 0.13507559540957512, -0.11296090358001076, -0.5238609916765427, -0.4814341227559306, 0.2705387974770864, 0.13916950089187324, 0.5691374827567203, 0.4928370427668873, -0.7629783628110168, 0.2795843156848238, 0.6522112867961376, 0.04399113854786657, 0.4426485182692738, -0.39030340324937096, -0.4396413913509824, 0.46209072202778445, -0.11417142126184662, -0.45423443674350616, 0.44022162230066175, -0.039516356805355896, -0.11735725404729733, 0.5848501287941036, 0.42705088293352156, 0.0637710485723154, 0.23296451873629062, -0.6960521879230035, -0.7945698839189955, -0.3683509953470049, -0.27006094650716794, -0.7141019882138763, 0.7854071246542261, 0.14550444305232932, -0.31312923815366983, -0.20031070569191795, 0.07643998765899306, 0.5280982507935411, 0.5737336611716595, -0.14250040707924908, 0.38291131731091316, 0.5428887679732689, -0.13929574723509172, 0.383966386359206, 0.8505118250645597, -0.2297414099513581, 0.4445481072515086, -0.2088202727311064, -0.18337199015670358, -0.10342094035546495, -0.6033338816455361, -0.20169916328563037, 0.0343463307028177, -0.09511434358687212, 0.24430501133923874, 0.1094274024861774, -0.7670984442849285, -0.6105945469060547, -0.32324102540220095, 0.12956218870128564, -0.47175511325013075, 0.5677046896316639, 0.08428602981067772, -0.3392141545819333, 0.779491301082097, 0.5424012937650434, 0.5429986384448154, 0.4992765738626671, -0.6034608220403005, 0.06236017029766318, -0.5869846127760232, -0.00785852698142058, 0.2135965407969895, 0.4178438650428084, 0.05957418312983682, -2.084811299774612, 0.1330114061091799, -0.9823371653310491, -0.27174852133337546, -0.674757676860659, -0.38374725155048917, 0.26223143165515084, 0.451263710985873, 0.35825683401093483, -0.22305484471574227, -0.4805442669649644, -0.3686910708111781, 0.1641199215987604, -0.3848178764728559, -0.9395860785529754, 0.15589136047066052, -0.06069606289972828, -0.2841992229772499, 0.01731011833377009, -0.412402343091841]
1104.4682271673887	(8, 12, 2)	[-0.2435867497897611, 0.41055339456930107, -0.19340251510162015, -0.1576498744061208, -0.2010737109517844, 0.5902639524193879, -0.32731626616277787, 0.5361839536239134, -0.288114466022437, 0.16268128208326044, 0.23596223082465304, -0.695018340314633, 0.48319533476530097, 0.1781030345470073, 1.1452718607654893, 0.6283744935956318, 0.4088930375070634, -0.18545093933749726, 0.08319726285717788, -0.06448380841805901, -0.0623805262770575, -0.8436888372573336, -0.7938195803173325, -0.35593474022638993, -0.024037322342487025, -0.07099444065160879, 0.5917938472902904, 0.14009292938347848, -0.13576340444903298, -0.5065502909356545, -0.4853702640847863, 0.27855084324045487, 0.14077259232162653, 0.5716611092923146, 0.5067400807291403, -0.6478553875638112, 0.2899001089186128, 0.6765895184018642, 0.04543604157004905, 0.4440105412614079, -0.36855283780838377, -0.4336507418262219, 0.46832878600990696, -0.08150054233181211, -0.450906662643895, 0.4291225804911578, -0.039953069401178015, -0.100162955647082, 0.5862248704675057, 0.4184706293552167, 0.08298897339864414, 0.2286127477901769, -0.694669503800113, -0.8178973676996144, -0.36217992073566346, -0.2381458792310466, -0.7157672336867317, 0.7793200573977541, 0.18747120282190938, -0.29249223630608084, -0.2008491943764695, 0.07554685188926438, 0.6411094830809139, 0.5769422673630223, -0.12196577513049173, 0.39848583913666946, 0.3784369464721661, -0.14170282087390698, 0.4216109644591497, 0.850778549373434, -0.2277055448928507, 0.4379189720736974, -0.19718068870753971, -0.18495197481307965, -0.12626581241884005, -0.6103485772527033, -0.24169876332728474, 0.030301389567550442, -0.11550336405158157, 0.24259998764670637, 0.1054974403098522, -0.7670694620351054, -0.6118101720724991, -0.3276830553980535, 0.11478687286627343, -0.4646841573184369, 0.5728006158750356, 0.08248023091394667, -0.37327169621333867, 0.7709131986531347, 0.5425656958078443, 0.47783804290276094, 0.5317227478614049, -0.6537290001397531, 0.07216023162782383, -0.5747634070765996, -0.008786528269437849, 0.19181764989515832, 0.4651471425489551, 0.036813095203394694, -2.0885462599324094, 0.6504414843960069, -0.8940668354515249, -0.2979503839875879, -0.6724008515329082, -0.3820464745486566, 0.27725584526409625, 0.45491436713075956, 0.36879631260388024, -0.2234116737553832, -0.4831950749465266, -0.3873452362625251, 0.16204673653818677, -0.3784290908288138, -0.8875814976222819, 0.1533524602274405, -0.06264982262053244, -0.27808483512833404, 0.018889937198201475, -0.4662930513168162]
1226.9700715683666	(8, 12, 2)	[-0.22396364528905238, 0.41075202900205643, -0.23848940039978145, -0.14742731126482486, -0.20182687223926749, 0.5707724325609131, -0.3272136327092909, 0.5406278296351398, -0.2789703702636036, 0.22622394679614263, 0.2459572970546922, -0.7227240949220074, 0.4435366783703095, 0.18946072409839954, 1.1063192443935561, 0.7261615085039727, 0.37764808573192155, -0.08353008557336, 0.0873506265344496, -0.07027023301493256, -0.06419041805851895, -0.8442605158589348, -0.787169812458158, -0.35507668652922686, 0.006149452747631845, -0.07109474424152934, 0.5866911840379162, 0.14514249184747555, -0.08619122957410254, -0.5201032939898752, -0.4760055720400983, 0.26969182173966416, 0.1173213560279746, 0.569267762359778, 0.4927255557110036, -0.5143757411776719, 0.28008949468145006, 0.6735439338541368, 0.04309549529114501, 0.427134710702021, -0.38495069782012703, -0.442008251277818, 0.411907667692255, -0.10365250229153569, -0.4008560179291908, 0.43841614594499007, -0.03895070636179211, -0.12635981189510295, 0.5840271689753477, 0.4176231829024144, 0.07659240156765497, 0.23287375990836962, -0.721696399530679, -0.7993285679273441, -0.36687856577108446, -0.25994659004083087, -0.6959144136156432, 0.7842210662032966, 0.12008653729808234, -0.24321036839353577, -0.19125973388654838, 0.06627219009977767, 0.5740122106894497, 0.5838723471702932, -0.13811300962330755, 0.37248390252660885, 0.527200297713961, -0.13926144810453986, 0.41986254247951776, 0.8498857180288499, -0.2299448421096832, 0.4258543302732654, -0.20067099480568393, -0.1922148594724662, -0.1115910092331777, -0.6027429242713557, -0.3766688596175119, 0.032758938802037, -0.09518765854240198, 0.2828067658739361, 0.10530178842111249, -0.7712849514094243, -0.611098855044346, -0.31700364192833996, 0.1216119324219494, -0.4796170819920551, 0.5535341753353826, 0.07854461394517395, -0.36603924088576745, 0.7856906547650646, 0.542962474286574, 0.7591826751363102, 0.5095400395050088, -0.604140854717373, 0.05406732798766389, -0.588215269854448, -0.05920442617271433, 0.21277341417001722, 0.4823743437062968, 0.07254252648834382, -2.0738528741395097, 0.1317034450024666, -0.9283995740681821, -0.27177152996952947, -0.6749325153682143, -0.3868143688843432, 0.25910702797241525, 0.4475146787213688, 0.4080450652392516, -0.22301577160594177, -0.4879727054511037, -0.4024869080047281, 0.16262078026010204, -0.38075436671133434, -0.8374985536412065, 0.1550718237971877, -0.06493832436030855, -0.2775952677625685, 0.02278115441380785, -0.468622202447865]
848.8378755517244	(8, 12, 2)	[-0.23352840526629556, 0.41032486168532933, -0.19041707501227667, -0.1588191257284417, -0.20914584984583476, 0.5753159391669267, -0.3276175404731789, 0.5379342439174536, -0.22898294702633326, 0.2272475665801736, 0.22601735193569225, -0.7107515029082966, 0.4318856272559105, 0.238638540316168, 1.1892513806290828, 0.6308000002925703, 0.37903494841089114, -0.14709817920925394, 0.08834615531688239, -0.03176310653454672, -0.061975558591657015, -0.8285916320931109, -0.8039518628593051, -0.35071384942587736, -0.14544536797524354, -0.06173800935004217, 0.58686771524058, 0.14173885696594962, -0.10391828216853562, -0.4832559732296088, -0.48831250792969016, 0.2716834554101912, 0.1357233102372249, 0.5708954443988716, 0.538656626992471, -0.6301935986539027, 0.2716936985801407, 0.6795567570874359, 0.03128964957906834, 0.42766055953201254, -0.3673873624346659, -0.4387406591899111, 0.4379533348468261, -0.10605186601723997, -0.4683814299834992, 0.4454885197240401, -0.036621829355583196, -0.12412892534241564, 0.5857942286506841, 0.41604954339637484, 0.06146703340064184, 0.22910816234236864, -0.6951450107979706, -0.8080007196456922, -0.36673550157714596, -0.273056998919351, -0.7295169100381171, 0.7824806153592758, 0.21838686803679005, -0.23493229830729478, -0.19931674417257736, 0.06476836491747961, 0.5698658301522458, 0.580725870552176, -0.11377605264222068, 0.40187319253478593, 0.5713672889597375, -0.13925710913202424, 0.37100194096276884, 0.8487315887405107, -0.23057132296261956, 0.43054315549954814, -0.20083369191816283, -0.1900178454894791, -0.1378297475220137, -0.603145372300152, -0.20524132052214006, 0.03423495747652445, -0.08831934215104281, 0.26467412789615735, 0.1094489712809699, -0.7709853782505645, -0.6112845399684737, -0.32905529855549764, 0.12131650017638057, -0.4731663795604933, 0.555689198361364, 0.08481738192117627, -0.3973144956557171, 0.7786213629381251, 0.5434147004068257, 0.5407206206064923, 0.5108005040863371, -0.5960530442430694, 0.07186059897651553, -0.5784083194273374, -0.0475893003914872, 0.20934805582557117, 0.4395399150508666, 0.03554747562083488, -2.087053070713255, 0.08418205427823379, -0.9390940127261398, -0.2692119322719785, -0.6481648038078227, -0.3924356639616193, 0.27135486439861445, 0.41443426263018823, 0.4516403503752995, -0.22309457194423088, -0.4802500205723605, -0.36240103188184913, 0.16319147193832167, -0.3774943341207351, -0.8337133686954425, 0.15813016041553307, -0.06679125980362564, -0.2623098225631878, 0.022137926512706185, -0.4296680163331862]
909.753428621161	(8, 12, 2)	[-0.23185732137728174, 0.41030182544527066, -0.20487886473733932, -0.1231088253770049, -0.20937357139139742, 0.5700861300027279, -0.32724734528886046, 0.5414103144713786, -0.2558216025578183, 0.21227472350524662, 0.229644880562129, -0.7283432494209974, 0.42372870125611367, 0.22629092968495282, 1.132049792952068, 0.6301872780770366, 0.37766122092410326, -0.22038025124706495, 0.08306211883864154, -0.04230782502605057, -0.06255570169475645, -0.8291277061169338, -0.8093235939052148, -0.3545257566224866, -0.040030172948656406, -0.06154929055090631, 0.586733803054322, 0.1402706432370989, -0.10538819940917298, -0.5063216851173351, -0.48716514759532364, 0.26871889471070326, 0.13602719620278447, 0.5696763136063062, 0.5195678373769211, -0.6094479183606434, 0.2862731524417962, 0.6841048216292035, 0.03150961002166627, 0.3609083182634044, -0.38409430438524367, -0.44031316651456176, 0.4387387121686565, -0.10786954093363578, -0.445893544409687, 0.44548568308208814, -0.03667423750310681, -0.11360774129056363, 0.585359688257891, 0.415590263528215, 0.06135340941466065, 0.22909138719681726, -0.6865190218330467, -0.8191044458596425, -0.36378444645155456, -0.27311895365477146, -0.7210117462347535, 0.7793838780593543, 0.14008409054493534, -0.24398317049753562, -0.19822787560284508, 0.06733436424393262, 0.569040006975174, 0.582167529414366, -0.1392942106415199, 0.4004831911087065, 0.5605472987795099, -0.13827602641164824, 0.38580893950739514, 0.8473098558022403, -0.22378745180243503, 0.42933305127189936, -0.20086241283498993, -0.18910457530938257, -0.12449491118872469, -0.6031614761515437, -0.1980076273460165, 0.03422050679541001, -0.08893453296304568, 0.2599199083042207, 0.10994037013049264, -0.7696786336850107, -0.6109110241740956, -0.32136337121844577, 0.12128740151555445, -0.4713308524673494, 0.5628696436079819, 0.0784303356952188, -0.3969004649257733, 0.7778364983199036, 0.5434516429026353, 0.5402932369593285, 0.5113900459886226, -0.6061902587000422, 0.06457056601813606, -0.5858112517249335, -0.046917144275229423, 0.19606815405849712, 0.45406320504932596, 0.03764351576213914, -2.08725635499711, 0.08136182559771098, -0.9260645964999071, -0.2679971094298965, -0.6764035531999519, -0.3884427208398187, 0.273214890813718, 0.45204741973287693, 0.42646561748045353, -0.22352546428206266, -0.4816306447892556, -0.36823680537070186, 0.16318116250287926, -0.373034983484666, -0.8058977395438426, 0.15596388511410617, -0.06327599273535052, -0.2625905873489418, 0.02215572767366254, -0.4397439329239114]
973.9752123821288	(8, 12, 2)	[-0.2318651264796086, 0.4106940193888415, -0.20735487834804933, -0.13406554314691824, -0.21159619209437833, 0.5688876533343035, -0.32697905489763374, 0.538435362903069, -0.25373455398870576, 0.2204411614267322, 0.23462104623302615, -0.7197630840890988, 0.4233554971930043, 0.21235890350075085, 1.1672365861734577, 0.6538997080994687, 0.37806710114382064, -0.23457467381711294, 0.08260303589760508, 0.015932913347125537, -0.061582642612436525, -0.8390225322804004, -0.8072416784290246, -0.357232538397361, 0.03721290600903458, -0.062436763207491586, 0.5858038367034145, 0.14222749939845178, -0.09981533104642369, -0.514455929275681, -0.48646965401241793, 0.271949410539906, 0.134654511893866, 0.5780600446642117, 0.5344721038019263, -0.6061593433165118, 0.2871719178306782, 0.6820874324318771, 0.03285837013016254, 0.42457711408412957, -0.3832589708403666, -0.44235636304153136, 0.42928235236732354, -0.10822680660488904, -0.3624927106076601, 0.44548361846029255, -0.03464015383242615, -0.1280816590149171, 0.5841707310411277, 0.4156311755371916, 0.10165011304880123, 0.2314798895860755, -0.6901118989662166, -0.8188674781499595, -0.365598464104754, -0.2730758648136127, -0.7228287953533361, 0.7837395706876903, 0.2141565900990321, -0.24371764840494153, -0.1985291842538616, 0.07014494927880573, 0.5917006007112497, 0.5821560641667637, -0.11637622067094341, 0.40420290021403305, 0.5619232618927368, -0.1377834199012179, 0.3895320879399399, 0.8176026441416591, -0.23858602348155086, 0.4324746953971051, -0.20259251089850172, -0.1875565190580121, -0.12052688957993934, -0.6028605406421998, -0.19507430013523863, 0.034004618103415866, -0.09792726267819048, 0.2619109084012675, 0.009928051671306268, -0.7683999590243188, -0.6096319170945339, -0.34140152661889966, 0.12099433215758797, -0.47133889324718975, 0.5615356852029737, 0.07886846228622296, -0.3966293301719987, 0.7743187379459797, 0.5385594027027599, 0.5385272459074172, 0.5761775751170493, -0.6024998109836652, 0.06206566219262679, -0.5843199941569368, -0.06211325513434515, 0.19232340060712058, 0.46583305667812064, 0.04356840908408468, -2.087208641125698, 0.09793253000876354, -1.0732975908422504, -0.2785763916141495, -0.6701084713947429, -0.3855334578622951, 0.20154387523654482, 0.451708538132951, 0.4490766291768675, -0.22351401427301917, -0.4006302283432385, -0.383373927597947, 0.16305389646401663, -0.37662710131818544, -0.8077250890262557, 0.15330576788065806, -0.06267923797672018, -0.2783340660864159, 0.019097101770683352, -0.40267913415176526]
1253.1419298608498	(8, 12, 2)	[-0.2345772663634983, 0.41079760328357096, -0.19899606159777058, -0.1454588345875813, -0.20661074464326548, 0.5624989692217147, -0.3272940217673823, 0.5378166156845544, -0.2840187060712584, 0.16280833780007714, 0.24119726232882557, -0.7073372274945453, 0.3820660592819517, 0.18931381768220687, 1.1496647465289083, 0.734267609574806, 0.39208192918372964, -0.10700449339410179, 0.09148930702458093, -0.04697658496904641, -0.06615875018125623, -0.8432107237162944, -0.7735200502693031, -0.3509175310528095, -0.09725836857248571, -0.0661198510366112, 0.5652029874319223, 0.14130923811588103, -0.07442712108456823, -0.5203427806311649, -0.4765200811593316, 0.27156754055227655, 0.12660731828810132, 0.6331176749875546, 0.5106057471142507, -0.5795529952615682, 0.2847915742611104, 0.6762645669975668, 0.03817856757002896, 0.43286649419136847, -0.39043768155624975, -0.44188180143875605, 0.4523413397797803, -0.11083399049748557, -0.4454532426680888, 0.4358703243097531, -0.03812475583118715, -0.12571438540013322, 0.585171628488906, 0.423951041714105, 0.05094541518123584, 0.22999482245913289, -0.6898635843744726, -0.7971657462602879, -0.36455640459513783, -0.2672475582663381, -0.7125934585772724, 0.7808924694155525, 0.13052552847549365, -0.24373883750418754, -0.19726465722029696, 0.07718529683385111, 0.6347903496270508, 0.5836652671259979, -0.13044506868794445, 0.3585750044066549, 0.5860287578143814, -0.13951217546035788, 0.39601039113265024, 0.8504619044042366, -0.2275022083076916, 0.42848440685748423, -0.1906833006564636, -0.18435709293247585, -0.11374498442149363, -0.6029945112281898, -0.25506109179162684, 0.03320550946803767, -0.0638766077597154, 0.26113050923666986, 0.10783762084719932, -0.7680045570642889, -0.6104325717464526, -0.29935568128726137, 0.12240306095783691, -0.3549686468962635, 0.7212282855409677, 0.1551812635004744, -0.2773311076747501, 0.782003741715837, 0.5435162984745325, 0.49625600884899335, 0.5272767855582252, -0.602329224076711, 0.044292535623859264, -0.5517556449131832, 0.01948856584317568, 0.3201945793595486, 0.4923284171884259, 0.046878943097598706, -2.0844864090216073, 0.2849122218878191, -1.0154720128680093, -0.271395192979152, -0.6842536752847758, -0.3848914216484215, 0.2491327628815699, 0.44779226626024443, 0.411505252217138, -0.22451529304327864, -0.48962571851251496, -0.39687992457277343, 0.16264319700176497, -0.3841907434063112, -0.6904930099744909, 0.1543834321969306, -0.04503308917581558, -0.2776580676005617, 0.03809627820698961, -0.45617565144248673]
1412.2281753671487	(8, 12, 2)	[-0.21968307845201843, 0.4107731270755601, -0.21310422651706912, -0.16047258838559267, -0.20181753060030835, 0.581395712359752, -0.32743960673436584, 0.5375730652418406, -0.2769459247113349, 0.21483638320021972, 0.23848636972872403, -0.7113476210699824, 0.4146697859354336, 0.15675430857556213, 1.1008643274835554, 0.6696251319293385, 0.3781467030765842, -0.40595301145753326, -0.030095063874108284, -0.062196214331235365, -0.06300385349307096, -0.8412002797173163, -0.7901851550406873, -0.3704639755391233, -0.07714902477139093, -0.058224927083211725, 0.5881323977145676, 0.1422687742879193, -0.07453217074612864, -0.5197426189393329, -0.47815118031209614, 0.27486997295967813, 0.11654399547053272, 0.5633071085216754, 0.49628904965213394, -0.6039690888059107, 0.278071643238635, 0.6791589002472032, 0.03632752122334721, 0.442188621146712, -0.38196256195749767, -0.4416683974196383, 0.4624264923376083, -0.12204245464490955, -0.43856947150031256, 0.418911567318729, -0.0395386333458131, -0.19313519050078215, 0.5846186882004962, 0.41833363909060445, 0.06700124604081122, 0.23243042665703864, -0.692781456818751, -0.8055602585122985, -0.3671058862936256, -0.2665480382533816, -0.7313738853446645, 0.7817461145523261, 0.1216229087755006, -0.24711797294234558, -0.19989464215188552, 0.07071899061870263, 0.6032504129627974, 0.5829888381820372, -0.12922814374719319, 0.38089937944124114, 0.5813251226256296, -0.1393437215621325, 0.40501171715289297, 0.8503320555995256, -0.2314616255736765, 0.4314681952089613, -0.2271276505623285, -0.1884976174261522, -0.10462159503840464, -0.6074938725553676, -0.2167638605454703, 0.03349209269157971, -0.09806303286915588, 0.2648802143356203, 0.11132812249171056, -0.8027733955132228, -0.6126936963236472, -0.32295989287315213, 0.1200526278936327, -0.42313441754170783, 0.588369835658762, 0.08458265200709876, -0.35403666600900907, 0.7880925923306001, 0.542863642270836, 0.6752354999537917, 0.510294688601959, -0.6039640622059018, 0.06117089229324166, -0.5823369939831677, -0.04188146468825369, 0.20292093339520656, 0.4696502640114681, 0.046063529029531924, -2.086901179430929, 0.20642274557434556, -0.9034021905013172, -0.2871412681344925, -0.6703749128874478, -0.3877499814611747, 0.25648583186138346, 0.4532758696615286, 0.47991074345758256, -0.22273212664929287, -0.47473502990501865, -0.36857710150003886, 0.16260174492325408, -0.37972329628402374, -0.844321599225817, 0.15276754739956205, -0.06483922279423589, -0.28482824973860077, 0.02173433101010616, -0.4356296102807974]
1425.5003392858935	(8, 12, 2)	[-0.23580611159476275, 0.4154817015480526, -0.23847967381889204, -0.15395488428077508, -0.20616520362312638, 0.6213517311503861, -0.32729723191225135, 0.5387102819451869, -0.28325856388312437, 0.22861761584683254, 0.20633028886892674, -0.7312655176622364, 0.439112229692398, 0.2492306417722358, 1.1431576800327612, 0.5909853743590258, 0.3803196350801468, -0.20684321294714475, 0.07376899522763458, -0.058634674030350886, -0.06981192341928287, -0.8233951568386642, -0.8101756683234858, -0.3517250793682217, -0.040813405518838566, -0.058650229825238286, 0.5867880068761897, 0.1429182984109965, -0.10469437636605512, -0.5162595649648951, -0.4831623264531891, 0.2671575892809042, 0.13746754844798026, 0.5700009409024114, 0.5188301793089266, -0.6599294159395802, 1.0013434719811838, 0.6834204016664835, 0.03452328561692599, 0.3769628697980125, -0.4359237838706266, -0.43894622751199, 0.4724090886148334, -0.11064316607910471, -0.45161776310076635, 0.4501182284485576, -0.03820677744781551, -0.21605567813926374, 0.585418558087237, 0.4467417191323301, 0.06037279742084638, 0.22910401920373571, -0.7140952624550191, -0.8389430721226849, -0.46894970869853586, -0.2769177857865914, -0.7254467965802042, 0.77961320926532, 0.13323863322813795, -0.24531530052044945, -0.1921397676923084, 0.03678123083164582, 0.5766004926353815, 0.5833303923776668, -0.1361872688847746, 0.380986816404355, 0.5656672829316327, -0.156753305552566, 0.4049104638356731, 0.8512355485481474, -0.22549497490669534, 0.43142400116651974, -0.19870966863351092, -0.18931633316548666, -0.1106826425672458, -0.6050263959519707, -0.21485784177051448, 0.027759080317911192, -0.0647617543320598, 0.24395344915769543, 0.15325652423549407, -0.769303429456986, -0.6358159778897015, -0.3211165527479182, 0.12179893690566855, -0.47461702402745326, 0.5619580782335435, 0.0799834233165818, -0.38889812104391436, 0.7770609520149712, 0.5478188828545778, 0.5245513983721539, 0.5235737765481926, -0.6159964628392697, 0.05538741814346115, -0.5860283588689197, -0.00970702080527197, 0.1986511646511356, 0.48872256920101037, 0.05104546908130966, -2.0883530216169115, 0.16273651681403523, -0.9882388066370581, -0.26553127180044733, -0.6705899229648249, -0.3855107725907731, 0.2739539340555077, 0.477118719260952, 0.4198269082046167, -0.22351533815043956, -0.5251552197959225, -0.3730314581549397, 0.16281690211229452, -0.3703830155407448, -0.8040824644690353, 0.15429602202482348, -0.06295127118366388, -0.26104681590173623, 0.025251724346558584, -0.4127422814731654]
667.6973075361029	(8, 12, 2)	[-0.23130864895110415, 0.41070345447295536, -0.22075808006946018, -0.1522737386766807, -0.20372995371090022, 0.5715766669131415, -0.3273323444558021, 0.5420829166133062, -0.422586350887593, 0.2305889461558299, 0.24363510188805707, -0.709036482522444, 0.43025616296727215, 0.19156428265427275, 1.145718666071382, 0.6825812225109041, 0.3793185686600441, -0.14777584098594962, 0.044907362006439314, -0.0680137759803441, -0.06782822613506546, -0.8401607615481183, -0.8012697913042309, -0.361021118816701, -0.01669951816495053, -0.05753043103566189, 0.5875065720624505, 0.13997032612885862, -0.0649296646390026, -0.506856754827989, -0.47494800355024414, 0.2739670173550808, 0.11910654359119474, 0.5640661172653938, 0.509817633155332, -0.6190539609203435, 0.2897002117820714, 0.6755472148195896, 0.04066487041513555, 0.4618085586076679, -0.3876740824498825, -0.4406993570453488, 0.43889842458723083, -0.10488015370894688, -0.4570631148477654, 0.4483539279465689, -0.03492780969171913, -0.12413969782142134, 0.5841305616159854, 0.41854981895307863, 0.07013693495874643, 0.23314753904097615, -0.7004197855548626, -0.7972089167915455, -0.3677380349054128, -0.27601906684970196, -0.7238664584865412, 0.7833948375250891, -0.08335935018548257, -0.254073212618223, -0.19663069891364243, 0.06529108896381368, 0.5478485062934494, 0.5802163559794713, -0.13840638840034944, 0.37495950431185765, 0.5305919196441842, -0.14047036195088283, 0.41024666409105104, 0.8484639914826948, -0.22859971003185753, 0.4329717594584704, -0.19368716216325954, -0.18616387856353225, -0.11325122213751905, -0.6049827375752601, -0.22518226816755565, 0.03292945736139692, -0.10505550353212263, 0.3004072794460634, 0.1073294929412321, -0.7680869721379627, -0.6120302467767331, -0.31936068950030305, 0.12154431446455148, -0.4505084045070866, 0.6020561748798005, 0.07650419698643313, -0.3116772137574275, 0.7513696900283374, 0.5412283751043347, 0.6273894293117384, 0.5398080821239221, -0.6165299727662055, 0.05980238848178521, -0.5812406278878484, -0.031982669222958754, 0.2089496968312235, 0.48686994228740754, 0.03837536123775783, -2.0781955283244558, 0.14093476139797934, -0.9149806009441382, -0.28053015270304293, -0.6699878795013431, -0.38669350291371957, 0.26463630380298553, 0.5108163633158811, 0.40764224591351106, -0.2232024116598645, -0.48960957651959924, -0.45012977261046017, 0.16273122109296112, -0.3798762784669979, -0.9960746011781128, 0.15486345086987013, -0.04090886240387892, -0.2806181513916891, 0.03278331599243257, -0.46700134758231426]
1217.9229301383457	(8, 12, 2)	[-0.2228862204238168, 0.4105959802702583, -0.21130896633756793, -0.15163718022244507, -0.20418443234105263, 0.5728720378606346, -0.3274201787273436, 0.5388634663806587, -0.27933004981389237, 0.21658093992904814, 0.24077273039489555, -0.7144961375152588, 0.45504317195295346, 0.21781070861723947, 1.1058097184449056, 0.7049630924776557, 0.37789435234693824, -0.46643746159014443, 0.025657718051911062, -0.04893912733312509, -0.064563862695596, -0.8512344407674347, -0.7924108416667245, -0.3530314929917071, -0.0683298578877166, -0.07070464127833359, 0.5871603797985636, 0.14281167945582213, -0.08056418690884462, -0.5157818930807576, -0.4788282122979611, 0.2738116708755914, 0.12340730506332395, 0.5621959541636047, 0.5049552112656398, -0.5884796054024642, 0.26122253696494363, 0.6920845511472765, 0.03408219178151042, 0.44006699312479886, -0.38306330778766035, -0.44189338223562347, 0.4614823840619815, -0.11294833699019921, -0.4308399179466788, 0.4238241765521953, -0.025964827313703934, -0.23616534722822236, 0.5841174735456384, 0.42328959912921016, 0.07028020531346336, 0.23294203099861827, -0.6926682679035538, -0.8093796016318352, -0.2910163327874218, -0.2661371216879805, -0.7227079212170624, 0.7789811451325447, 0.165543167418781, -0.23786146766870492, -0.1990042246031028, 0.043664477221526825, 0.5829540562657235, 0.5810292023197469, -0.12001420420773495, 0.3870654516581133, 0.5839468640885666, -0.13926120063946235, 0.41662163001195174, 0.8536899891266864, -0.23196821673921622, 0.43028444746604905, -0.2144426856664348, -0.18528034719597686, -0.10485811318049758, -0.6073367391754005, -0.2222213168894415, 0.03512191442559057, -0.09987645679245569, 0.280230419959929, 0.07237164832377277, -0.7953075536472217, -0.610402215403355, -0.30511263571638453, 0.12052834906354348, -0.38751684767917594, 0.6689283146209747, 0.06537384249711695, -0.3903416232037744, 0.7841034152054579, 0.5427798307002889, 0.5766331042729023, 0.5193243846032125, -0.6108595026217762, 0.04366652810331099, -0.5465028211683937, -0.050948091835791645, 0.22549959430612318, 0.5175670832965429, 0.04736402697415988, -2.0838776873549554, 0.13134614050935955, -0.9715402252732094, -0.29783797375153104, -0.6753399050329563, -0.3867837936297831, 0.2547323978616705, 0.45293875798895267, 0.4795150485459497, -0.22301721586557585, -0.4704008006063977, -0.3727014854695743, 0.16264438529349523, -0.3783347595480639, -0.8469445723181414, 0.15413070129803144, -0.06494606062299783, -0.2808971033053652, 0.027672691870235175, -0.42332059899351554]
937.501771435157	(8, 12, 2)	[-0.19443661012280825, 0.41535292158484355, -0.2133458352416191, -0.1495480327799969, -0.20826672333179191, 0.5761950658461508, -0.32729691670219957, 0.5391715029431714, -0.27880685235971575, 0.22823401895759757, 0.2198151526892213, -0.7096005324379429, 0.4475421052092032, 0.1899608619895555, 1.1420597230310388, 0.6789472809466933, 0.3761511283837792, -0.15529704980156503, 0.0736341466135985, -0.04996290018220481, -0.06729978163442248, -0.8964011724022816, -0.7880820108406267, -0.38285928407263065, -0.04959354216779352, -0.06318432639284996, 0.5867927548558618, 0.1418159834114046, -0.09712294221215483, -0.5483421582313668, -0.48015405982573406, 0.2746422216756755, 0.12701055189473429, 0.6475400866463389, 0.5043904686490653, -0.6331253789709312, 0.29655508129699876, 0.6803616638298576, 0.03531181919799292, 0.4368269613238593, -0.37856598433038835, -0.4405897042865505, 0.4241634857342853, -0.08755774813547187, -0.4538708152809064, 0.43078313272911195, -0.0398533768874606, -0.2321746072770656, 0.5838123219559538, 0.43996481489075623, 0.08199299498895274, 0.2310773299973014, -0.7039284078718462, -0.8116303121931152, -0.35893736171643076, -0.2606503454380834, -0.7075043081998699, 0.7796368125048931, 0.14828446804642484, -0.24858022046329056, -0.20072103574069014, 0.04727090216921004, 0.5783147493787023, 0.5815481047790724, -0.11379979624765116, 0.3810783904763283, 0.5630606355401533, -0.13499101947033196, 0.3721764487660748, 0.8490755565448174, -0.2261565801609457, 0.42107127590982796, -0.19789470777329693, -0.18724443736936144, -0.10426189725190335, -0.6053159727880012, -0.23938066635793315, 0.027437551428109823, -0.1007500569355666, 0.24752922359302085, 0.1444481878095287, -0.7677501358184661, -0.6231946136344723, -0.32454022494118817, 0.12143634480729877, -0.43962319663335864, 0.5567898528794852, 0.08734219423034106, -0.38057393514643484, 0.7818169732564522, 0.5440332093238762, 0.5235782424305083, 0.5243260929701986, -0.6166382622754735, 0.05372276390168841, -0.5861912901360111, -0.029413242545754746, 0.2112497511089662, 0.4762994172001106, 0.04201859909672474, -2.08548258013097, 0.17826046499980314, -1.0183771610887289, -0.2696196603506492, -0.6670380519671757, -0.43519874163073663, 0.244895436103228, 0.4502468859083896, 0.44956931344865003, -0.22351854196777055, -0.4923499332410551, -0.3739701744029179, 0.1627018926058784, -0.3791607697130142, -0.8318495882280048, 0.14401834767827643, -0.06277015550560033, -0.2801744964391706, 0.023497463846649, -0.41357612661673276]
1087.7854665613818	(8, 12, 2)	[-0.2169579758394991, 0.4107165080785676, -0.21184550279321976, -0.15029379148265026, -0.24197249774556714, 0.5766304820285434, -0.3272805539700174, 0.5391594482799914, -0.25233037879493014, 0.23023021033574284, 0.24177051793467336, -0.7141769631891818, 0.4462898352004223, 0.21111131591832222, 1.1450802938046887, 0.6825495654266546, 0.37821784931217217, -0.1184665111556728, 0.05090122526530348, -0.04720947959263527, -0.08690526323261605, -0.8844029521116572, -0.7946581133896163, -0.37472246856367336, -0.05506990883324644, -0.052696965609317546, 0.5872238962196044, 0.1421920928868308, -0.09039761785904421, -0.5255714278078208, -0.48018872901280957, 0.2739532835879232, 0.1267613595862131, 0.623611661892144, 0.5051959175289185, -0.6334984637665537, 0.26880855380619556, 0.6897430707206046, 0.035380374312185194, 0.4328530814355331, -0.37763510375651244, -0.4408397278276345, 0.43383513553555836, -0.11569806719616797, -0.4462888769907176, 0.4346803015592678, -0.01268088523678746, -0.2336443213511383, 0.5838475016671161, 0.37606764700028716, 0.0803829886886301, 0.23122793453050305, -0.7048074731594357, -0.817914282570798, -0.35987677842267934, -0.26484457521506677, -0.711254094801429, 0.7796759715612067, 0.14878326324354033, -0.2508926740512913, -0.19789855548022983, 0.05510120868315159, 0.5723849089272626, 0.5816379650344744, -0.12917081357476812, 0.3824821500550697, 0.5643939469897608, -0.13494815877952063, 0.4116589332395802, 0.8486479678928622, -0.22923227474648464, 0.42203789919531315, -0.20256796873748253, -0.18716024078879784, -0.10427001476704031, -0.6091235009738107, -0.23710177801896268, 0.034074409349867524, -0.0769039459450874, 0.2516018997135703, 0.098576996424839, -0.7655088525664039, -0.6184398545884742, -0.32830517856003166, 0.12076312728554169, -0.42148478502257, 0.6567359130656684, 0.08167007109057665, -0.3786895160101971, 0.7823630789647226, 0.5435111714834137, 0.5564149975315613, 0.5219997795808544, -0.6168789352690026, 0.05957021420454753, -0.5765384130462965, -0.02936616419842189, 0.21602070533448112, 0.49453999616936695, 0.043185909981612224, -2.083872032367165, 0.17323150573000168, -1.013059555151786, -0.27851118128742486, -0.6772001270365198, -0.40983699104570365, 0.24409233461110214, 0.47000054736233854, 0.48199743988246707, -0.22347224617662037, -0.4886196367834036, -0.3773872786405655, 0.1625943145586415, -0.379133187215773, -0.8544780152046202, 0.15162308171508998, -0.05959602487001248, -0.2784662134435966, 0.027344737908970292, -0.39297898359886374]
1149.875318366347	(8, 12, 2)	[-0.22260273185199114, 0.4095885352587863, -0.2113930689464001, -0.1520294482044177, -0.23041465157811053, 0.577125679595219, -0.3272790592567868, 0.5397523688631236, -0.23930206776375482, 0.20415328101326885, 0.24292326192100183, -0.7136321078141286, 0.4428653623393476, 0.20745084439191752, 1.1431474934712476, 0.6884314029603263, 0.37767447383896974, -0.22970415737642538, 0.049013906757374694, -0.06451795260602616, -0.09174083876826916, -0.8562431239080494, -0.7965359962398053, -0.3568165375851764, -0.05881133941481577, -0.051598578426290675, 0.5871298684606672, 0.1422039608808399, -0.08584523245918331, -0.5226792723490384, -0.4786280849235925, 0.27425750967529544, 0.12481029838236968, 0.6105407853350142, 0.5127761808528318, -0.6213548109285854, 0.27332778726721935, 0.6894677668247817, 0.03564055529899718, 0.4444548041085516, -0.38268350573391496, -0.44104139344588267, 0.4626910405871965, -0.11590660652354497, -0.44200215910731405, 0.42973331794071307, -0.33313525394191706, -0.19345911442283462, 0.5841422391229115, 0.4179886893857739, 0.08103254232419707, 0.23369401341522103, -0.5472721254238392, -0.8192131938971549, -0.364700694024028, -0.26571824215686274, -0.729815954251202, 0.7801244802967964, 0.15705644944323302, -0.2524590408012326, -0.19800685322117237, 0.06314422887658436, 0.5721005349578467, 0.6202074994100453, -0.13205527337742842, 0.38295471564591915, 0.5348606548949306, -0.13818882784990674, 0.3826352219659188, 0.850472869786889, -0.22035330839444392, 0.43052419335114095, -0.21582177869958188, -0.18689466551156336, -0.1032921393764403, -0.6057096111459538, -0.22861869979576235, 0.02911123786878004, -0.08485783555532343, 0.2661685853422301, 0.09722530282922397, -0.7863303024349402, -0.6190893633833917, -0.32776141569505457, 0.12326279526698089, -0.43400880007623605, 0.5861508682098279, 0.08048130015591341, -0.36407897056965755, 0.7836126275177827, 0.5431246246784905, 0.5586058392277222, 0.5191487098146563, -0.5999626972017633, 0.05800684599225422, -0.5755845282382819, -0.030899802918837364, 0.2184021639680968, 0.48951089776913664, 0.043677130310269825, -2.0818317426493134, 0.16583772010016784, -0.924479072804721, -0.27820527949774404, -0.6923754070487356, -0.3759992414186899, 0.24284934469176295, 0.4758976769100917, 0.4811081711406625, -0.22351855103235543, -0.48610037543944706, -0.3607602252869937, 0.1626022327845879, -0.3793837968342323, -0.8914247156428236, 0.15157601807893215, -0.05049238106726973, -0.2783847316826055, 0.02557800587391208, -0.427891591840876]
906.1602102819948	(8, 12, 2)	[-0.20977839881465654, 0.4111963422933915, -0.21476996936179438, -0.15864805790785508, -0.20676141404906165, 0.5845763015670287, -0.3273264425752132, 0.5382788821095825, -0.2806512684559999, 0.22976920779097523, 0.2212566501865723, -0.7074669820408278, 0.4339563498489974, 0.22581579737780222, 1.1280552270693978, 0.680204725656525, 0.3787173290705831, -0.48313791017742735, 0.09987666282627616, -0.03155846993449622, -0.06341218502310805, -0.8456818068296592, -0.7995744048930391, -0.35637841487658617, -0.06930247145713805, -0.05987288455081053, 0.6156806148342373, 0.14205823661323022, -0.08345171680771418, -0.5159258044686635, -0.480307195929654, 0.27419515613570417, 0.13328143610113596, 0.5780512396241883, 0.5068397005478289, -0.6196303273442413, 0.30666246519277407, 0.6835267586780118, 0.03564668428697065, 0.4484295219127, -0.3768405087351089, -0.44129219679074555, 0.45687914379753475, -0.10339785741740513, -0.45142126941043725, 0.44094009616884944, 0.0009962463839982977, -0.1347512058391169, 0.5843676169372182, 0.42652845184247673, 0.0665396226217038, 0.2317272185152878, -0.7538325303269011, -0.799626111770748, -0.27788736952652454, -0.26119000003745924, -0.7156880103295428, 0.7809084713019184, 0.14874584503471638, -0.24486570999270466, -0.19556145352768592, -0.024507174163578335, 0.5787197590253494, 0.5804851735865029, -0.13922847993838552, 0.3886182313269156, 0.5590113995862079, -0.14080423292523217, 0.3629692591535044, 0.848997745056468, -0.23069882562936408, 0.4308596567832756, -0.19489480916174104, -0.18111314477179752, -0.10993445054577962, -0.6051610093446584, -0.22554055087648361, 0.03534695083281246, -0.08612308330908455, 0.2589711875535464, 0.10971912730106644, -0.781908992208528, -0.6170038759802791, -0.3366105372338323, 0.11502968405626814, -0.43982483814888784, 0.580801390119327, 0.0790638885245477, -0.34651899753446924, 0.7708741453058091, 0.544835574699937, 0.5885120115844612, 0.5310322991563132, -0.6149027155210409, 0.05441290572576384, -0.5861231988676047, -0.0495440954674024, 0.21248662798640958, 0.20646256487342757, 0.04462511011100865, -2.0822752833008464, 0.1882493065183583, -0.9493478904929784, -0.27513672510405535, -0.6711810444811377, -0.42410768818442046, 0.24604647003581828, 0.4556607525135395, 0.4312558385647204, -0.2229934142025187, -0.484747079222012, -0.41268175693136167, 0.16275850526376584, -0.37727035386914354, -0.8683431950427205, 0.14989058149213091, -0.08759105672844401, -0.2819780891676305, 0.02842811172237865, -0.381984311812321]
1491.089621126676	(8, 12, 2)	[-0.2287800223279202, 0.41416789255580067, -0.21637682980280315, -0.1430908741993151, -0.21461295245360815, 0.6005333390890297, -0.32730369032035583, 0.5395028069221125, -0.2828218561908099, 0.20389331963251137, 0.23870217288113527, -0.713537813487802, 0.4394261408975036, 0.20572954818301806, 1.10849680754061, 0.6674950589223518, 0.37644549908961666, -0.24682699502476768, 0.061819743987211136, -0.027670474405543453, -0.06416040521590431, -0.841857353026355, -0.7966441697500372, -0.3199462659969403, -0.05642957418375698, -0.047235514595439496, 0.5871865575194803, 0.13979085710057376, -0.1297009937446833, -0.5228318331830728, -0.47702017268232394, 0.27120644076645095, 0.13403507819344285, 0.6072935961695529, 0.518075082322606, -0.6116621542185852, 0.27816483245643825, 0.6756651893620517, 0.02783994629663173, 0.4595791791949406, -0.38248097642928386, -0.44274700305616654, 0.174465989646096, -0.09461269772691094, -0.44818118661955736, 0.42923419332455653, -0.10089953074783423, -0.19196482145836158, 0.5839543201816577, 0.42038378644050656, 0.08655723512189846, 0.20979213405182512, -0.6778680417380595, -0.8168535871934183, -0.388011831596686, -0.26621081108034783, -0.7342302008577337, 0.7731589800570965, 0.14179054873927538, -0.2536359155580606, -0.19961058113035332, 0.00821563269391187, 0.5913855507494231, 0.5816128059938587, -0.11980923277329605, 0.37807649296063384, 0.5540818884833201, -0.13440624635536644, 0.3967046477622015, 0.8500403017502115, -0.23099949878533935, 0.43585047642853414, -0.20819188703817626, -0.1843201224178622, -0.11695534953867771, -0.6053512354130575, -0.26848753902486033, 0.03244663346250348, -0.08950806534992056, 0.2670289417997743, 0.09411548388416795, -0.7895840521605558, -0.619946623320701, -0.303044792849033, 0.12227282884336792, -0.4383961834558235, 0.6119165702901125, 0.07372207666695851, -0.340619771130458, 0.7803851562786807, 0.5436408775352787, 0.5620571741715914, 0.5474323327185034, -0.6007341606227254, 0.05981746458499774, -0.5815361987619095, -0.024521378578228857, 0.2176441856523754, 0.5270455324553013, 0.04474154421706151, -2.0835445580135454, 0.19252376504116636, -0.9710137345107815, -0.2718295547396024, -0.685098869289935, -0.3976166397647943, 0.25047299948188406, 0.4515149225861726, 0.43049326159862594, -0.2261184348428758, -0.4849743045828277, -0.387223206673722, 0.16268079267579524, -0.3742326800320159, -0.8782933001622977, 0.14916681299571705, -0.0600596759461764, -0.27775463099852127, 0.03052086165468659, -0.41425376839100947]
971.7468928846413	(8, 12, 2)	[-0.2287800223279202, 0.41416789255580067, -0.21637682980280315, -0.1430908741993151, -0.21461295245360815, 0.6005333390890297, -0.32730369032035583, 0.5395028069221125, -0.2828218561908099, 0.20389331963251137, 0.23870217288113527, -0.713537813487802, 0.4394261408975036, 0.20572954818301806, 1.10849680754061, 0.6674950589223518, 0.37644549908961666, -0.24682699502476768, 0.061819743987211136, -0.027670474405543453, -0.06416040521590431, -0.841857353026355, -0.7966441697500372, -0.3199462659969403, -0.05642957418375698, -0.047235514595439496, 0.5871865575194803, 0.13979085710057376, -0.1297009937446833, -0.5228318331830728, -0.47702017268232394, 0.27120644076645095, 0.13403507819344285, 0.6072935961695529, 0.518075082322606, -0.6116621542185852, 0.27816483245643825, 0.6756651893620517, 0.02783994629663173, 0.4595791791949406, -0.38248097642928386, -0.44274700305616654, 0.174465989646096, -0.09461269772691094, -0.44818118661955736, 0.42923419332455653, -0.10089953074783423, -0.19196482145836158, 0.5839543201816577, 0.42038378644050656, 0.08655723512189846, 0.20979213405182512, -0.6778680417380595, -0.8168535871934183, -0.388011831596686, -0.26621081108034783, -0.7342302008577337, 0.7731589800570965, 0.14179054873927538, -0.2536359155580606, -0.19961058113035332, 0.00821563269391187, 0.5913855507494231, 0.5816128059938587, -0.11980923277329605, 0.37807649296063384, 0.5540818884833201, -0.13440624635536644, 0.3967046477622015, 0.8500403017502115, -0.23099949878533935, 0.43585047642853414, -0.20819188703817626, -0.1843201224178622, -0.11695534953867771, -0.6053512354130575, -0.26848753902486033, 0.03244663346250348, -0.08950806534992056, 0.2670289417997743, 0.09411548388416795, -0.7895840521605558, -0.619946623320701, -0.303044792849033, 0.12227282884336792, -0.4383961834558235, 0.6119165702901125, 0.07372207666695851, -0.340619771130458, 0.7803851562786807, 0.5436408775352787, 0.5620571741715914, 0.5474323327185034, -0.6007341606227254, 0.05981746458499774, -0.5815361987619095, -0.024521378578228857, 0.2176441856523754, 0.5270455324553013, 0.04474154421706151, -2.0835445580135454, 0.19252376504116636, -0.9710137345107815, -0.2718295547396024, -0.685098869289935, -0.3976166397647943, 0.25047299948188406, 0.4515149225861726, 0.43049326159862594, -0.2261184348428758, -0.4849743045828277, -0.387223206673722, 0.16268079267579524, -0.3742326800320159, -0.8782933001622977, 0.14916681299571705, -0.0600596759461764, -0.27775463099852127, 0.03052086165468659, -0.41425376839100947]
980.6453492392413	(8, 12, 2)	[-0.2256874444006862, 0.41294740710931116, -0.21642608132371804, -0.14283033976348986, -0.2118593498740196, 0.5769466618508254, -0.3272881130291276, 0.5394847207740789, -0.28239853214449107, 0.20411376075598772, 0.23861222127205511, -0.713193026244787, 0.43669608718726194, 0.20570029424476585, 1.1047879082993561, 0.6674953299745024, 0.37626229079103984, -0.24917800527564446, 0.06319725292985377, -0.0347991715741109, -0.06476695795802309, -0.8417532210043298, -0.7969932237239817, -0.3348693175095329, -0.06817432699667468, -0.12502376952341654, 0.5965497703189352, 0.14067532815002612, -0.10255726262158349, -0.5228054725206861, -0.47771023034989646, 0.27536921942591047, 0.1339644420635784, 0.6218388064326441, 0.5122476699160853, -0.6031500850893068, 0.2742498101750175, 0.6735809241478538, 0.030729489342782416, 0.45053965746087465, -0.3827176040569158, -0.44271997994658463, 0.18065976376735846, -0.09129824276072385, -0.4486862781726006, 0.4292282449420183, -0.237279049337619, -0.19185972930141906, 0.584070129992022, 0.4232927368734216, 0.08214003021998928, 0.20368126847114326, -0.6886078477690463, -0.8200523802888382, -0.3883936178130747, -0.2663529015344411, -0.7190351727769506, 0.7683357860776824, 0.14132000951654955, -0.253406679753501, -0.2253323190060586, -0.05310658365493733, 0.5883181041996421, 0.5815932755392379, -0.13763963578674526, 0.3868644668466255, 0.5542791825332201, -0.136001649373679, 0.3928635627112035, 0.8499947461129705, -0.23068631668026182, 0.43800382194206683, -0.2047624956062109, -0.18580092648380475, -0.11777196665545205, -0.605258702132856, -0.2537182034942244, 0.03273881538549457, -0.06762350362171006, 0.2618308693457484, 0.09519913662074214, -0.7896912487232682, -0.619984101487934, -0.30300238521920203, 0.12230249489025621, -0.49864665730856567, 0.5784730467021492, 0.07412577236710145, -0.33921201044878657, 0.7804518834361702, 0.543654439583391, 0.5596840432510968, 0.5471028753775226, -0.6005042738894314, 0.059094231663924385, -0.583918505714775, -0.03277689888995931, 0.21517348864456226, 0.5355197505661393, 0.04621514522004893, -2.0831477261167075, 0.16573601689184542, -0.9506757936159341, -0.27573706737201203, -0.6817659377140193, -0.39800161669668893, 0.24994100934959979, 0.45784405233123143, 0.43505286173843843, -0.22592066608317068, -0.4900517647799226, -0.38846108118521294, 0.1626841933515629, -0.3738135459151338, -0.878169119954033, 0.14916678324565635, -0.08700633980788408, -0.2777581954687001, 0.030520849870528523, -0.4148599324996653]
896.410736116304	(8, 12, 2)	[-0.22209630066020628, 0.41333544511633025, -0.215049043504495, -0.1512356299293326, -0.2987393706424865, 0.6166760240732585, -0.3258345432794471, 0.5393951861857217, -0.28098963884795697, 0.22904071423703246, 0.242040299981053, -0.7128612123388093, 0.44114795274242485, 0.1980599935988043, 1.149881129017153, 0.6726239284620688, 0.3786492218837917, -0.25948901569596466, 0.06194833603297403, -0.03269839544755845, -0.0752102353555143, -0.8499739023522802, -0.7983668261283358, -0.356532830976146, -0.027748711653249346, -0.05033284722508018, 0.5637683746147659, 0.11508036612671067, -0.10785967517742232, -0.5232302132197802, -0.4770475256650239, 0.2740060360910274, 0.13272293852492598, 0.6046692847007465, 0.5231199684885132, -0.6210671801051336, 0.2799146854764775, 0.6859811066733524, 0.034115776049449695, 0.45162422963943527, -0.3824705578519597, -0.43872221950634743, 0.27600049439507, -0.09408556707625734, -0.4334104688033762, 0.43265533641675646, 0.021291759144453443, -0.201926145225664, 0.5102899937085373, 0.41464247771172746, 0.08758725399634748, 0.23310851196371835, -0.6358415171772673, -0.8182758667135578, -0.3050107948116503, -0.2645229856947613, -0.721340103187428, 0.7727416536214089, 0.1622902263022454, -0.25124853800696306, -0.19443420269571, 0.05368320521814344, 0.5553400118909958, 0.5713960905604353, -0.1312301040636402, -0.04053088593835023, 0.5552625426144187, -0.14546666980425094, 0.4032259000202328, 0.8498269816422612, -0.21999214651210586, 0.429921819546429, -0.2027555036228313, -0.18637715738643687, -0.11721425406052775, -0.6045836796199794, -0.26163690122838823, 0.03277616964618287, -0.08719481849200801, 0.2688568291393775, 0.09945021804418375, -0.7824283621519038, -0.6178017454888747, -0.30841471486810484, 0.12242082124747634, -0.4361342172549925, 0.5887224034931381, 0.07691911446498424, -0.3671965901408301, 0.7759651930992261, 0.5432326842554034, 0.5592152205906069, 0.5368112126761149, -0.621376877295293, 0.05883420729726652, -0.5780948109604351, -0.07086244990069443, 0.2190250736289178, 0.49005787037424203, 0.04218741613172181, -2.0751784779857836, 0.16198469389615205, -0.936648588229262, -0.278451787965209, -0.8355065763263056, -0.3903524800650977, 0.24972641209011914, 0.4603515073288287, 0.4609164475804743, -0.22337651249294432, -0.511287604336973, -0.3971356127654629, 0.1625551012449787, -0.37754495968090446, -0.8646118359130497, 0.14888796537566462, -0.05994819134439629, -0.2781960103430415, 0.0035318242698450806, -0.43190364189979163]
1119.1370792789153	(8, 12, 2)	[-0.22604961007765131, 0.41320137720934863, -0.21676315804459884, -0.2810959991820641, -0.2104753987324032, 0.5876435488502999, -0.32706456676106677, 0.5396359745520817, -0.2573306751729502, 0.20464661547823107, 0.23928850295717688, -0.7135266237926304, 0.4361247673524159, 0.20727917332317058, 1.1077860772410382, 0.6663218222287632, 0.37651599283114706, -0.3775817335362345, 0.13070837217358489, -0.03721601403810518, -0.06628471997743425, -0.840209014583601, -0.796662673033185, -0.3303228831861583, -0.061342660554190125, 0.34711900753012237, 0.5949823801148547, 0.14034766650749694, -0.1598354276937038, -0.5232223562908433, -0.47780187260586027, 0.27504826618640454, 0.13539481424329602, 0.6047708722599027, 0.5118587598040836, -0.6188626325510856, 0.28051612327261954, 0.6801186491484396, 0.033222833428882784, 0.45101167522393754, -0.38294261158480447, -0.4426750410204649, 0.24300652809550016, -0.10507943080590654, -0.4476243118670338, 0.4308645982462624, 0.07743606538559086, -0.1887473697137856, 0.5841890616314427, 0.41898443592684415, 0.07480282180331416, 0.20161690924994718, -0.7022991558586987, -0.8269284207156042, -0.3790743353455983, -0.2616854131106321, -0.7194560519316852, 0.7760329296939664, 0.1426095165447831, -0.2534458422558053, -0.23810855057020403, 0.0071464196924757376, 0.5869650120231991, 0.59050843866813, -0.14199123305179323, 0.381058524446316, 0.5507375929396237, -0.1360292007986169, 0.3870018853641991, 0.8500035074823982, -0.23045474801467417, 0.4402185892881995, -0.20566197672031344, -0.1858640800301875, -0.11781047831077153, -0.6029271079867402, -0.2423336937655241, 0.03291542605883937, -0.07955276346920719, 0.2661519211660469, 0.10452661378097103, -0.7908626710030507, -0.6168221333567384, -0.3287973704024835, 0.11650521418739351, -0.45039543067543664, 0.5866200390846366, 0.08021396200357021, -0.3657926226803762, 0.7833712998422416, 0.5360955209793911, 0.562195853863821, 0.5500282326880641, -0.6002867943700751, 0.057102345804136465, -0.5824059983440417, -0.03130686410337384, 0.2203458069135497, 0.4731771969514102, 0.04608342859276363, -2.083180879279333, 0.18325973535132123, -0.9503200648265242, -0.27587526668052226, -0.6812630515986488, -0.3986187990527586, 0.25103844654698737, 0.45870443425133706, 0.4342789403587876, -0.2240600221812141, -0.4874083836523341, -0.42052119085282524, 0.16206524986788604, -0.302732958993574, -0.8816898724473715, 0.14863432901001264, -0.082828657293206, -0.28031709595953785, 0.025033139755920777, -0.4115768565330316]
1674.8400160697565	(8, 12, 2)	[-0.21791593423588174, 0.4141293592140085, -0.21253817574301617, -0.1513764272872001, -0.213441790888877, 0.5733211952578091, -0.3186449512354307, 0.5394191906620883, -0.28195746648220826, 0.20897650769496037, 0.24111522572562744, -0.7130084117551199, 0.4405170672317163, 0.1974086039979212, 1.147282272432296, 0.671160278839467, 0.37867732462076215, -0.2584047908371655, 0.06621808647424028, -0.03356892369122982, -0.07182194482883399, -0.852577091332998, -0.7980592145475447, -0.35466796724737254, -0.06759802312020799, -0.04979487645170795, 0.5861914286289727, 0.16763693770458593, -0.10720195193672989, -0.4151528064049648, -0.4771883679133684, 0.27383333361731804, 0.13163922181880355, 0.583194025816784, 0.5168196365298806, -0.6201331986210178, 0.2789195416514793, 0.6723798406016459, 0.03313917121126252, 0.45159589519168986, -0.3826835998763111, -0.43991001151845033, 0.30598028526677845, -0.09890663114380795, -0.44364586955243823, 0.431696595672296, -0.17148637959909002, -0.19825687918262708, 0.5618113684270614, 0.41633891722136096, 0.08711661702948348, 0.22932780400806285, -0.6601015996399042, -0.8171070459614445, -0.39219697236984175, -0.2658620250188471, -0.72048223779907, 0.7731821610498568, 0.12072007379098831, -0.25277613770704743, -0.19420709840963649, 0.05816902436602248, 0.5524438135240617, 0.5809934839328883, -0.1333689630428291, 0.10529919808919821, 0.5541998262963772, -0.14458860857259465, 0.40218853560036866, 0.8496538110041172, -0.22690411330088617, 0.43361450214553543, -0.20276011064934138, -0.189103606781573, -0.11720446377737503, -0.6045235018085852, -0.2574204701026285, 0.032366334636423404, -0.08376726351561659, 0.26926559149870577, 0.09075089841158983, -0.7833415497131432, -0.6183415105662377, -0.30140175012962694, 0.12239251181375367, -0.4687824914346569, 0.5882135528459825, 0.0737068572017478, -0.361989733743657, 0.776358795311764, 0.5430556624980785, 0.5613762134743804, 0.5415659336667401, -0.7098474620623864, 0.0588671212759664, -0.5359811906817664, -0.05328341809147845, 0.22049845673852966, 0.383895715275588, 0.04257910517194481, -2.0830896373137313, 0.16191541505690812, -0.944916681021082, -0.2783298518907675, -0.6393313954810591, -0.4281407360276074, 0.2493992242044045, 0.45637453028264896, 0.4601421302070698, -0.2235621337104035, -0.5086762912614835, -0.39161041646330924, 0.16254628398524526, -0.3777212375603562, -0.8970847455111607, 0.14888826659289994, 0.05835163057733056, -0.27730206863047463, 0.007354948709692736, -0.4188959030940955]
1170.4011246068117	(8, 12, 2)	[-0.22357812203140356, 0.4137648100307445, -0.21202733781538127, -0.15122552979741635, 0.14608006145237865, 0.5792681882830839, -0.3279386926812572, 0.5393180147388863, -0.2719679234123809, 0.20147822238370924, 0.23987707533159283, -0.7125774101878328, 0.4386525526085555, 0.2049824901147386, 1.1188732712367813, 0.6713381359038486, 0.3791714604830335, -0.2628029627513393, 0.04475824772278122, -0.044122709037046154, -0.06460874847868456, -0.8403631102013398, -0.7874165734940204, -0.34682645468628986, -0.04255360559167863, -0.05093826053455211, 0.5909362934338338, 0.15029203893868556, -0.0796307230980823, -0.5458690275435069, -0.47573472701287817, 0.27249949830097003, 0.13264434591564728, 0.6121000146029493, 0.5259615716190874, -0.6010830535111745, 0.2978400401140877, 0.6798193486000006, 0.032210995571435995, 0.4512561725903189, -0.3818063843896977, -0.44133304452229777, 0.35857688341703253, -0.10313048118436746, -0.4502819416506143, 0.4307779173421817, -0.06560325859607385, -0.19742245278804937, 0.524019644822808, 0.4227608981300754, 0.21343318214495283, 0.22355470243107756, -0.6750096522782816, -0.8160880308266041, -0.3780609069057538, -0.2896985552687053, -0.7274976630070277, 0.7766239823680569, 0.14625140390224795, -0.24691164922281367, -0.18661725835141352, -0.013890183616298327, 0.5850858863244199, 0.5878770120852131, -0.13315775937285637, 0.3820737856413047, 0.5707951729094537, -0.13970048778292982, 0.41180238177835315, 0.8495295676230267, -0.22451272583427848, 0.434010434180455, -0.20841044038575318, -0.18524518180551514, -0.11839601900735917, -0.6051011827410079, -0.23228369322085118, 0.033435890910902724, -0.0605732670589194, 0.268164803933711, 0.09251419263318934, -0.8019701131491077, -0.6186150636606594, -0.33000424269009593, 0.12305738532616639, -0.4742989517348234, 0.5930454525006329, 0.07110428471229784, -0.35377554864166777, 0.7801150643298305, 0.5335893007152187, 0.5765313395005821, 0.5415882586606798, -0.633593944384768, 0.059155758054209064, -0.5829557327723301, 0.08124199422111947, 0.21815440361436478, 0.48711528971690693, 0.04417419824852042, -2.089974989227089, 0.16027621094729783, -0.957360478964971, -0.2838609549921544, -0.665781751024304, -0.3749047140388484, 0.2511215159714104, 0.4560722467647622, 0.4597716044591407, -0.22415372474270814, -0.48370369372708655, -0.38079960199002216, 0.1627389150366005, -0.37445694559096354, -0.8675902181762816, 0.1503665025109637, -0.057984728246882236, -0.2607677789963726, 0.023746491895823212, -0.4066353367669581]
1589.9090306185126	(8, 12, 2)	[-0.22551790567192664, 0.41311893094860225, -0.2686050751725285, -0.14598606995564178, -0.24661391522562626, 0.4848693146847186, -0.3319166497388066, 0.5956161963789961, -0.43791876738281577, 0.1988193337978134, 0.24191157993158607, -0.637508830552348, 0.4407357018744613, 0.23133517936590714, 1.1258325232937356, 0.6711877101832503, 0.37896977064466336, -0.3220472930098523, 0.062071868220480934, -0.034813082150017265, -0.06492542504598035, -0.8456244177231975, -0.7976003723766164, -0.36964994237687615, -0.054556958388596186, 0.1050342237341959, 0.5927918166946788, 0.14084179350301262, -0.1078206000048734, -0.5208181579191211, -0.6323791870229993, 0.2746992939696117, 0.1343134712572468, 0.6045226404906128, 0.49934136842330473, -0.6154117514235286, 0.2925825329690575, 0.6829856868404568, 0.033003266902872995, 0.450198464118405, -0.3873508675327796, -0.44153017035993664, 0.3195080416740199, -0.10696864358654806, -0.4428334898356354, 0.4337094364550637, -0.01983617315463708, -0.21091246081256604, 0.565198530702735, 0.41721753807829864, 0.08079948779787262, 0.1891647288784268, -0.6176452314005944, -0.812678058116376, -0.3795449080173093, -0.2659703146078778, -0.725630524776051, 0.7752849070953765, 0.14962352198159165, -0.25776893026402903, -0.21688999324753372, 0.01937663208541926, 0.5948699633855469, 0.575297067558774, -0.1445137257343051, 0.29445488827910876, 0.5577087129621364, -0.13781743207046154, 0.3966368829123288, 0.849863966672339, -0.22208644320421336, 0.42532835607957004, -0.20063024652753747, -0.18939673370095522, -0.11521096672009831, -0.6030669280975166, -0.25063147015411985, 0.03275933558548637, -0.08522966484224875, 0.2745730520803835, 0.10873882868353602, -0.7909734464287943, -0.6090188428642861, -0.3270905190887884, 0.12099868904955344, -0.4320890325225209, 0.5883719650706649, 0.07813780886897667, -0.3584250601795901, 0.7820113177501034, 0.5472526029007704, 0.5688254967383357, 0.5462667068885148, -0.6646235732827626, 0.06627162344135705, -0.5805374354580891, -0.04046918348380998, 0.21431963991775654, 0.4932942332451532, 0.050347648767675, -2.08376862978062, 0.17652449408459198, -0.9466060912707475, -0.2770340547674935, -0.6774598649956551, -0.3962653852599891, 0.24446549597499057, 0.45818476408022346, 0.43590238802651265, -0.22739808749727075, -0.48304340059790835, -0.38770297767726947, 0.1629667316492877, -0.3019140589661604, -0.8504756821412769, 0.15162583252906423, -0.0946251657563411, -0.27992394846646235, 0.02056281478630882, -0.42893970030492945]
752.3002834471336	(8, 12, 2)	[-0.22474702489282003, 0.4137206644787619, -0.2070079906906575, -0.15100015197458058, 0.012320780139011722, 0.5679943084721821, -0.3266234217867717, 0.5522483517761045, -0.2800702084272245, 0.20430920755358123, 0.23960465092043842, -0.7116521070465116, 0.43926656653947266, 0.21597191981483932, 1.1316846248576693, 0.6711049619411993, 0.37904693882524215, -0.2625520705704998, 0.05437724218652706, -0.043816955847923396, -0.0662986565921465, -0.8455710918255458, -0.7919685665031525, -0.3571621682412805, -0.051410447729753256, -0.057720784778342034, 0.5904622510624343, 0.14583203446524615, -0.11768213374202866, -0.4688564340315319, -0.4790039291857179, 0.2724261604740561, 0.1355253715363902, 0.5845646166413783, 0.5236807825379939, -0.6068542499270969, 0.3015745573086472, 0.6815669380544822, 0.03355390011564211, 0.45006809703922734, -0.3838496691593157, -0.4397471080963594, 0.35267825965495686, -0.09639248753207663, -0.4418110408778907, 0.43169985645534303, -0.14829680006537138, -0.1973207516332346, 0.5387077103990785, 0.42061455580225354, 0.2221883778670934, 0.22675315574804872, -0.6764166752482503, -0.8117927864925365, -0.37656943925535624, -0.27733870241369896, -0.7235652457222431, 0.7762627810162986, 0.19785932106783738, -0.24870074320113852, -0.187614144625648, 0.04022923042627891, 0.5753797896859737, 0.5841146252886448, -0.13315526874714992, 0.3436076481821504, 0.5703959109642742, -0.13848302555036468, 0.4058386003861239, 0.8498413405232331, -0.2474065713748143, 0.43422015550974685, -0.2021420063705684, -0.18404214864678203, -0.11626079719573472, -0.6039122504456855, -0.23676066755358752, 0.03195139970564956, -0.06927868981701833, 0.26821273445407884, 0.09976270766545134, -0.7961804346843521, -0.618443735899617, -0.31404427403829804, 0.12315268458322505, -0.4485512115130218, 0.5888062877694593, 0.06971371233436555, -0.3674629930064882, 0.7816967245978748, 0.5409774429267887, 0.5743025986633902, 0.5401965616535783, -0.675245185777503, 0.05913273696450814, -0.5700612781889105, -0.030540989874753073, 0.2183171589628941, 0.48602114036520105, 0.04510600834864845, -2.081842479668581, 0.16661162629279205, -0.9595218436498809, -0.27819396885766245, -0.6744045657692462, -0.40754282443934475, 0.2504035446848579, 0.4600583737377958, 0.4361570259740416, -0.22553088151575323, -0.48184296488729944, -0.3868835068577005, 0.16296675746789424, -0.37392658384502514, -0.887162485715286, 0.15522087928595593, -0.06363346832572675, -0.2772887237194914, 0.023824019333681327, -0.4114801300963534]
975.621763483628	(8, 12, 2)	[-0.2238956240293758, 0.4134121507502405, -0.2157329694332616, -0.149383702725612, -0.18433707984145226, 0.5972257389027485, -0.3276110969714404, 0.5392997414671085, -0.2797647566730851, 0.20589017191702422, 0.23960642750842948, -0.7126211988429404, 0.4381598637866963, 0.20725019911580259, 1.1297969934368592, 0.6710032686693808, 0.3786560752116028, -0.24484943268696102, 0.0812475675335178, -0.03433137381355055, -0.06832690198246964, -0.8484662963395595, -0.8016224627199794, -0.44117196099444006, -0.07342712033103124, -0.18126151895096493, 0.588962668560199, 0.13253048382391827, -0.12554694292677598, -0.5347378426935678, -0.4748663181375384, 0.27293467703097696, 0.132634924825086, 0.6104611613004584, 0.509795553456527, -0.6125295461590812, 0.29236587494805544, 0.6832617888775443, 0.03530595646484012, 0.4481261815228501, -0.3825322924050572, -0.440995536348855, 0.4081352677406074, -0.1024094741016555, -0.44853271386790167, 0.4347116781974167, -0.06758201138083139, -0.186071782879979, 0.5864301024943056, 0.415910557326812, 0.08727854689084731, 0.20235852810723193, -0.7262018358535598, -0.815224526505127, -0.3770273603419338, -0.2365014877392275, -0.7231516196756016, 0.7731676218973531, 0.14524164358554406, -0.2737344060821342, -0.20978769663902694, 0.014146541688573017, 0.5779864874053149, 0.5847905951971955, -0.11918862531933253, 0.36710774423181103, 0.5455785584858327, -0.13614324269385775, 0.40273944577160187, 0.8499932849396294, -0.24499567095731115, 0.4283286902373213, -0.20133069609570567, -0.19862187279741736, -0.11799005028252237, -0.5935458449753432, -0.23452043074232573, 0.0328311081488702, -0.0816451069657666, 0.2647594926504559, 0.09051000774908552, -0.7791589949705156, -0.618649186041269, -0.32425705865646515, 0.12169197446628342, -0.4548912160213543, 0.5798736501431042, 0.07888440940549109, -0.3515257742918191, 0.785303209837975, 0.5370064225565592, 0.5669500600955489, 0.5536132321081306, -0.639897595005834, 0.056024192914126705, -0.5878168821777927, -0.021431958290320942, 0.22819303834731483, 0.4786929288606782, 0.04522931538469868, -2.087690323132223, 0.18025666661666093, -0.967578918312789, -0.27517608347676753, -0.6664122248873935, -0.4132433488668883, 0.2511285206574769, 0.45650294824193555, 0.45003687549220434, -0.2246335419884399, -0.49448708564751515, -0.38433491935543324, 0.170270060186066, -0.3027867766454756, -0.8751549985488737, 0.14888448753759081, -0.03411662761797725, -0.2778809932314229, 0.026867473728600495, -0.4198746451394304]
969.5722069191511	(8, 12, 2)	[-0.22369054746327974, 0.4134084037795265, -0.21854137955187197, -0.14939280439862582, -0.16733049311472295, 0.6048479388653205, -0.3275830699740584, 0.5693016359531492, -0.27737298647660086, 0.20283746663608646, 0.2397409153344008, -0.6629633630213173, 0.4399004564570427, 0.2255364258246268, 1.1160995790804569, 0.6700046956728045, 0.3785827487133354, -0.21978320713668514, 0.06259299312643776, -0.03560678189804096, -0.06469676622251697, -0.8484563811331777, -0.8205507015586159, -0.38118941615110064, -0.06127985227256218, 0.07902049219381901, 0.5835624566707488, 0.1324643019023148, -0.12217481811076836, -0.5295205753734623, -0.22099329985877558, 0.27364491617265435, 0.13248871272282248, 0.6110872723524319, 0.510864707900727, -0.6130250303981107, 0.284722953810323, 0.6829305862675212, 0.03437466293385063, 0.44817995322500875, -0.3846201818582497, -0.43932234229965544, 0.4098981177423558, -0.07754175978977101, -0.4487208318073453, 0.43452596291730466, -0.0798474884489314, -0.19023711818285416, 0.5650973136356493, 0.40746354437772003, 0.0864061981578703, 0.20104932128331388, -0.726937532551263, -0.8125477478589815, -0.3734420202124732, -0.23136265695691546, -0.7233253893108331, 0.7751960189618621, 0.15019647962681715, -0.26005249336528574, -0.20732013086462497, 0.024662725258199413, 0.5777101951289614, 0.5769936690754307, -0.11936249857093037, 0.30609524100216035, 0.546294305693855, -0.1363780429153012, 0.40168059761773833, 0.8499924869798345, -0.2701238203415866, 0.4277637573323318, -0.20451216663862237, -0.20186645661943461, -0.11480783506940027, -0.5994555949459145, -0.24142804784220187, 0.03229699634630608, -0.08216560613443528, 0.26516397988543794, 0.08785345930823273, -0.7873017142986708, -0.6177554784967083, -0.324763676371994, 0.120937666634029, -0.452063679598269, 0.584201583864059, 0.07888192227140302, -0.35338671173979885, 0.7726705402947197, 0.5490138635323945, 0.567540799059758, 0.5313676847529616, -0.6452876692053144, 0.05729014956580146, -0.5839206831488466, -0.04577851195584976, 0.2207493447536288, 0.5000657593920269, 0.044980154714299454, -2.085432752282084, 0.1816750371186684, -0.9467800372714159, -0.2751537846642556, -0.666857129328445, -0.4063301970516391, 0.2872755091231055, 0.561767450187866, 0.4322154764835293, -0.22729441767887495, -0.4964205398842324, -0.3872402551365489, 0.17132791714761397, -0.3059987665084488, -0.8727746076421622, 0.148939391452623, -0.09583762922438227, -0.2796662760287987, 0.024244983125903202, -0.43084431714795224]
