229.79610285581916	(9, 12, 2)	[-0.1359574461449986, 0.1364165674110378, -0.9561866480097789, 0.0023548114131430875, -0.25400178149122987, 0.323533298022046, -0.9987588281928905, 0.20311962684053286, 0.8484754009133089, 0.17314979595592384, -0.23574575749031879, -0.11144143068953993, 0.21846715237896386, 0.46105603453357236, -0.6317473851730357, -0.033007140800397794, 0.9113972289370769, 0.5767936306835904, 0.19356231677396152, -0.12855610721267663, -0.8460164855958827, -0.5851911122192635, -0.5850058793564319, -0.8888943577912651, 0.1938915283628393, 0.533199077816868, -0.6637924181785082, 0.28306195890554964, 0.9642101174316493, 0.021455382908835308, -0.02545139693702758, -0.3031838433276888, -0.8920559775359336, -0.41370577224948124, -0.31384518706031184, -0.3497629971391927, 0.6082328485765554, 0.05935682780329232, 0.15575204506302942, -0.4396935643712674, -0.1973076859500198, 0.64181242026807, 0.5471104923751478, -0.7406693527288937, 0.9406862802116995, 0.5406150909626024, 0.7134497892986713, 0.5787042913692035, 0.05982782689053456, -0.24812274740782914, -0.46514979161866554, 0.47259437226815026, -0.5520857272509454, -0.8064322345813946, -0.01092756455723709, 0.826238699077978, -0.677855935836104, 0.7318490051834248, -0.3182277116074488, -0.10646074546244133, -0.865856173628456, 0.6869934024801674, -0.529410138159923, 0.6114081890052512, 0.026050145606698827, -0.5693534188444951, -0.07283176701716276, 0.9729523336805423, -0.029934632102871284, -0.3938075786691897, -0.428346030631217, 0.5279892401169308, -0.08806263260520142, 0.4808394670292768, -0.06861213112782205, 0.2455905843303745, -0.32355426240645846, -0.041074351284559496, -0.7923812713361449, -0.980495824176083, -0.9812472232441021, -0.8721386838597964, 0.10442718676055218, -0.8461487957442131, 0.3330983644897221, -0.9059001647224798, -0.14017616033882652, 0.9378334175579446, 0.7910760181348815, -0.39418242058325537, 0.14855167543905878, -0.1710687356431737, -0.8574519649595198, -0.7138642067052396, -0.7748856478331385, -0.9050844572618799, 0.3807359239009731, -0.7750834918854423, -0.09298925869844066, -0.224409497619541, 0.6194804426006377, -0.11938642063486471, -0.5250144206744212, -0.9177929532252138, 0.4105502137710564, 0.323110116439677, -0.7920175027851919, -0.5871534088658634, -0.6095168932928103, -0.21653397769487026, 0.5724502377364995, -0.9728814875628813, 0.3125466151794771, 0.32487496974948793, 0.942501242036611, -0.3234388562947901, 0.4462964868115622, -0.6069253964101122, -0.36115809701608215, -0.28252421526665783, -0.3220545114333304, -0.9441076634976309, 0.11881795680779694, 0.24013661447357304, -0.634216117311829, -0.942128809778167, -0.26772659058750237, 0.9888751277044534, 0.5442486131409343, 0.1930396866642219, 0.16426969949208714, 0.7722474054306225]
260.74636742464554	(9, 12, 2)	[-0.24897260659505877, 0.43149547634359275, -0.1499148211451098, -0.18561075787582262, 0.27488986585274394, 0.4243198728912033, 0.06999399135812365, -0.48499751427424653, 0.08842469415130272, 0.284599832010184, -0.4256101919855973, -0.37074487431788516, 0.019295019615114928, -0.050733789168674576, -0.39498236877773246, -0.5864889862230525, 0.33016090826273903, 0.633433155508279, 0.18340086076195294, -0.15358338102234373, -0.1774334566572323, -0.47724756749765684, -0.0908045780172608, -0.3575943314193477, 0.27859180173478787, 0.5449394804756352, 0.13286734366827385, 0.3802962307125459, 0.7252931164177827, -0.2729670710477492, -0.07293259131052982, 0.16428487106802933, -0.8311697020921383, -0.3644761190834584, 0.3251319457911499, 0.0029221089342049145, 0.5588474348700266, -0.8598846823026695, 0.33375201169047586, -0.43441095841054067, -0.2768320201789256, 0.29262955994475975, -0.26218749343755726, -0.6204294993777715, 0.8549058029692618, 0.029544113311348295, 0.7136742566155595, -0.04724231603656959, 0.084806862771705, 0.5389346017722285, 0.44126050801125644, 0.33961557511007173, -0.49770815260104206, 0.41289825229324356, -0.4349844729951663, 0.24566789522946342, -0.4927759479567024, 0.6468862339019801, -0.3206202729513392, 0.2650006447463464, -0.8615858381600539, 0.29885562800820686, 0.5900401729293321, 0.6088635992176061, 0.0024111363784376783, -0.5835342330097136, 0.3967157524729807, 0.8466642544272955, -0.013021402803496462, -0.3217223406556925, -0.4684413784230772, 0.14778321517476822, -0.06921165807742327, 0.6067154381723256, -0.6933008596624931, 0.003408674644216403, 0.309624464989478, -0.17301626913252807, 0.04483800648853224, -0.27455745725337155, -0.5952083689867302, -0.7229296114891893, 0.09901105911541425, -0.6210986581695298, 0.2226497129340769, -0.8219040262365883, -0.09662870608191573, 0.6647813245616213, 0.6391714341293029, -0.32222231466834317, 0.21134460528503524, 0.5074151337716297, -0.6676053166207687, -0.6826365403560639, -0.6844691337071968, -0.7373058649086673, 0.5484389818751182, -0.5693782084682921, 0.6752422918299756, -0.2987373680116354, -0.05823584503620427, 0.4310581040994622, -0.33346686018593374, -0.6980938776755121, 0.3325967524686878, 0.25624490146392015, -0.6474432684774946, -0.406267738143875, -0.6565281995334252, -0.5096984544627523, 0.6009641121279847, -0.9570096339298593, -0.34541149009320465, 0.31851245726305455, 0.7972718172280513, -0.26491472040233965, 0.5368462890656525, -0.06317561352744455, -0.4574903459314713, -0.2982178942081013, -0.29961647273103775, -0.7796811425875741, 0.15245123674156452, 0.3303509228719632, 0.18360329709182527, -0.3106401020332593, -0.030498473748149568, 0.9084635497062944, -0.1891126261730509, 0.37498403790645707, 0.39369733544323937, 0.26620659895109194]
408.9816874095251	(9, 12, 2)	[-0.2384996426048999, -0.321930996539397, 0.4188339546293881, 0.28980245483158296, -0.44331521223505277, -0.8426090652968147, 0.08822318416057076, 0.5266417637386422, 0.2476633426078509, -0.34899030954654003, -0.6296016543202367, -0.2711704894735469, 0.6274981386897355, 0.8803652479381652, 0.19375033172948947, 0.18642421662803715, 0.6838085371442002, -0.548066344886077, 0.2924589239089643, 0.6434417894894293, 0.5101405873958043, 0.283503440670259, 0.5226206049546438, 0.5652293126979048, -0.34707744116137285, -0.11894222226009324, 0.20319008136134853, 0.3796768770884963, -0.47572397514983666, -0.38282994567585776, 0.08416891898074921, -0.5615335084207035, -0.3056866389284133, -0.054766064876287046, 0.24403139562791704, 0.4089483158010264, 0.04685788097297813, -0.5260445122961694, 0.31773145470776576, -0.0003379492349802407, 0.24391154319051817, -0.3126443679907133, -0.32038710527525044, -0.10947182311505022, 0.0302941563010498, 0.4249588361470965, 0.5852384680681237, -0.6382383355387868, -0.4529168582870431, -0.4468668868909833, -0.7691771616902175, 0.3953128312699121, -0.16006108213076015, 0.3692959080934074, 0.2129056386174825, -0.5939613070629481, -0.19812257407659042, -0.5134313028849551, -0.20587449792095452, -0.3398373343891474, 0.6218065357049706, -0.5296609189022435, -0.686324916863063, -0.49417402570692626, -0.18277847163274474, -0.01020288552958415, -0.1215325789433779, -0.23062887247557934, 0.006383609542034971, 0.17326587042679348, 0.472629488159191, -0.19246016374297914, 0.6359733198770984, 0.06716573577778931, -0.05405266646792069, -0.578587717584419, -0.23466669810125926, 0.426086110841104, -0.421175873299931, 0.06887023713998894, 0.5466196733794174, -0.6705514834034731, 0.1372345717740244, 0.22766950076698045, 0.4715182398452984, 0.7099980530838368, 0.34340219986573284, 0.10782830645291132, 0.08725359332953776, -0.4842908115649405, -0.28901934430751425, -0.08888321981311331, -0.13073302921478075, -0.48131017019239214, 0.1449593482941901, 0.2902079808313961, 0.23028920116412765, 0.37897636561112036, -0.013504025619826568, -0.6859116947994766, -0.12339791740811584, 0.4431629331117524, 0.40485137058409804, 0.17934554009268974, -0.4821343199162, 0.06407268898268821, -0.2258177676165341, -0.17499355864754812, 0.18104411122276515, 0.2232388899408556, -0.7413089851826368, 0.42282007053757437, 0.24753364304015393, 0.014724564015647451, -0.47042336915652294, -0.09477397695290163, -0.8050009540200376, 0.4318958295910623, -0.09314748028654181, 0.7180871364967778, 0.05691184764223804, 0.04032160555078779, -0.04293554061275916, 0.04310101020855671, -0.09314185191510345, -0.2766739469341706, -0.05262485437302682, 0.13681264427031362, -0.1375423672239918, -0.07937783815743316, -0.11070954252302126, -0.051753768512585306]
716.9401440731456	(9, 12, 2)	[-0.6231059673112009, 0.20890735921976977, -0.34732553906387864, -0.34089037381569925, 0.08481460170753423, -0.80416113752243, -0.13248321874660612, 0.546636992564008, 0.3425887262183932, -0.3910722281344128, 0.711213375260055, -0.5896832338975028, -0.11404062415887613, -0.1962357273559147, -0.20353356327452307, 0.22896944295853394, 0.397119301435097, -0.14856979441147788, -0.003941320678530966, 0.24536235603212533, 0.23956036821125057, -0.5434841551135118, -0.476723248091592, -0.197007784738841, -0.015940741390365165, 0.2970330875380395, 0.1767898062911144, 0.38300940568753955, -0.2568534698229874, 0.4800142343456836, -0.2625902171401142, -0.2811143366208961, 0.10406125623766815, -0.3323130647832141, 0.517219140170847, 0.0045197701512894005, 0.03163035404329981, -0.1512669414966334, 0.307729174802465, -0.38420649222962516, -0.05843602500304357, -0.18797013881028884, -0.392578523948452, -0.0946475388194507, 0.5378713724102584, 0.36135183789034886, 0.5309490568562794, 0.16412022266811202, 0.06330961995622657, 0.3122643162262738, -0.2875223453754501, 0.2094184275347674, 0.0966505545457069, -0.7127918157860006, 0.3445280600837135, 0.11367979696912262, -0.5893785043023477, -0.15431467495924628, -0.4777894667595207, -0.14538446841912117, -0.17390055132581414, -0.34719144354580456, -0.017453578483758767, 0.04700476419309261, 0.20775274260707552, -0.22287656786265697, -0.24505020020945445, -0.45028261188372654, -0.026689332761128892, -0.09649567863882587, -0.7415359630330101, 0.4023729357771853, 0.4436361151814871, -0.38446704502410817, -0.5416409695304314, 0.08934411129578695, -0.6223278197293605, -0.16284389835944654, -0.2150682392813648, 0.30252461167113276, -0.7776636326823261, -0.5801160993759426, -0.2842743133231996, 0.46104525653944983, -0.0709688329480741, -0.03295260213229663, -0.042056226254565704, -0.00469247072857823, -0.13177131290395006, 0.17979957170097333, 0.17337140049970023, -0.1136843571323714, 0.25743988536718015, -0.6603271987927551, -0.08033973793065788, 0.0775765563524493, -0.3900526532904292, -0.4400435534393835, 0.08845656859049035, 0.11091484104803308, 0.21739324771139013, 0.3727240579281229, 0.20063783191573864, -0.11581648125839882, -0.17463777190485597, -0.28588417800526306, 0.0922194764430399, 0.04218415624724865, -0.3154273672238178, 0.11644841240542297, -0.07762022891536945, 0.42746056160537466, -0.023895212519885804, 0.08686685082541279, 0.09810882728716583, -0.2273949593335388, 0.6049433126350309, -0.23836842213967488, 0.23842024799440384, -0.3855220998997012, -0.292894328808049, 0.21564840859928847, 0.07239624062440546, 0.15125782467699703, -0.1437878632519433, 0.14243002236447413, -0.08715266166533137, -0.5447397520703327, -0.3071137570345157, -0.2128712173731121, -0.09981733786143522, 0.6537248526039889]
450.91350646040365	(9, 12, 2)	[-0.32590462848092505, -0.03679123965318652, 0.2165496737046021, 0.014624638084560219, -0.5303969634336724, 0.2999421159173002, 0.30467709200906445, 0.23035891368720193, -0.2371840979185483, -0.08768208193193755, -0.05250530239731507, -0.008528959176662784, 0.17138654174877765, -0.031914653618084515, -0.21360554957592176, 0.08279855727070679, 0.2866662258284914, -0.09686459132213153, 0.17733500615488534, 0.21979461949660617, 0.2334871850041741, -0.22767382687114007, 0.32815494391089217, 0.2641400059532511, 0.030301565626220255, 0.08086099722076288, -0.019605764713390206, 0.2844536513122541, 0.2831056815659019, -0.09595691980912807, -0.12851054098442455, -0.1443575157513856, 0.5240796325796087, 0.09975910064510729, 0.5791818070058522, -0.11041957844843059, 0.06432226916544453, 0.2700062538768561, 0.26021788001687296, -0.2991997009611822, 0.08302614621387729, 0.3857985752973957, 0.23539712655208678, 0.2580467634003448, -0.14538935316700283, 0.44854227250221285, 0.12944049302150618, 0.010173136049073161, -0.0626893330479648, 0.006939850410068116, -0.08205405536907832, 0.378200582729581, -0.2585167582759874, 0.15367863666018947, -0.37968649671225163, -0.05745799327242487, -0.3776285922685378, -0.11727781150978543, 0.11196153491316575, -0.5956410578533666, 0.14937854247948648, 0.5826710566774846, -0.14197271927548683, -0.16289354982812423, 0.006491533771317198, -0.4807535192817075, 0.019458380506955655, -0.5549926861836341, -0.04527558122683545, -0.33793380890476515, -0.12633611345554308, -0.01884567089639849, -0.02620583929614201, 0.5663451784970367, -0.5555454115561711, -0.06141167910363489, 0.19003035384384098, -0.377560901377004, 0.13234514316706994, -0.22670422977460686, -0.21745869536048995, -0.16471653435681588, -0.08062399932693114, 0.04985111728849037, 0.3442256776064073, 0.4478424752898262, -0.3591821101093019, 0.021679920852589483, -0.19899576483802078, -0.2402023167876688, -0.25862564279665473, 0.504778050705439, -0.2340469848010532, -0.10671039506482055, -0.43202555294313816, -0.2468794879995403, 0.06643557744179736, -0.3909280937212601, 0.24578350449329528, -0.18166312682736113, -0.08074606188044738, 0.302541807579551, 0.026179459165165536, 0.26904322912532513, -0.004731112713027737, -0.1495448716208088, -0.3290409952975567, -0.1977571836181471, -0.039497355020535564, -0.05969312784698567, 0.2852098862694254, 0.010922913925517856, -0.3035084614045872, 0.05441898795590817, 0.4244115946979667, 0.12180151938963805, 0.00012977793502250146, 0.2475001621400489, -0.3537910836910696, 0.677255209828274, -0.004013796070855752, 0.3251340334060473, -0.03468789733709976, -0.07465786858671046, -0.16795844465941562, -0.07702216486077312, 0.028590411733675113, 0.3348283457085272, -0.08520016667643057, 0.15000787535086413, 0.20194819317562407, -0.12609013354717716]
949.3282507154715	(9, 12, 2)	[-0.22631438948553792, 0.2648582353507555, 0.12379606526205963, -0.09370499302099487, -0.090542854293796, 0.3142270286020949, -0.05428024286640335, 0.3976934235443566, -0.383257575915469, -0.1536387280204496, -0.3919073027199596, -0.29581192184011573, 0.21142032308482128, -0.18492367088632655, 0.08511547808126918, 0.6331607832100272, 0.27579922998027395, 0.161051759151564, 0.32638190153167557, 0.11226367892809985, 0.1670559795450624, -0.11786077562741279, -0.26634783171824417, -0.023020993263990115, 0.39784935864376886, -0.1484942991935422, -0.08073365654682807, 0.34495044131183067, 0.06413611031334758, -0.08302251072141839, -0.039943291455739056, -0.11527006122285638, -0.21652684332616812, 0.18612847213273936, -0.43309555976639136, 0.5489125420962672, 0.02063352461458018, 0.24246182718487916, 0.2016627520574159, -0.30435046477412775, 0.10274451827597955, -0.025696189498870002, -0.04201449621358581, 0.12391890533985266, 0.28831662067164804, 0.19152779528184793, 0.3617328345184334, -0.060311052702846424, 0.12832873076997559, 0.1073800167291755, 0.008766094792360735, -0.0383498127210815, 0.0062920563586422555, -0.1394239130394251, 0.046194247452416154, 0.3383195601137106, 0.035441628979793915, -0.006443736035294502, 0.1600247620058956, -0.5885205332415734, 0.34695811384189795, -0.05401187561637872, -0.3113294490978648, 0.29513229498372867, -0.44544463669268747, -0.029228038681612403, -0.1595381169949886, -0.08626393053902892, -0.28338031117741824, 0.22773901597506752, 0.3009920616210828, -0.053918407095024753, -0.009160910800220454, -0.4282286977678741, 0.10209087522772775, -0.23243987477593242, -0.18320112308315611, -0.054822312161201196, -0.06371151516898825, -0.11992883435654021, -0.012873850839634604, -0.2857864827040073, -0.24346181023844435, 0.08918786772975501, 0.3127736009874885, -0.14332040770874716, -0.13750250824664353, 0.11693253459982438, 0.00020310158763924566, 0.04774184086193084, 0.37834493691884696, 0.17974529855512372, -0.46568300557086284, -0.0883058073407243, -0.18634527939379306, -0.2510439045729964, 0.03541944814324104, -0.09430527963783628, 0.033088933776371884, -0.3003094297670257, -0.00207043551513883, -0.22454885955833798, 0.40476796936589693, -0.13297658306127944, -0.04880754291128713, -0.28209458007267724, 0.008608686721682465, -0.19572772957700185, -0.05218595437668004, 0.05448753048603838, -0.053817178364784266, -0.3613220660508376, 0.02070181808416266, 0.2322566319843959, 0.061599524971647356, 0.3186687523262786, -0.01284222932266113, -0.11570134551052748, -0.2296993510807985, 0.3242530223795368, 0.16491529448678482, 0.20775968732348737, -0.28425372436529917, -0.013227413480034103, -0.12113250994498008, 0.025383527036991416, -0.08137278788820772, 0.1753907082799902, -0.05554787463025293, -0.27958281902621396, 0.005017328029930539, 0.15972090669189695]
1376.6502280542159	(9, 12, 2)	[-0.12000076369359738, -0.18615216660177242, 0.030111292638182963, -0.00487461566686442, 0.3105109377960884, 0.4662600676287493, -0.025808351333514848, 0.097928405143047, -0.02894109857294906, -0.40011045280139346, -0.014947265848134647, -0.560461608309966, 0.00466849327218366, -0.1458555743873349, 0.13015738949658365, 0.5849434434525276, 0.17842651924262629, -0.2578953716793389, 0.006994857434603641, 0.2519227280719585, 0.14853872796577558, -0.20191280462745526, -0.24210708931293298, 0.35481238562981576, 0.36995233562876717, 0.09088677932430937, 0.09978390810101304, 0.6004738851386532, 0.1452015283466757, 0.23279056415484697, -0.11238106678562051, -0.09945895607304434, -0.27690408120210275, -0.023559658283969432, -0.39127645237511777, 0.0002038391309120563, 0.3880165591418744, 0.26834881886190975, 0.11292335481795271, 0.023509065304254846, 0.2753892804537344, -0.12288199783419819, -0.3131053200407535, 0.07679664169856044, 0.3066896966544926, 0.525701640790597, 0.32691652823719186, -0.2515830186082919, -0.3097003730590194, -0.14490379433393355, 0.5556692248357974, -0.022210822546112147, 0.439681221966999, 0.0052643898311632575, -0.20205212316573834, -0.05069096997202757, 0.2290655802827526, -0.1551584254817615, 0.12659803336896752, -0.3441528543643256, 0.24011510952842768, 0.11786432590138733, 0.08477669687809089, -0.26080716151676425, 0.25472158250673516, 0.2304231345310412, 0.3252462660522588, -0.13549354879862352, 0.03157477250572485, -0.5842513397915132, 0.05679525588757613, -0.17066368176650024, -0.05390804635883553, 0.2713353781588593, -0.3851521619400012, -0.0636748703715645, -0.10210992492760484, 0.04280138626119644, 0.24202253334374235, -0.2529310989410839, 0.0021873693438462516, -0.44580489332017814, 0.2916676682838121, 0.042484214015232585, -0.0523786535944453, 0.09068496937417576, 0.13726996515916157, 0.24206718025738505, -0.137825322718949, 0.16134527158950895, -0.17185508792990206, -0.16004220661280136, 0.0617522347267219, -0.03144300492827705, -0.09375631262832097, 0.08264865524342065, -0.4719077175449735, -0.4525271628618866, 0.30134313942824764, -0.18572315058267028, -0.02603869523777522, 0.42728891176256667, -0.4055748481697243, -0.36131095289651854, 0.09972585734101617, -0.1039738666097593, -0.2437113243332416, -0.010912529907906893, -0.035411560525137956, 0.5882644440399268, -0.4310285447920767, -0.4913412020524957, -0.2411114147632869, -0.011324446208791732, 0.05134900834988772, 0.09404545460000399, -0.011102110844175408, -0.46065375240037054, -0.5350647666720905, 0.24872885960608146, 0.15447073546321116, 0.4442109853577074, -0.07569464129754071, 0.028682393062045543, 0.14227674165726606, -0.06747300083445594, -0.32119897412069554, -0.25327699340819, -0.3554589772634774, -0.22161106619716214, -0.07327310404391298, 0.096984342494439]
864.0305225245402	(9, 12, 2)	[-0.48306126376960806, 0.31555823136028943, -0.029630520736789734, -0.20579710687808594, 0.1431395111928735, 0.08809669120132198, 0.46558471834488063, -0.3992664962183914, -0.16946371970075774, -0.12130260047645337, -0.10318502291285998, -0.045935295689132065, -0.24015681871038805, -0.01323484067305766, 0.10829218558994991, 0.5963016231084834, 0.21013419205700612, -0.03047605420126578, 0.10375988487060714, 0.17061895959145934, -0.12994466714474182, -0.09515954065131817, -0.11999407714008699, 0.01899588775924578, -0.10876536264608257, 0.0851589077479667, -0.03596086309284881, 0.429896336711026, 0.33731453884998386, 0.27387104519780875, -0.2046980764647424, -0.1853577937585719, -0.16888793188364043, 0.13453754371393212, 0.02435492424467711, 0.12398657198468263, 0.09603321991755415, 0.0054901086037185826, 0.2155242170002229, -0.3143828523040545, 0.11671190799291883, 0.13331245360296468, -0.1463078933199158, 0.11982036898614494, 0.0888612740680052, -0.2556802451813682, 0.2816677952288603, -0.2559687274554542, -0.08235131219064498, 0.12771564676970246, -0.015036829679345434, -0.06892893086437489, -0.14129070333238383, 0.14112330501023795, -0.06168282273497099, 0.18994751294297427, -0.21251784629544956, -0.3460343067226126, -0.024395022535647525, -0.36121609772349084, 0.2978047274601196, 0.09404722884381245, -0.08002696252320457, 0.16829179881028838, -0.15838998034373525, -0.13319918482046977, 0.028163272747837226, -0.20344666564020858, -0.2865775234217793, -0.27689592075436226, 0.15274218745779083, -0.10331305102593631, 0.00947034545452835, -0.06964909249067229, 0.2362216740744077, -0.2476028894410257, 0.04301929937774225, 0.17991592890078667, -0.08984621466152948, 0.013010759736177224, 0.1246885384387068, -0.08177466246111514, -0.15641028173182764, 0.010770504950940271, 0.056697463491770406, 0.054160899902913354, -0.08817129798442903, 0.14104512405324496, 0.2832065607515473, 0.094144453805837, -0.0960100342961234, -0.010081912574266598, -0.33866533545938626, -0.22238353308935244, -0.1694597158758735, -0.12769878584760144, -0.04349689196682994, -0.3392394277789407, 0.21079462141554256, -0.18617250252760992, 0.16839672107816028, 0.12152385447776222, 0.031084276292698373, -0.2622451265462636, 0.0480057656461502, -0.011838332130501464, -0.05297247989876043, -0.09952207731482612, -0.13163856029465565, -0.09269236218585544, -0.24464732455163482, -0.29843504776943597, -0.28085946205518186, -0.06575115468411147, -0.0561304890121418, 0.12975359855602986, -0.3171087250437945, 0.04454170139590873, -0.19778968329751, 0.20016747424047035, -0.02334270574792073, 0.30971064074716026, -0.2531431592609291, -0.1379103935597072, 0.030162130774872592, -0.14550667898521186, -0.1048711769072733, 0.4139523504449821, -0.08823039652408703, -0.000870504340224551, 0.09863491855322641, -0.021628673595246277]
923.2917761864694	(9, 12, 2)	[-0.3368721359653342, -0.04257637651219855, -0.19194925504904467, -0.06752253225326371, -0.08097974165641322, 0.15073324728201548, 0.1915939289094399, -0.06663592885883218, -0.26881870957905585, -0.052516777883522305, -0.1454993225438293, -0.44775745359409624, 0.001133647169916277, -0.13546942098664633, 0.21739705145874488, 0.40078684102418694, 0.21496678293892907, 0.007989338752295544, 0.13091073283090013, 0.17760587021630334, 0.048410745134275734, -0.28628322398042577, 0.08221841016637221, -0.054432588774714984, -0.038997597376415595, 0.047766278955543216, -0.0339365520927345, 0.3771564341569843, 0.10118917223416501, 0.15213582706152945, 0.0065636155040166635, -0.05744362115053553, 0.09425544419536994, 0.0656633120434849, 0.11097106909755532, 0.08233579910079375, 0.10381983870123442, 0.11517647948828781, 0.0817024747511564, -0.12951306531423998, 0.03430221205527716, 0.205176582839535, -0.13358422838929596, 0.014059000247524813, 0.13780749050379582, -0.07014098145754227, 0.21579666258639876, -0.30734082563398263, -0.26033187677442327, 0.27017078277955886, -0.041704509283843894, -0.2147910196716764, 0.044727377862732814, 0.2787107419257169, 0.030978735201533988, -0.28492721590518677, 0.2865497862138956, -0.46371162678328237, -0.06856766997240467, -0.46735288104549594, -0.005905143379979981, 0.11065039403778246, -0.3204035487672769, 0.3149448529991982, -0.040913726843143136, -0.07767543452025545, -0.1189448881810332, 0.12693760034059828, -0.21422785886969514, -0.19621122485490544, 0.1362333972983125, -0.07381180174916012, -0.2694449573009088, -0.2172852209254065, 0.01246042848232725, -0.13963619513542055, 0.028315952801631683, -0.06821549652449145, -0.11452276701888839, 0.09197566268396594, -0.15479921428136015, -0.21487933639424633, -0.08257149362588379, -0.4021653570300041, 0.2533839617603068, 0.001473301904263309, -0.08782210559312645, 0.2989344122175823, 0.007065753031632302, 0.05607945131555277, -0.10491972844438331, -0.10681039609385963, -0.1484631677335686, -0.18658709265159493, -0.12445619666097404, -0.0074496724388323395, -0.09842838401802355, -0.2816298010017877, 0.07766103693136966, -0.22438301059419608, -0.16188712263246063, -0.1048446097374762, 0.1228351898699203, -0.20426684230335856, -0.295571047337933, -0.01467141723203793, -0.180940772948246, -0.16030986160292685, 0.04264051459649075, 0.05495311339039158, -0.27762442717824265, -0.12985101705018412, -0.13977017936558325, -0.1486886730247362, 0.19082872468318973, 0.10228871647026017, 0.019884987843188505, -0.23066787098830951, -0.04319281965448123, -0.0950005989665975, 0.09042965462117264, 0.0920358232205064, -0.2691270681295582, 0.06759160243838655, 0.06922802044707452, -0.10548066104882468, -0.11342272374116669, 0.14289710701467218, -0.004453262260217326, -0.2056768969036497, 0.006657487719371479, -0.09138640952262855]
805.6410988794202	(9, 12, 2)	[-0.4721186174209378, 0.08491335136623294, -0.187830608402637, -0.17179767105582905, 0.18066357408394382, 0.09387017113049465, 0.40737348336433243, -0.39573577602801635, -0.16198540358947913, -0.03753407927600813, -0.15126263465206818, -0.17853095419485257, -0.1625884820397651, -0.19594427733482694, 0.15756773642325794, 0.5127568038691708, 0.276718889767675, 0.03569185414157923, 0.22946454858865065, 0.2898701235328463, -0.16388864820082408, -0.3134134686145639, 0.10692551581382428, 0.062413979653137684, -0.10837192328410024, 0.10291211337598272, -0.08327593563027644, 0.3795285165453141, 0.29650201558348366, 0.13796976276853815, -0.20766599837751443, -0.22475020440972715, -0.545703793294034, 0.0663388496147997, 0.0014831848654160706, 0.09235380269118752, 0.0739977847365423, -0.010255205705201496, 0.218922350665597, -0.24335232815569183, -0.05135789252624408, 0.2128148584695658, 0.018980476370094965, 0.053361429653120365, 0.22979891594002466, -0.17181284926497845, 0.26680981551844446, 0.17979549284086324, -0.06910421318168805, 0.3351517550829751, 0.03541566167056821, -0.0549337946205303, -0.23436842763646232, 0.0477685639471889, -0.11264884656822068, 0.19032829753869962, -0.1593152201394981, -0.3271179286769255, -0.14537676278175948, -0.23140225931184594, 0.08969214775204343, 0.17523294011009463, -0.15361320835356856, 0.304799747381741, -0.24282911586620654, -0.057704757668857715, 0.0015560859807453621, -0.037705463508317986, 0.039023190506560335, 0.028687577365478244, 0.1403267101125068, 0.0033417137332059574, 0.10197318766999887, -0.29501450850367894, 0.10184364255074452, -0.3478692454794265, 0.12307212122213251, 0.1737434402627789, -0.10336996151838376, 0.11587109340205451, -0.10735233447278608, -0.1030950585499147, 0.10508880575598877, 0.011756539167820303, 0.11315306074502338, -0.12504255081493507, -0.17077858925007136, 0.17785299682455671, 0.20269633519027416, -0.0677041866272327, -0.14773962323892326, 0.21891745225374407, -0.2971713686720839, -0.2852224335274275, -0.2036799836065165, -0.10672493257053871, -0.021566099600306705, -0.26220884027307345, -0.08796638804194373, -0.14834158031153033, 0.20367915527755337, -0.046877272990173344, 0.04164182991899243, 0.03574103085715258, 0.03452510051201291, -0.08432001126957793, 0.11029495876521764, -0.0953007878623754, -0.08016974759559115, 0.0844520697068408, -0.4384919319121811, -0.15095014111641042, -0.2745691053417052, 0.0747669861163772, 0.014452482861731786, 0.10025229662096057, -0.08919084222976163, -0.04793327979756288, -0.06159839853469318, 0.07692033019972297, -0.02332909767902794, 0.2824060713473249, -0.06160271133768015, 0.1826524175107417, -0.12140075557112755, -0.04756841688223963, -0.16395781113024932, -0.0021772523320823384, 0.0448320963001967, -0.07353952997770545, 0.09805615007388345, 0.015086974999727713]
1359.0791470482372	(9, 12, 2)	[-0.3661953940997582, 0.16104366936137182, -0.10110143459947445, -0.06327496308473535, 0.031968623675478106, 0.1100802466681611, 0.03052059145026522, 0.10680166923589092, 0.014518587691616267, -0.1341144312816515, -0.10202257875065295, -0.35990357967883935, -0.09163906830011506, 0.028462286108407467, 0.08302754774275309, 0.04552242981725896, 0.277954943496885, -0.03144024982819707, 0.12919579661802963, 0.10233085604777595, -0.05526548195314284, -0.20280698983959472, 0.1830113258097558, 0.00985610817884877, 0.1183444764180531, 0.0806867238479413, 0.09820349147806862, 0.3451986703909922, 0.15764005884393764, 0.1852169229149373, -0.26995782879798896, -0.1471548938726646, -0.13928883229083505, 0.07082670483820298, 0.01949484919991273, 0.08662029917005652, 0.029795209492122176, 0.052763675381993086, 0.21045376779756503, -0.22203462451830144, 0.17309777126485842, 0.13851902751972303, -0.18802498827865413, -0.05000940374631424, 0.20436591990044195, 0.1229979178134581, 0.3177794193449982, -0.22720616759265594, 0.02876976285042481, 0.1398738512316111, 0.2231236849474421, 0.07412376017500583, -0.07297559357975153, 0.15619519474703839, 0.07442183959689011, -0.015702763117483524, 0.27575532353482535, -0.2846418943261511, 0.09843431368839611, -0.1872860381352756, 0.23431031491128304, 0.3091623304210281, -0.09420702180961568, 0.14363068955165226, -0.15834553492332185, -0.1764034599169966, 0.19258615967145848, 0.08804806077573973, 0.0012695602866850935, -0.18371532770429452, -0.13414614686055662, 0.06785075978764912, 0.0977820483331623, -0.16899069728851662, -0.022408252949620937, -0.2413334895415077, -0.1311985143728398, 0.03413275195952622, -0.12331473281456501, 0.0678080543016156, 0.12183149697818826, -0.29951606173263084, 0.005578802016194849, 0.21795715311947997, 0.2532993891436345, -0.08778518890369749, 0.061143614831764934, 0.2684566831470492, 0.03110956863596018, 0.013569439429148934, -0.2778991147639121, 0.05934069601848875, -0.2709281532494496, -0.30722842457805305, 0.002201967055252492, -0.028731702363429392, -0.07181461309670899, -0.241302687058086, 0.13932211707788478, -0.2559893894951568, 0.09574874365410012, -0.03211919834743411, 0.054469169397102744, -0.0361544994441405, -0.08965979150972501, -0.08256644584251009, 0.04398320026032081, -0.11359173879720155, -0.01263394027472118, 0.1395791893404559, -0.1226302603986564, -0.12228520932406325, -0.2942190819847189, -0.09947893276617584, -0.008937130418021627, 0.09836185618940489, 0.09671955577661089, -0.08464665224905321, -0.307842796466975, 0.08164473375789645, -0.06002999213632729, 0.27705327541228575, -0.15594433575544847, 0.010971419751542791, 0.02173680909898656, 0.016552267757343683, -0.06612188063928989, 0.1679852619257991, -0.2121209847585039, -0.17509714690102393, 0.0976886476248251, 0.11886660613135001]
758.7916150239737	(9, 12, 2)	[-0.34219690329090835, 0.06270132847820427, -0.14410636528052012, -0.13363769545979914, 0.05148487999694371, 0.17323470625813914, 0.2478182969644619, -0.34833354239494707, -0.20152019182666409, -0.02901137038773681, -0.17840862647422465, -0.19411915368725297, -0.06499209907612653, -0.03580163948017652, 0.08871428903901885, 0.4202465961547947, 0.2797308135890491, -0.1200108851307652, 0.14062467538683968, 0.18889483730265788, 0.0036320574691778573, -0.28313044869031145, 0.11319706332445052, 0.06041573607145234, -0.27903836769556317, 0.020113917521579074, 0.07993231288649974, 0.325123863237051, 0.14629717141264195, 0.14439358241131872, -0.3803662887339027, -0.2135177292330281, -0.2770831570453703, -0.07064415967165026, 0.050459668204642545, 0.06745829494806072, 0.048552974756662835, 0.05221319110819886, 0.05234723685905137, -0.19005069586335027, 0.030898725640586114, 0.16875972618190332, -0.07117077789320474, 0.04652551831148984, 0.022216274771569604, -0.06320782515987708, 0.23813129632092417, 0.11362741127683747, -0.10788366810102498, 0.14609075832123009, -0.2007588887262508, 0.002909970395549572, 0.009388724298150651, 0.11246506974584822, -0.08659489534293273, 0.06553024597425955, -0.08602990826858348, -0.2903128017671812, 0.06722208260955498, -0.16436639711511364, 0.10212641266224133, 0.13911908896446162, -0.14992696589260499, 0.15040521643490884, -0.20748274854237467, -0.22223552329124036, 0.030548854819944654, 0.12556458526694225, 0.09518766617082113, -0.15108087994114797, 0.11092291301695209, 0.025033497636598415, 0.06095585621439633, -0.2080268975700807, -0.1515668487160349, -0.23968011017111873, -0.1679449502881944, -0.019499949446291187, -0.2084443759939783, 0.12090524362051298, -0.14515933535149628, -0.2714902434616966, 0.08205709114472759, 0.030034307243190422, -0.029081504095741367, -0.09186809899347112, -0.08257045050929296, 0.1366661488789397, 0.16667455270164735, -0.017911869790625853, -0.08871836646864792, -0.06205930104695663, -0.175960873637875, -0.2518616120978002, -0.19937967323954053, 0.031814546940218326, -0.061312861583985294, -0.27204556603194974, -0.07478676066415808, -0.13448525316629734, 0.10428910465617006, 0.14020846695912928, -0.12032095512245254, -0.061534997750576845, -0.041662820600103394, -0.018011914669221443, 0.096348205852562, -0.054015964117452284, 0.06348544377171958, 0.2448240403225373, -0.27261111017038847, -0.04791047732128717, -0.23033300763030995, -0.012794733935028963, 0.244361903350435, 0.17222340539510803, 0.14284705637040937, -0.1129044023336259, -0.10072263725885182, 0.04192541970561769, -0.06173796850234698, 0.3991304506113673, -0.071133932627589, 0.1865256685671477, -0.12118354246746535, -0.010214633762525483, -0.11607668562083445, 0.014664649345451164, 0.030839284686943733, 0.04261071926367861, 0.008927544266284069, -0.03624442181205405]
1314.3064367662005	(9, 12, 2)	[-0.3320489643826228, 0.2028756750548265, -0.13054580497482648, -0.08185731355394764, 0.09033952534995315, 0.06803979051272169, 0.1215297393069079, -0.011521824605871131, -0.13545767299047956, -0.052173557006233925, -0.18473399212388195, -0.25922722098237727, -0.02292928501361097, -0.12178767855139258, 0.1219623073958574, 0.3111580074049925, 0.14286595081741232, -0.04184947437182914, 0.18145319495975976, 0.19871684139117332, -0.14638430895353569, -0.2310668235345854, 0.013879858685996522, 0.04565790151755779, -0.037609410406563376, 0.08950173071401657, 0.09922151306197752, 0.3116043142328911, 0.057081292015953196, 0.2211808338166593, -0.14285150225272208, -0.19647234523008533, -0.07823921405578582, -0.04839843602476598, 0.03790664416655698, 0.14140712175481035, -0.0308580091132018, 0.0010167019070525182, 0.2585500105225725, -0.13588685169190434, 0.23805534891077487, 0.03586730186680233, -0.22954107329085655, -0.0305373807882054, 0.16555194778582916, -0.01361847361257451, 0.246801983085034, 0.01127615196530356, -0.11711494875015577, 0.1388809056516067, 0.09035985453493313, 0.006587964141478936, 0.04604860497226463, -0.05603900069009808, -0.04293479621792291, 0.052935079543143276, -0.1325047240514531, -0.29721417934443883, -0.045558214394455086, -0.25304421549644124, 0.057200167286241624, 0.15048539558355897, -0.1006284710475405, 0.1509536842094475, -0.0710230908716441, -0.23913783187687926, 0.01618067445450937, 0.10063567309226804, 0.0766011750801588, -0.13827928266936504, 0.024795393280418496, -0.022563912176333863, 0.06225655194135549, -0.12595352055187664, -0.10134002371777656, -0.18294409292925784, -0.15102637028910867, -0.11448412032569706, -0.17677905589820125, 0.09716346892790571, -0.10077433638709457, -0.277938549452661, 0.03186670706335944, 0.11998997200589476, 0.17448995625478425, -0.07516622830530366, -0.062207808702445924, 0.1849898334708961, 0.02009289238177735, 0.005073634911711538, -0.0570285121966877, -0.009049010429552777, 0.07411975730858031, -0.06979641581629087, -0.08224482593622261, 0.06316230787049452, -0.18383955623052306, -0.23768403266407817, 0.02663843689332493, -0.14734710927344277, 0.14890677685667783, 0.03409427893849141, 0.08714870727476806, 0.054384684777639886, -0.11144566764100332, -0.10882472602280505, -0.08868160698514883, -0.08986653867177512, -0.03325800581035371, 0.23023357262194563, -0.3335144816802037, 0.06639233267533112, -0.2643560866948245, 0.08243542218409715, 0.05735966619723552, 0.0447104083509849, 0.10342038721481911, -0.19229001811111865, -0.038998799015152005, -0.11613238133929306, -0.12427892763779334, 0.19845326190085671, -0.09096250283236608, 0.05261099749561963, 0.048229822262398775, -0.010086608474281661, -0.17509785695653562, 0.015237256047089892, -0.010614013934367256, -0.0960990368080306, -0.013397369319645427, 0.05262159743835067]
908.0110279805225	(9, 12, 2)	[-0.294017735538219, 0.16326664294142937, -0.07117498464156033, -0.1135038661022942, 0.20051135390492186, 0.11663267002291977, 0.06939914254718163, -0.015084554784185402, 0.11150481229349922, -0.12378347661746447, -0.11355856618662916, -0.408282577708129, -0.10266223880372796, -0.06473382298378542, 0.14745179656962296, 0.3436974858729983, 0.25254187087481506, -0.09193509152156877, 0.05266613586717667, 0.15188002755084729, -0.10671354919638394, -0.20926020021029712, 0.11213727123016672, 0.05331980890945729, -0.007960853863969108, 0.06751758387490042, 0.10055683102324384, 0.3913575543543325, 0.08032847274549025, 0.1497568841084158, -0.2101159824569832, -0.19599064357919954, -0.26374246293461145, 0.03490818514534861, -0.1142619845832944, 0.09484188747215148, -0.026225797974125054, 0.06532910617369597, 0.08663852715820344, -0.21156320805053405, 0.24280781089856096, 0.030389482771117613, -0.0734261504554313, 0.044410260419750915, 0.1751737161099899, -0.008499667262088076, 0.2898366556314986, 0.014323275460648035, -0.06053990776267784, 0.3678267322590972, 0.03408161505552894, 0.07166164972252706, -0.015898035312828334, 0.09183204131955683, -0.07229185418700979, 0.13489578295182156, 0.07669250720301798, -0.2416721009785587, -0.028694377834093194, -0.26134098758982105, 0.1529114825089177, 0.22617478794173734, -0.01494473300926416, -0.0006161347771770215, -0.03515156087620091, -0.13597325928194304, 0.18953542334201082, 0.01919965803643083, -0.03349726111168515, -0.14277399893018347, 0.07682397443267809, -0.029589772191040718, 0.09564153015344042, -0.077265985416776, -0.1035830128951266, -0.2714817069126545, -0.1064969334888602, 0.033479328155196095, -0.08840644348078927, 0.0334299516321725, -0.14063921228918572, -0.26717564258031157, 0.11328314484392622, 0.1793752612361534, 0.0041446837676285524, -0.08501464289993037, -0.09940988039963816, 0.22088776741932886, -0.05713507349619458, 0.13113880150815074, -0.13058783052912917, 0.029543965718175733, -0.28415697531027684, -0.28580947713364185, -0.09379841557047411, -0.022222796262299355, -0.13147660207516634, -0.23192079446428, 0.04856999280399864, -0.1338813206775521, 0.11108728331669956, 0.08243894825485144, 0.022658379154283877, -0.005785369526629395, 0.031755026414662435, 0.11257517233330891, 0.048961969534470184, -0.04857010505079744, -0.07483466607694525, 0.24664994566627566, -0.35181201283501606, -0.15685294653384024, -0.25049137413962547, -0.13026124704297629, 0.01123139217726384, 0.11546251549921858, 0.08674310002547392, -0.032389374277501964, -0.21484379775800821, 0.11412462421728459, -0.042559219768913026, 0.3277957460040942, -0.09746010742182115, 0.0644929741308997, 0.02429041140435102, 0.009155597178464543, -0.20459205149376258, 0.11641807988542645, -0.13792805622973872, -0.1147550927993557, 0.024885804085901048, 0.0495363784888401]
886.4711981152661	(9, 12, 2)	[-0.18472413161554863, 0.16140568741163763, -0.14299234644088324, -0.07361390802341992, 0.048120650302829665, 0.08284548823322549, 0.08582568502008407, -0.11396121540592694, -0.1622550640180505, -0.10092154609760132, -0.1604084708268366, -0.32336027335357553, -0.048416518685267994, -0.09156457820373884, 0.11256249953672631, 0.35215238414751876, 0.2677795330113226, -0.0900626340844133, 0.18263838404975682, 0.21282195181016345, -0.03698961572395597, -0.256035302441469, 0.08578697597079624, 0.028944684564010323, -0.1181118635195853, 0.27332261535487423, 0.1551919039151667, 0.33880058412648095, 0.0891693832043953, 0.20071139564075732, -0.2183412709229373, -0.2020572672786739, -0.1514938106458904, -0.048232867237089715, -0.15926997936493725, 0.0891031400588922, 0.10040791352401399, 0.0637678714330552, 0.13196474050872004, -0.13474101106541347, 0.19968518424088424, 0.2341486610030512, -0.25229326053286555, 0.06389642266500489, 0.19951876701603555, -0.01651102782246383, 0.24771140237182726, -0.025611899319038005, -0.12420385220054102, 0.2853144413222791, 0.11452428513286819, -0.02174606849243162, 0.03962725638150779, 0.17105625901828858, -0.07234705480755388, 0.1596397355043197, -0.037222050710369645, -0.2958128788622315, -0.06674489937078815, -0.22199057809060932, 0.05003284153595314, 0.20134633034510863, -0.21146965221908284, 0.1777008804391334, -0.1750560289575365, -0.065247021781152, -0.14102315938128235, 0.10331334143839238, 0.10453812984266317, -0.14407537536340265, 0.0478869297413603, -0.04690838652572561, 0.0940829250968373, -0.2511276549194842, -0.041704626600880965, -0.11423582193461573, -0.09546323646594797, 0.13307749349544398, -0.15066361255141328, 0.15696893056757924, -0.08584328970847449, -0.29847175447354446, -0.006312577703145014, 0.20240122892805973, 0.02659518564150644, -0.10366508224318645, -0.029499953084526243, 0.17312358457953922, 0.028966393575670775, 0.08319378633162373, -0.03461912399944469, -0.0360284284741426, 0.056868027591953904, -0.3681589639111655, -0.13185672692285572, -0.0690498411740089, -0.12057410640194745, -0.25920986805599433, 0.04386667608183092, -0.1317415956229727, 0.09029692825477016, -0.06895545532675626, -0.0031977701017598566, 0.04262900266483172, -0.08117893124049899, -0.021633999899065687, 0.04997665045254915, -0.04604307691204662, 0.0029969626187838147, 0.14501743272727546, -0.17810021903552983, 0.013105838825605967, -0.3361200770821192, 0.07954845354317179, 0.17751596270133932, 0.03969004609535485, 0.10533629561892993, 0.06437173084904452, -0.18446412545559687, -0.13403771128164554, -0.03319671120970359, 0.19054923879111837, -0.11442699804323805, 0.16760371310794614, -0.02502126013710901, -0.017743178494782783, -0.10662442387261706, 0.0536263790751422, -0.017761749335825125, -0.07066816510395589, 0.06989701370764158, 0.16598049447052604]
864.1982675280942	(9, 12, 2)	[-0.3185372168197622, 0.0633608182538344, -0.023086556820674696, -0.08996826533243613, 0.03483064753264728, 0.07037269194938883, 0.12256587500768226, -0.13104295446994169, -0.05139848411231215, -0.1118369566424925, -0.16694970239617368, -0.36891218796746444, -0.07128706339328214, -0.09417311925554307, 0.25711978325245927, 0.43051744847992773, 0.2257175267027221, -0.04922570321338, 0.22631140182531392, 0.2175798194379024, 0.006407636917197751, -0.25025349174316314, 0.12564472917627953, 0.05605524199241361, -0.0827913037737129, 0.08205145758489549, 0.15507594324456658, 0.32584015135090394, 0.14036546434497257, 0.19313237285242024, -0.1711580319443298, -0.17097359719401592, -0.1410236804259659, 0.029108611837001468, -0.037291412272408425, 0.14526813548829473, 0.12292780742802256, 0.045628865214571976, 0.2172840427127539, -0.1999818813544656, 0.04232662014436624, 0.17717770454430962, -0.24560249417530383, 0.004933680388232394, 0.18618375545312515, 0.010421263240505584, 0.21329136233906118, 0.019259281007069633, -0.07380328038216764, 0.15928232511769697, 0.05799779971479508, -0.05495555061291358, -0.02206801169984802, 0.02540338282982439, -0.08134365022128291, 0.15401544724425775, 0.039285720846401, -0.2779146059163043, -0.07716084646491869, -0.19268408217808058, 0.08630716077030093, 0.1567910574420173, -0.13879278575344003, 0.1369597266274351, -0.041908632741630175, 0.0681728449581185, -0.006300113833902462, 0.1160118368793708, 0.04556514470634684, -0.15811287257736673, 0.0871453001897562, -0.015541208119452454, 0.0628176552287072, -0.13853480293584058, 0.07891201548483254, -0.25309631799656, -0.06501072578829693, 0.02566497170823149, -0.1867827567664067, -0.09655685672186425, 0.023057151013995747, -0.41189686840622514, 0.04438752839841364, -0.007614063888611045, 0.12043010902239877, -0.022149335961989196, -0.07494372900729823, 0.1787237601465555, 0.005936399603348991, 0.028924814037760364, -0.0842239545305162, -0.017939882202475926, -0.17599398884907064, -0.33152522326855033, -0.17450274271550706, 0.028310426894331695, -0.12888294057356742, -0.2547119416221811, 0.01996080120124022, -0.1871438760053095, 0.057392227980852736, 0.06340810506218666, -0.00806488325996116, 0.017081354373710195, -0.15280339321802555, -0.022038476724593227, -0.003254387829503277, -0.04591505712318045, -0.06498274059331163, 0.17444818316410715, -0.3716266428793975, 0.08746833706190257, -0.2796899615238936, 0.018138121120988632, 0.12660987526884485, 0.12100755050822577, 0.05669728558580996, -0.08227442433620001, -0.129795545384369, -0.0466532996740517, -0.03934027901504383, 0.21612097025012175, -0.13095075875983778, 0.1355590489660732, -0.08161712888458769, 0.014933280759077402, -0.17160963723093764, 0.01601377059684265, -0.04684860978605515, -0.07810407831244362, -0.011109137119120868, 0.059259201232945535]
601.7438529389185	(9, 12, 2)	[-0.3380507185225419, 0.07373769220383972, -0.10613642915960522, -0.0628228601355679, 0.07961615565174442, 0.0508760444717914, 0.1553731827382258, -0.13744432453630154, -0.056042109256772575, -0.11086127688016328, -0.16498811933901417, -0.27153502404976426, -0.08932117648068111, -0.09910408509556567, 0.10055697405035299, 0.350633953097361, 0.22702321579407128, -0.0472070492279754, 0.23062066201397935, 0.1978262601457407, -0.007002976757649041, -0.13172838656422342, 0.12134999667158283, 0.054210476950225496, -0.044564236941081664, 0.0798132397150514, 0.15186442855528576, 0.32558598410401157, 0.13762628452254383, 0.13693780267685718, -0.12137716940938607, -0.17569653764878357, -0.16501101259769366, 0.008142922694579597, -0.032006617405229566, 0.1215759714214711, 0.152012941788921, 0.07811574256836049, 0.17355962868804317, -0.1533948388537912, 0.11221636858085962, 0.12532525993498064, -0.22534290329039203, -0.0025324527028635405, 0.14493096074378176, 0.02752747119906437, 0.13545623504694268, -0.047826730123981795, -0.09698947558300265, 0.1739563268449238, 0.19137163098627163, -0.02515870648839535, -0.027939870411124085, -0.044196340674684906, -0.07026218332754847, 0.0476031000628339, 0.019908322155991316, -0.28623086922649776, 0.07986677461959422, -0.22371748464902858, 0.09534097569394097, 0.13151674119913037, -0.13201054314715088, 0.12810471859468028, -0.08733766261969053, 0.0073989995573158635, 0.013918576496936633, 0.11007352408764798, 0.038748568915270766, -0.16085332976552544, 0.07940715905818403, 0.012895911260164457, 0.04989876758784216, -0.11955590495398372, 0.0033181302199093467, -0.2121386870766602, -0.08998938066803336, -0.011743327387908512, -0.17840613722471296, 0.1440927549120497, -0.04142264780193183, -0.38285971064875945, 0.05096699386286244, 0.0016559945802847136, 0.10667756168311708, -0.040721905735747466, -0.07933515165952915, 0.1755911501461836, 0.0718368318847415, 0.03635700691434815, -0.04985750397082967, 0.019729612847981956, -0.17476550048580866, -0.22719922502951453, -0.15131561066609667, 0.01648148470958043, -0.12499272127906864, -0.25483871486040444, 0.026604965482145238, -0.19256626755147926, 0.06266070533720677, 0.057133532439398026, 0.05446837032247218, 0.015061375380088164, -0.11099317283507666, -0.027243995572125854, -0.02418025102220474, -0.042871609018863555, -0.042145526780174726, 0.2002313350273241, -0.5247274936156264, 0.018616093392138655, -0.24985255618358526, 0.011293195527663946, 0.08560529102116712, 0.12036165554582806, 0.10581510973039288, -0.11228896307652086, -0.15578740691771548, -0.007556642707088803, -0.03475638818333557, 0.24140304467317475, -0.08470079239702144, 0.12596259844131782, -0.010756051106814112, 0.001459611146997049, -0.125264248232772, 0.0294139832012527, -0.08429554590429059, -0.07820616022968463, -0.010851986425360801, 0.023775308252851658]
857.689525243024	(9, 12, 2)	[-0.32242316272928895, 0.1063308319431715, -0.17626143461776458, -0.07740933915178502, 0.058235196337655136, 0.061093770745495074, 0.11768312161973372, -0.06375931609447227, -0.062499320065598586, -0.01134469322728121, -0.29297357540550995, -0.3583151828528759, -0.06579896977936513, -0.06467726185323383, 0.22536543066374715, 0.44355522593580465, 0.2575340541690417, -0.049164989683601064, 0.22342697464035882, 0.23718277418753783, -0.0012728997869976546, -0.2328464684527889, 0.10349662841691444, 0.041226608305659954, -0.022645360506181187, 0.08142158246204326, 0.15172988649367392, 0.3296248178747281, 0.11225863428042758, 0.13097216674965523, -0.1869000842711755, -0.2544843231102792, -0.35972073547861694, 0.04127639724483034, -0.017139602687004884, 0.07186882147325147, 0.08562950289119078, 0.05806673204818895, 0.20477841449445577, -0.17496584436044785, 0.07465964239235277, 0.11936829591818328, -0.18803558006064522, -0.007701975857067278, 0.1460221472124063, 0.03261990902561698, 0.30041089775896845, 0.14410154108267575, -0.05584500268515567, 0.17069798747064074, 0.05772841120506548, -0.006317109153829527, -0.020648886758624578, 0.041319176828966936, -0.024285077294684543, 0.0356695077732779, 0.007958525116440828, -0.28166708454379286, -0.045183683945126535, -0.23695115310932946, 0.12628984797640064, 0.16047758839628107, -0.13522115534652154, 0.10192621680208674, -0.08088872677261866, -0.057906857562976415, 0.0005317142042398245, 0.0642235385617374, 0.025478582256491474, -0.11864921227412945, 0.07935988468160739, -0.012643375605277212, 0.0032811850487827554, -0.07066869945218704, -0.013808107763406158, -0.2156121726513603, -0.0713021785295041, -0.05432602507851513, -0.14193818631738364, -0.05267026644352964, -0.01863384464665389, -0.32185769406970893, 0.05331433001773139, 0.21312663788236508, 0.13550574629933282, 0.012079050762244123, -0.05413950613023837, 0.19743242809110734, 0.03028709019454954, 0.0028841258310445964, -0.09296478387123444, 0.020378341184972924, -0.15450507190392715, -0.31684564281136957, -0.16577251103780305, -0.04373567381444437, -0.12702447270877773, -0.24038863890825451, 0.021789376737039644, -0.17845454812709138, 0.04426420213812654, 0.044034774443560576, 0.04459626188243184, 0.12198598274734132, -0.14984696589620314, -0.04650815739092999, 0.08725890657776049, -0.008127059500899775, -0.032469557853985864, 0.15117003612621255, -0.4482873788840693, -0.0009036341538745493, -0.27865207733318187, -0.007810314058588032, 0.1330910333992648, 0.07582191482160705, 0.10080024238817722, -0.09360914119635531, -0.12786539457488402, -0.004020083935266332, -0.04079968599544302, 0.24180756538590886, -0.10256705694583224, 0.12249653671321958, 0.013491936044602377, 0.0005423361323228602, -0.1721834960906519, 0.04409215914386841, -0.1908512597468713, -0.074328638471655, 0.005740661760449012, 0.025291513181427583]
964.941612743248	(9, 12, 2)	[-0.29427312853585663, 0.0773699341526791, -0.11833837519011628, -0.0867161272167146, 0.05609719617045387, 0.06776441451783173, 0.09003487145962558, -0.0903815354816666, -0.12373173281231926, -0.07303406714067247, -0.20399215093551815, -0.2711526004869459, -0.055055255340501076, -0.0622698534888141, 0.08808717766440793, 0.30306345038964577, 0.24759420613421976, -0.0294252175776018, 0.22014089387297572, 0.20476207596420298, -0.08143151342194455, -0.2377368936632246, 0.08071274924895092, 0.09910202619275005, -0.06702636103213686, 0.12383517786809203, 0.21299955837238457, 0.34693024901655595, 0.09924101725159265, 0.16267665493512418, -0.18305880187876486, -0.18474527452481926, -0.17805004145737066, -0.13543431409270798, -0.05152946142400329, 0.08370071492328626, 0.07399605008365386, 0.05238718784265331, 0.2133152626093789, -0.15157064985148813, 0.18073657225335316, 0.21972874047798077, -0.2257516089615768, -0.03998037818170796, 0.11184153715349857, 0.01663297138607779, 0.23594912307721022, -0.03300574659333513, -0.08420128670359806, 0.1606283081674938, -0.04955702107743249, -0.018963847214815074, 0.015453535602789585, 0.10863303404205243, -0.06796800914741753, 0.06322084593220272, 0.034722289362837166, -0.3071176987043057, -0.04862781136554796, -0.2228719664043183, 0.0772701587755445, 0.1647248193001649, -0.15591549420951234, 0.12915165829606143, -0.1455011956510047, -0.05213680176753738, -0.05299103867052165, 0.04027693331320388, 0.029520636755526884, -0.1549083896229232, 0.0679849326354243, 0.009235196501582882, 0.0851370650266665, -0.19665140377721993, -0.01821464575047418, -0.10069419760366427, -0.07828228777189429, 0.022340492138611997, -0.18800253282545734, -0.013242950934822483, -0.036305161033334296, -0.31275866010621656, 0.04262127518822425, 0.14063778763051485, 0.16773694136553646, -0.0448423177779766, -0.034296074137475804, 0.17398048408623273, 0.06612643752810246, 0.02763006076313704, -0.04601639518286889, -0.02520927910297116, -0.02184292063986485, -0.3310306724958543, -0.17763818594533368, -0.01019592444845409, -0.11104540956546276, -0.24891105351481013, 0.026225340558876903, -0.14365138832766014, 0.0943345651490803, -0.015047106503836739, 0.042049041765534756, 0.02147471378188692, -0.16410488752575128, -0.024081807014185178, 0.08256434748307508, 0.03611424079534611, -0.006217050172133052, 0.17200800595542262, -0.3289008163072443, 0.029598777757702227, -0.2148841518551107, 0.01189129761862406, 0.16115020404209407, 0.08720510161756101, 0.06930026817308504, -0.11843109008841782, -0.15880638219361728, -0.03383523694695012, -0.07283658812397463, 0.2526020301229205, -0.10287319659104191, 0.04234361515906629, -0.0965584499652848, 0.010081113734873472, -0.16507486231277294, 0.036681867127336086, -0.05849710510002278, -0.0790083878563473, 0.04224780375991071, 0.09436423143703712]
949.9218229228369	(9, 12, 2)	[-0.33696451034472, 0.08256933126601433, -0.07686160082007235, -0.1025620679945111, 0.0806071079426082, 0.06596345859844502, 0.10295094456491097, -0.07632200195324583, -0.03471442000633612, -0.07121703164269497, -0.11499030201456323, -0.2930527395249181, -0.09163446778460173, -0.05100902214664956, 0.16562106887766428, 0.36239902322668177, 0.19080569749548998, -0.020082294096676136, 0.209407614100021, 0.14435620783521858, 0.014880268131365216, -0.22362522037673585, 0.08310766132021599, 0.06030402089560356, -0.08728431964927326, 0.05897971924768526, 0.09794624507854369, 0.33436495064379035, 0.14909116203519837, 0.14287990092362046, -0.11794725307443252, -0.19284138243608442, -0.18398122315293494, -0.043942058647791424, -0.024454314549619525, 0.08811849394221974, 0.06280256047127648, 0.07901236398556266, 0.18810384324160867, -0.19213385242561185, 0.099186136772169, 0.13300618258792565, -0.17149394049381775, 0.05266602657649461, 0.14314033944324023, -0.01988304308023329, 0.26874407681599594, 0.027943476984520866, -0.08375386949114196, 0.010729811014813073, -0.0692537163994615, 0.01777378038454769, -0.02625359241383916, 0.0679797944819718, -0.011937674886084581, 0.07951425458547914, -0.0001674340716173047, -0.299253299020584, -0.007271516889352431, -0.21933371557865552, 0.16597982983439147, 0.13654395472246214, -0.14556717191147575, 0.0857594032772932, -0.1539245539950287, -0.1529604587282423, 0.00925029846465577, 0.04841064107874739, 0.05351822096102351, -0.12485614416781465, -0.015734937807406157, 0.02680093226432941, -0.002669489552024688, -0.1130102923620113, -0.06788772811545621, -0.19895041559295762, -0.17367683469000117, -0.08040459943832054, -0.158516676107183, 0.04828127749900905, 0.0004418238646507547, -0.25375606382783233, -0.012884657017484438, 0.11217715968302754, 0.08182615828377324, -0.04604530422062422, -0.04432111944743574, 0.20122843968907977, 0.03602981476562069, 0.018005156484455522, -0.09979172053363589, 0.006653331451151392, -0.19657793752020905, -0.29507302918427575, -0.16443275769700166, -0.038180407395602405, -0.10868645355983178, -0.3191962770995751, 0.014855942204813025, -0.14808061559461833, 0.08834165448551179, 0.06342859224020925, 0.046103739372619815, -0.03367839325405685, -0.1491714051388221, -0.022487685724338617, 0.10341002006214398, -0.05095619481334306, -0.030698947985278925, 0.14594369621939882, -0.26689575117429204, -0.014345289723886842, -0.2171723873762578, -0.10909852785179586, 0.2169649788758541, 0.04768397420281712, 0.08062287642774535, -0.10800818137545824, -0.10155996333836778, 0.04788840903545414, -0.09646093224381856, 0.4197018113029446, -0.08825601397927813, 0.12450391275335754, -0.014438460745921802, -0.12705242997774946, -0.14449725113534131, 0.05857668988709308, 0.0006817994608247918, -0.11328934979056442, 0.008061156462975252, 0.04852403741821938]
916.02433658415	(9, 12, 2)	[-0.32458605510138777, 0.09337810173867028, -0.14863734551448538, -0.09070962201836028, 0.0327169848236753, 0.052926167454512556, 0.09139388572411257, -0.0428589283611579, -0.09364381055975488, -0.10396553760158975, -0.1743631407234673, -0.295864304889135, -0.059207189812776145, -0.05187487115725777, 0.17609034057302603, 0.3802389147844673, 0.24128531897971228, -0.05135493248774434, 0.21006735576261937, 0.0879227858414558, 0.07777763941654045, -0.16326630949702797, 0.08869131282422832, 0.06891690731229622, -0.05706699850255044, 0.08553956930153583, 0.10978678628033446, 0.3365349562137845, 0.11167227991834192, 0.1402193904163214, -0.1736256136139613, -0.22251925312334775, -0.18749453490056617, -0.049366228200322375, -0.022287256160505114, 0.08870583085910747, 0.054533947997102324, 0.014680320921491869, 0.18080905813396034, -0.1783173515501389, 0.089861509369965, 0.1240422935310462, -0.13506752924596896, 0.007615050349644361, 0.1478776591277408, 0.2975378901923085, 0.2814196316967271, 0.0019062898962742686, -0.07270534438139184, 0.16227515419745367, 0.060817101975929794, -0.005676878188575815, -0.04206010964139595, 0.06765404149409936, -0.09368358619909264, 0.042586475411745615, 0.03005958848177768, -0.27478106258891954, -0.0004497568868840644, -0.21506432913010037, 0.12748988176023987, 0.13299396777254247, -0.13615255067733195, 0.11014846978825565, -0.11723035007400506, -0.10836189681100494, 0.029950067484217746, 0.07526935500072218, 0.04215065726257308, -0.1364833373277711, 0.014994772127794721, 0.004392074537190532, 0.012855971703392779, -0.1051940221422253, 0.006536628988408183, -0.2062248861570227, -0.08058516754942635, -0.09865864164706833, -0.14173540915242885, -0.037217400773128066, -0.011330223094670598, -0.44259942481789805, 0.06066694170892235, 0.09411110210371366, 0.10507970596250912, -0.04312999763580263, -0.039081510787394746, 0.2138605828116407, 0.04232897836850469, 0.021708536502965926, -0.08530016313796104, 0.05174907687782714, -0.11686721109794308, -0.3028072424111364, -0.1591846736981614, -0.05426382568786192, -0.11692119208163824, -0.26290520946645796, 0.0061119026248060045, -0.17209309484088622, 0.07817304042565619, 0.030129536244919968, 0.03500150731851089, 0.01818666388765714, -0.11732060002304442, -0.03380146050698099, 0.06977108324751406, -0.03580062706469775, -0.11648067307550156, 0.1646704857727904, -0.23802127754907482, 0.012020556033893634, -0.27085255373836076, -0.009394146670096686, 0.15798718128033046, 0.07323105634502496, 0.0776222606146279, -0.143660593331314, -0.140906447438732, 0.03219928528078704, -0.05137444024460529, 0.29486996508393465, -0.10167762123272245, 0.1133891520575471, 0.12571018704415973, -0.028382203029858194, -0.16013477906229479, 0.033841400090362274, -0.12121078353731837, -0.07052404642706334, -0.0050428946355601445, 0.04767237527858754]
1090.1789743507372	(9, 12, 2)	[-0.270188372254367, 0.02381053223815327, -0.11359722255251103, -0.10809490677034889, 0.1499653931023605, 0.0882190045260882, 0.09351829830070876, -0.09266710955137275, -0.10432052495500835, -0.10613472026171668, -0.11151485354413308, -0.4626598839110299, -0.10974554342181742, -0.06846105999832355, 0.159990935395311, 0.3295953995168177, 0.23439487427974823, -0.028498721410966304, 0.19089831217109576, 0.2171138050640968, -0.015480358843871073, -0.22926121368531913, 0.10510767551813702, 0.05223488223750668, -0.11839875036676281, 0.09047564463539813, 0.12117461174836144, 0.3317465059572751, 0.1296443451046128, 0.16434999286482344, -0.21057132707194418, -0.17976797265247027, -0.23370267814240459, -0.03441511978098718, -0.029492583027843917, 0.05807350853900233, 0.07220571589383268, 0.03740328903059836, 0.1702316245156521, -0.18103423256537354, 0.12840464122233228, 0.1821739577512662, -0.1060186911229203, 0.023520541506861725, 0.19893267247395652, 0.04744996133488366, 0.259634745880901, -0.02992168265846016, -0.17704964288273212, 0.19059758917903707, 0.0550426745444728, -0.0027749194802230513, 0.016702794361819717, 0.07332133526628741, -0.06887613655326137, 0.05841697039641279, -0.009657248269190608, -0.45406068294368507, -0.04008409316942778, -0.2471329958599764, 0.16654589659675917, 0.1669192784695116, -0.12374324744885472, 0.12522878070388288, -0.1311314581439725, -0.12077790697853016, 0.020454031910970918, 0.05811604987908643, 0.015330726638078138, -0.1356132477724003, 0.009650338456443766, -0.0018596624960772654, 0.07206969698070143, -0.1728188894040607, -0.07469899739405203, -0.230643636388294, -0.0865628051773148, -0.015190417644402338, -0.18631263397987013, 0.01606224483941571, -0.07209964910959046, -0.2974276608444066, 0.05057571684460521, 0.12476186442816699, 0.1313744840978559, -0.05967547982978804, -0.032392447755040174, 0.15094362154679725, 0.030310215720181072, 0.02276577104748161, -0.06311927980656527, -0.011149271856381838, -0.15939345103436514, -0.3170845698851718, -0.15635253131321816, -0.013077255816686569, -0.13897107484444848, -0.24516579618668477, 0.022140619018823464, -0.15101249024927166, 0.08949818299973962, -0.048501990214686, 0.027763187664945593, 0.025192653147026938, -0.22616978392466516, -0.00530566037670728, 0.008838582428587026, 0.015693835493266757, -0.016722709453531902, 0.12823163343506241, -0.3165041245653664, -0.031729590077800435, -0.2506441208830789, -0.001230843003578493, 0.11689665049105738, 0.07846963561498077, 0.08373492388674808, -0.1149303374588844, -0.11266984022114472, 0.06712207511810789, -0.0534652160993068, 0.24686686644095812, -0.10231416845399044, 0.10733967895959201, -0.06668607949388375, -0.011207429624230962, -0.1447383618050199, 0.048104076282826855, -0.07457479981077689, -0.06774677543710465, 0.015011139548693535, 0.08961631809610002]
982.2888359964243	(9, 12, 2)	[-0.3146172192945853, 0.025193944069009114, -0.27474060468058226, -0.09141393093688274, 0.1570502823342523, -0.06825593342945946, 0.12307581402200099, -0.0795988886010549, -0.10926905739894305, -0.08664532672975819, -0.1332476476690755, -0.2907864825178426, -0.09053213331102022, -0.03826253840667867, 0.1783525059015755, 0.3607565919006273, 0.229530811776685, -0.04077824535617851, 0.19827163433132625, 0.20575122539682897, -0.13432638085865647, -0.22763686936045718, 0.27834393175710165, 0.03909578019060304, -0.06640541531039579, 0.058213713597261116, 0.10071432231327596, 0.3356266849576948, 0.13255867998054416, 0.15762645412002635, -0.1768753313278611, -0.193254076629859, -0.14795815621232739, -0.03944772535667257, -0.02790671066209015, 0.04763040923928147, 0.06266183059379103, 0.048307049424352766, 0.14114788178723292, -0.2004024527496359, 0.07959873325969204, 0.1676733419572055, -0.16453038588084326, -0.03736571328449037, 0.03667306967397385, 0.02856092367120297, 0.2446116906341538, -0.02104945338671288, -0.10674229409913581, 0.17291197412403142, -0.03933926936086376, 0.014884129601445154, 0.10631102817634572, 0.046175024086142456, -0.02701845541682482, 0.08331161611785977, 0.05850956616442915, -0.29644294796756854, -0.05731339775134999, -0.18962608045201607, 0.13036346712466684, 0.1613324493428466, -0.1350740481471436, 0.1401938979781637, -0.17975023217799393, -0.13253604416778295, 0.005414793011283229, 0.06475561363087978, 0.02744381057068747, -0.1415600451491231, 0.006921910982864848, 0.008962174721644366, 0.07657305798748014, -0.16520750405813442, -0.0480468940897222, -0.0939323552764639, -0.07979220355013703, 0.001498654390009774, -0.16276101010458943, 0.024254338962468567, -0.0770706016060288, -0.30989835820127676, 0.04909201173357646, 0.1531322181526612, 0.06725569535481535, -0.03651181973829114, -0.04057673463131985, 0.2938490348399405, 0.058578459372968704, 0.055402308785555715, 0.023847679168070447, -0.031340712282997445, -0.16207428684689587, -0.2967089578012616, -0.13575518028007091, -0.05671406294209108, -0.0955746592029878, -0.057028020732997425, 0.027142712686478672, -0.15626527814761856, 0.10230782731891472, -0.011171679982630245, 0.047490674184934245, 0.006408815551625923, -0.14824086326432556, -0.010930007406468718, 0.03664675505264926, -0.10556011974060933, -0.013512235092304835, 0.1579045676308042, -0.3078925395554513, -0.03056222505030086, -0.2678411871432292, -0.03465645067397117, 0.15284852096942356, 0.31897370483355436, 0.08344875743475945, -0.10713153669545142, -0.15601566987706555, 0.014053094622438627, -0.10422018106789577, 0.21789229811753774, -0.09668786041053187, 0.06749952096521948, -0.017146551660507825, -0.011318057951566957, -0.12053684684024987, 0.02573689004587218, -0.13237594933029118, -0.061432206951800614, 0.015345852676205371, 0.06834731420271134]
1444.8586062295285	(9, 12, 2)	[-0.3202504902257043, 0.09087436760692971, -0.12800619548434844, -0.11174171748208314, 0.06310665174780515, 0.08904431903361548, 0.11890032676443349, -0.1311126651623885, -0.11364956609040291, -0.16627707203765563, -0.1174417765056401, -0.2924371227465229, -0.09095052428210917, -0.06148946845580093, 0.14034941796691097, 0.21181276723648176, 0.20315147839206454, -0.026914117323117798, 0.20884347484273086, 0.18156862445436173, -0.044989266098825864, -0.20505788103012718, 0.10268335337627262, 0.052160335859732204, -0.0799070492894558, 0.06563932425437076, 0.1192053494046561, 0.34406635263023394, 0.1225343237002038, 0.15880911146829144, -0.1954623187735641, -0.18206525273249857, -0.18432146414533707, 0.07206746088047393, -0.03279657174792742, 0.0839138618354203, 0.05961376506581322, 0.08052652668756619, 0.18899804646639323, -0.16272213189573073, 0.09503624335036147, 0.16941805978390553, -0.22757011085964907, 0.024547891322783205, 0.1356270825370413, 0.025073784504533403, 0.2547167032011461, 0.06628066781220462, -0.0767855815485382, 0.1504507330634259, -0.046673669197992464, 0.007072914492264631, 0.0021584721720206645, 0.10057825440932447, -0.030436632082666046, 0.0686338369706399, -0.0017536022852125844, -0.3010047391357128, -0.05240487145224388, -0.28014488525751985, 0.16796366007757207, 0.15814123341604305, -0.13350816444035302, 0.12013454483751601, -0.14603609232286288, -0.10159709382247611, -0.009822905764905689, 0.07273314412254342, 0.09668824122133696, -0.1356127790548016, 0.01071836538072913, 0.025946687776619588, 0.03696214445621585, -0.16741739988551843, -0.036283243782943696, -0.16902781497720878, -0.06284636042083275, -0.026859378485420672, -0.18238190686483097, 0.0216783397837575, -0.013039972799428923, -0.2941282007819349, 0.01926644557434146, 0.09021109765347932, 0.0863781242874426, -0.048122707070275134, -0.056164847247212976, 0.20325030788296417, 0.05834555399142725, -0.020834011008322554, -0.07562241882432486, 0.013798557725933816, -0.19382103352058072, -0.314729398826744, -0.16004865581936853, 0.04780845799730266, -0.10437185991703171, -0.27460085604681034, 0.12465579577079769, -0.18463473850393758, 0.135528592200199, 0.050592516784782014, 0.035049737135194124, 0.006644762427610039, -0.14434843773759287, -0.027161792047286925, 0.09273821468945061, -0.029866780212540158, -0.016573870084478547, 0.1709821273523486, -0.3733478247361392, -0.020653792119812487, -0.2417851165496413, -0.04251912490620598, 0.16332029446021643, 0.10867577365794398, 0.07962233279466724, -0.10705650351910005, -0.1269091939346473, 0.09588613375987903, -0.04714127744966776, 0.3585410690837613, -0.10057237438857902, 0.09090032201106141, -0.04611757667593345, -0.06335145850605903, -0.12777231394652389, 0.043913466461903264, -0.03954761603999351, -0.09316146585329177, 0.014868379088180323, 0.0613952657197512]
999.2864295741701	(9, 12, 2)	[-0.31793390195404736, 0.061084435370611145, -0.11387023186557169, -0.0996313943407589, 0.05859936133599522, 0.08146644732777536, 0.11731441581352219, -0.12801850042779353, -0.11298256529669787, -0.09254476015619773, -0.12982893285517508, -0.2987636314606954, -0.09547887268171211, -0.08538702444805786, 0.13356301214387317, 0.30682044621277643, 0.20941073188880185, -0.03088949943121001, 0.17936186221312306, 0.18469806822957296, -0.0458591257800722, -0.20123844278347092, 0.1372690748884979, 0.21734437224788306, -0.0763283780844597, 0.020698577850544214, 0.11946895390785878, 0.34657511017083553, 0.12382306013907422, 0.15851096463669612, -0.1294311443805753, -0.17335258501734607, -0.18440958347799097, 0.09354500807810662, -0.02308697568126371, 0.06895351715474314, 0.2383120272313683, 0.07824543522095993, 0.18336995766537262, -0.21096405009507016, 0.0676149003202236, 0.10266720417237771, -0.20685402320998647, 0.023204549901763565, 0.1812680413338065, 0.02509773009435315, 0.21317234201160504, 0.058808390688571015, -0.1187081851660578, 0.1520041961090224, 0.025187745579622445, 0.0020160076506601943, 0.009682526964616398, 0.051760973791867455, -0.03216923752132041, 0.08027091033787906, 0.00385361329221404, -0.29294287551544895, -0.043318370003887774, -0.27348586853871987, 0.14265805401796156, 0.15766723590038922, -0.13375259584649368, 0.12179884290158151, -0.14690289727841266, -0.10945169062594234, -0.008420851929123821, 0.054080070606743046, 0.05147722754972357, -0.17421420905815937, 0.03569471860072576, 0.02483599385817324, 0.22748830057040687, -0.12486017346992591, -0.028235840265280462, -0.14246657880606894, -0.062108630621246476, -0.05362277001586161, -0.16580999576606237, 0.02337489977549211, -0.04331013598931672, -0.30188888684466036, 0.024137605003487064, 0.07792976287910611, 0.10568295250898962, -0.07047454393712183, -0.04951572247514489, 0.18586006711766673, 0.04745297116750925, -0.010641262615934961, 0.02391792984647756, 0.04299159092630002, -0.1883844235270929, -0.31483500874097414, -0.16049485866118315, -0.06251748349281476, -0.10780250533251286, -0.27400641708329165, 0.11723700062263602, -0.1825481306766872, 0.10881076196089343, 0.02402994872941573, 0.03944357149944261, 0.04440449873878424, -0.13731379083124978, -0.06097237003618157, 0.10567117121128661, -0.0030587383118481533, -0.02236479764514359, 0.15901132948368277, -0.3606374743306391, 0.007622163322786025, -0.24046251097856858, -0.04608800593576576, 0.15660119600544894, 0.10290553172517523, 0.08193098080913841, -0.10806266382928288, -0.12493921769154748, 0.03500612478309492, 0.01817764092710915, 0.3476198307097279, -0.09609939213256602, 0.08772230936190331, 0.011621769149853356, -0.058109490763723876, -0.15661097887152348, 0.04552191156970191, -0.038140104441386116, -0.07821373050388858, -0.006794397253435735, 0.06268229484189913]
1303.985306235393	(9, 12, 2)	[-0.3199676670130508, 0.0760958815630899, -0.12755136725029564, -0.10553772242700027, 0.06288057966956329, 0.08319597939718684, 0.11786393011778351, -0.12985265671717575, -0.11343745737458966, -0.13975950021558506, -0.12420014430780096, -0.2934444056892175, -0.09186188551973812, -0.06735765730878879, 0.13786889686867537, 0.23756258607620548, 0.2085617235953803, -0.028077723861232924, 0.17950046883558726, 0.18295490261428424, -0.04556948459098589, -0.2029587349595844, 0.12660985220257828, 0.08955265360604743, -0.07914227262542581, 0.044261382764486774, 0.11922658724847299, 0.34634613886510335, 0.12327359465979759, 0.15866559668177263, -0.11701766113848687, -0.17869915703680625, -0.18433020847719742, 0.08960416848005436, -0.028027416350091726, 0.07447128778943204, 0.2344115961634315, 0.07837419792432329, 0.18381398659545028, -0.20377680494961545, 0.08258969706256086, 0.11783286195002977, -0.22725371117745202, 0.02433766620016525, 0.14304177383863256, 0.025089595978570002, 0.24391852742966702, 0.06057986137456501, -0.0972686222232147, 0.07295904407059606, 0.002890924721546702, 0.0029554093215405173, 0.005367238697051174, 0.05770819677162301, -0.031656445199997135, 0.06881368900236152, 0.0034538650991662824, -0.29867744104793087, -0.15150223172340066, -0.2792992828415819, 0.16616831344664237, 0.1581266823471255, -0.13357413041678934, 0.12123532119154243, -0.1467547348171879, -0.11802925982852235, -0.009791194117282213, 0.0705067935857417, 0.09629441354705903, -0.1558949590885116, 0.012379221578216833, 0.025510045536710383, 0.0015249438700222356, -0.16238773520308084, -0.02931078993998971, -0.16713124560117368, -0.06237042425067705, -0.03563628941841913, -0.1701666916524674, 0.02211415964477819, -0.026818727771258048, -0.3056742040217564, 0.019950540106479148, 0.08533050374745968, 0.12720729409502224, -0.06193488874382541, -0.04985129090754518, 0.2023935667893894, 0.05402143225383335, -0.018535250416641693, -0.05526584237067498, 0.09357318963350184, -0.19208352742278856, -0.3147987273299344, -0.16015476078242777, -0.04273417718842182, -0.10534711378999523, -0.27444487849816646, 0.12343231799708268, -0.18255746107939702, 0.13318107925396708, -0.11408199834903639, 0.03561755740851504, 0.0145936722169453, -0.1441376946993196, -0.03612767626159666, 0.0977511982199391, -0.024603363930752863, -0.11415013010377138, 0.1646149400500479, -0.367690098648664, -0.008485082729772178, -0.24107972640276087, -0.04313968888056746, 0.16212149097955716, 0.10779639996849263, 0.08128570465807831, -0.10722680335812701, -0.008222078041455777, 0.06027258706726954, 0.007745320199597807, 0.35523040973435327, -0.09846252690739739, 0.08797570247632412, 0.010791711810106523, -0.06299481673422863, -0.14035945289450846, 0.04534825677749734, -0.03928323545995676, -0.08072454564804904, 0.007207074470473961, 0.06538106587961387]
732.4584581568345	(9, 12, 2)	[-0.3246577051188225, 0.0801950371514894, -0.13366586840005687, -0.08599099032462897, 0.055768433974279295, 0.03228311900029885, 0.13872093556583348, -0.09257444173170665, -0.11261904069711194, -0.0771357292636701, -0.14281037030776722, -0.29430040044617134, -0.08760740827309381, -0.07725934006444672, 0.11495765970648782, 0.40442864618261765, 0.2429380184587379, -0.024571828443322116, 0.22186404478169897, 0.24481338445090473, -0.07975045208803658, -0.2602637316083122, 0.16067110728785094, 0.09046386512386424, -0.05124550746745364, 0.11035054535797148, 0.11218685886635489, 0.38229022362170983, 0.1347924500686973, 0.15737176451971807, -0.15705724448075253, -0.1842782180555989, -0.17071749454383686, -0.02909109783397944, -0.027974607988855635, 0.09320544039960485, 0.08437918559505213, 0.061847704957760895, 0.08494554130315611, -0.1805958429030815, -0.04673943262791433, 0.13103420499847399, -0.23018237412273104, 0.0396279556909525, 0.14775148720055045, -0.10370521987043638, 0.23728833963468457, -0.004175395776551828, -0.015511138386400175, 0.13907652680111285, 0.021010404429961715, 0.013924807480139035, -0.021506917482418987, 0.06563423572743705, -0.30666962147729926, 0.0789633607269066, -0.015577037130216397, -0.3335500963221343, -0.039114639414287215, -0.21702547194115646, 0.10808499425483234, -0.02196573976190999, -0.13937556164693998, 0.11560715595931578, -0.12346597635426246, 0.010882554097033828, 0.002672599282066729, 0.056001138799784335, 0.05080914889238972, -0.14987065473658762, 0.007023029542219712, 0.009736209404782512, 0.04859222630374618, -0.15591982251979786, -0.013665281006295342, -0.21109077053813502, -0.11939976577171155, -0.03451947200160644, -0.17387462156885203, 0.012547388498007597, 0.008318228988295907, -0.2907709344361279, 0.005189963544456865, 0.12492701472402803, 0.07395456012384098, -0.0596842661088582, -0.039031754166291746, 0.21937837697797294, 0.03394961206818918, 0.018533505332206164, -0.04372528441592541, 0.022864118569967073, -0.09439948724645592, -0.32399216972230854, 0.09986950157647456, -0.02951021849955573, -0.10580156307779182, -0.2725521472199434, -0.05383366631702373, -0.16163979092862046, 0.10751439049263105, 0.004707633171019923, 0.018555243078819762, -0.035380489109530476, -0.1775631981264782, -0.01074312701616974, 0.06367353886823288, -0.029583258739634136, -0.08128031807062991, 0.11968234302010715, -0.3238386816573091, -0.05820701483335099, -0.25456512135177817, -0.06289945587447934, 0.1459033536332353, 0.09020737618108002, 0.07888813154652656, -0.04017122691097437, 0.004986136034345119, 0.09115520222980346, -0.057780180449757905, 0.2438623419314116, -0.0619966789244506, 0.09735285802672922, -0.07462827794201726, -0.03393885017999977, -0.2610748187892745, 0.028926826143960055, -0.05872251875962988, -0.09097400430930074, 0.013376815596379142, 0.0835272923347851]
1452.73387220404	(9, 12, 2)	[-0.2799246574170695, 0.060906907489767965, -0.07575581114754137, -0.09450531703927965, 0.07002162874203591, 0.07771579350991221, 0.08495521264088111, -0.09782149443421899, -0.09244984306741467, -0.06148724715650818, -0.17534275096974483, -0.34966820506539287, -0.0040817708776168665, -0.04888774026378137, 0.17857705345535552, 0.3903827490883543, 0.1900666356128269, -0.040402471758247065, 0.1987973954070555, 0.21017698619817865, -0.07203169542745555, -0.2766327599564683, 0.11876968718875558, 0.08224989213403404, -0.06574078733877864, 0.046149970834347034, 0.08579626680619673, 0.33926427397188214, 0.08442991277827382, 0.14294469403567334, -0.20687686731584168, -0.17416947501468838, -0.18329593321115237, -0.034395568465693, -0.013277373702331863, 0.05770965745017656, 0.08218559344710383, 0.06324882261602595, 0.21732109093769358, -0.20001879588850835, 0.07730848957487776, 0.13623161012581042, -0.19620730619678936, 0.026515736570964978, -0.037035667055259736, 0.031665351371701955, 0.25785514351443684, 0.01617849221737672, -0.06737980247725095, 0.071943111258855, 0.018897772954427437, -0.027457752506241963, -0.03570514550696486, 0.06819945331871495, -0.1898165574507392, 0.08916583304759723, -0.005465625136453384, -0.28188844368568333, -0.04059746920440831, -0.2944945378914781, 0.13337995316673376, 0.15366634169241344, -0.2250105113658175, 0.11659017065216981, -0.14730441926386945, -0.10777060153906609, -0.021575828672460738, 0.08057516018908617, 0.035298171273799576, -0.16446945667100382, -0.028148074345397473, 0.015452998316141884, 0.11011284796361587, -0.1285708193980042, 0.003149431631212212, -0.1840233495808294, -0.10954451897709913, -0.04953019023081848, -0.24685769951345324, 0.012837406738559872, -0.134360798139202, -0.29764957061017294, -0.03433022217034434, 0.11138649835235914, 0.02719743576358729, -0.06510425944086792, -0.05976327624185907, 0.2710253663910302, 0.04335183800507868, 0.05444841669038921, -0.05553904191636834, -0.0018883378784735705, -0.17619117496632558, -0.28831985093982015, -0.23775410873269906, -0.07664666978455224, -0.05455609766668687, -0.25511395156011113, 0.04006045911523807, -0.08895178668879353, 0.12575406052260998, 0.03174984531380899, 0.045119467261437056, -0.06538914072464178, -0.139048368466041, -0.032468576393031676, 0.0792564635492968, -0.07814750122480754, -0.01704553625499597, 0.1532256350618162, -0.3390777778628713, -0.011161894307222623, -0.24592575233374175, -0.03187598521908823, 0.1525019464226986, 0.06964787050707553, 0.05677835742554635, -0.12153392728402379, -0.12635969503193722, 0.02101501660935611, -0.056837708749414496, 0.24183339240881083, -0.18480858151684665, 0.10522213273008936, -0.033471679089024126, -0.015260180654227198, -0.13308569855756885, 0.04383472475120904, -0.11438144516991536, 0.008635355788736095, 0.057217927609610815, 0.07232822327424301]
1036.579040412876	(9, 12, 2)	[-0.3221126317575006, 0.07043965027564339, -0.11872588476169652, -0.08499779804917446, 0.01371870743114098, 0.06408211073687292, 0.10228988215603492, -0.10185809406590475, -0.11065638396317343, -0.07674208048520925, -0.13293438186311646, -0.2699500564403757, -0.09118300503072463, -0.06593829588248146, 0.13383472862334803, 0.36662182360029516, 0.26372925819631465, -0.03733015944870623, 0.19727059240056358, 0.21766721113662607, -0.09445336030074167, -0.25190630563097566, 0.12628933468770634, 0.10140803781963316, -0.07339220101761804, 0.06406388750072406, 0.06925923061765227, 0.3350834904593013, 0.1437203370783063, 0.15372831990216593, -0.1682454533348955, -0.19239184163308035, -0.17303799997721073, 0.0016579092487429524, -0.011061274748436309, 0.09870902044673863, 0.11113542046851821, 0.05052571039946383, 0.12387746420278743, -0.1809157936262514, 0.1132538454741532, 0.14388707956784758, -0.20342824735991322, 0.02488519437607114, 0.14119946082080004, -0.005645586794750408, 0.21377192148839597, 0.007685503966322318, -0.06998550236524703, 0.14946561311950662, 0.007247979812290377, -0.01088365742021343, 0.00903197787718278, 0.05891910756194655, -0.0821708066810922, 0.08580710472485116, 0.011077181163362801, -0.3113197129602743, -0.04629257220876628, -0.23777896102107876, 0.11923754677343895, 0.053529937753561005, -0.13465716964198174, 0.1187020974302099, 0.01870093754779381, -0.10639549554590128, -0.009255898307225468, 0.055488430916070676, 0.035850270359180904, -0.12857638695750243, -0.11221117741623944, 0.024994356580259412, 0.12304122822647412, -0.09122603598277859, -0.054861126477769646, -0.1421985366187563, -0.1121137162715656, -0.005525331795834219, -0.2171005606717077, 0.03018042880087347, -0.05525570701080294, -0.21586790894212277, 0.019996674908197447, 0.1087689547207942, 0.061029932712233545, -0.074356925518018, -0.043722004374632764, 0.21039302626834955, 0.05307619308637612, 0.01420385132942698, -0.03875333390749139, -0.113047965566817, -0.1574570804381342, -0.32869426163927234, -0.08505022509673762, -0.03600438607591338, 0.03883496654596888, -0.24597016880605074, 0.05286729959392856, -0.2202695464470527, 0.1151456790278455, 0.015007579194109652, 0.016515489724799926, 0.03797579758931104, -0.15022594877608633, -0.07169794981905817, 0.046610228013860076, -0.05230631024177845, -0.11804675932267988, 0.1107880588668301, -0.3269334419849802, -0.03787954165583355, -0.2430460588621281, -0.004204446473115943, 0.16055250807578766, 0.06539648450572408, 0.06317009220143242, -0.10448779240183091, -0.06403776433730313, 0.026155277348372273, -0.11150820139892623, 0.2707645765637472, -0.24600280552226692, 0.07347032033777229, -0.06934305121999622, -0.04331732444017903, -0.17159481586169278, 0.037408214294643145, -0.07432055766875456, -0.09389193464134783, 0.011966640428064685, 0.06482656351489186]
1029.4923609990333	(9, 12, 2)	[-0.3021019420383523, 0.0568980527150386, -0.08272934949145833, -0.07730245949925488, 0.08934481826246264, 0.05686791295699766, 0.1007001446204507, -0.10435055741550453, -0.07932289127899171, -0.07347452388484521, -0.1494047391289653, -0.29177690723891775, -0.08875499293645317, -0.04178812667436267, 0.15401638493989234, 0.37927641207056106, 0.26787972711246205, -0.03096624746418061, 0.19349614896439982, 0.20995317956913062, -0.04268246014884636, -0.22841200856421967, 0.11155832470474164, 0.06753542106399246, -0.027851390178291417, 0.09508323506050778, 0.1255724678983736, 0.30689330128714193, 0.14719483276565754, 0.14102978686087586, -0.1656343653105003, -0.14842584388966895, -0.2057120668408478, 0.06320084630569985, -0.02328191073756679, 0.05682943606450249, 0.08001460387870643, 0.05156945912329362, 0.16378659379296956, -0.2083873011186017, 0.09708899260390247, 0.14289743545522324, -0.17935053164481463, 0.018675761280888326, 0.11430861849804201, 0.0007986813640283273, 0.23170406281757877, 0.011921728924806712, -0.08664493987165067, 0.17297321933340462, 0.10540386557094301, 0.006772804054082892, 0.005498832019442549, 0.03779838281718409, -0.17591214683317846, 0.06851411285686348, 0.0015361882426011418, -0.3181303118274416, -0.040784897479610914, -0.33432220353333986, 0.11556648302237058, 0.09668089380461815, -0.1349090224955664, 0.1081352134959568, -0.1520885022414872, -0.11935655518318578, -0.004016755801256249, 0.09229908087585144, 0.06471444485027038, -0.012663012680879215, 0.045310887985033556, 0.031275484428413255, 0.0875163169351392, -0.13528327546673208, -0.043758727038508125, -0.20071660492043789, -0.10994794348987064, 0.0025506321701518567, -0.19355846276100322, 0.02381840993176112, -0.05037621767091959, -0.26394681743466697, 0.029071333195710328, 0.14208307482578775, 0.07443936962307797, -0.02450106543127783, 0.0016177504717847983, 0.20104176652267006, 0.07267760668192602, 0.0278540760080305, -0.04328910303410919, -0.02972178984334112, -0.14930632680984307, -0.31591504454984, -0.14586561769473927, -0.04171949508500819, -0.06308051542720806, -0.18715568741021604, 0.03309598492151567, -0.1639582806429555, 0.12935350140068463, 0.18881524996262755, 0.016323664642214436, -0.011862781741700837, -0.16049457317402555, -0.08548250926671777, 0.026551658362083015, -0.08264820786084998, -0.03159161644126143, 0.14604235606092533, -0.16722679920398809, -0.03235125496617043, -0.27240902046502374, -0.03247238279009792, 0.19277705804783402, 0.06774989564968688, 0.0584518155528148, -0.11519867863791425, -0.10250208550278832, 0.031544608500076676, -0.09294631983482668, 0.2555721328755355, -0.07337548681184529, 0.22768348318005072, -0.02094489399675483, -0.048393727800583985, -0.1727089384448114, 0.03515703632443894, -0.07702092883376531, -0.08095995524079666, 0.005467005057192459, 0.06826200090756736]
841.5785266053787	(9, 12, 2)	[-0.30383392809205956, 0.06037427346111607, -0.11375781792669487, -0.11632687670671157, 0.06866041550086689, 0.07952185154801072, 0.08719095116149322, -0.12721523208849211, -0.10639304237796653, -0.12371106071628907, -0.13970688344824247, -0.2851913113450649, -0.09696743306880741, 0.1747214296956254, 0.06792551076686526, 0.3734535526230498, 0.25680400512974527, -0.037512915800837605, 0.20262208044000687, 0.21954784071153155, -0.06775020061029663, -0.3174954973224805, 0.18422261351026037, 0.07115968960462885, -0.09538000015520473, 0.10982627928267788, 0.12708532017881502, 0.3388850199321557, 0.11520608635752683, 0.1366321172337107, -0.17191002865438523, -0.19543196576976282, -0.24108226770932445, -0.1039769157463999, -0.05945195291442877, 0.06377008031041968, 0.1338536730014414, 0.07965751208752173, 0.161195479691077, -0.25090082127312896, 0.08452597066550387, 0.1463780151527712, -0.17794334992323696, 0.019337965537148536, 0.1467305588769918, -0.13015513548122476, 0.22687762183543445, 0.047560161258267813, -0.11508415718109184, 0.18734349637520542, 0.012802071580490869, 0.004077978696248918, -0.012235509156244936, -0.06844051666853336, -0.04649733440601608, 0.08905109994519121, 0.012632392911828251, -0.27374592221185856, -0.031383353701847846, -0.2303756460416035, 0.14547556998813338, 0.12065222924700544, -0.08142286327532255, 0.1350926981449275, -0.1385364310935107, -0.11704349111312061, -0.030693576891003126, 0.04860945518607176, 0.024638873902494446, -0.15182273333498583, -0.0029520998560203637, 0.007531278247177728, 0.060491881962483285, -0.15776375618302152, -0.018185888866260266, -0.1973140220446417, -0.10731218506077767, -0.03691159771245174, -0.19313513142695532, 0.002317447146472305, -0.07034084706531131, -0.3003652995256687, 0.06383845228756224, 0.1299143232046381, 0.07944698763354513, -0.015750163102876403, -0.05437252030207293, 0.1429010568351676, 0.054464918484938, 0.021473242269596793, -0.06535177065279932, 0.06157639566767627, -0.15988081493951956, -0.3300913586396186, -0.14026221514182435, -0.04848862044318916, -0.1908631769202452, -0.24470220659204456, 0.033186664514557734, -0.19001772508570391, 0.08291132418715438, -0.010379001656064599, 0.006744017155751498, 0.015853757302656347, -0.18073207081663417, -0.08776763217887079, 0.06027463470948345, 0.04455138221380022, -0.018735038726912834, 0.15993373953280882, -0.29912380546721695, -0.017200671624273082, -0.1225871288551805, -0.026652799115791888, 0.09181837142934296, 0.09285637491595106, 0.058412054966243965, -0.06936494046967746, -0.12663313684860528, 0.0356182129721181, -0.11464717019037086, 0.22938178945985743, -0.09287927688487017, 0.08147896024158419, -0.029319927481002345, -0.05208757670850947, -0.15569158270147337, 0.03518136443959881, -0.09468876367302086, -0.08552926283532436, 0.03195089657351986, 0.03856582841434898]
1234.7899337962212	(9, 12, 2)	[-0.30164671903448914, 0.062331407750790595, -0.06716377048043552, -0.10682218451882106, 0.1259758859504621, 0.07006275708555235, 0.03346588744404193, -0.08263233743108482, -0.1151390228924907, -0.008965129117649823, -0.16183517655751783, -0.29317981598330234, -0.08052223942512343, -0.06671564893468711, 0.19253102568394928, 0.3776515338649442, 0.2573101198253925, -0.037569074624427545, 0.1493142917161739, 0.20305209892298468, -0.08107853315695043, -0.2682021996796699, 0.10900723757348965, 0.07925378215468207, -0.04500812527401772, 0.10552508623568095, 0.11536654304900328, 0.3150467064742585, 0.0690564814374118, 0.1538122297020368, -0.17260998270505143, -0.19119394984633212, -0.17270423734094134, -0.022113025601933615, -0.10353482900825425, 0.155707155610334, 0.11074120232930175, 0.10300192785749587, 0.1728509322931641, -0.19907495756973886, 0.08841809903873561, 0.15753227993585883, -0.15029055966279325, 0.014551008611906491, 0.12897431854228492, 0.043094656288444895, 0.24934728552621338, -0.006902870854827564, -0.040342715458661284, 0.1623213338725081, -0.01195812721294302, 0.014694116693601223, -0.01791131191530504, 0.0033012989512353867, -0.07300061352188843, 0.10865013848950811, 0.027350051819555715, -0.3123216967554522, -0.19216933729254787, -0.19843026686971282, 0.12082283745142891, 0.11737550095233462, -0.10030094853631183, 0.13565416381513118, -0.10944677980987784, -0.09040403239312146, -0.023660603434453698, 0.05459386005872424, -0.11588971492826929, -0.1785926883819707, 0.031233468076307683, 0.018122143663465, 0.20104693109268668, -0.1420743943497778, -0.027890931819978523, -0.1719587172741086, -0.053703768989594204, -0.0010076788207120423, -0.1769257203021935, -0.00795388858506585, -0.04937118263066801, -0.31292478980180527, 0.05298408432827581, 0.16149562129976713, 0.09104325494655696, -0.023362450978719248, -0.025736695411956074, 0.19807106557570986, 0.033935297765370014, 0.0032716943731595123, -0.06430792070820128, -0.04556348992079392, -0.11260912206647594, -0.30579490931193987, -0.17721619145346557, -0.04389145098885095, -0.10792421720182667, -0.23982490620852398, 0.033461824491029205, -0.16861924566508193, 0.08109716335585392, 0.25071103269952066, 0.0077058315072507984, -0.00732663330394403, -0.14740042266456363, -0.03160159155936073, 0.03308385432844253, -0.0359624128253664, -0.023848356996618164, 0.1330939920855872, -0.31779494553994414, -0.010150830232536392, -0.25922743780354374, 0.016392069982055172, 0.08551113056684989, 0.0876501225562458, 0.0638875345371812, -0.12715310879884398, -0.13007694867830807, 0.006649608755662848, -0.0728664600056761, 0.26878816044540627, -0.10164760241714094, 0.09140600123531237, -0.034502632272972955, -0.03306853747708818, -0.15740502348449253, 0.04328178761041856, -0.07253945895044671, -0.08506657745672454, 0.006707108492448092, -0.0068528191047853675]
572.6201122261145	(9, 12, 2)	[-0.294051930700675, 0.0030389870914428792, -0.09199017363876369, -0.13093397413787977, 0.05859167891165483, 0.09098388062562689, 0.07494336635340562, -0.07827351130499975, -0.08422854073935793, -0.08035547967230743, -0.20916670879947957, -0.2797083599345486, -0.0699915510454139, -0.058918540441016534, 0.17442997356942475, 0.3859758451755525, 0.042974793642279796, -0.03446815066703952, -0.021782806555924072, 0.21219909490139718, -0.05017898535324337, -0.20791779674881122, 0.11325101048682468, 0.06595811403886188, -0.06792667606548763, 0.055806833874411314, 0.10164183914933289, 0.33167297693131986, 0.13170947082924211, 0.16042029023931592, -0.19725063248849473, -0.17182641026119405, -0.18981602428873817, -0.023888779276034427, -0.04373153361551599, 0.08491068986369363, 0.10218158233053988, 0.07422085244810402, 0.17811767777469167, -0.19031171275673436, 0.07720311054960817, 0.14688036836394275, -0.144639839046818, 0.019503885787858274, 0.11628630051200428, 0.021278470785406515, 0.20827056326192495, 0.025230195362596426, -0.35188043048817297, 0.13428805673706345, 0.06158031187114558, 0.04716007125762315, -0.024120202115091263, 0.060613403526658435, -0.07761061179770208, 0.06960662537448739, 0.009900773589422419, -0.30609507004559583, -0.04032179334747928, -0.23271283499527384, 0.1154264233918346, 0.13255216168716258, -0.13559770473477917, 0.11935517116221481, -0.17774809734859282, -0.07527009572108304, 0.010015591046551246, 0.010413714326496163, 0.04396250234700881, -0.13283321888169888, 0.047099183170463486, 0.044595633050827525, -0.004451374165763439, -0.14123995862017905, -0.025357478514546814, -0.1824725181387176, -0.0716044866749368, -0.005000884551255665, -0.2618623890230207, 0.005443236547957812, -0.01624026251558783, -0.2751380730188116, 0.036540275136593546, 0.11878709332592044, 0.06403034474755426, -0.02282042167572953, -0.05299107391170841, 0.19637058811285577, 0.05244156743480706, 0.021988834525104996, -0.045373930615461314, 0.016300003008914644, -0.16662052726826584, -0.3177006129147351, -0.034478406938260396, -0.06231023147485204, -0.1757538282357068, -0.2559606253354329, 0.02859562063789895, -0.19465934374535354, 0.11250810426700072, -0.11590806060375211, 0.036894495574638975, 0.006724784597589716, -0.16400574089815378, -0.05703914500090071, 0.02262049902785496, -0.040624892733663896, -0.03191103946580626, 0.13115414466200367, -0.3141222681123306, -0.014970018075313432, -0.2739167075767415, -0.049419321389025404, 0.165289775759479, 0.10217243900398632, 0.07615127442587385, -0.1114626458244452, -0.12882045657417251, 0.05205539687339634, -0.0912501072252424, 0.23681806965672128, -0.104633059082524, 0.00661290982607364, -0.09603484085986116, -0.025042021851067124, -0.09620603120515968, 0.044617942570585205, -0.10343786529739232, -0.10802440776849237, -0.024543339648106358, 0.054621681542360856]
1031.1351645027084	(9, 12, 2)	[-0.30995718912277703, 0.12882375006404007, -0.058323453661571836, -0.11321053852504316, 0.03843291256327727, 0.05984303243481828, 0.06750406681232297, -0.09530282354462868, -0.170284571026644, -0.08248208880698144, -0.1500845179759024, -0.2809621754441714, -0.08311085052805443, -0.06147234617960196, 0.15350696483171414, 0.38082462179117027, 0.2780391777055937, -0.03092917677407292, 0.19786157269162322, 0.2180675089425743, 0.06724607427022283, -0.2432056175284386, 0.09789024987967461, 0.06835901416377908, -0.0950896833498742, 0.06314292095339759, 0.1531080357923053, 0.3581551529506887, 0.11252887326126776, 0.14421682335081548, -0.15022716873319436, -0.1725863878311274, -0.1627906944815455, -0.05225203517071127, -0.025264551455167955, 0.10418605971783473, 0.048755031968201246, 0.08656316031940506, 0.18049767094943484, -0.18434246519775854, 0.07953717410341743, 0.14896613778712775, -0.14711249740912657, 0.02453166844058177, 0.02009200217342598, -0.06365657267703034, 0.15591814160823408, -0.0017776198972587745, -0.09945696776908264, 0.13618750106335217, 0.043444517289006064, 0.007476104137654383, -0.012748328514078845, 0.05117503086692301, -0.059233547888603265, 0.15319127784984812, 0.001609460021645828, -0.4795890427295031, -0.1030651811045019, -0.2322371163796468, 0.1328717617803835, 0.12798668424852372, -0.1104617930344021, 0.10427310107660695, -0.15073153522102792, -0.09115082081107352, -0.01291297516399164, 0.07337412150786095, 0.026669522352052603, -0.13376158374988206, 0.10063484336332447, 0.12837503667858696, 0.07939570171134941, -0.08920645526293428, -0.03732975099796321, -0.16565865963364967, -0.07783309748978075, -0.0923412426169842, -0.4030972436226603, -0.01978824425887316, -0.04754857363378185, -0.25378714935231145, 0.06538542039170858, 0.12319657435456625, 0.08019232984692763, -0.04373461091871621, -0.02033349958763529, 0.22549563229772732, 0.034928192576588704, 0.0010104540240398973, -0.013287097032206357, -0.01744661129188496, -0.13574076788244838, -0.32975181812579163, -0.13996375096671343, -0.03063841699469553, -0.0934174521155752, -0.25689928800686734, 0.03030341083046115, -0.1569042360630826, 0.19130330449397343, 0.003216415428298145, 0.08138246883949302, -0.006486188589994444, -0.15396782967215314, 0.04614695057848782, 0.029550089800564477, -0.05187356870924753, -0.032422648131289616, 0.1377360237736689, -0.31160078787769085, -0.030366394867886115, -0.25987472955149055, -0.010049507970145307, 0.15175224260640333, 0.07668289921042828, 0.050312977137661065, -0.13119170855580323, -0.12756283460256446, 0.05716044554839192, -0.07854168769773565, 0.23909042429333677, 0.09075826391492021, 0.09857212441337013, -0.031126476536146287, -0.02038902337960192, -0.17953509903923218, 0.03732126216968428, -0.12518001017846592, -0.11030948179300183, 0.026485143479635695, 0.048682621204064594]
942.8727061288744	(9, 12, 2)	[-0.3078139959355525, 0.05732971875339599, -0.09096318033957346, -0.10031909492424963, 0.07080103851144368, 0.10671729987484768, 0.024270646859471393, -0.11223361592691913, -0.09943058263462953, -0.03514723642018987, -0.15373277878249125, -0.20696769246423774, -0.08403007689968743, -0.022038972379067524, 0.15021899933969013, 0.38231468997382356, 0.251240405566545, -0.016445682053397973, 0.18691809612139554, 0.2547940482322924, -0.046325846525817574, -0.2322734387057733, 0.13826446809999327, 0.07595116991674249, -0.15665323717391755, 0.10018639501707373, 0.178658145057929, 0.3375604276986775, 0.10774268540982557, 0.20844667017248697, -0.1875476539597376, -0.21114572470282048, -0.24407642584111494, -0.2924114021319702, 0.1815908432752292, 0.0600398117431675, 0.08200294092413414, 0.06031337831965733, 0.1509287588860898, -0.2032648568782855, 0.10404896840944865, 0.14318817195601158, -0.18641336545435794, 0.021543540629437287, 0.2004097186770979, -0.05371050365338737, 0.23098070438132506, 0.007880093519608498, -0.06928381653313836, 0.14019637850966052, 0.01027550329741098, 0.0035196633516837183, -0.02671971129875138, -0.002975633913741862, -0.05830811882221496, 0.09843865865451484, 0.016838492615016885, -0.2841110108267474, -0.06082368824011259, -0.23949880972341683, 0.11349755773480653, 0.14574605769954269, -0.0963410448274293, 0.12431918939362317, -0.16842462078725584, -0.0991437489062295, -0.005542035796571216, 0.01399513123891817, -0.018234667157468767, -0.14908859681367576, 0.020090759999867612, 0.01249282965702282, 0.10975353411330396, -0.16915486537452534, 0.07435108663432706, -0.18482562934098704, -0.06561877931643216, -0.017071440817580497, -0.18388385970712645, -0.013483898179256394, -0.06242765850656322, -0.303396502833513, 0.036939157864492714, 0.11500221429661811, 0.07091415336693341, -0.010840425040329654, -0.08280724371545804, 0.21701408373372422, 0.03676271244239256, 0.014432382140165024, -0.03416373871014103, 0.06739279356943975, -0.14243625052713046, -0.3160954549655916, -0.1456779075483844, -0.039833619530894385, -0.10611545180919109, -0.2433732546753223, 0.034001621107154316, -0.17839410258123004, 0.10857674024748834, 0.04193288043968359, -0.015147917863205726, -0.0948403120586445, -0.17467810393689756, -0.06278149855644494, 0.05092249606676911, -0.030603353956245964, -0.010164427097315971, 0.157265229828099, -0.2815440702701001, -0.009751575907372873, -0.24018044861016447, -0.056168014101096064, 0.1521145095737404, 0.08779808285548113, 0.052336149843231414, -0.13389234324352545, -0.11423625709883495, 0.047463946729516565, 0.036642331439009745, 0.2332663079119557, -0.11651386855884817, 0.10155663721292979, -0.05553596577230942, -0.03669937560566958, -0.15876260936568448, 0.1029493707214882, -0.08301139309599732, -0.08878874970009944, 0.010966424702099485, 0.04492350536434109]
648.7608606741818	(9, 12, 2)	[-0.2820793179512146, 0.052761401414344794, -0.06986447145645128, -0.2560985116864032, 0.0764689565703272, 0.09992127939566536, 0.09590955663843387, -0.09008996432280442, -0.06216623756224837, -0.0611567738252818, -0.1745675897712623, -0.2646582034769733, -0.09349650795214232, 0.0028121295824611197, 0.15304095595305175, 0.40838038114622655, 0.26388076449963016, -0.14129431695283648, 0.20744785662299986, 0.24615091778923925, -0.04160809336902309, -0.22121725681844026, 0.05843539291814488, 0.06672575157894865, -0.07953948346260996, 0.10328683900510569, 0.2639653611031531, 0.3567145581655419, 0.1372372194790383, 0.16501087934827888, -0.19510749413441947, -0.18898317374787366, -0.2090066899093838, -0.015307396358098772, -0.051502221668152756, 0.08075868526172648, 0.10703705110695856, 0.06222610058074608, 0.09524468633238345, -0.21132928438475834, 0.08336236841699297, 0.012121882745660145, -0.17360456342296393, 0.03247147839916065, 0.17429800723603345, -0.19928410646154635, 0.22002305050378648, 0.01604247087962698, -0.12534961063466307, -0.002743499908126071, 0.04122183267495233, 0.032692905960569646, -0.006603952170070957, 0.015965634465157762, 0.1267362117584194, 0.09521353395834385, 0.014473717050490211, -0.2419089377123336, -0.05595818028887847, -0.24075957267220333, 0.09597163566665869, 0.14380984485888662, -0.017768912333438643, 0.11089324018970755, -0.13038245183560904, -0.11904408485396058, 0.011727155355513478, 0.05802967399672421, 0.037867369821917476, -0.16167075522647378, 0.04318939177558703, 0.027190396006595476, 0.12058183866580517, -0.15777098884670437, -0.07205761729006084, -0.15805083233621056, -0.0781899276483615, -0.04438991469173611, -0.18177719534370104, -0.0064251896382110495, 0.05833470109207832, -0.23503028954528082, 0.05146282125916758, 0.3739043801434474, 0.157282666181044, -0.04548131312526672, -0.06989532901919387, 0.20594772508926368, 0.04158721752755408, 0.01990931637708966, -0.028120028514883856, 0.02853271313213845, -0.12780509923470404, -0.14765960032768383, -0.059395834876802917, 0.01568357865252633, 0.057185004658509384, -0.24886139259630397, -0.009579556206328593, -0.21207805223405002, 0.13769862722398174, -0.021332205775485807, 0.021297245377640113, 0.017068187943768156, -0.16751841466248663, -0.012629856996982946, 0.052779007434787494, -0.03985540129093841, -0.0829326644509418, 0.13401360111622795, -0.2385577353860283, -0.02117096778509704, -0.25824847284314983, -0.02865528652465236, 0.1353287588345221, 0.0575211343032817, 0.1780138403719131, -0.11685390446500725, -0.12118922275143337, 0.04439325473323596, -0.05625797727852258, 0.23393052415046098, -0.10173155698561007, 0.08883943446964354, -0.02268690536759118, -0.04049842527927515, -0.08020770466360089, 0.06567964883970417, -0.12160451883169544, -0.08688437506030304, 0.010778365770112283, 0.06087053080635036]
1309.6753678077473	(9, 12, 2)	[-0.2983559999486078, 0.0521156874460625, -0.07268193887911527, -0.09365621116352177, 0.06754987821415577, 0.08234668782176452, 0.06634350598627309, -0.0886106541941757, -0.11202860303366094, -0.023199010291932873, -0.15829975101611998, -0.27535142041735106, -0.0006846737755517272, -0.08645403101871782, 0.20231497083112376, 0.3750515898364346, 0.26938762728528287, -0.02634529845085491, 0.17671927143014057, 0.21495512624609903, 0.01242623071072024, -0.2645258959816661, 0.17007117879797512, 0.059785557828702554, -0.0936443743744696, 0.08910146834030616, 0.11373409067721177, 0.3856345561822486, 0.12619098684469884, 0.18730643461580634, -0.13975616290089354, -0.1845286412420643, -0.1953811544958543, -0.044051553915012975, -0.08745754996340142, 0.07103918363397951, 0.05318673131728021, 0.08466250529536545, 0.18298448912258425, -0.21065939531724584, 0.05821112034773163, 0.06415686449904162, -0.16715937451711727, 0.06579461652348666, 0.13922627109188404, 0.007354082808523217, 0.3746684655567549, 0.08283885054437294, -0.11248570637147544, 0.1092835826384579, 0.03202503750355154, -0.017656689366428908, -0.005825478480427193, 0.03405797410520288, -0.046462811638073934, 0.08749549214756121, -0.0011125640739052447, -0.2584822631954, -0.09494078665707725, -0.2526314929571153, 0.1851968154621211, 0.14152326574302565, -0.09129931957389777, 0.14588342840620652, -0.1613496431678208, -0.1180332966879514, -0.0042971378136442, 0.061752685480970015, 0.0033542875471098397, -0.12456062420793035, -0.0004272241402005564, 0.020754331735494486, 0.07423486498188628, -0.1799909706181208, -0.05990503345518627, -0.1755820451613252, -0.0725249536690455, -0.01585680087569189, -0.1932895634388497, -0.011885464583704722, -0.05205986284175923, -0.29677933689778296, 0.10859556171870939, -0.012657125335824478, 0.07239047655078903, -0.01994031779741855, -0.05952144406809176, 0.21276887116869247, 0.04775104484699931, 0.014893462689893004, -0.054362553589385694, -0.08090489340667997, -0.137228642299402, -0.33945779115364877, -0.2077523214958964, -0.1080421986415623, -0.08959873050723952, -0.23294502639864154, 0.09388089389015475, -0.16693073453072377, 0.10993276379972386, 0.027676350582655277, 0.03994359837826166, 0.05999433954057351, -0.15395081106800373, -0.09675850004872004, 0.04077231988603408, -0.042091015263088276, -0.0490176330253025, 0.1431761048457638, -0.2971693137922313, -0.05848678095842809, -0.23707287949474207, 0.052064594909656946, 0.16495766769307535, 0.08621886672120224, -0.02735843893661749, -0.11160709272309179, -0.10808600821929215, 0.01721395726342736, -0.05568904671851204, 0.2508705815312595, -0.09012228505158301, 0.078381327573951, -0.018681219250163805, -0.021523380154935816, -0.1565140910443681, 0.1565994314811312, -0.10860796539820766, -0.13283885836000353, -0.11262853426887254, 0.055227539525993866]
780.25967547939	(9, 12, 2)	[-0.29288267610848395, 0.054773996057563556, -0.07480561951404936, -0.1290257707299848, 0.062489890512439764, 0.08341983662473387, 0.06972996588548772, -0.06919129403454612, -0.102294717878353, -0.041492477043593656, -0.1629351403542137, -0.27524716804640503, -0.07484828520623374, -0.06988473170218552, 0.18336058582642523, 0.37562918510435567, 0.26739683538343306, -0.049630013639779716, 0.19121543345312528, 0.2158785640160541, -0.08201186779467463, -0.25731720495925015, 0.16320065265326633, 0.05678215088661298, -0.08339972288832068, 0.01587451623103294, 0.17816246837706384, 0.37270246141711605, 0.12877178493555866, 0.17990208946273012, -0.20553060943545204, -0.1809962216363275, -0.19760870056517416, -0.05272217956695595, -0.05781866431810136, 0.04306941067253486, 0.06761903356586695, 0.07675621986379569, 0.18553607090931754, -0.2352458366121717, 0.06654235056447128, 0.055863849609887016, -0.1721153102202177, 0.07840865343956005, 0.15209934044717402, -0.06340299259011684, 0.26815007421880155, 0.06431593507079275, -0.1112060340949374, 0.06189366194467735, 0.031642287828387995, -0.010062053280269538, -0.012165873685504524, 0.0002843854250075273, 0.07840417964356365, 0.09309611216898966, 0.01619867632377507, -0.26789978712617335, -0.0663601668136383, -0.24983282142641483, 0.1182106956052598, 0.3367370534095686, -0.08063612187623152, 0.12615222707456492, -0.14789166633896, -0.14614754267803998, 0.0065281409758986405, 0.06173283945408576, 0.037905756565523925, -0.1528283347959597, 0.028767220385308937, 0.022336877701616093, -0.06559824721491896, -0.1641583123179926, -0.039940685108391896, -0.179547936861984, -0.078001583357068, -0.09541033666704438, -0.16850979454004306, -0.0021170148063278755, -0.030105197071834774, -0.2902272522618433, 0.054723117358863385, 0.10841217627976626, 0.41078906570353624, -0.04423784649603756, -0.05850494920872268, 0.20587180973587776, 0.040456699914390826, -0.10594782917146493, -0.038889585405029015, -0.07417407056784805, -0.13531830004331943, -0.3012679522458821, -0.20724975095584466, -0.04071970400547195, -0.0870554365456166, -0.23652509988543008, 0.07667484075524429, -0.1772975792784437, 0.11001671404579146, 0.02014903132985159, 0.037096225277362074, 0.03249327355597538, -0.16127913677854222, -0.0945311679001069, 0.03893792012752914, -0.048918224939624014, -0.04817786198069477, 0.14604080239317344, -0.29014655132910183, -0.023528435419286585, -0.2516172100397423, 0.04697867843711013, 0.11612167582162283, 0.07837190977410824, 0.010688005189672962, -0.11379073707314447, -0.10964762705131939, 0.02197450273436888, -0.04231733532681461, 0.25400806597367015, -0.09101978566815253, 0.060562022890016956, -0.020803984129594267, -0.02393341608494144, -0.1549709520335537, 0.07597855086826077, -0.114398497679497, -0.12495563177044565, -0.01716627101562662, 0.03227123855114401]
1251.5332792725962	(9, 12, 2)	[-0.31285685281200776, 0.054469189531242995, -0.10439384445575042, -0.09367292690755158, 0.054569123869985824, 0.07745431464000843, 0.08617497438193375, -0.08090754989163722, -0.10706678764508878, -0.04309017751155485, -0.15908170687980489, -0.2747910899734063, -0.035843872385170915, -0.0653281127845871, 0.18669079837968705, 0.3258650577030403, 0.2621216981778569, -0.02425251317634457, 0.17263409159524717, 0.2217702637145056, 0.006417557279208492, -0.26428548327824736, 0.1638069012292455, 0.05205485742999383, -0.09195704449920869, 0.09083286478236761, 0.12771778953343718, 0.2041003390995353, 0.11676043573256045, 0.17336940992760425, -0.16787366190697597, -0.16108462043082772, -0.1956021246929775, -0.014302948651767202, -0.08578133436261771, 0.08022827794310097, 0.04639466910878377, 0.07484170913398577, 0.17531485974806663, -0.2943305819472433, 0.06046653174780423, 0.11595336157086486, -0.16795802546725774, 0.06334194598793359, 0.1401857375725407, -0.07010254356275188, 0.34162646014238895, 0.07616311100871283, -0.13180560497620186, 0.11117828367839545, 0.03239515640938828, -0.012764654130687681, -0.007047241297478453, 0.03514395716819461, -0.04753314403417768, 0.07964654914319544, 0.021209638964937372, -0.2768824297091321, -0.11350988473003906, -0.24234110352722674, 0.13849043943018824, 0.1533968974340845, -0.10825889226098097, 0.1431962463652717, -0.16138523822139092, -0.11559823637827651, -0.06545622671561827, 0.048481737380785525, 0.042627015601599295, -0.12457832772955611, 0.02805271807691226, 0.02131830689757156, 0.07266153714791085, -0.2478410186599778, -0.0436693342753746, -0.17565666588323953, -0.07443561016087749, -0.020344473746863156, -0.2103075580986659, 0.0019096432697252963, -0.04513706774678473, -0.31253759563634603, 0.0740443458846072, -0.007324431563565498, 0.08007341473900775, -0.05427197532956368, -0.06017924720608639, 0.23220650124214948, 0.033133277474187234, -0.05398000006151739, -0.05277685321348005, -0.04262997367057096, -0.1432889076618632, -0.33441535261384836, -0.11331060065078856, -0.0988901205288311, -0.11148995136082458, -0.24048628385038145, 0.05804258607419126, -0.17021800751731855, 0.09247902789411415, -0.20039625949501347, 0.034170977724211425, 0.013835925537172451, -0.16167273716046368, -0.1126832476584565, 0.0660379748929987, -0.037431020779010414, -0.04864079910489491, 0.143074488815288, -0.3073044473473091, -0.026652707744253518, -0.2501929789630745, 0.023521200930048402, 0.1568332710326774, 0.08603054266308663, 0.09587594725054568, -0.10689304576308233, -0.11608838088582842, 0.03440925445767449, -0.03967969578316761, 0.2432253143491384, -0.1056754801854159, 0.07780337321264144, -0.026867755175680675, -0.021482291184877367, -0.1523212541720071, 0.09161815227032687, -0.08811724419596623, -0.11428425173975457, -0.07666650352458278, 0.03250310027626377]
1210.7869572154777	(9, 12, 2)	[-0.32083300342656035, 0.0504555481197254, -0.07409919001114186, -0.06017908538820117, 0.0846767588605715, 0.10271352740434424, 0.07457787839373484, -0.006585787133168264, -0.08548721300279985, -0.02971888445508047, -0.15329633240951063, -0.28007379065938753, -0.08986971857881286, -0.05200158209870896, 0.17717070812398317, 0.3779837081422868, 0.2300716326060342, -0.014656720869688706, 0.2071171191486142, 0.26196904487562894, -0.08338958492879904, -0.22860364449130494, 0.13326748327632126, 0.05637815513566111, -0.08843807776578212, 0.11304739163950062, 0.14085696876469153, 0.35613983683439854, 0.11634712037305675, 0.10252457674531368, -0.1919671627505723, -0.17912817657155772, -0.2071011247843592, -0.09449360922935787, -0.02674178167932282, 0.07284971779588384, -0.08507844006929641, 0.07670481486140864, 0.22193148836714374, -0.20480156204811528, -0.021730768831775202, 0.13209836669722871, -0.16408398160352541, 0.03266953702059741, 0.16140244844494392, -0.011104155620084556, 0.2137209298246893, 0.012539395112047089, -0.10466309271049769, 0.1315755090838156, 0.02159024912499872, 0.04894678514224637, 0.049116857054865404, 0.029134244257091588, 0.01717106815242688, 0.11543790679610678, 0.03017956379968227, -0.2690761773998462, -0.19331258689525155, -0.2726130541120757, 0.13212610425731203, 0.16629748414768605, -0.12109354858362506, 0.11795809398049126, -0.13736257712309047, -0.10958527406526526, 0.017852353607065052, 0.02813938667351756, 0.06252133668423143, -0.14786984845411366, 0.04870831112523784, 0.01606934843650566, 0.08778765280462411, -0.12758414502799345, -0.028419594245349802, -0.17013410730590772, -0.07963513322202473, -0.04200608937485514, -0.1919287696888767, -0.012150807219731422, -0.043823434180413595, -0.2601612820824849, 0.029088801410401988, 0.21996597786343913, 0.09243476001782469, -0.050223941921949726, -0.06637892623960975, 0.21135899744111208, 0.016227935606171057, 0.018144734748019472, -0.051491489651951924, -0.012239624596518471, -0.14060390120620128, -0.340789490396775, -0.1486951660270342, -0.05173181854454064, -0.022464450131563476, -0.24195019256464262, 0.03474147377410436, -0.16870117009475494, 0.09787442919685427, 0.0033686111991923125, -0.0037710556120672005, -0.031000127017946418, -0.16880021187099553, 0.0021146788350436306, 0.06843527482932024, -0.06793139740612078, -0.04895094021798289, 0.16211335682066091, -0.252471059931801, -0.08087912655035817, -0.2745904634609163, -0.013462088499439539, 0.1596734482378991, 0.06141564567574989, 0.08995654777719204, -0.1687194770771121, -0.16971527176981036, 0.019635203915655576, -0.0620344243015892, 0.24224083115885542, -0.1110147760696788, 0.07824836793538804, -0.03175317107299204, -0.020274240382768736, -0.15775992645517864, 0.05152840468185699, -0.08309241551156249, -0.11684066973801696, 0.029165352978866577, 0.03488096749040449]
1371.5111487504787	(9, 12, 2)	[-0.29590886364987024, 0.08180425373006678, -0.062176030997989865, -0.09379247868222157, 0.0649355730782794, 0.09021577623404689, 0.09760630072303625, -0.10535242931102706, -0.10881524291914757, -0.09316438367068174, -0.1855369996570429, -0.39219365499803427, -0.09177594591234363, -0.03157607865077067, 0.1930332098358027, 0.38439239755879506, 0.22637678715581938, -0.058513836617281795, 0.1912711764741034, 0.2342950923140289, -0.07304256866014656, -0.24185751400655148, 0.18072231487814408, 0.19368270182142647, -0.09923042307659835, 0.0839312893295569, 0.1172525423639888, 0.36330017215152977, 0.13393000014761136, 0.16964780197767196, -0.23908942358383364, -0.20999138301042758, -0.20432458950925486, -0.02888854650043389, -0.06697534128017701, 0.09861099651595848, 0.05365331870357028, 0.0696537547648641, 0.19114967541788536, -0.23169888426195043, 0.0737262400883516, 0.051533447603083156, -0.1785023108510883, 0.14411462132550912, 0.15115118842793646, -0.058422740520957084, 0.22524306492626356, 0.042483306605422155, -0.12368050510563042, 0.07886291397744363, -0.07517045287222994, 0.0023769057454045388, -0.09723727608124468, 0.0185708642264143, -0.04182113728284376, 0.15149053624470932, 0.016922779523441598, -0.2897313914100615, -0.06177923463597204, -0.25556269312209773, 0.10593590242644296, 0.1810374466003073, -0.09152417524295724, 0.020145136222094216, -0.15705083011757442, -0.10372511217010558, -0.012487370815914578, 0.0424943913228592, 0.04270220933681479, -0.14072286523010882, 0.05554730601064879, 0.02267946028087987, 0.04206459713719424, -0.17358123515075408, -0.030295994145999088, -0.18566983683838173, -0.08405544363961576, -0.033008183511023075, -0.14533452167268218, -0.009463351354857806, -0.024191578073738847, -0.2754962404580152, 0.04572289590881656, 0.214749629896978, 0.07563283236969764, -0.03648404660248704, -0.05940104473100179, 0.2137746562074383, 0.04352276126658101, -0.07018148424076145, 0.011426105856622515, 0.05286358448716717, -0.09693048885558513, -0.2858111116504092, -0.1335007958652961, -0.03758692537267695, -0.19388625196883658, -0.3521937755101979, 0.015747921903279255, -0.21772338208824576, 0.08888881654134742, -0.010868589177811652, -0.004352595073880291, -0.007748612500353469, -0.16322660737780442, -0.058886290224807125, 0.0413942114813074, 0.028782381030014247, -0.03917668631003942, 0.15105122009828753, -0.28068933608068747, -0.02265323390061045, -0.24777277132381814, -0.022105028577873394, 0.09424334512428778, 0.0825268983186337, 0.05305454067916039, -0.17140440969263193, -0.12548278846121433, 0.008668071578988829, -0.03708021613426037, 0.29648148029631327, -0.08771999860267402, 0.14298706387036794, -0.07383834222014234, -0.01783907168254881, -0.19000105103738232, 0.07615888413196362, 0.0727567304684465, -0.10682052920282577, 0.02704775791040562, 0.0425612397505808]
798.7367877161363	(9, 12, 2)	[-0.3776652316919771, 0.052719340134160665, -0.05173155438925258, -0.09925495049259903, 0.05554166299981225, 0.11699668936631379, 0.08021504893905942, -0.12274850025535364, -0.0999676693129205, -0.04652127721513458, -0.13883265576827342, -0.2720694529620401, -0.06533542409714757, -0.05436510731833041, 0.177471013645473, 0.3857080322421903, 0.2700096908598095, -0.042515984987765224, 0.20017167471466202, 0.21147369554420745, -0.018337454358493144, -0.23772529667402498, 0.1022850833221107, 0.05822944002109359, -0.12879408816843863, 0.08516803005658147, 0.1454417421216835, 0.36300749399824417, 0.15824651104179716, 0.1660519406953234, -0.2030119588366683, -0.21382564767350112, -0.1491648880759261, -0.04673379059766909, -0.05408108989875657, 0.06558234810653085, 0.08698381218103791, 0.07005244866304842, 0.1698119340553096, -0.22412735253931987, 0.049519264511478187, 0.10778228346550399, -0.17958119152694482, 0.055000009380331887, 0.15514052955962934, -0.06314812651866072, 0.2959291274915924, -0.05555569233344144, -0.1097098846925007, 0.10513285377686801, 0.014221915884146442, 0.011764995044664857, -0.015917096926570347, 0.0029835144424951855, -0.03587530300129067, 0.0874485771873791, 0.011674586019518051, -0.19623530211205648, -0.059900858508291244, -0.2501407456306786, 0.11970677622147202, 0.15410469586706757, -0.08233817939285443, 0.1202960791315069, -0.13818586866057633, -0.11097337460702915, 0.05566398710387388, 0.00539969161407542, 0.02939248859964443, -0.12053523823466429, 0.07033057332566947, 0.023764539619089232, 0.04347797509475502, -0.14625122921999245, -0.03767193965561873, -0.17999269395601386, -0.03809367130863034, -0.04657938368737891, -0.19313019623171593, 0.004101135651853672, -0.0469439970205353, -0.2636311317180048, 0.025238036537658718, 0.1358302979104481, 0.1557457526272612, -0.03633418609376761, -0.055933339310184085, 0.2121157350576034, 0.08188459213387711, -0.05274540880739645, 0.04119152480320943, -0.02471543672956152, -0.1376894339358716, -0.2430755161341005, -0.08239626606821344, 0.10047920114733869, -0.0751673225462717, -0.29089129370369426, -0.0030445038288782885, -0.23437495634905603, 0.10873498745698018, 0.008629442973307713, 0.13733569072827656, -0.0039346014524806764, -0.1764130832464776, -0.0031720059951660454, 0.04386976152420984, -0.028686159799198495, -0.04247860306262598, 0.15546646453927304, -0.24392861960731335, -0.017969617292531284, -0.28242685307972476, 0.12626454021572187, 0.13510220724016092, 0.07818040413174791, 0.09414487005053208, -0.16649238230853375, -0.08721655246603582, 0.026991608734080276, -0.05203994976321311, 0.24618142076031585, -0.03444336447581026, 0.07615189526507093, -0.032386732970067215, -0.016387817380431196, -0.1170220908600262, 0.07661637718534847, -0.1268950602644986, -0.11056085850296644, 0.010569238522815022, 0.049318247101368076]
1106.3852233472114	(9, 12, 2)	[-0.27726061685661757, 0.06002464663598521, -0.09925536345822888, -0.11525236307804095, 0.08304503737212465, 0.07583107796644119, 0.0694159781830582, -0.09250105662123244, -0.14835235559750565, -0.08486707041873694, -0.1742043913937551, -0.2764875807192621, -0.0659563954498848, -0.042481918897236425, 0.16240437508112782, 0.36744723572392635, 0.1718907370010553, -0.04099208736647444, 0.2572848054388213, 0.24349817825393522, -0.062262664140483856, -0.24618557848849623, 0.1077350423369143, 0.05079002998903076, -0.07346201129433821, 0.07547612638811835, 0.13994121235615342, 0.3435500894536938, 0.11774034105507498, 0.15070709421848708, -0.19120387879738526, -0.18466828190192908, -0.19511970010319846, -0.030480693574878412, -0.05414328219877772, 0.1235123114758993, 0.08662079789283048, 0.073493576000716, 0.19285268782526352, -0.24247758601733757, 0.047154040437632404, 0.07799585580809842, -0.31152881405143806, 0.027089612242953347, 0.1467229453102728, -0.041369403264980016, 0.23578114711096937, 0.018789495183944356, -0.11309434765756257, 0.10534874828081672, 0.017256908181451678, 0.010161001931538792, -0.01777462783468981, 0.018231648613601742, -0.046012344925017434, 0.06978191098330883, 0.028123338650536324, -0.27278249026215984, -0.07752468662778553, -0.16348801854188955, 0.07994700219701625, 0.16338489783302934, -0.24899843743470096, 0.12484298757568815, -0.11845199328063875, -0.13049443761363605, -0.011902348045754095, 0.03856874332305685, 0.03766534468579061, -0.1143983292985555, 0.05203794254744141, 0.02939942459736183, 0.044250752149801925, -0.1871349895828562, -0.0071577489729400205, -0.1740394138876326, -0.10062991382259778, -0.030843314361258013, -0.18894699613896707, 0.014531639406610926, -0.04478890098092437, -0.2755786381098113, 0.03965172593244108, 0.04297125377692933, 0.09850106968275675, -0.02823642446630101, -0.07407610209459953, 0.20931811103853798, -0.05838865699622195, -0.011871230255103126, -0.07351386384360749, 0.027153433870758303, -0.13328287040557413, -0.30724848717576486, -0.12703956624962973, -0.039821131689026915, -0.05882069965791137, -0.25304486203178705, -0.02084897238053348, -0.09686964498330301, 0.09775755665502463, -0.15887047150204076, 0.020911031005708326, 0.004503173824005035, -0.09514757952271943, -0.04036516616924355, 0.04681836615897916, -0.04156604965120786, -0.04101373252850612, 0.13611140823287532, -0.2987280319031181, -0.019615759393301437, -0.26457051516192154, -0.0027738188186327986, 0.1530166850136471, 0.07911600881832577, 0.029149472889873365, -0.11301954861638555, -0.11269442540712996, 0.04688294785326419, -0.056432571345140035, 0.2504978795285207, -0.09221145663467448, 0.06810459505780089, -0.02041590949706101, -0.016981063006292638, -0.15337916173681848, 0.08248726798176027, -0.09796196258311163, -0.09284206092329678, 0.06601280319778062, 0.08699544235902808]
760.1883158979407	(9, 12, 2)	[-0.193573627620431, 0.05865642420431254, -0.06982514998161908, -0.12578495173805973, 0.05694478447305036, 0.08242543537655739, 0.07037701253780741, -0.09640170860001968, -0.11071317608248782, -0.0804771225040726, -0.16853781725388695, -0.2743788922120034, -0.07413125921427849, -0.03551560179151288, 0.1277860406589858, 0.31032142062027496, 0.23739360264393694, -0.03606209416363908, 0.2642786240133343, 0.2993627775198108, -0.0365197779148241, -0.23714527219896758, 0.09038652407727674, 0.017247707326297802, -0.1741652602779489, 0.08218646856255074, 0.13776953519642066, 0.3622745386513212, 0.11293334423820212, 0.0945593216281796, -0.09061767013953194, -0.20154305747294726, -0.07750436907204775, -0.04696722738782544, -0.12912732141005312, 0.1241963865209502, 0.04141836055090787, 0.07450980074019348, 0.22127502492200563, -0.23361462409407274, -0.015114050792277907, 0.09923206191195921, -0.171596196699543, -0.032028615520605236, 0.149038782404473, -0.0411715307076503, 0.23797200207933755, 0.009403038428030983, -0.1531073356056991, -0.06584184256527137, 0.018098102050887653, 0.02929524645662654, -0.004825133615723487, 0.029492882032848118, 0.08552415293172094, 0.20837390601723793, 0.02881680963081922, -0.2739220995157225, -0.04628129824662407, -0.2620232545907526, 0.013865702892085682, 0.16775336559988985, -0.1370319360750871, 0.12453237180814072, -0.14810392425536897, -0.11806324960975773, -0.008630823503488426, 0.019446083001276673, 0.0628052495491708, -0.12320732655973887, -0.008711878697110587, 0.022403178250281867, 0.06855776680079456, -0.1444107517283738, -0.050500277566886846, -0.16908004636694335, -0.08016264033834924, 0.0034100092070987733, -0.18548618609287218, 0.07283070794604515, -0.42313665465020656, -0.28935606617246934, 0.03930460000896411, 0.198239197578302, 0.09073983910701112, -0.03051182589985642, -0.13362823389539763, 0.2754049242503762, 0.024907953698481526, -0.08479222648014177, -0.020666392472071554, 0.033246102638760835, -0.1180652025593932, -0.2843655163499126, -0.11697733882940073, -0.04113959181649464, -0.07720682915393384, -0.2550947996451595, 0.02559763014395961, -0.20681352346750487, 0.10115512973927146, -0.019848267444264833, 0.019366677523239468, 0.04684112991876198, -0.1740985577929584, -0.02184518067199892, 0.03269319808733258, -0.007026131125613835, -0.04121938460974735, 0.12916962062439616, -0.22693072178991108, -0.03410859983710258, -0.1859931414686073, -0.015593880753303889, 0.14220480948408387, -0.038582084898563, -0.06464504555652226, -0.12514524975012148, -0.20359972202872617, 0.042235877049615005, -0.0481609021982934, 0.24311605404949538, -0.09067805375578886, 0.06365044509067169, -0.002302623588949697, -0.027495044813875318, -0.2203413786841012, 0.06727490830544516, -0.12470586472581877, -0.1157177694687435, 0.01890509246004783, 0.03470561652659405]
1021.5117940825836	(9, 12, 2)	[-0.4239337365428041, 0.06088758196830254, -0.08435594054542327, -0.1094151444547469, 0.05881823642541856, 0.09888781577604601, 0.060524535214071876, -0.1636148317446276, -0.1283181005299761, 0.0036712011518393733, -0.15995517237932777, -0.3337148746916835, -0.04208000960187927, -0.05074702107061274, 0.18090647681161764, 0.37361668527003017, 0.2394944229766658, -0.04666828144194883, 0.2171815682206808, 0.2464845712360188, -0.05838021138724847, -0.2627342280035918, 0.10285788776755242, 0.06452786693463672, -0.08069861744967899, 0.06620864182778952, 0.004923643914030412, 0.3746182856164998, 0.14888843324118756, 0.08305824252761955, -0.17416327893259115, -0.18090086906174466, -0.1964906678602933, -0.08723277977805596, -0.05131382298873359, 0.04522054626533928, 0.061011297814904844, 0.072463672113985, 0.1834136500806704, -0.24633299467220238, 0.043756250890764764, 0.07701429613578892, -0.20049815286487527, 0.029058964400832374, 0.1580211860591198, -0.042244372308937066, 0.24854207290755312, 0.00985871486324777, -0.13603993277299917, 0.10823758019374552, 0.017396251848925535, 0.013894251249439007, -0.022853097802923585, 0.00893124137326372, -0.026640931157422294, 0.09120074421235405, 0.0304891133845658, -0.28247118415853684, -0.07793838546527569, -0.23216828008643642, 0.08674833431028586, 0.18905031753520046, -0.1387485284000879, 0.11414363939642783, -0.13241788302747376, -0.11773888271685103, -0.0036482358902372274, 0.026869771861883485, 0.09212844186021332, -0.09978414381665912, 0.05953324454839295, 0.029364070267005417, 0.09073726977216001, -0.1756121967943062, -0.027599107676553734, -0.14969136983325124, -0.09800138927784414, -0.01255625315342674, -0.17907532614049268, 0.007411338473718722, -0.018261709156156596, -0.28835685809910805, 0.045137202289941315, 0.11486621060519231, 0.09714589119917359, -0.03932094312190274, -0.03441063370203091, 0.21227273432663066, -0.03862405106990611, -0.06827362388715638, -0.05622357297184681, 0.0005599615077897165, -0.13308891741048745, -0.30721291003376083, -0.11784123808024333, -0.01192844639851001, -0.05605389676789212, -0.22851119641501927, 0.02523859121767855, -0.22932363548187928, 0.10372361866653787, -0.1511816774105539, -0.07479502017060294, -0.006826426263292342, -0.16282869921352794, -0.023960973458897143, 0.01807025342800457, -0.06972977596944428, -0.043822228430520985, 0.16501027265714496, -0.26236812758667183, -0.027221845228879077, -0.25767941379735654, 0.020127204562799605, 0.13264082312075098, 0.04180576712712195, 0.08195571367647274, -0.12872929528433164, -0.13293386548968641, 0.04143754665258552, -0.03926473246453086, 0.2504272981884966, -0.09782763208018444, 0.06830231008327602, -0.03416535829224542, -0.02146718810274612, -0.16912189285054452, 0.076362062526068, -0.07272243854303154, -0.10285702519890857, -0.005646787653170613, 0.06363874281583368]
1220.9198348808582	(9, 12, 2)	[-0.34663866054945297, -0.04624227381458327, -0.06793613814397163, -0.11010709566117599, 0.025825177310961255, 0.08570874687461814, 0.1091965760399245, -0.07975312194684839, -0.11234525021040709, -0.09456097306767135, -0.1632029830758006, -0.3467076377531364, -0.07603800237312089, -0.08575098844090161, 0.18714472929357062, 0.33250555107614965, 0.23209783005696202, -0.01848527950969608, 0.24114053940512598, 0.023442240978886142, -0.05354401367713198, -0.2554920616965144, 0.1264545457613434, 0.08185379861236122, -0.0851519062938832, 0.06410487967911982, 0.1214874819142056, 0.3594789845773703, 0.13579009119076602, 0.06195643942563794, -0.2053564854627286, -0.19949919624632653, -0.20206231943855893, -0.051765716146984095, -0.06288685496261749, 0.08214548520129336, 0.03135153078539321, 0.10148192675421526, 0.17447864035834754, -0.23035298273961133, 0.056411827645390766, 0.056078261344818886, -0.11174693160386254, 0.0325922341429077, 0.13861178094965326, -0.011095347146733103, 0.25783255954608103, -0.010041555748716397, -0.11930113776899366, 0.12044384098686829, -0.01533965235670658, 0.018828144042532753, -0.097195510179537, 0.00835134109289067, 0.0697745849686768, 0.12196716189008962, 0.027150583117913733, -0.19434774489379908, -0.09434347737097233, -0.28558839846535156, 0.08921326776877475, 0.1720741160474376, -0.052567235505223735, 0.11631234492028351, -0.14446619113167836, -0.08046731793401883, -0.011083946378252947, -0.013561409315896219, 0.049977801968602686, -0.1357209105782557, 0.015846749929412825, -0.039447447510716875, 0.03495213217054609, -0.16148108158044558, -0.04346117408681653, -0.17483292438432757, -0.14995575887865525, -0.03176365633591242, -0.17833865520928438, 0.005931113087209334, -0.005255437303327528, -0.27303956061741935, 0.043197803714743355, 0.18319504960407149, 0.031511437980618645, -0.029657029186168547, -0.04833095406094845, 0.1906278069946838, -0.0035077790201437278, -0.08553011541329897, 0.020047749846992653, 0.008836145910469492, -0.11414470967586741, -0.29540827877271075, -0.11221100679209685, -0.03863854537038826, -0.09127708237796792, -0.2901768167436447, -0.001528319812141589, -0.18956227274025733, 0.10257333608534892, -0.007013528406271203, -0.007001483416473588, 0.024578954425646563, -0.16422333962536756, -0.04582862302267963, 0.034267894548214904, -0.024949154189656368, -0.04097476375237069, 0.16247905807191915, -0.09535599966907171, 0.08392408201302172, -0.2816836132978491, 0.09413961855278835, 0.13789537791351852, 0.05317553918495154, 0.08930967060168213, -0.1503333415877384, -0.12018533410739235, 0.03436276457317501, -0.11627432231965881, 0.2528718885336103, -0.02105098730355409, 0.10118273233382655, 0.01646771521153213, -0.023366964331961504, -0.20516476280067153, 0.0923663566394313, -0.08184368262799545, -0.10651087662819045, 0.017874160835149224, 0.018020881561387144]
1069.5319728011868	(9, 12, 2)	[-0.34663866054945297, -0.04624227381458327, -0.06793613814397163, -0.11010709566117599, 0.025825177310961255, 0.08570874687461814, 0.1091965760399245, -0.07975312194684839, -0.11234525021040709, -0.09456097306767135, -0.1632029830758006, -0.3467076377531364, -0.07603800237312089, -0.08575098844090161, 0.18714472929357062, 0.33250555107614965, 0.23209783005696202, -0.01848527950969608, 0.24114053940512598, 0.023442240978886142, -0.05354401367713198, -0.2554920616965144, 0.1264545457613434, 0.08185379861236122, -0.0851519062938832, 0.06410487967911982, 0.1214874819142056, 0.3594789845773703, 0.13579009119076602, 0.06195643942563794, -0.2053564854627286, -0.19949919624632653, -0.20206231943855893, -0.051765716146984095, -0.06288685496261749, 0.08214548520129336, 0.03135153078539321, 0.10148192675421526, 0.17447864035834754, -0.23035298273961133, 0.056411827645390766, 0.056078261344818886, -0.11174693160386254, -0.022598105768956003, 0.13861178094965326, -0.07375952552023367, 0.25783255954608103, -0.010041555748716397, -0.11930113776899366, 0.12044384098686829, -0.01533965235670658, 0.018828144042532753, -0.097195510179537, 0.00835134109289067, 0.0697745849686768, 0.12196716189008962, 0.027150583117913733, -0.19434774489379908, -0.09434347737097233, -0.28558839846535156, 0.08921326776877475, 0.1720741160474376, -0.052567235505223735, 0.11631234492028351, -0.14446619113167836, -0.08046731793401883, -0.011083946378252947, -0.013561409315896219, 0.049977801968602686, -0.1357209105782557, 0.015846749929412825, -0.039447447510716875, -0.1207469794574222, -0.16148108158044558, -0.04346117408681653, -0.17483292438432757, -0.14995575887865525, -0.03176365633591242, -0.17833865520928438, 0.005931113087209334, -0.005255437303327528, -0.27303956061741935, 0.043197803714743355, 0.18319504960407149, 0.031511437980618645, -0.029657029186168547, -0.04833095406094845, 0.1906278069946838, -0.0035077790201437278, -0.08553011541329897, 0.020047749846992653, 0.008836145910469492, -0.11414470967586741, -0.29540827877271075, -0.11221100679209685, -0.03863854537038826, -0.08563258891644579, -0.3458588731986698, -0.001528319812141589, -0.18956227274025733, 0.10257333608534892, -0.007013528406271203, -0.007001483416473588, 0.024578954425646563, -0.16422333962536756, -0.04582862302267963, 0.03364432957355708, -0.024949154189656368, -0.04097476375237069, 0.16247905807191915, -0.09535599966907171, 0.08392408201302172, -0.2816836132978491, 0.09413961855278835, 0.13789537791351852, 0.05317553918495154, 0.08930967060168213, -0.1503333415877384, -0.12018533410739235, 0.03436276457317501, -0.11627432231965881, 0.2528718885336103, -0.02105098730355409, 0.10118273233382655, 0.01646771521153213, -0.023366964331961504, -0.20516476280067153, 0.0923663566394313, -0.08184368262799545, -0.10651087662819045, 0.017874160835149224, 0.018020881561387144]
825.7500991968172	(9, 12, 2)	[-0.30559433889594934, 0.07303837245761208, -0.08294339780025764, -0.05876207608656846, 0.05364421229892391, 0.08437706168167584, 0.09988654746412495, -0.08783815380611174, -0.14315819846429645, -0.06915793293243169, -0.1555181056600728, -0.30181218789329095, -0.05834088708247562, -0.0886500855784488, 0.16742069494039477, 0.37059033993550355, 0.14011008735210181, -0.023940313506978637, 0.17494167419389373, 0.20917768830009065, -0.0539345499251998, -0.2673791025336547, 0.15566684768991218, 0.06218182936466783, -0.08277778016651852, -0.02507493905773475, 0.14106706053238316, 0.3480675104067066, 0.132565378581211, 0.1352827541831476, -0.25162304430710697, -0.18949818522267434, -0.18938405096623417, -0.006742952316326927, -0.050872759480124034, 0.06476438178805367, 0.06151552664440655, 0.04244480185515099, 0.18715494146088757, -0.1891750574878992, 0.015803707409675648, 0.07094853649253964, -0.2262853548214135, 0.019126760648016605, 0.1484352922166949, -0.029701926837934083, 0.24339808397397888, 0.0227258185085959, -0.13329974258041807, 0.07754326700469916, 0.10982990940449014, 0.0043981830470307525, 0.032398948640180156, 0.02568842370564471, -0.010783693889996507, 0.10562849631769153, 0.05031137142700807, -0.3602882440713313, -0.0638719284127728, -0.2893449054770469, 0.0830569704363534, 0.17865723791555327, -0.1140328446840522, 0.13078099654112002, -0.13248170710197527, -0.11328631215219685, -0.012459302154309067, 0.004127073217533455, 0.07671199115137982, -0.08163351544817767, 0.048196140563338645, 0.019306023483478905, 0.08254862649299263, -0.15007450530001767, -0.04874307952328831, -0.17398698919607797, -0.11053883002442388, -0.03840994325947947, -0.19386281809143457, 0.00741814125084941, -0.04277078511227606, -0.2650484557533191, 0.04875120717053203, 0.18668803855363947, 0.09808466150296537, -0.053070621864832024, -0.10247288489495189, 0.18314386208286715, -0.046340458859934965, -0.06805008363675566, -0.041517297027530174, -0.0013208296768782094, -0.16913416902891126, -0.2893265490559521, -0.10922678789021559, -0.020522773744075424, -0.0590531195936611, -0.2513509225743183, 0.02419410154961968, -0.16954960944919198, 0.10029314053743324, -0.08976418848611921, 0.014266037310654504, 0.0021941573653198963, -0.13986354992621616, -0.024288595544964656, 0.03716504891421629, -0.05785152288666522, -0.08697416707800947, 0.16257704111062393, -0.28063015133172275, -0.03509969362722651, -0.26978965154705103, -0.00011887152155677531, 0.1402828868197159, 0.026871763325317245, -0.11484443447127639, -0.13240718140880176, -0.10498159041233293, 0.037414484218028274, -0.059620992123665915, 0.27112427906431746, -0.10095752936511125, 0.08435367378594186, -0.07128760646862652, 0.0038526146932348552, -0.1271634244807246, 0.07412424411099713, -0.13097123650862857, -0.10852860635129735, -0.0010571336827716886, 0.003935044246506505]
945.7351770610751	(9, 12, 2)	[-0.2998405372195988, 0.08317579501801048, -0.07677953597270183, -0.11170708101366417, 0.057595015958551446, 0.08653234007286968, 0.07565909730091705, -0.08426129803617909, -0.12506942989438666, -0.0876142989131079, -0.18941465973059232, -0.25992042124046466, -0.05640835286990238, -0.09681929347934262, 0.16090720496002275, 0.36526738332688974, 0.23751643633545938, -0.03243317112252479, 0.1810499209026823, 0.19691626087966635, -0.053794810845967635, -0.25371405141982045, 0.13290450141048887, 0.05999965165087072, -0.08811538116864143, 0.09393570091318668, 0.09812753944817851, 0.3576005552828158, 0.12877561859668218, 0.14300674393110796, -0.14014487418147248, -0.23253259629127176, -0.18648815662981894, -0.03767449718732929, -0.05367195675323502, 0.06299483593814895, 0.058165001755069, -0.0009293429364530246, 0.18063636262186228, -0.21213040212554085, 0.06862314120393384, 0.07433727516183804, -0.21679246686860834, 0.027377326293929242, 0.14517714589902136, -0.0121111124484195, 0.24419083458408677, 0.014124618790508421, -0.11927162491738776, 0.08789445709330154, 0.005835957013266141, 0.01358052274994934, 0.10217910097198747, 0.03697335764577623, 0.0019560802567122875, 0.10991537640336518, 0.020467015969503823, -0.2596484407954005, -0.07306876530571715, -0.22654521322155072, 0.09324897285743941, 0.16117985558121495, -0.0817990200124184, 0.11098894680525714, -0.14681233870140337, -0.10634065649158776, -0.04672669579019579, 0.014399038785377695, 0.1525840664867227, -0.13870333168805343, 0.03343421021835894, 0.003811290085508194, 0.08043842449006992, -0.15975014710655933, -0.13551931196857112, -0.17238783125800355, -0.13678936517180545, -0.05156931399903137, -0.18688044442511215, 0.0007243037967642274, -0.05498101425155992, -0.27201369251957624, 0.038282499610057745, 0.17142072966939428, 0.060425389500892816, -0.13090040451549068, -0.048759218727248047, 0.19840784805092768, -0.0140096510094814, -0.06923228591206503, -0.015821972515042228, 0.006842759305667585, -0.17410612906651168, -0.2831152636763077, -0.05094843455719708, -0.02829943956190644, -0.07574673609628271, -0.2780963914343563, 0.005119715245405844, -0.18798654968325534, 0.09456822085298494, -0.08314933237805557, 0.012654482620553673, 0.01593839306636474, -0.15058069076420955, -0.04325421652817826, 0.058871402982718035, -0.0392935759912335, 0.00044897077749387585, 0.1490877947770233, -0.23876076359019788, -0.0014518538483637442, -0.27832240372143097, 0.040665330065607276, 0.14027150626124232, 0.10366601069146147, 0.0677267352597062, -0.14141375127472872, -0.09611306252486097, 0.03298009103277513, -0.06668289360301793, 0.2634430194437229, -0.035280336749807774, 0.08916751198459774, -0.06102808775587817, -0.0010375531130239644, -0.11620246146816654, 0.15343688847842377, -0.15852560139854688, -0.1050968810157103, -0.0065614138942937305, 0.032637914297148685]
1340.315761061213	(9, 12, 2)	[-0.3361092435101501, 0.06737595149623857, -0.015849148285943686, -0.10989951261228881, 0.068847957946643, 0.12049029906209406, 0.060425062167906614, -0.05987207804061029, -0.1256115246352328, -0.010020904941506953, -0.15474849810419627, -0.3311276885313338, -0.06535191963531091, -0.05511464692262495, 0.17300585476871766, 0.36403992604985896, 0.26740276344731134, -0.046955531494663166, 0.22713467739581628, 0.256827591398182, -0.10616182573773031, -0.24459887284730292, 0.10479001154881434, 0.05932782945396589, -0.09766267487323, 0.09176261805813522, 0.18202827180607867, 0.31290547564329757, 0.11815462061280183, 0.11507611614847499, -0.16134883669278302, -0.19363367371938384, -0.10279805162115478, -0.007800685004593949, -0.06485179281405055, 0.06354713080060279, 0.07359272127688281, 0.07538107388548414, 0.19767921652785575, -0.2523826100313701, 0.07149708813221684, 0.08451910936554083, -0.14776540079622763, 0.01729654517924764, 0.1159707581952639, -0.037671237260049575, 0.22959088373452774, 0.038809556416094335, -0.1317080744556236, 0.1181572033663959, 0.015719415948051336, 0.023106113338839523, -0.04458037326372496, 0.02193653665431355, -0.023668877403770584, 0.09529166688310714, 0.01942957523634189, -0.308254716513547, -0.06135884165469265, -0.2678129363926196, 0.08177691249581409, 0.17130013369999442, -0.05744628521244228, 0.113502382487985, -0.07997840441362826, -0.11881555685173598, -0.020049638032210795, 0.020488223313873503, 0.10931886214387436, -0.0871113949957703, 0.05920248847012681, -0.03842304376910387, -0.005886504373862074, -0.16194455284316517, -0.050071402803905915, -0.1614857903754902, -0.07495286489646555, 0.008622527399981868, -0.20079263778149564, 0.029943726176926748, -0.0272058692298936, -0.2577591619401171, 0.044105359516251164, 0.12437464920328269, 0.08118144292725138, -0.007071228701484444, -0.037329430402934634, 0.22207685430989677, 0.0020677603811272206, -0.014134109976116003, -0.01955157268578287, 0.016717743176186014, -0.1157678376861661, -0.21548241941927543, -0.08181656430532377, -0.024250174452035957, -0.08895344090265636, -0.25531899667355784, -0.199455763567042, -0.1662026625290895, 0.10126727115905987, -0.03359590552547309, 0.013099252944510704, 0.014777252197054674, -0.150003407794719, -0.052710412453661704, 0.04346964844194619, -0.05479859578807141, -0.03727939469938534, 0.1592934715595753, -0.2673765315922132, -0.07306595311489689, -0.23526958399060466, -0.005726005005186518, 0.12010841506959687, 0.028813415596631656, 0.02230666805013518, -0.1253749921812341, -0.09893931260804885, 0.04279913469218072, -0.0336243179024806, 0.25007143637751966, -0.09538710568316981, 0.07093295432554994, -0.05548776034970509, -0.01856452363025142, -0.15807545965118625, 0.06357722703732252, -0.13204518315724248, -0.2072890025118782, 0.12115749906550141, 0.029791601255760098]
953.3389705143688	(9, 12, 2)	[-0.28855174322841115, 0.009402055458993978, -0.10340731552581021, -0.14242892919678973, 0.03587046093666197, 0.09703730227697857, 0.14602327963592981, -0.09464509402965322, -0.12861333481034617, -0.010390685448410698, -0.16178856426029647, -0.3215769120846078, -0.03735789874528285, -0.14170426518192725, 0.1465384593035745, 0.35732640778665764, 0.2514345210879957, -0.05470260631488297, 0.19502061325274683, 0.256000842427142, -0.05052163570994033, -0.2665380591010875, 0.10747315466393391, 0.04759888748593709, -0.08501264618335437, 0.07534976585128259, 0.14400718716992136, 0.34765032115705646, 0.1291720861521486, 0.11847240938102395, -0.19487526616694398, -0.18172086276679855, -0.12353740210432108, -0.03588539653227486, -0.059724735445260746, 0.08430348820231212, 0.02911621691917026, 0.0380020770847948, 0.17792986380341158, -0.233040836194654, 0.05210266962883239, 0.08881964153072469, -0.19355492370510896, 0.006395083603872849, 0.19678320294795817, -0.03284097587828927, 0.25398610181705217, 0.03576626827706059, -0.1314499975988563, 0.05381183098569395, 0.002550622814797771, 0.029968062649009607, 0.14114161158099303, 0.0381894529183134, -0.048390660073217934, 0.13113599696585912, 0.008905205422957198, -0.26668668693033304, -0.05774832121395988, -0.2708743879648562, 0.07789736159155455, 0.1270383974311257, -0.0885692128209848, 0.09683835151780057, -0.14613541727093274, -0.08926003837364009, -0.002393448868027263, 0.0785091628118305, 0.07342606469915477, -0.09861153466927862, 0.04258270149645009, -0.009175646417775057, 0.01137616615477463, -0.16075061667241286, -0.05041271568762466, -0.11185026547194528, -0.0936214577964949, -0.025879920492648992, -0.16537706240728445, 0.0035225773262378586, -0.03145374569015992, -0.26635323917289155, 0.1027983208460764, 0.1570119602825964, 0.07528715755947324, -0.03303571641546753, -0.043338601354140596, 0.2173768590123345, -0.02606452451087969, -0.06292285792554, -0.051230340607692396, 0.03891843738089677, -0.11572747576842349, -0.27969703860331024, -0.11478169180977471, -0.10870228110952769, -0.0815153316518669, -0.2577755566444709, 0.007605540085159023, -0.18718864488641931, 0.12781950174245021, -0.029482534911622015, 0.026164948617329604, 0.011038726451953267, -0.12965557260753793, -0.033083096545508894, 0.03225115528102822, -0.05037371434480064, -0.056888429934297643, 0.15971380008070785, -0.27802012335988274, 0.014346952038613407, -0.2354009771248634, -0.04323428072050737, 0.14707674977559032, 0.06860096127382684, 0.03237443669269776, -0.12022386793000173, -0.1951394089772547, 0.15848346307791847, -0.0371635507011392, 0.23941134330280703, -0.08718081514319001, 0.0435752033108559, -0.048350181784285004, -0.006877622513549963, -0.19807174338675196, 0.0815010598157151, -0.09059049225765455, -0.10906657181714238, 0.01293361709132259, 0.03300877322900931]
744.9949057396276	(9, 12, 2)	[-0.302889276274969, 0.014292856576547662, -0.07670669623577928, -0.10122605867144294, 0.02148328618653871, 0.08554974842332164, 0.07664381664235018, -0.025358649087911835, -0.18289686496587854, -0.05963937325817034, -0.28089001335253216, -0.31563923961381857, -0.05649709625075758, -0.0673347145316362, 0.08322650301944676, 0.36736125467089853, 0.2527547836107328, -0.0028097222258775985, 0.1925722967906765, 0.1868698002249956, -0.08083836422287376, -0.149606436631326, 0.14677286184232646, 0.02297997674356684, -0.08776093630278226, 0.0448252479241253, 0.1382287539811364, 0.34544702905011493, 0.11199546146863146, 0.17152076781266556, -0.1377736904201593, -0.19002979983824836, -0.232406075806295, -0.020032438386549604, -0.04066513949024958, 0.08232088781864502, 0.0689054952649328, 0.13770163577219577, 0.1573960945574294, -0.24071120258695716, 0.17479459834523225, 0.1425575512390019, -0.17362805232390727, -0.04030529534738615, 0.12798321610079894, -0.03990772754516717, 0.2643963084953585, 0.018821292886693042, -0.17207320977421825, 0.07486089452484054, 0.02310971471691592, 0.01053407248358997, 0.009633459494097638, 0.04039768724860871, 0.13647766600391253, 0.1259360243567549, 0.017069965012466486, -0.2691786286301649, -0.09207619445168862, -0.24593778364704327, 0.0807989628988171, 0.16650492161045613, -0.10827463011289956, 0.12553084777857124, -0.1577528945693658, -0.10113710723423854, -0.0065731474711718625, 0.03763820033218691, 0.05854193419754991, -0.12981264738498893, 0.07671453595034086, -0.0024780091026051897, 0.03712355850223925, -0.08432514266953778, -0.08322110783096114, -0.1506970377771284, -0.17216434160429397, -0.0306296762299941, -0.19030531418544078, 0.02945588365738054, -0.033825888996272487, -0.27329993200764713, 0.04506547445023079, 0.1646949759048401, 0.11927812533348679, -0.053439163391651175, -0.07552599322949499, 0.208678384620049, -0.09971366000469074, -0.09610282859631178, -0.09177238709025339, 0.01675106724611028, -0.0685754471302033, -0.2973956460457664, -0.1209188280550634, -0.04530059185471389, -0.11556333577839518, -0.25742135549899436, 0.025726509032881983, -0.17702450040517703, 0.10195576866610523, -0.016429762162782278, 0.010197838098653315, 0.011952515028637102, -0.1445877483294871, -0.0336749387102532, 0.020071046663999496, -0.02787668613358287, -0.052274556065623506, 0.32990973882081165, -0.2638514162927974, -0.00012142182979326364, -0.2548775437316765, -0.0040115564396197324, 0.14735535112346326, 0.044392447075625424, 0.060519740993642275, -0.13491079310159582, -0.1078081688766511, 0.040539601301776654, -0.04929730260167461, 0.20114158044903838, -0.09916157410769598, 0.09136311466919793, -0.04768092390369352, -0.032657132734691084, -0.1445917430342036, 0.10354593482502054, -0.14034413100432303, -0.11021341831204969, 0.005622085778427799, 0.03892539626078962]
837.3892738559282	(9, 12, 2)	[-0.30852756525525193, -0.003430368260336804, -0.09909953607336469, -0.11165566978352351, 0.059769628538083874, 0.09779187884044495, -0.04396383102457326, -0.07847296588436059, -0.12958240682455377, -0.036903532099687775, -0.16363276161740634, -0.320549979152834, -0.0641326828675651, -0.09473717558905159, 0.14964218294679307, 0.3667050874270966, 0.16953147597639487, -0.04829824728340025, 0.1923709162598329, 0.25429005776835967, -0.05725786907549453, -0.2321783560665294, 0.11421530142966853, 0.04861377406990773, -0.08444265591918282, 0.08047537100696095, 0.1486290405020137, 0.33168781846357887, 0.1241236432108355, 0.1260026260101041, -0.20790013330610685, -0.19733735321377394, -0.14368643163025147, -0.009492719127347513, -0.0344983422889525, 0.10317279412547324, 0.04541536767516917, 0.06705864288043706, 0.14125875080423173, -0.2549373696119237, 0.06002567126437179, 0.08804479185015669, -0.2102773636614718, 0.007254031550340682, 0.15823820906423502, -0.0038861457906087934, 0.2535781185388583, 0.025732942082044345, -0.14105216806338666, 0.11361269228222214, 0.007017323708946897, 0.028776038195751856, 0.0655276128589339, 0.022040650465833915, -0.10245806495837158, 0.1253515650502403, 0.01808285100243828, -0.27240798798764126, -0.08181432378539935, -0.26299299754511263, 0.12475347257819078, 0.13981763668169586, -0.08575128439947974, 0.16374724014729802, -0.030171900162765775, -0.10114646387901025, 0.11654795170882432, 0.049915842021337906, 0.061860858265797854, -0.10733692647013503, 0.052900639662834995, -0.01016256403255351, 0.09138960560646958, -0.1641292643021512, -0.10037335143856921, -0.1251126234557155, -0.10784845944058484, -0.022096666503325636, -0.18086041099472538, -0.17214689439865194, -0.01833827755354474, -0.26313323554655454, 0.10417676222190965, 0.1630075860983681, 0.05428540148292305, -0.03841297267778387, -0.05728512947195152, 0.18898561957398805, -0.0070467108349363036, -0.05874542136108912, -0.06156816908085559, 0.05732077067159913, -0.1135514872682615, -0.3575726194500516, -0.10906840593576472, -0.29942445548809216, -0.08183560409204436, -0.26366109798713744, 0.010687966254378045, -0.17932755419774138, 0.10465397488442402, -0.05070359515748969, 0.019273994403481494, 0.008971002137959823, -0.14556782554293202, 0.015854515721703752, 0.03430970341927719, -0.08271414776109462, -0.05646450992847399, 0.1558758964203645, -0.27013065468548114, 0.011697107094274085, -0.24132544606079806, -0.000749113501014714, 0.14793557273183258, 0.049953167349207836, 0.04750893037685159, -0.1275797612524764, -0.13725011703956036, 0.10541761541019296, -0.044954471042951374, 0.22436611016725028, -0.08873634629497829, 0.10061922260981124, -0.054685932916417906, -0.014687958889847468, -0.19525876138011436, 0.0809343672985275, -0.11857993457986794, -0.005179875894434995, 0.2798856986528481, 0.012243872728548544]
580.0270235981732	(9, 12, 2)	[-0.3011405813574546, 0.028963590042022192, -0.08565197025004295, -0.055215761081920764, 0.06339020020155473, 0.08856563345626238, 0.056877089175278686, -0.10058009579101965, -0.13159801290104592, -0.03956829806175487, -0.1834275143821668, -0.26929060722554815, -0.0641330564391758, -0.1576268759788199, 0.14635901207443033, 0.3723674598526535, 0.10698436572446154, -0.14649979020168596, 0.19187132630266995, 0.2350812422559822, -0.03900819065847108, -0.2545313017686985, 0.09336057252560791, 0.05357122317122197, -0.09557523910523627, 0.08962918063226788, 0.11863011769499471, 0.34752236519022284, 0.1119156306136343, 0.13409603187359342, -0.19137017271415838, -0.2072710056776241, -0.14965347654264272, -0.03762809874079266, 0.008610414944481674, 0.061761648441255534, 0.055068448064906975, 0.07887871472951355, 0.19460672567018156, -0.23769400649980252, 0.04015701705663307, 0.045130865735372616, -0.20240439448484382, 0.012299416386861977, 0.1361276775584642, -0.045169313631547955, 0.2581166992027179, 0.021669713872978138, -0.19341273678009363, 0.11504867364131309, 0.040438290149864296, 0.022950766403772145, 0.015570943716157625, 0.0196145183027706, -0.010119262156453038, 0.09340055385829288, -0.06539200987817481, -0.43629771432115094, -0.07724548470360326, -0.27892562899346696, 0.011785282076230245, 0.17401097113225492, -0.07815397169302535, 0.1144949814246182, -0.16348987707088825, -0.10630842493259661, 0.16113198980523064, 0.06789373729340001, 0.06095645080644482, -0.013016436114105592, 0.0990023256796194, 0.004343767470360667, 0.03275572895681662, -0.16129033216887134, -0.11154790913268572, -0.16251219665824138, 0.0872123244977611, -0.02979813230716212, -0.19045928028816037, 0.014483896528222623, -0.03563127776885548, -0.27448179249404614, 0.08348877388073406, 0.11491394706146182, 0.07964456748034542, -0.05574527508698954, -0.05258914823879782, 0.20119682326800073, -0.01258020649147827, -0.07392434619547618, -0.05585284378063843, 0.05194667993243243, -0.08560951558224555, -0.4156539238546766, -0.08278150054268218, 0.020308382269502837, -0.023232791545491963, -0.26060525790101813, 0.022729240653407784, -0.1394724835104956, 0.10372075642918614, -0.06677471382258582, 0.022815910276491973, 0.04040089914583558, -0.16244929121375037, -0.0482158056261874, 0.03949639596904801, 0.022571077553675274, -0.048652491381842154, 0.15090204958499467, -0.259324150765682, -0.011898839843494928, -0.2632584760169079, -0.013777119194788242, 0.14683118260202693, 0.060221799983410956, 0.06584357807583995, -0.20782778780868838, -0.10743958043642034, 0.3536646745440261, -0.052938787030337615, 0.3011882292356006, -0.057183564549636814, 0.08375955026822013, -0.0602446829016298, 0.014985826410090679, -0.30253754323369453, 0.10514044854667498, -0.14126042522972304, -0.11012490899219213, 0.03529719495468417, 0.03278060094531972]
682.3135611596431	(9, 12, 2)	[-0.31516948106401865, 0.04931794905072347, 0.13007476068983376, -0.14891944347477787, 0.043157219630462304, 0.08743725178918052, 0.07846668285722598, -0.05568472677459835, -0.13274164696450733, -0.02858001083602519, -0.1737575144834097, -0.3358675903565656, -0.07073204790394849, -0.05567044776396238, 0.15162422793996305, 0.4162577901388811, 0.25228890123419484, -0.04285885886539068, 0.19694064860917324, 0.25312537566732196, -0.07460972156277254, -0.23951763005574683, 0.13526187704819367, 0.032948926524419365, -0.09028022225523374, 0.004731997949815554, 0.1522858436576227, 0.29888979026555307, 0.11809831269541159, 0.17696586934382125, -0.1863943733644301, -0.195155645677648, -0.177074298573275, -0.04093532582985553, -0.1386465610417006, 0.06619910714984509, 0.0765596891360014, 0.07412008158165719, 0.17347532457346365, -0.23194584110936167, 0.05653747274267433, 0.08265439396171342, -0.1627210623528213, 0.03299827678514929, 0.13460419343574373, -0.039571668076516874, 0.25655645340544786, 0.025247193848160543, -0.1507854894753347, 0.05089832053574009, 0.008605967487719636, 0.11426061303731104, 0.008902231281466638, 0.04863574417267771, -0.08722401206045609, 0.11667343118541651, -0.0009437581154756419, -0.26887663966585706, -0.19552605502185652, -0.25090524338977827, 0.07352550630128135, 0.16189799394812543, -0.07225213309789731, 0.10380306399019212, -0.13971034051575132, -0.07547390137060273, -0.10444176180445322, 0.013916550917901473, 0.11284211546006043, -0.12876768583628712, 0.04864815081726449, -0.0006792008107912197, 0.023388997289988608, -0.15755577761095252, -0.09117994267114057, -0.1736481215078214, -0.1504229707376862, -0.027056858800433004, -0.1970984052920885, 0.04483021549785132, -0.022061712115892165, -0.26664684461993915, 0.0491682814386806, 0.1569563453036149, 0.08630498812075287, -0.0710166468714206, -0.05547713167177082, 0.18680292556404693, -0.027910531083825532, -0.11291486007313446, -0.04358946714705698, 0.016017493813217727, -0.10968788088249787, -0.25270608092188634, -0.05699963924459801, -0.027288827876618592, -0.10929350879813068, -0.26007989770260864, -0.001705198297857615, -0.20039940834772318, 0.26025964554722736, 0.02515720363796747, 0.012500423817481942, -0.1005071207936544, -0.17583384126387813, -0.0227021303782123, 0.03163679914757967, -0.15368705318063963, -0.0774783487973262, 0.17423993351197745, -0.3093944446704559, -0.030444184258528427, -0.2518848873574582, 0.003861621299864281, 0.13307843636281527, 0.05493774641657208, 0.008963780082044147, -0.1353041668768103, -0.08437319114768428, 0.0392032086237565, -0.06769216919516592, 0.25589373020571327, -0.08138977973027908, 0.10567559120271423, -0.07496100193561474, -0.020349537944584356, -0.17663826746459727, 0.0990578796916213, -0.13377878706975752, -0.10981744103658084, -0.0009580746387234875, 0.014527580304662653]
721.5525748686442	(9, 12, 2)	[-0.2984752652024557, 0.03808326561115561, -0.08256927294864655, -0.1447285912802772, 0.05798123123749534, 0.08489190095867137, 0.08124003185816708, -0.08551416448517193, -0.13050678362888457, 0.02789811256286425, -0.14930133918326843, -0.3119563353073806, -0.07605501782261839, -0.07786305581654526, 0.15317427756881186, 0.27477389799118124, 0.24895056759376744, -0.05553538606702972, 0.18206186210728306, 0.25954024104889395, -0.13717830131397285, -0.2708665900536103, 0.10124962598119347, 0.03990819975872641, -0.14880923748811417, 0.03345530655334354, 0.12248674584187079, 0.2699061585134186, 0.11825063979494302, 0.23748016782220224, -0.19971981295354108, -0.09831825294745744, -0.19981760213677133, -0.06198995225245414, -0.06423925864183624, 0.049604497348621795, 0.08793594434289209, 0.08990723737865328, 0.2155821598968092, -0.251027786525964, 0.16159043048283614, 0.087970945959652, -0.1790649910734236, 0.012480872255191807, 0.14373579104039175, -0.0362100559793223, 0.3136256708650952, -0.03947521913058252, -0.05499094738624011, 0.06451867050487325, 0.011394352250691572, 0.09054197831626233, 0.00030510875163981994, 0.028016388737570203, -0.008730965317070639, 0.08579022927944202, 0.0009669525665951631, -0.26168478166187, -0.08719924050343195, -0.2501630467558333, -0.057160849423708804, 0.15673363803581522, -0.11502406110394503, 0.11029832755829164, -0.14920833944188794, -0.07173606368596655, -0.028122574138434303, 0.036411987689054404, 0.09968024508300007, 0.003227056947420759, 0.06593253797891475, 0.059015608987793795, 0.03916563471774286, -0.14443333826257468, -0.09111999951896319, -0.14018875209722312, -0.11258299385964493, -0.022851462212454855, -0.1917443915154286, 0.007230745373137521, -0.01803370248742168, -0.28401188503062524, 0.04601365198840588, 0.16910366767852, 0.06572243945634249, -0.052259450343142236, 0.05076699043594192, 0.18506759772137532, -0.03466987446456136, -0.09074713373462437, -0.005955142693521997, 0.018177606142897946, -0.11823565871909567, -0.29242722562927775, -0.04925484072953224, -0.04567593551765449, -0.04453474250202666, -0.25519586505938324, -0.009062653978053649, -0.27085826214570613, 0.09863358112644002, 0.06457890902813716, -0.03738793445203376, 0.015754992492849163, -0.24195443302564373, -0.0393603647933442, 0.059174860780664196, 0.03010722903604434, -0.059463490729208056, 0.1280509780841041, -0.25532699796741687, -0.10513156352256006, -0.22865064196909662, -0.0023612554766936833, 0.13934267711721623, 0.0735771794802818, 0.05842522194947629, -0.1263745579112735, -0.11011492507548593, 0.047181047678571175, -0.0673998485354802, 0.25151531199772764, -0.08964990117079769, 0.07687707602415955, -0.0714509981551394, -0.01689115806054014, -0.15709565862885433, 0.04738807832550259, -0.11229145896206127, -0.14139208516578777, 0.03346153296485912, -0.06986227542693718]
599.4393453589881	(9, 12, 2)	[-0.2996292660334868, 0.02882282727342211, -0.08016980997845255, -0.12722450950627867, 0.052483615171526415, 0.08315846837598587, 0.04778514133121584, -0.049287147982299356, -0.1274679784096646, -0.018979927723212366, -0.1566625607207201, -0.3775120343119706, -0.029511057885417608, -0.10379714152676255, 0.15745973000044633, 0.36937893452683757, 0.2742672445764756, -0.04675403717281876, 0.1452056280579451, 0.25437206470240975, -0.035978506736739364, -0.2866368477061957, 0.18359067977286686, 0.045276163728760095, -0.08908687145561162, 0.16677922019645325, 0.14053334995645825, 0.3029265976620958, 0.11948372789517882, 0.174683126146244, -0.19915491620592085, -0.15833167102694404, -0.1504528244380142, -0.019081423652715077, -0.11051176370828217, 0.05374642173766764, 0.06990746085025, 0.06704209214724988, 0.1526207978285306, -0.15662500865711637, 0.10145945780322821, 0.0627952643717903, -0.19676166270447643, 0.018656883634315065, 0.16723173018881884, -0.04061667546290694, 0.2549264969534438, 0.047883212667636024, -0.13222493127805296, 0.06501235604055981, 0.013009086242570371, 0.04447923815229533, 0.10524014141251611, -0.02421400036079812, -0.03759775176224875, 0.13449018213643155, 0.04642283442047393, -0.2959312906678025, -0.03822759185952169, -0.26617920842936976, 0.07848068893681152, 0.1506284549659287, -0.19718756826669184, 0.17333253844984886, -0.15710750555567657, -0.11218013701072113, 0.04573961720459992, 0.04843779205082305, 0.06851983178999484, -0.11524659778478022, 0.04068796675242372, 0.03618770538122665, 0.038636270233193194, -0.12623294197344312, 0.01097383191298898, -0.15850169853864401, -0.10271487119354995, -0.024596533197197498, -0.18878317387742655, 0.044620106293443505, -0.024713575401140272, -0.22434588216714385, 0.04447215209411192, 0.15860900862477062, 0.03777033848355026, -0.04680112281908907, -0.05517365326453509, 0.17772491884639577, -0.04378409187662395, -0.0523154192571124, -0.11883294747149635, 0.018462629578020032, -0.18018427979894686, -0.297090290326274, -0.10172147904762487, -0.09555372648763052, -0.08321444197394581, -0.2556201384871621, 0.00681408725146679, -0.13421683750492516, 0.10018377765046574, 0.05694057453373604, 0.02148684225785336, 0.01624366361932201, -0.1692305509651946, -0.024517487022030535, 0.012808330685467266, -0.0586360220619708, -0.060469510757794775, 0.1527036590333073, -0.29118502168965654, -0.04377007104987537, -0.3201594864035911, -0.008361404380854524, 0.14341395812797514, -0.06427527756960498, 0.08449615942704691, -0.12732232733530993, -0.14622767560463823, 0.09961504542774564, -0.05070958150777674, 0.2695234280999932, -0.09015412802461184, 0.07514435181294798, -0.05832533220455495, -0.0692511132989752, -0.17316255053845486, 0.10847537917551343, -0.12016572879459296, -0.3303803012868905, 0.10229160224162355, -0.12089618247910226]
1294.391017851359	(9, 12, 2)	[-0.2974219309202564, 0.0016844082958123886, -0.050057537997613366, -0.13056895849726602, 0.03269486849236726, 0.09820858624050798, 0.08374428046276881, -0.0311399863750396, -0.15117330876568982, 0.14565669474225276, -0.1502279410224803, -0.33748102239938577, -0.07992577301498931, -0.0950491874491144, 0.175454400116199, 0.367694586744279, 0.2151811484942472, -0.051841503223333495, 0.19402528060603325, 0.31055511389378754, -0.08250487671639593, -0.20914592408010238, 0.1321080655314189, 0.039966912098182886, -0.0905370734421372, 0.014930576829656844, 0.12358754424394892, 0.34122215339730666, 0.03900006287531203, 0.15679715210967018, -0.102282741300569, -0.18506842267716248, -0.18618791815792093, -0.027368075502559198, -0.05326479792032497, 0.07723960160418933, 0.06023453542651987, 0.07782404025062914, 0.15554205997325385, -0.2890017631967239, 0.06899299892370293, 0.12792085804903364, -0.22088911583749135, 0.0037915860491328332, 0.11939028099579968, -0.01789041881237735, 0.23317803999138692, 0.0879505914525075, -0.13292636071189268, 0.07844017932727079, 0.008174397815331361, 0.019492954748646374, 0.010184775812222498, 0.026538654196288244, 0.050103699989130376, 0.12556830469009966, 0.00901840492626618, -0.28333464206602943, -0.10580579848430186, -0.2509423191541451, 0.07365061405910667, 0.3220217441605627, -0.1044849041830915, 0.09620195535898288, -0.16912157976067782, -0.0879120099209196, 0.022587005456083848, 0.020317456379802444, 0.07705088543015887, -0.14583005852398093, 0.04023497698576668, -0.0026265062199035782, 0.0023775977118407725, -0.13241965531471966, -0.056665914601434504, -0.15631773694675302, -0.125816847744246, -0.00428298174191816, -0.06040292127664078, -0.02118060953309592, 0.06093872859619098, -0.3333363377254164, 0.09244569753077007, 0.1595397308892172, -0.016502781663032845, -0.05660614253028695, 0.08540593424939123, 0.20722830105044, -0.02953688450050294, -0.07412431355133803, -0.05937154830594281, 0.01745107907926423, -0.11988882855379304, -0.2846202462099643, -0.1150224271283789, 0.003789878910593774, -0.0850898935416346, -0.24271002000161818, 0.01362377274759257, -0.3767247409133621, 0.0774658191713532, -0.07464812613002045, 0.08740295327682596, 0.007395967503628968, -0.18004670200475612, -0.01623002673522636, 0.0241117712453877, -0.10066426610475998, -0.027620258524709985, 0.19952615787442143, -0.2571304943947985, -0.02853568605032845, -0.27198669153240196, 0.0013916617679175939, 0.1511323623186577, 0.06224615151823613, 0.11794021509430327, -0.12014850023354738, -0.10513176298852883, 0.09090459716139825, -0.07012315444618082, 0.25053168898568634, -0.08926058260502547, 0.06804134530547333, -0.05093855654406276, -0.085412305467269, -0.1469650297763099, 0.10324180076923208, -0.20374610912947316, -0.11909222251492146, 0.014898172063466837, 0.03940432599595695]
1015.6984012510991	(9, 12, 2)	[-0.3057136329394431, 0.05621635765729446, -0.05613604248745585, -0.13701232785645434, 0.03797276769193097, 0.0983269931506837, 0.12250659488694654, -0.052672442426460145, -0.1294570424698159, -0.03846840277785602, -0.150081035660166, -0.3511149552042751, -0.05236104956623488, -0.05914319421513027, 0.15861087218553452, 0.32738663460200157, 0.2459337214229127, -0.04398774497961934, 0.1856533613943514, 0.27974691190211926, -0.08679119868059007, -0.25875427738230466, 0.14437237136708347, 0.07585849923699078, -0.11397788626527175, 0.0801468051269811, 0.1285596246904876, 0.2691375839611758, 0.12555223607372878, 0.14377197925400342, -0.16600141168052535, -0.17352675919820262, -0.15618553460623774, -0.006590108282880805, -0.07574551649746801, 0.04859705675960388, 0.07132065713546626, 0.06529756827693715, 0.17125990848244987, -0.23338999663552568, 0.0960603648605208, 0.08462382372531295, -0.016753209027415117, 0.002800736638416325, 0.15155881212929034, -0.04636363029952055, 0.24975483414065675, 0.009553210996310802, -0.17028988933288414, 0.05843529779028339, 0.009576408963920455, 0.02796484970444582, 0.03672968346199444, 0.020469420176628138, -0.08129226029782376, 0.1275254154288519, -0.020737656887927152, -0.28454264721413325, -0.0909314820988841, -0.2568169820222015, 0.07758328167076362, 0.18663024300309478, -0.12446506750824457, 0.12229319341806258, -0.15489252927158628, -0.09008935076189162, 0.04598643786726288, 0.020626599603215143, 0.07895236957135493, -0.1133368354632385, 0.08698117700674807, 0.013963572488680876, 0.029282738057541443, -0.1447860265155234, -0.006847353849129952, -0.16248038570477297, -0.1236925013459605, -0.030720396585668372, -0.21162248841001777, 0.09553639361539534, -0.019539179048588998, -0.24400758579406392, 0.08180147086940995, 0.1535586137210808, 0.06099839453727014, -0.05687616177129812, -0.11921943627582557, 0.21140456291060328, -0.0158868742072135, -0.05707820129529333, -0.057485583080317586, 0.006977504611964093, -0.1290696050020981, -0.30768404333122873, -0.09733917985974784, -0.006722666194423427, -0.06533379116950117, -0.26057551595546274, 0.07055612465241705, -0.13117248585577854, 0.10206363200392352, -0.008118427606946834, 0.02079277770119222, 0.008685590282961935, -0.14817202823921904, -0.016732652089197775, 0.017102564358259995, 0.03163849674016453, 0.07442397822163241, 0.16919539875958356, -0.22447177210186775, -0.03802139962026618, -0.25970303348278095, -0.008691150932665268, 0.1430567211926151, -0.03178076164830808, 0.05904521157379599, -0.13242228578714202, -0.13805438882838855, 0.08975835249282985, -0.06450194448015309, 0.25103820086409934, -0.09206292670063923, 0.0627705614412743, -0.06769024206200519, -0.002160272280386063, -0.16841065891459928, 0.0954996382952419, -0.12050223558831924, -0.1310779479686381, 0.038504560607314976, 0.016348493547799717]
914.1662147520808	(9, 12, 2)	[-0.25202776279532796, -0.04302840909579128, -0.09214569896322611, -0.14608805673298308, 0.14000205723267697, 0.10264620067933969, 0.07242500017351836, -0.08547342381377797, -0.058424582535709355, -0.06254114094109181, -0.17075011752384248, -0.2481774549195497, -0.05296741693578039, -0.10442909873287917, 0.13196458229959815, 0.4362703509501872, 0.24504900893612472, -0.05041939994329523, 0.18895798358037783, 0.25242859608026125, -0.05618088856458614, -0.17137784971236691, 0.13386277323385282, 0.06077001687535515, -0.09649699310270393, 0.007458159637010622, 0.10376620408569007, 0.3117950141642233, 0.1497527528194226, 0.12162633080748607, -0.1765500173649848, -0.30301084197572065, -0.2578933858205801, -0.059292614339542915, -0.05414160547815362, 0.062371525308690126, 0.08697196383927858, 0.05843760893679302, 0.17799417847423404, -0.2665201434038133, 0.06763324736984803, 0.08129018157941886, -0.15065987873950543, 0.042466643210808, 0.021608253186139514, -0.027419618142269248, 0.27850269534148575, 0.030916338832205056, -0.15212947938632848, 0.06781339548591736, 0.017510884438499918, 0.0574633791429893, 0.11436800544725352, 0.010778241520227105, 0.09937721050894648, 0.10687918612448188, 0.00030476534965554955, -0.30675563155889396, -0.21440523531080474, -0.25646603589879985, 0.07205040630940368, 0.1735398229825492, -0.10165961921413025, 0.13147711948273827, -0.1314074605434205, -0.046031170199111, 0.0013474122704680098, 0.021255426965492402, 0.07946598467698963, -0.06039646252021441, 0.06850149624373747, -0.004481128444694112, 0.07866135640506557, -0.13153707991356678, -0.07012917903688673, -0.15057164646776106, -0.21275051087537736, -0.08084664871317958, -0.19487167335726707, -0.012578323776616517, -0.014506520410102322, -0.26295109813127765, 0.06345988807431421, 0.1634694721733857, 0.17052038952684337, -0.023461831537213235, -0.06488139112125212, 0.23168139334020102, -0.06096729610729281, -0.0518969063231254, -0.09752376748025565, 0.0019598343873288428, -0.21133178344739176, -0.3130901297397597, -0.0536580071133225, -0.09353029151035747, -0.0922068100292807, -0.27209972284210204, 0.02000869907948515, -0.1510953510002977, 0.09126477447278813, -0.018488256895283883, 0.02283142694740832, 0.08096301246875912, -0.19116060591925402, 0.08129944608025813, 0.07022340456496362, -0.008140729857784187, 0.055463187935270705, 0.13957464339986858, -0.22727673767866974, -0.01979796877657333, -0.1824016591670727, 0.05033401477026573, 0.18929808791690816, 0.06137165361711585, 0.04461732569191813, -0.14266614367905475, -0.10610412243950212, 0.08545729122138382, -0.06039792875907992, 0.24874435369443693, -0.08499577378139295, 0.06754342147475591, -0.07134855631918341, -0.022604091092911574, -0.19938565542974246, 0.12018917479075929, -0.12996914544148302, -0.1268483125028335, 0.005479583442825842, 0.018145868612171573]
1107.241419179621	(9, 12, 2)	[-0.3398229551772277, 0.03043031423457835, -0.03416904006776629, -0.12701826316678266, 0.031160173405117175, 0.0981539280716047, 0.09066180406770795, -0.09462652550367458, -0.2008623606016648, -0.00920703593808897, -0.1378089390732754, -0.2872841980084676, -0.046318889003280544, -0.089200179143858, 0.13877632832640022, 0.35493012025730775, 0.27773256514267713, -0.07030142779116719, 0.15603826427078193, 0.2551298983148026, -0.05446201772444652, -0.22649003247865793, 0.17126832834989422, 0.06838574206025326, -0.09519412024954062, -0.015478948513286104, 0.1261504091659768, 0.29401125996947564, 0.14330788273221806, 0.13103642249126016, -0.16592865750241031, -0.20192396739757018, -0.19803226895777468, -0.0577235438928608, -0.052869436097211966, 0.060364041332660476, -0.03325461899158013, 0.021459607918899053, 0.19002182492459105, -0.24962301901306694, 0.060142580467484635, 0.13342545100467437, -0.14168201328476335, 0.028718445461035292, 0.13578772023528457, -0.03179095927918496, 0.24312395215306512, 0.11733170671247056, -0.1458355993261608, 0.0137285263627416, 0.00955191979311461, 0.08525305538155227, 0.017121019067609867, -0.003103440905842153, 0.012375326549528123, 0.12653655632725505, -0.0005030529546043291, -0.2688661167549463, -0.07975880671757761, -0.2503975173387879, 0.03379813488419816, 0.1655028273421863, -0.04527928223245024, 0.12797226228610403, -0.0954589972746052, -0.09159473672449844, 0.01625281762163296, 0.019962161649452633, 0.08059960892091972, -0.12030048845571298, 0.050605698180308745, 0.063963077232204, 0.05771601226881456, -0.15645359785134944, -0.07581476363414986, -0.16198300540311625, -0.11339272638707083, -0.012369086934168333, -0.20186661203025727, -0.07765378922838265, -0.019809521835940546, -0.21877770809595307, 0.08812217688857726, 0.15702862629045056, 0.06293151953019592, -0.011979842945232036, -0.06287847190493165, 0.1974226101852294, -0.01930549030976508, -0.04931849943678203, -0.08184899706389445, -0.0026908103733650737, -0.09548555668377143, -0.3002894095450569, -0.09475098063465265, -0.0697189451836692, -0.09036835365762305, -0.27477133238048473, -0.0025395268529526767, -0.18848076838845224, 0.17119826516366743, -0.04446591580348972, -0.041341893276962915, 0.0847460461953008, -0.14160899067494298, -0.043318582104476894, 0.09593984426045288, -0.09367747951079944, -0.014562642112346029, 0.15308142146385695, -0.23399712534123618, -0.04176213034763694, -0.2357944698353539, 0.019735734255386748, 0.18097926714357682, 0.05884836486817013, 0.060248044737792314, -0.14720812874988914, -0.10523646641252637, 0.11564504963915925, -0.050425809751579065, 0.26975189404624683, -0.08710247269969547, 0.06834488826931423, -0.06031083180609753, -0.09165856465469044, -0.17992786516512102, 0.10881375912415994, -0.10605710322885961, -0.10327698791655872, 0.012770825540669592, 0.022860388660743396]
420.4456717569631	(9, 12, 2)	[-0.32729338364959515, 0.03259706162309797, -0.049173508302360114, -0.13719926254327405, 0.04938132879870119, 0.09534104621197004, 0.04835146086351938, -0.0975012739085149, -0.1319591723099124, 0.018564863476680456, -0.12249443968834062, -0.2814865050538751, -0.07227001789280486, -0.06294243509117754, 0.1225615719220561, 0.3554834322892948, 0.3267838795412794, -0.05259013867701729, 0.18375925082553304, 0.2535868420826946, -0.06954677694026645, -0.2180549216270269, 0.12832141052333504, 0.05697963781072222, -0.0980500019051625, 0.06926351732925695, 0.11348943007822954, 0.3427262070253863, 0.11051495797135771, 0.1151426831532181, -0.1789725679012714, -0.0887146741825133, -0.1658917065101941, -0.01586645733430906, -0.05726272140065003, 0.04979081438664698, -0.0012735458355590604, 0.04469344603640528, 0.18207312547659532, -0.24804798880770423, 0.07455588869859917, 0.08382355514674299, -0.18672241468719397, -0.014006601113656487, 0.1340681245969446, -0.05611963145289192, 0.2416568499645332, 0.07910066516812236, -0.18826430777992725, 0.0583758457540617, 0.002133312149299918, 0.029315886714299032, -0.02547209860954653, 0.14343003247458158, 0.04062891821023772, 0.11855932796886906, 0.012121107554527097, -0.339871753079828, -0.06747892395217066, -0.26258857356874954, 0.06789772052785745, 0.1608838931899899, -0.1038721153862937, 0.1582669341185033, -0.15368118465600128, -0.09344008686220817, 0.023752961887057687, 0.03483123026108948, 0.08724423988684524, -0.11225966371866633, 0.058212005415960125, 0.0390406368906102, 0.03964990398195564, -0.14489622524608775, -0.06636540280670569, -0.11080886131247572, -0.12705228787523193, -0.026075662039194838, -0.1934855686854666, -0.01787782237772364, -0.008558740171030603, -0.2626777536865853, 0.08079067315208345, 0.13720337422887482, 0.0625338671556687, -0.05527460354491462, -0.11359729089853213, 0.23268594251197, -0.018801760048926815, -0.054992656266148895, -0.1131097192390216, 0.05830064368634597, -0.23759386676074648, -0.31832968893989194, -0.06645683403328317, -0.031918810300319886, -0.07575330773349272, -0.26368249947416833, 0.01810772959585319, -0.19843814588297257, 0.0837463278852391, -0.009388317021798136, 0.056903484702938344, -0.038172579623170624, -0.1450398218347279, -0.013748046142879928, 0.023077812300161354, -0.07611689135452117, 0.011540449393225415, 0.11204194881899579, -0.2523198145224629, 0.05245992325386762, -0.23854396360760943, -0.004447772795308561, 0.1678473231967012, 0.04858306379517431, 0.04403935854005844, -0.13848754765712798, -0.1201665237697485, 0.07829872045858635, -0.07425381436140358, 0.24863209000646924, -0.08754516384134292, 0.050908367117718824, -0.06315010443976003, -0.04228519125100799, -0.19164668795729362, 0.07699917028594826, -0.01717387538699021, -0.06314616999033705, -0.024932470065763688, -0.01709121374075979]
1052.459538081219	(9, 12, 2)	[-0.3682080629370571, 0.04025623496631447, -0.08612652508162826, -0.12149133901640159, 0.0435716155349489, 0.08336243798417659, 0.09127063808936473, -0.07236939318252023, -0.12658431035605977, -0.030777430908648252, -0.1189451740858816, -0.31152200970594596, 0.055719370317873766, -0.07646794513945473, 0.1606292774156829, 0.3667930086171786, 0.2584002738358415, -0.06120499144939387, 0.18130549619442712, 0.3106820521120687, -0.05833159230268549, -0.19519283238536353, 0.12051880114829244, 0.07129761791488987, -0.03395804393397134, -0.021429803584321234, 0.1217317538735934, 0.30583446712187257, 0.11277173362198144, 0.13359700530241972, -0.2016534147312075, -0.18301154804273723, -0.15005681046939548, 0.03725149618788375, -0.066012424656295, 0.0653115572214267, 0.06957896087029633, 0.04733026594712694, 0.1605117047727339, -0.1579310148823108, 0.09999831233960725, 0.1856814801101746, -0.23578558530154448, 0.015902312287333603, 0.1687649411160364, -0.029762838495758722, 0.24341522928723505, 0.08562303400849641, -0.1678826998177736, 0.08099853946477721, 0.11349475346070877, 0.09700566571958319, 0.03268657595376478, -0.0556809121487117, -0.007105335280964459, 0.11427674903430099, 0.039459232882357725, -0.2701869577906414, -0.01315557293804948, -0.27560558750541214, 0.11948609629152415, 0.019531348754918826, -0.11239802197290898, 0.1308402726942697, -0.1723230918487809, -0.07761898359146573, 0.06185341990058435, 0.02558470161859392, 0.1003757437274339, -0.046593895635046956, 0.07779938605913692, 0.0028984936380855525, 0.006250482100670972, -0.1541013940739511, -0.07048240061773484, -0.1704625939514624, -0.11323611218405065, -0.027149836776769486, -0.18524195515156033, -0.038352179161304144, 0.009592209390592377, -0.2915630093297234, 0.07197588337219804, 0.16219783480224084, 0.06839981769874297, -0.034152455468690196, -0.05799631656643128, 0.2344440755486724, -0.014213045299145808, -0.06562914058160801, -0.05220602266102661, -0.023500785718335325, -0.21985885238091474, -0.31010104481045403, -0.08678305672361519, -0.05295861201005351, -0.0822583805163774, -0.25388858770628275, -0.00015632122974063522, -0.234703955934287, 0.0846774384793496, 0.03491589926874817, -0.017321467267679566, 0.009886292850808925, -0.20017535033851877, -0.006108864421454252, 0.08356478241921675, -0.09008612026741392, 0.07243405126042077, 0.16555318026715088, -0.25310341415913645, -0.02571553546517935, -0.25484682871988745, 0.017611348189147856, 0.13470213648259935, 0.03202313124542299, 0.12006042134877389, -0.15158281282288757, -0.10964985115184628, 0.07991323224082977, -0.06580013481920567, 0.25017857681726513, -0.1067786334045503, 0.07664333611399327, -0.08567451130542655, -0.05228448819090194, -0.14306118837284862, 0.09887720228357777, -0.1229418880852016, -0.22845344062611087, 0.02959737581269794, 0.05858281597738478]
779.2494710963381	(9, 12, 2)	[-0.3860415915170477, 0.023449987270887374, 0.014220767913853342, -0.1446829507724915, 0.03379908463346056, 0.1000356883934886, 0.11078773721213642, -0.03509651518090552, -0.1115004484418391, -0.008835028168394665, -0.15217087452581796, -0.32097332839390635, -0.06792795491085797, -0.0808073001546304, 0.1737832099864008, 0.4009717487538091, 0.2565914214425878, -0.10988298432311329, 0.2027719941123481, 0.3256393340838608, -0.05300439017251814, -0.06633573472490265, 0.13162927611524305, 0.06224167570185557, -0.08428881869293882, 0.04194167542085092, 0.09889771656416578, 0.3056238941466345, 0.091258882006127, 0.1246998567924175, -0.22363859882483494, -0.17050788606553866, -0.15448535607840785, 0.014986611474932278, -0.0724204257159872, 0.06844430078887678, 0.07701478565803585, 0.054786825730086246, 0.09694150533358412, -0.23964795845393339, 0.0869073346153264, 0.10514950657827202, -0.1723761708686794, -0.04460742891588894, 0.14176065423232637, -0.027163182987812333, 0.2629711861337609, 0.03625267837351766, -0.15693207495490288, 0.06092397157538064, 0.043115510994211965, 0.048251350461687034, 0.10097319810418369, 0.10184008856647514, -0.011023671203785676, 0.1290852460951919, 0.016699037574157992, -0.3043550167781579, -0.0385346244031587, -0.22172524999896026, 0.07540748427609596, 0.18305439725026743, 0.04721013318867591, 0.016101282753529095, -0.22738496020994986, -0.07333464722747042, 0.03241241954274433, 0.023522255600882683, 0.09612429524499425, -0.1260069167509278, 0.05405557361531044, 0.012049932114819252, 0.029709007124707344, -0.15213477824580085, -0.03688420391146907, -0.17581272839840414, -0.14660972922539206, -0.04717636524308776, -0.22036666798785778, 0.00012038339004784716, 0.011940147784488334, -0.2979562083777624, 0.06948858540083568, 0.1656839008191808, 0.06759052707097209, -0.040770635460534, -0.06124697116819105, 0.24332673389816978, 0.00231410849528797, -0.06874909227559292, -0.0578767689792629, 0.015386302002434887, -0.12101573352110767, -0.2957023386905325, -0.07752346344259724, -0.018853266164491123, -0.07410044887632623, -0.2626204956986229, 0.0012192649032690933, -0.24340389089252046, 0.017606447504091936, 0.048857826076662, 0.03255605281047542, -0.014383391612193878, -0.12271267663136486, -0.03289555582133045, 0.08524496022569207, -0.15133789208269616, 0.03256101939216884, 0.2068520944947685, -0.25993900468203784, -0.01744110891410135, -0.24444240167473713, 0.0011839535249005516, 0.15708217764369883, 0.1127750544266011, 0.07172425297480658, -0.14377824650953863, -0.1179483463573988, 0.08338098852251141, -0.06808754561400066, 0.24638475898405598, -0.1966753121997899, 0.10257656617720562, -0.053327031365259694, -0.0642140524705718, -0.10882366006109927, 0.10527422415496765, -0.12737109528066534, -0.1218038009468766, 0.3035238494907946, 0.025569933222809878]
913.9251510425881	(9, 12, 2)	[-0.37635521362699187, 0.02285240234502444, -0.02838453506671927, -0.08906403691203073, 0.10630565487809027, 0.10765420609701612, 0.10968608458416897, -0.04179400273119678, -0.15980343243448814, -0.008731453133737159, -0.13064492962284976, -0.3192076771827427, -0.07404414513040394, -0.0866054594767775, 0.17291321291633413, 0.4008076304981739, 0.033414125889944524, -0.07918962831245674, 0.001385531709721343, 0.2894740804026429, -0.044320824012822654, -0.1498657075299373, 0.1392354884814207, 0.052781796804447625, 0.07711630377995779, 0.030057530335290343, 0.1186255331181637, 0.305808938758548, 0.10207867919420124, 0.12241568364796956, -0.1077360360899353, -0.18128914260918824, -0.15460775679263894, 0.008300719691949714, -0.05994223092208924, 0.066638442124646, 0.22930744764455105, 0.05404949152365501, 0.13069738922476284, -0.24958280641724823, 0.12239952562321771, 0.09615428206107651, -0.19807535564186787, 0.0011751628221220202, 0.14621389573745663, -0.019639516495250944, 0.26280214806554325, 0.04953494348850882, -0.16199160304541124, 0.039801728260760186, 0.03996206857380952, 0.04315065661398354, 0.039885331540299634, 0.04684717962965014, 0.0004885413489391925, 0.11560614380219268, 0.03498799677265857, -0.3040654381003254, -0.07659094484440762, -0.21913011701823723, 0.056765970443209496, 0.1821217173192154, 0.0059414006265764985, 0.11011030604690204, -0.14960840942668657, -0.06961022296483549, 0.027748033581759958, 0.030981724637725173, 0.09102937484749568, -0.12657553967229745, 0.056117046534870804, 0.0033048310122778045, 0.05004573995299995, -0.13839807363248155, -0.10232796419521865, -0.13113465874775904, -0.14465696773949382, -0.031487574600426935, -0.20239856568740572, 0.012035796465811693, -0.0005302425031442843, -0.296534233351643, 0.09041668020609371, 0.18088938390633602, 0.06944101641337047, -0.02587865276885458, 0.15739488361944803, 0.2412070973504652, -0.014456576519985047, -0.06837094645827865, -0.038193687432110816, 0.008010254070619772, -0.13039131892179684, -0.22212567811586442, -0.1091259736320675, -0.02827374869539662, -0.07275620022866797, -0.27828332580468074, -6.393468778904292e-05, -0.20602669398542528, 0.10106412540416417, 0.044721376369378556, 0.015414863148272659, -0.011037978493388815, -0.12701277570370836, -0.031065576816513063, 0.0848653838847235, -0.1393632588039499, 0.09753662067030537, 0.19443048169435437, -0.2512949986428092, -0.028852376015738448, -0.27382996735008713, 0.08215730256742185, 0.15606975143855803, 0.09211901577751337, 0.09218132898441866, -0.10033614640431453, -0.11333243493534903, 0.08921976362205719, -0.07235712783516492, 0.24489870213758014, -0.16812993213258362, 0.09505347176512859, -0.05452898117947534, -0.04625541468013462, -0.10689471666917698, 0.1507221499954969, -0.12323994179114926, -0.12320639541069141, 0.12396733819421439, 0.03917315767294889]
1183.9263351858565	(9, 12, 2)	[-0.3332025617670435, 0.020056947900438403, -0.032178654344387304, -0.1155504572699495, 0.02888879345127801, 0.09970166116043272, 0.07569324701426539, -0.09688759735616406, -0.13925180657262273, -0.09164451949355897, -0.14923656006937627, -0.30528470353140447, -0.0737826282532719, -0.07427428140299379, 0.16868778854743158, 0.4000117045514266, 0.09438316558749679, -0.06458290461285966, 0.026317920733546125, 0.1823497353545877, -0.04848229408229275, -0.1139594344467493, 0.0643070168247373, 0.05275928075001511, 0.02742358546027091, 0.020678944578218984, 0.3015415565280887, 0.3583553504550592, 0.10377306450256436, 0.11444559034432222, -0.14830145113740678, -0.23157123682972286, -0.19510583584475222, -0.12590844527909736, -0.05452666052686446, 0.07018699025814618, 0.09856682286908831, 0.05484196263105172, 0.1477220554000209, -0.2400350623150655, 0.07916028390755196, 0.09697173781114116, -0.10930951644740448, 0.04547292369426906, 0.13636560325264122, -0.03153190057391678, 0.22351900287048532, 0.04883656912411671, -0.17638776150028598, 0.060433784488976974, 0.024668725364418442, 0.03695184047668933, 0.026117989452714548, 0.046927985773451066, -0.004105711022524619, 0.11978079692514051, 0.02966271665044229, -0.3049994640524958, -0.08735923886640766, -0.22765094917034734, -0.06417495686823546, 0.182313036308769, -0.03175686982825087, 0.11583567761601378, -0.13126222168339566, -0.07435792484360912, 0.027307715761024035, 0.02834721848166235, 0.09729478280610679, -0.12656827295497663, 0.0552129750660935, 0.014111879173726426, 0.029994074756821115, -0.13779390310784106, -0.0802700104431346, -0.14849379255810025, -0.14203648984265707, -0.011691692271516143, -0.20866017339191148, -0.005463206825046389, 0.014083772807767861, -0.26994853366846355, 0.08961018267032896, 0.11001886297772483, 0.06989522707832957, -0.01134040950930176, 0.09012728789439983, 0.24107271605422256, -0.01719235649881347, -0.068353813217188, -0.03170680064971195, 0.05142569017328498, -0.12368083933986163, -0.23524843295540418, -0.09579490863911806, -0.11495657153888575, -0.07494884460928236, -0.30841103605333176, 0.016650800346624153, -0.22675812322444067, 0.10312042428441043, -0.01918732486612911, 0.006902460945057581, 0.033367489504652584, -0.1275820496422766, -0.03411700387712012, 0.0695011597135534, -0.08581615106785176, 0.07283262793709133, 0.1894257317591829, -0.249163519087671, -0.03419390243237905, -0.257259829940185, 0.07982334963114282, 0.1596927269334671, 0.02457444109447654, 0.05633757002363656, -0.11280485626415157, -0.10838881611226209, 0.08381504288939766, -0.09961486911829953, 0.24723165609452097, -0.11163417613895381, 0.08627693557761233, -0.05875772049282262, -0.03504056918793034, -0.16237879269439504, 0.1323451171644202, -0.2223679046462997, -0.11721942719439268, 0.07426869392861382, 0.03504790772255648]
907.1464630908229	(9, 12, 2)	[-0.38784937183756507, -0.011919247310844119, -0.046091528535971975, -0.1375133653612062, 0.020359662560922233, 0.09789250926513166, 0.06733172782774802, -0.0999309643733139, -0.1150912688550266, 0.074146346345371, -0.1487316287478523, -0.3029614377274518, -0.09587915464205099, -0.09927127303757417, 0.14691335221524834, 0.3924995705019356, 0.27122306117546047, 0.18175858155698948, 0.2181799457364254, 0.26092722361688353, -0.0681667270949201, -0.22083478955207794, 0.13204362731894378, 0.06246537714556155, -0.05252386525711246, 0.014616035337390369, 0.12391122689626866, 0.3389307408904823, 0.11694200843644965, 0.10542361903804028, -0.17413312943184858, -0.14753369255839016, -0.14429410835076512, -0.00025466859726326965, -0.06636482641167532, 0.027063108367014317, 0.06636556205065385, 0.04689292052390796, 0.15000306725746404, -0.2560362801720898, 0.06920665883439961, 0.12588724688336878, -0.18039045241330603, 0.04708724218341894, 0.15234570899058253, -0.1250365989724725, 0.2555038704996662, 0.053183689706068696, -0.27416949406661384, 0.07277708988826173, 0.010342727629318328, 0.0542864867052133, 0.03091967681562078, 0.04329490413774195, -0.008250265744341182, 0.12203699865859932, 0.03212162698221428, -0.30703291321408044, -0.08086669070621452, -0.25886670884138036, 0.08385921651616907, 0.1474000063367672, -0.08520185715767192, 0.06588735953426518, -0.22155081741261615, -0.04894033500716944, 0.1882833896125893, 0.02338082361298371, 0.11060500634337098, -0.11928655117483353, 0.05011316262732614, 0.02498890147805067, 0.0154294243128083, -0.1393299163883652, -0.07037119740057599, -0.13023588555759738, -0.13456710685467257, -0.022969966718572384, -0.22702671099204086, -0.011447988485029998, 0.014977504544419182, -0.3539353062706051, 0.04491850145715848, 0.14903778043885185, 0.06895385704786096, -0.052953896244982625, -0.0627060405750117, 0.33753209407127616, -0.016101138152560292, -0.050450800926810126, -0.03146906440956718, -0.007639592986326979, -0.1176274312813353, -0.38572700679260785, -0.05064272458176955, -0.05606046865166791, -0.07289980039842633, -0.2852007762167335, 0.011422668712026613, -0.1566639017003208, 0.09231585114699116, -0.00961997466529631, 0.01387229332288716, -0.013863420781619097, -0.15540499120311166, -0.027448420410949283, 0.04270536911185894, -0.034255046875045964, -0.002207302130728738, 0.1355386876355392, -0.25734298860585963, -0.016127782453720305, -0.22554074779857197, 0.0023391702540070244, 0.16088441862508676, 0.08075389967342389, 0.05216493710195014, -0.1622222929646457, -0.14292943347330192, 0.070464250599054, -0.07870430080607435, 0.23468751323727244, -0.06951745709833551, 0.12335235801007521, 0.002178950300906736, -0.047861598089949, -0.17180520946142164, 0.1539632112120402, -0.10651043057684184, -0.11666478340238136, 0.08598593280237879, -0.008326976321128476]
1309.5235769375704	(9, 12, 2)	[-0.3451560009223957, 0.02536408877731184, -0.05375908458567845, -0.14103870416496836, 0.019321375241243124, 0.11187216508579334, 0.027531734165531813, -0.08990788820963685, -0.1235308758840365, -0.02669695849689547, -0.165671800637263, -0.3050311435081897, -0.036449699997078755, -0.0909962330529403, 0.14031260417519087, 0.30208761455579447, 0.2608421078520353, -0.0574883228229373, 0.20526769892752877, 0.27596030562024765, -0.10364686179192224, -0.22015960824938682, 0.1392333229556151, 0.04096211643421128, -0.08837967364728722, 0.008461687110151253, 0.11544321306301045, 0.30877603738052045, 0.11232508071573637, 0.13407793675333485, -0.2445979663941882, -0.14574060514519058, -0.15638968923348306, 0.05348837104039582, -0.06423921793255782, 0.06732445680870949, 0.06513137531486937, 0.06138612082569335, 0.15772866780673486, -0.26429140781157756, 0.059990767338969686, 0.05793309547560632, -0.18406898531127883, 0.018231289757743692, 0.16349680774395586, -0.061745056302605406, 0.42692554265623495, 0.05654148846155032, -0.17796384595278597, 0.041176975836123286, 0.01992707299429917, 0.04300595163036388, 0.07585898277013448, 0.04261994123550675, 0.09803773834372345, 0.09770871362598023, 0.008047276290920629, -0.294837667030786, -0.08431337644833971, -0.26277792327950733, 0.09871813221838821, 0.17187323825669348, -0.12167414328785404, 0.14521299007563493, -0.1422414973610322, 0.035347679951848884, 0.025622029632074154, 0.07616741445414127, 0.09455384871007753, -0.1278713428670873, 0.023480260757933615, 0.0019726098695177, 0.08270409807856967, -0.152946673539597, -0.2149908770086691, -0.08844058599869963, -0.13121965749945128, -0.025773074989295708, -0.25255019472169465, -0.0058498501940148235, 6.181739272159025e-05, -0.2520628149639505, 0.05118413458745664, 0.15579320129168303, 0.07476839563036533, -0.0012324121112675095, -0.07830926006752426, 0.23423130181523993, -0.017384412334362914, -0.06366337895341065, -0.03855102736069288, -0.03619910684703932, -0.12279917142666641, -0.26873671328963533, -0.06597609646959887, -0.03719386775626011, -0.0693303532616968, -0.17254335619870576, -0.11486837606900997, -0.16733819029176067, 0.0858849751677935, 0.08421079211096238, 0.017563545192380833, 0.022753997643425235, -0.1427528039599861, -0.02643881292553121, 0.05096630325595282, -0.026947992428247577, -0.0068901337870618945, 0.24342085806975033, -0.25400699623687006, -0.01709208707068326, -0.23303303771609762, -0.019380537203447963, 0.15293157622912515, 0.018126154897239777, 0.04965504665358951, -0.1338828389296654, -0.10646097352642221, 0.0965195296023668, -0.07344062948628133, 0.268603635205288, -0.10208198355895401, 0.08450158617128106, -0.03121201966341143, -0.01753016300859414, -0.20118165456872583, 0.11708722021961201, -0.1266036417450405, -0.1068099190785291, 0.03445641498683996, 0.0207898500908685]
990.088836038272	(9, 12, 2)	[-0.3553359904492479, -0.02759166362429409, -0.09952872239891714, -0.14133874524091092, 0.03163440966503591, 0.10231300036693175, 0.07812026804741032, -0.07282783937197865, -0.1255515046227846, 0.005711156508865599, -0.1556098434848499, -0.28682953723425053, -0.061986815715939544, -0.07416116799544763, 0.16004991613307387, 0.37889110943214976, 0.25768469719945614, -0.028727541479649777, 0.18736174247998716, 0.2980856623874276, -0.0638527130033294, -0.21829971082937882, 0.13728540056790356, 0.06336579380150363, -0.06765938965996297, 0.02408666357883339, 0.1166520236976738, 0.30867389653566984, 0.12486624598000123, 0.11607293462075535, -0.15216531663846375, -0.1079546228384643, -0.14711057551132284, 0.005391412911136046, -0.053086728092398644, 0.050702461531565574, 0.08312602950455159, 0.04284059976207038, 0.14454971050656018, -0.2535344782795822, 0.07775818929965111, 0.08389016925048555, -0.19430767229345547, -0.004020001347593134, 0.14336654710389288, -0.013625787515477413, 0.26858796039396127, 0.030405431709983832, -0.19731536853971846, -0.0060611783573929785, 0.036638164773138936, 0.053880710106235664, 0.12484236470270615, 0.042357215082929146, -0.0010531633283017113, 0.1189873965067814, 0.022678228694707342, -0.291275664935626, -0.0811448638883087, -0.2627972096618124, 0.08559069399101141, 0.14963701368090135, -0.12206500601972459, 0.12633906229187425, -0.13689674739063235, -0.07101876284087286, 0.013663701044686814, 0.05158998027049916, 0.08530265906982185, -0.13119108860502754, 0.06470274348367526, 0.012121062367032667, 0.060222803860465704, -0.14228127541116, 0.09993173861432592, -0.11940024947973446, -0.1718581220387752, -0.01574339977267905, -0.2068433956929072, -0.02987694956218354, -0.006045569643882149, -0.26669511271334495, 0.08179598298177171, 0.17197561400091266, 0.06852454613463871, -0.023690597050501777, -0.07353691103406604, 0.16304590077490821, -0.02372172503110214, -0.05954617788445513, -0.04377506625767423, -0.005445999349606867, -0.13844084431776282, -0.2751548717039375, -0.09683906987815458, -0.04475848464185597, -0.04882678209825853, -0.3931825472255841, -0.0018565000602090182, -0.23208089732737294, 0.0896069274788657, -0.027145401243167843, 0.0292011726572919, 0.03503953652107715, -0.2015120834037731, -0.009079919669973728, 0.049164059479163746, -0.043872834092245745, 0.04821313906951787, 0.1391501769650275, -0.2428762218152543, -0.04036652904888926, -0.24268735784487805, -0.003655789334608763, 0.13680401012488985, 0.04447874569302568, 0.07324291377004181, -0.14876054630710647, -0.2052221026057811, 0.08788220339733535, -0.08142261637045768, 0.23345037081427247, -0.19120552326300494, 0.11306594664228592, 0.012112841604304453, -0.03529858329088573, -0.1540528717062616, 0.09014927085849307, -0.12371273613710192, -0.11844834539904758, 0.03892528217665973, 0.03762638627614232]
754.0452460567823	(9, 12, 2)	[-0.3580774454336254, -0.02083632427117271, -0.08704128457730054, -0.12386553089647194, 0.026012229766357385, 0.06092527750658843, 0.05086151074252423, -0.07379067494735961, -0.1227363424330421, -0.008525893961352223, -0.13051781906190393, -0.3133048927447652, -0.012563033474692578, -0.0406757277616991, 0.13552573525088768, 0.39071809105167, 0.2497110178523615, -0.059287741832925914, 0.19088367646629195, 0.2850459135310823, -0.0813824623029182, -0.21459382841643312, 0.16146041579532378, 0.05270263349331799, -0.09229201911314083, 0.013324879804495387, 0.1223404775466121, 0.36484856212394967, 0.12215720636589386, 0.11682026864809772, -0.1681696544053676, -0.11317716266903524, -0.15315777531725305, -0.002651957757786844, -0.050418012898975725, 0.05296748561080933, 0.07425083447981845, 0.024369545835727723, 0.13792331022448923, -0.22801303589807248, 0.09337129560865703, 0.15472895711042967, -0.17901185693987354, 0.03161011860039325, 0.13695084656947187, -0.03689917114337905, 0.25557052149357395, 0.024499098594889177, -0.22535189267582967, 0.029446492766498657, 0.04324635445762669, 0.06023958840624977, 0.06859341620650788, 0.016338142326568657, -0.014471150972605245, 0.24343266767472063, 0.03023267106273502, -0.29324249386065265, -0.08601876769039472, -0.289011566541167, 0.060132433883967655, 0.15125525425679756, -0.10418384532250352, 0.12646872015451882, -0.13844648379058547, -0.05932624374711845, 0.014112410314625175, 0.04052424899995947, 0.09604500952271873, -0.12855848368454226, 0.024007959911651323, 0.01176513755256419, 0.05284932344764881, -0.1520550397100719, -0.050845351120560725, -0.12400400270303587, -0.1364008037763599, -0.036134878666550754, -0.20810507876627943, -0.026446624641921573, -0.001302397786320309, -0.2822287807185586, 0.0669274061492728, 0.16707902470637065, 0.07968197218918735, -0.151727166694612, 0.010240462036785428, 0.19814250755146023, -0.022515871644488185, -0.06249491154280287, 0.04372278549425636, -0.008660257039957205, -0.13121434984030633, -0.2898464457604862, -0.09177432464966155, -0.09089482694873283, -0.009143994372638027, -0.33010161826989365, 0.0014709960583610803, -0.17628222389005235, 0.11038564398596751, -0.09454861990245067, 0.00852875477957933, 0.04480134641619592, -0.18059890653109556, -0.019799225980882296, 0.06262642314603596, -0.04860475484189504, 0.06902286899737815, 0.08328878719724135, -0.24013592735211572, 0.12022672470062222, -0.2291455035378458, -0.012121654670651683, 0.11319776048515748, 0.02713993176897423, 0.04766833937153987, -0.1305707568575435, -0.11360881010853244, 0.0530314844624764, -0.07627850388732912, 0.25426057839093696, -0.1359995539744731, 0.0935275523030725, -0.0682590298473641, -0.1062212942251672, -0.16766948367895956, 0.109816001879543, -0.02573455860197462, -0.11471666630666363, 0.026634105624499624, 0.029091582148524513]
1359.3075921316909	(9, 12, 2)	[-0.3615440535445406, 0.028315661166716237, -0.05519990342733268, -0.1271586283341101, 0.06506764656886217, 0.05790241487592308, 0.07044555536776284, -0.10308761318180709, -0.12775569622185975, -0.0872932659788419, -0.13135331977312145, -0.28609504097305594, -0.07936935162230117, -0.05529054132144477, 0.11919564434156013, 0.3780811476627355, 0.2413424154789021, -0.06260080161195014, 0.1935949951554171, 0.3050645128995268, -0.0803333897103937, -0.21147873558744895, 0.14152533102899775, 0.08567847147740451, -0.05024611102786145, 0.04370465798537302, 0.1451023583754269, 0.33204992370051684, 0.12419412919836272, 0.11550244056828854, -0.15275737975228634, -0.1628285192276273, -0.1459716444624712, -0.0020331293161494485, -0.08377436483609212, -0.05645581853769259, 0.08322687082524065, 0.04358586211336342, 0.14974500647568237, -0.3572244150548163, 0.11367890704213804, 0.09201609673290745, -0.12500031559361283, 0.014199986526199389, 0.13618515771149178, -0.0570087365743633, 0.266377535875872, 0.044141615616531175, -0.20713203585141063, 0.04596102663732666, 0.04170954392616377, 0.04213941639223365, 0.10120479125066402, 0.05584197793149022, 0.007629634154802606, 0.11487406731341988, 0.012537781476026626, -0.28645641068724415, -0.25458623936814195, -0.25840380506588434, 0.098035639812083, 0.16070853673686059, -0.1102152670547201, 0.12970377759538743, -0.21215659016089758, -0.07946789970557237, 0.02769502405021037, 0.021615062024973625, 0.02311113651446209, -0.1342926122131902, 0.052368066047716696, -0.016161587495824765, 0.0649297423674813, -0.11613995759416113, -0.04338957318666516, -0.1371009644951143, -0.12466168102428787, -0.0024927325538159216, -0.22128037327345734, -0.01877949410761379, -0.04049819869684757, -0.2601797998803018, 0.18713586577280947, 0.15580380174997518, 0.08360552912845053, -0.04547596040923581, -0.07395597479095523, 0.23992485713658507, -0.04014626624779593, -0.07446801981612895, -0.034662458545045696, -0.052590346378401334, -0.13606675121870251, -0.2948960082490919, -0.10337191137576562, 0.0793845599149856, -0.07333892965020984, -0.28159444395122213, -0.006466781191982856, -0.2369742429472031, 0.08814319746379567, -0.019610067920876453, 0.032184761378185364, 0.022217274021030773, -0.11495079793940588, -0.017986426717350894, 0.08283291818101918, -0.05054192047525444, 0.05150886052768608, 0.14200402619752603, -0.4539350184280645, -0.03417340678880854, -0.23069009652515093, -0.01955111682901915, 0.12280915425184256, 0.04461576415196297, 0.05350002660606785, -0.1374572665418041, -0.11920018445282479, 0.09162666716913198, -0.07592478919517695, 0.22172597415125975, -0.13527303691229717, 0.04532934578903875, -0.09009294117243141, -0.04077051473807275, -0.17127845711838643, 0.16827255707692435, -0.11300360679681042, -0.11202134295975649, 0.19447277267473745, 0.02644313080723635]
1269.5340917165706	(9, 12, 2)	[-0.33066572939600614, 0.014382794007536243, -0.07027841901867277, -0.19593334639546223, 0.02538723862704107, 0.09554013744462543, 0.09294708913452049, -0.11545357515249416, -0.13509128583858648, -0.01952367772908569, -0.1533306716984435, -0.17117098575179512, -0.07593281994257092, -0.053839525737283206, 0.16908273932356505, 0.3790898527447599, 0.23774504839638863, 0.1298693366091458, 0.11096191965375787, 0.27911478753895547, -0.022967213097114567, -0.2526693329617237, 0.32487870106815964, 0.033293398192334074, -0.10545599583550049, 0.014844558014639997, 0.05723985005950889, 0.2881381123871067, 0.12064765909132794, 0.13278795860910994, -0.2224384618256463, -0.18054562560273507, -0.14801171721147524, -0.021209015886719106, -0.07069902705263147, 0.06035027113437514, 0.0367165319178107, 0.05442253802474664, 0.1565829744499287, -0.26042195150426395, 0.0664609196973396, 0.10181959541542274, -0.16456499393566326, 0.029671055247531844, 0.18106389780928295, -0.12451709730270918, 0.24884905582195796, 0.06451561631177466, -0.19217105818353178, 0.09699752711365942, 0.09468580020000227, -0.057536492621617676, 0.04270235087058388, 0.0311316303918971, -0.005351129350312948, 0.08788432359758354, 0.04320566777197303, -0.29931656921288974, -0.06980066825112635, -0.26174383186751016, 0.061467892902583705, 0.15962334113450122, -0.1533144431828642, 0.06987808147730074, -0.23261046194961071, -0.06850669145853912, -0.005664555883092042, -0.18413953877729675, 0.08950295111433004, -0.17836202174997653, 0.030032434256758785, -0.0038881299511294466, 0.07393016665575218, -0.13085271483956523, -0.24474831050803508, -0.1481789711994475, -0.11804602982606327, -0.021141626311779814, -0.19069620036592738, -0.005542333152127056, -0.04002130293874159, -0.28947066812847266, 0.07212296552552883, 0.18330692251107933, 0.06533780261107466, -0.04666663640234992, -0.013762410014399176, 0.24531863933819842, -0.019981366466894548, -0.09741859713444774, -0.042898100554047094, 0.016688136269719597, -0.12238199767996072, -0.3030561480997379, -0.082484440634074, -0.04237256559941342, -0.07626235255134867, -0.2991738791972358, -0.0007478043746604445, -0.1860803527613788, 0.09747767482799279, 0.0016111218863969533, 0.04902966887036776, 0.018278189997959587, -0.14156066813336213, -0.06021026532518946, 0.05259659919380029, -0.0074697990727554744, 0.01730908636244914, 0.16844882773016212, -0.24975020693480104, -0.026160606739518907, -0.210098355120379, -0.013827780027959275, 0.18140609795399343, 0.09402703557849314, 0.060129175550598664, -0.10712448173234528, -0.11861969762742419, 0.19018198080652438, -0.09268584486284226, 0.2537881525267564, -0.09984854047472014, 0.10502033407721426, -0.039921426427407945, -0.00690673213136035, -0.18154373590688136, 0.13184911632783408, -0.13437070961824232, -0.1499068359834753, 0.07120185096175595, -0.013252423228725793]
886.962898827157	(9, 12, 2)	[-0.3368720888213877, 0.2323466397052051, -0.07441807388679934, -0.1344539090836266, 0.041082201408966575, 0.0831687054607252, 0.07212589990149934, 0.03379320014565513, -0.12362548770623616, 0.04400184688180236, -0.19039250814642372, -0.2930659834537459, -0.0017261947824912145, -0.08260512691911653, 0.15040900578789598, 0.48264423466743506, 0.21397648892910465, -0.031798419927955505, 0.20593000635228986, 0.25690172630575825, -0.0425865170774522, -0.17397944414072547, 0.13552603646565836, 0.03818660958993365, -0.050139076213057354, -0.004674028816514965, 0.12240324193882447, 0.3262327330523125, 0.14011835368442283, 0.1662203060901655, -0.21829329230581757, -0.08626791920918116, -0.04165322786259222, 0.024391330497092113, -0.04617793200390764, 0.07620881945441857, 0.0764839558169888, 0.027634677831696652, 0.16910206904497707, -0.2449803432828882, 0.055476330938108026, 0.1172971669051426, -0.21696157792499204, 0.030169975196803415, 0.15003348730334304, -0.051733890088203394, 0.25667152982137886, 0.06115413489859825, -0.135936881233411, 0.05676070143168053, 0.057885124150034925, 0.006559673721008184, 0.03574070802451398, 0.026555680882152044, 0.05369368329509676, 0.11241083613642816, 0.06058223883247059, -0.3021947898191124, -0.08491655372952242, -0.251121335774972, 0.0780208832962415, 0.10756442596344709, -0.11418977171998412, -0.006721523722355738, -0.0953929689044931, 0.05676477841382335, -0.0629176324670086, 0.013160362796278285, 0.08491501830016403, -0.1401711350691534, 0.03825488492000956, 0.0022446436563602185, 0.12421787894192537, -0.1169469919978224, -0.06586400529904894, -0.12611103422419434, -0.13252274366036593, -0.029819578048194965, -0.23613483559910586, -0.07045015688008324, -0.017926313570567474, -0.21315585010138513, 0.06422146311818962, 0.1644877525152453, 0.06668409125594865, -0.06900250182652, -0.050137837639750785, 0.22955976977938053, -0.03537211558361102, -0.09384310313309144, -0.04903721056840844, 0.08682582854927735, -0.13736879810542046, -0.3109388011899222, -0.18695231817538815, -0.022535977368202433, -0.09356695724020643, -0.31769703102691565, -0.014290918437612177, -0.19008144319031806, 0.09683949493557792, 0.03102677635859225, 0.007177192887332398, 0.027296260661086633, -0.13728816844226738, -0.025052595141197426, 0.14248485389677543, -0.04679929701301944, 0.002987791409427864, 0.04669731086236283, -0.24997395445964274, -0.021263281980419005, -0.3619261679445269, -0.21428442427516217, 0.17290556585909184, 0.03292562795128368, 0.04294653208950255, -0.18060111623284963, -0.1189657443695767, 0.17154067476083193, -0.09624526677176101, 0.2551748529606696, -0.17330318404538336, 0.09543233830934011, -0.05967595740808152, -0.006699655794981177, -0.21442179963076188, 0.11657413510806099, -0.14023540863990797, -0.15155752184548632, 0.032476203864780895, 0.09547649587733904]
768.8437830346611	(9, 12, 2)	[-0.3313892656526282, 0.02519407255695815, -0.06881219261954245, -0.01618434621728201, 0.16018979074756995, 0.13615009284407195, 0.055543897585475274, -0.07431675139186027, -0.1269995013326609, -0.018922069229321173, -0.1767970019750667, -0.2883225909676419, -0.019837112961125773, -0.06728746811073169, 0.1360510226897645, 0.3995996375322721, 0.184150218655746, -0.045259813493859935, 0.2302792608849506, 0.26288625072565885, -0.01702360211480819, -0.20160688146184685, 0.15660545919388846, 0.050979398592859444, -0.08701140222204815, 0.019778091289514015, 0.12773335034756056, 0.34601144009483814, 0.13684823281015907, 0.17180890341803262, -0.17873175510581826, -0.12304606222657986, -0.15764441150655584, -0.00043567216608435006, -0.054362971312453226, 0.14922147772916383, 0.06618364448477963, 0.0433038670270642, 0.17798994350723704, -0.2579252056319594, 0.13347312978451603, 0.14468832171660007, -0.15065610658152695, 0.08066619659655871, 0.14827971913309212, -0.06683259785066503, 0.2123111986348768, 0.043072337765205394, -0.17724018871115627, 0.03688949811755507, 0.06590135359851373, 0.027358210817938242, 0.09349665886520572, 0.03489271911675748, 0.0369247995135296, 0.12320093872323566, 0.026699746655210427, -0.32158487503723165, -0.12174317490243135, -0.27981236751336325, 0.03233579326251827, 0.12636804568489332, -0.12460290167726844, 0.035527889182765254, -0.16506349674446172, -0.03208315093842092, 0.016360582043257042, 0.043478386946020756, 0.09336249600440177, -0.11791277878551636, 0.040341748675940786, 0.02416496632164702, 0.04334887959796606, -0.11974078804541573, -0.04180194438503893, -0.11317433158054382, -0.14681333353662088, -0.06634534202541428, -0.19637833552264927, -0.12153554320510966, -0.0020242884073899377, -0.23007104197546546, 0.0798022324044783, 0.1702973006820903, 0.105256948787797, 0.021298310218043952, -0.05546797373900704, 0.2053496766888743, -0.020514654240213596, -0.08551085954162063, -0.02238007574160261, -0.009721891089618389, -0.10532713461446508, -0.28951869951682463, -0.0919917833578457, -0.012818373448576318, -0.28222294103526646, -0.3537057216688884, -0.0019862511277063716, -0.14294664227765458, 0.056595386757925706, -0.03717645501321576, 0.002995411633837225, 0.02598948177759743, -0.13818026713245413, -0.01272856887006426, 0.10613532270009138, 0.0002899390374128813, 0.013670119895518536, 0.15212796632325098, -0.24893216117324732, -0.013327116493056224, -0.32534085213032365, -0.08787466935838903, 0.1237515104234444, 0.05604904180405179, 0.03764475695615803, -0.14768298306321748, -0.176328356904988, 0.08558481831105752, -0.08538432620310124, 0.2522044846382768, -0.20138524771404345, 0.11298004212135504, -0.0695973814519077, -0.02693247633166805, -0.18534883267770427, 0.2677736032688558, -0.15237943269144827, -0.1504083327110499, 0.09996245123205369, 0.02469550587679429]
792.3540315460443	(9, 12, 2)	[-0.31882210560372465, -0.0036428918992061077, -0.06304034223507857, -0.1417270880482235, 0.03965317460735981, 0.03981774187923558, 0.048489149080448726, -0.07456587189704628, -0.13310848878494763, -0.005337525431800428, -0.06620190406820603, -0.28876244697178965, -0.050551677648098425, -0.14525256286957744, 0.18058737587495888, 0.42381896326958335, 0.22796248180722067, -0.12244554089486831, 0.1665330930831797, 0.2368790860873286, -0.08321862158284297, -0.19764894969318866, 0.14388725553792117, 0.05033816059452444, -0.059572327818683164, 0.005263900962718993, 0.1376077221610706, 0.3147419351273912, 0.13464134844226539, 0.11006611398971607, -0.16037795571381738, -0.10523272872578669, -0.1630820425308659, 0.02324477444279961, -0.03574910108088826, 0.06159153469335259, 0.08884573923444428, -0.010019589672569985, 0.1423944965520411, -0.09118568766616578, 0.12101286433100694, 0.08586877613741108, -0.18372260939799062, 0.02762481340000327, 0.1557955846060587, -0.04790810142990458, 0.2632710012820609, 0.02366662104844737, -0.18906128088711616, 0.052245437239549, 0.054952326650496666, 0.012555547326298443, 0.062011832645265226, 0.04079578712293001, 0.022682617838299963, 0.09940724427992541, 0.022661848345653303, -0.29725072999824975, -0.09765537319940057, -0.27005718922573363, 0.0708730184402039, 0.1219561731874236, -0.13693751039906885, 0.07650073013948985, -0.16020818819348295, 0.01923858003577565, 0.023155820668375154, 0.059572976630777846, 0.0835272157683585, -0.11209616513829392, 0.07067197007960856, 0.029790958426212356, 0.053344431796034174, -0.13931565733772064, -0.0513514722787078, -0.11297763166077239, -0.12525949587394905, -0.03314401665817028, -0.29910770980372936, -0.09319439750572531, -0.0022623826564833085, -0.23876357548245108, 0.07115588862915027, 0.16664956407619821, 0.06426051534737758, -0.03349896492500727, 0.10415251415468743, 0.02550971214896966, -0.030073764719722194, -0.13331247869406626, -0.05633103537469669, 0.11653452520069764, -0.0899544273039829, -0.2754294782670441, -0.067639778315162, -0.032991040579616326, -0.09963472212840745, -0.30675403557601616, -0.003750598480667027, -0.19044566650910552, 0.05483966943093437, 0.015533675334772052, 0.02950482509794646, 0.016326729193447968, -0.15452605001104464, -0.09346271228867908, 0.057688794832722615, -0.053061595996469965, 0.025006398653749044, 0.15881211513985674, -0.27414628034075295, -0.06863989876901963, -0.23510482333533456, -0.043726848871730825, 0.14581103130949796, 0.034372840558347134, 0.08423441027627736, -0.16767436767360738, -0.1692180741817412, 0.08668515018124906, -0.09296861313178972, 0.1462931997669148, -0.11999822167491103, 0.06559657853824673, -0.06520125613962403, -0.04642418024736326, -0.16698000284190267, 0.09071048943321783, -0.12133215718466127, -0.1297305845565598, 0.07958908464063874, 0.06227543220525576]
1021.9765683988726	(9, 12, 2)	[-0.34649236931211824, 0.12390649697434886, -0.07486226742400326, -0.15979976744066982, 0.04262745126735513, 0.11207136693582424, 0.030987222210531826, -0.06119600216103816, -0.14556275652467626, -0.009589809181713245, -0.15322838485164625, -0.28584215606657, -0.04216065663102692, -0.16180379469597805, 0.05803481316822918, 0.4241921339799721, 0.16690606299307928, -0.02197830984170457, 0.16371542265876127, 0.2679317211942322, -0.07522258276487773, -0.25273629655367147, 0.16313502964431098, 0.06301517982845736, -0.0717370671380475, 0.00571211571256391, 0.12876777084855578, 0.2880858883791135, 0.12336044654561419, 0.10612423944968767, -0.18991270250720665, -0.12564407881250614, -0.12338203879530338, 0.01819479261468216, -0.05928175166396453, 0.04264759111521311, 0.13116805633760992, 0.03959005354059714, 0.12187251876664763, -0.280150631264215, 0.11930163579911619, 0.11349726660711609, -0.20050019085864793, 0.022189140981953973, 0.14183629354195632, -0.07907762333968249, 0.28524380906338065, 0.058396932626691274, -0.1812896240205172, 0.055756120825974996, 0.04764717706442833, 0.11027827289807846, 0.002664127243503827, 0.07468602273420513, 0.02681797012616463, 0.15097469745382897, 0.045355465303209205, -0.27292797844169403, -0.1569628173812364, -0.2503535476190181, 0.06758211640584665, 0.1441541393935582, -0.1075577546418848, 0.09788339709536266, -0.13352128309240305, 0.0073068381367676, -0.032009433694419095, -0.011877851360147353, 0.08344267701890355, -0.13220600317909956, 0.10812088648618415, 0.00911934502665924, 0.15749989644971935, -0.06054724934351731, -0.02835271059889594, -0.13295477871300287, -0.11333717463031631, -0.015095955558244546, -0.19570396565065684, -0.016526871165496664, -0.01910908330809584, -0.2585273547515615, 0.06353545878288933, 0.16641723131057268, -0.013229921389718874, -0.023690813157031664, -0.042089357465824, 0.24038788047508944, -0.03477491487747163, -0.21995055581621537, -0.07805483337493596, -0.013025211248894445, -0.21844710278061827, -0.292287475737878, -0.1199065635903609, -0.03929214053563403, -0.08449935210359791, -0.22577582168978771, -0.003154884377153156, -0.09091990416919422, 0.10029428398636614, -0.18472372953278826, 0.009776041505098068, 0.018291221363256754, -0.12552544342336347, -0.054284000939379254, 0.045248732049115434, -0.046222707878682365, 0.034442920185489036, 0.16554797512272806, -0.25184933144072075, -0.042746280763158624, -0.20280263936840837, -0.01763656709871017, 0.14689227708532143, 0.049614801174334054, 0.05972025393878322, -0.39612377296486495, -0.23016997660581015, 0.11553549534743754, -0.05722398050153135, 0.36219770459886697, 0.024577821941233716, 0.07036943145086129, -0.10250778627275081, -0.08144206015858602, -0.07452760838619345, 0.1118391323662723, -0.14631259787778175, -0.07713894059811588, 0.0953346594571613, 0.06514054260173957]
739.4127975789273	(9, 12, 2)	[-0.34423518357177274, 0.1610832907407335, -0.05555141864549953, -0.20925069146666905, 0.03133063445281498, 0.11266098517182355, 0.05971221981892964, -0.07565708541201203, -0.1291138437817653, 0.15810029970038333, -0.1689063396211447, -0.2807212522420429, -0.03465618132404082, -0.10730821723796725, 0.14466034784154952, 0.39836652102781467, 0.15119075465030374, -0.030071026594931688, 0.15936098781443742, 0.3016766131227113, -0.05699671815412156, -0.26158793907678346, 0.14921636594295712, 0.052371648852702804, -0.05348337276154012, 0.006415642627822233, 0.07041421526151759, 0.3070655017120904, 0.15076779535846824, 0.2646547530020334, -0.19459805692231208, -0.1467111156297926, -0.12459010696646808, 0.0035646337326896782, -0.04444015465296855, -0.015589980681094918, 0.05610863949912259, -0.006043947985642199, 0.09716521379340504, -0.2658472166758721, 0.07950358645972087, 0.12897021055591323, -0.25603748660717074, 0.08889529700549757, 0.14650974775791106, -0.06038167581681238, 0.29580759046832855, 0.13519635492026674, -0.18540545066473357, 0.07415075471470026, 0.06580215947248433, 0.05444846819530049, 0.015931043788011294, 0.031284712531095174, 0.023516027468549024, 0.11576999752343295, 0.04706861080706297, -0.30009664938510855, -0.11102810469100895, -0.26984839871447003, 0.05186610999391007, 0.14410219252486456, -0.07728510613390388, 0.08189190733573626, -0.12294075431199222, -0.026360732710614242, 0.0029420263075283022, 0.04276970276675316, 0.08510777020105223, -0.1408607703089175, 0.01776793990487637, 0.00654710886011893, 0.06903538156076941, -0.16846590344357665, -0.03893004927682218, -0.1298857411392187, -0.129041193327985, -0.08956370540424861, -0.21823637044884334, -0.006368795270604226, -0.026408953876522652, -0.2538913733690676, 0.07443711887495641, 0.17347654374416216, 0.07402783931823118, -0.03679734456614317, -0.043138971785832696, 0.2245758008248409, -0.026279140583940968, -0.15727292541424137, -0.07524325858771652, 0.010164695133735201, -0.1483308421878845, -0.443345088343849, -0.12086600921699606, -0.03026479828145332, -0.09700990461505236, -0.2852251188675271, -0.0005430728687987502, -0.19431125775975677, 0.20158726872895094, -0.0073827892929061245, 0.017311231972244993, 0.025180173939671688, -0.13668155577444077, -0.025667182855293177, 0.0618579083762385, -0.05712721378521382, 0.02718467500082706, 0.11141385223857864, -0.251827486392827, -0.027322811529252748, -0.22194660172866315, -0.0673714078976588, 0.14516260843166234, 0.05951010895936813, 0.015652247012657314, -0.16563322586477985, -0.15449911629463228, 0.10489198646074314, -0.09296059856111728, 0.25734660589918346, -0.1643087671363186, 0.07211774782535312, -0.0827280716992775, -0.022464873149538343, -0.11610973458197711, 0.11187993557691853, -0.14350334848624885, -0.07447824101519633, 0.07996947807673728, 0.05612011167702785]
581.6635931451566	(9, 12, 2)	[-0.3417268899335544, 0.07270222838290272, -0.06477313681693599, -0.17893127420510824, 0.05057220937029049, 0.08515202086433972, 0.10299840817587683, -0.11483647672958422, -0.11902326924018396, 0.024587282115211224, -0.17891924793454406, -0.283559707939953, -0.09773916160426672, 0.06621598825437994, 0.1879130787113941, 0.3857387235153579, 0.2255389793262868, -0.05935844238569651, 0.17600255817714391, 0.2797932071771563, -0.08029959743071927, -0.2936351441389485, 0.18970409392697668, 0.0046372335948660914, -0.10769416971502616, 0.04221123991368893, 0.12664222575626027, 0.3061216015425329, 0.05386854894565915, 0.1280235695655525, -0.20845132316122156, -0.117217012409183, -0.14718833289429173, 0.019409735990786173, -0.04601529560237719, 0.007666008829355975, 0.05855177334861959, 0.025977287648100034, 0.1514680262549965, -0.25920996106127225, 0.08471493815302708, 0.036329939287140484, -0.23646772952136152, 0.016184898841116138, 0.16421904109572588, -0.06495630888372331, 0.2837250135133154, 0.04882611727956325, -0.19104270978388146, 0.010010454790485936, 0.06350850345276939, -0.0025286126061489092, 0.026651073072741262, -0.006292352095673391, 0.05936477683200692, 0.10318718230615187, 0.04016668087969588, -0.30102861211996346, -0.09364075375838131, -0.2604441560281144, 0.06563595949519424, 0.14935240497607347, -0.11036438411886026, 0.09255562208278303, -0.13810051100847298, -0.05366582112955891, -0.04078115127534886, 0.011744461490360094, 0.07768504545942857, -0.17126194533029981, 0.07080954199849457, -0.003394076675291474, 0.05729214326189484, -0.11972296411208619, -0.00484040468329738, -0.14445147545431708, -0.1500569554505845, -0.016733108595718874, -0.2126420932086898, -0.010628894413047195, -0.018035574205772703, -0.2759350831473358, 0.06327656868361525, 0.1717403776265044, 0.07010313006482921, -0.07691602682624579, -0.030380042075226786, 0.23473878023702988, -0.013157249257574182, -0.14110338375519063, -0.07171242579899181, 0.02888085830351548, -0.12702579336096254, -0.3403996810548524, -0.11721926818068869, -0.08482678417142468, -0.06757364186226944, -0.22185608159491305, 0.10348061388125698, -0.2230755928582373, 0.09355539575602193, 0.05159688461095735, 0.0360255045017432, 0.07249400749583776, -0.14609609085814038, -0.018712373952361458, 0.011537750583641955, -0.06199995398446569, 0.017826522734422735, 0.13710562313084254, -0.2393646574548634, -0.0226158525835806, -0.22993248083132006, -0.09218387333892246, 0.161624182906744, 0.11388584642148472, 0.06103034060907762, -0.1374024892194606, -0.1722130652542062, 0.08226979780122012, -0.07565111086996743, 0.2582683800329658, -0.12174213144797985, 0.09498460963810151, -0.08704704393688475, -0.02246001739674707, -0.17595332271058933, 0.13322614856827225, -0.13525974646525787, -0.10547662518212547, -0.0008413607749160655, 0.07238384106132015]
864.181980262338	(9, 12, 2)	[-0.3345869599292502, -0.05570335348255294, -0.06582311530667762, -0.14871066255846443, 0.03575678302615992, 0.0961661764019283, 0.002249008575661786, -0.06135529609140414, -0.12347513556785727, -0.005231564755182496, -0.1537782637823213, -0.2863178308505257, -0.04052803562257008, -0.12650360349549947, 0.1430074839731096, 0.4143572309893005, 0.20077058118544538, 0.02751013899352358, 0.16867885475890707, 0.2638883063786107, -0.07877817716227987, -0.23961943365967103, 0.14344588607896638, 0.05124556152038487, -0.06978960317133144, 0.00720876965812063, -0.015511132693677186, 0.3106625559346548, 0.12746577209867077, 0.12342931844934721, -0.09906135442004096, -0.14584552186993685, -0.2262935300461571, 0.024565569956358852, -0.0563787574037855, 0.02904440529492852, 0.07156539084879088, -0.008860752447328226, 0.12241154144243718, -0.2616712162479688, 0.1029477552605747, 0.15600987021963594, -0.1745955411900811, 0.06577069230291457, 0.17683497188753022, -0.06101491760464413, 0.21358506406409805, 0.05961807499857181, -0.16948256059364117, 0.06845868428464759, 0.1816560796551837, 0.05342825604671932, 0.0022745834928181684, 0.03134388928946458, 0.04909703920359229, 0.12013514194702808, 0.035116013002769876, -0.29728899102975603, -0.11438096655109303, -0.4691140493422217, 0.07485229835384694, 0.15580210617849616, -0.12474918367987875, 0.0716868136621586, -0.13513571469893534, 0.006791380128352096, 0.050577775465642905, 0.02575501703975171, 0.08454013581216735, -0.11874765669400213, 0.07011579039843673, 0.009804079106256837, 0.10037320353521748, -0.12811657947218008, -0.05101252041104354, -0.12717251400181181, -0.13446981924865445, -0.15500075519737622, -0.2221323730481929, -0.016097419597780945, -0.018248167840636216, -0.2551290606573552, 0.07430336255844527, 0.16999960826954258, 0.05738694772998381, -0.05394489104574396, -0.0802546128656053, 0.1991105129360936, -0.03474488484999707, -0.17043673390638148, -0.06106915197586639, 0.057058913608584255, -0.012550659557283378, -0.2971816429123081, -0.07370807413436349, -0.09598677689977528, -0.10419346358505868, -0.2513630836628074, -0.0015830141924993747, -0.1193852138513015, 0.12679568086732362, -0.12293536146683746, 0.026519434135580975, 0.017131465743765662, -0.14082018135116559, -0.051096009524994976, 0.06439685280708289, -0.053425817849339294, 0.0004780905693852148, 0.14546043063282488, -0.26050089748046984, -0.008226726150008369, -0.24894630494932535, -0.024904583787250977, 0.15016271320667432, 0.01262668279289894, 0.06289369974877575, -0.26431078076392023, -0.3513465460092503, -0.006447297813242117, 0.007526547697966415, 0.23238281870016442, -0.13377833844273473, 0.07020477483519447, -0.09652187208254642, -0.016149168230306574, -0.1168500430870611, 0.11517511279479137, -0.14169227229157108, -0.10593143689674706, 0.08101049986765214, 0.06151189898061843]
971.3258772907924	(9, 12, 2)	[-0.3521274237957669, 0.0659836843014746, -0.06508280306059537, -0.2504725207147986, 0.06462870104136798, 0.08824390401894941, 0.08512031198825833, -0.10440844266454857, -0.10820473424076953, 0.02151290470812253, -0.16922598851072498, -0.28302550079239586, -0.07831190977691548, 0.1627144514780701, 0.18783326154531788, 0.38021245982091084, 0.2255422010611197, -0.04408013196535038, 0.34295284780869223, 0.2456746903804899, -0.07418355380792997, -0.26484466828420145, 0.2019402189102319, 0.021949874954021033, -0.07630478069026475, 0.033842187491792575, 0.10977438820378223, 0.30901853724851536, 0.07636335815364229, 0.12464888406567516, -0.20071068372582937, -0.1227760960245377, -0.15236748104749107, 0.019413370860752826, -0.055190108965153764, 0.02861462333369198, 0.07259499878142821, 0.016024115624259982, -0.006756153802824405, -0.2537071917768433, 0.09089668791996264, 0.044356011053519745, -0.2112308324238289, 0.030688415327699215, 0.16753340233417174, -0.07385942755026287, 0.27198135913645216, 0.05027459593110553, -0.3392710260096212, 0.022666017272300838, 0.056380062670804865, 0.02340102018604238, 0.036193752448092115, 0.00569803394706098, -0.002825404469325327, 0.10350529641678441, -0.016464260877622205, -0.30593573636712756, -0.09212120615295076, -0.2637696634656564, 0.058241412247806615, -0.0014223097463902379, -0.1067109567179074, 0.0809869575053053, -0.16226170077143326, -0.036973351004224955, -0.037246768065548955, -0.0030006772740994174, 0.07485587935976475, -0.17875968502225176, 0.05464645640008299, -0.003393998725978709, 0.06746353870335682, -0.13480067398611334, -0.013032615411819264, -0.1305565014738347, -0.14821865287515912, -0.016757938290676906, -0.21019063131162843, -0.024659507502323652, -0.023730234275595324, -0.2507706837103252, 0.06402729770066914, 0.164807534182038, 0.11137172883700307, 0.016975855140581364, -0.048644142897094456, 0.24060430799313565, -0.013981252323271506, -0.1252190118151219, -0.06795251326336267, 0.010175267283841659, -0.13529099101606312, -0.3187151355854341, -0.1265121184093426, -0.062280630270560425, -0.054503631304008565, -0.23403918461231613, 0.0552275115106728, -0.21253859412971998, 0.10628948909230473, 0.0030948284131144858, 0.03581869651105906, 0.062212811172224596, -0.14370825576868393, -0.02232034911150797, 0.0514383599371333, -0.08083397993780486, 0.01586279964387049, 0.15089977492755846, -0.24125455430642767, -0.02293860596683668, -0.2847344321859878, -0.09033951944106804, 0.16108363941807594, 0.05465872387241912, 0.05806382633130193, -0.15073417898744196, -0.16111950439172334, 0.1108249973711227, -0.07307036464358117, 0.2578342878213287, -0.11487800923657611, 0.09481718356337966, -0.07744095040927931, -0.03368889788506054, -0.1543387351051162, 0.13332463258132532, -0.1553236178454484, -0.10191814837266906, 0.01781499277421531, 0.0661698962485939]
761.5629944896588	(9, 12, 2)	[-0.37139154648533146, 0.07731720264259057, -0.051887227386767626, -0.1357127486198887, 0.06221391314251627, 0.11358307459399188, 0.05527647879996749, -0.13116896740205974, -0.15985305546704315, 0.04735215247442682, -0.16660886700198002, -0.2797730013835247, -0.06298381431320065, -0.11210557523395534, 0.1630250317480557, 0.3875974576442449, 0.18774260898854525, -0.0515491695951901, 0.17317597151051314, 0.2209474843169144, -0.0629376252627809, -0.21693187263435304, 0.10839300891067044, 0.02497752490180218, -0.10783580639034376, 0.013882728981307203, 0.13882259635030156, 0.309519359667008, 0.2634112183924548, 0.19771312322452925, -0.17046154233966654, -0.23335430773811972, -0.18423239138099104, 0.01881728299636864, -0.014695291928202932, 0.10002924330195351, 0.06330098154315636, -0.004027767750107568, 0.17066082343521455, -0.18369581223647286, 0.11256671494407973, 0.0714058230325885, -0.19740345439032828, 0.04927383598829632, 0.17088926632469748, -0.13873260611033353, 0.2974534931279563, 0.06861347399018261, -0.2063842523300293, 0.05375000704468368, 0.048155436565995705, 0.02357768356827536, 0.04959412478200123, 0.011131391815420727, 0.016401902981633337, 0.1648776253216573, 0.015577367241968836, -0.12216439468505169, -0.08944664954360965, -0.2510894206580681, 0.2780111579643167, 0.14732096189135002, -0.145454589012865, 0.10361539230506742, -0.12104562850152983, -0.026319707438890234, 0.012597523085455753, 0.01867899273402509, -0.02246917581856578, -0.11082563415801268, 0.043907072060284345, -0.01087484599561576, 0.07148274734795215, -0.14776496071093104, -0.042353145601113446, -0.171641409162416, -0.1633430880970655, -0.021818938242733447, -0.18367804635492901, -0.0047559729362402796, -0.016427339104635952, -0.24331796867412558, 0.06134282351026406, 0.17266280372151624, 0.08532740739266109, -0.04671696153334754, -0.0581210698070721, 0.22997904864585453, -0.054819939158507316, -0.15625996894811817, 0.021420790060242844, 0.005866810311651684, -0.12752423184479972, -0.29070781163827614, -0.1665932658661558, -0.2340858111340615, -0.08969558322700678, -0.31440843772908283, 0.010995519511118311, -0.18822269513777956, 0.12258849446003749, 0.005784545615098778, 0.03901248784948273, 0.029386876631438665, -0.14162288469998668, -0.03308098689950363, 0.08297595107464525, 0.010417681465810562, 0.015565872156283175, 0.13787363989926324, -0.2665955360341463, 0.015343085838257713, -0.2638257999299179, -0.06068147025207858, 0.16136721036520926, 0.06411945270040556, 0.05441001195077782, -0.17525608365602768, -0.1355092928108924, 0.14486993425523445, -0.08100257486058796, 0.2527888156784398, -0.20594447261191284, 0.010392534540007393, -0.07251862766675345, -0.03301919084628253, -0.20324493985364628, 0.11346301944227066, -0.1628410307313055, -0.10072887132698682, 0.05474959101786523, 0.07382285752823281]
759.3330185794944	(9, 12, 2)	[-0.37807195472792404, 0.02945694906235463, 0.04895950643791038, -0.17454305053600258, 0.04998227506494367, 0.10809860569136007, 0.08540602115818632, -0.0884602592752885, -0.14284099757308838, 0.0011178730072388611, -0.179007856849849, -0.35497311149801486, -0.05278575073493709, -0.10208114968575038, 0.15916050651674477, 0.3737353393915732, 0.24876450218565874, -0.0346869116419176, 0.17018685507812747, 0.25589883671044744, -0.07859442639673797, -0.21889484084781116, 0.14999496556233807, 0.059834849537210244, -0.06682226752961526, 0.0019416567324991635, 0.0967508867839335, 0.31141951865432316, 0.11155176768193886, 0.15889000390978855, -0.15572215884905236, -0.16261574760639236, -0.15683196264442362, 0.013260773125085584, -0.05358445594818981, 0.1070516070396144, 0.2246763726179918, 0.024460228518726358, 0.1722376925244021, -0.2746815859275537, 0.26765272742560026, 0.15666226165519637, -0.3120313589688733, 0.03367173107641136, 0.17457919483564116, -0.08197922483019068, 0.2325632085081968, 0.03146854935064139, -0.09413056639320705, 0.05186535536379188, 0.11430891138153022, 0.03229480838538333, 0.027378571143179476, 0.03623179344370608, 0.008569490605907787, 0.09204393994747462, 0.026918723073488894, -0.31162811252437117, -0.1074495834628116, -0.2566447893273356, 0.05637725104200124, 0.13535699392331718, -0.11194848182252531, 0.07659037205046122, -0.23632516992782293, 0.07261766689421925, -0.018340239480582148, -0.03157889912682721, 0.07150699151688145, -0.17930981628001305, 0.060714143222782985, 0.021188218209629312, -0.03635153872777009, -0.12770870611895702, -0.03688288699794812, -0.1564624172440564, -0.1342710660696835, -0.10702388897507953, -0.184229896768355, -0.03213523751382774, -0.022297033582345364, -0.22092142785152794, 0.09851812323244882, 0.1650765127455602, 0.07029540769104636, -0.05248598475747068, 0.06723703137111897, 0.21215666883700796, -0.014647071687645239, -0.12590619316476823, -0.059170891361280696, 0.030855018042620343, -0.10542004761659945, -0.14888540122219235, -0.1709645011388891, -0.0009968585368742636, -0.09989526424930359, -0.26735165548392065, 0.02285499300227575, -0.1995690654438659, 0.13786979715836528, -0.043065241475658655, 0.027507640599118963, 0.06764773170657629, -0.1083061385785351, -0.033467306001785505, 0.0631033996616721, -0.06887688456053877, 0.026022214977806428, 0.16505022505194583, -0.25809518787823993, -0.026267478422595643, -0.16840807207780856, -0.05945720856822516, 0.14376081684381956, 0.04908107395641704, 0.03996483573262816, -0.2268227920885077, -0.15637817250395794, 0.0958213346084377, -0.028023517917778774, 0.2603564901985626, -0.17466024877212039, 0.21415795637760449, -0.0974026810267831, -0.04710655478240466, -0.14438904218345142, 0.10803974447750955, -0.21461184922886456, -0.09548683635667933, 0.052674031561741885, 0.04480874373127676]
1322.4009053724974	(9, 12, 2)	[-0.34359835764979996, 0.07306472850267418, -0.05729596046756375, -0.15741792406900829, 0.0399514904218111, 0.10204068697096395, 0.04747484712602292, -0.08053200004137251, -0.14388738751760438, 0.0007215913965317345, -0.17069106739579776, -0.2867610227244888, -0.08841801219017968, -0.11296529235133936, 0.13181728432387363, 0.40516592588905587, 0.24162187629122076, -0.04344385702029641, 0.18513123232846143, 0.25122622118203425, -0.08313949460473455, -0.1964661384696683, 0.1563071195926382, 0.12525942833728573, -0.07240651485075626, 0.003156675886086742, 0.10424245031065832, 0.2749207993265822, 0.12377339305261358, 0.12355097038425696, -0.14077760957318738, -0.20101371071792962, -0.23165993165292523, 0.01389923467604093, -0.04815389170649566, 0.08150876876216047, 0.20948590980467946, 0.034257351964543124, 0.04999049793161665, -0.27107205575466603, 0.0938395713173579, 0.19639919751382218, -0.27211635751918073, 0.03926600621059193, 0.18443135528920587, -0.07210305601305711, 0.23237072146330814, -0.02898573412810958, -0.08714932057205527, 0.09739168113031202, 0.14080058586727856, 0.07851084015028181, 0.029953720040588164, 0.03337574482946244, 0.025969649337725026, 0.14993035225678203, 0.023146134563458588, -0.31198589126170173, -0.08473419884245756, -0.24343901707894644, 0.0628845241554576, 0.13839164329147557, -0.10809185184534348, 0.09087241879696636, -0.14220540005709925, -0.011965090027070153, -0.00183455706631436, 0.022974680277050064, -0.0164988536976229, -0.20812926623872674, 0.056975643506588736, 0.06630158462246181, 0.10029250957632373, -0.12887790411992972, -0.04562823992786213, -0.13001682491502417, -0.15443087289035415, -0.059937726685931274, -0.18265991253592978, -0.08882321631271996, 0.004774646166336922, -0.2850136857149166, 0.07070044092971298, 0.17164341070262795, 0.08041802316481333, -0.040327964802525915, -0.07126871884897425, 0.2236350382540997, -0.018103638183926688, -0.154391707957793, -0.041836978174014064, 0.025814305896283037, -0.0322867942904619, -0.27218509788647527, -0.1268337084649604, -0.050208316677298664, -0.09466706028543147, -0.27480093021721014, 0.03689832730914521, -0.18609813106904652, 0.15633412432811936, -0.05217111263372108, 0.029658196060377902, 0.05794082340124242, -0.14252588755204876, -0.010485590544770579, -0.00023510596204937007, -0.07424540203609023, 0.00976031831026268, 0.14771925775591888, -0.24699157234164487, -0.023411538377448922, -0.2507257464402849, -0.0937680176251667, 0.15874804054298566, 0.05606632660961247, 0.04886659822665898, -0.18930369634135052, -0.0450607089178624, 0.07512854302112937, -0.05046145371283764, 0.2388923088267061, -0.06080878348453342, 0.0740340267797686, -0.10310123935457845, -0.02206569497202752, -0.15255443756461642, 0.1078616137078417, -0.212176876193591, -0.10853105526094753, 0.059253287591097256, 0.05281902452985732]
643.8556357879936	(9, 12, 2)	[-0.37026348708873874, 0.03425419882167001, -0.0626285861092559, -0.18705796545504494, 0.0423018502407409, 0.08154856349452941, 0.07294426638546075, -0.08351420634636512, -0.12025920367929684, 0.01179444826089055, -0.15125512442611327, -0.28286982184610515, -0.06340240517656584, -0.23924686407892484, 0.1523848328775428, 0.41011507005458814, 0.22056019334866026, -0.03087933848836731, 0.17639246912731332, 0.2259029764330962, -0.07887381793804793, -0.23162072293121916, 0.14881305348165433, 0.055142004232166655, -0.06710663454885649, -0.0013047718956097623, 0.07277455156615183, 0.27699717803774376, 0.13129899096203748, 0.16382480342664596, -0.07749941683191228, -0.14451311606356818, -0.19617350560309807, 0.016735028638435238, -0.055908739869528226, -0.012354627980882061, 0.059499666033635906, 0.008921073780063257, 0.15844147134972675, -0.26839746868301745, 0.10347739190137739, 0.12377953409840368, -0.2793040599274953, 0.13216410704907866, 0.2142711464859751, -0.07679697540797609, 0.2355003361016435, 0.07367353936670429, -0.19397578994585876, 0.06996584997159824, 0.07751460967343458, 0.049942998196525944, 0.0328616241241747, 0.034989395823736294, 0.013166494831450878, 0.13714968617083417, 0.007242284428770363, -0.32546409582348435, -0.04927601220458555, -0.27898696352982, 0.050139436778792665, 0.14435457635545204, -0.12327464294492244, 0.051665133888666434, -0.16670340528411953, 0.13218893625742426, -0.0036844838160338105, 0.03471569469987648, 0.11468702517271548, -0.13229736553238608, 0.053228572387731286, 0.019939927870428736, 0.08268403084699721, -0.09371044921185542, -0.05347286243042097, -0.12881714716898596, -0.16071149722822858, -0.03670328155187366, -0.200871079361784, -0.023698585478365303, -0.025379432579945432, -0.2530083625100228, 0.06730413835858018, 0.2067905633546656, 0.08269338712052014, -0.044473809237890696, -0.07933786335969434, 0.22535871661349666, -0.027664142485460848, -0.13785298086641157, -0.03272999753001063, 0.010361871605857576, -0.12097898662302428, -0.30376603666807517, -0.2276108341141313, -0.07979463415956009, -0.10970722620311787, -0.3534054090534119, 0.05388747346031863, -0.18463928632674712, 0.10672461394721922, -0.04659624731837419, 0.05631648319835979, 0.04358314158843969, -0.14439182887895766, 0.0753711824676268, 0.08672325616078808, -0.04639616604403563, 0.04402055065561673, 0.19189226366507622, -0.2779387375597162, -0.029399435614295283, -0.27984771506304906, -0.04890569117874709, 0.12299624741747885, -0.13373302058641623, 0.04648923868353634, -0.2504284495566412, -0.10670313761541841, 0.08543322778690032, -0.09938373862343278, 0.1863480000018375, -0.05727888116584459, 0.12568837365810243, -0.0845165845226974, -0.006779965431997704, -0.1675534516036197, 0.11441362468747596, -0.13075145362409063, 0.011886623692784537, 0.07075716320444889, 0.09352875663483297]
628.2134758824137	(9, 12, 2)	[-0.33862069622360536, 0.060311014204427346, -0.02419756956159265, -0.1950419564860774, 0.04675921737411383, 0.10299709662380246, 0.06938676113035937, -0.20254479808409048, -0.14747314796930186, -0.008585323456041082, -0.15927059252718384, -0.289718593531499, -0.06868304891631011, -0.08941101179966504, 0.15306067531409392, 0.3884789935741381, 0.2087796113152403, 0.07824865692518354, 0.1688986053579642, 0.2723088375737485, -0.11113427453461337, -0.26889969661743857, 0.14956015558590519, 0.044615971779423017, -0.06684128346134041, 0.02050989443932979, 0.09722944083015983, 0.2524552952338963, 0.12331176089903134, 0.1302069458417958, -0.15964362228715695, -0.15970862139528444, -0.20389037820562098, 0.021047020343897466, -0.051832339653244894, 0.036542142350802, 0.09339126079153776, 0.006883471686828778, 0.11949029514832255, -0.2370438817556041, 0.09181210228243387, 0.1262518622941623, -0.24609984213192887, 0.05422669746210362, 0.17641883625119714, -0.09172854264201794, 0.2543315010001126, 0.13745655901810158, -0.19090144312655488, 0.08911100527051968, 0.02845485196767084, 0.05004224327496164, 0.000468949742308343, 0.02051587592876109, -0.015162976545478622, 0.24689751654737835, 0.01781159749689782, -0.31764116860553615, -0.09913551256648417, -0.29173293178358567, 0.0688815112512364, 0.1367787060347634, -0.13672235155189438, 0.042857233027168484, -0.14241508184245064, -0.0010547695842198467, 0.007875678418912412, 0.022807542316949994, 0.07638321420159808, -0.14146388383847375, 0.051599993061612316, 0.012429783833541083, 0.02865929741296669, -0.20020179276213126, -0.07709858109160307, -0.14484216859483373, -0.13321769840263806, -0.02859952901150982, -0.203370087650679, -0.03845565150890835, -0.020212868291764476, -0.2955787379929139, 0.04749201042386041, 0.17541849999904896, 0.0758991394575268, -0.05068027039723716, -0.07529822853085183, 0.09442232593220265, -0.0068494768743699265, -0.14687713150828402, -0.0684079902403156, -0.006367283862288497, -0.13965722203677264, -0.22327872920052422, -0.10471503023384902, -0.0477167629972336, -0.11856944909001985, -0.2852693893377179, 0.14671319032538538, -0.19486064847337442, 0.1155246958167799, -0.03497440935768896, 0.015782759975026543, 0.05206512847952461, -0.12414636250050623, -0.029403453235111007, 0.16938422489214972, -0.08763128650692431, -0.008458492038398758, 0.18470581441516903, -0.2715238300056697, -0.07948804594122284, -0.20504784737372767, -0.057368596741133086, 0.15499035166556743, 0.04982138762296866, -0.015333806682050139, -0.20187352829043437, -0.0747478122582163, 0.05826062214053301, -0.07294083121783129, 0.2556192234803027, -0.083344905734522, 0.05995205967570303, -0.07969638461043238, -0.078512438527073, -0.15000472668857967, 0.12947003864427295, -0.12263881384781328, -0.10733202986969267, 0.06795020429400617, 0.056807937966549774]
1146.7685796158826	(9, 12, 2)	[-0.33940376176160264, 0.11378618637427067, -0.08588763782007948, -0.261219376300336, 0.0016697640750425995, 0.18627867908993717, 0.05931088598659045, -0.09192319395454226, -0.1212676560408727, -0.012564077081175865, -0.16211484101367887, -0.22470089671602317, -0.07241536791664609, -0.10581003745334669, 0.16736318152432594, 0.401955417939437, 0.18814103170476276, -0.0317267712118168, 0.17160295673877238, 0.2528362882246092, -0.08163919231849742, -0.21903953748966726, 0.18375419897449946, 0.04898590710029152, -0.08360329173666822, -0.005202925848947513, 0.12432022774299947, 0.3141594198349301, 0.11437973360915482, 0.14526698666628407, -0.06857533215746073, -0.13930664111277918, -0.16244446789028363, 0.008083322831348038, -0.0555052482848242, 0.030924372097684873, 0.0920931803700887, 0.0012420140061779508, 0.17843892898844327, -0.28908493656645495, 0.045330285137022475, 0.09409843751049873, -0.2158677195480549, 0.11238067124300158, 0.20613363282991762, -0.1068979701686506, 0.21381964203690124, 0.007936792792783413, -0.19451374081506642, 0.08367705745063997, 0.07345573757859733, 0.03310979961616331, 0.039491520516443994, 0.0051327403751836725, 0.020998346624072246, 0.07759332887170507, 0.023587165446324686, -0.09887370781133645, -0.08359720055003025, -0.269348239762669, 0.12242825870501614, 0.10941385017462128, -0.15271416511020364, 0.0818450736617488, -0.21247569558370386, -0.060208139117194116, 0.002308429675056538, 0.04712349640526883, 0.057618875215586104, -0.06836809533793979, 0.022309871867163714, 0.00641482436077568, 0.06826810786574894, -0.15592593914891908, -0.021769201428318775, -0.12970542112193212, -0.15831596677263327, -0.08004434544505637, -0.188276671053272, -0.031083426529206003, -0.015573583780929268, -0.2539639278261846, 0.077528618112855, 0.19906640160613667, 0.18265111420238148, -0.027285053301916953, -0.0853949056126305, 0.3062264601808383, -0.022116309274087247, -0.09949422569726207, -0.06706214144430932, 0.0982292124288848, -0.09265760488330706, -0.22190545242509552, -0.1727818104839513, -0.05140410977519993, -0.026580749935057445, -0.2911951274373581, 0.09573929656555064, -0.21099757938302843, 0.11909292491356475, -0.033509162716663994, 0.12915142471317642, 0.05520184006000521, -0.07386322206114633, -0.016586660585161058, 0.06891530474783798, 0.038624003456663475, 0.02351792713355802, 0.16325154890570243, -0.2666161341244038, -0.022727825277054962, -0.34476022451686994, -0.040997387080688286, 0.1388586523157268, 0.06396303353495661, 0.06898578365168904, -0.2077774587154455, -0.26154877455848247, 0.11976183408026567, -0.08399199824775963, 0.2564931012877062, -0.11944852084135653, 0.08446388827714278, -0.10858832188000545, -0.03357049407887273, -0.17266978625287266, 0.12387887350156247, -0.12039976025289886, -0.12212608547807058, 0.06516371172385162, 0.06419797207326397]
904.2487830170066	(9, 12, 2)	[-0.3408793576713257, 0.10514964405312714, -0.0624610047367333, -0.20098934874384322, 0.04885614893779116, -0.031692621328677215, 0.06100454390384607, -0.12087161876756541, -0.14587928972265743, 0.009984984235896631, -0.16163328745074604, -0.27270168974812586, -0.07384386991996224, -0.09476391468107466, 0.1709551112374855, 0.40062713105729353, 0.35478682976229803, -0.0428725892930141, 0.17344089261599638, 0.26441266189482593, -0.0838393199042097, -0.2233597048773392, 0.15357824257809874, -0.016093478626196915, -0.07291972799929489, -0.0015391826114089457, 0.09864645731052682, 0.32417084019076486, 0.10618150540247982, 0.15852694913199433, -0.1497919909824948, -0.17898935060831292, -0.13871843112609122, 0.0018555846808519703, -0.04991508896791701, 0.07359856169050887, 0.08267531698620552, 0.010609040155082754, 0.08348920411946861, -0.25382429832711256, 0.07477316886113657, 0.18336274679879064, -0.29559490230343977, 0.04023145291591712, 0.17979061695423856, -0.0974867883890306, 0.3212173661181688, 0.05021506066925512, -0.20393133503305855, 0.0811065534221099, 0.0538916981958392, 0.027729002093585323, 0.09992749356498871, 0.006783439008259162, 0.12810126582494538, 0.12432836247066346, 0.031495745910570326, -0.2168468328280165, -0.07746470593630965, -0.27875855802856453, 0.1374526958160941, 0.24192025350196814, -0.13225386575199471, 0.03672164309351943, -0.15007963765924087, 0.04002460223919682, 0.00045479802042729155, 0.034851846896153504, -0.06475204338651744, -0.06654889795730633, 0.015773207671353047, 0.03930479956209576, 0.055780525178433724, -0.13823212896441428, -0.0029563700788549137, -0.12842806192972853, -0.15485830070048623, -0.055470655749628284, -0.19452632771689365, -0.021961758165328058, -0.02074235047573804, -0.24738806305924121, 0.06246872330929997, 0.22300215848684984, 0.10561363177498481, -0.03327585870476251, -0.061294277985190077, 0.25829256420733676, -0.03299729161889898, -0.19777606644372786, -0.061965209796356696, -0.02703933845321246, -0.10175206343692159, -0.21324673940724473, -0.12966948484161633, -0.04277459036000064, -0.07822099492235396, -0.2960341977249433, 0.044993198145692255, -0.20297546270679886, 0.10374836705187937, -0.03522327335936738, 0.035021259279564294, 0.060863375518470736, -0.1182298269701589, 0.0010515100600699636, 0.08670122951253884, -0.046561388475153766, -0.03555537678970864, 0.18414119558111558, -0.25492760669772874, -0.02200451679872628, -0.2730367827124629, -0.05722444736573871, 0.14202159500926628, 0.04413298425438475, 0.08439469174027683, -0.1992616043288593, -0.05629963046554404, 0.07977472658612639, -0.09104989041965073, 0.2607831209367981, -0.13134065216480964, 0.06381773643011446, -0.06873248629527168, -0.025168734417627018, -0.15941624065696564, 0.11839710441492567, -0.14250559711961505, -0.1004099695956333, 0.04528094072526201, 0.04863770203123775]
1115.0871768079612	(9, 12, 2)	[-0.31083783171790835, 0.07335216418920147, -0.048089102382340126, -0.17250486445950797, 0.02657022592999957, 0.08873362646095173, 0.06134594254975806, -0.07609328075852242, -0.13976252828516333, 0.020336616785437883, -0.14770541998144968, -0.2646965194591659, -0.08912024374818912, 0.08558432223695546, 0.15697373838048426, 0.4112735986362147, 0.21692226145566096, -0.04425098191175665, 0.1962418483472847, 0.25508534725565235, -0.09922455951245081, -0.24848246367151983, -0.11974761717438712, 0.04662259945259096, -0.06162160604550653, -0.014854078328209898, 0.10990266373256662, 0.37680954610348294, 0.10118317847542009, 0.09738936101633236, -0.15940132605087048, -0.18008526767794275, -0.20468060373987224, -0.01570961359503202, -0.06604087551828444, 0.06611511336286525, 0.10914201862405838, 0.008330181056195877, 0.16945035404608444, -0.2434155850195348, 0.10441063692348003, 0.06073944326952682, -0.2708688841659269, 0.08524067077679988, 0.15842534127306018, -0.09365931783737944, 0.22544762691514397, 0.06288909674987292, -0.15193711270302007, 0.06398261242659659, 0.06713577618560311, 0.038995228887317504, -0.04026169223141133, 0.049559216264868436, 0.07330727111759247, 0.08806288435206591, 0.043823793854100526, -0.0756088480804804, -0.13981874766078278, -0.27779949340353005, 0.13220991543558575, 0.2155128880161579, -0.2814149193373882, 0.03548823610842872, -0.13907848241515622, -0.0033568896921027745, -0.0014266721165909027, 0.045247519982848025, 0.06366644275075974, -0.0962380700110464, 0.023938255360523752, -0.07466078230464351, 0.07368633648054862, -0.1397454974229734, -0.028360176658989232, -0.20927670165921486, -0.14921602051428035, -0.04055172446078349, -0.21366341915244938, -0.003930110775429615, -0.011721000473213472, -0.24248098316451017, 0.05717402871759794, 0.19062504502907449, 0.12445869830534351, -0.017619126863854397, -0.05366159011470538, 0.10961329760280632, -0.02350656037181143, -0.11705635424153879, -0.06166437778247254, 0.020721411645837292, -0.09564131188734812, -0.2444192954983918, -0.17171664554412097, -0.05100582324846934, -0.05583828728131329, -0.2894086049777139, 0.06155429288139646, -0.1903532220445336, 0.1256846831966083, -0.044173814140942576, 0.03989693109471064, 0.047556544103756544, -0.190411190590455, -0.00828532914597875, 0.02566867312886991, 0.014223710839183555, 0.011780812413916196, 0.15382148893160846, -0.26466043872778844, -0.0052861219779696215, -0.3063077673323924, -0.03764443825501471, 0.1503900943769085, 0.07205097723246645, 0.06094620218899573, -0.18645713942818382, -0.14250281707982249, 0.045177581755528065, -0.07663598586619112, 0.28268445923258306, -0.11058872792455159, 0.058864637685343286, -0.21132504796375673, -0.032259228794739754, -0.17900971605036908, 0.1292618767167185, -0.1334546658253526, -0.097844425028709, 0.055517195078177574, 0.06400491933362307]
469.3392234762062	(9, 12, 2)	[-0.30783438454047307, 0.08449271492827991, -0.07213777910805648, -0.1740819613869562, 0.01623014716350129, 0.10337266209508707, 0.06478337638957024, -0.08146193225490848, -0.13545804265897235, 0.009786380379083819, -0.06567858420046047, -0.29628893633183134, -0.05091341521110505, -0.09582490874735783, 0.15618452965890972, 0.43367194611728155, 0.2246831934412407, -0.042700442483897615, 0.24463112989713087, 0.236875608296217, -0.26679430595244846, -0.2690210512276063, 0.19476771150753786, 0.03780868739785835, -0.07355012667071847, -0.014217727614067336, 0.09967552861685305, 0.2656429207639661, 0.09160601565759517, 0.17472469747156608, -0.09172340981545687, -0.15146337318070074, -0.09726409229012609, 0.016439405378735096, -0.03963621372394228, 0.027751266747789178, 0.05208220792548729, 0.019897372176806503, 0.1662726203910604, -0.29478378328162175, 0.08411952820361229, 0.11033328599328597, -0.251222071089802, 7.848971108224707e-05, 0.1874244928217021, -0.0959775653996682, 0.36605729070608356, 0.061819202854291225, -0.21826747635382468, 0.08372737348724357, 0.055161147904931505, 0.0741487821915186, 0.07699897937928823, 0.03790040502508674, 0.020826589098170898, 0.1207965520122857, 0.037844189259365765, -0.3064924861797985, -0.08016763544914172, -0.2683530843734132, 0.10456103303664924, 0.16534890126648005, -0.15956065327056343, 0.05414909821950954, -0.17010174566099726, -0.01891872863151611, -0.060274282768399405, 0.040597442414871746, 0.04811383183285977, -0.1519743619932735, 0.032530192335527924, 0.03325459824475893, 0.1412908952244174, -0.07928482750966218, -0.003135084644702563, -0.1454417506663927, -0.13816454240877987, -0.0181940804283059, -0.197095266699717, -0.03425699937924247, -0.01880456528945592, -0.3063919460182297, 0.05041048505859898, 0.1609066560365284, 0.1559423982355067, -0.02398331557252444, -0.05238279261166014, 0.2337128220213508, -0.05245054901981824, -0.13479313280894606, -0.04631644110160846, -0.175839420040892, -0.10424142218102331, -0.37878943403547516, -0.11132667448557151, -0.06201556269885371, -0.05940480997688828, -0.21029240764191526, 0.058423585389703644, -0.18575575739604797, 0.10642627275922333, -0.04401348529903999, 0.02672184835155529, 0.05663660373040601, -0.12748238940408885, -0.00902345592056191, 0.07848310919503787, -0.013421280999801194, 0.010560042678245729, 0.1628546447701033, -0.2801408581328928, 0.03554600712823501, -0.4984621769894601, -0.04468572518288748, 0.1426716918829205, 0.024897588359421685, 0.04637028792396865, -0.3326189694774191, -0.0954104300118271, 0.09566018849835195, -0.07552361262017115, 0.24144056552188217, -0.11650381290297368, 0.08110617293661286, -0.07083935349519904, -0.034265204948069186, -0.13825223415362037, 0.1393652173059454, -0.18189491565671256, -0.1025924412254959, 0.06400992341338448, 0.059845208659030744]
682.6325966991197	(9, 12, 2)	[-0.322803211222928, 0.10066313678835959, -0.05677214168426451, -0.05711231578216792, 0.03875571917941455, 0.10146496299985651, 0.06107126696646784, -0.08807535742025574, -0.13491348044495302, 0.01588939992583959, -0.16701540454980798, -0.275926246579437, -0.04385770509637372, 0.06298776263168152, 0.14217714477547852, 0.442848678842601, 0.14452373319903083, -0.043143419432390646, 0.07126355547199177, 0.20208033211968138, -0.09551951403109564, -0.2705857308803337, 0.025863617543305194, 0.04885934982659074, -0.06145037341946517, -0.010459672635437896, 0.0882632580310854, 0.2941292797482286, 0.0966804695275185, 0.16064719847064804, -0.1427604780232238, -0.17667944833516305, -0.19117607487881644, 0.0015076816573845176, -0.04813599218409331, 0.04704098907193381, 0.0784812515451142, 0.019210147624633595, 0.15446698419038127, -0.5082771902813678, 0.18501402935051087, 0.0836414639616116, -0.25734838025566814, 0.008912291307871488, 0.16988644542225656, -0.12492117971876615, 0.2626917443923177, 0.061627493087617766, -0.14797969907953623, 0.10899965776754397, 0.08062702320366935, 0.09666688380704165, 0.055841660613658105, 0.02358736331649745, 0.04991831401446751, 0.1377351966094203, 0.04266077805244041, -0.20146483321738545, -0.09264773093288511, -0.2678110419514163, 0.11719226154650494, 0.18800404240874916, -0.19363739345834857, 0.01248355365906962, -0.2937477301293311, 0.00862415617382304, 0.012269535497380756, 0.04381299446783275, 0.06370432045965617, -0.11396686773826069, 0.03367924315399768, 0.0048526691389017915, 0.041385750573130244, -0.08636318209354982, -0.007999937555047052, -0.1353855316947979, -0.12456318751689871, -0.043523917008566664, -0.19637593531900002, 0.0009558359930515112, -0.19876172360636804, -0.23707861384489304, 0.023262239545890788, 0.20284982764773038, 0.08928540344193217, 0.0037376042523178978, -0.0878837939705761, 0.2521823087266342, -0.05373133766334876, -0.13502622678415852, -0.08499780712788074, -0.015309350531918986, -0.09482510714118139, -0.24538004839106492, -0.15932531155788038, -0.05655791831041228, -0.061504698959483746, -0.2771789199520619, 0.047431784592288535, -0.18198202709364114, 0.12239154611629838, -0.03700362951238821, 0.02546334355631972, 0.05672031247495353, -0.15780305385430882, -0.004733962104778903, 0.07380552980942201, 0.007598142663811489, -0.013317175957558021, 0.1894596957787664, -0.2657566478909215, 0.031183909867738686, -0.2688713674174971, -0.01351231804676448, 0.14453663985714957, 0.03687161069430961, 0.0375667190655601, -0.18338311831324602, -0.15643818861399478, 0.08551261538411034, -0.06826985099183645, 0.27323743770807674, -0.10947618989699293, 0.017880718242403462, 0.07275839670297606, -0.04835726569747421, -0.1847645511131143, 0.13951356316899124, -0.13209142137221835, -0.10416479229305424, 0.06157660760696557, 0.12600667326062634]
885.3812112308882	(9, 12, 2)	[-0.33027763232391116, 0.04945727582985432, -0.05736365450598913, -0.13639609124201751, -0.01119521431350147, 0.08761898059289663, 0.06893982929397478, -0.0778135932796189, -0.14171059671626798, 0.01736663879331569, -0.15926283392754664, -0.2382389810680281, -0.08808889576538276, 0.05480819999468638, 0.1654247088701451, 0.4027354223788727, 0.23268677131511534, -0.041852637023411805, 0.1848649001710788, 0.2598546411715377, -0.0955958319325337, -0.24462650800703364, 0.11051928232858438, 0.03898153853956093, -0.09116039339022056, -0.012093158950629488, 0.1014232421275274, 0.32991090196327344, 0.12313143491740525, 0.1711499593249739, -0.13663612903431052, -0.16049534560503684, -0.18751300055289494, -0.1496008600906139, -0.11462420358996797, 0.03250987530967186, 0.10072652297107638, 0.006304766926550568, 0.16505132071195894, -0.2705036615493911, 0.09760454989144476, 0.11201973328441364, -0.2502361594643572, 0.040687797844659236, 0.16082932304341838, -0.05409729284422182, 0.24843362154702878, 0.05160977396858353, -0.2409784200050004, 0.0681230544590618, 0.07916490396695532, 0.20617238134944202, 0.058658026791268705, 0.03612229709379128, 0.05240708666476553, 0.10680765513480456, 0.0823046902520792, -0.24212333843585687, -0.11532332384749575, -0.23691762091807136, 0.1269131964189461, 0.19489245030148925, -0.15787349360753095, 0.05719436637018708, -0.14666050219070162, -0.0019896282730641496, 0.005200353152596036, 0.03538400980985676, 0.05300819376108572, -0.10755644957275512, 0.03453512427602603, -0.012404268490876492, -0.0038361631989064296, -0.1313694170850488, -0.029662082081930052, -0.19019065416060982, -0.1455833846443232, -0.0820354885702978, -0.2008246676598048, 0.0025250740793741847, -0.014458872887285364, -0.26596163653336913, 0.05728452660749894, 0.19391325834308754, 0.08008476309726291, -0.04192414293549883, -0.055858769287189705, 0.12084005714472941, -0.021979173013023046, -0.15205852259469677, -0.07958042723231916, 0.014385496967263925, -0.1164676233761512, -0.32525194635363047, -0.14449488941141586, -0.027737103953784235, -0.06037478022109298, -0.28588621493040933, 0.06887421246191563, -0.1989693635424402, 0.11586576437363122, -0.04022445241710061, 0.10060912436180057, 0.06895735779483259, -0.1488056363182496, -0.14133361347920695, 0.0875531815727969, 0.009650566032714528, 0.008579757238074215, 0.2449740265846485, -0.3465064052310131, -0.017387005577997834, -0.27250021481361386, -0.05858811052254266, 0.16244873544032865, 0.03010450941586367, 0.08238644496761857, -0.2093076376308646, -0.13902959263380962, 0.07346245219392894, -0.07028962846438117, 0.33411549840707955, -0.2107114080238484, 0.07003143541873871, -0.13758633336906886, -0.022803842769533407, -0.1762991341293993, 0.09853284726002835, -0.15185579453827636, -0.10237775404915395, 0.06963765309011942, -0.001848409555324213]
1127.0948423726306	(9, 12, 2)	[-0.3365210993982234, 0.08500201697151244, -0.0770000882639445, -0.2282907830975022, 0.016196343796205003, 0.07128091262691078, 0.06087075152322245, -0.08860696430549457, -0.13885936296197435, 0.01945747066221973, -0.15746821179774623, -0.254174226330674, -0.08489591985617612, -0.028296458694174857, 0.12704136574467279, 0.4357915669103036, 0.1651378276598018, -0.042858475885458984, 0.07372132736782969, -0.050162787628727334, -0.09131448857398519, -0.25985049732540466, 0.04000318562623917, 0.02861800619153942, -0.081668350878589, -0.010920336477589072, 0.0986607175226344, 0.2980117401293401, 0.05452381078815874, 0.14721105597625062, -0.13285726965233643, -0.17215443322001242, -0.18883127069021124, -0.0037629369751501487, -0.058795415399266915, 0.03553677260146902, 0.09283178076796479, 0.016699981976782907, 0.1910272434335031, -0.39662288035084725, 0.1609457226053428, 0.08594449126927993, -0.025313436298494474, 0.13736575196519576, 0.18724305992155682, -0.11641969323381249, 0.26311595772589613, 0.12883796885762575, 0.02340595993023828, 0.08697526568548578, 0.07197002064356328, 0.08561587399083001, 0.06466238573258441, 0.0011337721903660128, 0.050303454690071296, 0.12030542439874413, 0.03966977827911122, -0.20947691639338933, -0.0949436295379435, -0.25481346590682663, 0.015284212647797234, 0.17537710987489874, -0.1695036837826919, 0.09560616591620533, -0.12804739934651294, -0.05680979408195767, 0.015688048326568026, 0.04828246929627796, 0.06111325106575711, -0.10924029198115218, 0.03491624173098906, -0.016761450264874356, -0.028938597230845187, -0.08669171573216308, -0.02040816052609918, -0.13693311724682605, -0.12605878613652333, -0.041533539032751254, -0.19656061887922402, -0.0014974562065341273, -0.05983638811636689, -0.24386000181944006, 0.07597620382619615, 0.18126623565089628, 0.12177465243402141, -0.0375326420148018, -0.08593415264963356, 0.24992441589350173, -0.11832533681658416, -0.1331963756315687, -0.1822334621257049, -0.049553461549392254, -0.10072311072173021, -0.26155585194567965, -0.15644794324852437, -0.05608222603507937, -0.06535223724037337, -0.27320322479551623, 0.15308426503091488, -0.19570848307810665, 0.1199408854315432, -0.040081645250209116, 0.07209611254420681, 0.055387308079017386, -0.18435007661124786, -0.004499963750211831, 0.0738828985129959, 0.0033665954066932724, 0.0028504570027721296, 0.16273300185201675, -0.2595933109088081, -0.009804896995465886, -0.28897867587448045, -0.015254348195492278, 0.1540438555434088, 0.05415090030416784, 0.04796115912545368, -0.18574710401726835, -0.14006034914176194, 0.08712112706634652, -0.05047005990777444, 0.3136163636169742, -0.09741632293304178, 0.0636840687835665, 0.12018241134021354, -0.19609010650125627, -0.17249288980919775, 0.13465366916469268, -0.13550807739512644, -0.10238583272279049, 0.059691507266508924, 0.08507094970631524]
1047.0219660962298	(9, 12, 2)	[-0.36883753424802657, 0.0778797048476383, -0.06355420482862927, -0.23410507236752653, 0.06012947295929858, -0.027634734134002442, 0.07986361772423721, -0.0820736109206594, -0.153117074815299, 0.015766417516348594, -0.22858129349015616, -0.2643991816908279, -0.08221365231639129, -0.1394777270161582, 0.18129142033407508, 0.40656742974384713, 0.22735947904081832, -0.05010884285309548, 0.18218271908291284, 0.2511041402674128, -0.09752430760728736, -0.23535186818406126, 0.15222916575013334, 0.06269600256808797, -0.08433340821784381, -0.010131264740540121, 0.061690786840182, 0.2908701801827618, 0.10258781918411912, 0.15554390925982933, -0.16506247278751424, -0.07047048911161065, -0.15992087098341154, -0.08240580299855471, -0.028515537014288175, 0.050218953747592394, 0.10204742885086554, 0.017609314231110333, 0.1764665141487886, -0.29268265376226393, 0.07531271804944087, 0.09228902706970554, -0.31184445927939736, 0.08461840015450234, 0.18027951099216602, -0.09670641427839455, 0.24589257038674628, 0.05712045443617898, -0.21759938965319037, 0.06799221608821689, 0.06398999696875017, 0.06457179708529408, 0.08975709815044824, -0.006814121594582542, 0.036952807267940244, 0.1182899746402418, 0.06493355902189209, -0.24612817626684672, -0.11845037087954456, -0.2699770443876703, 0.11488774843773494, 0.1428008904392626, -0.1792772313169146, 0.06882684796515974, -0.1550809003730162, 0.042558717941653904, 0.004689266697321148, 0.023329435164335513, 0.04002981941625245, -0.13020861855466107, 0.04794165673380915, 0.010971463432094914, 0.029166790645528715, -0.0983889981418199, 0.020042847873487563, -0.10259597678346094, -0.14413258336988036, -0.09488764279933684, -0.20455172448454767, -0.0036665038873639525, -0.01639769507241554, -0.27500004097925046, 0.07946668172852761, 0.22026072968127178, 0.08808287421001997, -0.04316662033231732, -0.018058305695143655, 0.18104173322965028, -0.02950199128643323, -0.13438780883627222, -0.046273110694882325, -0.05341295574660727, -0.061895551439747176, -0.27152314023086155, -0.15711875483443272, -0.06378342666902737, -0.06932870455279674, -0.27931249287090576, 0.07253556224723387, -0.19288233802169694, 0.10526635754145129, -0.031695864659975155, -0.07038118006766524, 0.09750380877270182, -0.12873414149088844, -0.012174079138930564, 0.11416748615448666, -0.053833123342818485, -0.00340516432082467, 0.1761148392473576, -0.2606936938363704, -0.056005323411955604, -0.2453265419030936, -0.008691850518998994, 0.1639414000556243, 0.016864933187455845, 0.05332317878770315, -0.19785545891139455, -0.16074977671058002, 0.20853008198879583, -0.19670587377926588, 0.2627195061282167, -0.050625232438877364, 0.0867855853384244, -0.0541788599116689, -0.047371654791009694, -0.1662099551483171, 0.14812500546073692, -0.267832997087447, -0.0681993894076861, 0.032428648651354045, -0.0029273181659308506]
904.5130878465336	(9, 12, 2)	[-0.3315868896537438, 0.11739611200224236, -0.08391634387375237, -0.1883535172153527, 0.0315949561531933, 0.07688409290784413, 0.06633649477439797, -0.07081678237262568, -0.14804979978892388, 0.05980401746357916, -0.1822698657161447, -0.25566641271456847, -0.09388565324665678, -0.0859319713957122, 0.15213184506224853, 0.3717143118071359, 0.2213023820948145, -0.04530912904458334, 0.16347485604157946, 0.25245346258500323, -0.07745364155692125, -0.2489050295006467, 0.021350818479119044, 0.04293522255964362, -0.06923426552664408, -0.006095917430023166, 0.0913610602841734, 0.3047423329200011, 0.09577547944699125, 0.15462648529763928, -0.1538093400353602, 0.0021678134977483193, -0.21356872238455274, -0.01654187878712319, -0.03256464888016495, 0.03003958272752254, 0.097635977760611, -0.017286313806453287, 0.1502831912606474, -0.2603518015811468, 0.1121333377261649, 0.11581642110660251, -0.2509995634836226, 0.15840835628673888, 0.15370666880659553, -0.0027107950443700825, 0.24634274532912437, 0.03127750051799635, -0.21969957582511962, 0.14311707135205512, 0.013895430726685955, 0.051139808183817234, 0.10794082389007752, 0.014828626453789797, 0.030695716695413024, 0.10532630419395979, 0.0008108654758657216, -0.2519457455122201, -0.0898886504600359, -0.2546199142037528, 0.10498257019962769, 0.16381017948329343, -0.16440387090586223, 0.05627904665687577, -0.15537346613699526, 0.0071694728083594485, 0.003285439400082818, 0.01124127808837521, 0.0696147538865772, -0.12173782451199597, 0.05393745938993191, 0.0661245144004871, 0.09069668922665183, -0.11261526794858166, -0.030167613043849836, -0.07227908667986918, -0.1404066297874752, -0.09425497120909596, -0.21848625765855328, -0.0375064665169957, -0.03705107870722342, -0.2752163818012179, 0.10365812427132563, 0.19188108205576931, 0.08706928665457558, -0.050298499341146254, -0.06378863117515635, 0.1993153625030737, -0.09545709411533987, -0.14730326494513968, -0.00031225544006603656, 0.016802715914186986, -0.09689753479501301, -0.27657627678761276, -0.13920139492331, -0.04005486425401837, -0.007208957186101914, -0.26472950032472986, -0.010433809311610434, -0.2066812923873213, 0.10243257776555557, 0.01745491994771125, 0.011258987895456065, 0.04350717550840784, -0.153987783738753, -0.06857334350396428, -0.07524003046309757, -0.01731581142188739, 0.004696242408430527, 0.17612774114226667, -0.299234695475835, -0.05963140685137823, -0.24710378980594377, -0.06039305096350959, 0.17278714350123586, 0.03538696267572332, 0.05355172766579677, -0.20193727759698304, -0.12705575225025562, 0.04122254524777717, -0.07689240825598667, 0.2840923690256101, -0.09989922784251248, 0.08474117558382402, -0.0880400171540868, -0.04509813843412147, -0.19897576119445085, 0.1168782679608632, -0.15559095514639854, -0.09122904074202698, 0.05091700715722547, 0.059254603185269275]
733.4993593745581	(9, 12, 2)	[-0.3851261675367758, 0.076954942497884, -0.11469283085384405, -0.22014218677058112, 0.1688702788386515, 0.007312309678808801, 0.06342114669089091, -0.15593635548226897, -0.14576709507595284, 0.01850369749576847, -0.19379721670022382, -0.26625775029058457, -0.05211058426240915, -0.062360681280305294, 0.1662500211788997, 0.39285764238611487, 0.19403124737690736, -0.13184129640877157, 0.20799371540609607, 0.2416680587155427, -0.08049673136142207, -0.26412671312531477, 0.15846203284242716, 0.02549624209835555, -0.07990858732543718, -0.06136412788108615, 0.11540781046180824, 0.26437993130916787, 0.09420650137336117, 0.13946242638101986, -0.05840421306007125, -0.11384928767665314, -0.1509989064218639, -0.013097966940396345, -0.007901887603306157, 0.029254216236676067, -0.012538926408601995, 0.14238895130064372, 0.12546571453349492, -0.2973374023413915, 0.09196505432409298, 0.11959147542768139, -0.2383840243954739, 0.08472701904859933, 0.1761705293507702, -0.06201146817006045, 0.25246839682529076, -0.18853828426831837, -0.20219926778613967, 0.12021880359762827, 0.07484784512270418, 0.041189642150403105, 0.08170610216797737, -0.1152123785034302, 0.03171967188516378, 0.11013764122820043, 0.016367280113969977, -0.2321220147210911, -0.09130958520226427, -0.280420635942355, 0.07748485884360938, 0.14037383725545854, -0.1667381831298626, 0.15945134223113516, -0.24911566918129927, 0.011318751536157065, -0.0010212639606607295, -0.01822917534450659, 0.10228125404721715, -0.16959103692157934, 0.05662967956216947, -0.002242583696885042, -0.009780897953843999, -0.11548921245874885, -0.016314700239435313, -0.14530382029005598, -0.12967848715749353, -0.032781210302269256, -0.17661434974337986, -0.017208008945473346, -0.013630775304448575, -0.24659620512382197, 0.06741491112814707, 0.18826062295731114, 0.08048861906268412, -0.031051846116606267, -0.08701797320375387, 0.22916427452792917, -0.055004196245916376, -0.13247565739844094, -0.09766012065703336, -0.05181878936573422, -0.14638040811610678, -0.2837438534056117, -0.18948022239624085, -0.07206509232384452, -0.07349892651830799, -0.3385964030851262, 0.07872238061776254, -0.2202659242271164, 0.147329131210842, -0.1189710098158197, 0.10053586935839354, 0.1767470147413794, -0.16414269380006613, 0.13616505536248547, 0.11861654083889359, -0.027070237498603645, 0.004538220043810261, 0.1743914080649352, -0.24283792543214938, -0.02739248003979919, -0.28677484738853415, -0.06804698673114594, 0.17064997615932542, 0.1562660800889473, 0.1603399679702757, -0.19928961755525634, -0.16622834483913085, 0.13331903991444505, -0.08804927821991186, 0.26637184866495867, -0.059554639926853205, 0.09439753800055731, -0.034677474614818384, -0.025851764840012035, -0.2989754913523942, 0.1658524772597757, -0.1227687894394262, -0.05884955157240595, 0.06638645313643918, 0.06188889096108999]
718.2435537706284	(9, 12, 2)	[-0.3309801646907673, 0.07975824545407328, -0.05481948901392668, -0.16743419567558535, 0.03669981490158507, 0.06936890538009155, 0.059051042223305074, -0.21620000895293, -0.13670175420310102, 0.1843448090920119, -0.21796400372176936, -0.25095413558147794, -0.20651661757063908, -0.05839740588809812, 0.22377544285256823, 0.38171982549786004, 0.21100058550104706, -0.03529365384488883, 0.20545576667978893, 0.26871434838121105, -0.08327188805047298, -0.2540557908241488, 0.10213871472184823, 0.029413416515732937, -0.06703375021293173, -0.0541114311245012, 0.07483238503706989, 0.3644610979072818, 0.08794936456248091, 0.14915069710124368, -0.107646592358008, -0.17594623008755395, -0.15763456779591792, -0.06267037309803745, -0.021481720101085847, 0.12175827616460387, -0.020355240558849252, 0.027581787062497913, 0.15882268859136392, -0.26405563282510325, 0.10456082846871025, 0.10905224273633357, -0.2600666387793976, 0.04425006953961578, 0.167085657192028, -0.10550217096885625, 0.25408376284399503, 0.0486158901470312, -0.17060232200838, 0.07520336610544257, 0.07909145655780896, 0.0722492854858733, 0.0508771485762784, -0.026662569346532335, 0.022021195571457923, 0.1225434979751841, 0.014788574060323568, -0.23620713771177593, -0.052111774180350394, -0.23561857483777557, 0.1183425267754766, 0.1605325707941583, -0.1538679657004074, 0.07968655954089647, -0.1591901938089557, -0.016428447032178994, 0.007288973240902953, 0.08275907601397178, 0.02756199546902616, -0.24381566795496074, 0.03591053364948113, 0.011681710523766209, 0.019176442328125244, 0.03710705517162816, -0.0024530585664529207, -0.14359277904456733, -0.06859489921213766, -0.05281649502559901, -0.17722717337662777, -0.010701070224948393, -0.029475038343806235, -0.26793645928551785, 0.06500220621700974, 0.17340198222060585, 0.09024613378478431, -0.03268141463623799, -0.17248522029817964, 0.18655485790953508, -0.016797136014365863, -0.15248481786605078, -0.15977127009459846, 0.024898915829898574, -0.02103910587657696, -0.24845739173763015, -0.16669492118835813, -0.03953072346654922, -0.06499713195230286, -0.1792164974308301, 0.07695955405533786, -0.19317494395542095, 0.09673323793060326, -0.03384983434084908, -0.034847012150001355, 0.03966919167567626, -0.14575973726114755, -0.006972578725851006, 0.09373637149766123, -0.018506803536485348, 0.0030032480040066583, 0.19125965115155616, -0.2687907411804899, -0.045602971666132835, -0.27361699470440115, -0.07998080464828282, 0.1744399878062123, 0.04148387747946339, 0.06063362886319323, -0.20081515327387983, -0.11975651691872784, 0.11109463941086466, -0.08980584821687956, 0.2541391382271395, -0.11357711900981325, 0.06906581880886686, -0.034875585403593874, -0.0568742925096491, -0.18210099023545256, 0.13738017263333235, -0.14150538432835394, -0.09429699470798897, -0.04512161160367916, 0.11454959700979482]
990.6076279463621	(9, 12, 2)	[-0.3703966604526669, 0.07571309428083323, -0.09612876099066432, -0.19731581611473542, 0.1512214047818534, 0.06580927467447538, 0.06042617632599538, -0.19602168606505796, -0.13412725023154617, 0.07099364274225808, -0.16731250913460113, -0.25972852761909776, -0.053681947382169914, -0.06993113137425959, 0.15823193751885087, 0.3418282272433884, 0.264628304104333, -0.06165740288606732, 0.20582228419398896, 0.2498099426626184, -0.09878802563219834, -0.2566394604492084, 0.16718497498373378, 0.029166859477546096, -0.029007567707673047, -0.030983209099493765, 0.10769473980783373, 0.3017280422627468, 0.09596461738217665, 0.1274621102053756, -0.15186887045627617, -0.13284979356229876, -0.19804882159069348, -0.020032574499355978, -0.012559167713562372, 0.06414224888889679, 0.01826946238565012, 0.09853800336441884, 0.16170807083115882, -0.2491353017083493, 0.1093749885761099, 0.10664160899875154, -0.3018465329351053, 0.1133284466321605, 0.1662752497653674, -0.09827424160060137, 0.28158825821404715, 0.05821080037405357, -0.17728706314762216, 0.088821920934643, 0.07341563685411832, 0.09661484325214226, 0.08456798131808038, -0.07818320807962509, 0.028091105843903216, 0.08169829398941139, 0.03553706346931816, -0.2081834911803147, -0.05247413345004721, -0.2034331153158205, 0.08360788797733235, 0.1762060175815002, -0.14376955047771323, 0.11356248058016666, -0.2480211157570629, 0.010761206725106564, 0.0037553056261455833, -0.007108947890726531, 0.11227789845110953, -0.17259230230435235, 0.048424088923960204, 0.0660511522268962, 0.07383092171193063, -0.13504931336139853, -0.03840419004914107, 0.00505621587481643, -0.11762191658465851, -0.04091853433254468, -0.18628827880251442, -0.12967877627757013, -0.03325654775415568, -0.19204908247865152, 0.061539913918560285, 0.20951227577934045, 0.033741373330547185, -0.03069898971939295, -0.06937675655108638, 0.18184534481930187, -0.09933387388165357, -0.13642794093511146, 0.0037432103921839766, -0.02459064231578506, -0.12287152911174329, -0.24246548724560413, -0.13777407467728897, -0.08469825816086, -0.07114568074048676, -0.27805079369128716, 0.07447882837128438, -0.16053104185587905, 0.1416307264840725, -0.03024193723338561, 0.03267617917878683, 0.1159260651257272, -0.18601441868139715, -0.03369590023808541, 0.046051865052464426, -0.0329627521217144, 0.003770090993962627, 0.09076838301948757, -0.2662774136550033, -0.050360617163135425, -0.19529758565010324, -0.06660928335643215, 0.13644016304069517, 0.05658023224314656, 0.13631635134534542, -0.19776410755550142, -0.1342071169525298, 0.08229729470498522, -0.06568921253203298, 0.350195881426753, -0.1029143677270215, 0.08406152790659956, -0.01404549073495245, -0.021081533861099108, -0.28002221219638923, 0.13666466495890933, -0.042687502518911076, -0.12756235886476053, 0.04154013971316593, 0.0626080855419927]
761.8948610024288	(9, 12, 2)	[-0.31968031030887534, -0.08452638867999399, -0.046242122071013664, -0.18853590096602754, 0.02247712335393405, 0.1557620418176482, 0.08132671399822065, -0.14285547815848032, -0.2597803312074508, 0.04815977097972493, -0.18704129709073739, -0.24749271528755476, -0.03630382117865544, -0.07102594768646119, 0.15530690563885022, 0.38252129412421615, 0.2201014367661065, -0.030825718765034323, 0.19483684382627442, 0.24214180648354042, -0.09187174190341074, -0.25574528424879406, 0.06373205661833388, 0.034183259564209076, -0.06409665599073809, -0.040643350239403055, 0.0771339309428882, 0.31038500358672244, 0.10289768349678152, 0.1514079506257421, -0.15214838591883625, -0.11897734944186147, -0.16681770850682626, -0.009582754452784736, -0.05351763564508383, 0.029232602083014814, 0.11319639459643017, -0.007042780551886328, 0.17371017106737063, -0.2567155585583446, 0.0702169474609867, 0.11372516334674843, -0.2839072889924331, 0.048811968406009335, 0.19188118607208354, -0.09330323651658978, 0.26849485659128325, 0.03562289310788311, -0.19917374932653295, 0.08923248193890519, 0.1272534927269144, 0.04911677422841311, 0.1561104413989297, 0.00817517787179805, 0.03076143199489183, 0.13070430962422716, 0.01892723574816335, -0.2174302039239845, -0.08481504987280158, -0.33510234676737416, 0.09363494842982525, 0.16701775410750963, -0.1520907309807492, 0.04471708409834392, -0.22565084589798776, 0.025782096100377506, 0.0022108678089177397, 0.026290863768005053, 0.04722160378780307, -0.12270026685108155, 0.03202214454864595, 0.04507238382585194, 0.018890913039848446, -0.10644387413238914, -0.003955222580353722, -0.13296980643469675, -0.121807553846799, -0.12786964799751308, -0.20059520613743856, -0.017401440424717217, -0.07133899408872969, -0.23118633358644497, 0.026307844665113295, 0.1777517918631391, 0.05030199846508611, -0.04225909543132175, -0.08398250406409934, 0.16117066691574014, -0.0869540604402636, -0.14157267988344074, -0.07686515216504532, -0.01808817304183423, -0.1218924696622655, -0.35543297213740976, -0.05643259367689727, -0.06358144864428061, -0.06630264763279523, -0.2800070646415011, 0.06265917553641634, -0.1898799700690756, 0.09918269611518674, -0.05046074883614717, -0.008466255443917471, 0.11023993451247019, -0.15288565410839156, 0.07814418862898675, 0.07188196155849642, -0.011680826673661281, -0.004367944676917229, 0.1378369033454241, -0.2558440618178584, 0.005428496433237364, -0.25674942172413995, -0.23928139451396416, 0.15135693339362244, -0.046744680096629465, 0.063548962578926, -0.19537686448539554, -0.1308674374407382, 0.10317788001041026, -0.04070799703650507, 0.2854809177156946, -0.09836118235296673, 0.07916291099439189, -0.06648942948202889, -0.10028942382999717, -0.24253126412713033, 0.1061751555472895, -0.26436364228219256, -0.0880842533920808, 0.05118384121772901, 0.048143233337685706]
1063.1581685008787	(9, 12, 2)	[-0.3603977611734594, 0.07938482820094403, -0.04312319416504714, -0.1884487308285157, 0.059503456616531974, 0.051028813174149784, 0.09655426905692942, -0.1688945944772762, -0.1453633080927072, 0.05628758820821179, -0.18769775886422024, -0.2534109140725591, -0.08682100222206358, -0.05876555951273542, 0.17991908701991627, 0.38328079286666356, 0.13682030281609897, -0.019444123489443462, 0.1711988514392574, 0.15020903872025243, -0.08344098203637833, -0.2545599042593177, 0.1255685645385949, 0.07370967497211059, -0.05874044123492468, -0.25557348450156153, 0.07451403691497516, 0.3660014408106095, 0.09025876752836445, 0.1541758185333735, -0.1311782314049669, -0.22698499228456098, -0.15954893127550973, -0.026810926759553225, -0.04623322291400332, 0.039899641592868934, -0.0009307877778706323, 0.0006227119988076904, 0.117351285036742, -0.2552726686105613, 0.11572823703832473, 0.05567897356813383, -0.26051843099800104, 0.057010361225522235, 0.1542624724339734, -0.10157911133346822, 0.2505423677799016, 0.02950932029430014, -0.19551339722829592, 0.08567126148510608, 0.07328773557472329, 0.07190223660011491, 0.09647433915982287, 0.0046768608337813735, 0.03370062762281563, 0.1287917290563944, 0.011449388068862715, -0.23946700358259126, -0.06302453396134278, -0.26568184146399204, 0.10202388366119554, 0.15178613083191142, -0.15918231150581735, 0.1166978984860674, -0.17452410103765262, -0.07132128713854409, 0.003914595510313171, 0.013231671204865375, 0.06797203106921165, -0.14009832448902282, 0.07402383735058735, 0.03731516519490116, -0.006825867211743235, -0.2257438438198039, -0.007938712101103411, -0.13481888204545892, -0.10612244025878316, -0.05236796424074062, -0.1591681514712418, -0.015115182814193131, -0.01941800439884458, -0.23060471448196204, 0.0826980305111262, 0.19789057195280013, 0.09402467980193578, -0.03049798374117469, -0.06409073836313726, 0.20210670562771654, 0.004191428322126269, -0.09945520383421673, -0.10358859690763791, 0.05066665058763687, -0.09807567432029893, -0.2558094812142214, -0.12140934174668677, -0.049859818983904555, -0.09867587102135864, -0.2647107238323964, 0.04919472016815754, -0.149017946365041, 0.1305423665445083, -0.03681257624182665, -0.026542543153304787, 0.04572813502752012, -0.15368761046461601, -0.03841839120973344, 0.08875430398531614, -0.01623309682836506, 0.0014860586288498014, 0.14295010206955716, -0.24975372926777928, -0.04857313406637833, -0.2591864605998562, -0.09514266766775376, 0.17091721021933365, 0.0480430490008819, 0.12310551592953553, -0.21218516552470995, -0.1336471656432122, 0.08076186152641436, -0.12566997935313262, 0.272565573490791, -0.09512777013975965, 0.07411368775378209, -0.04781375930395921, -0.053814675181260076, -0.19629619947662327, 0.14514887859307948, -0.1599675660990831, -0.10771594302553716, 0.021326399384743157, 0.056881192363687674]
1446.6763810167395	(9, 12, 2)	[-0.3850579082558755, 0.08124043951242967, -0.09488237272082999, -0.2103612287963071, 0.12899088980090825, 0.05427975739784177, 0.06700488187882647, -0.10871291977790509, -0.15488730754291882, -0.020724219578405555, -0.1695884282027406, -0.26087310584745116, -0.09103196849335166, -0.06851910189436523, 0.16767216866155626, 0.3757649233644733, 0.2206155998077808, -0.06139565275359265, 0.19458022365370226, 0.2535118221016307, -0.10018039304590044, -0.25767674037827343, 0.15008270397948742, 0.059569612569971134, -0.07413423776806083, -0.02923565717930094, 0.09336924425485227, 0.30226380706568434, 0.09932493337655438, 0.07655591186582626, -0.16142385813410107, -0.15681443001933384, -0.16967094743332545, -0.03889439952563463, -0.04509349464772969, 0.035005740954877074, 0.0936458006004111, 0.058579094155955885, -0.020256861022517857, -0.2666698873263423, 0.14374599120088766, 0.06888866903045672, -0.398349363538377, 0.037380736527863, 0.18468150702450437, -0.10172315746418717, 0.2661543407639728, 0.055335521716980834, -0.19331386639769993, 0.054991090959293575, 0.07340686648651301, 0.07122614810135519, 0.08551109409910063, 0.030876789759908773, 0.0621834962456832, 0.1320859849690792, 0.0326740990750242, -0.26010226012032295, -0.12300880454500698, -0.2776824546472255, 0.1081769258824002, 0.1326572090352883, -0.1614885621297553, 0.13295767715927914, -0.18657459915232166, 0.0009751146340294652, 0.006579653787536827, 0.02072865206795236, 0.06119956677370063, -0.12798329779279505, 0.0340476765048304, 0.14360752496955725, 0.04042070053104912, -0.10063118274631469, -0.0773077401016424, -0.1806879291566171, -0.06615702132793805, -0.016375207275981202, -0.2055223740014604, -0.02028240085560739, -0.025327238971237245, -0.3738233821382991, 0.06579126013955143, 0.18720335878325173, 0.09090619388733753, -0.035202785177468464, -0.1697812391416347, 0.13939908992995076, -0.06255154597680807, -0.14729095296475983, -0.04062697267246216, 0.004247992690737773, -0.13527512908091505, -0.2787885465468505, -0.16016907694703422, -0.10442275860131273, -0.0413719689672215, -0.2755543379449698, 0.053307290142611076, -0.16771967974710683, 0.1440072630424092, -0.04861287766721343, 0.0996654015262963, 0.03692858896208328, -0.1402326211240393, -0.02048270657775407, 0.08791155440255742, -0.012337932864450655, 0.006124672780863798, 0.12714311589228128, -0.25004346588076937, -0.10559907806236868, -0.2335804939498141, -0.09073130596520015, 0.042759370291087125, 0.04053042146450056, 0.06304759297526163, -0.1980791004188658, -0.04237309592848276, 0.07886344200105237, -0.06993874865231543, 0.283122170395488, -0.11493019471273, 0.07986592162859613, -0.050347314971903055, -0.006073982128853954, -0.20250329122432897, 0.11901302528460317, -0.18809869878031754, -0.1447630192744002, 0.047786172137691416, 0.04845157899908712]
635.7889335237189	(9, 12, 2)	[-0.3727086393408171, 0.07961247052969914, -0.06240079992091874, -0.21078352898964356, 0.06834740149249009, 0.07243852228343776, 0.06421715958671856, -0.13685950000683222, -0.14496752415216066, 0.03478640622527999, -0.1835545293723213, -0.26329513907856766, -0.1053854161136145, -0.07430670391450082, 0.26409182419099875, 0.3804992995165678, 0.2266432166205562, -0.03783962107662096, 0.15206637219279587, 0.26033178621199204, -0.07521496172544437, -0.25585797318175196, 0.1359871138081811, 0.007650727301718604, -0.07106632414515357, -0.047990726648318494, 0.09484314109195516, 0.2927926341930025, 0.12179170387626717, 0.14066648351036387, -0.24271383160233725, -0.12959978300678116, -0.13832252386411026, -0.007275252963197042, -0.03298890795677257, 0.12977192701984064, 0.08758289963695469, 0.03993268464305709, 0.16045625921470713, -0.2370298239711179, 0.18607302328924796, 0.07944978436648303, -0.2870302147392903, 0.05663461389988603, 0.17910465693304406, -0.09757274173127306, 0.17224263334196535, 0.023138837634355258, -0.20457345772936114, 0.08275757703140908, 0.053623591899000705, 0.13374624797867618, 0.06834316007779015, 0.12581223591129176, 0.16868395339508258, 0.272724472380891, 0.015217162104265788, -0.2501561351332932, -0.08739444978239735, -0.2510021346347819, 0.11187043493122795, 0.15532947539550362, -0.16386817546990134, 0.11466495688892221, -0.18161116398403954, -0.003117285502274343, 0.008706710201827162, 0.09739214862392721, 0.05954342630988988, -0.2737279441330497, 0.03351091029682755, 0.00866942776617767, 0.02430413332259282, -0.10459476809130519, -0.014120042532630267, -0.16481361923759177, -0.11661841327576211, -0.043157322224552375, -0.2103642221963698, 0.006548255155227345, -0.02711558371947709, -0.26278140671467576, 0.04485248115798457, 0.19653128551129742, 0.08183781412462868, -0.013996840381343906, -0.21147193176710682, 0.1911271768153323, -0.05571792395492643, -0.14155637268606103, -0.06927787374871654, -0.07517330290251374, -0.1135656864249319, -0.27919706909143566, -0.16988071743438588, -0.0359740558508271, -0.09508286920592554, -0.32033969535747897, 0.05920517408170554, -0.1745798878738592, 0.08965600680979308, -0.03847606257191397, 0.020900099000830265, 0.02769940704798339, -0.1520597248813964, -0.0859174832961739, 0.08182617370947459, -0.03690214061552802, 0.008349843685316983, 0.1046648911802659, -0.2043993824309544, 0.0355854617420551, -0.25112925225130023, -0.11744098656937407, 0.14805111161847964, 0.10068301429337727, 0.031173599207655122, -0.19891791967893807, -0.1254419810816499, 0.0916995742950721, -0.08021669944119185, 0.2846760682239657, -0.10340560592733902, 0.07510593822571512, 0.0680241721160476, 0.008363092583160635, -0.2502600394115507, 0.13212416228034451, -0.13249578983159704, -0.12162406635638043, 0.009986633874565783, 0.0722772956530454]
