-724.6385021125766	(8, 12, 2)	[-0.439547338692168, 0.8423186770340412, 0.8734335285659021, 0.5215390799531374, -0.2927857035693737, 0.1199858787543866, -0.26698240119116945, 0.14302951125155827, -0.39465500315953705, 0.07829078733626726, -0.8455008640181947, -0.4400443150405535, -0.8473968430703884, 0.7034103980517443, 0.7076120683214375, -0.014284536783539137, 0.23041863764007142, -0.13351520586422705, 0.8247230166082107, 0.16129652298057584, 0.5062459425376289, 0.5636452217309722, 0.5885247166082352, -0.40583004773634457, 0.8498252871539658, -0.42156970934708005, -0.8716085469349266, 0.26936175781014504, -0.21347988576253818, -0.29701843648536297, -0.5513123316304456, 0.36354615974792326, -0.9511226518185836, 0.5433850075660651, 0.10040619051724953, -0.11448319206686786, -0.2298727628521502, -0.1819422108573565, -0.27273330311552724, 0.3385070126580956, -0.12748866047482532, 0.3291985013800911, -0.5268103228459615, -0.07754208241209803, -0.07481725882248336, -0.18788071034917242, -0.6353350593225007, 0.15416301422364764, 0.6827045434995926, -0.9917874963167364, 0.6411394007062925, 0.792714206951445, -0.5354217475811784, -0.20820106369626967, -0.34000236288145325, -0.2935283213315927, -0.6788647191662234, -0.6484388070824532, -0.7055980506085511, 0.9196045235845947, -0.49180785976859354, -0.5404653182141315, -0.6082182068890436, 0.7270529450990648, 0.19346478467648898, 0.021835533680907515, -0.250117620125035, 0.10363675232722658, 0.07624427910527154, -0.08104710447786379, -0.14156565813163957, -0.8507530587286734, -0.6634754989216851, -0.22507564946950454, 0.5406021145314261, -0.17305789956206152, 0.26314731872213115, 0.21149448155964956, 0.9315191566772716, 0.880186016308979, 0.4712280385072769, 0.6566387494929411, 0.03145982805738634, -0.7957778197406056, 0.66240111160406, -0.5116789685336618, -0.2717228166736343, 0.6109209939593472, -0.2231024162836146, 0.8411342765166363, 0.4106818045991507, -0.2981861569969835, -0.9945060855809946, 0.631838063980183, -0.21508196282876568, -0.0005929639331576642, -0.5363021086005628, -0.08873216841359821, 0.42243844860563184, 0.23542562055692406, -0.08316217190337838, 0.04696574664654962, 0.4453119692985221, 0.8794003902901466, 0.8561577680708146, 0.30475720929729033, -0.4532161097151195, 0.16716670789270371, 0.4548345253319448, 0.9354280544571545, 0.22452987287261816, 0.7334578926606192, 0.6327307250361414, -0.8184917470798252, -0.09830061285071245, -0.17759260429314727, 0.0673629411918164, -0.7929072063731504, -0.22825864790251038, -0.24000332096247967]
195.9490475483219	(8, 12, 2)	[-0.439547338692168, 0.8423186770340412, 0.8734335285659021, 0.5215390799531374, -0.2927857035693737, 0.1199858787543866, -0.26698240119116945, 0.14302951125155827, -0.39465500315953705, 0.07829078733626726, -0.8455008640181947, -0.4400443150405535, -0.8473968430703884, 0.7034103980517443, 0.7076120683214375, -0.014284536783539137, 0.23041863764007142, -0.13351520586422705, 0.8247230166082107, 0.16129652298057584, 0.5062459425376289, 0.5636452217309722, 0.5885247166082352, -0.40583004773634457, 0.8498252871539658, -0.42156970934708005, -0.8716085469349266, 0.26936175781014504, -0.21347988576253818, -0.29701843648536297, -0.5513123316304456, 0.36354615974792326, -0.9511226518185836, 0.5433850075660651, 0.10040619051724953, -0.11448319206686786, -0.2298727628521502, -0.1819422108573565, -0.27273330311552724, 0.3385070126580956, -0.12748866047482532, 0.3291985013800911, -0.5268103228459615, -0.07754208241209803, -0.07481725882248336, -0.18788071034917242, -0.6353350593225007, 0.15416301422364764, 0.6827045434995926, -0.9917874963167364, 0.6411394007062925, 0.792714206951445, -0.5354217475811784, -0.20820106369626967, -0.34000236288145325, -0.2935283213315927, -0.6788647191662234, -0.6484388070824532, -0.7055980506085511, 0.9196045235845947, -0.49180785976859354, -0.5404653182141315, -0.6082182068890436, 0.7270529450990648, 0.19346478467648898, 0.021835533680907515, -0.250117620125035, 0.10363675232722658, 0.07624427910527154, -0.08104710447786379, -0.1741835133243723, -0.7637613268483785, -0.6634754989216851, -0.22507564946950454, 0.5406021145314261, -0.17305789956206152, 0.26314731872213115, 0.21149448155964956, 0.9315191566772716, 0.880186016308979, 0.4712280385072769, 0.6566387494929411, 0.03145982805738634, -0.7957778197406056, 0.66240111160406, -0.5116789685336618, -0.2717228166736343, 0.6109209939593472, -0.2231024162836146, 0.8411342765166363, 0.4106818045991507, -0.2981861569969835, -0.9945060855809946, 0.631838063980183, -0.21508196282876568, -0.0005929639331576642, -0.5363021086005628, -0.08873216841359821, 0.42243844860563184, 0.08138886568237397, -0.08316217190337838, 0.04696574664654962, 0.4453119692985221, 0.8794003902901466, 0.8561577680708146, 0.30475720929729033, -0.4532161097151195, 0.16716670789270371, 0.4548345253319448, 0.9354280544571545, 0.22452987287261816, 0.7334578926606192, 0.6327307250361414, -0.8184917470798252, -0.09830061285071245, -0.17759260429314727, 0.0673629411918164, -0.7929072063731504, -0.22825864790251038, -0.24000332096247967]
67.15490480284734	(8, 12, 2)	[-0.439547338692168, 0.8423186770340412, 0.8734335285659021, 0.5215390799531374, -0.2927857035693737, 0.1199858787543866, -0.26698240119116945, 0.14302951125155827, -0.39465500315953705, 0.07829078733626726, -0.8455008640181947, -0.4400443150405535, -0.8473968430703884, 0.7034103980517443, 0.7076120683214375, -0.014284536783539137, 0.23041863764007142, -0.13351520586422705, 0.8247230166082107, 0.16129652298057584, 0.5062459425376289, 0.5636452217309722, 0.5885247166082352, -0.40583004773634457, 0.8498252871539658, -0.42156970934708005, -0.8716085469349266, 0.26936175781014504, -0.21347988576253818, -0.29701843648536297, -0.5513123316304456, 0.36354615974792326, -0.9511226518185836, 0.5433850075660651, 0.10040619051724953, -0.11448319206686786, -0.2298727628521502, -0.1819422108573565, -0.27273330311552724, 0.3385070126580956, -0.12748866047482532, 0.3291985013800911, -0.5268103228459615, -0.07754208241209803, -0.07481725882248336, -0.18788071034917242, -0.6353350593225007, 0.15416301422364764, 0.6827045434995926, -0.9917874963167364, 0.6411394007062925, 0.792714206951445, -0.5354217475811784, -0.20820106369626967, -0.34000236288145325, -0.2935283213315927, -0.6788647191662234, -0.6484388070824532, -0.7055980506085511, 0.9196045235845947, -0.49180785976859354, -0.5404653182141315, -0.6082182068890436, 0.7270529450990648, 0.19346478467648898, 0.021835533680907515, -0.250117620125035, 0.10363675232722658, 0.07624427910527154, -0.08104710447786379, -0.1741835133243723, -0.7637613268483785, -0.6634754989216851, -0.22507564946950454, 0.5406021145314261, -0.17305789956206152, 0.26314731872213115, 0.21149448155964956, 0.9315191566772716, 0.880186016308979, 0.4712280385072769, 0.6566387494929411, 0.03145982805738634, -0.7957778197406056, 0.66240111160406, -0.5116789685336618, -0.2717228166736343, 0.6109209939593472, -0.2231024162836146, 0.8411342765166363, 0.4106818045991507, -0.2981861569969835, -0.9945060855809946, 0.631838063980183, -0.21508196282876568, -0.0005929639331576642, -0.5363021086005628, -0.08873216841359821, 0.42243844860563184, 0.08138886568237397, -0.08316217190337838, 0.04696574664654962, 0.4453119692985221, 0.8794003902901466, 0.8561577680708146, 0.30475720929729033, -0.4532161097151195, 0.16716670789270371, 0.4548345253319448, 0.9354280544571545, 0.22452987287261816, 0.7334578926606192, 0.8241914261625418, -0.8184917470798252, -0.09830061285071245, -0.17759260429314727, 0.0673629411918164, -0.7929072063731504, -0.22825864790251038, -0.24000332096247967]
267.66859306341075	(8, 12, 2)	[-0.439547338692168, 0.8423186770340412, 0.8734335285659021, 0.5215390799531374, -0.2927857035693737, 0.1199858787543866, -0.26698240119116945, 0.14302951125155827, -0.39465500315953705, 0.07829078733626726, -0.8455008640181947, -0.4400443150405535, -0.8473968430703884, 0.7034103980517443, 0.7076120683214375, -0.014284536783539137, 0.23041863764007142, -0.13351520586422705, 0.8247230166082107, 0.16129652298057584, 0.5062459425376289, 0.5636452217309722, 0.5885247166082352, -0.40583004773634457, 0.8498252871539658, -0.42156970934708005, -0.8716085469349266, 0.26936175781014504, -0.21347988576253818, -0.29701843648536297, -0.5513123316304456, 0.36354615974792326, -0.9511226518185836, 0.5433850075660651, 0.10040619051724953, -0.11448319206686786, -0.2298727628521502, -0.1819422108573565, -0.27273330311552724, 0.3385070126580956, -0.12748866047482532, 0.3291985013800911, -0.5268103228459615, -0.07754208241209803, -0.07481725882248336, -0.18788071034917242, -0.6353350593225007, 0.15416301422364764, 0.6827045434995926, -0.9917874963167364, 0.6411394007062925, 0.792714206951445, -0.5354217475811784, -0.20820106369626967, -0.34000236288145325, -0.2935283213315927, -0.6788647191662234, -0.6484388070824532, -0.7055980506085511, 0.9196045235845947, -0.49180785976859354, -0.5404653182141315, -0.6082182068890436, 0.7270529450990648, 0.19346478467648898, 0.021835533680907515, -0.250117620125035, 0.10363675232722658, 0.07624427910527154, -0.08104710447786379, -0.1741835133243723, -0.7637613268483785, -0.6634754989216851, -0.22507564946950454, 0.5406021145314261, -0.17305789956206152, 0.26314731872213115, 0.21149448155964956, 0.9315191566772716, 0.880186016308979, 0.4712280385072769, 0.6566387494929411, 0.03145982805738634, -0.7957778197406056, 0.66240111160406, -0.5116789685336618, -0.2717228166736343, 0.6109209939593472, -0.2231024162836146, 0.8411342765166363, 0.4106818045991507, -0.2981861569969835, -0.9945060855809946, 0.631838063980183, -0.21508196282876568, -0.0005929639331576642, -0.5363021086005628, -0.08873216841359821, 0.42243844860563184, 0.08138886568237397, -0.08316217190337838, 0.04696574664654962, 0.4453119692985221, 0.8794003902901466, 0.8561577680708146, 0.30475720929729033, -0.4532161097151195, 0.16716670789270371, 0.4548345253319448, 0.9354280544571545, 0.22452987287261816, 0.7334578926606192, 0.8241914261625418, -0.8184917470798252, -0.09830061285071245, -0.17759260429314727, 0.0673629411918164, -0.7929072063731504, -0.22825864790251038, -0.24000332096247967]
733.0609113059166	(8, 12, 2)	[-0.439547338692168, 0.8423186770340412, 0.8734335285659021, 0.5215390799531374, -0.2927857035693737, 0.1199858787543866, -0.2823463109863526, 0.14302951125155827, -0.39465500315953705, 0.07829078733626726, -0.8455008640181947, -0.4400443150405535, -0.8473968430703884, 0.7034103980517443, 0.7076120683214375, -0.014284536783539137, 0.23041863764007142, -0.13351520586422705, 0.8247230166082107, 0.16129652298057584, 0.5095665458958112, 0.5636452217309722, 0.5885247166082352, -0.40583004773634457, 0.8498252871539658, -0.42156970934708005, -0.8716085469349266, 0.26936175781014504, -0.21347988576253818, -0.29701843648536297, -0.5513123316304456, 0.36354615974792326, -0.9511226518185836, 0.5433850075660651, 0.10040619051724953, -0.11448319206686786, -0.2298727628521502, -0.1819422108573565, -0.27273330311552724, 0.3385070126580956, -0.12748866047482532, 0.3291985013800911, -0.5268103228459615, -0.07754208241209803, -0.07481725882248336, -0.18788071034917242, -0.6353350593225007, 0.15416301422364764, 0.6827045434995926, -0.9917874963167364, 0.6411394007062925, 0.792714206951445, -0.5354217475811784, -0.20820106369626967, -0.34000236288145325, -0.2935283213315927, -0.6788647191662234, -0.6484388070824532, -0.7055980506085511, 0.9196045235845947, -0.49180785976859354, -0.5404653182141315, -0.6082182068890436, 0.7270529450990648, 0.19346478467648898, 0.021835533680907515, -0.250117620125035, 0.10363675232722658, 0.07624427910527154, -0.08104710447786379, -0.1741835133243723, -0.7637613268483785, -0.6634754989216851, -0.22507564946950454, 0.5406021145314261, -0.17305789956206152, 0.26314731872213115, 0.21149448155964956, 0.9315191566772716, 0.880186016308979, 0.4712280385072769, 0.6566387494929411, 0.03145982805738634, -0.7957778197406056, 0.66240111160406, -0.5116789685336618, -0.2717228166736343, 0.6109209939593472, -0.2231024162836146, 0.8411342765166363, 0.4106818045991507, -0.2981861569969835, -0.9945060855809946, 0.631838063980183, -0.21508196282876568, -0.0005929639331576642, -0.5363021086005628, -0.08873216841359821, 0.42243844860563184, 0.08138886568237397, -0.08316217190337838, 0.04696574664654962, 0.4453119692985221, 0.8794003902901466, 0.8561577680708146, 0.30475720929729033, -0.4532161097151195, 0.16716670789270371, 0.4548345253319448, 0.9354280544571545, 0.22452987287261816, 0.7334578926606192, 0.7339236907966717, -0.8184917470798252, -0.09830061285071245, -0.17759260429314727, 0.0673629411918164, -0.7929072063731504, -0.22825864790251038, -0.24000332096247967]
959.4121967941633	(8, 12, 2)	[-0.439547338692168, 0.8423186770340412, 0.8734335285659021, 0.5215390799531374, -0.2927857035693737, 0.1199858787543866, -0.26698240119116945, 0.14302951125155827, -0.39465500315953705, 0.07829078733626726, -0.8455008640181947, -0.4400443150405535, -0.8473968430703884, 0.7432173736972514, 0.7076120683214375, -0.014284536783539137, 0.23041863764007142, -0.13351520586422705, 0.8247230166082107, 0.16129652298057584, 0.5062459425376289, 0.5636452217309722, 0.5885247166082352, -0.40583004773634457, 0.8498252871539658, -0.42156970934708005, -0.8716085469349266, 0.26936175781014504, -0.21347988576253818, -0.29701843648536297, -0.5513123316304456, 0.36354615974792326, -0.9511226518185836, 0.5433850075660651, 0.10040619051724953, -0.11448319206686786, -0.2298727628521502, -0.1819422108573565, -0.27273330311552724, 0.3385070126580956, -0.12748866047482532, 0.3291985013800911, -0.5268103228459615, -0.07754208241209803, -0.07481725882248336, -0.18788071034917242, -0.6353350593225007, 0.15416301422364764, 0.6827045434995926, -0.9917874963167364, 0.6411394007062925, 0.792714206951445, -0.5354217475811784, -0.20820106369626967, -0.34000236288145325, -0.2935283213315927, -0.6788647191662234, -0.6484388070824532, -0.7055980506085511, 0.9196045235845947, -0.49180785976859354, -0.5404653182141315, -0.6082182068890436, 0.7270529450990648, 0.19346478467648898, 0.021835533680907515, -0.250117620125035, 0.10363675232722658, 0.07624427910527154, -0.08104710447786379, -0.1741835133243723, -0.7637613268483785, -0.6634754989216851, -0.22507564946950454, 0.5406021145314261, -0.17305789956206152, 0.26314731872213115, 0.21149448155964956, 0.9315191566772716, 0.880186016308979, 0.4712280385072769, 0.6566387494929411, 0.03145982805738634, -0.7957778197406056, 0.66240111160406, -0.5116789685336618, -0.2717228166736343, 0.6109209939593472, -0.2231024162836146, 0.8411342765166363, 0.4106818045991507, -0.2981861569969835, -0.9945060855809946, 0.631838063980183, -0.21508196282876568, -0.0005929639331576642, -0.5363021086005628, -0.08873216841359821, 0.42243844860563184, 0.08138886568237397, -0.08316217190337838, 0.04696574664654962, 0.4453119692985221, 0.8794003902901466, 0.8561577680708146, 0.30475720929729033, -0.4532161097151195, 0.16716670789270371, 0.4548345253319448, 0.9354280544571545, 0.22452987287261816, 0.7334578926606192, 0.8241914261625418, -0.8184917470798252, -0.09830061285071245, -0.17759260429314727, 0.0673629411918164, -0.7929072063731504, -0.22825864790251038, -0.24000332096247967]
1069.3634505390667	(8, 12, 2)	[-0.439547338692168, 0.8423186770340412, 0.8734335285659021, 0.5215390799531374, -0.2927857035693737, 0.1199858787543866, -0.26698240119116945, 0.14302951125155827, -0.39465500315953705, 0.07829078733626726, -0.8455008640181947, -0.4400443150405535, -0.8473968430703884, 0.7034103980517443, 0.7076120683214375, -0.014284536783539137, 0.23041863764007142, -0.13351520586422705, 0.8247230166082107, 0.7469184606598714, 0.5062459425376289, 0.5636452217309722, 0.5885247166082352, -0.40583004773634457, 0.8498252871539658, -0.42156970934708005, -0.8716085469349266, 0.26936175781014504, -0.21347988576253818, -0.29701843648536297, -0.5188849051667124, 0.2149909681809451, -0.9511226518185836, 0.5433850075660651, 0.10996298326182047, -0.11448319206686786, -0.2298727628521502, -0.1819422108573565, -0.27273330311552724, 0.3385070126580956, -0.12748866047482532, 0.3291985013800911, -0.5268103228459615, -0.07754208241209803, -0.07481725882248336, -0.18788071034917242, -0.6353350593225007, 0.15416301422364764, 0.6827045434995926, -0.9917874963167364, 0.6411394007062925, 0.792714206951445, -0.5354217475811784, -0.20820106369626967, -0.34000236288145325, -0.2935283213315927, -0.6788647191662234, -0.5838814854537141, -0.7055980506085511, 0.9196045235845947, -0.49180785976859354, -0.5404653182141315, -0.6082182068890436, 0.7270529450990648, 0.19346478467648898, 0.021835533680907515, -0.250117620125035, 0.10363675232722658, 0.07624427910527154, -0.08104710447786379, -0.1741835133243723, -0.7637613268483785, -0.6634754989216851, -0.22507564946950454, 0.5406021145314261, -0.17305789956206152, 0.26314731872213115, 0.21149448155964956, 0.9315191566772716, 0.880186016308979, 0.4712280385072769, 0.6566387494929411, 0.03145982805738634, -0.7957778197406056, 0.66240111160406, -0.5116789685336618, -0.2717228166736343, 0.6109209939593472, -0.2231024162836146, 0.8411342765166363, 0.4106818045991507, -0.2981861569969835, -0.9945060855809946, 0.631838063980183, -0.21508196282876568, -0.0005929639331576642, -0.5363021086005628, -0.08873216841359821, 0.42243844860563184, 0.08138886568237397, -0.08316217190337838, 0.04696574664654962, 0.4453119692985221, 0.8794003902901466, 0.8561577680708146, 0.30475720929729033, -0.4532161097151195, 0.16716670789270371, 0.4548345253319448, 0.9354280544571545, 0.22452987287261816, 0.7334578926606192, 0.6327307250361414, -0.8184917470798252, -0.09830061285071245, -0.17759260429314727, 0.0673629411918164, -0.7929072063731504, -0.22825864790251038, -0.24000332096247967]
590.7256615816825	(8, 12, 2)	[-0.439547338692168, 0.8423186770340412, 0.8734335285659021, 0.5215390799531374, -0.2927857035693737, 0.1199858787543866, -0.2664360407520522, 0.14302951125155827, -0.39465500315953705, 0.09860313958698212, -0.8455008640181947, -0.4400443150405535, -0.8473968430703884, 0.7034103980517443, 0.7076120683214375, -0.014284536783539137, 0.23041863764007142, -0.13351520586422705, 0.8247230166082107, 0.28597299628546813, 0.5064452132859459, 0.5636452217309722, 0.5885247166082352, -0.40583004773634457, 0.8498252871539658, -0.42156970934708005, -0.8716085469349266, 0.26936175781014504, -0.21347988576253818, -0.29701843648536297, -0.558044904110717, 0.1922736840019668, -0.9511226518185836, 0.5433850075660651, 0.10804693372295658, -0.11448319206686786, -0.2298727628521502, -0.1819422108573565, -0.27273330311552724, 0.3385070126580956, -0.12748866047482532, 0.3291985013800911, -0.5268103228459615, -0.07754208241209803, -0.07481725882248336, -0.18788071034917242, -0.6353350593225007, 0.15416301422364764, 0.6827045434995926, -0.9917874963167364, 0.6411394007062925, 0.792714206951445, -0.5354217475811784, -0.20820106369626967, -0.34000236288145325, -0.2935283213315927, -0.6788647191662234, -0.597627241914086, -0.7055980506085511, 0.9196045235845947, -0.49180785976859354, -0.5404653182141315, -0.6082182068890436, 0.7270529450990648, 0.19346478467648898, 0.021835533680907515, -0.250117620125035, 0.10378848885825975, 0.07624427910527154, -0.08104710447786379, -0.17417071370059178, -0.7675232154887555, -0.6634754989216851, -0.22507564946950454, 0.5406021145314261, -0.17305789956206152, 0.26314731872213115, 0.21149448155964956, 0.9315191566772716, 0.880186016308979, 0.4712280385072769, 0.6566387494929411, 0.03145982805738634, -0.7957778197406056, 0.66240111160406, -0.5116789685336618, -0.2717228166736343, 0.6109209939593472, -0.2231024162836146, 0.8411342765166363, 0.4106818045991507, -0.3623532169458653, -0.9945060855809946, 0.631838063980183, -0.21508196282876568, -0.0005929639331576642, -0.5363021086005628, -0.08873216841359821, 0.42243844860563184, 0.08137897476984686, -0.08316217190337838, 0.04696574664654962, 0.4453119692985221, 0.8794003902901466, 0.8561577680708146, 0.30475720929729033, -0.4532161097151195, 0.16716670789270371, 0.4548345253319448, 0.9354280544571545, 0.22452987287261816, 0.7334578926606192, 0.6894199069498879, -0.8184917470798252, -0.09830061285071245, -0.17759260429314727, 0.0673629411918164, -0.7929072063731504, -0.22825864790251038, -0.24000332096247967]
872.9717699191067	(8, 12, 2)	[-0.439547338692168, 0.8423186770340412, 0.8734335285659021, 0.5215390799531374, -0.2927857035693737, 0.1199858787543866, -0.280338336049819, 0.14302951125155827, -0.39465500315953705, 0.07829078733626726, -0.7752384969506483, -0.4400443150405535, -0.8473968430703884, 0.7034103980517443, 0.7076120683214375, -0.014284536783539137, 0.13233255068631639, -0.13351520586422705, 0.8247230166082107, 0.16129652298057584, 0.5056298263130827, 0.5927680651610321, 0.5885247166082352, -0.39149553909321066, 0.8498252871539658, -0.42156970934708005, -0.8716085469349266, 0.26936175781014504, -0.21347988576253818, -0.29701843648536297, -0.5513123316304456, 0.36354615974792326, -0.9511226518185836, 0.5433850075660651, 0.10040619051724953, -0.11448319206686786, -0.2298727628521502, -0.1819422108573565, -0.27273330311552724, 0.3385070126580956, -0.12748866047482532, 0.3291985013800911, -0.5268103228459615, -0.07754208241209803, -0.07481725882248336, -0.18788071034917242, -0.6353350593225007, 0.15416301422364764, 0.6827045434995926, -0.9917874963167364, 0.6411394007062925, 0.792714206951445, -0.5354217475811784, -0.20820106369626967, -0.34000236288145325, -0.2935283213315927, -0.6788647191662234, -0.6484388070824532, -0.7055980506085511, 0.9196045235845947, -0.49180785976859354, -0.5404653182141315, -0.6082182068890436, 0.7270529450990648, 0.19346478467648898, 0.021835533680907515, -0.250117620125035, 0.10363675232722658, 0.17995000616228057, -0.08104710447786379, -0.1741835133243723, -0.7637613268483785, -0.6928212934657747, -0.22507564946950454, 0.5406021145314261, -0.17305789956206152, 0.26314731872213115, 0.21149448155964956, 0.9315191566772716, 0.880186016308979, 0.4712280385072769, 0.6566387494929411, 0.03145982805738634, -0.7957778197406056, 0.66240111160406, -0.5116789685336618, -0.2717228166736343, 0.6109209939593472, -0.2231024162836146, 0.8411342765166363, 0.4106818045991507, -0.31140166206747194, -0.9945060855809946, 0.631838063980183, -0.21508196282876568, -0.0005929639331576642, -0.5363021086005628, -0.08873216841359821, 0.42243844860563184, 0.08138886568237397, -0.08316217190337838, 0.04696574664654962, 0.4453119692985221, 0.8794003902901466, 0.8561577680708146, 0.30475720929729033, -0.4444784777572695, 0.18404427387316358, 0.4548345253319448, 0.9354280544571545, 0.22452987287261816, 0.7334578926606192, 0.6579100782857285, -0.8184917470798252, -0.09830061285071245, -0.17759260429314727, 0.0673629411918164, -0.7929072063731504, -0.22825864790251038, -0.24000332096247967]
750.1143993701464	(8, 12, 2)	[-0.439547338692168, 0.8423186770340412, 0.8734335285659021, 0.5215390799531374, -0.2927857035693737, 0.1199858787543866, -0.26698240119116945, 0.14302951125155827, -0.39465500315953705, 0.07829078733626726, -0.8455008640181947, -0.4400443150405535, -1.1148998059273174, 0.7034103980517443, 0.7076120683214375, -0.014284536783539137, 0.23041863764007142, -0.13351520586422705, 0.8247230166082107, 0.7469184606598714, 0.5062459425376289, 0.5636452217309722, 0.5885247166082352, -0.40583004773634457, 0.8498252871539658, -0.42156970934708005, -0.8716085469349266, 0.16308373305392482, -0.21347988576253818, -0.29701843648536297, -0.5188849051667124, 0.2149909681809451, -0.9511226518185836, 0.5433850075660651, 0.10996298326182047, -0.11448319206686786, -0.2298727628521502, -0.1819422108573565, -0.27273330311552724, 0.3385070126580956, -0.12748866047482532, 0.3291985013800911, -0.5268103228459615, -0.07754208241209803, -0.07481725882248336, -0.18788071034917242, -0.6353350593225007, 0.15416301422364764, 0.6827045434995926, -0.9917874963167364, 0.6411394007062925, 0.792714206951445, -0.5354217475811784, -0.20820106369626967, -0.34000236288145325, -0.2935283213315927, -0.6788647191662234, -0.5838814854537141, -0.7055980506085511, 0.9196045235845947, -0.49180785976859354, -0.5404653182141315, -0.6082182068890436, 0.7270529450990648, 0.19346478467648898, 0.021835533680907515, -0.250117620125035, 0.10363675232722658, 0.07624427910527154, -0.08104710447786379, -0.1741835133243723, -0.7637613268483785, -0.6634754989216851, -0.22507564946950454, 0.651747492122119, -0.17305789956206152, 0.26314731872213115, 0.21149448155964956, 0.9315191566772716, 0.880186016308979, 0.4712280385072769, 0.6566387494929411, 0.03145982805738634, -0.7957778197406056, 0.66240111160406, -0.638694031025092, -0.2717228166736343, 0.6109209939593472, -0.2231024162836146, 0.8411342765166363, 0.4106818045991507, -0.2981861569969835, -0.9945060855809946, 0.631838063980183, -0.21508196282876568, -0.0005929639331576642, -0.5363021086005628, -0.08873216841359821, 0.42243844860563184, 0.08138886568237397, -0.08316217190337838, 0.04696574664654962, 0.4453119692985221, 0.8794003902901466, 0.8561577680708146, 0.30475720929729033, -0.4532161097151195, 0.16716670789270371, 0.4548345253319448, 0.9354280544571545, 0.22452987287261816, 0.7334578926606192, 0.6327307250361414, -0.8184917470798252, -0.09830061285071245, -0.17759260429314727, 0.0673629411918164, -0.7929072063731504, -0.22825864790251038, -0.24000332096247967]
658.0046005205551	(8, 12, 2)	[-0.4242164636692234, 0.8322549422426404, 0.8567233131223229, 0.521480750572702, -0.16194361941725388, 0.13488866146696848, -0.34882535372946466, 0.14715149295395372, -0.3914272380766493, 0.09678638516908485, -0.832057555489694, -0.4177278242748834, -0.8474006537255359, 0.70252263232765, 0.7076468007254486, -0.011286669415126713, 0.20529384791749206, -0.26832224610963634, 0.8247266240825742, 0.058658037686746364, 0.5034069754655787, 0.5640988934330228, 0.4655693800826374, -0.39473236669293255, 0.8323171086002286, -0.49310389014078304, -0.8029701540789331, 0.2250922789707812, -0.19536768484093894, -0.29241932351241845, -0.5604075814361149, 0.3487927366215756, -0.9513946378685038, 0.545745191999169, -0.018882587941054157, -0.11382651799896369, -0.25805318779531355, -0.20305792236715922, -0.2727018631869315, 0.338585012482304, -0.11609243937444469, 0.33222919927821887, -0.5246281917515474, -0.0987226785683869, -0.07821995007708472, -0.1883557684794508, -0.5279764333211012, 0.15376330633172267, 0.6804060443426179, -0.9912498601077865, 0.737602011808652, 0.7839993412952125, -0.5354281631960562, 0.47604096644396887, -0.2609128482766914, -0.17231177277939447, -0.6787949571047847, -0.6510897462792352, -0.7056210034783489, 0.9196131933821634, -0.4871574248206856, -0.5415982924472493, -0.6014354242559855, 0.7272592247218297, 0.19463874503145975, 0.03348009835364056, -0.24866941434984824, -0.1802617512817939, 0.07944057480254368, -0.08077166438629231, -0.20138888904747732, -0.7461696180631698, -0.6609389299250186, -0.22545155704029407, 0.540484528001325, -0.17305065275838055, 0.26344718449525906, 0.21197626413609427, 0.9315675507655754, 0.854584477008594, 0.46548869408947086, 0.6532111603162846, 0.029421162298760115, -0.7867051772544745, 0.6632984348079672, -0.5109215584830662, -0.271942062401932, 0.5984759575403273, -0.3165362100266115, 0.8411139198578051, 0.4056672280155865, -0.3332798869858445, -0.9970912022281571, 0.633348529247111, -0.2245016812169101, 0.08375088485764415, -0.5569947465098155, -0.11412537825072996, 0.4492005259767944, 0.09479974184929395, -0.0925342249037943, 0.12237905709855257, 0.44708570780606066, 0.9815224984698487, 0.8563110204196174, 0.16132442478496511, -0.4527123061167511, -0.14409910066298615, 0.5094729216370698, 0.9420268061880814, 0.18648239796315086, 0.7333121260548786, 0.6080848556910509, -0.8294317952945741, -0.10063087689075671, -0.16856975994009257, 0.1422731880612775, -0.7902838671094891, -0.22827856658957954, -0.23757198128182289]
437.7857747875495	(8, 12, 2)	[-0.42446349734376687, -0.2473089024723948, 0.6704237515808082, 0.52205722621832, -0.28975948724854667, 0.11413809328142062, -0.35904589289710603, 0.1475528564381476, -0.39459049229013754, 0.09927658461559397, -0.853993019428471, -0.4212449235716192, -0.8475025460562036, 0.7020413550918414, 0.9713519955145637, -0.014442658616968643, 0.2125894940074418, -0.11001648393521676, 0.7994992693236741, -0.03184224853702486, 0.4759750394134669, 0.5383533041635167, 0.574081968204972, -0.39835114656459725, 0.8300774137929013, -0.4047756334301512, -0.8443456447689951, 0.2676472532950833, -0.21654154435443568, -0.2796753272955019, -0.5757492972405004, 0.3509958704626845, -0.9490813292649671, 0.5800935733895154, -0.0075389938213940785, -0.11375000837463912, -0.25173992042759863, -0.20020035551023216, -0.2894692738596486, 0.13211126011818672, 0.06413289760327909, 0.3446097850883638, -0.5426028529559125, -0.07918467506503343, -0.07729707742150829, -0.20215614017234668, -0.6448218103325277, 0.15751809976812542, 0.6667401367386548, -0.9913584819090325, 0.7460518270000689, 0.7861645432329855, -0.5415023738344008, 0.010140188572015207, -0.2843446144494337, -0.14336341549928017, -0.6737498620292384, -0.6370303014821737, -0.6796358903492018, 0.9120414472137118, -0.8418301576045973, -0.5596344868702848, -0.6301570843742592, 0.735486511779493, 0.18402072377967976, 0.005254985367636668, -0.37631109086737907, 0.10488413865598845, 0.06877715617853766, -0.07782219998717606, -0.1899200275338892, -0.744659032096836, -0.6204485068510959, -0.22647799865798343, 0.5531754157998839, -0.1849791160726509, 0.2639945896700297, 0.17200878222551366, 0.7049648032569853, 0.8719451490394956, 0.4658661181768355, 0.640559108100554, 0.02996927110039289, -0.7888803413181976, 0.6625528936039189, -0.42597199385452766, -0.03441071683261149, 0.5711236734357514, -0.2884933606188523, 0.7674627812298075, 0.39894810504189687, -0.34260630586169305, -0.7948303796500156, 0.6526342196043804, -0.22509545412664392, 0.04360255557668394, -0.54294299536686, -0.0972901612910687, 0.45280816615815045, 0.10281625889773077, -0.08615822712663324, 0.062219751110147895, 0.44699323964976573, 1.001063367169646, 0.922414732294543, 0.30437266594966006, -0.4528499463966935, 0.14804001699412517, 0.3669039310990929, 0.9406691286335956, 0.07085040892246422, 0.7316713809852897, 0.7288566635595869, -0.8338203259274187, -0.08751465302108866, -0.1705583862214456, 0.08583600297014493, -0.8414981263401938, -0.22874257127929368, -0.23814740679475419]
126.66024906143386	(8, 12, 2)	[-0.42446349734376687, -0.2473089024723948, 0.6704237515808082, 0.52205722621832, -0.28975948724854667, 0.11413809328142062, -0.35904589289710603, 0.1475528564381476, -0.39459049229013754, 0.09927658461559397, -0.853993019428471, -0.4212449235716192, -0.8475025460562036, 0.7020413550918414, 0.9713519955145637, -0.014442658616968643, 0.2125894940074418, -0.11001648393521676, 0.7994992693236741, -0.03184224853702486, 0.4759750394134669, 0.5383533041635167, 0.574081968204972, -0.39835114656459725, 0.8300774137929013, -0.4047756334301512, -0.8443456447689951, 0.2676472532950833, -0.21654154435443568, -0.2796753272955019, -0.5757492972405004, 0.3509958704626845, -0.9490813292649671, 0.7455756735495358, -0.0075389938213940785, -0.11375000837463912, -0.25173992042759863, -0.20020035551023216, -0.2894692738596486, 0.0996532039675737, 0.06413289760327909, 0.3446097850883638, -0.5426028529559125, -0.07918467506503343, -0.07729707742150829, -0.20215614017234668, -0.6448218103325277, 0.15751809976812542, 0.6667401367386548, -0.9913584819090325, 0.7460518270000689, 0.7861645432329855, -0.5415023738344008, 0.010140188572015207, -0.2843446144494337, -0.14336341549928017, -0.6737498620292384, -0.6370303014821737, -0.6796358903492018, 0.9120414472137118, -0.8418301576045973, -0.5596344868702848, -0.6301570843742592, 0.735486511779493, 0.18402072377967976, 0.005254985367636668, -0.37631109086737907, 0.10488413865598845, 0.06877715617853766, -0.07782219998717606, -0.1899200275338892, -0.744659032096836, -0.6204485068510959, -0.22647799865798343, 0.5531754157998839, -0.1849791160726509, 0.2639945896700297, 0.17200878222551366, 0.7049648032569853, 0.8719451490394956, 0.4658661181768355, 0.640559108100554, 0.02996927110039289, -0.7888803413181976, 0.6625528936039189, -0.42597199385452766, -0.03441071683261149, 0.5711236734357514, -0.2884933606188523, 0.7674627812298075, 0.39894810504189687, -0.34260630586169305, -0.7948303796500156, 0.6526342196043804, -0.22509545412664392, 0.04360255557668394, -0.54294299536686, -0.0972901612910687, 0.45280816615815045, 0.10281625889773077, -0.08615822712663324, 0.062219751110147895, 0.44699323964976573, 1.001063367169646, 0.922414732294543, 0.30437266594966006, -0.4528499463966935, 0.14804001699412517, 0.3669039310990929, 0.9406691286335956, 0.07085040892246422, 0.7316713809852897, 0.7288566635595869, -0.8338203259274187, -0.08751465302108866, -0.1705583862214456, 0.08583600297014493, -0.9392879467390313, -0.22874257127929368, -0.23814740679475419]
660.652909489429	(8, 12, 2)	[-0.4242164636692234, 0.8322549422426404, 0.8567233131223229, 0.521480750572702, -0.16194361941725388, 0.13488866146696848, -0.34882535372946466, 0.14715149295395372, -0.3914272380766493, 0.08246228898362998, -0.832057555489694, -0.4177278242748834, -0.8474006537255359, 0.70252263232765, 0.7076468007254486, -0.011286669415126713, 0.20529384791749206, -0.26832224610963634, 0.8247266240825742, 0.058658037686746364, 0.5034069754655787, 0.5640988934330228, 0.4655693800826374, -0.39473236669293255, 0.8323171086002286, -0.49310389014078304, -0.8029701540789331, 0.2250922789707812, -0.19536768484093894, -0.29241932351241845, -0.5604075814361149, 0.3487927366215756, -1.044854686036913, 0.545745191999169, -0.018882587941054157, -0.11382651799896369, -0.25805318779531355, -0.20305792236715922, -0.2727018631869315, 0.338585012482304, -0.11609243937444469, 0.33222919927821887, -0.5246281917515474, -0.0987226785683869, -0.07821995007708472, -0.1883557684794508, -0.5279764333211012, 0.15376330633172267, 0.6804060443426179, -0.9912498601077865, 0.737602011808652, 0.7839993412952125, -0.5354281631960562, 0.47604096644396887, -0.2609128482766914, -0.17231177277939447, -0.6787949571047847, -0.6510897462792352, -0.7056210034783489, 0.9196131933821634, -0.4871574248206856, -0.5415982924472493, -0.6014354242559855, 0.7272592247218297, 0.19463874503145975, 0.03348009835364056, -0.24866941434984824, -0.1802617512817939, 0.07944057480254368, -0.08077166438629231, -0.20138888904747732, -0.7461696180631698, -0.6609389299250186, -0.22545155704029407, 0.540484528001325, -0.17305065275838055, 0.26344718449525906, 0.21197626413609427, 0.9315675507655754, 0.854584477008594, 0.46548869408947086, 0.6532111603162846, 0.029421162298760115, -0.7867051772544745, 0.6632984348079672, -0.5109215584830662, -0.271942062401932, 0.5984759575403273, -0.3165362100266115, 0.8411139198578051, 0.4056672280155865, -0.3332798869858445, -0.9970912022281571, 0.633348529247111, -0.2245016812169101, 0.08375088485764415, -0.5569947465098155, -0.11412537825072996, 0.4492005259767944, 0.09479974184929395, -0.0925342249037943, 0.12237905709855257, 0.44708570780606066, 0.9815224984698487, 0.8563110204196174, 0.16132442478496511, -0.4527123061167511, -0.14409910066298615, 0.5094729216370698, 0.9420268061880814, 0.18648239796315086, 0.7333121260548786, 0.6080848556910509, -0.8294317952945741, -0.10063087689075671, -0.16856975994009257, 0.1422731880612775, -0.7902838671094891, -0.22827856658957954, -0.23757198128182289]
989.9726752763704	(8, 12, 2)	[-0.42363873022621995, 0.2911307791958866, 0.7098668964095868, 0.5220558838648787, -0.29182954868392624, 0.11628744895205122, -0.2616661549958472, 0.07040982919984803, -0.39446473014180555, 0.0957907948324988, -0.8546078064929845, -0.44509460498987236, -0.8471736648303574, 0.7070692515539702, 0.6633591829237173, -0.01611054138882907, 0.22473920187780108, -0.10972557231358106, 0.8648385098142608, 0.10698773917208133, 0.5106825347713215, 0.5492381277425818, 0.5770151420565018, -0.39871932133420696, 0.8444654164485947, -0.4052720569948278, -0.864260711812131, 0.24110546999248883, -0.21510784169868843, -0.2821673413166085, -0.5447048109417281, 0.29842634667064827, -0.9506353178424961, 0.6955922862594475, 0.026484265222026036, -0.11457416521600092, -0.2542367492002831, -0.18761499090039652, -0.2857578756044838, 0.32654252011052837, -0.07235954857247269, 0.3455105318467459, -0.5256260978999314, -0.07940475167604383, -0.07644385334901926, -0.2002697803490989, -0.6376744505328941, 0.15724536846759482, 0.6775232256245922, -0.9914101174755634, 0.6978215540313523, 0.7988828757162725, -0.5375686914202839, -0.23283848640960259, -0.31898725678062134, -0.12868706002217728, -0.6790115834434871, -0.6083591012086583, -0.6846434565285304, 0.9241047190652631, -0.429802043059778, -0.550681232291264, -0.6400700576581921, 0.7289804202017618, 0.1838771904755131, 0.003267001663942904, -0.30936766478192884, 0.10375673653706585, 0.16325751047611128, -0.07754729357838708, -0.1750220493002128, -0.7481810981246282, -0.6212120641220445, -0.2256634057245595, 0.5357735795485418, -0.17237611323274032, 0.2652806400176775, 0.21474629888414387, 0.8625226994197869, 0.8779509975146483, 0.4677188918750863, 0.6496056853493716, 0.030141427528424847, -0.7882568938773048, 0.679736238670928, -0.49567463042027654, -0.2982562682115981, 0.5705395667196673, -0.2306869364457924, 0.8142569354643885, 0.4126160578418847, -0.27678141935597206, -0.9587314663347433, 0.6458465433133557, -0.220092656848381, 0.030787379088653522, -0.5444457944191106, -0.10804511884783248, 0.44108800043097285, 0.07971281114556131, -0.048418197642498204, 0.06200093810267572, 0.4471530881911926, 0.9702567412762, 0.925356905746009, 0.3335912592473922, -0.45318112375489944, 0.15528847826369757, 0.3724398338380028, 0.9377367752800057, 0.19333185514481158, 0.7319901991013449, 0.6937974228910005, -0.8337461370854765, -0.08570725577272423, -0.17436195200783663, 0.07389393796872423, -0.9757985739601486, -0.2278642201515919, -0.2379573061532965]
571.0191863368003	(8, 12, 2)	[-0.42363873022621995, 0.2911307791958866, 0.7098668964095868, 0.5220558838648787, -0.29182954868392624, 0.11628744895205122, -0.2616661549958472, 0.07040982919984803, -0.39446473014180555, 0.0957907948324988, -0.8546078064929845, -0.44509460498987236, -0.8471736648303574, 0.7070692515539702, 0.6633591829237173, -0.01611054138882907, 0.22473920187780108, -0.10972557231358106, 0.8648385098142608, 0.10698773917208133, 0.5106825347713215, 0.5492381277425818, 0.5770151420565018, -0.39871932133420696, 0.8444654164485947, -0.4052720569948278, -0.864260711812131, 0.24110546999248883, -0.21510784169868843, -0.2821673413166085, -0.5447048109417281, 0.29842634667064827, -0.9506353178424961, 0.6955922862594475, 0.026484265222026036, -0.11457416521600092, -0.2542367492002831, -0.18761499090039652, -0.2857578756044838, 0.32654252011052837, -0.07235954857247269, 0.3455105318467459, -0.5256260978999314, -0.07940475167604383, -0.07644385334901926, -0.2002697803490989, -0.6376744505328941, 0.15724536846759482, 0.6775232256245922, -0.9914101174755634, 0.6978215540313523, 0.7988828757162725, -0.5375686914202839, -0.23283848640960259, -0.31898725678062134, -0.12868706002217728, -0.6790115834434871, -0.6083591012086583, -0.6846434565285304, 0.9241047190652631, -0.429802043059778, -0.550681232291264, -0.6400700576581921, 0.7289804202017618, 0.1838771904755131, 0.003267001663942904, -0.30936766478192884, 0.10375673653706585, 0.16325751047611128, -0.07754729357838708, -0.1750220493002128, -0.7481810981246282, -0.6212120641220445, -0.2256634057245595, 0.5357735795485418, -0.17237611323274032, 0.2652806400176775, 0.21474629888414387, 0.8625226994197869, 0.8779509975146483, 0.4677188918750863, 0.6496056853493716, 0.030141427528424847, -0.7882568938773048, 0.679736238670928, -0.49567463042027654, -0.2982562682115981, 0.5705395667196673, -0.2306869364457924, 0.8142569354643885, 0.4126160578418847, -0.27678141935597206, -0.9587314663347433, 0.6458465433133557, -0.220092656848381, 0.030787379088653522, -0.5444457944191106, -0.10804511884783248, 0.44108800043097285, 0.12104327154263285, -0.048418197642498204, 0.06200093810267572, 0.4471530881911926, 0.9702567412762, 0.925356905746009, 0.3335912592473922, -0.45318112375489944, 0.15528847826369757, 0.3724398338380028, 0.9377367752800057, 0.19333185514481158, 0.7319901991013449, 0.6937974228910005, -0.8337461370854765, -0.08570725577272423, -0.17436195200783663, 0.07389393796872423, -0.9549245666543599, -0.2278642201515919, -0.2379573061532965]
323.89582747168333	(8, 12, 2)	[-0.44837952467292425, -0.011394746863698004, 0.7098779406163077, 0.5220580271374329, -0.2514411388417645, 0.11542935308723783, -0.32063586352542506, 0.14734754010256795, -0.3976850820173328, 0.09971594019931423, -0.8364220184465929, -0.4447618039664468, -0.8474334056123891, 0.7047057537687058, 0.725823710690768, -0.014361332676522134, 0.21830657529320094, -0.11376351257695151, 0.8049801400710929, 0.044806516324846196, 0.4790079022479204, 0.5480546537379276, 0.5687966578874334, -0.3988663696760334, 0.8336528159660702, -0.4027961486912514, -0.8469113184299737, 0.25450810597690077, -0.2166109631502131, -0.28300782876867003, -0.5682424208866129, 0.6607703829370751, -0.950269218411488, 0.5981380932702662, 0.029539303762704156, -0.11438449794243302, -0.2552301130049213, -0.19395611920280112, -0.2855938425703608, 0.33230739855251057, 0.02233809618037412, 0.34589723040139586, -0.5418838007889899, -0.08043653294712971, -0.07705854170456093, -0.20340804396392073, -0.6393136198347135, 0.15769870053025864, 0.6756539757485613, -0.9918422599353561, 0.7154109700699327, 0.7887963876269375, -0.5381059001076283, 0.02732444755674074, -0.4114584022950535, -0.1314113458649078, -0.6748638369827141, -0.6226475905232884, -0.6838721810788103, 0.9231885911658516, -0.48734906179118326, -0.5620142407097501, -0.6052999504333608, 0.7321224129102102, 0.18414993324231277, 0.011467392102509522, -0.33160400954724656, 0.10417716129259494, 0.17208180095920428, -0.05842388645926144, -0.17992572582286445, -0.795050148835983, -0.6213572679191621, -0.22637170120347835, 0.5446168614300477, -0.17259179802635505, 0.2630734601863056, 0.17523093568248155, 0.8733148909253865, 0.8764864150935543, 0.46766703712666174, 0.6388664713426362, -0.00556104129617372, -0.8240301144750763, 0.6739466110558675, -0.4170441914913956, -0.34741977802538765, 0.581394553580174, -0.2696254658547263, 0.765767164886328, 0.40428370588632334, -0.27754442403762214, -0.8636722404573207, 0.6315263521379237, -0.22488520191111208, 0.03205747848545569, -0.5406909579238972, -0.10037858739316927, 0.446523149813966, 0.0788083293143026, -0.06610721602008018, 0.06265216002518859, 0.44572659455217994, 0.9992869144016113, 0.9206902977305583, 0.33605438425888373, -0.4529616246198696, 0.06339986031672638, 0.3746818142691623, 0.9381994933187777, 0.028896688785410303, 0.7319579315924819, 0.7129636882280378, -0.8222152401866563, -0.08823527951975774, -0.17163401048609297, 0.08354889531440136, -0.9040171996440101, -0.22868751004569926, -0.22579044124186026]
303.7857155476185	(8, 12, 2)	[-0.3933710796186519, 0.5180822295766159, 0.8785645210090567, 0.5160360064275372, -0.29106313860443656, 0.11757183507138265, -0.27299145156145693, 0.07842257040256019, -0.390226457118031, 0.08906271553768313, -0.8542436518848696, -0.44833428493932487, -0.8471192102283768, 0.70894714835849, 0.6689133001616708, -0.012398070827610727, 0.17539120327756022, -0.1163783005956728, 0.8735368164008603, 0.1143194829593952, 0.5434424649438517, 0.5975447571865113, 0.5435719091051425, -0.39227471043063716, 0.8444592584762154, -0.4124856098238132, -0.8620929050229644, 0.26281202787663105, -0.2204813049348856, -0.28676805420821905, -0.5451260376476096, 0.30359015353781865, -0.9531886557303407, 0.6986249004592782, 0.07133558600788782, -0.11457426242262811, -0.22872196539175538, -0.1871268861472052, -0.2708755413740202, 0.28968667595648573, -0.11521579336104246, 0.34644613133282387, -0.4722578479631127, -0.1971002258082025, -0.07684968118699978, -0.19671166224240433, -0.6322934524269375, 0.14985573498814517, 0.6774759092023748, -0.9928711059998195, 0.7052853727347154, 0.7746422609796011, -0.5380857768639324, -0.20971983075946854, -0.3173106904031333, -0.32230082425796436, -0.6785675397647483, -0.610247208277182, -0.7002859435723634, 0.921156016194457, -0.4150345485361786, -0.5477784983126815, -0.6377337886591861, 0.7289163256352449, 0.18708482628458986, 0.018546659117904703, -0.2718057315033718, -0.08866540042376134, 0.1842620557991904, -0.028325709769583846, -0.17410471765447263, -0.7538545326384024, -0.7058919128850053, -0.2258334165344286, 0.5400453333143771, -0.15359441270302146, 0.2655394202344618, 0.21311535226429165, 0.9278248175030154, 0.8831168603026328, 0.4677175024323499, 0.6497218358053142, 0.02919622514079266, -0.6672252582653311, 0.652900666946678, -0.5109756719065106, -0.32543743428344446, 0.5805171999418728, -0.22791994452381048, 0.8067668151942915, 0.42059200568670047, -0.28473790092543666, -0.9591272308930775, 0.6430793816373391, -0.21913696620812578, 0.007774871394423509, -0.3409069897380883, -0.08387686312832332, 0.4181636000118861, 0.08034652163260068, -0.07521225782202429, 0.042564259579414246, 0.43422924931276585, 0.9689482110038413, 0.9049877880110259, 0.33304219994754786, -0.4569233965433832, 0.05980895679550263, 0.43776391556924676, 0.9329474971512653, 0.2650489798064212, 0.7320613550635926, 0.5786841016269919, -0.8335883738149078, -0.08164149881357782, -0.17843957123063756, 0.0925541713586413, -0.8546588420910788, -0.2281153695992719, -0.17066417078074653]
1134.0702333651466	(8, 12, 2)	[-0.424380226910701, 0.3112979905458254, 0.663520969085653, 0.5220520485312758, -0.22787607145004368, 0.11621555572868043, -0.3616566158962806, 0.05936310038623325, -0.39541949700444695, 0.09967363750918687, -0.8509403032839173, -0.4451882356269644, -0.8471988816087269, 0.7043228163192458, 0.8445809131811404, -0.015573295108564924, 0.2206620456393158, -0.189734290183332, 0.7941178762468264, 0.12747568772159124, 0.46579223260805247, 0.5500673509934279, 0.5788705183466311, -0.39850791996189816, 0.7864247728469907, -0.42191079157133776, -0.8595297549585658, 0.24622746931037057, -0.20902956587861216, -0.28288427477336797, -0.5495060064333552, 0.3808203706975029, -0.9593448993321411, 0.6973886531585956, -0.003295030949274828, -0.11395653772939217, -0.2552338132677821, -0.19922106042100865, -0.286240692517542, 0.32531106484181826, -0.030030383076544365, 0.3442640212509914, -0.5274045177250815, -0.08052667265678141, -0.076379073298862, -0.1967195702874276, -0.652233839773928, 0.15705261761857692, 0.6769463837235761, -0.991399280080029, 0.7284564801887063, 0.7956887691557191, -0.537339874828396, -0.17679147451841973, -0.26227389100373244, -0.11410535376450667, -0.6795368930961051, -0.6193346382237066, -0.6846749838270095, 0.9181919642824717, -0.45076128518091535, -0.5504299460975054, -0.6037032642924046, 0.7302787027484584, 0.18404065313087026, 0.0065107366601560935, -0.291785347947058, 0.075762248770363, 0.16324943329398983, -0.11283948109834212, -0.17140977551369885, -0.7862037820207811, -0.6213281620492586, -0.22614609105323483, 0.5666023159922784, -0.17263568201591603, 0.26519099938459323, 0.20771437025487868, 0.8169628020966744, 0.8722423451948539, 0.4671221523982729, 0.6495827936339768, 0.01668779420713113, -0.7936356917605302, 0.67552204794867, -0.43992441809959676, -0.30450824951047534, 0.5728971388662807, -0.23744219013611748, 0.81513298637818, -0.09762385647626266, -0.33688946290034694, -0.8471020970939491, 0.6440104029310745, -0.2235881114071187, 0.03057976288635779, -0.5450916869794322, -0.10767077607528762, 0.44436607688194035, 0.11878403246176344, -0.062456812885358086, 0.07356437566313132, 0.44744663322983563, 0.9889521611687406, 0.9242359809661963, 0.33257970691149324, -0.45307549822350074, 0.11548071269255994, 0.43605753172892797, 0.9425178093966744, 0.16023178800542912, 0.7320629432891183, 0.6916580096380152, -0.8343658215533416, -0.08543382754962779, -0.17247682675372622, 0.07779564190751329, -0.9634508655221521, -0.22788220314118757, -0.23860474875512303]
337.1666431308605	(8, 12, 2)	[-0.4364698024060063, 0.1412435506127681, 0.8233171217878997, 0.5240920503948895, -0.29435905341990737, 0.057732391252427503, -0.3339648706379028, 0.14510291911162773, -0.41221469887593487, 0.0906416770696648, -0.856362378831495, -0.42162467487384653, -0.8724276989192066, 0.6975624609792396, 0.7938455199739652, -0.014704105248176447, 0.21257474428658082, -0.13725327799730597, 0.8135119740959821, -0.043612892286568006, 0.485610985360175, 0.5417133317326446, 0.5707958552890257, -0.3970471642259642, 0.8447183433824929, -0.42175048916038427, -0.8677638428722164, 0.26336590042730507, -0.2152754393818433, -0.2788774676372384, -0.5763091922506328, 0.25011691400981967, -0.9492536347643252, 0.643828037840122, -0.00799906491165809, -0.14175150614309615, -0.2040617742732475, -0.198094145530315, -0.2827904843931644, 0.16812017471427396, 0.008102520195185203, 0.35077583272190116, -0.5517823950260448, -0.07661886579315948, -0.07751955550975376, -0.18793860417032904, -0.6384829110960449, 0.1573050382537522, 0.6866348314166739, -1.0207079988755736, 0.7644057276274825, 0.7919864187892891, -0.5389009180887385, -0.060602776682382405, -0.2867330021084345, -0.18918636618862117, -0.6759026735714313, -0.6717688203234531, -0.6898666198301263, 0.912999367861917, -0.8087038150549484, -0.5522683748922204, -0.6199487758905142, 0.7327910914910777, 0.18385052889815687, 0.00934702918113392, -0.34328564052231036, 0.11150982215962091, 0.09899895341920428, -0.0171369002729678, -0.188032775595794, -0.8025884304673014, -0.6274005448803215, -0.2757380325420734, 0.5533231996004602, -0.17467870527799753, 0.2620256672996274, 0.19352315663177255, 0.7443150363695553, 0.8747052229785726, 0.47324130474272974, 0.6414004532755541, -0.01320464224428946, -0.745534595570526, 0.6898179761028274, -0.5488697117835881, -0.6352669021408064, 0.5930094388068926, -0.2837631716940575, 0.8624324397453045, 0.4013864980822094, -0.34263790893017393, -0.9448343333718354, 0.6025498452678201, -0.22626116168568103, 0.022054051588299976, -0.5418691737751639, -0.09638659613549154, 0.43782346535048633, 0.08868557665722077, -0.08806213437165815, 0.047479017632127425, 0.4479233708480148, 1.0007818267135271, 0.9011299417278145, 0.30472256197914593, -0.45281112871435975, 0.1036500940496047, 0.4491799094718675, 0.9417979018384289, 0.2228607474147513, 0.7318300758795373, 0.6713714245079615, -0.8284123129862149, -0.08849307905013261, -0.17066938578253388, 0.09381840284863416, -0.9492006980201162, -0.2287407311489941, -0.27022291137790705]
1294.863014692302	(8, 12, 2)	[-0.4240941769879979, 0.4853142347493994, 0.7046073104186827, 0.5220819278716252, -0.28562035921002316, 0.11615068765882391, -0.2740504647435083, 0.07912545040196854, -0.36200978422018243, 0.09680230873711741, -0.8518208909771526, -0.4504125508754085, -0.8471524843235727, 0.7071271067673367, 0.7159550472909338, -0.015389597946453625, 0.2287418099527812, -0.2147305804830247, 0.8668420972697236, 0.05344139295703672, 0.5552344267890772, 0.5483413755996774, 0.49731053158541677, -0.3975832163048405, 0.8271564772574344, -0.46027960078458363, -0.8760149042080285, 0.2429202018192679, -0.2093211158109014, -0.28206640438472347, -0.5437882304473438, 0.2644761581720995, -1.0660482748123827, 0.6426272695615007, 0.017130007915347564, -0.11456994228301356, -0.25611838501839695, -0.1867880728245558, -0.2761878054696813, 0.3316805310665131, -0.08519482389552599, 0.33430386615812496, -0.531562692540568, -0.077731820424697, -0.07657162498511562, -0.18313967617335547, -0.6391278603680427, 0.15597504944360716, 0.6757342970506498, -0.9914892128719698, 0.7295134465662734, 0.7999285578512242, -0.5372622902215758, -0.266835131249876, -0.36596092327398766, -0.12930551527982975, -0.6787669728840491, -0.6098477767890514, -0.6880675157381928, 0.9241225389564927, -0.47468860217436637, -0.5483226650348481, -0.6275197353741848, 0.7284547804976684, 0.18190869199615747, 0.015579486517835632, -0.31065682604874756, 0.12278625535896392, 0.15233450339594307, -0.0814360631294795, -0.2314796339958055, -0.7444117586840594, -0.6338992565393347, -0.225511298119709, 0.5412392643436637, -0.17264845856153202, 0.2647718389968763, 0.21064574686481174, 0.8730869704342238, 0.8740808812995993, 0.4959446882257855, 0.6537976216367755, 0.03080515774272167, -0.7888231098744415, 0.6599608240410042, -0.501360376693128, -0.3248292549814531, 0.5714961558879162, -0.243443830403312, 0.827152854189985, 0.41287735125051916, -0.2658960392896611, -0.9476519829486498, 0.6378860392067828, -0.22367413791157797, 0.03366500794720551, -0.546841757765275, -0.10470158640837131, 0.4553381575027091, 0.1213198417671208, -0.06860516102639698, 0.09690890877013329, 0.42814949006230546, 0.9883269131545187, 0.925252360942661, 0.29186918689760694, -0.4532067154637389, 0.0634355972058689, 0.4205131352397564, 0.9391910476405904, 0.19261077391822462, 0.7322203770123163, 0.6896468045715882, -0.8330771414695811, -0.09071738143078609, -0.17295916246485007, 0.08808581483650049, -0.941589205105043, -0.22786752047585904, -0.2352906016881375]
590.8155364461816	(8, 12, 2)	[-0.42419788635107714, 0.4590637160605374, 0.6626076582257179, 0.5220555804311092, -0.2281558732483684, 0.11615293952157577, -0.25512636335566485, 0.07791408346632248, -0.36587251792348885, 0.09773454675559186, -0.8519411135216317, -0.45053643787796444, -0.8471955248939519, 0.7076257724757468, 0.7125901727814856, -0.0153912627763804, 0.21965403919005838, -0.2136760379371031, 0.8488129688020061, 0.03691010101124846, 0.5692411748496184, 0.5500067558111896, 0.4939442912663799, -0.39856889448958854, 0.7941530329062708, -0.4217510261025824, -0.8565927474231165, 0.24314088410416498, -0.20902899428742924, -0.2823185134810087, -0.5488390338072759, 0.3557289887202994, -1.083350068517732, 0.636749079115794, -0.0052423603019982334, -0.11453758116000573, -0.2562233162257496, -0.19464927449556876, -0.27887627031543155, 0.3329002469315503, -0.022242100270522036, 0.3347713083557039, -0.5322366678874546, -0.07956634267665484, -0.0764712702553344, -0.18051218052103743, -0.646198369656873, 0.15579048973291953, 0.6961309434793798, -0.9913780556655618, 0.7292695669323539, 0.7957632656899011, -0.5373588558793638, -0.16881038479498117, -0.33590191196677177, -0.12930596835754504, -0.6789006872090503, -0.6101738269324858, -0.6885184182087457, 0.9238575788967093, -0.4453309043728927, -0.5478723113635425, -0.60209027428902, 0.7290485297227213, 0.18345984420396286, 0.010383949817359694, -0.29451827107482526, 0.1237082410226051, 0.1506285272518627, -0.09722219845583414, -0.23627846917832795, -0.7405056437706752, -0.628715506199013, -0.22565769460083698, 0.558461361872297, -0.17264807974964513, 0.2648337520469962, 0.20734791624226728, 0.857793849152981, 0.872424478569269, 0.497464882331027, 0.6518459526902001, 0.019177392765504366, -0.7927034632307488, 0.6573105709982325, -0.4719839273937445, -0.30773884861989276, 0.5730799545714464, -0.23900400357717244, 0.8178449698267126, -0.18973332958835895, -0.29669014708284064, -0.9706316969321255, 0.6409167940852405, -0.22358681806957248, 0.03132672225329936, -0.5458668296544199, -0.10808942056136979, 0.4462358967871448, 0.11891409554118533, -0.06827270374582312, 0.08747103645895024, 0.42890250015066744, 0.9889497602680917, 0.9253163892934481, 0.28275935784397793, -0.45318690354583113, 0.1182846127502999, 0.4361985610269107, 0.9389438591691877, 0.18917448566912184, 0.7334247293110032, 0.689777182124907, -0.8332864493125781, -0.09010098101831565, -0.17268628833555236, 0.0794844621252484, -0.9440413406214703, -0.2278826695769481, -0.2350519546608954]
599.2466815062535	(8, 12, 2)	[-0.4238285506343208, 0.5475165978059064, 0.7216244546841036, 0.5213757566882095, -0.28504270384174024, 0.11853622111034419, -0.2810619751997833, 0.10794810857812365, -0.3335340569791613, 0.09369230911062922, -0.8447699338715535, -0.4492190709649527, -0.8461711590859406, 0.7085520674386053, 0.6674006831319447, -0.015611924438496093, 0.23055837831464304, -0.20714754879348746, 0.8594304646342267, 0.06555365979085118, 0.5208491589810296, 0.5477463612452408, 0.6511707798936057, -0.3984806074569966, 0.8332529104231395, -0.4467983591246929, -0.8769134735702212, 0.24233833580143782, -0.219894135696452, -0.29479524713872446, -0.5473388016094733, 0.2721936992852821, -1.0516588881511995, 0.6352986931685962, 0.06367645251661017, -0.12093977558294419, -0.277506674257726, -0.1930835590355727, -0.27635148169104284, 0.3037507811676738, -0.0872958747536805, 0.3396157238023462, -0.5347237259079904, -0.08572802725229624, -0.07687645344389757, -0.18347536952221002, -0.6392225682633271, 0.15405739800027538, 0.6980478572954952, -0.9879923247055108, 0.729471612246477, 0.7972406441856408, -0.5292615343965458, -0.18824026450806014, -0.31398581332393377, -0.13177303396185913, -0.6723207846693544, -0.6122495762745749, -0.6981331327212714, 0.929893665788799, -0.5853370763950603, -0.5623165480036819, -0.6480674753890658, 0.72791860153345, 0.18531384653214786, 0.020679320665556028, -0.2984897153345375, 0.10509185469380955, 0.1439347957967665, -0.08270735824156956, -0.193495030333605, -0.7406916992091127, -0.6355066911755664, -0.29755293427819496, 0.5456007686310436, -0.16889076075174106, 0.26584211783087885, 0.2108460313501011, 1.217799038472309, 0.8769916337375468, 0.4823113712663798, 0.6537611643241446, 0.030034394006326508, -0.5471867198610328, 0.6879144800735585, -0.45725805961302324, -0.2848722241120583, 0.5709866902821197, -0.2562097529370988, 0.8334246235991337, 0.4130348391071905, -0.258646759770649, -0.8946690481307558, 0.6353532702656622, -0.22035533809934596, 0.03533432517003035, -0.5436740982560443, -0.1006470937085095, 0.4739672025466446, 0.09999313874596094, -0.06381312914797169, 0.10030948157843328, 0.4418518706511359, 0.9174201206704132, 0.9306855040410392, 0.27426368987423705, -0.45504886537008005, 0.16001950977989807, 0.4663690078866032, 0.937777499977088, 0.1919888552425349, 0.7778855879827844, 0.6365663440488489, -0.8330520525959172, -0.08990687800966338, -0.16975734264663586, 0.10398098144118756, -0.663078642840294, -0.22269993838133842, -0.23743081893884996]
608.1802454284206	(8, 12, 2)	[-0.4238285506343208, 0.5475165978059064, 0.7216244546841036, 0.5213757566882095, -0.28504270384174024, 0.11853622111034419, -0.2810619751997833, 0.10794810857812365, -0.3335340569791613, 0.09369230911062922, -0.8447699338715535, -0.4492190709649527, -0.8461711590859406, 0.7085520674386053, 0.6674006831319447, -0.015611924438496093, 0.23055837831464304, -0.20714754879348746, 0.8594304646342267, 0.06555365979085118, 0.5208491589810296, 0.5477463612452408, 0.6511707798936057, -0.3984806074569966, 0.8332529104231395, -0.4467983591246929, -0.8769134735702212, 0.24233833580143782, -0.219894135696452, -0.29479524713872446, -0.5473388016094733, 0.2721936992852821, -1.0516588881511995, 0.6352986931685962, 0.06367645251661017, -0.12093977558294419, -0.277506674257726, -0.1930835590355727, -0.27635148169104284, 0.3037507811676738, -0.0872958747536805, 0.3396157238023462, -0.5347237259079904, -0.08572802725229624, -0.07687645344389757, -0.18347536952221002, -0.6392225682633271, 0.15405739800027538, 0.6980478572954952, -0.9879923247055108, 0.729471612246477, 0.7972406441856408, -0.5292615343965458, -0.18824026450806014, -0.31398581332393377, -0.13177303396185913, -0.6723207846693544, -0.6122495762745749, -0.6981331327212714, 0.929893665788799, -0.5853370763950603, -0.5623165480036819, -0.6480674753890658, 0.72791860153345, 0.18531384653214786, 0.020679320665556028, -0.2984897153345375, 0.10509185469380955, 0.1439347957967665, -0.08270735824156956, -0.193495030333605, -0.7406916992091127, -0.6355066911755664, -0.29755293427819496, 0.5456007686310436, -0.16889076075174106, 0.26584211783087885, 0.2108460313501011, 1.217799038472309, 0.8769916337375468, 0.4823113712663798, 0.6537611643241446, 0.9590529543272006, -0.5471867198610328, 0.6879144800735585, -0.45725805961302324, -0.2848722241120583, 0.5709866902821197, -0.2562097529370988, 0.8334246235991337, 0.4130348391071905, -0.258646759770649, -0.8946690481307558, 0.6353532702656622, -0.22035533809934596, 0.03533432517003035, -0.5436740982560443, -0.1006470937085095, 0.4739672025466446, 0.09999313874596094, -0.06381312914797169, 0.10030948157843328, 0.4418518706511359, 0.9174201206704132, 0.9306855040410392, 0.27426368987423705, -0.45504886537008005, 0.16001950977989807, 0.4663690078866032, 0.937777499977088, 0.1919888552425349, 0.7778855879827844, 0.6365663440488489, -0.8330520525959172, -0.08990687800966338, -0.16975734264663586, 0.10398098144118756, -0.663078642840294, -0.22269993838133842, -0.1450614809708492]
355.9938020300221	(8, 12, 2)	[-0.4606465434099459, 0.24649534850815, 0.8025114945283796, 0.5228577102300689, -0.19042991751395938, 0.1165733005880531, -0.292740809900409, 0.11202012518004184, -0.4069364689887491, 0.2500875417381669, -0.8560524983674768, -0.42934047816152743, -0.8659625225330474, 0.7061293998883158, 0.7654361274819508, -0.01633569324018413, 0.22086565775260067, -0.14399715594910997, 0.8299787852352681, -0.005883719020381114, 0.5048762343321652, 0.5659024699104469, 0.5566421112360279, -0.39678451261381575, 0.8306825830456832, -0.448225183762364, -0.8335136913084807, 0.23911288861101915, -0.2134247431839509, -0.2404783729511734, -0.5594506836204508, 0.2548735110516143, -0.9732040649516935, 0.7008306132858612, 0.03032641794262421, -0.11450104851105049, -0.2520661834228306, -0.1944811850209004, -0.254288429746681, 0.33156697191654644, -0.0361567586979447, 0.330968122303937, -0.541153271534902, -0.08896797973951784, -0.32516633833514047, -0.20387190919309678, -0.5607764226144111, 0.1573923631288338, 0.6733174357161623, -1.0617534045188735, 0.6993834247146338, 0.7906420221229212, -0.5381104084451559, 0.07406892820603028, -0.27917557661677767, -0.16533376348915266, -0.6784054727705435, -0.6395809322664527, -0.7174670640081832, 0.9219626543748451, -0.3627466876831652, -0.5473817729199337, -0.5948371330052332, 0.7326438864494517, 0.18451970712541094, 0.014831302643660064, -0.3340843219010784, 0.07961989304258946, 0.0586705908547695, -0.04893924112337756, -0.17934017517047934, -0.8013196884834268, -0.6230028525958009, -0.24582199465633753, 0.5439426707255209, -0.1727498809921638, 0.26348259579661454, 0.24013153160246542, 0.8582262672405415, 0.8763262088994906, 0.48456279627782106, 0.6376406618598964, 0.011860102675338251, -0.7835822442935153, 0.6693150796085419, -0.5033164146489115, -0.3270104560991088, 0.5955184157894112, -0.3106192809317629, 0.7606482016174906, 0.4068419602557079, -0.30887487793384616, -1.014379076500913, 0.6471587839467573, -0.22184164796888492, 0.0373815037885343, -0.5543057617671445, -0.10949010781509119, 0.4397160060253877, 0.08682531490297121, -0.052765499119158336, -0.06388477817665092, 0.44658415863044254, 0.9658391819143177, 0.8663103629963451, 0.2679416485120529, -0.4533187708222129, 0.01645287233757311, 0.365090205213013, 0.9373561685209849, 0.2089856283767132, 0.7321809437301297, 0.7052320727115537, -0.8297189961878269, -0.08835984078541805, -0.17405598488281632, 0.10008403358419074, -0.8419058998736281, -0.22799188433787193, -0.26466632665190004]
726.075607761519	(8, 12, 2)	[-0.4238285506343208, 0.5475165978059064, 0.7216244546841036, 0.5213757566882095, -0.8036466132265618, 0.11853622111034419, -0.2810619751997833, 0.10794810857812365, -0.3335340569791613, 0.09369230911062922, -0.8447699338715535, -0.4492190709649527, -0.8461711590859406, 0.7085520674386053, 0.6674006831319447, -0.015611924438496093, 0.23055837831464304, -0.20714754879348746, 0.8594304646342267, 0.06555365979085118, 0.5208491589810296, 0.5477463612452408, 0.6511707798936057, -0.3984806074569966, 0.8332529104231395, -0.4467983591246929, -0.8769134735702212, 0.24233833580143782, -0.219894135696452, -0.29479524713872446, -0.5473388016094733, 0.2721936992852821, -1.0516588881511995, 0.6352986931685962, 0.06367645251661017, -0.12093977558294419, -0.277506674257726, -0.1930835590355727, -0.27635148169104284, 0.3037507811676738, -0.0872958747536805, 0.3396157238023462, -0.5347237259079904, -0.08572802725229624, -0.07687645344389757, -0.18347536952221002, -0.6392225682633271, 0.15405739800027538, 0.6980478572954952, -0.8298472323645602, 0.729471612246477, 0.7972406441856408, -0.5292615343965458, -0.18824026450806014, -0.31398581332393377, -0.13177303396185913, -0.6723207846693544, -0.6122495762745749, -0.6981331327212714, 0.929893665788799, -0.5853370763950603, -0.5623165480036819, -0.6480674753890658, 0.72791860153345, 0.18531384653214786, 0.020679320665556028, -0.2984897153345375, 0.10509185469380955, 0.1439347957967665, -0.08270735824156956, -0.193495030333605, -0.7406916992091127, -0.6355066911755664, -0.29755293427819496, 0.5456007686310436, -0.16889076075174106, 0.26584211783087885, 0.2108460313501011, 1.217799038472309, 0.8769916337375468, 0.4823113712663798, 0.6537611643241446, 0.9590529543272006, -0.5471867198610328, 0.6879144800735585, -0.45725805961302324, -0.2848722241120583, 0.5709866902821197, -0.2562097529370988, 0.8334246235991337, 0.4130348391071905, -0.258646759770649, -0.8946690481307558, 0.6353532702656622, -0.22035533809934596, 0.03533432517003035, -0.5436740982560443, -0.1006470937085095, 0.4739672025466446, 0.09999313874596094, -0.06381312914797169, 0.10030948157843328, 0.4418518706511359, 0.9174201206704132, 0.9306855040410392, 0.27426368987423705, -0.45504886537008005, 0.16001950977989807, 0.4663690078866032, 0.937777499977088, 0.1919888552425349, 0.7778855879827844, 0.6365663440488489, -0.8330520525959172, -0.08990687800966338, -0.16975734264663586, 0.10398098144118756, -0.663078642840294, -0.22269993838133842, -0.1450614809708492]
293.64861615037523	(8, 12, 2)	[-0.4236062054579641, 0.6337606811869085, 0.8434998308602628, 0.522630228468819, -0.25403146251488595, 0.13205646746001848, -0.27032825889930456, 0.10390218094322473, -0.329443263871073, 0.0931359075409377, -0.8510964794405284, -0.4422302897516222, -0.8582683769029748, 0.7084775546667172, 0.7756536142913047, -0.014935185619807799, 0.22311081436278238, -0.20687913497513558, 0.8589645087589673, 0.012702868089653915, 0.5258669499647421, 0.5477015741459585, 0.6249858426340652, -0.3983032743860213, 0.8508855565732143, -0.44659121266665386, -0.8776596608669647, 0.25279649106642244, -0.21519163911319206, -0.2759933296492562, -0.5802807609379609, 0.27369417974524357, -0.9967742014328151, 0.6348867273268696, 0.003331947020131742, -0.12380128060256201, -0.25558374534632666, -0.19408220564140027, -0.27761713591947745, 0.30155618192896877, 0.026221640132478408, 0.3496267735580731, -0.535417722511196, -0.08177791361130302, -0.07690712755541902, -0.1846156470073424, -0.6385948671333679, 0.15473875023578526, 0.6955329711580501, -0.9925673997859487, 0.7623453483839577, 0.797191950917626, -0.5406766476531597, -0.1610518672319926, -0.30625718484960807, -0.14043085367009991, -0.6745655652852566, -0.6542723060926823, -0.6979177339320793, 0.9304584063281544, -0.6661306059278733, -0.5490968179401047, -0.6164535489420707, 0.7279340294431822, 0.1838157328027684, 0.014943172411882089, -0.2981057646470411, 0.1062896604253047, 0.12023856577488143, -0.07375162568395233, -0.21733277946432217, -0.7560210932434089, -0.6288622733576239, -0.28892693513484136, 0.5455147227511192, -0.17423392687470313, 0.2656056567833646, 0.19681391621358374, 1.1599582148822078, 0.876721785211819, 0.45607710882840014, 0.8488176002419704, 0.653212284370928, -0.5596525340772652, 0.6815352410411171, -0.467228669666389, -0.2934030634722973, 0.5705441030816392, -0.2255817277926636, 0.8635360147139851, 0.3870797507275689, -0.3494092662967612, -0.9502399971525448, 0.6287324629075685, -0.22117667149203762, 0.03238405273120912, -0.5454390976635289, -0.10415904733262382, 0.4496101371577905, 0.11842801622513636, -0.18860722273558686, 0.09323316337394795, 0.44584629576006296, 0.9589727755397234, 0.933958197691843, 0.2729107411173464, -0.4538150610179155, 0.11840494809936379, 0.46135151223719056, 0.9389355032710296, 0.19583686951923507, 0.7289665900391644, 0.683931274475329, -0.8307968375083599, -0.08991706588261077, -0.17030452439197688, 0.09181920833738047, -0.8274576779579456, -0.22409117169423423, -0.23411574058935924]
828.7792420802028	(8, 12, 2)	[-0.4236062054579641, 0.6337606811869085, 0.8434998308602628, 0.522630228468819, -0.25403146251488595, 0.13205646746001848, -0.27032825889930456, 0.10390218094322473, -0.329443263871073, 0.0931359075409377, -0.8510964794405284, -0.4422302897516222, -0.8582683769029748, 0.7084775546667172, 0.7756536142913047, -0.014935185619807799, 0.22311081436278238, -0.20687913497513558, 0.8589645087589673, 0.012702868089653915, 0.5258669499647421, 0.5477015741459585, 0.6249858426340652, -0.3983032743860213, 0.8508855565732143, -0.44659121266665386, -0.8776596608669647, 0.25279649106642244, -0.21519163911319206, -0.2759933296492562, -0.5802807609379609, 0.27369417974524357, -0.9967742014328151, 0.6348867273268696, 0.003331947020131742, -0.12380128060256201, -0.25558374534632666, -0.19408220564140027, -0.27761713591947745, 0.30155618192896877, 0.026221640132478408, 0.3496267735580731, -0.535417722511196, -0.08177791361130302, -0.07690712755541902, -0.1846156470073424, -0.6385948671333679, 0.15473875023578526, 0.6955329711580501, -0.9925673997859487, 0.7623453483839577, 0.797191950917626, -0.5406766476531597, -0.1610518672319926, -0.30625718484960807, -0.14043085367009991, -0.6745655652852566, -0.6542723060926823, -0.6979177339320793, 0.9304584063281544, -0.6661306059278733, -0.5490968179401047, -0.6164535489420707, 0.7279340294431822, 0.1838157328027684, 0.014943172411882089, -0.2981057646470411, 0.1062896604253047, 0.12023856577488143, -0.07375162568395233, -0.21733277946432217, -0.7560210932434089, -0.6288622733576239, -0.28892693513484136, 0.5455147227511192, -0.17423392687470313, 0.2656056567833646, 0.19681391621358374, 1.1599582148822078, 0.876721785211819, 0.45607710882840014, 0.8488176002419704, 0.653212284370928, -0.5596525340772652, 0.6815352410411171, -0.467228669666389, -0.2934030634722973, 0.5705441030816392, -0.2255817277926636, 0.8635360147139851, 0.3870797507275689, -0.3494092662967612, -0.9502399971525448, 0.6287324629075685, -0.22117667149203762, 0.03238405273120912, -0.5454390976635289, -0.10415904733262382, 0.4496101371577905, 0.11842801622513636, -0.18860722273558686, 0.09323316337394795, 0.44584629576006296, 1.016434672953357, 0.933958197691843, 0.2729107411173464, -0.4538150610179155, 0.11840494809936379, 0.46135151223719056, 0.9389355032710296, 0.19583686951923507, 0.7289665900391644, 0.683931274475329, -0.8307968375083599, -0.08991706588261077, -0.17030452439197688, 0.09181920833738047, -0.8274576779579456, -0.22409117169423423, -0.23411574058935924]
587.4539547235668	(8, 12, 2)	[-0.42941443659684736, 0.4593031163840208, 0.8025514061051786, 0.5230612789368501, -0.1126001633630995, 0.07510081419536307, -0.2884900532830481, 0.0829771686420139, -0.3289496359376891, 0.10768158658990934, -0.8517875935966274, -0.42885097921332266, -0.8640829822691793, 0.7087437070321964, 0.6996472180358193, -0.12164102150404818, 0.22385093317122826, -0.12435741452869162, 0.845831939820349, 0.05816291056871598, 0.5244240621993497, 0.5571093455442814, 0.5663086121932096, -0.39753113353999037, 0.82263403526032, -0.4547039669457919, -0.8325064744888698, 0.21561671579207076, -0.21012623835458838, -0.27848671481684995, -0.5474926439719783, 0.34369528371970187, -0.9744810550283053, 0.5853421027721492, -0.007565425528972257, -0.11905226184629744, -0.2530358428900109, -0.08044494154860621, -0.26629501256604515, 0.32156960616316227, -0.04386125182157537, 0.33573309221736874, -0.5094768855007117, -0.1132123364387453, -0.03502528792234183, -0.20425326342751843, -0.6355865939269654, 0.15596060777412712, 0.6874697892365143, -1.0262946551212748, 0.6647522635511364, 0.7924744169916408, -0.5397264055042204, -0.26810726664024936, -0.30012321977454726, -0.1615156571592768, -0.679605545921441, -0.6311375848381203, -0.6923931346013762, 0.9192975185116715, -0.6303208462733005, -0.5462086142459125, -0.6092224411623831, 0.7968411372937959, 0.1858811376125687, 0.011945647030411895, -0.32174291822095724, 0.10424810150603073, 0.10219886078825835, -0.10212269460827715, -0.2357697043249864, -0.7776887715425626, -0.6109437825055226, -0.22708214955837552, 0.5436218623530965, -0.1730816338699987, 0.26521432151199315, 0.20619238560727732, 0.8733442811505936, 0.8692185423699682, 0.4477918041893491, 0.6809171030844172, 0.3324430351004613, -0.7437920980857038, 0.6808491421957779, -0.45528375116472336, -0.2956512914664625, 0.5626002806432082, -0.32174966522547344, 0.8266204525530846, 0.4096222184382665, -0.3204566707059751, -0.9886345741848455, 0.6472573445747836, -0.22010852468317876, 0.0352647906882309, -0.37370508322516005, -0.10319512446997016, 0.4386607063989359, 0.08626127163728929, -0.06292274545434454, -0.07918303167018892, 0.4446084556225063, 0.9290856964587387, 0.8205230377259707, 0.2653899195138098, -0.44879920028027476, 0.0880527668482044, 0.42640627900164607, 0.9407415276441347, 0.15286501888693074, 0.7296578481679921, 0.6202917755704702, -0.8303741524385159, -0.08822525919138938, -0.17499012785455997, 0.07988730431936546, -0.5913308645858947, -0.23084165836250814, -0.24232150205438532]
375.07961058154984	(8, 12, 2)	[-0.4678866690392301, 0.5494338630970947, 0.7982373178115907, 0.5212244641099844, -0.2630344839026911, 0.12324552688698075, -0.26971912466779624, 0.09425445856960064, -0.32528265791850414, 0.12478920118293466, -0.847711639680994, -0.44022760444466225, -0.8558123250558277, 0.7093397085935226, 0.7225914800242699, -0.01560444953569434, 0.2266929566407429, -0.17473524628869594, 0.857453705589931, 0.08330450514864186, 0.5091455280829504, 0.5454188522426969, 0.6245826317340692, -0.3975911843419112, 0.8535197856083961, -0.45527673002591945, -0.8558507018655501, 0.24033282250457835, -0.21082432927116304, -0.27286035302766914, -0.5616509084413099, 0.32770415650457557, -1.0008055649840673, 0.6470789211437619, 0.023989034309720315, -0.12461524260883948, -0.25604333745089947, -0.19365928812026836, -0.27774233681904903, 0.3131316948202586, -0.017586539974981157, 0.3394795022869599, -0.5436546216025945, -0.08786542406861154, -0.08065921922908315, -0.18693173075729483, -0.5636072369843265, 0.15603402300198208, 0.6651411763489253, -0.9782428880672802, 0.7542497963855328, 0.791124172124061, -0.5286799745096888, 0.013494917967994097, -0.3218095471389767, -0.14934397479978892, -0.6789878371184603, -0.6595750840618648, -0.7139565378956227, 0.9320598442746779, -0.46702591529986043, -0.5565381006194888, -0.6048253475270683, 0.7312103070006817, 0.18399877124287256, 0.00949184782005471, -0.30293159481182413, -0.03492876038525282, 0.11345541998450127, -0.0882552021669045, -0.19992030635161495, -0.770428989097345, -0.6759775602494775, -0.2838910030038122, 0.5435770808349326, -0.16947961460518754, 0.2654455244516814, 0.14221786839838807, 0.8843197653861111, 0.873762480819215, 0.5666244129120932, 0.6424589186488485, 0.27934551859774004, -0.5391924167075128, 0.6757642069616231, -0.4790985188091391, -0.28496731692230987, 0.6017319231463889, -0.23890297002179026, 0.819929235231522, 0.3354442687130334, -0.3372338633805629, -0.9155097481955912, 0.6392310756323669, -0.22273401109838462, 0.034909839843079465, -0.5413365222390015, -0.1095708272128883, 0.4428160841482199, -0.17593867695171928, -0.09266589047725321, 0.005410540577768713, 0.44529031821452275, 0.9285278807065447, 0.9259958279378979, 0.28415796880115524, -0.43958344341265804, 0.10334495629572038, 0.3815740583061226, 0.9392576199991343, 0.17355492543075562, 0.7344204324595512, 0.6628172378318201, -0.8324430689494531, -0.04824388091087303, -0.17132589509614762, 0.08696963458723442, -0.6586706933274296, -0.22986633021731134, -0.13075284829122025]
378.50720477630375	(8, 12, 2)	[-0.4391397258387386, 0.6020215027473393, 0.7584166161406308, 0.5214406089569601, -0.2367122426598841, 0.11556890918422383, -0.29256961577171375, 0.0935963774810748, -0.3254590754008099, 0.0926902159403527, -0.8489858204728092, -0.4425969723673699, -0.8574036380021812, 0.7003435033920314, 0.7252786994015, -0.014753863626490062, 0.21603003477643873, -0.19563342224462624, 0.8591045390736938, 0.07916528455705893, 0.5489728574878666, 0.5486898608515463, 0.6079653769046747, -0.3982529020614825, 0.8525900344093333, -0.42755419667048034, -0.8559171953326832, 0.24279835385231835, -0.2093266924484012, -0.27583748655569185, -0.5799613938359608, 0.3263659336778658, -1.0458365566184726, 0.6232808719175358, 0.02227271802577608, -0.12393793145207758, -0.25402789763364825, -0.19389838051567024, -0.2778974820587824, 0.31113655980955707, -0.0014787886833911128, 0.3341201621263314, -0.5327365423637735, -0.0913322087004381, -0.1592420984864491, -0.184783373095128, -0.64589834785122, 0.15446361648092036, 0.6855798457115586, -0.979947852713008, 0.7621089690946988, 0.7903923459296096, -0.5354583413203242, -0.1197742992661714, -0.3578986854155366, -0.02720977533932961, -0.6797960375646377, -0.6292420970119493, -0.7072265097034418, 0.9305275406311039, -0.6836176320929407, -0.5549708113074822, -0.6110218076959819, 0.6899297358024288, 0.18409469725835145, 0.0108779851024249, -0.31610061355845104, 0.1059019682176134, 0.13998035137949547, -0.0884530203102957, -0.21529224176161704, -0.7453245624156675, -0.6258631616115381, -0.2624201628589802, 0.5267539759241472, -0.1734092909207603, 0.26530839666996103, 0.13863368395166753, 1.007501749831943, 0.8741277208527017, 0.56267143197884, 0.7971977408686669, 0.10855948461887935, -0.7106371263878771, 0.6729837523521645, -0.4644667183921599, -0.29152960379060305, 0.5980172023399, -0.23519315572313, 0.8614966524511081, 0.25908786106738063, -0.30775409638445955, -0.9722408453631898, 0.6400178809547323, -0.22388542870689992, 0.033910349143398875, -0.5460013523125313, -0.10525037335300094, 0.44710792458147675, 0.10780891839942769, -0.10612717615812961, 0.10566188440174287, 0.4431990699986023, 0.9524141036467082, 0.9203647440326755, 0.2815355854712689, -0.4768326400393875, 0.1324130264467859, 0.474896568379687, 0.937862279371422, 0.17931124953907623, 0.7336079155088271, 0.6787005446767478, -0.8328271528562915, -0.08070363599613695, -0.17097358364959478, 0.09159624001671736, -0.7092339547412744, -0.2243227545606028, -0.24447993550144456]
252.7992600310956	(8, 12, 2)	[-0.4678866690392301, 0.5494338630970947, 0.7982373178115907, 0.5212244641099844, -0.2630344839026911, 0.12324552688698075, -0.26971912466779624, 0.09425445856960064, -0.32528265791850414, 0.12478920118293466, -0.847711639680994, -0.44022760444466225, -0.8558123250558277, 0.7093397085935226, 0.7225914800242699, -0.01560444953569434, 0.2266929566407429, -0.17473524628869594, 0.857453705589931, 0.04201183608599989, 0.5091455280829504, 0.5454188522426969, 0.6245826317340692, -0.3975911843419112, 0.8535197856083961, -0.45527673002591945, -0.8558507018655501, 0.24033282250457835, -0.21082432927116304, -0.27286035302766914, -0.5616509084413099, 0.32770415650457557, -1.0008055649840673, 0.6470789211437619, 0.023989034309720315, -0.12461524260883948, -0.25604333745089947, -0.19365928812026836, -0.27774233681904903, 0.3131316948202586, -0.017586539974981157, 0.3394795022869599, -0.5436546216025945, -0.08786542406861154, -0.08065921922908315, -0.18693173075729483, -0.5636072369843265, 0.15603402300198208, 0.6651411763489253, -0.9782428880672802, 0.7542497963855328, 0.791124172124061, -0.5286799745096888, 0.013494917967994097, -0.3218095471389767, -0.14934397479978892, -0.6789878371184603, -0.6595750840618648, -0.7139565378956227, 0.9320598442746779, -0.46702591529986043, -0.5565381006194888, -0.6048253475270683, 0.7312103070006817, 0.18399877124287256, 0.00949184782005471, -0.30293159481182413, -0.03492876038525282, 0.11345541998450127, -0.0882552021669045, -0.19992030635161495, -0.770428989097345, -0.6759775602494775, -0.2838910030038122, 0.5435770808349326, -0.16947961460518754, 0.2654455244516814, 0.14221786839838807, 0.8843197653861111, 0.873762480819215, 0.5666244129120932, 0.6424589186488485, 0.27934551859774004, -0.5391924167075128, 0.6757642069616231, -0.4790985188091391, -0.28496731692230987, 0.6017319231463889, -0.23890297002179026, 0.819929235231522, 0.3354442687130334, -0.3372338633805629, -1.158953889899909, 0.6392310756323669, -0.22273401109838462, 0.034909839843079465, -0.5413365222390015, -0.1095708272128883, 0.4428160841482199, -0.17593867695171928, -0.09266589047725321, 0.005410540577768713, 0.44529031821452275, 0.9285278807065447, 0.9259958279378979, 0.28415796880115524, -0.43958344341265804, 0.10334495629572038, 0.3815740583061226, 0.9392576199991343, 0.17355492543075562, 0.7344204324595512, 0.6628172378318201, -0.8324430689494531, -0.04824388091087303, -0.17132589509614762, 0.08696963458723442, -0.6586706933274296, -0.22986633021731134, -0.13075284829122025]
683.0195378176759	(8, 12, 2)	[-0.4426586067146669, 0.5601197915330723, 0.7791547264577667, 0.5216459380348042, -0.24636910807845602, 0.12115734341755745, -0.271454985391452, 0.09456958910482875, -0.3282473679403017, 0.11226956065838335, -0.8494596575510082, -0.4405916026053828, -0.8563851384291222, 0.7094145731444097, 0.7540425810898433, -0.015521460604332307, 0.21520364620846397, -0.18757234628740832, 0.8576523159678711, 0.0696951494645601, 0.5084443354343124, 0.5454485492907535, 0.6252672372709345, -0.3979187394767014, 0.8529878396248405, -0.45492925141374485, -0.8552903388331448, 0.24380563211888145, -0.2108708679480892, -0.27363544635671455, -0.5600945133315288, 0.32985646911908106, -1.000997610952065, 0.6239057809525986, 0.016854137836480248, -0.11994427408233523, -0.2544395227142545, -0.19519370781103254, -0.2775997472116775, 0.3121710800663965, 0.004058776697645244, 0.34025395935463504, -0.5407138285644302, -0.08722677347407803, -0.11360846805994931, -0.18278809508499747, -0.5906848098026061, 0.1557617318827177, 0.6724254391261985, -0.9791108811106852, 0.7537390582866342, 0.7904795634928805, -0.5393531199398163, 0.008997846587816105, -0.3236491042337636, -0.05328521658503807, -0.6762491869842685, -0.6588956515167692, -0.7127827687579092, 0.930465707708709, -0.6145317039261474, -0.5583438096564766, -0.6044025509439839, 0.7259080316992508, 0.1839109221338385, 0.00888552430387638, -0.3002962422969648, -0.049497449229126834, 0.12500222428565885, -0.08802900245326473, -0.20405402996474883, -0.7664076298740125, -0.6720849661396872, -0.2830868786622441, 0.543764047132197, -0.16909832473724595, 0.26546267329822776, 0.1486139475606461, 0.867969882073011, 0.8756162993341708, 0.4732433188149956, 0.7586994416231582, 0.29963654168330167, -0.6939613679455258, 0.6757881712242603, -0.4706996479640815, -0.2865565490687387, 0.601903883035991, -0.23629610449985486, 0.8583443011216856, 0.32618253755203896, -0.3141896076562927, -0.9550066030948929, 0.639797045896138, -0.22376166143018622, 0.03466457502346576, -0.5406844082841725, -0.10681057648951099, 0.4457157386561946, 0.076856785123675, -0.10020675522225736, -0.02519861319908179, 0.4452332559452665, 1.0267923567661301, 0.9283310803569137, 0.28137494969130294, -0.4562007950454464, 0.12729897495317882, 0.4096823056094024, 0.9393735497429682, 0.18285375025904352, 0.730502176259273, 0.6747953579841426, -0.8324423166219408, -0.06336451789113334, -0.17122706162650891, 0.09267236286000659, -0.6674292180572726, -0.22976195337194755, -0.14953318919515643]
506.46913681257183	(8, 12, 2)	[-0.43486328501844684, 0.5452684031042876, 0.7691725844970179, 0.5210305660115933, -0.23662007018490772, 0.12408843173377015, -0.2576325770734046, 0.08798724441569832, -0.3282621307246274, 0.1239738097149275, -0.8505212768177112, -0.44190789836338396, -0.8547879606121042, 0.7084348134935116, 0.7221800866934438, -0.02092029456309035, 0.22529679521893636, -0.16028410870427798, 0.8575341869768498, 0.014791265110498067, 0.5279341327681539, 0.5485232496517406, 0.6484603004927068, -0.39767893407917554, 0.837738677011505, -0.45504343003540426, -0.8704545267300581, 0.24689607950723283, -0.21606310874286686, -0.27734262747229504, -0.5708514793140682, 0.3129403218612254, -1.0236253899676082, 0.6517005559586477, 0.004428909958239642, -0.12171880667016573, -0.2556024666043771, -0.12185395541712211, -0.27773159724330204, 0.2908102516013949, 0.030320662955825126, 0.33859889607084426, -0.5435806001570925, -0.09341221815635325, -0.0141664491842598, -0.1881800998079649, -0.6549969856760087, 0.15570745316918042, 0.6701404968538054, -0.9928398181988478, 0.712108968987148, 0.7943028126300422, -0.5336038871186266, -0.10413225741815768, -0.3014728946490929, -0.31352448415868805, -0.6790585898820047, -0.6505846948295925, -0.6935492504213651, 0.9239972289068005, -0.5177669081215918, -0.5329062308882676, -0.6046677178600872, 0.7579790246119911, 0.1719910891545383, 0.013269893923776158, -0.3091875370488652, 0.041563754407981726, 0.09017912098277286, -0.09260871887026081, -0.09987006350316874, -0.7571631607052673, -0.6474852227137533, -0.2082139557644168, 0.5584158222982494, -0.17104374685657184, 0.26540943866701694, 0.358959025196958, 1.0411385221075398, 0.8473317190774221, 0.45566427536603293, 0.610129724906681, 0.4663968857475577, -0.6434568734806069, 0.6520800774683775, -0.4793471391592137, -0.31060647414824527, 0.5577708103506913, -0.23947325411676776, 0.8189585991934589, -0.33365164168119227, -0.2944842836218358, -0.9676543661481432, 0.6438039670453768, -0.2209250149125902, 0.03238522567699458, -0.45480019800326543, 0.0850544138319615, 0.44328275682267915, 0.10781510197860956, -0.05082608013957791, 0.11020964182614573, 0.4346596967640763, 0.9591594549373147, 0.9299442898869453, 0.06158484049769877, -0.4574072910150302, 0.1098166758805949, 0.4193787205417432, 0.9401549964633923, 0.18876258892451875, 0.7348441875326985, 0.6586911620083459, -0.8337398175236393, -0.02841578756391168, -0.17067103404660222, 0.08444319267440452, -0.9107115461981109, -0.23393958531584458, -0.2090939868595345]
609.6658217823856	(8, 12, 2)	[-0.42505858339251146, 0.5442054521677714, 0.7801574323422407, 0.5221798329572054, -0.256211474544784, 0.13424331567945696, -0.4412935698137943, 0.11353265964884812, -0.33988669865527027, 0.10024848111336493, -0.8504415737091798, -0.4331817115302761, -0.8458011719576116, 0.6391714434842861, 0.7363697499964662, -0.04925562175896062, 0.25781841110300757, -0.3388573021834109, 0.8555398174874447, 0.012549504677092618, 0.5536099975533555, 0.5490627961353572, 0.6519763589402442, -0.3984431132539223, 0.850884754817338, -0.44696138294647053, -0.8789612294512775, 0.22903561168899117, -0.21958308343013738, -0.2776547721072201, -0.5709943565767062, 0.32380050223308343, -1.006468927988978, 0.6254880300109962, -0.06975147604164203, -0.12315620496419856, -0.25847186746805556, -0.1942162865301755, -0.28706768409211864, 0.29950098625078736, 0.0005434552536913162, 0.3423387620654715, -0.533842868938589, -0.07965776259184063, -0.007332651333924162, -0.1990995561425369, -0.6285351485786197, 0.15422962178889904, 0.6953462118438537, -1.037270813631881, 0.7280858371225399, 0.7979197976341181, -0.5395370972859412, -0.14435302143462592, -0.3386369937372989, -0.14274059631239572, -0.675682560879025, -0.6092211048977305, -0.6932069015566255, 0.9990781356816955, -0.6645944421580964, -0.6057513607244932, -0.6368693643430409, 0.7284453743392965, 0.16553985916258904, 0.004540520311823494, -0.3027998484019603, 0.08198752296179075, 0.07750083002919919, -0.10584099892912024, -0.19849357570141543, -0.7476202636208779, -0.6314366239122665, -0.28195644310848744, 0.5450403537687456, -0.17372319444441892, 0.2649818649344889, 0.20029234885090913, 1.0970821027122397, 0.8795097189138281, 0.4724625137892722, 0.799508831036007, 0.14068328002421432, -0.5486228161021166, 0.6796301124879566, -0.5084067192852488, -0.2596451309123458, 0.562873795038724, -0.24979024597180205, 0.8684457549742473, 0.37774108593348765, -0.3466785395153815, -0.9496930647975097, 0.6328805271183581, -0.22154137939664045, 0.0320094376107725, -0.5649529935403386, -0.10169553502313035, 0.4762364587740485, 0.0960997195195169, -0.17496496537731276, 0.0944570363484727, 0.44383093644926114, 0.9748407033001754, 0.9227996063735088, 0.2809033975591819, -0.45566804045103093, 0.133088130586445, 0.44028497593222105, 0.9388836391173069, 0.18667968435290555, 0.7347109937723717, 0.7018263149356114, -0.82892141372852, -0.08989076424644027, -0.17454146560595232, 0.09021807700558454, -0.7622905723418001, -0.22651409092247496, -0.2350341611023395]
675.2042337811695	(8, 12, 2)	[-0.4212758601734517, 0.16270222284928404, 0.7982208051464199, 0.5225238713659883, -0.24669544429810364, 0.12386306571215014, -0.27944084289570337, 0.11775256564163745, -0.3288168963226079, 0.23030824389183047, -0.8541309362888395, -0.42554740937975455, -0.8390717769093086, 0.707543349674218, 0.7827435436723762, -0.01539322001165433, 0.2211530390058496, -0.15652943156099236, 0.8638359053218302, 0.06980036836032566, 0.5293890761158642, 0.5645819108102971, 0.542766538673543, -0.4197800211336687, 0.8404141170875533, -0.4308441104551369, -0.8245153944325307, 0.26271299108935003, -0.2105732582814731, -0.26010956447441314, -0.7158874482767795, 0.23461763744851946, -1.0085249953456505, 0.6543876616517614, 0.048741394420072665, -0.12798494527509083, -0.10620842048421889, -0.18757896715192518, -0.2748153767812561, 0.37760469054073775, -0.016646451790283512, 0.3427152927390706, -0.49704383941541397, -0.08457281539359798, -0.09603560101897493, -0.14314302572153956, -0.6190233437936941, 0.15722734838742541, 0.7133299191621686, -1.0048108400027498, 0.7060195230308864, 0.7931006056334273, -0.5345183925554979, -0.14113097367712632, -0.30078925845944665, -0.15746765591088274, -0.6787302345185763, -0.6300523457269096, -0.7048572166587745, 0.92646062132953, -0.5215284829068282, -0.5475305254564922, -0.614151178968528, 0.7259337696002569, 0.18582203465962713, 0.014882142701935483, -0.2969917848806585, -0.10870836131160266, 0.22606657703679098, -0.04510131944209076, -0.1981178742351552, -0.793994449790998, -0.6281657725648875, -0.28588150146365027, 0.5440714464474449, -0.1718000597746366, 0.2629208030781961, 0.11364069484619857, 1.013926938473298, 1.1128287411224718, 0.4975773498854787, 0.8235624667697214, 0.06334828175022972, -0.6966148007898074, 0.6821171141032676, -0.507422378468215, -0.3261664425643043, 0.5695836522831339, -0.25234893881369796, 0.7364636706359008, 0.3764328321357015, -0.3102915293701096, -0.9628401400777845, 0.6464022858848895, -0.21383361791467592, -0.06141336838688288, -0.5380630876586114, -0.09454749058077438, 0.3030783566469806, 0.0886291751358606, -0.015577688062134332, -0.04526594047773677, 0.4457205934936548, 0.9625974536928515, 0.9232988749655647, 0.29966676417826016, -0.4556048903081386, 0.02068613705205053, 0.4453329886463191, 0.940139948775565, 0.19974856380964826, 0.7336068459370643, 0.6439396686016217, -0.8375863039010538, -0.08988050211834672, -0.1673784735540778, 0.09762372403783467, -0.8584365940976685, -0.2281053878249224, -0.1700339377192016]
396.18300395584095	(8, 12, 2)	[-0.4433618495288089, 0.5266771052982003, 0.8206135503407799, 0.5218802721335807, -0.2768763870718494, 0.13082901469478422, -0.27098289228927996, 0.09529521430494177, -0.32424117294000665, 0.11775417229760783, -0.848185531979476, -0.4407336946639746, -0.852435750001135, 0.7093876325984741, 0.8133996589065317, -0.10848872875959398, 0.22608916509302335, -0.18495096873194405, 0.8562082050089643, 0.040199229869127315, 0.5360734535600992, 0.5471623014585892, 0.6284729944556692, -0.3977581392999858, 0.838985989359214, -0.4476344203885565, -0.8562411296509811, 0.20790125222353484, -0.2106324820322606, -0.26805576670103115, -0.5817197956326718, 0.29345058778103394, -0.9978910337641027, 0.6263835633736211, 0.0035640379633236213, -0.12403834399134249, -0.25607387629476774, -0.1906995129768155, -0.2758028490883324, 0.30644014473929393, 0.052867675514832256, 0.33510003849123404, -0.4597879529044557, -0.0850669299463438, -0.07928300453706508, -0.2154929268162667, -0.6140705006719898, 0.15551839780271876, 0.6875281156798495, -1.012038122132416, 0.7526310732197743, 0.7948937601884325, -0.537092666848658, -0.004335949449294937, -0.32709031812751477, -0.14389225879531148, -0.6771041048059009, -0.6515437009024947, -0.7066706673657963, 0.9318728149009232, -0.45553462088602836, -0.5611169748536009, -0.6080132309022842, 0.7549195845460863, 0.18754150835902073, 0.01171711469723715, -0.30289667082120875, 0.03538488026899352, 0.10662618490022455, -0.08780293136127487, -0.2286173129377771, -0.8035363115393742, -0.6906744239318239, -0.2748356926574887, 0.5486636733539503, -0.1747109216130366, 0.2626033511750105, 0.16350792949260684, 0.8564800248199236, 0.9138172287748049, 0.574438483244676, 0.6962273236477488, 0.33681853770862974, -0.6236823314871962, 0.6416537512216425, -0.5488930466237609, -0.3051677598426184, 0.5968924396066618, -0.2467133605752117, 0.8394852657084948, 0.34114720442588187, -0.33742152623007127, -0.9150944213383102, 0.6361865209823482, -0.22488133078063582, 0.03413397417798174, -0.5173895884209143, -0.10746325328460597, 0.4454234471957549, 0.12034874268302569, -0.1473281998178204, -0.03291556006276751, 0.44521608864365375, 0.9874727717912855, 0.9274756209666943, 0.2699771273866304, -0.44370427284746644, 0.08806530004345187, 0.34454827869126814, 0.9415209931872781, 0.1583075237907179, 0.7309194383213055, 0.6529772950911794, -0.8307964402437685, -0.08124960847842516, -0.18662882964771088, 0.06842633728721992, -0.6875862884624607, -0.2277197789993339, -0.22512082526761]
642.9792278782886	(8, 12, 2)	[-0.42280587709280515, 0.5013839592213417, 0.7473837840611527, 0.5217901850278662, -0.24964595741318446, 0.1389595992770261, -0.2716483087158373, 0.08603636525158098, -0.3553227879173569, 0.1036687185948057, -0.8501063699689578, -0.4467489977333617, -0.8531368405901766, 0.7133174303137527, 0.7396293280523221, -0.06198323988785803, 0.2781938750438013, -0.20713425941914648, 0.8570366227889389, 0.04774878750186437, 0.5371171381369557, 0.5473935844985192, 0.6121090474831459, -0.39811297844499566, 0.8512863873425652, -0.4578836288830386, -0.8585949080280562, 0.24351525274043276, -0.21440275427018565, -0.2783973238071149, -0.5585420407353748, 0.29637638355952595, -1.0320756886305633, 0.6310772490261957, 0.005233318292816305, -0.1207987220197692, -0.25436975754130026, -0.1947308160032487, -0.2798713289169136, 0.3119952811339878, 0.0013913998050636201, 0.34016496996832296, -0.5370350199873654, -0.08614711204154386, 0.003090418867214062, -0.19975251249886136, -0.6287122473188179, 0.15508699081753444, 0.6942734639567035, -1.0430457382653298, 0.7355715858623391, 0.7948316845540863, -0.5389911593831757, -0.1572774813954305, -0.3199442824544196, -0.05828926305526928, -0.6772077148692079, -0.6451638387384624, -0.7058778108268926, 0.9612559774016375, -0.5576951674818462, -0.5585196778423116, -0.6225421864945149, 0.7292293718567591, 0.17128127879687138, 0.0099700868693814, -0.30265911644555704, 0.06511823506640604, 0.08838557289238098, -0.10580635412444489, -0.1595167616309309, -0.7607620106120049, -0.6705158481218518, -0.27799117311757987, 0.5437709776101369, -0.17059969827419638, 0.2648845492472875, 0.21540284418351743, 0.9394717553022118, 0.8733698063848656, 0.5626020381312897, 0.8050016324684394, 0.25862397545476734, -0.6482368288356198, 0.6808850488815039, -0.4648919305521101, -0.2838003079227369, 0.6008837578999293, -0.23846710855425776, 0.8531157605625483, 0.3595809605084275, -0.3297284687405392, -0.9619706559994442, 0.6396032372496734, -0.22150630155554962, 0.033795221420932116, -0.38339258817059346, -0.1246807088218657, 0.4653135366063385, 0.17927208456366875, -0.05850418942528786, 0.07986608770248099, 0.44531800178860215, 1.0650547951227713, 0.9240534163721829, 0.28130058571513766, -0.44657370480290215, 0.12259479704878572, 0.413794582941933, 0.9392923112260226, 0.18234073930044445, 0.7381533763744418, 0.653003762838959, -0.828711411792451, -0.02922014745409171, -0.1713648982216866, 0.09054374409321882, -0.7386982382157549, -0.229645893467036, -0.2393007806674098]
605.0654245213759	(8, 12, 2)	[-0.444201547518874, 0.5533327912937567, 0.7982866143680407, 0.5213929161014164, -0.2399570607898241, 0.12114725368448485, -0.2842576469436637, 0.10975088074215854, -0.3277432448467377, 0.09134096460938801, -0.8448970442113278, -0.4440084023869899, -0.8530981009519814, 0.7094690584636697, 0.7410436258589946, -0.02252322883259114, 0.22336606791596447, -0.18933530503149665, 0.8554390994293756, 0.01704330699003534, 0.5722993765137467, 0.5438902877013968, 0.621979912575511, -0.39762155640170266, 0.8489228540221616, -0.4494017030685833, -0.89418006038797, 0.23646942980891703, -0.2126091541017839, -0.2703432429655315, -0.570189345627369, 0.27246574015570146, -1.0070115879575074, 0.6422368027879892, -0.020305822847231633, -0.12444811396346614, -0.2577440559423596, -0.19409919633737382, -0.2879200781150533, 0.32260633141490874, -0.029344192303289933, 0.34084478665095114, -0.5327096982604997, -0.10173298645946251, 0.0007947717248055416, -0.19379575610556932, -0.6338075241464607, 0.1560423716305053, 0.6766013025259344, -1.0328176421275552, 0.7356991919184981, 0.7959051859899802, -0.539542280106045, -0.08853057184983856, -0.3061986425329229, -0.13444623900418587, -0.6766464661184274, -0.6460643459030807, -0.7172432099840519, 0.9258522532292442, -0.4838654650093472, -0.5495323346067754, -0.5365538575302915, 0.7318261627190412, 0.1962294046407678, 0.01101985459503721, -0.3032478156527217, 0.10296490828858276, 0.12244925556539096, -0.09556743311068017, -0.23225559853472977, -0.7601246804935996, -0.6418681292342945, -0.2805763555652, 0.5407376932677949, -0.17060063762950467, 0.2451000090521385, 0.19090947643889528, 1.0244594646222447, 0.8693970247394793, 0.5029090303289909, 0.7032262015259118, 0.4802186073147221, -0.5711923093892283, 0.6044826817842558, -0.5046828502070481, -0.29930732721826714, 0.6001855371155033, -0.2437625555249671, 0.8470574805539284, 0.45300088132399585, -0.3056705405426189, -0.9842317189087655, 0.6433557891872218, -0.22194184530081668, 0.034675294525693186, -0.45480382915877193, -0.1014829110526943, 0.4446521258661755, -0.17177581874353687, -0.18366262613262654, 0.09408135454872552, 0.445067966360413, 0.9982647523005769, 0.9252573023254121, 0.2706410706890173, -0.5891226138012563, 0.1152022877552729, 0.3363274059102848, 0.9394969330919378, 0.1799607821280227, 0.7402858060253388, 0.5894116770381297, -0.8296234459460885, -0.04914016661172471, -0.168782153852611, 0.08674938375270008, -0.673484999799022, -0.22845162746048067, -0.2056529135520988]
650.6710463613839	(8, 12, 2)	[-0.4433618495288089, 0.37909718645966084, 0.8206135503407799, 0.5218802721335807, -0.2768763870718494, 0.13082901469478422, -0.27098289228927996, 0.09529521430494177, -0.32424117294000665, 0.11775417229760783, -0.848185531979476, -0.4407336946639746, -0.852435750001135, 0.7093876325984741, 0.8133996589065317, -0.10848872875959398, 0.22608916509302335, -0.18495096873194405, 0.8562082050089643, 0.109971168886467, 0.5360734535600992, 0.5471623014585892, 0.6284729944556692, -0.3977581392999858, 0.838985989359214, -0.4476344203885565, -0.8562411296509811, 0.20790125222353484, -0.2106324820322606, -0.26805576670103115, -0.5817197956326718, 0.29345058778103394, -1.070349170743108, 0.6263835633736211, -0.01298551206971368, -0.12403834399134249, -0.25607387629476774, -0.1906995129768155, -0.2758028490883324, 0.30644014473929393, 0.052867675514832256, 0.33510003849123404, -0.4597879529044557, -0.0850669299463438, -0.07928300453706508, -0.2154929268162667, -0.6140705006719898, 0.15551839780271876, 0.6875281156798495, -1.012038122132416, 0.7526310732197743, 0.7948937601884325, -0.537092666848658, -0.004335949449294937, -0.32709031812751477, -0.14389225879531148, -0.6771041048059009, -0.6515437009024947, -0.7066706673657963, 0.9318728149009232, -0.45553462088602836, -0.5611169748536009, -0.6080132309022842, 0.7549195845460863, 0.18754150835902073, 0.01171711469723715, -0.30289667082120875, 0.03538488026899352, 0.10662618490022455, -0.08780293136127487, -0.2286173129377771, -0.8035363115393742, -0.6906744239318239, -0.2748356926574887, 0.5486636733539503, -0.1747109216130366, 0.2626033511750105, 0.16350792949260684, 0.8564800248199236, 0.9138172287748049, 0.574438483244676, 0.6962273236477488, 0.33681853770862974, -0.6236823314871962, 0.6416537512216425, -0.5488930466237609, -0.3051677598426184, 0.5968924396066618, -0.2467133605752117, 0.8394852657084948, 0.34114720442588187, -0.33742152623007127, -0.9150944213383102, 0.6361865209823482, -0.22488133078063582, 0.03413397417798174, -0.5173895884209143, -0.10746325328460597, 0.4454234471957549, 0.12034874268302569, -0.1473281998178204, -0.03291556006276751, 0.44521608864365375, 0.9874727717912855, 0.9274756209666943, 0.2699771273866304, -0.44370427284746644, 0.08806530004345187, 0.34454827869126814, 0.9415209931872781, 0.1583075237907179, 0.7309194383213055, 0.6529772950911794, -0.8307964402437685, -0.08124960847842516, -0.18662882964771088, 0.06842633728721992, -0.6875862884624607, -0.2277197789993339, -0.22512082526761]
810.2484305862181	(8, 12, 2)	[-0.4379718105767717, 0.5239331135462819, 0.781699869149506, 0.5219020052122865, -0.24964451625467912, 0.12593326102321956, -0.2712646686166717, 0.10452781576117394, -0.3100237846827543, 0.1597372669854047, -0.8505574351148838, -0.42811517977170155, -0.8585963481453668, 0.7084271128211528, 0.7543082307365708, -0.05643439146138035, 0.2572473035971745, -0.21675316387832405, 0.8586000024667877, 0.05513713667867171, 0.5376441654865588, 0.5498229342193395, 0.631817175485135, -0.4022652100902201, 1.4725811083476041, -0.46633793633470366, -0.854365973266379, 0.24955723957455253, -0.2126925316566007, -0.2612156526472093, -0.5530501703284875, 0.2027085488868057, -1.017202045812866, 0.6448141643562141, 0.021258573290506635, -0.1263094195767713, -0.17025969019363318, -0.18680381024983378, -0.2809716792365002, -0.12316885949487008, 0.014459913405627918, 0.3409315678360822, -0.49502319255903254, -0.08476442102767406, -0.07449348173400708, -0.19288781115032352, -0.6267692100037318, 0.1560068901452162, 0.6995327720117707, -0.9959076073546407, 0.7178725421436704, 0.7935340176926287, -0.5389898265980427, -0.060044432407899785, -0.302132392995971, -0.10080790298829527, -0.6776042935485728, -0.6369528914090301, -0.7067298091085534, 0.9432112286391684, -0.543586103225201, -0.5580650157651774, -0.6112679844262778, 0.7353257180047589, 0.18789004380058452, 0.012925873709419233, -0.3008162090639662, -0.11655602772753906, 0.16085725999263534, -0.06179519595225233, -0.2064055351534839, -0.7805233772613541, -0.6382470409408944, -0.28324626274348863, 0.5439319544447146, -0.17471406730389424, 0.26404864377673226, 0.19568810259531888, 0.8770924375850245, 0.849998285989684, 0.5528478946509763, 0.7975749178989251, 0.35936793856072, -0.6079630691740082, 0.6760003315598563, -0.5005389237610429, -0.30120827347431833, 0.5953225365647921, -0.2446202213425063, 0.8333509622224762, 0.331812700637374, -0.3314386591811642, -1.0350150036764998, 0.6418558009145854, -0.21461813178891845, 0.03133145490013024, -0.5283755929267825, -0.10349883480653983, 0.27138454606444806, 0.11140131799050917, -0.10288790154722954, -0.027148595272241866, 0.44345506302474985, 0.9541422388270304, 0.9251345571393531, 0.28468183427954, -0.4511561701194288, 0.10711719132248249, 0.38200102492810156, 0.9396063061935761, 0.18714400846498014, 0.7395316140517773, 0.6698907548390411, -0.8386762018181149, -0.05619492437338069, -0.17161318319343088, 0.09303356887045376, -0.6755900484710269, -0.22884450029392606, -0.21554674397094106]
173.53971471707104	(8, 12, 2)	[-0.4290302996954994, 0.5396565871662404, 0.7502184712073663, 0.5220534129100134, -0.17885864658756806, 0.11216782306236742, -0.2724477232389731, 0.0693070983460868, -0.35100233454409563, 0.10970194878068792, -0.8497543727875527, -0.44562404002599254, -0.8594652000460116, 0.710851590505321, 0.7489848565756979, 0.007067971733362904, 0.24232468508876395, -0.1817665453877584, 0.856231851850583, 0.04487226705460538, 0.5237802006230252, 0.5468667547604624, 0.6201138524848387, -0.39797288295336547, 0.8494064679015568, -0.45332148940318995, -0.7453480402366061, 0.24161685733989696, -0.2137925779713605, -0.27178584096550695, -0.5601940512456888, 0.30196684083076303, -1.0364870085172122, 0.6320382783793442, -0.009380063998849636, -0.1206624890077175, -0.2568367738391414, -0.19336814018677168, -0.2803323181838618, 0.26441339073146963, -0.0016284191336699838, 0.34060162877708827, -0.5341728269597535, -0.08669497303124074, -0.004086291415905011, -0.1909843152963509, -0.6270090561035977, 0.1549539191337523, 0.6802861561929934, -1.0300951585056957, 0.7339138853411705, 0.7951225966237208, -0.5397489276304643, -0.13560450428909784, -0.31519057147603147, -0.09934846276341477, -0.67722973239169, -0.6590828470066518, -0.6672871099625509, 0.9465049824580917, -0.5432133892261706, -0.5523310001398909, -0.5711376967651228, 0.7217780309769612, 0.1751131333689439, 0.011105819995692545, -0.3020756743153643, 0.0369943906938991, 0.10306792289501003, -0.10273326263484138, -0.1787758133794957, -0.7613175011331167, -0.6440807477394573, -0.2819333164787754, 0.5418058690651255, -0.17057827688055632, 0.2554926450308455, 0.1640191286184875, 0.9542183117288263, 0.8756146369850711, 0.6100467966758577, 0.7029840923451878, 0.3631078771633875, -0.5785957926575759, 0.6838991652258833, -0.46546013912684747, -0.28398384902408363, 0.5744878797229621, -0.23208422389625413, 0.8604634480341427, 0.40801860975195475, -0.3328433893824675, -0.9724671864362937, 0.6392715163986766, -0.23120221142449854, 0.03382675800817106, -0.39774009026149254, -0.11377102180686365, 0.4698085814728127, 0.13290679332104144, -0.09491667973266033, 0.07745645622466824, 0.4450674639146056, 1.0575802316258733, 0.9315776290627731, 0.28259925859047236, -0.4402075018925916, 0.12062688307351692, 0.39137152682358806, 0.9369144679508151, 0.18221088637618188, 0.7359570057323586, 0.6689680435060722, -0.8288668094161695, -0.0541749496001451, -0.17117269921348985, 0.0899587145106615, -0.7475613765560288, -0.2297144321940488, -0.17063249634660074]
977.2674103510961	(8, 12, 2)	[-0.42857873512372346, 0.2341406175314379, 0.8194276380168404, 0.5218370055518633, -0.23654484039743792, 0.1271418069985864, -0.27181507697506135, 0.07530643455219903, -0.3237599572658838, 0.10559292495675172, -0.8501725599962155, -0.44502857087010506, -0.8541337283369648, 0.7086875902816101, 0.7736539444728616, -0.029724753903499237, 0.27907480925727673, -0.18846613705996973, 0.8571079210614284, 0.03426347014788453, 0.545203338431724, 0.5464989115685304, 0.6019634964114958, -0.39802577097056047, 0.8611134181464031, -0.44741750402054825, -0.8776812244385245, 0.19853008127992555, -0.2130789488422453, -0.26976052161128083, -0.5621461491074405, 0.2666159589972389, -0.9964571559532726, 0.638755546279304, -0.019122710394031697, -0.12436332813826324, -0.2565623701877455, -0.19374781162668994, -0.27867167358604633, 0.42297687410501716, 0.09720306447046295, 0.3390094429146036, -0.5297783628388923, -0.09066007583175267, -0.054495120696041774, -0.195419234279535, -0.6329272631264012, 0.1546226340618282, 0.6845716493346377, -1.0082093671024193, 0.7317081573552698, 0.8439326655672431, -0.5093870311101333, -0.07662727626223242, -0.30702567169874867, -0.16697255947291118, -0.6768326136772592, -0.6413835118286799, -0.7061642568294557, 0.9261503898444506, -0.47228091728578353, -0.5483052639661576, -0.5954985481838894, 0.7309260983070083, 0.2000084932569723, 0.012495881429570364, -0.30344262945418976, 0.11178488696190096, 0.08192145479046697, -0.09903980481630732, -0.29654016766630303, -0.7590070681956281, -0.6507716382749159, -0.27863989654726323, 0.5407137127851489, -0.17022235675868763, 0.2572071253598974, 0.16971994046261227, 0.9734452959909896, 0.8700756214186507, 0.5555510996712989, 0.6923813200282753, 0.39626279988882884, -0.6635630788463933, 0.5879389450317998, -0.4728584556425441, -0.2948592381904524, 0.5999948176308891, -0.24332135741515326, 0.8523079489191752, 0.0068966560784020775, -0.3352291492415271, -0.9686638466940111, 0.6448659331742077, -0.22199495839171085, 0.034309808543141765, -0.43814154410248024, -0.12489703319308892, 0.4806053432451751, -0.17722851162588363, -0.16887204323776878, 0.09864600305825433, 0.4419032748305797, 0.9971539493249321, 0.8901774452733409, 0.2714735415345078, -0.5877228936810936, 0.10933579771908136, 0.3844701392996551, 0.9400751441620052, 0.18015031483273966, 0.7384329162754131, 0.6992157481557032, -0.7835061761262575, -0.05414541812683866, -0.16993930620775857, 0.08198247028074057, -0.772189400097964, -0.22841625965754073, -0.20761554378180744]
457.2605122337067	(8, 12, 2)	[-0.4435846605202657, 0.4385971043206688, 0.7757622506309456, 0.5217925246759603, -0.2748217637196276, 0.12351906674174228, -0.27263970335721205, 0.11495992955808902, -0.3297487460590954, 0.21607465277520038, -0.8467842487193853, -0.441972845780738, -0.8457128377862153, 0.7103957301752027, 0.7247414525081869, -0.032592436956915154, 0.22569931931415774, -0.18004843059249132, 0.8404855306312858, 0.03357380243241253, 0.5494288268092475, 0.5518454043499605, 0.6236958886413649, -0.4073474922440068, 0.8419442657638511, -0.4537167303344766, -0.8502121295612403, 0.2262795265058624, -0.21346480837180262, -0.27199892260008446, -0.5610262646231703, 0.29237011021041553, -1.0973456115033184, 0.6367366285289127, -0.030243816090604697, -0.1280350721857149, -0.24813884672084094, -0.1938974376949233, -0.2764854102898679, 0.3450393894697897, 0.04280221527214051, 0.2561172085211647, -0.5310835019515937, -0.08429921126599738, -0.1274551306182478, -0.19083352637045564, -0.6115965336170669, 0.1557146110600832, 0.7461752786643402, -1.1433677470293906, 0.7390581216656591, 0.7934468749551521, -0.5380782365349157, -0.01880344830596338, -0.3154087607279855, -0.1251440820709531, -0.6777454662359585, -0.3351446610332535, -0.7056134838589548, 0.969104681283729, -0.5274224620588881, -0.5518098184334551, -0.6069930393551154, 0.7299137536628528, 0.1874438019703606, 0.012371750899702537, -0.3026266455666826, -0.07852835749704923, 0.14220788679964846, -0.08400055144448068, -0.1969932749172433, -0.7302098900739955, -0.6620295160177059, -0.2520740188741461, 0.5427385877861337, -0.17288043962373648, 0.26360696452042176, 0.19539269856439379, 0.7701625886303076, 0.9132469605922435, 0.5120500717037761, 0.7171558960733527, 0.26420236120471063, -0.6310440064149619, 0.6457551906030977, -0.4891042331948607, -0.28986474371988763, 0.576530724629656, -0.2379097606700712, 0.8318366066590869, 0.34221303452965207, -0.30451732066474685, -0.9402813329082854, 0.6366116830812525, -0.21281827780832935, 0.03039320081928751, -0.5122346262625476, -0.10624239026342243, 0.4581001510201669, 0.1146765358535041, -0.16053494724578185, -0.02052064534232339, 0.4463374409846456, 0.9875461755536267, 0.9308806701131949, 0.2840059216323579, -0.4467302977541898, 0.10040463614057857, 0.338679904052288, 0.9577429162961875, 0.1744897947690921, 0.7337135146955189, 0.6538382267879984, -0.8353449309455757, -0.09017253079916583, -0.18104479636226625, 0.07149075035887524, -0.7384630410617059, -0.22832075542570926, -0.21386927456326288]
216.2998167080645	(8, 12, 2)	[-0.43959587703873554, 0.2188508213670124, 0.8197985376006005, 0.5218290168226508, -0.2729570265875936, 0.12819653806832412, -0.27176048830079313, 0.08216829598510096, -0.32373186702596196, 0.1177349838343222, -0.8503385900364951, -0.36451800425109293, -0.8535056307127632, 0.7088716535166683, 0.7657061206965572, -0.12390856008299446, 0.254747545521145, -0.18555892262566767, 0.7750107776509733, 0.06567387643730348, 0.5474721596103239, 0.5472008584529284, 0.6339644751006845, -0.3978886079982929, 0.8584124893558187, -0.4473847520462188, -0.8667143747400576, 0.19736075843564413, -0.21339242025992525, -0.2683144017975494, -0.5586296125594816, 0.2828138077805688, -1.081162725624936, 0.6284848885425677, -0.01737530974883742, -0.11783795512913472, -0.2563763865358116, -0.19182515660414495, -0.27535690825008974, 0.44051351651766035, 0.08460441547043049, 0.33827955690606726, -0.4759690261554179, -0.08589633995772208, -0.07809118308262061, -0.19656758338042657, -0.610825586739142, 0.155029675788137, 0.6489661364941901, -1.0119609290081386, 0.7464135770281451, 0.7907882737395563, -0.508593869655944, 0.004246992409866798, -0.33048473598721234, -0.1400509689326556, -0.676825733992461, -0.6423924284913821, -0.7064804941242055, 0.9313901015192203, -0.4645471117601079, -0.5470138718302927, -0.5984536680130561, 0.7503714785249053, 0.18478263110245663, 0.01200455292150408, -0.3034776165705557, 0.11744073719788242, 0.1031981072143936, -0.10062925168521954, -0.31068974085372814, -0.780085819716413, -0.6995054466669974, -0.27879270356994035, 0.5477933255611933, -0.17064195600976237, 0.26079288352544905, 0.16440797653142386, 0.896202504151575, 0.8666239346637972, 0.5677361079509672, 0.6931946289973381, 0.35887547178038015, -0.6192968831397445, 0.6010114901478847, -0.4554491829383351, -0.3021757544676946, 0.59897815389703, -0.2449543034276488, 0.8457559661639353, 0.04851572716077028, -0.3374486202153782, -0.9778751200130578, 0.639139313861095, -0.22484605961359902, 0.03426499295194413, -0.5093661238886653, -0.11941196450395362, 0.4635866641099581, 0.15481224987584075, -0.1543990139290054, 0.04416384316151886, 0.4452827410754087, 0.989943399927571, 0.8865732720200954, 0.2708742248939925, -0.4797926551218514, 0.1071865892545705, 0.38456148911046284, 0.941454300992915, 0.1838544783381851, 0.7306025782091962, 0.6512361680840327, -0.7990945819449446, -0.04854272022487801, -0.18741433625440876, 0.07560978522687607, -0.7659287102097354, -0.22857145210359434, -0.21160225700361993]
475.8377245831661	(8, 12, 2)	[-0.4386578176347518, 0.4748128306697018, 0.7394457660392144, 0.5217704316993181, -0.23735847084035455, 0.10969213076487466, -0.27388032462169226, 0.08688753290464271, -0.33131294956103907, 0.1138830807207096, -0.848699843307606, -0.44242623132611975, -0.8540193932791357, 0.7106065118483108, 0.7511716524903163, -0.012930623577633943, 0.23924876593628155, -0.1821392285911724, 0.8569499148864294, 0.042522333629133394, 0.5462129049284353, 0.6331029725109859, 0.624814538822824, -0.39755625422832713, 0.8408653106829191, -0.44969661788171933, -0.9484946440844791, 0.23495961359220985, -0.21103087342727658, -0.2735981473133793, -0.5594150286792292, 0.30075606526489945, -1.0786415192984833, 0.6251410380841285, -0.01498175170390116, -0.12491182230701134, -0.25739739867384126, -0.19371967045500763, -0.2769241338999646, -0.5184060033811715, 0.12040078964976893, 0.34006031385657903, -0.5194004674095324, -0.0865153580505913, -0.037009100484594326, -0.21660900027448732, -0.6212207255832863, 0.15521396689261557, 0.6563582447499747, -1.0289743885490734, 0.736893635240508, 0.7970283080222964, -0.5378520541886673, -0.04043988345371494, -0.3189277877532706, -0.1459368042936185, -0.6772400117701421, -0.6597280371034518, -0.6648868936137227, 0.938260924337404, -0.5003466012602784, -0.5624834476187136, -0.594359581738611, 0.7368251213181787, 0.18295038369546457, 0.010049113883501666, -0.30223534744417085, 0.037326568834499974, 0.10251265723628682, -0.0879832668768591, -0.24688696383921716, -0.7702729938121813, -0.6855946699908324, -0.28287542076277244, 0.5416998244978397, -0.17409581466945973, 0.2578073066868588, 0.1619102948544302, 0.9476174762953476, 0.9150369798745989, 0.6199033346129874, 0.704923902331245, 0.3761082567711398, -0.6880075184840837, 0.6836703729804756, -0.5001520008113767, -0.2918249109712811, 0.5994414039171877, -0.24521812050652944, 0.8667651329680056, 0.40280577620509067, -0.33476646494393975, -0.9530336837117751, 0.6392105540365673, -0.23271868976488497, 0.034109012837929734, -0.4451203752276832, -0.05861733283455532, 0.3409346460670081, -0.13514773240204694, -0.11630695669319614, -0.04030164732859601, 0.464371360614772, 0.9972586702253662, 0.9310445023251772, 0.2827373430956091, -0.43009699099680276, 0.12476793337434336, 0.3901674712700856, 0.9386660859355015, 0.16469063248439028, 0.7355339150536742, 0.6676338062192949, -0.82937385099772, -0.05449422202308391, -0.17865982645391332, 0.07708764696524478, -0.5524668064922359, -0.22979373769924238, -0.1765533267322727]
651.8589360954015	(8, 12, 2)	[-0.42857873512372346, 0.2341406175314379, 0.8194276380168404, 0.5218370055518633, -0.23654484039743792, 0.1271418069985864, -0.27181507697506135, 0.07530643455219903, -0.3237599572658838, 0.10559292495675172, -0.8501725599962155, -0.44502857087010506, -0.8541337283369648, 0.7086875902816101, 0.7736539444728616, -0.029724753903499237, 0.27907480925727673, -0.18846613705996973, 0.8571079210614284, 0.03426347014788453, 0.545203338431724, 0.5464989115685304, 0.6019634964114958, -0.39802577097056047, 0.8611134181464031, -0.30585410963114257, -0.8776812244385245, 0.19853008127992555, -0.2130789488422453, -0.26976052161128083, -0.5621461491074405, 0.2666159589972389, -0.9964571559532726, 0.638755546279304, -0.019122710394031697, -0.12436332813826324, -0.2565623701877455, -0.19374781162668994, -0.27867167358604633, 0.42297687410501716, 0.09720306447046295, 0.3390094429146036, -0.5297783628388923, -0.09066007583175267, -0.054495120696041774, -0.195419234279535, -0.6329272631264012, 0.1546226340618282, 0.6845716493346377, -1.0082093671024193, 0.7317081573552698, 0.8439326655672431, -0.5093870311101333, -0.07662727626223242, -0.30702567169874867, -0.16697255947291118, -0.6768326136772592, -0.6413835118286799, -0.652599983564417, 0.9261503898444506, -0.47228091728578353, -0.5483052639661576, -0.5954985481838894, 0.7309260983070083, 0.2000084932569723, 0.012495881429570364, -0.30344262945418976, 0.11178488696190096, 0.08192145479046697, -0.09903980481630732, -0.29654016766630303, -0.7590070681956281, -0.6507716382749159, -0.27863989654726323, 0.5407137127851489, -0.17022235675868763, 0.2572071253598974, 0.16971994046261227, 0.9734452959909896, 0.8700756214186507, 0.5555510996712989, 0.6923813200282753, 0.39626279988882884, -0.6635630788463933, 0.5879389450317998, -0.4728584556425441, -0.2948592381904524, 0.5999948176308891, -0.24332135741515326, 0.8523079489191752, 0.0068966560784020775, -0.3352291492415271, -0.9686638466940111, 0.6448659331742077, -0.22199495839171085, 0.034309808543141765, -0.43814154410248024, -0.12489703319308892, 0.4806053432451751, -0.17722851162588363, -0.16887204323776878, 0.09864600305825433, 0.4419032748305797, 0.9971539493249321, 0.8901774452733409, 0.2714735415345078, -0.5877228936810936, 0.10933579771908136, 0.3844701392996551, 0.9400751441620052, 0.18015031483273966, 0.7384329162754131, 0.6992157481557032, -0.7835061761262575, -0.05414541812683866, -0.16993930620775857, 0.08198247028074057, -0.772189400097964, -0.22841625965754073, -0.20761554378180744]
621.1102769514703	(8, 12, 2)	[-0.43977427275210285, 0.34951634376270474, 0.7838250483751306, 0.48495001501802765, -0.25352416863648114, 0.11223222678183369, -0.2735047625430208, 0.08144150729698266, -0.3183954498222624, 0.1320288093140371, -0.8486906992970578, -0.39352922203342633, -0.8542472902669673, 0.7702890993742688, 0.7445160427523825, -0.08460411286470207, 0.24607869997022175, -0.18510351911521455, 0.8197355560028765, 0.06968551784693591, 0.5475616654629106, 0.5299592164715577, 0.6216842950200259, -0.3992388884278622, 0.8573569798477574, -0.45059241642447806, -0.8472666954839304, 0.2403843789476549, -0.2121143905433731, -0.27222323082443495, -0.5547986464870921, 0.2747252794320517, -1.0350202131172233, 0.6300201666407864, -0.016962177726635917, -0.12243481507578749, -0.2572298999525831, -0.19314737865203183, -0.2784560678125351, 0.37339858233191636, 0.014549401211205326, 0.3381371352273727, -0.5417289679764806, -0.08507867816749948, -0.07772295240542376, 0.004681835459594524, -0.613436506127311, 0.15679233186755115, 0.6494267902733861, -1.026290124930288, 0.7339087711330893, 0.80662721264877, -0.5150274405837707, -0.021392250393368478, -0.306767627111486, -0.12820874645561395, -0.6772229885992804, -0.5850196672393622, -0.6562956710836851, 0.9405352970954317, -0.47857286450542463, -0.5562657358044222, -0.5935698032798269, 0.7400519498410199, 0.18263731612009604, 0.011708911152189892, -0.30225618119338743, 0.06109445583050563, 0.10468188869128742, -0.09298531213629813, -0.2657035244309075, -0.7666655916450903, -0.656171584179457, -0.28231481465570135, 0.5433197501257367, -0.17182312114289292, 0.2605155037017647, 0.16256773239627487, 0.9088874914354994, 0.8670348914396573, 0.5581902688712581, 0.6953074552846649, 0.3616052504885072, -0.6070678232149573, 0.6671939662561353, -0.4839884909321941, -0.29059774282142814, 0.5984876582713233, -0.1901844048668545, 0.8501344584566701, 0.35228324504720593, -0.3820204933798987, -0.9694258412848752, 0.638854682098606, -0.22520267453123072, 0.03544568288891746, -0.5153696234807371, -0.11098241022662174, 0.2983318705928419, 0.12318646898834651, -0.16320518271366166, -0.01916253957099332, 0.4311633844641291, 0.9638339074274694, 0.9297751163844898, 0.2598704429086043, -0.46403633546061546, 0.12010874074896684, 0.3873771705385428, 0.9393258912259247, 0.18382631065154123, 0.7321709604715422, 0.6648208336801372, -0.8269642353496935, -0.04801438905609629, -0.17913649841290585, 0.07623851690678385, -0.7976125996731825, -0.22915315577946055, -0.2034321630391507]
683.8780072568993	(8, 12, 2)	[-0.4388257088797829, 0.6418836902486784, 0.8035483163621671, 0.5217975274705521, -0.23650153250389588, 0.11426335720971982, -0.28236791034163505, 0.09466488555854422, -0.33173021165833355, 0.11638764534267207, -0.8643319965466529, -0.44025072689887756, -0.8528978428098678, 0.7161856432008604, 0.7476153565031267, -0.0660301734003576, 0.22982833857588064, -0.18802225405417836, 0.8452588294776591, 0.11483931826482387, 0.5504292327605623, 0.5429664500007799, 0.621888088088691, -0.39901338950581317, 0.8502239877880217, -0.5947144187971622, -0.8624524676962999, 0.2331340979900384, -0.2110123568449171, -0.30240666660256343, -0.5601344469676818, 0.30557664349801233, -1.0735258153380183, 0.6417800595766415, -0.00023747611247283001, -0.10346990116722633, -0.2575532127595805, -0.2632195980566227, -0.2767175937087087, -0.2820052203994451, 0.18024108727077293, 0.34004478288169543, -0.5200503641506847, -0.08645499213857448, -0.04737211848434927, -0.20945578703365275, -0.6213691465172322, 0.15522674324096009, 0.7069176839345733, -1.0296598581813285, 0.7091810702041327, 0.8935656982276062, -0.5379640412877081, -0.07539113745739946, -0.36548793245217953, -0.09325792581200391, -0.6773635377544364, -0.6654483896561104, -0.684003232484465, 0.9522762190036536, -0.5112959385553064, -0.5633435520973015, -0.5869460315861957, 0.7322000348145756, 0.18321862508987768, 0.009652793362603255, -0.3030986692535211, 0.02304986455216168, 0.10355419516354457, -0.08921597330960962, -0.2404152553329995, -0.770388053419502, -0.675682221317191, -0.2816460704556252, 0.5387597262818034, -0.17329699346766933, 0.2584716376124445, 0.15351179094476186, 0.9547659242377428, 0.9149958646927329, 0.5320493890181487, 0.7011379381547804, 0.23759014392058309, -0.6670806917261658, 0.6771326928667474, -0.5103129840940286, -0.2926632035515584, 0.5839558249977069, -0.24571422345795532, 0.860311363754235, 0.4423460711687613, -0.31487167451374787, -0.9490675542986406, 0.6387279583601096, -0.23446142147012225, 0.03411188854044098, -0.4391924136347666, -0.06866641570485568, 0.34949406679534833, 0.14791182001952313, -0.13276629147385816, 0.04206406929737104, 0.4557159536048894, 0.9972910289172165, 0.9286253175282869, 0.2761481067784103, -0.43203472737106385, 0.11960359326132805, 0.35186287748994965, 0.9392945083463102, 0.16610470525235882, 0.7342499833434676, 0.6524328516267552, -0.8293680757620256, -0.05016602013124026, -0.18182952405547298, 0.07782661780522378, -0.5816743457002322, -0.22983180536794762, -0.19847719076308767]
1030.9047641022548	(8, 12, 2)	[-0.4397745467449623, 0.3615856741070078, 0.7631296122166834, 0.519273331559828, -0.22679444840517393, 0.11067679348685991, -0.27344378887198234, 0.08677749852246927, -0.321026128685047, 0.1176607704789576, -0.8486927023394485, -0.3396512750756385, -0.8542558385206778, 0.7773560513367807, 0.7666718582861288, -0.14363796136845003, 0.24503986849929085, -0.18474975520746528, 0.817265794993256, 0.06755818718390907, 0.5475985500305981, 0.5116625625949786, 0.6234219648379677, -0.397930999775252, 0.8572744118823745, -0.44979084714868306, -0.853830214517635, 0.20541582789838897, -0.21221733428871345, -0.27123860817356404, -0.5562801267607547, 0.2979284826259632, -1.0795137352031283, 0.6297138671825264, -0.016352617166041816, -0.12096456184411211, -0.25689109537470717, -0.19283433504621503, -0.2770220762070486, 0.48887523463881083, 0.12384370175861073, 0.3385559660289944, -0.5208656938627666, -0.08655628682792764, -0.06762749666944998, 0.05037977567220947, -0.6136257662576671, 0.15685850706783136, 0.6494259186896275, -1.0268201268206896, 0.7432804601274113, 0.8075937340041757, -0.5078131800122634, -0.01612023447845448, -0.3312127282456664, -0.14287120840985, -0.6771120854362361, -0.5791015563883082, -0.6840067132246176, 0.940364324362791, -0.4758206217157288, -0.5484246711976908, -0.5939206892125497, 0.7399082928405972, 0.1829247050880073, 0.011709708597299763, -0.3031418613552482, 0.060596171249160356, 0.10320001502313632, -0.09986447751513872, -0.2672546860122579, -0.7747542285368674, -0.677867436854584, -0.2821130566657287, 0.5464744506269685, -0.1722259691742527, 0.26082764562575955, 0.16247156681907898, 0.9110704643100641, 0.8820184834751937, 0.6230689479563776, 0.6919481136698891, 0.37255516121189625, -0.6504363029921981, 0.6506521165265082, -0.4858997271053202, -0.29129938019232515, 0.5982470749134107, -0.24393046843800126, 0.8540800260783906, 0.3931779716089421, -0.34771911177969705, -0.8426076224951949, 0.6392412267726199, -0.22564596399167464, 0.03451739812244068, -0.47715371600528433, -0.11010631356342732, 0.2781345887615261, 0.06421704623777548, -0.13699191768486738, -0.017999338773070306, 0.45355684487479236, 0.9814099663032111, 0.9377996058335101, 0.27181849117196555, -0.46130987844917104, 0.12010709853911201, 0.38635843020057864, 0.9404035294281482, 0.18359113693734092, 0.7352464839054227, 0.664216427199809, -0.8153333023476191, -0.05403762971988513, -0.17834432661019553, 0.07622793978354078, -0.7439550763846499, -0.22909758606663824, -0.2027909462922259]
780.7071507345833	(8, 12, 2)	[-0.43973910773143277, 0.3589040276920426, 0.7664201953736026, 0.5191812643949344, -0.2448811968455716, 0.12128291203687142, -0.273335319842865, 0.08462103457006975, -0.3165485920135606, 0.11800567140058603, -1.1431236734865537, -0.40851297898048355, -0.8538262201393979, 0.7312021131247998, 0.5476568541385198, -0.0067746350122977195, 0.2492203963683686, -0.18476177895851828, 0.8550178309826382, 0.05151259669439176, 0.5474491548938276, 0.5220814035610533, 0.6177993033616277, -0.3940234540673127, 0.8551789864674566, -0.4500089567267998, -0.8464810594484946, 0.20399136858294534, -0.21272848867079486, -0.275881913487087, -0.4021126578127614, 0.2883368894127763, -1.0787520344422539, 0.638081815198843, -0.01766891277072156, -0.1228306372479468, -0.2562310266857668, -0.193742497313766, -0.2793325457180861, 0.4470006418187871, 0.08747376390232561, 0.3373975835331621, -0.5326845286656552, -0.0899380040375815, -0.05128212535236681, -0.2552500527934826, -0.6155776593247031, 0.15628036399926032, 0.636586753766514, -1.0243730635624326, 0.7352797647021323, 0.8070800196315278, -0.5022381957989707, -0.1641361191425572, -0.3284574317790566, -0.1447650309453668, -0.6771767167850106, -0.6413689414659249, -0.6731209071947056, 0.9338676273878039, -0.4735213858472694, -0.5563110894029261, -0.5951061658359983, 0.7398529798331781, 0.18578258685407445, 0.011507612454766447, -0.3032398849305015, 0.005044459927531794, 0.0927343684110729, -0.09270436233040656, -0.23404045423595427, -0.7671741883873707, -0.6662264266471787, -0.2815476278371676, 0.5469471978752644, -0.1717891061804197, 0.26174362443344606, 0.17994099607249453, 0.9060523571087087, 0.885369770150416, 0.598150579303579, 0.6924169919506824, 0.3567746056798724, -0.7523881160931136, 0.5678122387263462, -0.48591972433120095, -0.29156459155270786, 0.5947059313816877, -0.2460851792823868, 0.8521882391142407, 0.33734338745806414, -0.36128939083401607, -0.9013730502923576, 0.6393023127263957, -0.23217816361961893, 0.034349373379053215, -0.4485101914440262, -0.1258672000859234, 0.2061142431228338, -0.09942645536361264, -0.14217831820913757, -0.013114158790047993, 0.4420386053505541, 0.9668109457812399, 0.9250716134438934, 0.2721434999302738, -0.641085998952588, 0.11764059790231995, 0.3862635906822993, 0.9392142360442464, 0.1840475357975478, 0.7351681073470003, 0.678982800208039, -0.6705429129337697, -0.054179534900945694, -0.1767352005822417, 0.07873344665805446, -0.7811248738845097, -0.22876148812147204, -0.20428427717596753]
794.881373608193	(8, 12, 2)	[-0.43977427275210285, 0.34951634376270474, 0.7838250483751306, 0.48495001501802765, -0.25352416863648114, 0.11223222678183369, -0.2735047625430208, 0.08144150729698266, -0.3183954498222624, 0.1320288093140371, -0.8486906992970578, -0.39352922203342633, -0.8542472902669673, 0.7702890993742688, 0.7445160427523825, -0.08460411286470207, 0.24607869997022175, -0.18510351911521455, 0.8197355560028765, 0.06968551784693591, 0.5475616654629106, 0.5299592164715577, 0.6216842950200259, -0.3992388884278622, 0.8573569798477574, -0.45059241642447806, -0.8472666954839304, 0.2403843789476549, -0.2121143905433731, -0.27222323082443495, -0.5547986464870921, 0.2747252794320517, -1.0350202131172233, 0.6300201666407864, -0.016962177726635917, -0.12243481507578749, -0.2572298999525831, -0.19314737865203183, -0.2784560678125351, 0.37339858233191636, 0.014549401211205326, 0.3381371352273727, -0.5417289679764806, -0.08507867816749948, -0.07772295240542376, 0.004681835459594524, -0.613436506127311, 0.15679233186755115, 0.6494267902733861, -1.026290124930288, 0.7339087711330893, 0.80662721264877, -0.5150274405837707, -0.021392250393368478, -0.306767627111486, -0.15640797123733685, -0.6772229885992804, -0.5850196672393622, -0.6562956710836851, 0.9405352970954317, -0.47857286450542463, -0.5562657358044222, -0.5935698032798269, 0.7400519498410199, 0.18263731612009604, 0.011708911152189892, -0.30225618119338743, 0.06109445583050563, 0.10468188869128742, -0.09298531213629813, -0.2657035244309075, -0.7666655916450903, -0.656171584179457, -0.28231481465570135, 0.5433197501257367, -0.17182312114289292, 0.2605155037017647, 0.16256773239627487, 0.9088874914354994, 0.8670348914396573, 0.5581902688712581, 0.6953074552846649, 0.3616052504885072, -0.6070678232149573, 0.6671939662561353, -0.4839884909321941, -0.29059774282142814, 0.5984876582713233, -0.1901844048668545, 0.8501344584566701, 0.35228324504720593, -0.3820204933798987, -0.9694258412848752, 0.638854682098606, -0.22520267453123072, 0.03544568288891746, -0.5153696234807371, -0.11098241022662174, 0.2983318705928419, 0.12318646898834651, -0.16320518271366166, -0.01916253957099332, 0.4311633844641291, 0.9638339074274694, 0.9297751163844898, 0.2598704429086043, -0.46403633546061546, 0.12010874074896684, 0.3873771705385428, 0.9393258912259247, 0.18382631065154123, 0.7321709604715422, 0.6648208336801372, -0.8269642353496935, -0.04801438905609629, -0.17913649841290585, 0.07623851690678385, -0.7976125996731825, -0.22915315577946055, -0.2034321630391507]
375.2009697400367	(8, 12, 2)	[-0.434323161105242, 0.3461540998917855, 0.7825509291156169, 0.503435163494551, -0.2604302912691212, 0.11354924799380592, -0.2741105160830803, 0.08088412238083624, -0.30270542624086705, 0.13221538578828027, -0.847167454540459, -0.3910851025363874, -0.8362129841947844, 0.7723544264513581, 0.7439532984833085, -0.08573638343567208, 0.2458822663559686, -0.18510465604747384, 0.8208775161135071, 0.07007141639315342, 0.5443032735674633, 0.5268391422322237, 0.6174342742276985, -0.39905719303754084, 0.8494757364387507, -0.4433002292535819, -0.8627697817018166, 0.23042434281887791, -0.21212250450175915, -0.2730365692571249, -0.5571033009658579, 0.3050470995046849, -1.0829135183027854, 0.633065464526133, -0.015679977951757868, -0.12082383956387323, -0.2540042722854298, -0.19157303606435475, -0.27839646014076586, 0.2774576280836745, 0.052796358116388345, 0.33215475744478223, -0.513431611445093, -0.0849337726628956, -0.06581865981842563, 0.02901678078591524, -0.6133932605976551, 0.15687511373564067, 0.7365090514782998, -1.0830556951159909, 0.720429131185981, 0.8621446432445031, -0.5260616093158559, -0.01998244555597708, -0.3085568683782801, -0.14591935582809637, -0.6772256411337292, -0.6166298908593231, -0.6467291555876334, 0.9500322092388261, -0.47481605298124263, -0.5336240598500942, -0.5877953953036363, 0.7416342419078626, 0.18294648205969427, 0.010681814534419071, -0.3012635641158885, 0.04300866377765607, 0.1060915330100815, -0.09316910267842918, -0.23909856268342455, -0.7713715018354449, -0.6556019657720503, -0.2816491903861113, 0.5448311152008086, -0.17195731799648095, 0.2603848856704062, 0.21302220011970852, 0.8964826429521466, 0.8800883648094228, 0.5599767103475674, 0.6934120355588241, 0.34291575975875044, -0.6581470331316474, 0.6718202505991477, -0.48666704304670205, -0.29595114814208434, 0.5978308344253223, -0.18951477932919913, 0.8512649623639261, 0.36012179338229333, -0.3667445008208799, -0.9869996778638958, 0.638589539538275, -0.22564960940547737, 0.03494556512919669, -0.5056454969271525, -0.1104509944393473, 0.283596152351007, 0.1014226643501141, -0.1686080663351676, -0.019651865713788, 0.4295150693869361, 1.0035354810201043, 0.9351511751483303, 0.2684213330657257, -0.46415942929276693, 0.13057183347523282, 0.38390469026496865, 0.9399675142213572, 0.17210447421246133, 0.7318764383237624, 0.6688615088724487, -0.8261555736852744, -0.04697086840283509, -0.17884499314968202, 0.07624370000421905, -0.7674534735635441, -0.229135646942432, -0.205242752899711]
542.0603831291448	(8, 12, 2)	[-0.434323161105242, 0.3461540998917855, 0.7825509291156169, 0.503435163494551, -0.2604302912691212, 0.11354924799380592, -0.2741105160830803, 0.08088412238083624, -0.30270542624086705, 0.13221538578828027, -0.847167454540459, -0.3910851025363874, -0.8362129841947844, 0.7723544264513581, 0.7439532984833085, -0.08573638343567208, 0.2458822663559686, -0.18510465604747384, 0.8208775161135071, 0.07007141639315342, 0.5443032735674633, 0.5268391422322237, 0.6174342742276985, -0.39905719303754084, 0.8494757364387507, -0.4433002292535819, -0.8627697817018166, 0.23042434281887791, -0.21212250450175915, -0.2730365692571249, -0.5571033009658579, 0.3050470995046849, -1.0829135183027854, 0.633065464526133, -0.015679977951757868, -0.12082383956387323, -0.2540042722854298, -0.19157303606435475, -0.27839646014076586, 0.2774576280836745, 0.052796358116388345, 0.33215475744478223, -0.513431611445093, -0.0849337726628956, -0.06581865981842563, 0.02901678078591524, -0.6133932605976551, 0.15687511373564067, 0.7365090514782998, -1.0830556951159909, 0.720429131185981, 0.8621446432445031, -0.5260616093158559, -0.01998244555597708, -0.3085568683782801, -0.14591935582809637, -0.6772256411337292, -0.6166298908593231, -0.6467291555876334, 0.9500322092388261, -0.47481605298124263, -0.5336240598500942, -0.5877953953036363, 0.7416342419078626, 0.18294648205969427, 0.010681814534419071, -0.3012635641158885, 0.04300866377765607, 0.1060915330100815, -0.09316910267842918, -0.23909856268342455, -0.7713715018354449, -0.6556019657720503, -0.2816491903861113, 0.5448311152008086, -0.17195731799648095, 0.2603848856704062, 0.21302220011970852, 0.8964826429521466, 0.8800883648094228, 0.5599767103475674, 0.6934120355588241, 0.34291575975875044, -0.6581470331316474, 0.6718202505991477, -0.48666704304670205, -0.29595114814208434, 0.5978308344253223, -0.18951477932919913, 0.8512649623639261, 0.36012179338229333, -0.3667445008208799, -0.9869996778638958, 0.638589539538275, -0.22564960940547737, 0.03494556512919669, -0.5056454969271525, -0.1104509944393473, 0.283596152351007, 0.1014226643501141, -0.1686080663351676, -0.019651865713788, 0.4295150693869361, 1.0035354810201043, 0.9351511751483303, 0.2684213330657257, -0.4651533325029466, 0.13057183347523282, 0.38390469026496865, 0.9399675142213572, 0.17210447421246133, 0.7318764383237624, 0.6688615088724487, -0.8261555736852744, -0.04697086840283509, -0.17884499314968202, 0.07624370000421905, -0.7674534735635441, -0.229135646942432, -0.205242752899711]
693.3434273837236	(8, 12, 2)	[-0.43625313187168174, 0.3874719909774591, 0.7740470087163691, 0.5285204267525736, -0.24581998623116366, 0.1228511220955754, -0.2776737218976022, 0.08455876370585517, -0.3162680854577013, 0.12750298487622766, -1.0750750715798387, -0.3762311812727828, -0.8538126946043423, 0.7424122409458099, 0.7094132821202229, -0.03440523683129167, 0.2451514816820372, -0.17210318224009252, 0.8449117836107697, 0.04080447499979854, 0.5452101712803025, 0.5323452504138676, 0.6195931206694341, -0.39984735014039946, 0.8506209299478174, -0.37246051953471265, -0.8646331629089946, 0.22291796061954777, -0.21242194219505248, -0.2781964102905864, -0.5534431043000297, 0.29769912034653184, -1.0604708667679932, 0.6198405733703011, -0.005389867917982977, -0.11925933794254309, -0.25756864331505286, -0.21163587554193528, -0.27914757621059905, 0.4185056994905337, 0.02685594969295034, 0.3152491175102321, -0.5390499017989325, 0.01094061236753821, -0.051801506514859715, -0.23787764471225098, -0.6226400257381893, 0.15666222950328362, 0.65618912852212, -1.0285240290346103, 0.7335549369169097, 0.9209710927798515, -0.537906253556638, -0.1210878418633452, -0.32877900295020696, -0.16893660602772864, -0.6770375759312526, -0.6448532815721633, -0.6742585838657739, 0.9353896257694753, -0.48891517770325554, -0.5627855111154338, -0.5960885922006518, 0.6091659418667361, 0.18318062810152913, 0.011716605934413893, -0.3148782421552325, 0.040753666665821975, 0.09826327206164025, -0.09743231492987632, -0.25257564993110526, -0.7781300056208956, -0.6519997386971643, -0.2811979354527806, 0.5462463430708879, -0.17198825655916047, 0.1669477531881015, 0.14784271668920848, 0.9106385555013269, 0.8753303667769454, 0.5649203141319442, 0.6946497953451604, 0.22254784855659918, -0.7730807615927152, 0.6088143465630813, -0.48571897845145123, -0.2947454672416258, 0.5892003529180491, -0.25137776414263135, 0.850549506702609, 0.34343380464493073, -0.346191165203507, -0.9107480364454784, 0.6393195427965874, -0.2330636930423468, 0.03555936061951205, -0.46785106064957527, -0.10707989201891804, 0.36736620179970125, -0.03733782277428169, -0.1501027943532763, -0.006522688067058552, 0.440533640841669, 0.9784055765386699, 0.927553724987275, 0.2711275587677492, -0.4657106791605884, 0.11781556641901356, 0.4041516798854807, 0.9360630461791405, 0.18077842714956213, 0.7294597864745226, 0.6621169035511308, -0.8047232522795158, -0.049000559866779106, -0.1774581291955982, 0.07556673438854457, -0.7274343295873176, -0.2293361852363089, -0.2057683515549095]
591.6839214913647	(8, 12, 2)	[-0.43625313187168174, 0.3874719909774591, 0.7740470087163691, 0.5285204267525736, -0.24581998623116366, 0.1228511220955754, -0.2776737218976022, 0.08455876370585517, -0.3162680854577013, 0.12750298487622766, -1.0750750715798387, -0.3762311812727828, -0.8538126946043423, 0.7424122409458099, 0.7094132821202229, -0.03440523683129167, 0.2451514816820372, -0.17210318224009252, 0.8449117836107697, 0.04080447499979854, 0.5452101712803025, 0.5323452504138676, 0.6195931206694341, -0.39984735014039946, 0.8506209299478174, -0.37246051953471265, -0.8646331629089946, 0.22291796061954777, -0.21242194219505248, -0.2781964102905864, -0.5534431043000297, 0.29769912034653184, -1.0604708667679932, 0.6198405733703011, -0.005389867917982977, -0.11925933794254309, -0.25756864331505286, -0.21163587554193528, -0.27914757621059905, 0.4185056994905337, 0.02685594969295034, 0.3152491175102321, -0.5390499017989325, 0.01094061236753821, -0.051801506514859715, -0.23787764471225098, -0.6226400257381893, 0.15666222950328362, 0.65618912852212, -1.0285240290346103, 0.7335549369169097, 0.9209710927798515, -0.537906253556638, -0.1210878418633452, -0.32877900295020696, -0.16893660602772864, -0.6770375759312526, -0.6448532815721633, -0.6742585838657739, 0.9353896257694753, -0.48891517770325554, -0.5627855111154338, -0.5960885922006518, 0.6091659418667361, 0.18318062810152913, 0.011716605934413893, -0.3148782421552325, 0.040753666665821975, 0.09826327206164025, -0.09743231492987632, -0.25257564993110526, -0.7781300056208956, -0.6519997386971643, -0.2811979354527806, 0.5462463430708879, -0.17198825655916047, 0.1669477531881015, 0.14784271668920848, 0.9106385555013269, 0.8753303667769454, 0.5649203141319442, 0.6946497953451604, 0.22254784855659918, -0.7730807615927152, 0.6088143465630813, -0.48571897845145123, -0.2947454672416258, 0.5892003529180491, -0.25137776414263135, 0.850549506702609, 0.34343380464493073, -0.346191165203507, -0.9107480364454784, 0.6393195427965874, -0.2330636930423468, 0.03555936061951205, -0.46785106064957527, -0.10707989201891804, 0.36736620179970125, -0.03733782277428169, -0.1501027943532763, -0.006522688067058552, 0.440533640841669, 0.9784055765386699, 0.927553724987275, 0.2711275587677492, -0.4657106791605884, 0.11781556641901356, 0.4041516798854807, 0.9360630461791405, 0.18077842714956213, 0.7294597864745226, 0.6621169035511308, -0.8047232522795158, -0.049000559866779106, -0.1774581291955982, 0.07556673438854457, -0.7274343295873176, -0.2293361852363089, -0.2057683515549095]
279.4898355265174	(8, 12, 2)	[-0.43625313187168174, 0.3874719909774591, 0.9119693369250566, 0.5285204267525736, -0.24581998623116366, 0.1228511220955754, -0.2776737218976022, 0.08455876370585517, -0.3162680854577013, 0.12750298487622766, -1.0750750715798387, -0.3762311812727828, -0.8538126946043423, 0.7424122409458099, 0.7094132821202229, -0.03440523683129167, 0.2451514816820372, -0.17210318224009252, 0.8449117836107697, 0.04080447499979854, 0.5452101712803025, 0.5323452504138676, 0.6195931206694341, -0.39984735014039946, 0.8506209299478174, -0.37246051953471265, -0.8646331629089946, 0.22291796061954777, -0.21242194219505248, -0.2781964102905864, -0.5534431043000297, 0.29769912034653184, -1.0604708667679932, 0.6198405733703011, -0.005389867917982977, -0.11925933794254309, -0.25756864331505286, -0.21163587554193528, -0.27914757621059905, 0.4185056994905337, 0.02685594969295034, 0.3152491175102321, -0.5390499017989325, 0.01094061236753821, -0.051801506514859715, -0.23787764471225098, -0.6226400257381893, 0.15666222950328362, 0.65618912852212, -1.0285240290346103, 0.7335549369169097, 0.9209710927798515, -0.537906253556638, -0.1210878418633452, -0.32877900295020696, -0.16893660602772864, -0.6770375759312526, -0.6448532815721633, -0.6742585838657739, 0.9353896257694753, -0.48891517770325554, -0.5627855111154338, -0.5960885922006518, 0.6091659418667361, 0.18318062810152913, 0.011716605934413893, -0.3148782421552325, 0.040753666665821975, 0.09826327206164025, -0.08816607927652216, -0.38387083611652634, -0.7781300056208956, -0.6519997386971643, -0.2811979354527806, 0.5462463430708879, -0.17198825655916047, 0.1669477531881015, 0.14784271668920848, 0.9106385555013269, 0.8753303667769454, 0.5649203141319442, 0.6946497953451604, 0.22254784855659918, -0.7730807615927152, 0.6088143465630813, -0.48571897845145123, -0.2947454672416258, 0.5892003529180491, -0.25137776414263135, 0.850549506702609, 0.34343380464493073, -0.346191165203507, -0.9107480364454784, 0.6393195427965874, -0.2330636930423468, 0.03555936061951205, -0.46785106064957527, -0.10707989201891804, 0.36736620179970125, -0.03733782277428169, -0.1501027943532763, -0.006522688067058552, 0.440533640841669, 0.9784055765386699, 0.927553724987275, 0.2711275587677492, -0.4657106791605884, 0.11781556641901356, 0.4041516798854807, 0.9360630461791405, 0.18077842714956213, 0.7294597864745226, 0.6621169035511308, -0.8047232522795158, -0.049000559866779106, -0.1774581291955982, 0.07556673438854457, -0.7274343295873176, -0.2293361852363089, -0.2057683515549095]
416.70421332940407	(8, 12, 2)	[-0.44132462978892684, 0.4225482956460442, 0.7511968448236521, 0.5290834918744428, -0.2471626879755494, 0.08250421287940686, -0.27767654488202204, 0.08504502582361764, -0.3153512543722218, 0.12602319283086755, -1.0792568271058836, -0.4056483470377384, -0.8530963561033936, 0.74277304368316, 0.7507930396762824, -0.05964962887060336, 0.245622317954588, -0.17626053476005152, 0.845481632855719, 0.0441737134063292, 0.5449338288354064, 0.5322701821357123, 0.6203740660006383, -0.39977449082614397, 0.8499704923452231, -0.3751464431255879, -0.8646417739259933, 0.24429695477900626, -0.21154756647148576, -0.2781074187199704, -0.5534143961009308, 0.3219057716683107, -1.04585089465636, 0.6211760688823522, -0.005181791935940185, -0.11892089278328505, -0.2571730364217975, -0.192741997150774, -0.2792196957433632, 0.3756813686067788, 0.027682853115757366, 0.3312907870200583, -0.5493600105799605, 0.006675700046229447, -0.05179557677305355, -0.2403514493338195, -0.6208578209648807, 0.15661220932499523, 0.6790581344201749, -1.0147190945034528, 0.7291742954903812, 0.9124966466786245, -0.5325834746793473, -0.086901585357095, -0.3305051470843631, -0.1448878771342082, -0.6770294026913563, -0.6541581393510127, -0.6663627462638934, 0.9352524352682436, -0.4889690302672378, -0.5594386310329692, -0.5957784737377082, 0.7709230499270315, 0.18322889920978597, 0.01059733698375885, -0.3127000130365968, 0.04389149270291734, 0.051959840765734, -0.08800540334775854, -0.35515519679375596, -0.7780992865211629, -0.6531308480803779, -0.27899764211633593, 0.5460622397125999, -0.16783656596912064, 0.22713641171373034, 0.15017235745528518, 0.9107599751795201, 0.8747872234286945, 0.5650738160809126, 0.6946675328256461, 0.25523359064054013, -0.7734521890221742, 0.6061812190595443, -0.48608646014197626, -0.2948484118543949, 0.5892109297601591, -0.24308635494956413, 0.8514879450778811, 0.3385950800691492, -0.34999306231298966, -0.9060516302951584, 0.6394128622082202, -0.23341051382972589, 0.03555904735567031, -0.46781631556352926, -0.10757459883588799, 0.36700087852647445, -0.03746052547250937, -0.14547929203467072, -0.006459457273251731, 0.4406234966749827, 0.9838607491568505, 0.9289071162624742, 0.2709964370315133, -0.46660721747133893, 0.11871306643933148, 0.4006410420764021, 0.9375922261186108, 0.18272156219829738, 0.732658565658637, 0.6595550153531404, -0.7901587415651179, -0.060332613240478, -0.17723663100160775, 0.07551815193615931, -0.7292171550865728, -0.2293021700290987, -0.2144148983564656]
343.1915909889392	(8, 12, 2)	[-0.42521035080484204, 0.39372844016077185, 0.8994258138347556, 0.5261577637536717, -0.3287065166670868, 0.12298573668588589, -0.27834071962410667, 0.08476621278578302, -0.3216696458009002, 0.12665251712290987, -1.1719877272115422, -0.39846833512658, -0.8515105386190184, 0.7423940234472313, 0.7089539105004266, -0.026717864933912164, 0.24308146327465624, -0.1725509096882271, 0.847867336191754, 0.042903863790306564, 0.545261470234671, 0.5529227607221195, 0.6172094322031845, -0.3999019202745767, 0.8510584333391, -0.3722548083318457, -0.8702096002253803, 0.2608771360675999, -0.21216096360393044, -0.27868762900839483, -0.5557373322457344, 0.2955051953692304, -1.0162206840624453, 0.6373074983601484, -0.010600391279303461, -0.11804238631330254, -0.2575736526250713, -0.18606503219544565, -0.2791325562159773, 0.31141570475382896, 0.02671359770742764, 0.3215667535076891, -0.5275502577265838, -0.03517375809533641, -0.051638254473712356, -0.22467530629650823, -0.640274746570523, 0.1559826236576941, 0.6563625049111842, -0.9949461527103801, 0.7343280848699371, 0.9236574369660617, -0.5308240751552563, -0.12050825055979082, -0.3239419631775332, -0.16857798747127667, -0.6770368344953852, -0.6339297928501788, -0.6741657467062803, 0.9358246598954103, -0.46668849132958495, -0.5628287504554264, -0.6035635101582434, 0.5956779821405044, 0.1929543970771108, 0.011833120675429125, -0.3033434419465979, 0.04203381907117252, 0.10809587171170129, -0.08842493301932014, -0.39157940310061223, -0.7701591654306416, -0.6664831707237212, -0.2811885326332299, 0.5449836065444673, -0.1731250969200542, 0.22041754952128348, 0.14335686050149596, 0.8684571350479401, 0.8697754246708648, 0.5652982059614049, 0.6945601268957744, 0.2224119047883184, -0.7178867284333071, 0.6297486690398763, -0.48856855878361144, -0.29428604735044095, 0.5899123576814197, -0.2452815709408246, 0.8508523179222591, 0.3447866204141684, -0.3460943594069125, -0.9119876528683237, 0.6393259555000713, -0.3303993066932706, 0.03556750739525073, -0.47157998367445103, -0.11448363723758744, 0.30768615090608187, -0.031209892240265172, -0.1421268373277061, -0.004503531399487146, 0.44052486261724544, 0.975793947060058, 0.9267118736617154, 0.2711471442195807, -0.4853707181035143, 0.11490234929593958, 0.4116742477468109, 0.9367850061116274, 0.1816495703608331, 0.7327036362449022, 0.6607882697270455, -0.8049641526884838, -0.05013491519996669, -0.17701448232243014, 0.16378968570660216, -0.7736967361469991, -0.22923661086633873, -0.20478574872887909]
832.4274463179879	(8, 12, 2)	[-0.4341127461758021, 0.3590320295853849, 0.7786398966195656, 0.5135602581345883, -0.24578101370991348, 0.07728086500838917, -0.2748839734240514, 0.11025068217266792, -0.3305571909919089, 0.12123177428167402, -0.8447633606680809, -0.41185757260909533, -0.8544187948094901, 0.73916607648402, 0.8200875767318536, -0.09952696406398054, 0.24240598847976097, -0.3564440139828128, 0.8309251252941138, 0.019103794065554527, 0.5440607635916778, 0.5152338408453664, 0.6185968159707361, -0.4291656492452984, 0.8461870497607378, -0.4233407098786577, -0.8417421637203805, 0.26482206843882256, -0.21032517976463838, -0.23955734441538776, -0.5882672069505741, 0.2625726055983868, -1.0599677042657083, 0.6241102997324477, -0.006074923634991233, -0.12760425916833842, -0.25844519150442996, -0.19307087335838405, -0.27774222834224477, 0.315835903170296, -0.013990880445852893, 0.3315250311343296, -0.5726813226011496, -0.10196160112081099, -0.04476209574115814, -0.2161424325175662, -0.6176381843598794, 0.1556501067503396, 0.6860510060090442, -1.0118196335975482, 0.7304137837022061, 0.9084539552892323, -0.5259240789609005, -0.07773076165924916, -0.32521540208069083, -0.14206082475005427, -0.6771847062734435, -0.6138586319406137, -0.6791378770801558, 0.9345500275566391, -0.6468311910722891, -0.5537737179108189, -0.559705728949516, 0.7387736610247819, 0.18792270176187925, 0.011798467383179594, -0.30351956932487684, 0.025549925810880378, 0.10256810852983084, -0.09128239710619739, -0.26107015701838593, -0.7652039312720594, -0.6613025395849756, -0.28161806996698246, 0.54425555404806, -0.1716375410315662, 0.3771598630526702, 0.16376194949729272, 0.9146356460685715, 0.8785347057408671, 0.5630209228807509, 0.6944990406843121, 0.10955032931957248, -0.6789431460489451, 0.6544710602423063, -0.4927071167974567, -0.29304598999545134, 0.5882473298676567, -0.2201770338554674, 0.8482975592547207, 0.3637318934273007, -0.3438441512059751, -0.9231687723386267, 0.6381309223569599, -0.25975787430934866, 0.03544273015176558, -0.47500815293228577, -0.10723321344285441, 0.35874949458426986, -0.007115991930289871, -0.19799335170292595, -0.011347175721766434, 0.4406895292612382, 0.9931647200335328, 0.9238166659805434, 0.2689364828382961, -0.42409068591551463, 0.11886570484506997, 0.3505722184920407, 0.9442089854433474, 0.17943217759600175, 0.7502439507345946, 0.6611578864851902, -0.8244292015520698, -0.04778552098868144, -0.1753967894379526, 0.07729653267520752, -0.767691159632234, -0.22920768143802828, -0.22852911352527217]
1079.1093818120353	(8, 12, 2)	[-0.4302327585622339, 0.3858656781617689, 0.7787449479695798, 0.5185895227717882, -0.24625659291711655, 0.11974440027634083, -0.27795234382475514, 0.07741539643212797, -0.3244040359164158, 0.12675307104653333, -0.8874824977070558, -0.38004769662458265, -0.8351431549058479, 0.7579776785796614, 0.733667056254393, -0.08902480953423887, 0.09439587248388004, -0.1724057360229312, 0.841527545926708, 0.06405486707005588, 0.5443275625680246, 0.548574510925513, 0.6213784186792315, -0.3997881813985195, 0.8512960136568042, -0.4112547226438307, -0.8702150243707559, 0.23835055246359896, -0.22025981012137433, -0.2773631719005083, -0.5554218378087774, 0.28175219793364276, -1.0549928955778443, 0.6296731757910525, -0.01302399009358129, -0.11953901717631972, -0.2563193215659194, -0.18886917368231831, -0.2791545012424249, 0.3645143294240266, 0.03172285249834765, 0.32851463517718743, -0.5510324373939111, -0.051325398723267336, -0.051306735690561926, -0.10401255965492462, -0.6159147526626846, 0.15604825754097523, 0.6986964425592714, -1.0434129441052082, 0.725017915496416, 0.928695871941857, -0.5209749741619317, -0.10318411458254637, -0.32996240059377985, -0.16386227874610662, -0.6794715416059095, -0.6351772714335101, -0.6709541224896415, 0.9508324343927153, -0.46671652362400773, -0.5630873922462083, -0.589750930540921, 0.748587609429577, 0.1826846503341776, 0.014573362532360733, -0.3011863292839301, 0.03905025144680289, 0.12653645641467653, -0.09617935027338922, -0.24959794198112095, -0.7700604772650216, -0.6561818154401251, -0.281222999315896, 0.5558095121288679, -0.17349789540592542, 0.30656198778210964, 0.18499325517549947, 0.8947053628432448, 0.8957189294067482, 0.5618457952273066, 0.6943118901892578, 0.41666246457631917, -0.7334235015172754, 0.6086342030817598, -0.48583972973676126, -0.2918359023405887, 0.5929340900937564, -0.17803281566743817, 0.8477168213316362, 0.34798612193566014, -0.35023132522134565, -0.9083539682591331, 0.6368924240532204, -0.24089989048840332, 0.035816402869257614, -0.32487123474391694, -0.11331785855002167, 0.32195733223657796, -0.10522792699571258, -0.14495492840631555, -0.004256610949457206, 0.442018308985705, 0.9673015852945956, 0.932466430035285, 0.2598029264924376, -0.40029103186633597, 0.11154107344925229, 0.3929417873517733, 0.9370379695605099, 0.18268040267406663, 0.729733198393706, 0.6686222578372515, -0.808042716461084, -0.05051835575564536, -0.17782862777900815, 0.06143955878674305, -0.7635265047970825, -0.23347225000737443, -0.2061490181271758]
1047.200952855242	(8, 12, 2)	[-0.4018681024975582, 0.38775224487513454, 0.892216275232097, 0.525998198854229, -0.24055300697040527, 0.11899466216053814, -0.27828238948461403, 0.08327052079233116, -0.4087620477070516, 0.12451420549726208, -0.9822334446745213, -0.3922307412521946, -0.8522772678153653, 0.7416016797286675, 0.7271286793050441, -0.08166802211865548, 0.24684877761921767, -0.185469138477541, 0.6099495179566828, 0.056958649992628466, 0.5448736907905555, 0.5351220110810694, 0.6152671036033576, -0.40036366186209593, 0.8553720866948606, -0.44383404131808657, -0.8580693056305059, 0.2222347416720579, -0.21228879866568942, -0.27630139224863093, -0.557054224985204, 0.3008609542547364, -1.0604071722457544, 0.5852306255950699, -0.011730636797064653, -0.12455838311015754, -0.2827624699181293, -0.1975984339605155, -0.15000103516297766, 0.3939879283043371, 0.02560930627255451, 0.29251999446770893, -0.5416971154503661, -0.1572456463062474, 0.27791506134670374, -0.09820063322066783, -0.39950464457130125, 0.15543191546813517, 0.7124360248641404, -1.0484816289026526, 0.7274497477893376, 0.8744198121937193, -0.5327090361427116, -0.08496845646093791, -0.3053753457323, -0.13442206895416875, -0.6772156553154512, -0.6294152832042693, -0.6591437920374816, 0.9355165765974339, -0.4895922429768228, -0.5650374725702026, -0.5980962646132815, 0.6589776781719058, 0.18234259439601078, 0.011782232101836177, -0.3131257178803355, 0.041397205704868704, 0.09783561027723185, -0.10040838087436219, -0.3117779178001987, -0.7672687966876418, -0.6519047526625628, -0.259918559089347, 0.5465778460124099, -0.15003157563425104, 0.16391100836471428, 0.17632909965873614, 0.9034068457539318, 0.877936830843398, 0.824711006402377, 0.6939656079061359, 0.355208614258043, -0.6688784760226337, 0.6163001090882527, -0.47475225775779933, -0.29548033145019226, 0.5912686886207311, -0.18146635119893914, 0.8477084418979877, 0.4520123481542495, -0.359016112526742, -1.0003633995905483, 0.6400817977842215, -0.3574580911351128, 0.035443358007472794, -0.47851149336604354, -0.13481658959369341, 0.3118111920851858, 0.06044147902102616, -0.15270614018530732, -0.014195593493039178, 0.42373471284344794, 0.9438540994579193, 0.9285252002510895, 0.2716568365370777, -0.466379009600668, 0.12942363956569952, 0.3914181555795635, 0.9389112208591768, 0.1688351787872123, 0.733621530775597, 0.6656244147251889, -0.8163723126486505, -0.050403357595738864, -0.17786800946823741, 0.07864710922610813, -0.7612125011617303, -0.22908514009322825, -0.20544360877711046]
444.1349751005159	(8, 12, 2)	[-0.4341127461758021, 0.3590320295853849, 0.7786398966195656, 0.5135602581345883, -0.24578101370991348, 0.07728086500838917, -0.2748839734240514, 0.11025068217266792, -0.3305571909919089, 0.12123177428167402, -0.8447633606680809, -0.41185757260909533, -1.0514811188188176, 0.73916607648402, 0.8200875767318536, -0.09952696406398054, 0.24240598847976097, -0.3564440139828128, 0.8309251252941138, 0.8613880091831514, 0.5440607635916778, 0.5152338408453664, 0.6185968159707361, -0.4291656492452984, 0.8461870497607378, -0.4233407098786577, -0.8417421637203805, 0.26482206843882256, -0.21032517976463838, -0.23955734441538776, -0.5882672069505741, 0.2625726055983868, -1.0599677042657083, 0.6241102997324477, -0.006074923634991233, -0.12760425916833842, -0.25844519150442996, -0.19307087335838405, -0.27774222834224477, 0.315835903170296, -0.013990880445852893, 0.3315250311343296, -0.5726813226011496, -0.10196160112081099, -0.04476209574115814, -0.2161424325175662, -0.6176381843598794, 0.1556501067503396, 0.6860510060090442, -1.0118196335975482, 0.7304137837022061, 0.9084539552892323, -0.5259240789609005, -0.07773076165924916, -0.32521540208069083, -0.14206082475005427, -0.6771847062734435, -0.6138586319406137, -0.6791378770801558, 0.9345500275566391, -0.6468311910722891, -0.5537737179108189, -0.559705728949516, 0.7387736610247819, 0.18792270176187925, 0.011798467383179594, -0.30351956932487684, 0.025549925810880378, 0.10256810852983084, -0.09128239710619739, -0.26107015701838593, -0.825457607728132, -0.8187020357746753, -0.28161806996698246, 0.54425555404806, -0.1716375410315662, 0.3771598630526702, 0.16376194949729272, 0.9146356460685715, 0.8785347057408671, 0.5630209228807509, 0.6944990406843121, 0.10955032931957248, -0.6789431460489451, 0.6544710602423063, -0.4679611700118949, -0.29304598999545134, 0.5882473298676567, -0.2201770338554674, 0.8482975592547207, 0.3637318934273007, -0.3438441512059751, -0.9231687723386267, 0.6381309223569599, -0.25975787430934866, 0.03544273015176558, -0.47500815293228577, -0.10723321344285441, 0.35874949458426986, -0.007115991930289871, -0.19799335170292595, -0.011347175721766434, 0.4406895292612382, 0.9931647200335328, 0.9238166659805434, 0.2689364828382961, -0.42409068591551463, 0.11886570484506997, 0.3505722184920407, 0.9442089854433474, 0.17943217759600175, 0.7502439507345946, 0.6611578864851902, -0.8244292015520698, -0.04778552098868144, -0.1753967894379526, 0.07729653267520752, -0.767691159632234, -0.22920768143802828, -0.22852911352527217]
810.339299591972	(8, 12, 2)	[-0.44338641565492115, 0.3553904959854543, 0.774541417354946, 0.5221458509348473, -0.2622341906748971, 0.11866238838582562, -0.2523660488244173, 0.07670446255815577, -0.3172296596561144, 0.12723135269098235, -1.192175422167466, -0.42559523580477243, -0.8532463290148219, 0.7330485828539208, 0.710828002976737, -0.05245416759996859, 0.12978412825154687, -0.2352849749197621, 0.8473049576830822, 0.03607647452945503, 0.5442947191780423, 0.5544681466099499, 0.6180458061536954, -0.4399361169041637, 0.8512315168203219, -0.4050120948014434, -0.8629675197720739, 0.2595531723564397, -0.21308046767937294, -0.2779850376082012, -0.5555475055072784, 0.29811234400828174, -1.0527350062998104, 0.6308127765561294, -0.010116996420070782, -0.11980295192654859, -0.2552382473776542, -0.18768741715108755, -0.2781602301911305, 0.4325167667312469, 0.03243082130845471, 0.32561290663660164, -0.5398744396404239, -0.06605673037738993, -0.053085929401571454, -0.06767177855170875, -0.6245572938842452, 0.15656127854975002, 0.691124169610645, -1.0573041051679617, 0.7326549871165382, 1.004824829572401, -0.5404339673091126, -0.12064041336802474, -0.32826302584740447, -0.15134238680074336, -0.9459827916066289, -0.5637167849767303, -0.6720016047881674, 0.9346941155600322, -0.4893358552220374, -0.5603410730209221, -0.5935520200335114, 0.7003514784378172, 0.18465319893905693, 0.011542809973661094, -0.3117602027015665, 0.04320311431576459, 0.10776422310180249, -0.09081068680427729, -0.2956034441800674, -0.742692454832698, -0.6537617470995343, -0.28058388288857433, 0.5614386769102842, -0.17209374975410452, 0.23892834337914098, 0.15604105097865723, 0.8826843526853551, 0.8780620116752675, 0.5655800959846013, 0.6949595527021788, 0.28397946449135125, -0.705318521286453, 0.6526341953540704, -0.4838553421560303, -0.29433619213528184, 0.5926075913282375, -0.22346428164852858, 0.8489453238088586, 0.3591968966086823, -0.3543417526385333, -0.9320471174693646, 0.6387673369486454, 0.13456624284105195, 0.03508612297136117, -0.48848537535760395, -0.1080065403695766, 0.2930785206536183, -0.007450497553606737, -0.14878176949549224, 0.0040312154128389205, 0.43723461627417204, 0.9825521544295839, 0.9353460027155303, 0.26848226013619203, -0.44990615910077497, 0.12293288881162567, 0.3467353599847764, 0.9372982760036593, 0.17888448038522378, 0.7470333470149636, 0.6619437123433524, -0.8125039894879811, -0.049834401979826026, -0.1772249989440523, 0.07204320938332706, -0.7750489135668079, -0.2457897311621419, -0.21287096517929616]
342.3306921125162	(8, 12, 2)	[-0.43669507761625226, 0.36224094139460183, 0.849751622651801, 0.5237625592171977, -0.24580962139828466, 0.10721286858622947, -0.2750131883414078, 0.08102348502179223, -0.3158219576520892, 0.12324234442852182, -0.9173324949620618, -0.40236361896655204, -0.893494993020175, 0.7423434906739302, 0.7668392660192647, -0.107806214190512, 0.24247968221993824, -0.36472711656119294, 0.8440793156673968, -0.07781030685157184, 0.5438310661750176, 0.5233925720960562, 0.6193208905958213, -0.41349051015837535, 0.8486345800865792, -0.39901104305230845, -0.8674503693355242, 0.2170966251457431, -0.21094725205388662, -0.2735228388109306, -0.5837038837387819, 0.2965575137589017, -1.0602092532003151, 0.6226380636211382, -0.005316487429035916, -0.1212261615434445, -0.25750352762186673, -0.19340952501282216, -0.2786271025268098, 0.3393674196575974, -0.011582614816429969, 0.31784879935689064, -0.558822553070897, -0.02554673983523245, -0.04420186398767551, -0.23430698539068856, -0.6187466810410754, 0.1564711432424476, 0.6530982436720194, -1.0302415050399436, 0.7323378833396659, 0.914420340681995, -0.5346681580833378, -0.06911550089822395, -0.32556020480239606, -0.13574455179172396, -0.5551722469921911, -0.6492536344824613, -0.6766203982967324, 0.9348709775812297, -0.6457957199892366, -0.5607301171094078, -0.5597128028258271, 0.6571669971229456, 0.18221309770185246, 0.011759605131457877, -0.30467944585196666, 0.03943990760732746, 0.1022909134249775, -0.08839271529318517, -0.34570390042365506, -0.7736037957420919, -0.8218777762814518, -0.2811468216520351, 0.5444710562831517, -0.17199418507754421, 0.35380449143577525, 0.13849626698980705, 0.9103274874336512, 0.8766593119021646, 0.5646810084953658, 0.6945101275830924, 0.16700450181705934, -0.6616405661299848, 0.634521074714465, -0.4700192081719938, -0.29339637230070303, 0.5893419336397916, -0.2443131301187369, 0.8501916390780798, 0.3576535356229486, -0.34678802772827433, -0.9240856590830215, 0.6322577699720697, -0.23176228796898127, 0.035441187523255493, -0.45841424039636997, -0.10722179761507052, 0.3619832169272371, -0.010284541270163178, -0.20059650578795504, -0.006154248656513027, 0.4406761078381458, 0.9880754822359308, 0.9238449716470626, 0.27036230175722376, -0.46394905693295574, 0.11764920283592853, 0.4055526175720575, 0.9428668140479295, 0.1811080314528618, 0.7473203274168763, 0.7459805879649308, -0.8061485377895444, -0.04875456991179138, -0.177584229482573, 0.07682631900224805, -0.7400951033702654, -0.2292503026674136, -0.2329483626252087]
696.9534498866249	(8, 12, 2)	[-0.43181411813240556, 0.3650566587148049, 0.7778677742567296, 0.5136811673288244, -0.2444974559980052, 0.07569441864380692, -0.2843383253460273, 0.0967190450230903, -0.32204737593004074, 0.12232489941198355, -0.877216784647879, -0.42422050112917686, -0.8248574885582185, 0.7418380994410096, 0.8085903497711019, -0.07010082085112392, 0.07626845628115317, -0.25620048511794125, 0.8298451644463392, 0.08977812571631852, 0.6110291707016138, 0.5476428532454782, 0.6187306661186928, -0.4601225527775775, 0.8488216049201294, -0.4191411823870902, -0.8585376749337266, 0.23957652077268835, -0.21489057099500963, -0.2494752290179817, -0.5908609075431864, 0.2822422742250059, -1.0677243580450344, 0.6260248119891483, -0.027303466834476778, -0.1195846906962914, -0.2555039229786568, -0.1922140555805342, -0.2789932519928348, 0.431210011856044, 0.004893921373284649, 0.3267651717785647, -0.549358791006722, -0.08678448549709024, -0.04902134774739431, -0.12170232935942396, -0.6171937560760969, 0.1557559530014356, 0.6923914997273652, -1.026651359826108, 0.724495315877531, 0.907460410228107, -0.5252200853402491, -0.08749810632363808, -0.326714687133123, -0.04924462099287512, -0.3208110794755433, -0.6092779072261393, -0.6722366557382298, 0.9367063251389259, -0.45686156199383965, -0.5571221820448851, -0.8634027069785717, 0.7281820921208968, 0.18833682317474976, 0.012700904984946979, -0.3118772326195226, 0.044225234345526, 0.10235544363849228, -0.09165583371501673, -0.24405892055671735, -0.8065459120759334, -0.6288362743006055, -0.28062759786513924, 0.5444554349111566, -0.17136119737441022, 0.3350881048326846, 0.16467868884209996, 0.917352955254811, 0.8760946582409382, 0.5626324889404614, 0.6942098245808779, 0.4942710760677266, -0.6754226703813662, 0.6401685670809845, -0.48291330913222336, -0.29314118556492874, 0.5889608081010084, -0.2209059020560989, 0.8483007883827989, 0.35611942259690943, -0.3487560000941146, -0.9244291564336639, 0.6375880764493304, -0.260522515084613, 0.03548666433589395, -0.4467748708819772, -0.10879474021485491, 0.36603111826245854, -0.035776952420983374, -0.18373066788243153, -0.008810974496366066, 0.43502398808867604, 0.9792099154171849, 0.9302357784330165, 0.26477362602836213, -0.4177089690264158, 0.11155374725687114, 0.35200127787624863, 0.9434565592158053, 0.18187913736733738, 0.7416371852908051, 0.6686656762657068, -0.8074230879774837, -0.05065359062462697, -0.1763373236921433, 0.07358340598383095, -0.7693637370293076, -0.229019256206605, -0.28037893163706873]
351.10372195822595	(8, 12, 2)	[-0.43669507761625226, 0.36224094139460183, 0.849751622651801, 0.5237625592171977, -0.24580962139828466, 0.10721286858622947, -0.2750131883414078, 0.08102348502179223, -0.3158219576520892, 0.12324234442852182, -0.9173324949620618, -0.40236361896655204, -0.893494993020175, 0.7423434906739302, 0.7668392660192647, -0.107806214190512, 0.24247968221993824, -0.36472711656119294, 0.8440793156673968, -0.07781030685157184, 0.5438310661750176, 0.5233925720960562, 0.6193208905958213, -0.41349051015837535, 0.8486345800865792, -0.39901104305230845, -0.8674503693355242, 0.2170966251457431, 0.8240144792611819, -0.2735228388109306, -0.5837038837387819, 0.2965575137589017, -1.0602092532003151, 0.6226380636211382, -0.005316487429035916, -0.1212261615434445, -0.25750352762186673, -0.19340952501282216, -0.2786271025268098, 0.3393674196575974, -0.011582614816429969, 0.31784879935689064, -0.558822553070897, -0.02554673983523245, -0.04420186398767551, -0.23430698539068856, -0.6187466810410754, 0.1564711432424476, 0.6530982436720194, -1.0302415050399436, 0.7323378833396659, 0.914420340681995, -0.5346681580833378, -0.06911550089822395, -0.32556020480239606, -0.13574455179172396, -0.5551722469921911, -0.6492536344824613, -0.6766203982967324, 0.9348709775812297, -0.6457957199892366, -0.5607301171094078, -0.5597128028258271, 0.6571669971229456, 0.18221309770185246, 0.011759605131457877, -0.30467944585196666, 0.03943990760732746, 0.1022909134249775, -0.08839271529318517, -0.34570390042365506, -0.7736037957420919, -0.8498616004707434, -0.2811468216520351, 0.5444710562831517, -0.17199418507754421, 0.35380449143577525, 0.13849626698980705, 0.9103274874336512, 0.8766593119021646, 0.5646810084953658, 0.6945101275830924, 0.16700450181705934, -0.6616405661299848, 0.634521074714465, -0.4700192081719938, -0.29339637230070303, 0.5893419336397916, -0.2443131301187369, 0.8501916390780798, 0.3576535356229486, -0.34678802772827433, -0.9240856590830215, 0.6322577699720697, -0.23176228796898127, 0.035441187523255493, -0.45841424039636997, -0.10722179761507052, 0.3619832169272371, -0.010284541270163178, -0.20059650578795504, -0.006154248656513027, 0.4406761078381458, 0.9880754822359308, 0.9238449716470626, 0.27036230175722376, -0.46394905693295574, 0.11764920283592853, 0.4055526175720575, 0.9428668140479295, 0.1811080314528618, 0.7473203274168763, 0.7459805879649308, -0.8061485377895444, -0.04875456991179138, -0.177584229482573, 0.07682631900224805, -0.7400951033702654, -0.2292503026674136, -0.2329483626252087]
623.3227257516946	(8, 12, 2)	[-0.4354917043504719, 0.37289303503320964, 0.7782925015757634, 0.5182058265187958, -0.28188692393724285, 0.10196552225606627, -0.2681838829310538, 0.09291560790368229, -0.32422331981671554, 0.12489366380283975, -1.053943093835073, -0.4268676340630481, -0.8353632193565146, 0.7392612006018796, 0.7660025658783208, -0.060651910193090845, 0.07393291951076912, -0.2232732109075503, 0.7842501792080854, 0.03842866658383229, 0.6134883786956757, 0.5440605202443652, 0.6182716552257557, -0.4844698773617414, 0.8513039280424558, -0.43311535430462555, -0.8613172270906526, 0.23966143116810165, -0.21490769239704882, -0.2728924051593059, -0.5694165276964852, 0.28534327479203164, -1.0624833667599962, 0.5922191302454748, -0.01912485110132623, -0.12338679351532136, -0.26592126443955216, -0.19416416705405196, -0.2791744926601569, 0.3893378062616989, 0.002187494716100913, 0.2956527951165659, -0.5384645099580971, -0.08683550586096295, 0.2853384558552178, -0.11436836295666795, -0.5773528523638062, 0.156058170383314, 0.6840436164708167, -1.0169233047478383, 0.7235543063265893, 0.9074646598594704, -0.5281682458174722, -0.12044144906328501, -0.3061721721725088, -0.049288956820582486, -0.6921843384750535, -0.6092796723306566, -0.6685289690279511, 0.9358722901211751, -0.4770739929555562, -0.5560757677964916, -0.8130814163138992, 0.6990522447435001, 0.18937283712196926, 0.1802229979749297, -0.31218048760498945, 0.04283819068100317, 0.10147302686579783, -0.09245219027362443, -0.28547168626745645, -0.7871224979353338, -0.5958427173689339, -0.2800360225948298, 0.5443798262520929, 0.02623435131527735, 0.2911109301120748, 0.1753856029355422, 0.9091398520964501, 0.8764696351330915, 0.7423652932368003, 0.6941456201445856, 0.3926948963662067, -0.6952228833513906, 0.703288955854517, -0.48358638886436534, -0.29452876919538484, 0.5845436874565022, -0.23167065724224017, 0.8483623014873077, 0.418718660546838, -0.35670537596027024, -0.934343598845541, 0.6385324431586663, -0.27943187755526944, 0.03547648279701933, -0.4751627939369369, -0.13082059409292549, 0.3373837845099897, -0.03442232792435071, -0.14834789332478548, -0.009181819401167485, 0.43117534840612354, 0.9852581066424618, 0.9335607396704511, 0.36643689921673284, -0.41617547140917543, 0.1201056206354001, 0.3576601874626606, 0.9439926103522391, 0.17941951382171323, 0.7359628124964969, 0.6678123688842513, -0.8151072467445195, -0.05046718763456528, -0.17717456343311355, 0.05523162884232004, -0.7400310903630195, -0.2339095593182918, -0.19465418753231284]
645.5442065890707	(8, 12, 2)	[-0.4354917043504719, 0.37289303503320964, 0.7782925015757634, 0.5182058265187958, -0.28188692393724285, 0.10196552225606627, -0.2681838829310538, 0.09291560790368229, -0.32422331981671554, 0.12489366380283975, -1.053943093835073, -0.37461339337685423, -0.8353632193565146, 0.7392612006018796, 0.7660025658783208, -0.060651910193090845, 0.07393291951076912, -0.2232732109075503, 0.7842501792080854, 0.03842866658383229, 0.6134883786956757, 0.5440605202443652, 0.6182716552257557, -0.4844698773617414, 0.8513039280424558, -0.43311535430462555, -0.8613172270906526, 0.23966143116810165, -0.21490769239704882, -0.2728924051593059, -0.5694165276964852, 0.28534327479203164, -1.0624833667599962, 0.5922191302454748, -0.01912485110132623, -0.12338679351532136, -0.26592126443955216, -0.19416416705405196, -0.2791744926601569, 0.3893378062616989, 0.002187494716100913, 0.2956527951165659, -0.5384645099580971, -0.08683550586096295, 0.2853384558552178, -0.11436836295666795, -0.5773528523638062, 0.156058170383314, 0.6840436164708167, -1.0169233047478383, 0.7235543063265893, 0.9074646598594704, -0.5281682458174722, -0.12044144906328501, -0.3061721721725088, -0.049288956820582486, -0.6921843384750535, -0.6092796723306566, -0.6685289690279511, 0.9358722901211751, -0.4770739929555562, -0.5560757677964916, -0.8130814163138992, 0.6990522447435001, 0.18937283712196926, 0.1802229979749297, -0.31218048760498945, 0.04283819068100317, 0.10147302686579783, -0.09245219027362443, -0.28547168626745645, -0.7871224979353338, -0.5958427173689339, -0.2800360225948298, 0.5443798262520929, 0.02623435131527735, 0.2911109301120748, 0.1753856029355422, 0.9091398520964501, 0.8764696351330915, 0.7423652932368003, 0.6941456201445856, 0.3926948963662067, -0.6952228833513906, 0.703288955854517, -0.48358638886436534, -0.29452876919538484, 0.5845436874565022, -0.23167065724224017, 0.8483623014873077, 0.418718660546838, -0.35670537596027024, -0.934343598845541, 0.6385324431586663, -0.27943187755526944, 0.03547648279701933, -0.4751627939369369, -0.13082059409292549, 0.3373837845099897, -0.03442232792435071, -0.14834789332478548, -0.009181819401167485, 0.43117534840612354, 0.9852581066424618, 0.9335607396704511, 0.36643689921673284, -0.41617547140917543, 0.1201056206354001, 0.3576601874626606, 0.9439926103522391, 0.17941951382171323, 0.7359628124964969, 0.6678123688842513, -0.8151072467445195, -0.05046718763456528, -0.17717456343311355, 0.05523162884232004, -0.7400310903630195, -0.14340167841031326, -0.19465418753231284]
233.92239545754978	(8, 12, 2)	[-0.44094904815480757, 0.3926315115159892, 1.3000264715840533, 0.5218030748730327, -0.2336317025474985, 0.11737889064980855, -0.2772086547015036, 0.08999851428359656, -0.3443993106907885, 0.12149036389061517, -0.8806114474947048, -0.36414332469049315, -0.855887456932034, 0.7437523355928161, 0.7249095572532606, -0.03647829410198851, 0.2542771753020712, -0.25903452483848194, 0.8202576509670476, 0.06057431802900892, 0.5528486061420181, 0.5280619460678676, 0.5928859678200308, -0.4107453057550379, 0.8513429378466215, -0.4246085223271815, -0.8689906006309526, 0.21526775207579976, -0.2118055604335257, -0.24002604834190366, -0.5834898179376548, 0.30692198012336475, -1.061588985094656, 0.6244546465633314, -0.023324924595124436, -0.12094051664300742, -0.2891808976962142, -0.20332471484054082, -0.28188447316843734, 0.3582442426113477, 0.009754205332400182, 0.3177381799023283, -0.5385928406659698, -0.01995084890469879, 0.09725560787229998, -0.1864442981899526, -0.646801505150743, 0.15607515231822022, 0.6644631007359484, -1.0313168578190768, 0.8045652999063644, 0.9107948421669038, -0.536939004530911, -0.08555145923019085, -0.32335537210286325, -0.038771423118741696, -0.4759288992268361, -0.6471074890674068, -0.7133902381920516, 0.9360269017412577, -0.5199210903667325, -0.5567934647202957, -0.5123681286067588, 0.7038047117368457, 0.18211329203095064, 0.011734539008216319, -0.3060050477582152, 0.04404201379082612, 0.11778768322309291, -0.09837761156485468, -0.33164507355352196, -0.7673536534127415, -0.8625125118811657, -0.2764945816135024, 0.5509682541817602, -0.15667289609018478, 0.2754075776751824, 0.14925807163208377, 0.9123265122487545, 0.8766459209714802, 0.5925304115156025, 0.6943260017797815, 0.18764890549803634, -0.6921152827828886, 0.6345161028839921, -0.4739958360202915, -0.2942753844864087, 0.5893462314624444, -0.2543808162887526, 0.8482541858243647, 0.41146324583804317, -0.36325827275501543, -0.9387750172750696, 0.6505450064398144, -0.3403535421546311, 0.03813737405809756, -0.4510243208333375, -0.1084809418741158, 0.33441389070404753, 0.014123102191917765, -0.1886787599907545, 0.00040643877038031365, 0.44015420133843924, 0.9903327076468518, 0.9298345639095392, 0.2900605965626424, -0.4608690783449518, 0.06838231844992995, 0.4092012481600442, 0.9434259892833935, 0.178988806314443, 0.7398436419562775, 0.7237883595937846, -0.8121719555059241, -0.04705824936554518, -0.19481111186908506, 0.07797641526782488, -0.7679412446232847, -0.22913790331799738, -0.23321947117750286]
71.84388107656352	(8, 12, 2)	[-0.4358343951506212, 0.35836806906457563, 0.82528411244616, 0.5254844274186058, -0.2693746644773076, 0.09968541482150689, -0.2779130928899933, 0.08755892395206888, -0.3151545763925397, 0.12330805417332731, -1.0088340761586487, -0.4128479176422472, -0.8227107344794538, 0.7416239404969194, 0.7595057050125726, -0.058164025365125, 0.5574731703643828, -0.22775230845543792, 0.7867478539058753, 0.09763260193778606, 0.5480274199437303, 0.5437973993130406, 0.618741065787314, -0.44442792514739793, 0.8463775851368761, -0.4327043443656126, -0.8655759456164228, 0.2222340931438361, -0.11092185640072422, -0.2651252467623227, -0.5751834360443254, 0.2922065856591714, -1.041906516318569, 0.6220560192106599, -0.004977451375612986, -0.1222830871174413, -0.25744907395712935, -0.1938469928866393, -0.2787325358638269, 0.32332467218311434, -0.007616380908064825, 0.31071365856952105, -0.5557032215224256, -0.07452906629631115, -0.04288052031453846, -0.21241833338589666, -0.6190260171526831, 0.15694437458573515, 0.6683688388394947, -1.0025274292468924, 0.739516008692763, 0.917499598900037, -0.5318193745503988, -0.08192467892723637, -0.32355190853937094, -0.14850303886447136, -0.6037385389567225, -0.6496559600328177, -0.6684047544493474, 0.9349634377316314, -0.5848579538957833, -0.5622351612017529, -0.6123735671406599, 0.6676007636573559, 0.1823737198075181, 0.09709432381443912, -0.30758648574942177, 0.040258794664738244, 0.10167916408712707, -0.08880443123850165, -0.3118544952572311, -0.7935796735029659, -0.8906472694652527, -0.2811887976552183, 0.5462460083616774, 0.01568250023407322, 0.32383660035331197, 0.14597306123919723, 0.9115552223084731, 0.8765344506622497, 0.5708567653922898, 0.6942187326493621, 0.4361877288841521, -0.8797641069168336, 0.6470652974302711, -0.4830862121753472, -0.4957067736272164, 0.5881134266387098, -0.2431927828212621, 0.9040809425447422, 0.4227742511745884, -0.37554778907918124, -0.92838067568134, 0.6322511780142612, -0.2365227202713182, 0.03584663434724131, -0.45394946619887067, -0.12499446649466578, 0.36943060475157613, -0.004133158226920744, -0.2028527323298995, -0.011332364062840033, 0.44102555365073004, 0.9849076456201802, 0.9225983810779068, 0.24898311624344133, -0.4550511527253961, 0.17893108867081436, 0.3782417022911735, 0.9427547370493323, 0.18134262455554664, 0.7475311822993985, 0.7553849560232543, -0.7959088226971114, -0.04942580589402503, -0.17606777835783374, 0.07652612338836416, -0.7561033211859798, -0.22982138599150634, -0.22145058789270555]
883.8095065476158	(8, 12, 2)	[-0.4367733571319368, 0.3702829872009927, 0.8785332794977746, 0.5187005857357442, -0.23357475424058927, 0.10373461182254899, -0.27465773638343954, 0.09126568836553214, -0.34377875260038543, 0.12213764894230898, -0.9883912914728494, -0.398329634568222, -0.8471705457134775, 0.7388998973015405, 0.7740431397766858, -0.03725716097298119, 0.11304486435096833, -0.2550606395179897, 0.8280285967078357, 0.04507290763424822, 0.5450067083992879, 0.5405107949043404, 0.6046440995394685, -0.44756766414588434, 0.8513055654733386, -0.43411633293278246, -0.8601610922569966, 0.2117054873950097, -0.21109797197808852, -0.27573015039343407, -0.5745669171338198, 0.31121263057166093, -1.061658540692377, 0.6205983720731901, -0.019160283814208354, -0.12043724690237119, -0.26587718758172363, -0.20271487232022792, -0.281185426160371, 0.37020401656784385, 0.002718020006123932, 0.30592715174062246, -0.5385779239447119, -0.01827941317231184, 0.30493021999259556, -0.2040274709858691, -0.5958855681620243, 0.1560642728426904, 0.6716386535876319, -1.0268989459552214, 0.7724513502862301, 0.9092455288540158, -0.5295769838089514, -0.09433295387546255, -0.3048727827532806, -0.0457378346032359, -0.4997814016768742, -0.6177785511216207, -0.6628001299585158, 0.9359438577075453, -0.5043189241038474, -0.5562415531953351, -0.4894526016128329, 0.6998787071845521, 0.18629005923613448, 0.2164547053802301, -0.31115565197183304, 0.0429737735624175, 0.11377809998694972, -0.09391029232228074, -0.27556475464596, -0.7853302093438296, -0.8840595880260403, -0.2759339303024455, 0.5505493735623888, 0.03435043196933482, 0.29371175581456777, 0.16252404944981497, 0.9125795471216135, 0.8765824949541559, 0.6340642388193773, 0.6942514761457685, 0.38320679148529263, -0.6930836098159522, 0.6972150106465189, -0.47811351380892997, -0.29459192253698996, 0.586625330045409, -0.23513749247538118, 0.8483451144251536, 0.4193867930910556, -0.35990662506313786, -0.9372268644761786, 0.6525100050511732, -0.3517374573742454, 0.03486921103664135, -0.4544429546877791, -0.10363287865825789, 0.3372815766195223, -0.025590491080989493, -0.18301930941886022, -0.00799647823496173, 0.4394487449503713, 0.9912912648441804, 0.9333585991128506, 0.3266433197183921, -0.413250154585192, 0.05846201913928141, 0.34426529719056737, 0.9439773624966865, 0.17925750680406244, 0.7396481038780781, 0.6927660585680886, -0.8155291296315252, -0.04785209335916647, -0.19699904485237754, 0.06507247922823765, -0.7339879521981805, -0.23160202442584837, -0.22682091184565342]
405.9922063197231	(8, 12, 2)	[-0.4354917043504719, 0.37289303503320964, 0.7782925015757634, 0.5182058265187958, -0.28188692393724285, 0.06806140405461918, -0.2681838829310538, 0.09291560790368229, -0.32422331981671554, 0.12489366380283975, -1.053943093835073, -0.39637528450726855, -0.8353632193565146, 0.7392612006018796, 0.7660025658783208, -0.060651910193090845, 0.07393291951076912, -0.2232732109075503, 0.7842501792080854, 0.05263972556935391, 0.6134883786956757, 0.5440605202443652, 0.5691981943115191, -0.4844698773617414, 0.8513039280424558, -0.43311535430462555, -0.8613172270906526, 0.23966143116810165, -0.21490769239704882, -0.2728924051593059, -0.4986416126823545, 0.28534327479203164, -1.0624833667599962, 0.5922191302454748, -0.01912485110132623, -0.12338679351532136, -0.26592126443955216, -0.19416416705405196, -0.2300850129876592, 0.3893378062616989, 0.002187494716100913, 0.2956527951165659, -0.5384645099580971, -0.08683550586096295, 0.28801395638004346, -0.11436836295666795, -0.5773528523638062, 0.156058170383314, 0.6840436164708167, -1.0169233047478383, 0.7235543063265893, 0.9074646598594704, -0.5281682458174722, -0.12044144906328501, -0.3061721721725088, -0.049288956820582486, -0.6921843384750535, -0.6092796723306566, -0.6685289690279511, 0.9358722901211751, -0.4770739929555562, -0.5560757677964916, -0.8130814163138992, 0.6990522447435001, 0.1921110391384982, 0.1802229979749297, -0.31218048760498945, 0.04283819068100317, 0.10147302686579783, -0.09245219027362443, -0.28547168626745645, -0.7871224979353338, -0.5958427173689339, -0.2800360225948298, 0.5443798262520929, -0.11998769104420155, 0.2911109301120748, 0.1753856029355422, 0.9091398520964501, 0.8764696351330915, 0.7423652932368003, 0.6941456201445856, 0.3926948963662067, -0.6952228833513906, 0.703288955854517, -0.45887303782036687, -0.29452876919538484, 0.5845436874565022, -0.23167065724224017, 0.8483623014873077, 0.418718660546838, -0.35670537596027024, -0.934343598845541, 0.6385324431586663, -0.27943187755526944, 0.03547648279701933, -0.4751627939369369, -0.13082059409292549, 0.32406298409755513, -0.03442232792435071, -0.132214259326726, -0.12218555714105683, 0.43117534840612354, 0.9852581066424618, 0.9335607396704511, 0.36643689921673284, -0.41617547140917543, 0.1201056206354001, 0.3576601874626606, 0.9439926103522391, 0.17941951382171323, 0.7359628124964969, 0.6678123688842513, -0.8151072467445195, -0.05046718763456528, -0.17717456343311355, 0.05523162884232004, -0.7400310903630195, -0.17128674385213885, -0.19465418753231284]
465.5642966847762	(8, 12, 2)	[-0.43920295877231225, 0.3854344980417481, 1.361180518176639, 0.5547100061368304, -0.23306396589311368, 0.10306783308915893, -0.2805570873054155, 0.08123020100430589, -0.32782302805994523, 0.12192886367148835, -0.9106136111662222, -0.3723917340505793, -0.8617488937307303, 0.7422685223253658, 0.7405541599595644, -0.05648275985058098, 0.25842657659123336, -0.24170885391266653, 0.837612546079532, 0.03323744238564936, 0.5485227869217009, 0.5286589343201821, 0.5873449408231148, -0.41105478603448703, 0.8498085460427314, -0.41023894046860226, -0.858303013588672, 0.2173239680267326, -0.0943234042153881, -0.30235932248405173, -0.5830935707855062, 0.29341006484959076, -0.9132695084435712, 0.6244203901298455, -0.02535330134184192, -0.13169961119786813, -0.29143143445044456, -0.20151043693637072, -0.27945987432143055, 0.3581548066292154, 0.009672796517114973, 0.3176140580765942, -0.5493869606650178, -0.012334871177080237, 0.07529510074965537, -0.17374806163432968, -0.6270448387186972, 0.15598511434229181, 0.6576000088758928, -1.0321324709062503, 0.7862164428898019, 0.9172792155532323, -0.5339349319487775, -0.06634619758263251, -0.3244800022491595, -0.06267649544177993, -0.49722287670422993, -0.6535796558570021, -0.7081142113693681, 0.9418916866906001, -0.5186528663922166, -0.5591835387315374, -0.5436811799762393, 0.6853453449643037, 0.18580543680324463, 0.012437926928026439, -0.14490019473488874, 0.0134058133540805, 0.11789850361175329, -0.08806654682185673, -0.33164170570629486, -0.7744332571060375, -0.7091070659541792, -0.2803891994879806, 0.5493220130709835, -0.1760161229055419, 0.2452483373085636, 0.1433222292731495, 0.9094680956928762, 0.8765922342553841, 0.569134715288034, 0.6945289843177348, 0.23812882378640005, -0.6972639648275172, 0.6343187277750372, -0.4838097835449768, -0.2938607491831339, 0.5893795437925489, -0.23714005419431014, 0.8482180948417014, 0.4809226728342423, -0.3630895004618191, -0.9350154838040498, 0.6399789764200837, -0.20934122310924158, 0.0520928029439192, -0.45924822616400957, -0.10807859687444024, 0.33617036407071565, -0.031055050135573734, -0.17689738435853777, -0.0049060645861087465, 0.4404262638558867, 0.9893235010321502, 0.9285400572034568, 0.2701785406477499, -0.46696314877215844, 0.07819345115105489, 0.4077537531935873, 0.9435532849445586, 0.18002280627778128, 0.7397255882935618, 0.6951215958329615, -0.810846226458226, -0.047163459293079885, -0.19435145509892424, 0.07642434574155571, -0.7412824644748716, -0.22916092727946788, -0.23120569526126802]
795.8203371565057	(8, 12, 2)	[-0.44078138335856587, 0.35773000013616957, 0.8540704314270856, 0.5205411747487513, -0.23942222601018115, 0.09913958803912483, -0.2740170345412454, 0.09083820581384708, -0.32996031699324524, 0.12196601973469247, -1.0115437165159984, -0.4044535899614013, -0.8428940019149032, 0.740370986522785, 0.7755362979217234, -0.059133135608678895, 0.22026115302292448, -0.2273634339938218, 0.7913031462813863, 0.06591637376974523, 0.5481092295478659, 0.5445905611172722, 0.601486901823767, -0.4464921689224043, 0.8522090162360124, -0.4328178602797437, -0.8634372929995255, 0.22167294277148486, -0.20075165663104058, -0.2679128388033463, -0.5748750054783248, 0.3064144436114056, -1.0594227571215014, 0.6210255473976912, -0.013742457212521, -0.12218663975591425, -0.2632059833085803, -0.19413534524727022, -0.27999635863780964, 0.4356337016643697, -0.00191305518679891, 0.3086068759817436, -0.5349165308092539, -0.05553457792186707, 0.1702841857599408, -0.20197183886053, -0.5954444256720901, 0.15682311849866656, 0.6694750663757093, -1.0176571344157408, 0.7629409377843474, 0.9123014682441805, -0.5323618234749738, -0.07895714027914655, -0.30118434388010956, -0.08829350994094294, -0.4895664744589106, -0.6124146004366736, -0.6623641521273429, 0.9356972623869678, -0.49432012090463884, -0.563701138602016, -0.5612682625893889, 0.6892984836815149, 0.18667047715672003, 0.10381353647143715, -0.3093131044958656, 0.04171784082302709, 0.10142309585495987, -0.09432104329967321, -0.2817569816506865, -0.9304957102079989, -0.8866380291058852, -0.2762701850957806, 0.551006384491122, 0.02434801421315111, 0.29310807238621805, 0.14424997865742084, 0.911349394174198, 0.8765629222758775, 0.5622455207531527, 0.6942517750367381, 0.4392396818937096, -0.8518313205773536, 0.6942880228856703, -0.4836803711720028, -0.39795051921869473, 0.5870275314805483, -0.24289499183356722, 0.8469174042072714, 0.4165978486143724, -0.375168056940985, -0.9381586206081393, 0.6338124081028077, -0.24089894204209547, 0.03607778763191204, -0.45442325687678864, -0.03410255942983481, 0.3295540031384696, -0.028494209316459695, -0.1878678144211036, -0.010396708466369375, 0.43961848117573155, 0.984224290136869, 0.9324638146924855, 0.31393522529962825, -0.4589494374468051, 0.18131685821239776, 0.4366485269255326, 0.9428339420424494, 0.179317533667961, 0.7410800810314562, 0.7408452007884064, -0.8053496663620012, -0.04811448652526911, -0.19884430772130324, 0.07083656718263757, -0.7439829847906902, -0.23045180831297818, -0.22272599360511233]
646.2035237579476	(8, 12, 2)	[-0.43843927777185215, 0.385811088161439, 1.098507879121062, 0.5394845026435582, -0.2425222741006766, 0.10260074057878335, -0.2691987786030262, 0.08253487505192435, -0.3253045303773365, 0.12191313005800081, -0.9646396252620847, -0.3771804255977093, -0.850608217879332, 0.7394133979829356, 0.7379543451805002, -0.060503532488392006, 0.16437679920143541, -0.24187666437575114, 0.838169481681903, 0.04096793966349527, 0.5717550242069958, 0.5396017553582245, 0.5936520113399423, -0.4144063241261206, 0.8505679479432213, -0.41930033166645514, -0.8607972189599791, 0.2410221178833112, -0.10419869152700081, -0.30212712276661075, -0.5776646259577275, 0.29357055647995384, -0.8799450439746452, 0.6308598668818561, -0.01927663448816036, -0.13207485844252828, -0.27780735257189076, -0.2026211520440078, -0.2726321324207631, 0.3834105951222424, 0.004706209422225428, 0.32151693193393927, -0.5482306110913745, -0.003195553524127745, 0.08047540304548235, -0.18095787431478047, -0.6327043148876351, 0.15607496908198962, 0.6828873934784404, -1.0257610593136604, 0.7891693968983562, 0.9143381336200941, -0.5343672553290296, -0.3291043234158051, -0.31808921539022067, -0.05085027704138581, -0.580754667521957, -0.5241435365812935, -0.6641187627644844, 0.9354396192834401, -0.48118691910060746, -0.555745241956509, -0.5304278224254968, 0.6907240807559742, 0.18519216142407846, 0.21337923898333197, -0.29055206110190746, 0.027209177485028664, 0.11372707664681896, -0.09292981886980074, -0.34033523281870803, -0.7861153165063474, -0.6560344387020556, -0.2802565666318094, 0.550183189948801, -0.1801054381836834, 0.2656755047620579, 0.1464652940617472, 0.9093664008565875, 0.8472189803545206, 0.6825827166486982, 0.6942735537518336, 0.3881379360191578, -0.6967388459128443, 0.6844304147847371, -0.48384882187175493, -0.2945136070391607, 0.5897333429978219, -0.23559142359340865, 0.8482916403001746, 0.4833861073476979, -0.3553896548690158, -0.934402018307685, 0.6390105463590321, -0.25098870826244296, 0.035164867181618965, -0.4604628325326939, -0.13519856565775346, 0.3354086057916428, -0.034352249161183984, -0.14943870115632615, -0.09466928915210923, 0.43396436869544963, 0.9852237710495241, 0.9297492576907801, 0.34388424686453345, -0.4550654282936762, 0.06972121298514963, 0.4152234692499096, 0.9440662168184789, 0.17934296360506244, 0.7351482101831597, 0.6709323938570663, -0.8158752981821675, -0.046352416434097675, -0.19811047853818448, 0.06950977535849179, -0.7411297067943714, -0.20009834909296503, -0.21375696178515416]
695.1718635990985	(8, 12, 2)	[-0.43821555214367375, 0.3635524420527493, 0.8462940792171196, 0.5189459740433409, -0.23498163184504234, 0.047182211744971794, -0.25868755046163194, 0.08533862683144273, -0.3170584491994531, 0.12553747427370632, -1.0388466814902748, -0.39123122820202777, -0.8561032109451544, 0.7411599898932251, 0.7591770159231885, -0.059157084753755876, 0.190620486999491, -0.15485781662556708, 0.8165400420257838, 0.056595233464070596, 0.551602833082848, 0.5441025800770167, 0.6258335411581134, -0.4456531170424218, 0.8539049335574252, -0.43364376402284016, -0.8596475735669014, 0.24270534463609086, -0.010839136986140252, -0.26579809501580265, -0.5747021820495363, 0.28371542588451587, -1.0664925385397594, 0.6141087221490269, -0.018663151912435484, -0.12065625312265468, -0.2541092612156871, -0.19719737087172642, -0.28043906499889365, 0.4020889861269794, 0.0025232794446205893, 0.30794972625808986, -0.5612695790020464, -0.061423572185944575, 0.0822697287606823, -0.22063616549550574, -0.6189840110816665, 0.1565655915321373, 0.6808419997852682, -1.0208819278724246, 0.7535895176330402, 0.836418201535837, -0.5562385146374474, -0.1237941846003734, -0.3116394782754412, -0.09775381015387541, -0.4972220213280547, -0.6038220076246102, -0.6741170088964071, 0.9358980595356106, -0.5465020741618304, -0.5578356246617712, -0.5035658078532059, 0.7224186585041777, 0.18323333473799486, 0.1165784783890244, -0.2921677547966541, 0.017509565175323604, 0.11565467742823267, -0.09419997954382321, -0.2760825904435424, -0.7900996036872628, -0.7119718057622373, -0.2708134807276329, 0.5559713705721888, 0.01609211792393922, 0.31094344043403405, 0.1546267127116964, 0.9121315695693086, 0.8813660977852781, 0.5811622366828301, 0.7003341111407507, 0.33332254806685696, -0.6983112286266174, 0.6469933891205819, -0.4807209323193551, -0.413730818098476, 0.5863411753703375, -0.24389786286019094, 0.849411158432322, 0.4132657869909774, -0.37047851857408226, -0.9331389955314376, 0.6395146482742771, -0.2907329929107224, 0.05475892623165007, -0.4580608999691495, -0.10956861766219744, 0.3286832882104253, -0.002548123749752624, -0.10290714622599294, -0.008482844233979927, 0.4355487169584486, 0.9853229215073874, 0.9295791076460178, 0.3016602414677743, -0.45072641129517443, 0.13973350782494084, 0.3633632330147513, 0.940423796894886, 0.18084994749376215, 0.7471198577085246, 0.7231153122117405, -0.8022341851869402, -0.047120586509153725, -0.25077943213735887, 0.07032421663314864, -0.8151587253933327, -0.3097124512621436, -0.23211186929694005]
490.7920141748589	(8, 12, 2)	[-0.4386674410772022, 0.38128467865331545, 0.7765819177240915, 0.5453677345770485, -0.5168697612096503, 0.1128941779307153, -0.27895072476003535, -0.29247495317202415, -0.3263741348948624, 0.12438882504020167, -0.9606419077247199, -0.3831205873076561, -0.8717250883153949, 0.7404889433405406, 0.7576784663046097, -0.06245222508945742, 0.19813786182719498, -0.24723825001110797, 0.8057354955584529, 0.04690282583318071, 0.5634962889939049, 0.5403478817723907, 0.6172225510941743, -0.435108492839656, 0.8505117012963088, -0.4259234119596636, -0.8621271814046297, 0.22382115542983586, -0.19294061606123192, -0.28555524906193863, -0.5692267582986632, 0.30233399010323037, -1.0004961271039339, 0.6241249869708257, -0.009780269131823411, -0.1431347534596464, -0.2710344266767794, -0.19405569493722877, -0.2759281653457321, 0.3989339418142645, 0.0016915801113813128, 0.32072561813931605, -0.5309353843949128, -0.03233932255638345, 0.16916634050157817, -0.176963758916641, -0.5885942180188737, 0.15661226467196374, 0.6858777039231512, -1.0376798938709437, 0.7516818223525931, 0.9171874665886436, -0.4644949607545431, -0.2568965386606052, -0.3288610440849587, -0.05070513041140533, -0.7516634349191156, -0.6646972387564011, -0.6692790386359909, 0.9417490243797443, -0.4941737962535563, -0.5702624286394409, -0.5547648347734511, 0.6755187479820115, 0.18170220257187206, 0.12145499739906414, -0.3030714781861954, 0.040378222046338924, 0.10485568654163346, -0.09655844588606077, -0.3009270081151774, -0.8482575409819498, -0.6524483519708554, -0.2802322048806706, 0.5667756191777747, -0.14620425224209013, 0.26654713593742735, 0.14506964921697632, 0.9092518820484746, 0.8759439997310667, 0.6490423199257859, 0.6916109452195562, 0.4200941285099616, -0.6985526066567925, 0.6400660906889825, -0.48495462802436656, -0.2822436304105047, 0.5821939090137702, -0.2655671903006293, 0.8483554260672334, 0.47047442946919565, -0.3642297752800744, -0.9501102107875175, 0.6324023775564677, -0.15821606743490976, 0.04870942392604384, -0.4646218808040993, -0.0318617204893412, 0.3360875772517585, -0.02079459857601429, -0.15787491508080115, -0.09933085062600182, 0.4381935974423563, 0.9773666431173256, 0.9291858379871655, 0.252046298588117, -0.42496883749919034, 0.10093865693823235, 0.3859913047233305, 0.940145850472255, 0.18031236138678924, 0.7323280495407648, 0.7031249367157784, -0.8091927697020026, -0.051304574687091604, -0.19739675823913605, 0.07003415381944976, -0.7563987025341239, -0.21759677846717293, -0.2504045519311035]
491.48889408759953	(8, 12, 2)	[-0.4089384415465108, 0.36682043730221525, 0.4472308056017896, 0.521676403967796, -0.17443494771353713, 0.1413905904889598, -0.27196387973812025, 0.08895454625499058, -0.3571512324505234, 0.12302709923379249, -0.989139962930468, -0.40476605106961683, -0.8350049558898098, 0.821844218310541, 0.7714193726300308, -0.04325753484764699, 0.1986151714858017, -0.21815853110757788, 0.8008757242190736, 0.09763409837040854, 0.5313466963516515, 0.5499043232457911, 0.6112435938952827, -0.4778851836291289, 0.8501268613942464, -0.42991275489884756, -0.8767319464323177, 0.2242133287112946, -0.09450154051975107, -0.27590927242543123, -0.5692167442029773, 0.29897897754782743, -1.0603933003488735, 0.6157062981129182, -0.01579511562323576, -0.12128362457423823, -0.2642798044093133, -0.19877126979915746, -0.27797260580123284, 0.3526452213859845, 0.0010870017582550197, 0.31853100574512244, -0.5435039103805565, -0.07056121167646733, 0.18357179748057373, -0.1924882887271809, -0.5926136704127987, 0.15631787003076203, 0.673396332924287, -1.0340819130136591, 0.7511186689983893, 0.9104248175286666, -0.5279092124788578, -0.09277759555735443, -0.2886721607642734, -0.10933230695082276, -0.603215632500996, -0.6149501493111633, -0.6671251667069192, 0.9603985993335313, -0.5720219805517526, -0.5606475718296867, -0.6852240942874019, 0.697024342413255, 0.2298201833898561, 0.1283697526146619, -0.3058260620281574, 0.04272096355498375, 0.10561417797751235, -0.09521352865044524, -0.32664823662330245, -0.7872182359093227, -0.7727306257542417, -0.2794816537370336, 0.5582664451018639, -0.015110168263059276, 0.25448927953617373, 0.14418975624064387, 0.9053874523753452, 0.8766994691336245, 0.5659287298486901, 0.694242307553654, 0.2336943304239537, -0.9443949751860347, 0.6519470429492826, -0.4766849279610076, -0.2869776699697919, 0.5876180015550055, -0.24354348057304653, 0.8424055312460638, 0.4530241447531283, -0.35479338726960163, -0.9375186699789225, 0.6473175516134655, -0.30879789956516923, 0.03519625792120727, -0.4544573540260654, -0.11749101445730513, 0.3483288990511253, 0.0058161684713792065, -0.1271765921987813, -0.013684049760814986, 0.43977522976532046, 0.9882636034587525, 0.9093145476112362, 0.3170870850585387, -0.4350156967974252, 0.11203290521777298, 0.37211850456063184, 0.9440201623801371, 0.18034376714710354, 0.7397265456238701, 0.6670496178160839, -0.8110041811182909, -0.048200390735985844, -0.2160354935230363, 0.05492241102586386, -0.7454708346540933, -0.22893862769882448, -0.2275015941208885]
1182.339557203395	(8, 12, 2)	[-0.4386674410772022, 0.38128467865331545, 0.7765819177240915, 0.5453677345770485, -0.5168697612096503, 0.1128941779307153, -0.27895072476003535, -0.29247495317202415, -0.3263741348948624, 0.12438882504020167, -0.9606419077247199, -0.3831205873076561, -0.8717250883153949, 0.7404889433405406, 0.7576784663046097, -0.06245222508945742, 0.19813786182719498, -0.24723825001110797, 0.8057354955584529, 0.04690282583318071, 0.5634962889939049, 0.5403478817723907, 0.6172225510941743, -0.435108492839656, 0.8505117012963088, -0.4259234119596636, -0.8621271814046297, 0.22382115542983586, -0.19294061606123192, -0.28555524906193863, -0.5692267582986632, 0.30233399010323037, -1.0004961271039339, 0.6241249869708257, -0.009780269131823411, -0.1431347534596464, -0.2710344266767794, -0.19405569493722877, -0.2759281653457321, 0.3989339418142645, 0.0016915801113813128, 0.32072561813931605, -0.5309353843949128, -0.03233932255638345, 0.16916634050157817, -0.176963758916641, -0.5885942180188737, 0.15661226467196374, 0.6858777039231512, -1.0376798938709437, 0.7516818223525931, 0.9171874665886436, -0.4644949607545431, -0.2568965386606052, -0.3288610440849587, -0.05070513041140533, -0.7516634349191156, -0.6646972387564011, -0.6692790386359909, 0.9417490243797443, -0.4941737962535563, -0.5702624286394409, -0.5547648347734511, 0.6755187479820115, 0.18170220257187206, 0.12145499739906414, -0.3030714781861954, 0.040378222046338924, 0.10485568654163346, -0.09655844588606077, -0.3009270081151774, -0.8482575409819498, -0.6524483519708554, -0.2802322048806706, 0.5667756191777747, -0.14620425224209013, 0.26654713593742735, 0.14506964921697632, 0.9092518820484746, 0.8759439997310667, 0.6490423199257859, 0.6916109452195562, 0.4200941285099616, -0.6985526066567925, 0.6400660906889825, -0.48495462802436656, -0.3175865606047156, 0.5821939090137702, -0.2655671903006293, 0.8483554260672334, 0.47047442946919565, -0.3642297752800744, -0.9501102107875175, 0.6324023775564677, -0.15821606743490976, 0.04870942392604384, -0.4646218808040993, -0.0318617204893412, 0.25462366886790627, -0.02079459857601429, -0.15787491508080115, -0.09933085062600182, 0.4381935974423563, 0.9773666431173256, 0.9291858379871655, 0.252046298588117, -0.42496883749919034, 0.10093865693823235, 0.3859913047233305, 0.940145850472255, 0.18031236138678924, 0.7323280495407648, 0.7031249367157784, -0.8091927697020026, -0.051304574687091604, -0.19739675823913605, 0.07003415381944976, -0.7563987025341239, -0.21759677846717293, -0.2504045519311035]
519.2404961336031	(8, 12, 2)	[-0.4439605644035912, 0.3691307562450558, 0.7463540816908875, 0.5201471758608884, -0.4862032177576281, 0.11184379685261142, -0.27978981337208275, -0.1708720896132727, -0.3264619294003131, 0.12305921037576471, -0.9973200274207681, -0.38271301037385297, -0.7188068616116384, 0.7424939320411682, 0.7212139400726563, -0.06817230191872775, 0.20834760719388812, -0.018208668925792815, 0.8171628047619642, 0.047501479962156264, 0.5722794641280831, 0.5411925006076553, 0.6179297697686988, -0.43548088022532183, 0.8505151599969897, -0.42126799251210423, -0.8606341423261258, 0.08119105434148227, -0.18441276959109154, -0.28227388132099074, -0.5426437826168726, 0.2987211513170874, -1.0091559785538122, 0.6319146300055358, -0.016650591357015267, -0.1487354709554759, -0.27179235846885424, -0.19524857027534634, -0.2951929681807029, 0.4077491783121213, 0.004169376399061031, 0.3207072815792436, -0.5370003040028833, 0.006877695898203681, 0.1707510337733228, -0.19126163419112988, -0.6233676167218342, 0.1565963649317759, 0.6802473998519433, -1.0298711726192153, 0.7571014884430124, 0.917185989903146, -0.4791905542087828, -0.1208677418191999, -0.3223929717586417, -0.051027575595197064, -0.6281658738364374, -0.5776663428388569, -0.67505375423088, 0.9373947535029916, -0.49288198059543575, -0.5723526207763571, -0.5581642880291428, 0.6798604762458212, 0.20379195209388856, 0.13598038628050507, -0.2932083389346626, 0.05156134418004364, 0.10796063807431097, -0.09682817700185636, -0.2213805456635084, -0.8540247213445106, -0.6584972940788428, -0.2801651207837971, 0.5582518991117539, -0.17936245747647733, 0.26465835269356713, 0.14534321586227497, 0.9094141625273024, 0.866755206972864, 0.7787948454220985, 0.7903826776507259, 0.4015778182525836, -0.7965173916913675, 0.6469957113744474, -0.48525292081203136, -0.2911941147820661, 0.586172985900695, -0.25527439781305966, 0.8481296798924167, 0.4500479721430923, -0.357573169072757, -0.9517983646355332, 0.6323887903251756, -0.15273994525816229, 0.049316821410421846, -0.4648547683965706, -0.12071112769143863, 0.34349397820175026, -0.02714717166772476, -0.15611176752239156, -0.04402014506103133, 0.436832272624132, 0.9814428045160238, 0.9262527475831228, 0.2840338011617197, -0.4183771063670276, 0.10533951596856846, 0.4176040246325165, 0.9410235882337775, 0.1811135517934338, 0.7322854791483209, 0.7039164150164082, -0.8091645837961114, -0.05166651757781084, -0.19677773128298465, 0.06931558085867101, -0.748600699006548, -0.21826916124885576, -0.22668154428003606]
567.0018713658235	(8, 12, 2)	[-0.4367670895800402, 0.34897778262533996, 1.170385698818127, 0.5512678508953561, -0.23860579264496978, 0.10233696111388196, -0.25377461330922185, 0.10708486818823741, -0.3192886634312999, 0.12446781774013718, -1.0217484124354717, -0.4140883704825098, -0.8532224772327752, 0.6371557900045834, 0.7520656474428621, -0.06418857863682537, 0.15588995291633748, -0.21968938478055294, 0.831389711551113, 0.03712194303072806, 0.5662718251482669, 0.5372795180247347, 0.60509438825301, -0.44780489000528123, 0.854250107164461, -0.4091914048413158, -0.8590721012900008, 0.24873522394254224, -0.22038996959302673, -0.30630211976739397, -0.5776517243280723, 0.29734033780555924, -1.032923030238567, 0.6054173879644851, -0.011014757858326934, -0.12362420044182906, -0.25774891118201637, -0.19955646640409996, -0.2785958996983446, 0.38638872582709505, 0.0034409103618624117, 0.3169878791483762, -0.5734778536686782, -0.027884290859688392, 0.1701602811016176, -0.18492955155071653, -0.6038407816044086, 0.16188066558110123, 0.6877960083669066, -1.0241060257717154, 0.7698418152253331, 0.9160694358041477, -0.3489029378554467, -0.14123800708231704, -0.31848787086307184, -0.038908097692953364, -0.6073171494022223, -0.5301226908824641, -0.7130825414043119, 0.9425764599417745, -0.48640213378162767, -0.5571400083264275, -0.47684529592031166, 0.6972487252031232, 0.18406198446944588, 0.24523926361114207, -0.3118024777625169, 0.0426848884562229, 0.06661186117037811, -0.09498508090160156, -0.2815476216064149, -0.7579433519571235, -0.5942559415661861, -0.27646884659557847, 0.5766017496864455, -0.03207013983555271, 0.275524458636159, 0.1542931421209136, 0.896369663674982, 0.8701765812995901, 0.5353092002985811, 0.6942745727241435, 0.35732616523130833, -0.7304560991557894, 0.6673304556609936, -0.4746562261798606, -0.2936277473017966, 0.5878057288766306, -0.25521596127462964, 0.8482169863072587, 0.4217497638363585, -0.3558316429821369, -0.9370221057820195, 0.6406681535938062, -0.2955005343629826, 0.05499868510349397, -0.45661516542648983, -0.1103060791533554, 0.3364646921683027, -0.01058086060797317, -0.10676606638079966, -0.010462575062551951, 0.432637909150602, 0.9706571011895022, 0.9189402295393797, 0.3495054284534627, -0.4397024238689931, 0.09892815745394068, 0.24802692449014413, 0.9440691535237843, 0.18121231428763368, 0.6124907942577696, 0.6688983301870924, -0.8040897470960204, -0.046465839050509224, -0.20798917034467784, 0.06646751555335728, -0.7487868631781917, -0.21566752914364945, -0.2265011168593152]
892.0988585216796	(8, 12, 2)	[-0.4371143165295284, 0.3594734749824921, 0.8481557298697733, 0.529821202919828, -0.3932319943550827, 0.08176440126573803, -0.26992520253599794, 0.11332464656550767, -0.31831796205213153, 0.12463327806449376, -1.0430066248398504, -0.3496434553309672, -0.8396855219664854, 0.7000222206501536, 0.758566763565821, -0.05826919198663831, 0.14989157823776403, -0.22870828005352087, 0.8111740221121944, 0.05881752822111917, 0.5965999533955489, 0.5469311539040277, 0.6141489175793243, -0.4500008086751173, 0.8482128270029015, -0.49864952496563697, -0.8627627507516508, 0.2290550174592464, -0.10214071758599963, -0.2695436457278815, -0.5694180825758822, 0.29583116877223925, -1.1018095350989767, 0.616517732134594, -0.012813259152810489, -0.12292011885943246, -0.27042089905927946, -0.1906245774751222, -0.2635656320757682, 0.3579146783897808, 0.021518129935065633, 0.31866535070377633, -0.5438785462708002, -0.03938210553877905, 0.1483987942767152, -0.17383643006758404, -0.679117199104449, 0.17455912521562303, 0.680256381695332, -1.0151672104479754, 0.7715218835181766, 0.9060653252877263, -0.5419590152681616, -0.14787523005283643, -0.3291581366186932, -0.05647175643778828, -0.6119751073514955, -0.6659933424537399, -0.6781370600468908, 0.9357952046475639, -0.5375760320633356, -0.5607008798402244, -0.6251072516341425, 0.6869874897101568, 0.2681725060118716, 0.11522138371751481, -0.2806916301973939, 0.03105293752200124, 0.08629882188239288, -0.0964190697064725, -0.3116701400392523, -0.8560542381647471, -0.7397676184560533, -0.2813731796105434, 0.5642026381844085, -0.126599676245213, 0.2919194369091583, 0.14530573535860375, 0.9249653634632525, 0.7321043747445928, 0.683695361836481, 0.7106267476225688, 0.29727061419419853, -0.7058864343625677, 0.6463482599741444, -0.48335602701980374, -0.4125089035266789, 0.5836265609090289, -0.26470600758820795, 0.8492917897681033, 0.41718338460493193, -0.37249180220741673, -0.9383357886251358, 0.6351374041276503, -0.2660907774080652, 0.04523697854668201, -0.45634842876163006, -0.07642814380609564, 0.3420280450323171, 0.2109863662246392, -0.13742997589850545, -0.10455375106959398, 0.4404244043263824, 0.986881451804813, 0.9296647390700697, 0.2916750305101317, -0.4400246735176322, 0.11661996508936542, 0.3872510026612229, 0.9396951994885957, 0.18040697889024454, 0.7356795701417874, 0.7392633478677668, -0.8058828849211862, -0.04791422216982021, -0.17709927942546613, 0.07477994080553224, -0.7534662350433248, -0.2095584500739918, -0.23467658135210198]
383.1325347378357	(8, 12, 2)	[-0.43638985921442225, 0.34910916409251874, 1.2057485366513148, 0.5525324633708397, -0.23301384519466706, 0.10625180731753475, -0.2582957587822861, 0.08221551062859986, -0.3332284219065803, 0.12353864585740998, -0.9844287772219285, -0.38927639690421256, -0.8624430017161525, 0.7235886311437726, 0.7507544747660321, -0.05561345460461373, 0.17040492435942128, -0.2196693037680895, 0.8246632317437952, 0.03623430289866415, 0.5668520245681818, 0.5364611293507944, 0.6113074078939393, -0.4685422594862527, 0.8504439667752225, -0.4186338837362753, -0.8591634805708059, 0.24503149137927385, -0.20173056791483646, -0.2995064294797407, -0.5199889458367878, 0.29905814795793606, -0.988459935908855, 0.6148141460209937, -0.011334434250500364, -0.06814391968823649, -0.25737471505366805, -0.181041484115306, -0.2784113957986175, 0.3870610628029698, 0.016606029690864818, 0.3187276908523559, -0.5545700645817123, -0.030415341314646762, 0.18672334981095115, -0.18552393775199022, -0.6229666470116343, 0.16144700790246813, 0.6668212050380585, -1.0235712153882892, 0.7612904446982403, 0.9135349766758223, -0.42579121472915005, -0.0997878358407159, -0.31749261479656493, -0.037199180847541945, -0.5937509212813479, -0.5294392208554892, -0.6713985893595935, 0.9415281853317856, -0.4506055131298018, -0.5588938886688714, -0.4698259414671954, 0.6966692792707977, 0.19194672509381752, 0.25397836428725157, -0.29762237289520893, 0.04884027447656249, 0.06965717695024654, -0.09380005095615923, -0.2871079528733955, -0.7550210313686945, -0.6932965845129074, -0.279933421327346, 0.5739201326085203, -0.04602101369242219, 0.27547891599253316, 0.14989552379215984, 0.9107088959757816, 0.8703629239223669, 0.5326371707420592, 0.6942755298063515, 0.32797016986365324, -0.7112735577090898, 0.6714812823422799, -0.47408720597583587, -0.2938062299255313, 0.6075737271072991, -0.24420462011410346, 0.8472640770752804, 0.43693454171341917, -0.3551404580563261, -0.9369628222312611, 0.6412319151010081, -0.2905270697315181, 0.05248629913036785, -0.4562871641425621, -0.12848096988403665, 0.3361452705320556, -0.02324309197937592, -0.13850115296979987, -0.11602745895002799, 0.43265606317183747, 0.9686151540030525, 0.9193048530774699, 0.3405465915836188, -0.4548801207687311, 0.07609037149096992, 0.4289159263176658, 0.9435428286209401, 0.1811281991639937, 0.709239163525567, 0.6684319425158912, -0.8039884513342673, -0.046291728113234384, -0.18930402347289457, 0.06660674562144177, -0.7770406340803194, -0.21504776129140524, -0.22700656898571542]
410.58684549875295	(8, 12, 2)	[-0.4369268356840214, 0.3772746548461408, 0.8735173488071629, 0.5242627688667885, -0.25775980793952646, 0.1888275097698028, -0.29536845453078825, 0.08297669883792454, -0.32526070426865356, 0.12261687429750312, -0.9647943856042189, -0.23758592183975494, -0.8548389131277819, 0.7402806187066613, 0.7371644472486983, -0.062063591194694546, 0.16502385484883442, -0.25669309841461546, 0.8024728757556004, 0.04097592115056101, 0.5764610376984574, 0.5406477568724205, 0.5999368418428596, -0.4122534314771066, 0.795042442996362, -0.430821080324966, -0.8604293521470089, 0.23999569747041022, -0.0994323626559281, -0.2667644078810432, -0.5863963593364001, 0.2982722912455506, -1.0525199348678311, 0.6701152585542421, -0.015741115416138717, -0.13187248569954058, -0.27014973284414295, -0.19056494496485604, -0.2642034335026827, 0.3880324882185254, 0.0027888363615410023, 0.3179244940394044, -0.5491311756087522, -0.0035371006500767065, 0.13973992781634637, -0.17308382623571808, -0.6141591251217067, 0.15564855525572957, 0.7120647556851937, -1.0182812021390193, 0.7775994202665716, 0.9001445568324217, -0.5281790528480836, -0.34587675183880356, -0.31769592453756357, -0.05678273117994247, -0.5722270763627415, -0.5563697598183529, -0.6663067601614893, 0.9366055791425967, -0.4345866157935052, -0.5579058243645018, -0.5014753160787039, 0.6850305934360114, 0.19146298577789195, 0.2149944535047219, -0.2960284124792676, 0.031078564832516257, 0.09423866018375694, -0.09284022018794835, -0.3088495812708417, -0.764399686397718, -0.6823645119051404, -0.28042797939214587, 0.5499954801979194, -0.1643280980607063, 0.3073944651574827, 0.1463487165181975, 0.892588626230507, 0.8220777131083987, 0.6275154417681387, 0.6963358273084151, 0.25577732729562, -0.7982892373264444, 0.6805315137692406, -0.5328376357412762, -0.3027084242800717, 0.584781785177511, -0.23414191061053927, 0.817094932281825, 0.44277036494309957, -0.35613322645753437, -0.9284585971043402, 0.6399325810447727, -0.25327674427095975, 0.03553246841454254, -0.4601541570295326, -0.11550144442227614, 0.33568794248718253, -0.03265927804988678, -0.18862565718533655, -0.08510750888379402, 0.43626084783790364, 0.986901737776403, 0.9299628708154675, 0.3438980372844409, -0.44990198665741354, 0.09658829335303515, 0.3813833398175666, 0.9440254452048273, 0.17957617707105625, 0.7366646613379367, 0.6743036214623375, -0.8045109167856056, -0.04741619438024071, -0.2012013907997201, 0.07650105757250994, -0.7454138827205637, -0.21719553789478246, -0.21433280412702352]
481.65725047943727	(8, 12, 2)	[-0.4369268356840214, 0.3772746548461408, 0.8735173488071629, 0.5242627688667885, -0.25775980793952646, 0.1888275097698028, -0.29536845453078825, 0.08297669883792454, -0.32526070426865356, 0.12261687429750312, -0.9647943856042189, -0.23758592183975494, -0.8548389131277819, 0.7402806187066613, 0.7371644472486983, -0.062063591194694546, 0.16502385484883442, -0.25669309841461546, 0.8024728757556004, 0.04097592115056101, 0.5764610376984574, 0.5406477568724205, 0.5999368418428596, -0.4122534314771066, 0.795042442996362, -0.430821080324966, -0.8604293521470089, 0.23999569747041022, -0.0994323626559281, -0.2667644078810432, -0.5863963593364001, 0.2982722912455506, -1.0525199348678311, 0.6701152585542421, -0.015741115416138717, -0.13187248569954058, -0.27014973284414295, -0.19056494496485604, -0.2642034335026827, 0.3880324882185254, 0.0027888363615410023, 0.3179244940394044, -0.5491311756087522, -0.0035371006500767065, 0.13973992781634637, -0.17308382623571808, -0.6141591251217067, 0.15564855525572957, 0.7120647556851937, -1.0182812021390193, 0.7775994202665716, 0.9001445568324217, -0.5281790528480836, -0.34587675183880356, -0.31769592453756357, -0.05678273117994247, -0.5722270763627415, -0.5563697598183529, -0.6663067601614893, 0.9366055791425967, -0.4345866157935052, -0.5579058243645018, -0.5014753160787039, 0.6850305934360114, 0.19146298577789195, 0.2149944535047219, -0.2960284124792676, -0.12929156106628922, 0.09423866018375694, -0.09284022018794835, -0.3088495812708417, -0.764399686397718, -0.6823645119051404, -0.28042797939214587, 0.5499954801979194, -0.1643280980607063, 0.3073944651574827, 0.1463487165181975, 0.892588626230507, 0.8220777131083987, 0.6275154417681387, 0.6963358273084151, 0.25577732729562, -0.7982892373264444, 0.6805315137692406, -0.5328376357412762, -0.3027084242800717, 0.584781785177511, -0.23414191061053927, 0.817094932281825, 0.44277036494309957, -0.35613322645753437, -0.9284585971043402, 0.6399325810447727, -0.25327674427095975, 0.03553246841454254, -0.4601541570295326, -0.11550144442227614, 0.33568794248718253, -0.03265927804988678, -0.18862565718533655, -0.08510750888379402, 0.43626084783790364, 0.986901737776403, 0.9299628708154675, 0.3438980372844409, -0.44990198665741354, 0.09658829335303515, 0.3813833398175666, 0.9440254452048273, 0.17957617707105625, 0.7366646613379367, 0.6743036214623375, -0.8045109167856056, -0.04741619438024071, -0.2012013907997201, 0.07650105757250994, -0.7454138827205637, -0.21719553789478246, -0.21433280412702352]
186.0852167829031	(8, 12, 2)	[-0.4369268356840214, 0.3772746548461408, 0.8735173488071629, 0.5242627688667885, -0.25775980793952646, 0.1888275097698028, -0.29536845453078825, 0.08297669883792454, -0.32526070426865356, 0.12261687429750312, -0.9647943856042189, -0.23758592183975494, -1.023539116299399, 0.7402806187066613, 0.7371644472486983, -0.062063591194694546, 0.16502385484883442, -0.25669309841461546, 0.8024728757556004, 0.04097592115056101, 0.5764610376984574, 0.5406477568724205, 0.6044814715671764, -0.385915506671967, 0.795042442996362, -0.430821080324966, -0.8604293521470089, 0.23999569747041022, -0.0994323626559281, -0.2667644078810432, -0.5863963593364001, 0.2982722912455506, -1.0525199348678311, 0.6701152585542421, -0.015741115416138717, -0.13187248569954058, -0.27014973284414295, -0.19056494496485604, -0.2642034335026827, 0.3880324882185254, 0.0027888363615410023, 0.3179244940394044, -0.5491311756087522, -0.0035371006500767065, 0.13973992781634637, -0.1100552521338585, -0.6141591251217067, 0.15564855525572957, 0.7120647556851937, -1.0182812021390193, 0.7775994202665716, 0.9001445568324217, -0.5281790528480836, -0.34587675183880356, -0.31769592453756357, -0.05678273117994247, -0.5722270763627415, -0.5563697598183529, -0.6663067601614893, 0.9366055791425967, -0.4345866157935052, -0.5579058243645018, -0.5014753160787039, 0.6850305934360114, 0.19146298577789195, 0.2149944535047219, -0.2960284124792676, 0.031078564832516257, 0.09423866018375694, -0.09284022018794835, -0.3088495812708417, -0.764399686397718, -0.6823645119051404, -0.28042797939214587, 0.5499954801979194, -0.1643280980607063, 0.3073944651574827, 0.1463487165181975, 0.892588626230507, 0.8220777131083987, 0.6275154417681387, 0.6963358273084151, 0.25577732729562, -0.7982892373264444, 0.5750982935218498, -0.5328376357412762, -0.3027084242800717, 0.584781785177511, -0.23414191061053927, 0.817094932281825, 0.44277036494309957, -0.35613322645753437, -0.9284585971043402, 0.6399325810447727, -0.25327674427095975, 0.03553246841454254, -0.4601541570295326, -0.11550144442227614, 0.33568794248718253, -0.03265927804988678, -0.18862565718533655, -0.08510750888379402, 0.43626084783790364, 0.986901737776403, 0.9299628708154675, 0.3438980372844409, -0.44990198665741354, 0.09658829335303515, 0.3813833398175666, 0.9440254452048273, 0.17957617707105625, 0.7366646613379367, 0.6743036214623375, -0.8045109167856056, -0.04741619438024071, -0.2012013907997201, 0.07650105757250994, -0.7454138827205637, -0.21719553789478246, -0.21433280412702352]
506.01138288787735	(8, 12, 2)	[-0.43638985921442225, 0.34910916409251874, 1.2057485366513148, 0.6412673236439066, -0.36050892759583375, 0.10625180731753475, -0.2582957587822861, 0.08221551062859986, -0.3332284219065803, 0.12353864585740998, -0.9844287772219285, -0.38927639690421256, -0.8624430017161525, 0.7235886311437726, 0.7507544747660321, -0.05561345460461373, 0.17040492435942128, -0.2196693037680895, 0.8246632317437952, 0.03623430289866415, 0.5668520245681818, 0.5364611293507944, 0.6113074078939393, -0.4685422594862527, 0.8504439667752225, -0.4186338837362753, -0.8591634805708059, 0.24503149137927385, -0.20173056791483646, -0.2995064294797407, -0.5199889458367878, 0.24234436769083326, -0.988459935908855, 0.6148141460209937, 0.1853811188720307, -0.06814391968823649, -0.25737471505366805, -0.181041484115306, -0.2784113957986175, 0.3870610628029698, 0.016606029690864818, 0.3187276908523559, -0.5545700645817123, -0.030415341314646762, 0.18672334981095115, -0.18552393775199022, -0.6229666470116343, 0.16144700790246813, 0.6668212050380585, -1.0235712153882892, 0.7612904446982403, 0.9135349766758223, -0.42579121472915005, -0.0997878358407159, -0.31749261479656493, -0.037199180847541945, -0.5937509212813479, -0.5294392208554892, -0.6713985893595935, 0.9415281853317856, -0.4506055131298018, -0.5588938886688714, -0.4698259414671954, 0.6966692792707977, 0.19194672509381752, 0.25397836428725157, -0.29762237289520893, 0.04884027447656249, 0.06965717695024654, -0.09380005095615923, -0.2871079528733955, -0.7550210313686945, -0.6932965845129074, -0.279933421327346, 0.5739201326085203, -0.04602101369242219, 0.27547891599253316, 0.14989552379215984, 0.9107088959757816, 0.8703629239223669, 0.5326371707420592, 0.6942755298063515, 0.32797016986365324, -0.7112735577090898, 0.6714812823422799, -0.47408720597583587, -0.2938062299255313, 0.6075737271072991, -0.24420462011410346, 0.8472640770752804, 0.43693454171341917, -0.3551404580563261, -0.9369628222312611, 0.6412319151010081, -0.2905270697315181, 0.05248629913036785, -0.4562871641425621, -0.12848096988403665, 0.3361452705320556, -0.02324309197937592, -0.13850115296979987, -0.11602745895002799, 0.43265606317183747, 0.9686151540030525, 0.9193048530774699, 0.3405465915836188, -0.4548801207687311, 0.07609037149096992, 0.4289159263176658, 0.9435428286209401, 0.1811281991639937, 0.709239163525567, 0.6684319425158912, -0.8039884513342673, -0.046291728113234384, -0.18930402347289457, 0.06660674562144177, -0.731578559782386, -0.21504776129140524, -0.22700656898571542]
600.7510763959308	(8, 12, 2)	[-0.43690625824001733, 0.35213831617065955, 0.92619357728683, 0.5214672168396528, -0.25988757354205433, 0.15521482343463405, -0.2843293193107102, 0.09597469976873385, -0.3216651793831545, 0.12361461474185195, -0.9962343311616395, -0.23758249442195045, -0.7744849372115543, 0.7433040607407357, 0.744232841934666, -0.062062092341415055, 0.16240202059077052, -0.24417093160368744, 0.8019012254775987, 0.04437611967641424, 0.5671726881077446, 0.5406261772166072, 0.6034150070939988, -0.3984946336384179, 0.819652014925392, -0.4082797525441437, -0.8615395198453061, 0.24264458812234688, -0.09935006877971336, -0.26586311577537897, -0.5443002369640436, 0.29495157528583427, -1.0550756816821343, 0.633003441683202, -0.016477064012706877, -0.13272514713570244, -0.2708819136689791, -0.19009541432542035, -0.2639818515571702, 0.3898501835099047, 0.009983137723805633, 0.31792107745111275, -0.5488686683084356, -0.017128833259330276, 0.13974707770338332, -0.13123342184719017, -0.6154694319949672, 0.15776346478426842, 0.6731482228614712, -1.018743407622278, 0.7768150244095463, 0.9015858020120002, -0.5290299150923536, -0.23913364422258615, -0.31964509795252705, -0.04852393045762647, -0.5812855391614331, -0.5565361597112067, -0.6735810338425661, 0.9412856685083051, -0.43587560786055535, -0.5575601796724697, -0.8374421526748148, 0.6850374117992472, 0.18613653825873616, 0.21908252768455458, -0.2618641960321102, 0.03111918125414484, 0.08066642434248392, -0.09277204503445974, -0.3019302361773628, -0.7638591967327626, -0.645278222895603, -0.27885133427462755, 0.5600808892310619, -0.1775867787839859, 0.3044476672298333, 0.15303529684254596, 0.8918774339469077, 0.8179294696901158, 0.5710570727420584, 0.6963973500214851, 0.23195482568478829, -0.7974243407027267, 0.5784012784097048, -0.5237882834739624, -0.39348743197611746, 0.5846364181265211, -0.20142462328033833, 0.824943651461751, 0.43401501224755834, -0.35580380969544667, -0.9281455839207634, 0.6403265297492602, -0.26269070630738145, 0.03757118610353108, -0.4575306824148113, -0.11549620590569472, 0.34302647770402334, -0.03594172658458453, -0.1952418074166125, -0.07852080348629593, 0.43642392820940157, 0.9914485195704423, 0.9290501310382187, 0.34792374390970365, -0.4391382819987213, 0.10329591650674876, 0.3269277860222398, 0.9390369412511275, 0.17976346107163865, 0.738590871553843, 0.6641029082716797, -0.8043721781558009, -0.12596173252760734, -0.20195763998001362, 0.07365420918980395, -0.7490930967317948, -0.21816240818117072, -0.21461664915900958]
755.0792002222199	(8, 12, 2)	[-0.43690625824001733, 0.35213831617065955, 0.92619357728683, 0.5214672168396528, -0.25988757354205433, 0.15521482343463405, -0.2843293193107102, 0.09597469976873385, -0.3216651793831545, 0.12361461474185195, -0.9962343311616395, -0.23758249442195045, -0.7744849372115543, 0.7433040607407357, 0.744232841934666, -0.062062092341415055, 0.16240202059077052, -0.24417093160368744, 0.8019012254775987, 0.04437611967641424, 0.5671726881077446, 0.5406261772166072, 0.6034150070939988, -0.3984946336384179, 0.819652014925392, -0.4082797525441437, -0.8615395198453061, 0.24264458812234688, -0.19804521438427175, -0.26586311577537897, -0.5443002369640436, 0.29495157528583427, -1.0550756816821343, 0.633003441683202, -0.016477064012706877, -0.13272514713570244, -0.2708819136689791, -0.19009541432542035, -0.2615365019999601, 0.3898501835099047, 0.009983137723805633, 0.31792107745111275, -0.5488686683084356, -0.017128833259330276, 0.13974707770338332, -0.13123342184719017, -0.6154694319949672, 0.15776346478426842, 0.6731482228614712, -1.018743407622278, 0.7768150244095463, 0.9015858020120002, -0.5290299150923536, -0.23913364422258615, -0.31964509795252705, -0.04852393045762647, -0.5812855391614331, -0.5565361597112067, -0.6735810338425661, 0.9412856685083051, -0.43587560786055535, -0.5575601796724697, -0.8374421526748148, 0.6850374117992472, 0.18613653825873616, 0.21908252768455458, -0.2618641960321102, 0.03111918125414484, 0.08066642434248392, -0.09277204503445974, -0.3019302361773628, -0.7638591967327626, -0.645278222895603, -0.27885133427462755, 0.5600808892310619, -0.1775867787839859, 0.3044476672298333, 0.15303529684254596, 0.8918774339469077, 0.8179294696901158, 0.5710570727420584, 0.6940274614097071, 0.23195482568478829, -0.7974243407027267, 0.5784012784097048, -0.5237882834739624, -0.39348743197611746, 0.5846364181265211, -0.20142462328033833, 0.824943651461751, 0.43401501224755834, -0.35580380969544667, -0.9281455839207634, 0.6403265297492602, -0.26269070630738145, 0.03757118610353108, -0.4575306824148113, -0.11549620590569472, 0.34302647770402334, -0.03594172658458453, -0.1952418074166125, -0.07852080348629593, 0.43642392820940157, 0.9914485195704423, 0.9290501310382187, 0.34792374390970365, -0.4391382819987213, 0.10329591650674876, 0.3269277860222398, 0.9390369412511275, 0.17976346107163865, 0.738590871553843, 0.6641029082716797, -0.8043721781558009, -0.12596173252760734, -0.20195763998001362, 0.07365420918980395, -0.7490930967317948, -0.21816240818117072, -0.21461664915900958]
628.7460878369786	(8, 12, 2)	[-0.43690625824001733, 0.35213831617065955, 0.92619357728683, 0.5214672168396528, -0.25988757354205433, 0.15521482343463405, -0.2843293193107102, 0.09597469976873385, -0.3216651793831545, 0.12361461474185195, -0.9962343311616395, -0.23758249442195045, -0.7744849372115543, 0.7433040607407357, 0.744232841934666, -0.062062092341415055, 0.16240202059077052, -0.24417093160368744, 0.8019012254775987, 0.04437611967641424, 0.5671726881077446, 0.5406261772166072, 0.6034150070939988, -0.3984946336384179, 0.819652014925392, -0.4082797525441437, -0.8615395198453061, 0.24264458812234688, -0.21088228810072523, -0.26586311577537897, -0.5443002369640436, 0.29495157528583427, -1.0550756816821343, 0.633003441683202, -0.016477064012706877, -0.13272514713570244, -0.2708819136689791, -0.19009541432542035, -0.2643124602694171, 0.3898501835099047, 0.009983137723805633, 0.31792107745111275, -0.5488686683084356, -0.017128833259330276, 0.13974707770338332, -0.13123342184719017, -0.6154694319949672, 0.15776346478426842, 0.6731482228614712, -1.018743407622278, 0.7768150244095463, 0.9015858020120002, -0.5290299150923536, -0.23913364422258615, -0.31964509795252705, -0.04852393045762647, -0.5812855391614331, -0.5565361597112067, -0.6735810338425661, 0.9412856685083051, -0.43587560786055535, -0.5575601796724697, -0.8374421526748148, 0.6850374117992472, 0.18613653825873616, 0.21908252768455458, -0.2618641960321102, 0.03111918125414484, 0.08066642434248392, -0.09277204503445974, -0.3019302361773628, -0.7638591967327626, -0.645278222895603, -0.27885133427462755, 0.5600808892310619, -0.1775867787839859, 0.3044476672298333, 0.15303529684254596, 0.8918774339469077, 0.8179294696901158, 0.5710570727420584, 0.6952041367146822, 0.23195482568478829, -0.7974243407027267, 0.5784012784097048, -0.5237882834739624, -0.39348743197611746, 0.5846364181265211, -0.20142462328033833, 0.8467695108189347, 0.43401501224755834, -0.35580380969544667, -0.9281455839207634, 0.6403265297492602, -0.26269070630738145, 0.03757118610353108, -0.4575306824148113, -0.11549620590569472, 0.34302647770402334, -0.03594172658458453, -0.1952418074166125, -0.07852080348629593, 0.43642392820940157, 0.9914485195704423, 0.9290501310382187, 0.34792374390970365, -0.4391382819987213, 0.10329591650674876, 0.3269277860222398, 0.9390369412511275, 0.17976346107163865, 0.738590871553843, 0.6641029082716797, -0.8043721781558009, -0.12596173252760734, -0.20195763998001362, 0.07365420918980395, -0.7490930967317948, -0.21816240818117072, -0.21461664915900958]
874.87744288728	(8, 12, 2)	[-0.4395962648595199, 0.3081970457107206, 0.8724720702883669, 0.5058658395368832, -0.3153310769900376, 0.16429799596777928, -0.2765702665056551, 0.08071591555697588, -0.31994029395171714, 0.12223519282222797, -1.0410633578762005, -0.23970509835277745, -0.8401250703669161, 0.7354086326694267, 0.7475696281275087, -0.06284284257124004, 0.1783234435671287, -0.2571635266637443, 0.7961431975393168, 0.044659009084413656, 0.578031866629034, 0.5402417481875634, 0.6085787643566202, -0.44284738480227304, 0.8128349182814243, -0.4327724880267925, -0.8603602983859822, 0.23825175290951667, -0.12921452641464656, -0.2747285091466777, -0.5783756769426358, 0.2987217289807497, -1.054999562661907, 0.6477459738012027, -0.013347183852267833, -0.13662968210965754, -0.26580766246265314, -0.19559335196201005, -0.29762841039442867, 0.3877933330481278, 0.013514263380826806, 0.3215612528332342, -0.5503839711519191, -0.03133052245014827, 0.1469253736835903, -0.18636249762401533, -0.6261188047007675, 0.15110461867236744, 0.6948133182744168, -1.0303314216466801, 0.7721999422178467, 0.8990651953209361, -0.4351120269380899, -0.3115603142613482, -0.3249264306735608, -0.03625179041413894, -0.6461745122512224, -0.54807573297345, -0.66845948376168, 0.9445753838731528, -0.44114574923132954, -0.5590684012690345, -0.7866940958022742, 0.6759992665167777, 0.1089888493515895, -0.009011719416892106, -0.27662051019777717, 0.009641507635923724, 0.08487138048296453, -0.09713798938791575, -0.2845074558482447, -0.764673268641174, -0.7235752821259531, -0.2791724319316099, 0.5617273540801954, -0.16833487791802634, 0.3118181853784757, 0.14834793205922464, 0.8841548072228497, 0.8310884735347095, 0.6030002519485991, 0.68965951081339, 0.303724072423207, -0.7133861287105576, 0.6155544135774009, -0.5138587732721223, -0.23801542844296125, 0.586625763673304, -0.2378493165899679, 0.8375347459842123, 0.43776936045361575, -0.37373948801493606, -0.9426958899511351, 0.6754965309180143, -0.2234546477028997, 0.03915982988070576, -0.4594156694977513, -0.11603918303128447, 0.3448018023424928, -0.022216215615816843, -0.14761812899365537, -0.04347695519663422, 0.3328904495154414, 0.9924664863250817, 0.8860707659533043, 0.3140095606106376, -0.4473784543098019, 0.09649681622571071, 0.3883879926004173, 0.9420895714203763, 0.382017776736659, 0.6358559879756431, 0.6909343856154959, -0.8053285070568242, -0.04313489602197169, -0.20094296242195112, 0.06849658027687934, -0.758522023353252, -0.21522350447456629, -0.21616830537706969]
780.1578186228819	(8, 12, 2)	[-0.43141589916720907, 0.33324398320701937, 1.001625979291403, 0.5001007855448624, -0.2726710970961359, 0.16308400750278979, -0.27508357476278755, 0.08907583715241862, -0.3199322068444448, 0.122705512277732, -1.0128636323439517, -0.24239915343581594, -0.8399811602356752, 0.735418872273554, 0.7474270057230408, -0.06005317354730262, 0.17165319654418362, -0.17805830838547992, 0.8140130427058433, 0.044036982445534535, 0.5782023340691699, 0.5386962350497696, 0.6092324253993078, -0.4412215595938141, 0.8087374670696958, -0.432965971042388, -0.8609330851302726, 0.24015956146505768, -0.12358198634159555, -0.2770900670435345, -0.5963807188754282, 0.29870356325680725, -1.0460243079818468, 0.6237804300409553, -0.02953394160170598, -0.13188187268982665, -0.2626736942114165, -0.18939661125733534, -0.2909154924568662, 0.38670626600151486, 0.012459416816155679, 0.35740925757847836, -0.549215885959194, -0.026221850366362466, 0.17807001570264996, -0.1845369230807589, -0.6291375000385169, 0.14956982401290522, 0.6993185235377164, -0.9661125739771438, 0.769862640560633, 0.8998375914009659, -0.41972207746340057, -0.3464421094252514, -0.3222348550770235, -0.042281695727191176, -0.6538754134651793, -0.5452714582783593, -0.6680190382646394, 0.9434296736592029, -0.44674994971490717, -0.5590685065342257, -0.6783229246950475, 0.6762169304473535, 0.2130070199368641, 0.2911432078197913, -0.274266184879494, 0.004853235878729392, 0.07351660471369602, -0.09686973065751822, -0.2878975345602459, -0.7656242077150833, -0.6909365551494837, -0.27912850555231994, 0.563585175805776, -0.035154506220755166, 0.310440745695607, 0.14792392557516335, 0.8936984647199093, 0.830512812843207, 0.5842069348549719, 0.6909798671251992, 0.25654869198972785, -0.713806102209079, 0.6144638277459209, -0.4798265344156205, -0.2817294748632808, 0.5182127198191537, -0.22996112734982382, 0.8443447615877058, 0.4524537479752489, -0.37111071274155305, -0.9387361476954488, 0.6587226192261739, -0.22062639542274073, 0.04335376807257867, -0.4552649564828601, -0.11512205779141348, 0.34698429979415735, -0.022158774234584677, -0.14549639929428945, -0.06873310402615129, 0.3375143415905716, 0.9926009929106065, 0.9313060562421768, 0.34123757863258625, -0.4479969585678264, 0.10110121267562742, 0.38308844243939705, 0.9427289297270468, 0.2790095589493591, 0.6667514210492697, 0.6901736901885007, -0.8063825264209034, -0.20319491337995507, -0.20066979541494176, 0.06687785458035472, -0.7637884095353572, -0.2153303964126419, -0.21644304430795244]
953.5788568501516	(8, 12, 2)	[-0.43488531112167844, 0.3613373323487221, 0.924858811303621, 0.530692969319978, -0.264241039405992, 0.15338022665122505, -0.2841683269190069, 0.08591012033678484, -0.321541072587328, 0.12328639146153958, -0.974055659775151, -0.2575152671526908, -0.854647543206417, 0.7361051406192686, 0.7442326004916487, -0.06069170414414273, 0.16665940997109077, -0.2573291505148667, 0.6393456502873297, 0.044112005912398645, 0.5672521182466724, 0.5078078823457549, 0.6034450318290704, -0.39853001472230176, 0.8234629979628296, -0.42638335670838157, -0.861756013548627, 0.2413625161320071, -0.13996218344123815, -0.2660197196117757, -0.6633769028179556, 0.3001572795557315, -1.0613353128202585, 0.6303377134151673, -0.01600390571353708, -0.1343465939761307, -0.27102021801915943, -0.10342834617787346, -0.26305649422742716, 0.401567282060324, 0.0028243757670148614, 0.3409544326613959, -0.5429864938127446, -0.020936673744968565, 0.8251705640027519, -0.12904719384006788, -0.6277512369556403, 0.15838658230725305, 0.6474316092868954, -1.04957070382285, 0.7716647703062831, 0.9104164490405949, -0.43934363945721916, -0.18420818586185234, -0.31944596680147275, -0.04724878207461326, -0.5775304936537378, -0.5561299791014073, -0.6950321120873368, 0.9413329195565995, -0.4353606116420666, -0.5577212440727234, -0.8521193774731293, 0.6831844718781368, 0.20493323915766418, 0.22177252773451211, -0.27904306373024995, 0.03766906968861933, 0.08014178929804823, -0.09268556423406893, -0.30222323273306756, -0.7768325067228143, -0.6318162815031202, -0.2807311730744983, 0.5545210852937772, -0.09727770630555355, 0.3040224037520804, 0.1514875276260817, 0.8128618382248827, 0.8128640221279757, 0.5605839412150455, 0.6868596126722346, 0.23126063210308573, -0.797525691144055, 0.669368241057662, -0.5255808144194393, -0.31630337829021526, 0.44824846331954815, -0.20536847605958897, 0.823371054077995, 0.43204547493669776, -0.3554008756533989, -0.9302949440932013, 0.6398454571677149, -0.2641723379723571, 0.08434387444740957, -0.4576959311713041, -0.116373727700448, 0.3471386383987558, -0.03903306582190026, -0.17893776678572731, -0.07785777317716634, 0.42936162291558383, 0.9938579964995542, 0.9291840200242799, 0.3432617526850604, -0.23442855905056958, 0.10345799234022084, 0.32678871042694274, 0.9384207506828132, 0.17958543792592283, 0.7399080384810011, 0.6683311303273521, -0.8034514389177184, -0.031702691771644365, -0.20130792612196513, 0.07358655127255592, -0.7459467551005176, -0.2178104450455646, -0.21423368102016174]
213.49230603299947	(8, 12, 2)	[-0.43426087637334104, 0.2865691957998223, 0.9344344630342704, 0.5229894728161686, -0.26471196977515854, 0.1558158694256951, -0.2843787127320317, 0.08984596298660599, -0.32140899543009677, 0.12232646998453575, -0.9736513576753756, -0.2556398583662042, -0.8398589601444558, 0.736542893428402, 0.7506444356460631, -0.06056500258170576, 0.16746762750122066, -0.14990610687912642, 0.6816979005049862, 0.04486006415747994, 0.5737352619112112, 0.5047920353270461, 0.607809723077234, -0.42614561225853365, 0.8168033140566017, -0.42628202623496964, -0.8615064953113338, 0.24113570677285887, -0.14005305484992023, -0.26865266102322394, -0.6675318745047151, 0.2998500917937637, -1.0580267431016364, 0.6283812638598845, -0.0267799448085614, -0.13381808960973596, -0.2726252547580112, -0.13431141817370448, -0.2779230743989939, 0.3862366027561377, 0.0079219013095452, 0.3231343966708576, -0.5415686579140611, -0.01913039499780722, 0.5252374566336021, -0.15367853557562122, -0.627599778640109, 0.15743007838781495, 0.6417015525488341, -1.034199653425041, 0.7723240274068153, 0.9008791912667927, -0.4340164565664793, -0.1927982812755572, -0.32153063505747076, -0.05227195561033521, -0.6581295827869305, -0.5498818054518718, -0.6790379566771468, 0.9416873751928391, -0.43527050833962433, -0.5581796250439064, -0.8993000000140595, 0.6928294856735983, 0.20139621861180887, 0.2595424997864941, -0.27981739534268946, 0.02523505957357706, 0.10845261200917249, -0.09580216297694227, -0.30566083823592444, -0.7656078867433832, -0.6601003716323137, -0.2791694688293993, 0.5558165135884128, -0.09926419282386184, 0.3045177702056992, 0.15154304466994994, 0.8046364958226426, 0.8190988592154099, 0.5762239188505621, 0.6936324321842523, 0.2797236734301987, -0.7251969382894207, 0.630104344603583, -0.5091569031593542, -0.3101931731429521, 0.4640269654857787, -0.19947196358053165, 0.8332702287760477, 0.43326736624926915, -0.010944107311301077, -0.9298408050287824, 0.6363139420868154, -0.22076059980771123, 0.05003337890459761, -0.4541039637429148, -0.11631324572897828, 0.346977089715618, -0.03967033894798513, -0.1691241005884866, -0.07265311140398117, 0.3924937575052824, 0.9944975034733012, 0.9286580659257778, 0.34344876734110846, -0.4728211393760227, 0.1076524971033934, 0.3284844687290213, 0.9398507342888115, 0.21103959191241137, 0.7375161380549403, 0.6782653090318465, -0.7935440885747632, -0.07730235663658594, -0.2010007883165269, 0.06850466873267068, -0.7707955084436974, -0.2157501924951932, -0.21354396682702556]
445.1046400869616	(8, 12, 2)	[-0.4392841915276732, 0.2169093898406869, 0.8631237660231427, 0.5154941352896912, -0.313706870236709, 0.16282214946202517, -0.2796281179647493, 0.08085527457294113, -0.3199705601586583, 0.12264502851590153, -1.0211964188200549, -0.23604624405576585, -0.8528118486764503, 0.7384536170268898, 0.7475080797643902, -0.06383542461106034, 0.17890007442536257, -0.25322550704777536, 0.7898879944016262, 0.044010014147455354, 0.5773894477309991, 0.521348324030784, 0.6044619268166056, -0.43884072967194904, 0.8117650628005458, -0.42948855501685135, -0.8608234300982852, 0.24175773329424063, -0.1399592883684568, -0.2729700448767802, -0.584051950827336, 0.2969380513804584, -1.0542526241586052, 0.6436666781067769, -0.012537223532631456, -0.30515617167036807, -0.26962499367970455, -0.1925878023360642, -0.30020300848002657, 0.39424092198279403, 0.01377382822858428, 0.32193059489904446, -0.549781677066271, -0.03143004566455183, 0.03801604755824478, -0.1861569972280807, -0.6426085498867345, 0.17224474700408898, 0.7037113252844713, -1.0299940561248189, 0.7715658794886169, 0.8991824532679562, -0.4538826316546274, -0.3129142823284266, -0.32480857597236273, -0.039714793897287076, -0.7003364311152701, -0.5466815449578046, -0.6706505717545377, 0.9476736483448367, -0.44014702347175894, -0.5611836673601832, -0.5726748146884958, 0.6769420745597314, 0.05168919575424419, 0.1098206768382259, -0.27224752179159545, -0.43793271141322976, 0.08612795743272136, 0.04181300823820435, -0.29197432142740093, -0.7677183598397382, -0.7333097475874563, -0.2794601744080317, 0.559327942875467, -0.16991864686863425, 0.2942357281450705, 0.14852079409908137, 0.884129499238399, 0.8887296345672097, 0.6148205154348712, 0.6894618811226942, 0.3079740492098831, -0.7658913892981501, 0.6221883028135176, -0.531565648240671, -0.23762966609559158, 0.5863355160194962, -0.2360471599101152, 0.8250919062496056, 0.4375407916940388, -0.3614155358429862, -0.9424341766858387, 0.7217316405616646, -0.23167519648196955, 0.03768282422927719, -0.4593740606053329, -0.10464424752810199, 0.4314156727971894, -0.02283472268058486, -0.1918157998682624, -0.04403865736884204, 0.3559053129980065, 0.9915385004963335, 0.9004276737839352, 0.34164627380199575, -0.44417044010597584, 0.0971999664803205, 0.38984657776363896, 0.9431188190837849, 0.3756820293629545, 0.6995679090958841, 0.6983276937957815, -0.8076970549900074, -0.0755849966010004, -0.20096644059106028, 0.17536166141973197, -0.7495992221723684, -0.216007682016269, -0.21524426633937987]
407.3178710173304	(8, 12, 2)	[-0.43224649295528184, 0.33770145167880183, 1.156438735767538, 0.5398771145916339, -0.27726974706134205, 0.15061661983833907, -0.271391880878863, 0.08982358271114779, -0.3143806589612908, 0.12303870121112132, -0.8365320420622725, -0.24845561985806175, -0.8377327227708348, 0.7387947814371003, 0.746625604800215, -0.060573639930259666, 0.17701744764720517, -0.22460693111216126, 0.7577850761854351, 0.043153551905183704, 0.5750468154603346, 0.4947360902775843, 0.6082780464403088, -0.4287988050025453, 0.8097097114655769, -0.4316734675197475, -0.8608146998936564, 0.24034988961538065, -0.12275068496403041, -0.27132394890933187, -0.467605591918662, 0.29730169897491243, -1.0494062139728186, 0.6497734744928007, -0.02709614227110159, -0.13205163636076322, -0.2710302709998663, -0.1608227744809502, -0.28563985914247564, 0.38349288846177576, 0.012213565871810063, 0.32827500586272623, -0.5400206629907386, -0.01882163673100898, 0.12843039323720878, -0.1586348810284645, -0.6264340870223799, 0.15314895939404025, 0.7045303938607632, -0.9955676920897356, 0.7728881621441079, 0.9041459384503978, -0.43380814823813735, -0.22808749515879823, -0.32063756052911324, -0.04448489943050472, -0.5941168500521501, -0.549314757062178, -0.6694213301632981, 0.9431772754489742, -0.43694130974582973, -0.5602546146219988, -0.6592561476430849, 0.6838227333669, 0.15289198181747307, 0.195450031443684, -0.30272693228891656, 0.05964823566646511, 0.08156517983762299, -0.09387758990618456, -0.2911876970277334, -0.7845153381129755, -0.7048066745422967, -0.2791957433390563, 0.5543397429817002, -0.15283527463240731, 0.30566740678184096, 0.14916197464488998, 0.9116400828749918, 0.8265222472059485, 0.5810991450560162, 0.7154294378821127, 0.26780363572445764, -0.7329156620886331, 0.6327435816544059, -0.47081176385669227, -0.34999320563588865, 0.4432344313386619, -0.22846577625851194, 0.8406909520135563, 0.43355351835620287, -0.36759674057575004, -0.9388896036808562, 0.6484846095793112, -0.22657477531465853, 0.038873684542918056, -0.4576192544702678, -0.1145171033786017, 0.3441159525978907, -0.03524162154599832, -0.14351734389276924, -0.07274255357235548, 0.39621234698212177, 0.988285947437279, 0.9287876759002923, 0.2878662506563857, -0.4581590348797623, 0.10054435389713547, 0.3699326471648639, 0.9403056019164606, 0.1813589024782339, 0.6865166129855933, 0.7835139868296216, -0.8020881498984537, -0.13539612487799652, -0.2005855444605335, 0.2211036120600012, -0.7842072511357084, -0.21559271497868127, -0.24493104644668098]
760.996336414019	(8, 12, 2)	[-0.4338836803348238, 0.37177117489459155, 0.9229092425074242, 0.5274519916618332, -0.2939248148893232, 0.13834009291964183, -0.28518182763129374, 0.07098263842005254, -0.3219977462536443, 0.09175680234410843, -0.833103338295205, -0.44864256787360574, -0.8412187433486077, 0.7369209974918624, 0.7447648678912975, -0.03817169224427778, 0.089544574067304, -0.2417643557067462, 0.7949764310939069, 0.0447935912365355, 0.5671209113725081, 0.5300825542235218, 0.585981112476495, -0.4153150344780702, 0.8261518635443377, -0.4127107278890742, -0.8608219969712729, 0.23915883901324092, -0.3572195349451843, -0.2723138785761318, -0.5596352940173956, 0.29781241247175133, -1.0310319069269211, 0.629750743224056, 0.017264840518095546, -0.13337894120855645, -0.2701524140049866, -0.18189158190913668, -0.26283153549471394, 0.3911239898342987, 0.0064868325024641914, 0.34539524684293865, -0.5415743835754365, -0.016742175076340488, 0.14695049120610065, -0.18029827888925923, -0.6264714779002754, 0.1608379943312558, 0.6846873500826907, -1.0063718055481188, 0.7719978984454731, 0.9055274200213316, -0.47482097233426, -0.22122425132442058, -0.3204059321692349, -0.04992068156564162, -0.5541369276472068, -0.4531341830102334, -0.7168930783704195, 0.9380512730219662, -0.49737700019093395, -0.556720797020805, -0.7868432040259037, 0.6856719116949089, 0.18886556192224666, 0.2266911467132797, -0.3064182616655884, 0.03233758248274496, 0.19933558152553277, -0.09336595726137593, -0.29827222938102593, -0.7682540594635047, -0.620099040878043, -0.2800059937514911, 0.557587751674941, -0.09057852073374159, 0.2937950165814229, 0.15117098870289924, 1.0813833611868167, 0.8299258015503885, 0.5707630594750772, 0.7166862984284266, 0.2746632343252298, -0.796253456071738, 0.6663954402527211, -0.49897954378314563, -0.3899157662181944, 0.6026401967899089, -0.23657117387390056, 0.8316143476791305, 0.43270220616373883, -0.3548753717604621, -0.9336355581339947, 0.6578310179169754, -0.2943148230747632, 0.04316926854732808, -0.45991630226818797, -0.11290058365225078, 0.342095741293707, -0.03149869793961953, -0.1566424522328757, -0.07901472384157278, 0.4302798154569869, 0.9882068060074294, 0.9297769799485085, 0.33725365131268387, -0.27998381360630614, 0.05823910999949715, 0.3626065578340852, 0.9376446134648457, 0.17999021584129002, 0.7202023502105319, 0.8048031230366014, -0.7487910033256271, -0.037459138289198, -0.2003650865870211, 0.0716964520094907, -0.7465832387612543, -0.21517670836973266, -0.255303932684481]
770.0077801237079	(8, 12, 2)	[-0.43679804918430115, 0.09171251475679094, 1.086949866883202, 0.5390814623828509, -0.27803875908601544, 0.1968323455576653, -0.27185729712657714, 0.24707650458276248, -0.31704090589969847, 0.12311207397092529, -0.833480580544465, -0.24632078899107399, -0.8389468283021652, 0.73882053933716, 0.7463742322478809, -0.06054665896092638, 0.1774749072200684, -0.22242962477587452, 0.7723450791305635, 0.04365629088362242, 0.5751897248402464, 0.48438620441206837, 0.6084528207474125, -0.4269862689397111, 0.8253441384839086, -0.4396278095913792, -0.8588360607601102, 0.24030413735695802, -0.12353940835221101, -0.268595259987074, -0.44931674967752355, 0.2983501898249948, -1.0545368515928253, 0.6583279867844472, 0.10810455546672976, -0.13872080714240181, -0.2694064181005254, -0.16961784775211514, -0.2852165074425456, 0.3853453059408711, 0.011685615218555587, 0.3435843012339321, -0.5377222167047825, 0.01912089084945779, 0.12755939776383737, -0.17464620134328868, -0.6261742524660692, 0.15392285715305987, 0.6915549077721519, -1.0054552715107306, 0.7729517585126295, 0.9048901443618346, -0.4323334594372229, -0.2360854624153863, -0.32034429596601266, -0.044287831784953574, -0.6575151133453664, -0.5582422788229262, -0.6683195543949217, 0.943307664857087, -0.43451987755544236, -0.5159673310772452, -0.6243277328902196, 0.6809409351440102, 0.27732572924513976, 0.18628933081881766, -0.28428835873325775, 0.018476867077239757, 0.07548077159513322, -0.09115119493485646, -0.29269271261056184, -0.7690149857879132, -0.6989352281299857, -0.2793430936917862, 0.5580442737023364, -0.15295721812357052, 0.30267457761485267, 0.1491430893622732, 0.9276067218543261, 0.8201147901529839, 0.607830286138424, 0.7332896903157842, 0.26232903461125046, -0.7898641871612616, 0.6455355072457533, -0.49117568898593356, -0.3260012511092914, 0.45294233398534484, -0.23575901968022717, 0.8395674263534625, 0.43630343227705665, -0.36954395146674907, -0.9380144213051093, 0.6430433862649133, -0.2263149318809868, 0.039069631085681004, -0.4562637887756269, -0.11044246490912765, 0.34100204669389567, -0.03038595004658769, -0.1714579164625402, -0.0738178377444659, 0.3930805213084079, 0.9829976224017652, 0.9116775172667767, 0.281563784140416, -0.4583489805856245, 0.089627174756115, 0.3651312529541974, 0.9425443121071312, 0.20133360654536497, 0.6807850749409403, 0.7460790935712502, -0.802521770379401, -0.15825364534805333, -0.200897829881097, 0.2157811888326146, -0.7609873703214793, -0.2155678708037392, -0.11249987909914275]
449.4708177182982	(8, 12, 2)	[-0.43374864698062143, 0.03389055754467945, 1.0384671233509166, 0.5222084029474772, -0.2866177784872891, 0.16691212527380633, -0.2839900212915467, 0.09111552970358505, -0.31096741740421185, 0.1231947916636797, -1.0020320539028755, -0.271986282669399, -0.8000369029333887, 0.7405188874429052, 0.7465810754398843, -0.06220564085920237, 0.16355561450279876, -0.1878374394909021, 0.8140278670194404, 0.04436768583729474, 0.576164506129398, 0.5394952471077469, 0.6045189851294215, -0.4161548575438925, 0.8439564306198486, -0.44198267370870586, -0.8612106264607996, 0.23824410495395815, -0.15008786368111207, -0.27938533726144976, -0.5784732593335716, 0.29433964269241253, -1.0519477029709254, 0.6392221005096371, 0.01442852515174261, -0.13219731921413486, -0.26782136230051384, -0.17904915065754912, -0.27904335280037984, 0.3914566004771426, 0.009335914833409533, 0.3563082143855024, -0.5231798747658423, -0.021096224004290287, 0.14635811691777506, -0.1936204162651082, -0.6178418729408542, 0.15354331134335444, 0.7018745271892004, -0.9714215312980629, 0.772547714649019, 0.9010195657175578, -0.48377140012795705, -0.26812669610882545, -0.322718161245878, -0.04761330012779273, -0.648175434964873, -0.5404648115543684, -0.669611045962915, 0.9415664720413763, -0.4446582055470768, -0.5573468968098033, -0.6272929384727837, 0.6744159067029355, 0.2089799769610681, 0.3243267948606119, -0.2725492606034509, 0.026721652751630073, 0.03750565686845595, -0.09287097257346599, -0.2951477799883598, -0.765911714677422, -0.6764819874688265, -0.38778558091515747, 0.5641066642530004, -0.12936558124528622, 0.29690877497746415, 0.1475678694679449, 0.8725874212151221, 0.8095865651096047, 0.5700081722210492, 0.6941374353889415, 0.34645631439415225, -0.7405973948356827, 0.642295804721007, -0.5209883523039958, -0.37113714886295834, 0.5988111260285162, -0.22835284942103767, 0.7784942438266116, 0.44711229530405916, -0.36103544902048934, -0.9371029403631824, 0.6589808958004867, -0.25317278650811054, 0.03598589574042893, -0.45516913077552107, -0.08730844526281606, 0.3375710144576553, -0.024284179796482393, -0.16645854001299804, -0.0736237182714881, 0.4325742344573422, 0.9903870136065481, 0.9187859605381276, 0.3133200097420331, -0.5025657175889892, 0.09844834409571696, 0.3447870791290339, 0.9427901159934445, 0.2538163447293737, 0.6393466027211251, 0.6919681288001116, -0.8053431705564321, -0.20997193978385395, -0.2009917684623355, 0.02377460487208176, -0.6955977404311867, -0.2146690085421237, -0.21722072856688282]
815.161604968675	(8, 12, 2)	[-0.4262298552372095, 0.08832123661346111, 1.0729849211960838, 0.5283183364119348, -0.2821678225933833, 0.1868877420824289, -0.2729358075815421, 0.24677260673304274, -0.3171991856040985, 0.1231035026829176, -1.0320601892509047, -0.25331059838756276, -0.8316590096409493, 0.7342840754857128, 0.7474497999791933, -0.06007501825864438, 0.17764037710964675, -0.21767039736763982, 0.7741564654166827, 0.04365624551950756, 0.5760897193346951, 0.48178129094343275, 0.6084855798826398, -0.4263878076783722, 0.825368589174058, -0.4105886893086014, -0.858821614865651, 0.24024989386370513, -0.11995839573384826, -0.2689166727468085, -0.46216614969261344, 0.29675922051724424, -1.0546247913134452, 0.6608575780957753, 0.05617138986340014, -0.13869874118298875, -0.2693966885821532, -0.16955431059006723, -0.2853190668740846, 0.38616272087523, 0.05984998268405092, 0.33185355289482693, -0.5341137470425127, 0.021511662777994163, 0.12916163009452394, -0.177302840678457, -0.6253187659319611, 0.15403443258326044, 0.6948091296928021, -1.0065880309372706, 0.7730447106555642, 0.9048946670555544, -0.47712425046370804, -0.26026175735999935, -0.3200778803461184, -0.04668576180114342, -0.657402332073685, -0.556835717366342, -0.6677928533863311, 0.9427830827880194, -0.43649782614241184, -0.5153617970636434, -0.6326000247688889, 0.6802625582089257, 0.28270593171613156, 0.2016792316867977, -0.2867471497784927, 0.03469559609970704, 0.07458982455260775, -0.08873331036531978, -0.2924859150335578, -0.7694119910933639, -0.7003133931049188, -0.27934306865537295, 0.5323742868254444, -0.32713701837502396, 0.2974073394394502, 0.14996771588523677, 0.8846799471060017, 0.8270074521729082, 0.6086548412636427, 0.7278650537996769, 0.4181867841771323, -0.7926986344101209, 0.6488406576922381, -0.47160306046319334, -0.3212462197574524, 0.4844209102764606, -0.2203312902942051, 0.8370054013066003, 0.4363011800881614, -0.36414084707952127, -0.9380164682075165, 0.6521456090925821, -0.23760386359293575, 0.03814871237338263, -0.4566159293823921, -0.11039093756908165, 0.34807971603466864, -0.030395384835416688, -0.1759171560950873, -0.061879978899788655, 0.38967700768348257, 0.9843544267234436, 0.8977769235258982, 0.28774381122424214, -0.467275341608517, 0.08791015782302891, 0.37399830976925313, 0.9329035370939684, 0.294430280502611, 0.6810836624179254, 0.7489452402880689, -0.8056608750654878, -0.14546985663709713, -0.2009942677056954, 0.19657665646710926, -0.7608237975796887, -0.21689783645893262, -0.144599787752588]
