-870.8467063753079	(9, 12, 2)	[0.7622011444911747, -0.7243555839844511, -0.17095123634585319, 0.6888455646137859, -0.429161266033784, -0.9476432603567033, 0.7350035972504014, -0.04538551201577001, -0.5321262715363648, -0.22394152092093167, -0.4155980084932591, 0.7629265055368997, -0.8129744021795047, 0.32119646832237136, 0.6146537229202469, 0.7233880164339932, -0.020961030092486066, 0.5906408736051991, -0.44251084373406857, -0.4312222782488786, -0.94083755869779, -0.6320505225232449, 0.9452800140784328, 0.9838354547312811, -0.9305649363359101, -0.6323036970269715, -0.8200505569754151, 0.8610943937366737, 0.035923995461506264, -0.12304163474658569, -0.6245806010654407, -0.773695478906377, -0.08907666962385741, 0.8317985671693615, -0.6723981993799089, 0.22667340313664264, -0.3558236584893588, 0.5506451603054776, -0.9374150619230139, -0.7536458174322327, -0.9852602335728635, -0.14289914526566916, -0.6049731170700159, 0.9227149508081935, -0.7894464197965525, -0.15072265927248907, 0.38788574820555444, 0.6972441780400589, 0.5664202654008981, 0.0751671330589978, -0.20395409271035003, 0.16935730943185456, 0.17738254832873812, -0.4078546336239657, 0.8229216433878519, -0.5110843721622134, 0.7521517105294422, -0.8154545736388328, -0.05000539853525199, 0.8621473394349983, 0.7776224088719799, 0.18199566505553877, 0.2223408695621918, 0.6460704667001151, 0.9795556702097297, -0.6322598002397846, -0.32464455021611505, 0.031093125327082305, 0.031946474586331375, -0.9796297333496213, 0.5049047858228692, 0.5833903348115548, 0.05493534099436048, 0.7090579844794314, 0.3077518622285691, 0.5159109729504765, -0.5001220409096014, 0.12481611676871074, -0.41304959873816127, 0.28048482105478856, -0.769024772474225, -0.2784141634708994, 0.891014570683279, 0.28158749390268123, -0.21570580436209208, 0.8360286677665265, -0.5128621693274276, -0.7500905834942657, -0.8850447624407918, 0.9692549699279831, -0.638686092071441, 0.4496396349835443, -0.33875403016103545, 0.4587365163819508, -0.7570669656522055, 0.8199471566137579, -0.10036724513959983, 0.26789143709716523, 0.8960942304539588, 0.607709290427237, -0.9313058966984007, 0.5328901212576904, -0.1299133555508567, 0.3891630718235166, -0.8989872301897397, 0.29360131183261284, 0.028671497463111706, 0.8811473385939355, 0.7942215881549879, 0.9078611660334786, -0.00968534601506077, -0.08934495593102398, 0.8100130172468099, 0.6485993925473301, -0.6449239062862457, 0.20444696133625095, -0.17497321545279454, -0.260801704108504, -0.9878826543851433, 0.6418350710843248, -0.8871762843081237, 0.5304761570912773, 0.19293351703066564, -0.2935100602522167, 0.1596907878523759, -0.39385351364070376, -0.6534707255272783, -0.9545623200841993, 0.20539620584450424, 0.3130347199558059, -0.0740570564037597, 0.5124069434179519]
-235.88992492497212	(9, 12, 2)	[-0.21981310567222068, 0.815111572572633, -0.11390359038946923, 0.7775513022188086, -0.7265184585165706, -0.04280317134071637, 0.44792411800972515, -0.23323401930868562, -0.05646574552943048, 0.5398970430142067, -0.9286878008080394, -0.5437165183711111, -0.7357532552963637, -0.36016699830298265, 0.034391180084715235, -0.08135554443826376, -0.39618099709644583, -0.43789787113889045, -0.05327486477577946, -0.7038884013488862, 0.3973384544113739, -0.1841259985260607, -0.21027282456482038, -0.25479938500558597, 0.018220061191119588, 0.282183331359287, 0.889470180175973, -0.078104516696126, -0.7245980045448109, -0.030249075471360215, 0.5557184348666607, -0.5111991991634546, 0.6728232125754531, -0.5045234822980506, -0.8597966216927205, 0.1516244486438023, 0.08361175947424576, 0.7700448673463588, 0.8619345920074778, -0.7679801695166955, 0.11445574474512246, -0.4227610329967124, -0.28767339588286595, -0.4405580586774212, 0.3335577072897574, 0.5215545275594593, -0.7316309782872115, 0.5812199944125576, -0.4689919654852668, 0.5906613509223821, 0.5863655777351964, 0.5524695865625548, 0.11051411911591288, 0.25126368456548, -0.8907287821510762, -0.03605007851246761, -0.22812333007989752, -0.5855748675295888, 0.526379589604898, -0.12349442055484854, -0.6681955091339296, -0.7185232681705461, 0.5353243501042062, -0.41287699436310693, -0.5922950258963002, -0.7116193832718305, 0.5862276927305491, -0.13165141186905677, -0.508261606172011, 0.6334900777009813, -0.36969807614236116, -0.2907395705147666, -0.2858521512984478, -0.010422295659526515, -0.41107635720900343, -0.10081540799238542, 0.04634027675015548, -0.41431506648561345, 0.4785316985808643, 0.41651157175334536, 0.8826308382884723, -0.23523127279408218, 0.3532085037727076, -0.16007553558732296, -0.3039115077403554, -0.24665913923063384, -0.5956442913243163, 0.2483431209450599, 0.5051822244484924, -0.389084663271446, -0.27030419983574416, -0.27721101266802795, 0.5482704775082599, -0.2633761086649895, 0.41118954481489445, 0.5628066699362078, 0.10472890328835618, -0.39591518871159553, -0.944126937051177, -0.6262742837287184, 0.30776463257155884, -0.2020590802761435, 0.11876926006789044, 0.628301610210851, 0.5023104389581707, 0.812825384293179, -0.2643683149068511, 0.4589706090486229, 0.1359365465232552, -0.4825683724078157, 0.39123735991483244, 0.32048766026097775, -0.9060122600384256, 0.6850393547777542, -0.006487733845246216, 0.6666016447083348, 0.28770479276536964, 0.4920393793123049, 0.39338078709356417, -0.7267683781642711, 0.1884372856207331, -0.014055982842877013, -0.7400254955628999, 0.22704597650899086, 0.5003173159477039, 0.004870982777620325, 0.397984884867929, 0.30609917908425927, 0.12571813878294794, 0.45299611255758987, 0.11558859416480552, -0.018405291313866062]
-661.7680587793111	(9, 12, 2)	[-0.18293030674796368, -0.6943976366969027, 0.7912868968993644, 0.2957042689070354, 0.1907208677268762, -0.2617758687473728, 0.5745561047073958, -0.38079415455734533, 0.4758774729769928, -0.0831336530359876, -0.16431149158563282, -0.6637106121999213, 0.29601360333529175, 0.03502149843093104, -0.7078023829116994, -0.05912553843317364, 0.5825733359065242, -0.14282525514910543, 0.561504089489514, -0.4638185303703957, -0.03882028765610554, -0.6554363620386612, 0.7808506314754673, -0.11913340958350707, 0.2850236910298836, -0.08408680809037267, -0.1338962659246773, -0.049480240956215116, -0.37499488522466073, 0.4282805280292837, 0.20930848958900106, -0.4292637831350676, -0.3266282043169446, -0.01288666266073011, 0.13178870735436085, 0.21221672652515922, 0.3505495349734925, 0.28571950289992176, 0.4866237869568931, -0.03920766032453827, -0.13749844142747858, -0.16278145496951338, 0.5236161515263325, -0.3782220013468133, 0.22795297416580015, -0.45939113625527783, -0.23515675735381672, -0.1962217614838428, -0.11745705859467133, 0.5392755841369822, 0.18875980894807373, -0.3309058970742274, -0.13105224271992946, -0.07540300589180808, 0.10077494970732881, 0.6088503623370538, 0.15194076845704388, -0.023081180288433333, -0.4307578668630022, 0.41128527161890893, -0.4631310756205371, -0.03863541310696155, 0.4362468302407013, 0.14037718971331034, -0.2972027761096192, -0.201107622978807, -0.0790368509394672, -0.08948568449437533, -0.4421310840476934, 0.756152988763776, 0.7215339016813314, 0.5933674417440901, 0.14637733795961574, 0.5779812670062127, 0.10047187258550369, -0.13169038779547754, -0.6033720260703829, -0.13164435635863744, 0.3073044599684325, -0.2556383699246457, 0.6522426047025341, -0.3693496055778953, 0.3332950374317567, 0.016248509262542142, 0.08047542639520089, -0.14138038950534912, 0.15819783197071416, 0.3779309295625415, -0.23806883426985392, 0.7481588542735773, -0.4294743545395692, 0.17242642852553566, 0.2636435550154096, -0.49263214864601756, 0.12784643169427115, 0.11333265042125998, -0.4354228022463522, -0.36959250842142366, -0.439432004639292, -0.05685491919509317, 0.4209482057159602, -0.05286187254600648, -0.06626289886294287, 0.061576224241937705, 0.24654973869354846, 0.7598185317299149, 0.37940015889865963, 0.605501376399525, -0.03794026920444033, 0.038631062256592755, -0.2562553709679036, 0.2621685357745007, 0.7211515153007377, -0.04972848752273101, -0.7944776558166264, -0.12176919127591945, -0.31295794564619234, -0.54342376857757, 0.22584810521307375, -0.5408726305522576, -0.4376098914175364, -0.3346972583767584, 0.6114410838455151, 0.7526225294595927, 0.43594965720151346, -0.013664776262140285, -0.12025415229110939, 0.05344734797986016, -0.3588874580617317, 0.16786105327905207, -0.5300466027360502, -0.021823373459538192]
-507.46435589038947	(9, 12, 2)	[0.19105904741948754, -0.1079796630491845, -0.117661503979804, 0.006804463563727159, -0.40394229635537704, -0.3278953708052219, 0.2862348796925194, 0.35456275388071185, 0.3255994136547493, 0.06788156454074179, -0.16892026200788657, 0.6421794563881064, -0.6992808120423195, 0.0534190083009592, 0.35170392065303724, 0.273694390660702, -0.06184524217588988, 0.543554108106101, 0.13438190648668036, -0.06269447372203416, -0.9633909730150426, -0.22658222331661695, 0.4366510066459376, 0.6982809919710157, 0.3890531501733224, 0.16161540513265976, -0.02563584437739913, -0.1793944988544784, -0.00821516759900362, -0.5246814443342251, -0.6218487440639571, -0.6352008529668103, 0.5035605371572554, -0.3367080861141718, -0.563554886195375, 0.10680873820533149, -0.0658279282316225, 0.11560695430930103, 0.026091180422797924, -0.3837785356530727, -0.11385221936229925, -0.21124480755824396, 0.011217059364148525, 0.5014558560445146, -0.3275661036769045, 0.29719778743130787, 0.47614523090134775, 0.514873371157431, 0.26837001622520845, 0.5162471436394466, -0.4923991666194369, -0.12009663540459878, -0.05347616091901597, -0.3665830179797688, 0.026614368680548867, -0.34113353002886004, -0.2981874280975983, 0.16138342986760995, 0.6273699723908905, 0.4932753776144675, 0.5756040382278279, 0.5958336878298566, 0.5136816264305948, 0.08242231273368117, 0.07011735277492398, 0.4576905313733642, -0.2258838751922678, 0.014181528913509971, 0.04555615459205395, -0.029723467364278278, 0.015901019455679476, 0.49007492104377487, -0.28192337049693267, -0.4479658856704906, 0.12353179925103469, -0.061518085482682595, -0.14798630854095793, 0.008350037226864601, 0.06734579537329102, 0.5412841309085874, 0.27523599654448005, -0.5170626965870087, 0.1755295743049199, 0.42922138063681287, -0.04189043050635409, 0.5260487011565904, 0.29931315369790695, 0.08193450035976468, 0.007491331908114407, 0.6697465803712493, -0.2032288991672978, 0.5890849753456262, -0.38005999466892193, 0.17311919954974947, -0.14999007105732862, 0.588234613838069, -0.22880978517203115, -0.0333942567296191, -0.5107292694881398, -0.012309605628758075, -0.11245770244975312, -0.0816069937686243, -0.045170293912001946, 0.3255046972319061, -0.16647215834409718, -0.24493402297556913, 0.6720168335735206, 0.006029185603222985, 0.6064967043161865, -0.3224303689131616, -0.1667856556871802, -0.5455780220079826, 0.664512975453604, 0.028065388371801697, -0.10017764925417423, 0.19048512966753903, 0.22692234879196074, -0.6032184701085247, -0.1721659184464715, -0.04216861362762253, -0.32850805596163596, 0.39228294466536273, 0.44431050225520696, 0.3407483157767872, 0.029202743813127166, 0.201773718457962, -0.10987778610144408, -0.4812973779830188, 0.2115585546753485, 0.41504235220778274, 0.11297222892086944, -0.15242872867347912]
-498.7264288208051	(9, 12, 2)	[-0.2565073674759254, 0.1610353189939564, 0.34074377084243934, -0.35871964010887686, -0.7750356510169882, -0.3495405454291698, -0.7386111520989953, 0.45734552667694434, 0.48056391480127736, -0.64053947744495, 0.30997508567652143, 0.7679047588227476, 0.1088098555489659, -0.4171951771599848, 0.1211676608825157, -0.6504426115452903, -0.5319221796096871, 0.01376169602376176, -0.9592860587380423, -0.37401160904764874, 0.33769746294063047, 0.46574991835321017, 0.8549438522765818, 0.7997186753731703, -0.6822120523519077, 0.6969242371949974, -0.07981632168903156, -0.6721346994757571, -0.14953413868197193, 0.5837071007932592, -0.42130566240814127, 0.37222400189965454, 0.6140185683429076, 0.6651904850797965, 0.05388330407470032, 0.1668347718624973, 0.33430327676807114, -0.8110968825459972, 0.23796483920734235, -0.4710735284195039, -0.8458695249188477, 0.48603267178878873, 0.5957105464707039, 0.7008182027130962, -0.08243809017569508, 0.422083889390606, 0.6781725534451977, -0.2424507270963262, -0.31511000113335036, -0.5550469648257533, 0.34301571043608736, -0.4358873020797788, 0.04980684063615537, -0.4028403603846998, -0.6006928212472504, -0.49013015270316385, 0.4481235431780606, 0.6242047179285075, 0.038103121121547553, -0.25755253493233377, -0.31062603143940487, 0.4549953052467288, -0.1460869944729869, -0.7117259457609938, -0.19199347192017263, -0.6649416788192198, 0.2782951201137742, 0.8532087439510767, -0.36127583609687397, 0.024649959004624383, -0.8960352280844313, -0.39496481095083746, 0.08369229837671432, 0.2900122970711244, -0.09552613888978775, -0.5035911467778417, 0.8459751232973993, -0.3532627254539648, 0.43163471851800084, 0.1450464455233326, 0.2017728623213249, 0.6314465198741837, 0.17659636136727005, 0.442835006026524, 0.9494879787512451, -0.601894650962491, 0.3369008350891002, -0.36893506954576816, -0.8997972912787774, 0.2923527057223166, 0.9668838669705946, 0.4806875102272412, -0.9075620267542313, -0.45778302834322376, -0.8617544458532925, -0.10892905290423105, 0.4221672664931666, -0.17471596734525352, 0.08918017670224426, 0.8827017783682094, 0.5998588072989622, -0.07689496889175625, 0.22115780209523936, -0.9293841575048807, 0.6938578901882748, -0.643249781916365, 0.4272777222118799, 0.42475677454616045, -0.4459643773285498, 0.5277257128002932, -0.020657926923173683, -0.6040657048153201, -0.4210236762110514, -0.7372098358213947, 0.06783351435610628, -0.84678098054357, 0.4028030173258247, -0.3539208434067861, -0.677579622111646, -0.5343037613145533, -0.04857494481875705, 0.08246669365482129, -0.47218327259744974, -0.18956663609924454, -0.00028372798903558705, -0.5598536867432986, -0.6091200310251497, -0.009676231739711591, -0.33872542960696805, -0.0321626512758747, 0.2996409708867365, -0.4572899053451524]
-289.46028187769525	(9, 12, 2)	[-0.3799352225661986, -0.030352717783009603, 0.030345747944350354, 0.3196966580639856, -0.4655600944752272, 0.05492229544539526, 0.26153482241317655, 0.5722489390046821, 0.20666009952824707, 0.12610783664622152, 0.30972703013094094, -0.22888763939952064, -0.1968105795065946, 0.2446317036253577, -0.28020940562120505, 0.31438331492845384, -0.5117995574887013, 0.12224634659285963, 0.2109379166709745, 0.18090277668213614, -0.18117768774164483, -0.07958080412192728, 0.3390662266549034, 0.5644714891697826, 0.20744178918995287, 0.2556917490006696, 0.34882339225495684, -0.36978758236229303, -0.13461448250552074, -0.287115889067746, -0.018702183940316627, 0.22529748204446567, 0.01316317060833188, 0.4363226039219516, -0.0765131549583917, 0.05590738593752828, 0.4180036755574329, 0.11929042763915068, 0.33362933732464, 0.6545449033107278, -0.11374545912144302, 0.209918389734947, 0.08051836222589928, -0.016814751633244304, 0.014827527124116308, -0.009307915077146938, 0.022724760936873308, 0.4771368637091097, 0.010434669439762252, 0.07625887559263059, -0.16988980335604617, 0.4701914202687918, -0.06312792595216482, -0.32656265605894474, -0.18502861384837918, 0.1918996855028508, -0.22184440052108795, 0.037223159907501635, -0.3826744142557052, 0.5813925669056909, -0.08053010644107614, 0.09828573305521768, 0.10365893512932624, -0.1995438869556154, -0.41116938316008683, -0.1941611316986869, 0.552793011591777, -0.43392358371403555, -0.27513541019543164, 0.01727237057318409, -0.4197117362463518, 0.20479612858615479, 0.36117069101996807, -0.06980976355496345, -0.05160981948042841, -0.055402107865735746, -0.27581915952210795, 0.05201887631331989, 0.029698978077391816, 0.140716380766144, 0.22749490694213356, 0.5843789467839632, -0.1293060945593345, -0.0011529819403192148, 0.11783435046657159, -0.048403500916786274, -0.0872133976493196, 0.4882620475478331, -0.32483045515875314, 0.018855026680686615, -0.31844808084019816, 0.44464596386070615, 0.1068320526886049, -0.12353815080096812, 0.008814442612033405, -0.07949276138204871, -0.13814737013997416, -0.27086566788467686, -0.11435605910043252, 0.14637843508654994, 0.27890640016747775, 0.30402009150361514, -0.3311902243809184, 0.13827504619448264, 0.021406593893501868, -0.15575352358192412, 0.09024555102876738, 0.3559862335992249, 0.12806231692572234, -0.15327238520851183, 0.06743837176701035, -0.21247953826157082, -0.0705848974294747, 0.026441154828715577, -0.31388135040727594, 0.01789592291827452, -0.15077071753043098, -0.4981267483875152, -0.45554305884926627, -0.2550588173720163, 0.5512269855147472, 0.22676348101322485, -0.12112663508940166, 0.15270472662155243, -0.021464077179413683, 0.11785731297921767, -0.14308632828078266, -0.1760859649537671, -0.2668727244062433, 0.09270258666679132, -0.17712216775303224, -0.053484977316885174]
-533.491827350692	(9, 12, 2)	[-0.06789397301891067, -0.04779287241235346, -0.22140714077820473, 0.10675296632992366, -0.09164437759816527, 0.1086388023523917, 0.17385177056791018, 0.19207014101302194, -0.1222649074632322, -0.22991775082802832, -0.33043607437608447, -0.4572125106064776, -0.10442650316417955, 0.00875792874327809, -0.17184284580668263, 0.0551047727436044, -0.0858569550787871, -0.13921344899360522, 0.5534683270955303, -0.20467249159323378, 0.10511175032332898, -0.15021669115171152, -0.0021117273819330866, 0.327725472554394, 0.13025515955834088, 0.21262974483059746, -0.08771745451004193, -0.08092330302626721, 0.21687963451064707, -0.024559238641280068, 0.22493190005379102, -0.27107476316805584, 0.14014309624849056, -0.06864557525105773, -0.3342042259962563, -0.11446667038995093, 0.1532692615594383, 0.39713634800300385, 0.14147514722771296, 0.5726776645409853, -0.2009869079741164, 0.15100767308188198, 0.24068422126436018, -0.10682844673844163, -0.05490794351952541, -0.10047521461875626, 0.10254801447660271, 0.1489798716948825, 0.1221314860143583, 0.12682822752522038, -0.5115917652107024, 0.033092432349516976, 0.05139171852952169, -0.28187332544594235, -0.06894756178616682, -0.024515482706571542, -0.22636895052737221, -0.32116209672389107, -0.23723979246486374, 0.10845672162782528, 0.6449854331015499, 0.4212827090961964, 0.4143604603909248, 0.08338108464607313, -0.20802151903420152, 0.005125087497860786, 0.222776840825822, -0.016178547665821975, -0.25995316127986473, 0.17323961689877926, -0.05673189735635775, 0.10515741311416865, 0.46288655457263717, 0.11878054178256237, 0.2791814033816994, -0.3077481882265656, -0.3743303391628959, 0.08905081278239733, 0.32201571450236355, 0.3068770739282915, 0.1477594263580288, -0.26934756514663527, -0.34412237735320617, 0.10676660693077408, 0.3660445862278693, -0.13241894194721834, 0.019022747532024487, 0.5675236938366518, -0.2615435620152896, 0.47449835164915066, -0.16475549382056484, 0.44415999027267494, 0.04690103551503598, 0.27162183816832974, 0.22391695514437104, 0.18616404538429127, -0.08987562463220936, 0.3110591945546574, -0.058636903144493435, -0.1648129313852781, 0.11766643546406026, 0.1479987028283333, -0.11450783548709745, 0.20760562057063806, -0.04225020304254836, 0.26341087995213813, -0.15263540312686089, 0.260655316753007, 0.23804584658741768, 0.1204859452405846, -0.01143189954813846, 0.06675204948835656, 0.17184943409523462, 0.07376187904329543, -0.3004971658645771, 0.37014390725962326, 0.13209587455238295, -0.06729632437311368, -0.017731505440737583, -0.3773787855878082, -0.23356004895433433, 0.2565428819869604, -0.2800111235164717, 0.28493721918892556, 0.3193194178086152, -0.03571165717210434, -0.17632310472313328, -0.3535013962849832, 0.10532764262476953, 0.16233609326738427, 0.010196127330509591, -0.02312433882292929]
-395.10278721254497	(9, 12, 2)	[-0.15241022022015702, -0.19767633235327792, 0.12376167149446451, -0.03945746164513396, -0.20582313787432915, -0.02204060055535912, 0.2425573145235489, 0.3024545919519158, 0.13797610682048594, -0.31668392581356997, -0.26426053053884935, -0.10698585233955844, -0.26268453032744776, -0.38877821024567955, 0.06974411470727668, 0.08047668158413925, 0.19775193305634003, -0.1683336262914159, 0.07429329327644081, -0.28005390956339254, -0.29540283274761286, -0.12298903463381666, 0.1886031233056368, 0.4268076077039047, -0.03378232048582783, 0.21066873857701207, -0.01303111372877444, -0.2131299428244934, 0.04693719074823602, 0.07298770933685259, 0.05285457078041475, -0.11805648351292386, -0.09056877234057772, 0.30502145309115314, -0.07516148831653906, 0.21416963099052344, 0.11760589302809635, 0.11418466892557401, -0.0078015564634705825, 0.2802538468404251, -0.04035125735978826, -0.17418913108212516, 0.2297069826487328, -0.06651424376024108, -0.17294382240763184, 0.12073999131976444, 0.07544686098487528, -0.06889144876236174, 0.06050991283255681, -0.0428480635630593, -0.015826360065379602, -0.04081049093927415, 0.008450293425928564, -0.0472806007474965, -0.2558483492551845, 0.3695503686720497, 0.12006641728363698, 0.11603995136925353, -0.3446564443300643, -0.00026665771608143374, 0.46636091815921316, 0.12098170669186104, 0.007608317113707165, 0.10069019933285338, -0.281357179224596, -0.2034941585193828, 0.25470039865028116, -0.1934049224971005, -0.006106698676667464, 0.43326269536988254, 0.037373640046965695, 0.06416207357052096, -0.11940583933219638, -0.198300857058242, 0.024946257011018037, -0.16469640597390667, -0.05342063520509005, -0.019259330136228384, 0.22365857433544528, 0.16774123053411652, 0.3420628468192353, 0.20603214879445989, 0.011720674424972176, -0.04659173766263893, -0.13461347476085728, -0.2969451005035205, -0.2908648988668896, 0.21602167750744655, -0.19366503976134775, 0.2384127030097088, -0.6259683140862725, 0.5785932843727548, -0.06035547289575054, -0.260081689873831, 0.027245743041265473, 0.053403432000271735, -0.24024081195637056, -0.16444177229229776, -0.030778786187829366, 0.30358658608304656, 0.1003000187546988, 0.13162353756473721, -0.299147858021353, 0.3314185784395938, 0.3927629313870402, 0.10878919836245197, 0.29188737734696596, 0.13678951488370722, 0.1670137286878455, 0.27390593474467123, 0.3345626225096061, -0.024828714229720966, -0.029616372040774407, -0.18821608766881906, -0.3646613122589784, 0.07608960958383024, -0.12480753251604958, 0.032751396504450914, -0.19729191518054762, -0.24799283588102777, 0.07531435126516473, 0.15071899189338928, 0.019068970365938364, 0.07464418401252443, 0.07764950117891876, 0.004771950557508139, 0.009708751679719158, -0.23304137943374, 0.0742036634786867, 0.035336283754693776, -0.029457458035394346, 0.08775697401286414]
-47.055279958019526	(9, 12, 2)	[-0.19442153640600174, 0.03456293646947075, 0.20680749978716756, 0.2632026606333856, -0.2060289133219193, -0.10213159104917818, 0.30997565798307414, 0.4473532953551811, 0.24931468292580977, -0.14379980068037418, -0.15747055712243735, -0.3792014476196158, 0.02164454962252684, -0.23318486869876537, 0.05505056944793219, -0.11558210848342733, -0.3192435907742821, -0.2223545745129128, 0.33454491420930454, 0.080533886597075, -0.050635063685378685, -0.03902011650475283, 0.23070004940120165, 0.5419660703617399, -0.19277923958137033, 0.0018653376614568146, -0.03759348688533021, -0.1000826045281443, 0.5272964404179189, 0.11067626377018507, 0.13581950867185655, -0.2610375349113262, -0.03131470739808916, 0.23421778120877185, -0.138321100831043, 0.040873022079575605, 0.05901177399449581, -0.21027310971525592, 0.3275090953376521, 0.34029546527837423, -0.042667213020891964, -0.07224243930637421, 0.24444272111965357, -0.05037044055213522, 0.021304563515910854, -0.020313815699397754, 0.0409476575435868, 0.23961054049074562, -0.05133416846797389, -0.15483683417648, -0.30578036826322536, 0.1032079877037551, 0.12030116368582242, -0.18329479800599796, 0.1771416954306499, 0.2684676626196614, -0.1420127215914944, -0.29668578489732383, -0.2318011478930001, 0.545986801043858, -0.05099171352481331, 0.31989682690699617, 0.17246708342941258, -0.28216881479662004, -0.33739739607857017, -0.14186646822023646, 0.1577751880597635, -0.21325919462174125, -0.07008631373489929, 0.3271969014601162, 0.15323856995181176, 0.1561077080770107, -0.034640435128365045, -0.22930267482099453, 0.15830790862390032, -0.10983273024180944, -0.429766681407125, -0.0777882909845734, 0.17453130636177303, 0.21406513049612758, 0.26752322528442185, 0.3589261947393986, 0.15930111948303113, -0.00788220652947353, -0.1517155106131375, 0.08892435467841908, -0.014631627485809151, 0.24198573775091242, -0.2783932594721477, 0.22641532113607388, -0.482917179106196, 0.5945732960751059, 0.3529663711126963, -0.3263833186167795, -0.06477589233314841, 0.096690887979082, -0.1992697086711447, -0.21154655651559953, -0.08932754541441379, -0.009584865493875192, 0.3737650337213201, 0.19299307039795172, -0.2949101044020904, 0.041230479460489994, 0.4632147194456098, -0.05233884884364753, 0.2280053842669415, 0.3062179284541633, 0.16945407154150402, 0.19190253291626275, -0.12930896305959347, -0.03556289157815658, -0.041495656508961525, 0.013668803752482417, -0.10071670062459309, -0.10402000894338154, -0.07129052495781464, -0.1474882260631679, -0.24360583530623597, -0.2910898196210971, 0.08691218948684426, 0.13346230773210851, -0.049798107167451006, 0.3663935658125491, 0.2777754559096946, 0.00442731836226831, 0.0350367187848618, -0.03975781451143055, -0.26396033114870193, 0.2040961219582631, -0.28777953165650844, 0.07972762088737359]
-534.7896186932685	(9, 12, 2)	[-0.15021397170775083, -0.2747250408812895, -0.003025889008265937, 0.2440080794482386, -0.14135325175368796, -0.05488795914146883, 0.1982657659158747, 0.3093064449095332, 0.11841980901054602, -0.2612553545222574, -0.1756334526504581, -0.2585373154964447, -0.009323078782208245, -0.18238716109183295, 0.03713383939552698, 0.22727767860050277, -0.1630070687664737, -0.18630354447432912, 0.2733481646758872, 0.027759956000107125, -0.05431280684773924, -0.05297207512751462, 0.2114295471654246, 0.4171586663025586, 0.30274415577244657, 0.2099696975935371, -0.023961094294860544, -0.13757944108192977, 0.3150139814947199, 0.03099106694384047, 0.012577995440650733, -0.08959530733301406, 0.1699299167240318, 0.21488398821474194, -0.12866685327175859, 0.09726611312409947, 0.049561729468975316, -0.1384356314656723, 0.2829470174640402, 0.2871744339608905, -0.23854039608180647, -0.06552712365461894, 0.012046951549821962, -0.05495402276134621, -0.03872608996279765, -0.01988465600321202, 0.0011815858088169665, 0.1529580819451324, -0.009552318870444318, 0.09128016926953655, -0.10479808902333579, 0.11306675693606372, 0.028556474607110936, -0.23782570200597428, 0.0457616804724784, 0.20735667926841828, -0.1356056451430462, -0.2797021147520063, -0.22970159318171357, 0.3906302698880234, 0.06759511860527898, 0.204103617241048, 0.2465216742396225, -0.09341805137145814, -0.31487211578949553, -0.12514312340449676, 0.17106084865742702, -0.16232922252372942, -0.17215330172882296, 0.2982656840617336, 0.2026647380410294, 0.2230674011769117, 0.11413093512852313, -0.01319297276097274, -0.0016294998819366135, -0.16276588144796078, -0.24060166213172313, 0.05658164264008053, 0.038916884686117995, 0.15471687210870302, 0.2643210933616698, 0.34342201059726396, 0.15054385796566527, 0.17641239636221123, -0.06956880233202083, 0.10967974118464657, -0.02329508314189016, 0.034351726186939574, -0.1449666637147404, 0.21641574976677194, -0.48163173558551564, 0.37818699219297836, 0.32312046689043733, -0.07222160169228815, -0.08039250083904922, 0.20993745202318212, -0.12834291969869513, -0.08705143052326861, -0.05510881298371147, -0.015202102926250342, 0.2999041333042934, -0.01469949034387509, -0.22854753421377905, 0.03515104578345496, 0.06872250430045734, -0.01031123324228752, -0.0009293671904096051, 0.19574502739384678, 0.013321828798330743, 0.17289282796031824, -0.11289603254139916, 0.024741665653880023, -0.08408467188172619, 0.04547716205656964, -0.22033790496568748, 0.14322008241292666, -0.07178592051912622, 0.03226559523973013, -0.21319088905699274, -0.22552720703785334, -0.012153053728883038, 0.15718069365760234, -0.039206807961243935, 0.1983331672866177, 0.2457382034029007, 0.032640500233420515, 0.01144005815879174, -0.27966700446185194, -0.04690986700203129, 0.15262418205692876, -0.2322070149222202, 0.07421052030673034]
-221.03277316790627	(9, 12, 2)	[-0.13287029815746423, -0.1491137798183958, 0.0923281864356435, 0.17841093601881292, -0.22382346010520587, 0.1234881724969759, 0.030098690170448146, 0.20392688086171384, 0.07839884248859774, -0.1304958063920733, -0.2011991183666248, -0.003142905731838702, -0.066136653735377, -0.1923250452894493, -0.018927945336361548, -0.19151137756222394, -0.2936927422650421, -0.022819925352822533, 0.2745219662096514, -0.031080254132416177, -0.1328668064345958, 0.04040277511879781, 0.14580529198281822, 0.500467732001395, -0.3267088055108561, -0.0651097285158576, 0.04487757661493505, 0.02119352709014297, 0.2862421716070144, -0.002268271638013958, 0.021034230389041144, -0.2978008513802443, 0.07932224021469934, 0.20843878363478296, -0.01567031847480293, 0.24609310356779646, 0.09697385778093374, -0.04547560347756427, 0.09882267493900251, 0.050159569234353774, -0.18046503850387063, 0.053218711884167366, 0.17966155658371213, -0.06983682519314208, -0.06019006476305881, 0.18018009826930118, 0.05032747182108975, 0.08594865799225834, 0.1169365065048864, 0.10726884203383776, -0.2905916398628821, 0.011211717940821887, -0.15478208995379067, -0.11559177469141443, -0.17842119846445045, 0.2625359332801098, -0.15303507830318272, -0.15390362054944506, -0.21974400583017475, 0.2770701361225193, 0.09320942595293619, 0.3884969607954314, 0.19989726610552688, -0.09191025048286569, -0.17871980092157147, -0.09800163238802229, 0.029596758282651636, -0.09912784116548173, -0.25705434024768165, 0.3897617607494037, 0.3578549760719245, 0.15626007882090612, -0.07899775645363434, -0.05595876229047166, -0.003575577129988669, -0.2624512935827447, -0.24428322380118758, -0.040998880161259806, 0.1418055294844804, 0.26610495794244654, 0.3291323316236705, 0.1383062493836945, 0.07827768550379686, 0.10889611452100371, 0.04954089457597897, -0.14053848797398305, -0.13923972834448226, 0.07810193422464866, -0.2379938418597956, 0.2884444978539016, -0.17839910835458286, 0.42469172366656166, 0.21086816998093916, -0.1434766022600369, -0.07847702974383214, 0.13721056958145372, -0.08772986824747513, -0.09546600116823073, 0.08153908460389764, 0.07702053292375394, 0.0720627338741329, 0.11870992038010664, -0.253664933551485, 0.17763594145150116, 0.11969293908711097, 0.039662068494298056, 0.18758301491978918, 0.2361581719070358, 0.18955378254530117, 0.2000758788972259, 0.008711047142490337, -0.0624642431259275, 0.11702147431173068, -0.2554527432422991, -0.3161285571796184, 0.1772485441269509, -0.09729041521696899, -0.2723228618489024, -0.3283968831683057, -0.1551135092968311, -0.09526039406182553, 0.09770222243861242, 0.21385051953290776, 0.19382117620365358, 0.13754470092892945, 0.030462380969306854, -0.0031363530037192763, -0.38985995668766726, -0.14466667932678534, 0.09298343341039392, -0.03780836989839171, 0.00914097537073906]
-455.9345287756522	(9, 12, 2)	[-0.12711678693116507, -0.18953775703834905, 0.23355979832368148, 0.1972182669316466, -0.24113465009473467, 0.047361167366246494, 0.15293137926949998, 0.3430156007779819, 0.11706096667756383, -0.2630776966065299, -0.1976312272342585, -0.0683461579279285, -0.17254712961467045, -0.18508015183935453, 0.05726028910146148, 0.07599492924131267, -0.18301746514188244, -0.05642951616401308, 0.1173269205898077, -0.10309652137853073, -0.09096568623858908, -0.04437194807268976, 0.07788285107095093, 0.39726696579591864, 0.008437127325286613, 0.13639792728228553, 0.029459753775938943, -0.056771684699595704, 0.23581712665295818, 0.03914888993516724, 0.04388582958818955, -0.1854552913878763, 0.06189806700890653, 0.1453935086041735, -0.23051509268925346, 0.0022823873823343624, 0.3318441236409558, -0.04096918907372934, 0.09706077318958004, 0.31828507910936293, -0.16601515040447123, -0.029654826991411448, 0.07891018204900195, -0.08978701342536372, -0.07742617765686624, 0.13535899923267225, -0.20155723873977097, 0.15886040429646375, -0.05563098497435043, 0.017603642509982597, -0.39394872693468164, 0.015140586104043684, 0.05419287966406634, -0.16371034916102006, -0.10426761915162977, 0.23149439252084641, -0.05207991451429259, -0.15599697754001562, -0.16841559280646087, 0.3855564276473643, 0.02086133862753332, 0.246815980543687, 0.19521031423893082, 0.006400017730982303, -0.24331715049110017, -0.08687799443814395, 0.24010167447487735, -0.22127416634569022, -0.22799450336572735, 0.2144827550879274, 0.1778145427610933, 0.05904282971796513, 0.08246440286932473, -0.014513541410396506, -0.14139227540658925, -0.16467033321973915, -0.24534561876289668, -0.07268159729390265, 0.22871725770056298, 0.3212871558268272, 0.2424574969499225, 0.11518825953069453, 0.10466387220496906, 0.010647727639338089, 0.08146193371857006, -0.049067174427697244, -0.03561078892585562, 0.013249120409716604, -0.25084258055678665, 0.18327235632838274, -0.23780101320211586, 0.35021268791693116, 0.054295612361110926, -0.07291219938647987, -0.07731014532990457, 0.035831716813543524, -0.019285110326447547, -0.05440437433374343, 0.03898343755115133, 0.09625830934504279, -0.015280209775631538, 0.08364733839641042, -0.21011506211615977, 0.097269870736819, 0.16247642140553198, -0.006891207311278333, 0.18548630416343145, 0.304774169116628, 0.08617020960568778, 0.11038612998995379, -0.10779380668270182, -0.17092550638678758, 0.03703881246725486, -0.1113217554768585, -0.16167290536448042, 0.22656468766401477, -0.08303298089274992, -0.1626369434582243, -0.23869965300827375, 0.037212052239235266, -0.08786681193107317, 0.05627281451053351, 0.015789932171178054, 0.1802046411291378, 0.158978244816204, -0.07453678826309731, 0.038481862811247554, -0.22304653635620045, -0.16568683177286556, 0.19138030551897273, -0.19468627223365587, 0.05334870739180092]
-168.8681245775637	(9, 12, 2)	[-0.1754721085570688, -0.12743483747590267, 0.031051517194930555, 0.13570400974830446, -0.09535470875416656, -0.065457234628577, 0.027414683275991825, 0.1426410660098025, 0.22481854618126884, -0.2156013356327395, 0.046352636282910115, -0.039981623884500904, -0.10536049381899068, -0.11758873651303997, -0.10851393655564182, 0.13439816335816376, -0.1282567004999144, -0.12631031626709494, 0.2043842467267354, -0.06603271833167576, -0.10300640616091467, -0.02832846167851482, 0.08036170506267938, 0.28821391806022983, 0.03932509287420125, 0.21578768375102417, 0.10713101131918082, -0.0956967689575088, 0.17202801160700976, 0.02602202402476081, -0.09373209473158135, -0.11987447315525723, -0.0005366996918005262, 0.19049681394618195, -0.10648655547759682, 0.13876389407008521, 0.37083581602920734, 0.16919758906078325, 0.19494240842357627, 0.2706660478516107, -0.14543803860652216, -0.06713631155744439, 0.029174361458451075, -0.0001606598633660172, -0.1254449365270058, -0.06489365120992568, 0.1784415558904847, 0.047358360506106326, 0.05507731271722047, 0.0009426395686923175, -0.262740456267164, -0.060070822695504074, -0.02682705574372359, -0.14598358129228353, -0.06641538401006405, 0.18787408428045088, -0.07574827670348518, -0.18034548238843176, -0.2379624520983484, 0.16254975638261768, 0.14717373523383845, 0.029784966491931995, 0.14665366072088942, 0.062442462677754454, -0.4232564552787467, -0.03605030284347531, 0.17116173141499386, -0.13444754705432566, -0.2692006507834294, 0.22943665884037978, 0.0163836830990352, 0.0628174462557405, 0.026368994238822684, -0.02423841193137701, 0.17908330355055735, -0.16534843090226176, -0.13554064020037018, 0.006179202528676908, 0.03693571343321402, 0.04914132396284229, 0.2733656064072888, -0.07059500103472736, 0.057943458486754945, 0.02473833814226474, 0.092161454550446, -0.09462490687986708, -0.29486955436081524, -0.20917147201414774, -0.2163884360588949, 0.23720652714913298, -0.535719742042387, 0.32444089480499316, -0.2251418448930564, -0.028423674170464375, -0.10725670267624211, 0.19261629267888355, -0.04986648681539907, -0.08468528984766113, 0.00707541278115589, -0.028542629294529276, 0.0941802349094716, 0.07886821468639146, -0.21382106604011328, 0.4161141877487156, 0.1455062504685991, 0.15839481512795606, 0.16538828034207181, 0.18742483059145482, 0.08053789625865009, 0.10888141805863315, 0.00767720792912355, 0.0013479751296343809, -0.17109500724311238, 0.003874006744388297, -0.18435165415417984, -0.05600217715198974, -0.05705752621283613, -0.0924304901842404, -0.15033548441885114, -0.17032844407943076, -0.040074596399397956, 0.08978027506389595, 0.11601095842651403, 0.08101850506465427, 0.10962524273620702, 0.020905917991065705, 0.07600588173207745, -0.25010093058848765, -0.07069608341218325, 0.12130178448972677, -0.16530464991340701, -0.03598447299506667]
-241.3814952935765	(9, 12, 2)	[-0.06689862202451181, -0.05383757250613665, 0.0812218981445795, 0.13341946828618984, -0.14446134077886344, 0.04050521351332874, 0.2031114845318856, 0.2773360758894151, 0.20352103418191578, -0.2777016646163134, -0.27945270356426016, -0.08777114981190058, -0.21416902018573078, -0.17407218007411873, -0.06305384569189172, 0.18596219951200602, -0.16468464079891854, -0.016702214692131713, 0.2835986923351496, -0.08362759926578783, -0.12674537198090496, -0.06477825436916948, 0.10056597335439865, 0.5157858175636446, -0.00958370076196765, 0.14827408631537597, 0.08105414464404163, -0.23485093762341458, 0.0735000077161013, 0.03254494163808478, -0.008571066292293525, 0.11410837810140417, 0.023520494887663695, 0.12350107641657714, -0.13400521099981277, 0.17534918907779645, 0.2529008760203285, 0.012320407090399738, 0.13248559514457, 0.11263996163540968, 0.03756725016142423, -0.08401467625055759, 0.0005693332248468408, 0.012588058988847843, -0.055569872825711145, 0.03957732922642836, 0.31185612180389133, 0.07225691467573311, 0.01684211307943029, 0.1458079988695426, -0.2564244124539242, -0.016271907719575943, 0.01994191350571159, -0.1518275470758949, -0.2475139045767301, 0.1562317425661175, -0.09022088822646804, -0.2713152311969666, -0.11574091259655434, 0.3249452808827183, 0.14569451900473684, 0.2249230188438049, 0.471661070431762, 0.17358869558309845, -0.15223640300593766, -0.03229756729109256, 0.13595530612859733, -0.15843764008186306, -0.20385498728172244, 0.20974645133194428, 0.18276451602989754, 0.17001668922430282, -0.0066722328523558284, 0.039218420830302025, 0.22794851368720687, -0.20769929558554212, -0.2515356109583646, 0.03218787692598783, 0.1797577211637248, 0.3446896956578909, 0.0900187033352784, 0.05707204340595706, 0.07626538827944848, 0.09536579675658491, 0.27527007075833887, -0.1301200135192489, -0.14211451183333604, -0.11358639328228998, -0.22090096842833323, 0.18128049810039812, -0.4430334050542773, 0.2974141596777371, -0.012989881254547524, -0.173626894216975, -0.20907051771441207, 0.14766634542188384, -0.06798732609216664, -0.07239844787307219, -0.15551095947274446, 0.04060124415963613, 0.1123327440058712, 0.009577417722749067, -0.23451057099111025, 0.22053324979872585, 0.0772561043361063, 0.12870284738467003, 0.11639627861265013, 0.13817834079916402, -0.0010735096116902126, 0.18456593518607398, -0.012719430792652957, -0.14792400509959314, 0.012860780403632466, -0.009487395385963649, -0.33448381673637445, 0.194177258770155, -0.10859559128322618, -0.13108907706156997, -0.2937300497866144, -0.2517607885322794, 0.13313879688701313, 0.2298611893537555, 0.08429960541992033, 0.0641347336749738, -0.03367108448064372, -0.035520097791324985, -0.004527330155741019, -0.35817575762122367, -0.031210475026658285, 0.05880068552965595, -0.020867185022617283, -0.038154547463024525]
-359.0304300858519	(9, 12, 2)	[-0.0667107979709752, -0.12363419200722317, 0.1280844482379963, 0.13360018300966228, -0.1462157543965805, 0.03898055598539536, 0.1825288748005563, 0.3513395712166852, 0.1915596640414019, -0.22508522253981889, -0.23148166405609255, 0.06122243804779433, -0.19302633021902046, -0.15184685697414813, -0.05852613443231645, 0.11935828392807908, -0.14308084870346752, -0.007458493271267682, 0.21093644623417893, -0.14906645479326128, -0.14497303353470486, -0.09195819834601293, 0.10303644849029418, 0.4872721966564616, -0.021809959874095838, 0.16199059500283353, 0.07863339607316941, -0.16729963823622734, 0.09395181176281073, 0.02785504217088389, -0.016181349030127565, 0.07701191257802956, 0.023307123697729568, 0.2578901113730113, -0.0025198564175326343, 0.30776327373665335, 0.2439092649989174, 0.018852071594863958, 0.13503324677383527, 0.13098908611535204, 0.018183464205761578, -0.0588747171681108, 0.0566236236975208, 0.006326363019976918, -0.09583765455774138, -0.0032797953651554895, 0.14274508779564973, 0.06916823912859862, 0.034030433808955395, 0.1327408354197442, -0.27583831717437235, -0.020186845184350266, 0.02254718329457821, -0.1668744169429393, -0.2208691408459903, 0.17290882876305827, -0.08110037624731666, -0.11899925378457066, -0.1444036379094278, 0.11549259590196605, 0.23747716065519794, 0.16152466486818579, 0.3766200780247604, 0.12003702653633996, -0.23710292736538843, -0.02671482640677427, 0.11865604610742414, -0.13752870514788962, -0.1781628385005426, 0.22115954575902608, 0.1851197009922527, 0.15034899215059935, -0.03585727057930595, -0.023523829839135896, 0.19946515373498383, -0.20701247510786894, -0.14273365006838104, 0.03263727218619819, 0.21326769913202934, 0.13607327243971445, 0.15151270997273308, 0.11334765774729287, 0.1083054382509882, 0.1004230896767341, 0.24248559960184074, -0.14299508847990083, -0.137527691455913, -0.11073614348913127, -0.22075794998776493, 0.18262716716979865, -0.39028119328848077, 0.30568162580000163, -0.010874135024596982, -0.16111831442428204, -0.18014578334063783, 0.23083498641565514, -0.06984444942022802, -0.07267844276418355, -0.14678695156586963, 0.042626722459609814, 0.11175198392968987, 0.029975083725166687, -0.2475815572362447, 0.23343673052454958, 0.10508897972711746, 0.12363400515923449, 0.12107219274456252, 0.13046455501684273, 0.0670958736817475, 0.1924886888570028, -0.004776221045943331, -0.12154672423008533, -0.007280795690143798, -0.04594605120087772, -0.2621015102298677, 0.19265390657887765, -0.05014094375018646, -0.11364582404176582, -0.2942490447439904, -0.254204705690807, 0.022981450195612582, 0.22535687361798112, 0.08928524626467807, 0.10344869602282025, 0.12246873990107149, -0.004965185897094977, 0.007696727857555706, -0.350615941238263, -0.05112331534285311, -0.008501134323217608, 0.09444238862297301, -0.026428514069855795]
-358.546349471373	(9, 12, 2)	[-0.024784581848775078, -0.11190459058794744, 0.2395702181721296, 0.16243196125348616, -0.15229976910534232, 0.059409734011364936, 0.20939880552061327, 0.21565052502475257, 0.1812859087654412, -0.37832311664683327, -0.16263014701360715, -0.15585153942835306, -0.1491451129028259, -0.10206293863069275, 0.03893710322815572, 0.08143627716612838, -0.11965596399322619, 0.004241158478029142, 0.19665546810099632, -0.09198674413348144, -0.19159184272151555, -0.05867118060316616, 0.024258083565966534, 0.4259871248411095, -0.057316694886606734, 0.13993532464451922, 0.08398888763865547, -0.16730743078799604, 0.19743580830228574, 0.07236807452529445, 0.03471683467405241, -0.1634866984147478, 0.04138743696805132, 0.31682431730442895, -0.11042046074847978, 0.11296658286636702, 0.21034942957199124, 0.09730994480254532, 0.17323435911127222, 0.16008008897014364, -0.14595635839551382, -0.0399058665343463, 0.11549386513631896, -0.008116096759537691, -0.08493845541946404, 0.018069714752070788, 0.0399207735519399, -0.045812529534413254, 0.006603642952728121, -0.009264081844659123, -0.1698547926775734, 0.022731816392861995, 0.10224756623674543, -0.1756666063697259, -0.04791963592282643, 0.16393543875372493, -0.04084175909785052, -0.0940840842486107, -0.1448961235450172, 0.32836510640614586, 0.2771487810951177, 0.2807322359670099, 0.23109363366834682, 0.007031710564197224, -0.30075902671098215, -0.01049806396753769, 0.1609280026866585, -0.152165014806593, -0.1714812667827415, 0.17953337386991564, 0.09390437902674008, 0.18355073688966358, 0.0017216811187648943, -0.07794761698585458, 0.07946573857332988, -0.18223828066013598, -0.12571228195780168, 0.06190168975092479, 0.2300249122715985, 0.15462505540791616, 0.2465386647574409, 0.05970332170160232, 0.05771198346777885, 0.04822038483223309, 0.15534478932074378, -0.08180087374525262, -0.09479540189109725, 0.04815055625305581, -0.4120178858798737, 0.15621944928724818, -0.3149962710913186, 0.3550231703551369, 0.05862908314872636, -0.11617195394083873, -0.16158254573327444, 0.18496219575389827, -0.11843075898024516, -0.2629082571864594, -0.025160763589991447, 0.06880766821185676, 0.14640114079816574, 0.005967960750853224, -0.24875488491144815, 0.0782176582036837, 0.12882046729891, -0.04999489692409596, 0.09129897658566502, 0.19130609512148938, 0.08996134060990553, 0.12459625948504424, -0.024107656247581814, -0.04784275327273942, 0.10658632477818997, -0.1668149726980664, -0.2645423975111239, 0.1445718505664427, -0.09460925526113155, -0.15744855815179795, -0.3050171376687003, -0.19536301853211588, -0.002984510437447071, 0.10464301778058208, -0.02085985849866612, 0.021872997923113126, 0.1765807176398475, -0.03467605610797563, -0.008805862990504572, -0.2993124306341639, -0.025415433993722404, 0.0931389602532271, -0.12726560841886908, -0.026902899868883924]
-298.68125216502403	(9, 12, 2)	[-0.18287329558146254, -0.01768346625861711, 0.06303616161046822, 0.1553935215990039, -0.174865498643127, 0.08501020887465942, 0.15197382395587705, 0.2166087134825515, 0.12611605999031847, -0.24048252746717802, -0.18346273178860795, -0.13896823987690946, -0.22066337735560887, -0.13043301690213488, 0.06153700683262013, 0.09520659971259937, -0.052260556092302846, -0.10462257225490884, 0.15392485851300858, -0.08401074866506633, -0.20836499163409156, -0.03134387111591273, 0.11357447742867444, 0.4891492331906247, -0.00018921061511166255, 0.10042509882228558, 0.06925602608604546, -0.11223965294981443, 0.14968248499339848, 0.02956561107151838, -0.023980459815512306, -0.1374982082995159, -0.004699955760333969, 0.22100754417551918, -0.1978171436711796, 0.02513051580310867, 0.16207217367681145, 0.2023222674360139, 0.16485349846587458, 0.21858551714013363, -0.10431650695978642, -0.020793763633320774, 0.1335086291783871, 0.014659568856805463, -0.12313254187335052, 0.009546437382463992, 0.08324240357801331, 0.11726827754000442, 0.04568749390465769, 0.11912993938784402, -0.3405992091547557, -0.05572272794098016, -0.04715504981263052, -0.1383390118557877, -0.17613842358387904, 0.2504610783322629, -0.04370602668375079, -0.2716560411893354, -0.13357290690771378, 0.29546468039327073, 0.27713052447882763, 0.26569901948105035, 0.27032983862943577, 0.0014342918185725525, -0.17019640202310604, -0.05517352396310986, 0.12961648205503742, -0.15164323107542357, -0.1966863793276388, 0.21376402179375675, 0.15141057267009203, 0.15572804743910154, 0.058857876184986696, -0.014745249034263368, 0.024540592234038826, -0.1644291572217041, -0.03989556672008415, 0.025800669240831048, 0.13146203068749537, 0.1389133120868141, 0.25437618539238344, 0.15431215626435651, 0.0572145006249818, 0.053796871855408976, 0.14598540747981686, -0.11485114794297545, 0.05532921438689557, -0.012926241928949818, -0.4059755800404366, 0.30101550785832637, -0.3564364743146926, 0.29939370473510496, 0.030379407244443466, -0.02922078830306859, -0.10904917339400634, 0.17418757868976908, -0.12197807016278836, -0.07936718094294405, -0.08943606657752522, 0.03489454493354335, 0.07961544452943757, -0.05785600028658301, -0.24367479160985267, 0.07542254588089442, 0.07072410360286303, 0.11323511026045202, 0.27856117329150243, 0.1805483771469684, 0.06142152502709007, -0.03871921057030539, 0.03390722792375994, -0.13545792358134823, 0.08382791971875325, -0.03150037925024797, -0.27732925584993284, 0.13479262219240376, 0.0039036519738769523, -0.11512060379053429, -0.29189634240464, -0.2012807461831169, -0.08121592060112535, 0.13025253364559375, 0.1766581244516477, 0.08110821799289004, 0.15112259226125946, 0.011518275712060511, 0.00125386144263659, -0.2863269698726818, -0.0949832920692516, 0.09286534151624877, -0.10548825164609742, 0.011027196875985289]
-44.46686956603011	(9, 12, 2)	[-0.0772787660996555, -0.07106187770053649, 0.013404472993986612, 0.2118734184379334, -0.17459022069015026, 0.03713017932750829, 0.16570586966574788, 0.24966921447077442, 0.16508878328586524, -0.24630752425628416, -0.1763397515571709, -0.11953576181620765, -0.24323725311132163, -0.1201077742143522, 0.0009470454134936001, 0.10908421985328573, -0.126668166050975, -0.018171290878543488, 0.23524754271251674, -0.07638102186234569, -0.41260291642334357, -0.05900789736427757, 0.05891856806717161, 0.3262100465102277, 0.07512428079010995, 0.16314990901720328, 0.04185297091573828, -0.12705819681869127, 0.18208862935772982, 0.12052702031003963, -0.18073658461619257, -0.11314509811934695, 0.004477128019480558, 0.12895825133789746, -0.170788114097592, 0.1474971830033331, 0.14979132663412484, 0.05265662393018648, 0.18854284574769895, 0.1944448296532693, -0.1238499761090323, 0.027361300749066907, 0.16627443020828364, 0.014879461122091812, -0.12562137204803384, -0.030610579897298894, 0.1960531052074022, 0.1451859134051517, 0.04180263298653863, 0.0028069097872867755, -0.4279663851528459, -0.01919642634079914, 0.046917856331053845, -0.17768704058016654, -0.15736319853444858, 0.13344377953418685, -0.10348043746664147, -0.3881911089746059, -0.14693518234787684, 0.2880387450554637, 0.263857887509892, 0.22493411227814858, 0.23008928217252117, 0.07511759311353818, -0.15380064118947026, -0.07307289106690544, 0.13799646170939525, -0.12001745387323881, -0.14792624220648354, 0.17649188338766197, 0.08780661759611755, 0.07152484086872334, 0.09425141626845257, 0.002161890768556865, 0.04149553113762462, -0.16506240594870192, -0.13935197151629405, 0.008442766956731589, 0.15752997359793583, 0.33884304219091316, 0.4006297361657346, 0.08657585446915886, 0.03742226915290069, 0.10424105245550412, 0.12093858196996565, -0.08741458724648679, -0.1059651177069344, 0.040312238010258704, -0.3024236447969758, 0.26404863394417094, -0.32509084617485007, 0.3103012883935522, 0.12050968615367098, -0.11545618814620673, -0.08864911937822845, 0.2324512485230035, -0.16881349603033244, -0.07808057824571565, -0.03733751900418916, 0.09631260638152825, 0.11238971692515323, 0.029426049617752956, -0.255713666265583, 0.15765804628165103, 0.0954669591012208, 0.09137525652909954, 0.03267276809932501, 0.1743175013861105, 0.07787522849658163, 0.14010623552293724, -0.05927062174618547, -0.1163441825044417, 0.028099995708971575, -0.0074606994799326564, -0.32150645449859194, 0.18192963962962522, -0.1064994527025512, -0.1150578191276125, -0.25416336869398903, -0.17253525693336552, 0.009949053060886283, 0.08843776670139628, 0.009037579437378889, 0.11948122448487444, 0.09391477865599457, -0.009735713442074067, -0.10898355911662796, -0.4161816455335263, -0.09531305657091246, 0.07318352841967266, -0.1885020295254108, 0.08196003299106448]
-304.55799823735424	(9, 12, 2)	[0.0010847567393848755, -0.035019670729685426, 0.05534689365819154, 0.17762379671193568, -0.17464314217222948, 0.026768268833196582, -0.012312724926403729, 0.2379843226421321, 0.18966341331743475, -0.23343095685025916, -0.09650217380718995, -0.11552199649378381, -0.2932397510107692, -0.12608372834147977, 0.0658672728178367, 0.14095224147430285, -0.06946917753888905, 0.009339888848033377, 0.30893482027617236, -0.04509688955068102, -0.225943428366145, -0.058843749170416584, 0.09568227326369176, 0.3870775129354536, -0.05177511961216703, 0.009466269909949032, 0.07921011704729208, -0.1281533131525188, 0.10403933232424889, 0.1109332431584347, -0.11768619107745319, -0.12251217841754612, 0.06569079492060058, 0.1909708145895194, -0.18165266019205945, 0.13473527881874794, 0.1411837002871055, 0.1513429246303551, 0.15520665427862984, 0.16235589874151796, -0.10885687461245008, -0.01522687931946792, 0.06272361229234796, -0.2019025673729069, -0.031296894167833114, -0.010014646856196335, 0.13744253305030207, 0.017222042875436758, 0.0461809147328887, 0.04565928943378989, -0.22018952255768834, -0.012936938626905183, 0.06279358579403063, -0.12932694953870505, -0.16237311189745188, 0.04690452013611153, -0.0804325787970424, -0.23254945630027107, -0.17928971752983597, 0.15500825504013355, 0.08727219601622832, 0.2125229650154712, 0.2638046901659249, 0.020416786880256582, -0.20808254653859012, -0.05171137038109891, 0.17427219921515447, -0.08223921155253104, -0.237241571452982, 0.2903669438503796, 0.16660011540312109, 0.2163458600569057, 0.02081235310413332, 0.03547254032129674, -0.008026674059672032, -0.22325778690230536, -0.18231505447135823, 0.0045762032302360785, 0.08458863212944114, 0.10776473121474328, 0.28368729102028983, 0.09721441924769914, 0.018169483749906956, 0.16367106520098848, 0.08423322763344768, -0.15045096669713026, -0.14196415694728468, 0.017120342600379913, -0.38013515368250633, 0.24190285312146048, -0.34636789364205783, 0.23946868320643383, 0.1236882620861032, -0.08095320351665311, -0.08518438875039441, 0.21969450752419134, -0.12115713124567662, -0.09329885874977961, -0.05339919404496804, 0.0841764274823671, 0.10721383197145097, 0.023295334120528248, -0.26347794465038665, 0.11095579046285213, 0.10554951499736512, 0.1350955532947872, 0.0969848885949484, 0.18607775134638027, 0.10999467901166579, 0.10720479354435825, -0.07517423379704101, -0.09376543793106701, 0.01973342727776497, -0.012594256571462731, -0.26100442488964015, 0.19618286250150524, -0.13004770178117753, -0.1412164731682502, -0.243973465648389, -0.15924120562807137, 0.00020059388681670795, 0.12244212974042903, -0.07815886474941522, -0.013407900643460422, 0.12866340138230853, 0.004729502050736243, -0.043006985973415505, -0.4606129320495522, -0.09454089808511022, 0.07091426917190718, -0.13585930973753765, 0.01695164451072838]
-381.7213458217995	(9, 12, 2)	[-0.047825519710070104, -0.15479836869575817, 0.14432739701237698, 0.20528832100825342, -0.16261483668574483, 0.04635276358048715, 0.1411047173895224, 0.19735110884597287, 0.1328380891507501, -0.24786044403063656, -0.12465446489375688, -0.0817490505604292, -0.2257159818544945, -0.10035566383485639, 0.06690667681043404, 0.14057799987831887, -0.12023073748507317, -0.0692029271192259, 0.17916256870745198, -0.019547559777537967, -0.17540121217695986, -0.0605056099037376, 0.027546110373225855, 0.3977199017893728, -0.01924067432068031, 0.15021976533741366, 0.05957174117228297, -0.1305379417019206, 0.16208233580456355, 0.012967353124682522, -0.015197508601094877, -0.12827631827446406, 0.05466783727791875, 0.17079147833651007, -0.09159548755606549, 0.1316552881110716, 0.03665551375005067, 0.14561745348595045, 0.10875807910326794, 0.21727189124193633, -0.11331109378826587, -0.03205076546903562, 0.2504698372156308, -0.01640210718027788, -0.067365848657458, 0.023921192643027344, 0.12042212582267602, 0.09921807966004766, 0.035704145254835125, -0.0008828393242428835, -0.23811152420340573, -0.030467652325761277, -0.03482107772851586, -0.18090121469061157, -0.145046346925496, 0.12853528303376616, -0.16181681486546598, -0.2107360783330834, -0.12788705018382668, 0.24091756596128994, 0.21966767624327246, 0.21967128047607776, 0.25914718776048506, 0.0561727424113805, -0.20706571123586393, -0.06691860758045601, 0.1728061967979847, -0.13483166608798186, -0.20241410437655405, 0.230000376645554, 0.19273166381195317, 0.14922230088275545, 0.020348787304803113, -0.04667502597980741, 0.007073036446583001, -0.23458132431428225, -0.1488089699331726, -0.017898089725955343, 0.11469243626348982, 0.08333636202779086, 0.2718596171494175, 0.07231657236951261, 0.05314325817719135, 0.07175652637106403, 0.04826772657327659, -0.10320481870091944, -0.06544389153410965, 0.006074651937189491, -0.3419183552773576, 0.26328084609652186, -0.2535906527595365, 0.3015384678326164, 0.09463715292962904, -0.04443416700996315, -0.08601441667825638, 0.23263337320743635, -0.0949859189462024, -0.14404436349003918, -0.07943347191834677, 0.11816910891884443, 0.08161120994330381, 0.022629674726574386, -0.23006629114402516, 0.12674393597601194, 0.11187693667052295, 0.10507506234267294, 0.08461888108888094, 0.3236985457686, 0.1601243905649667, 0.12288063928673981, -0.01738697146518741, -0.11292124317508226, 0.040604057137995475, 0.03261399609865359, -0.2511267014582332, 0.16530987551541437, -0.0785005940196676, -0.17451082420798514, -0.2748916161934963, -0.20446783312658903, -0.07718519980075472, 0.13956802870653112, -0.01518142022580801, 0.09589263125382705, 0.1120972566833933, -0.017094037141392397, -0.04749941713404044, -0.2701760466522809, -0.07191446193944866, 0.08848249092190695, -0.13257491077946346, 0.0023420186644992056]
-228.1471848227016	(9, 12, 2)	[-0.04412586383358885, -0.19544323622140067, 0.1560712354655802, 0.14758714475817689, -0.1320416577204332, 0.056621027473415735, 0.03951748338961197, 0.21339502644828892, 0.17673677090118628, -0.2757478435863978, -0.13720345135602152, -0.1206640294972969, -0.1572238017775828, -0.07138604649153636, 0.05199943441090064, 0.12202971004131871, -0.11473529054032353, -0.020625856778118314, 0.205693339029544, -0.06668860895027304, -0.20225959794563997, -0.05840628476315446, 0.03888094238303727, 0.3808196617106806, -0.08608769538468067, 0.023139450201958747, 0.061585044512499465, -0.1494471594492093, 0.18607573041854014, 0.13890444298420723, 0.02382621749304155, -0.1300522851502789, 0.03491757691564267, 0.20998226365907124, -0.14980731198112035, 0.08470639551655773, 0.15995109975207605, 0.11347179444699064, 0.1734859673093502, 0.1771911524355955, -0.14554631582663513, -0.05035558507167535, 0.11765140512383909, -0.005960176935819872, -0.09475160997810787, -0.016164067769384186, 0.12376120528950084, 0.05624550016139987, 0.020113122024147164, 0.009679273566881964, -0.22961238396659814, 0.03144413901418425, 0.04129534728436856, -0.14025422287275865, -0.1510881232545315, 0.13671131967639008, -0.12266104743407359, -0.16413780398517497, -0.13959861857864891, 0.2953200508387232, 0.15782243603486923, 0.2056542823627367, 0.21929527463111842, 0.00483232287262405, -0.16165381317187952, -0.01582691130764553, 0.152815550071796, -0.10556763611783904, -0.13304855992911574, 0.21212503491778892, 0.11881435000577473, 0.10404181247790902, 0.11574640735714266, -0.05572538584329308, 0.0526433945011123, -0.1546640857663642, -0.1433230321815377, -0.04861470348246788, 0.15119237113925083, 0.11093625875579491, 0.2699311108884743, 0.11710708042612408, -0.009001344303053587, 0.10570649275735915, 0.0826357106445792, -0.06315245651952275, -0.06747044036771746, -0.1898283124219003, -0.4270708031352124, 0.1928849619210363, -0.2206690261543599, 0.31941921493482256, 0.06562615479105181, -0.09603961772974996, -0.14207266245131261, 0.19711568630703896, -0.07045717388936339, -0.16303094302715976, -0.025812131832831143, 0.12293002273590493, 0.09343901226255419, 0.016266667897700485, -0.24928542827324174, 0.09360833597312798, 0.14817454798513777, 0.2282076548375454, 0.1477160551067368, 0.2055927344291718, 0.09750186728237444, 0.08884136417258673, -0.010834755150224659, -0.1627776596024651, 0.04688713082742594, -0.03482793891495017, -0.2959536885781877, 0.18081182687587913, -0.050828777514483815, -0.13262693254788904, -0.21106957785818564, -0.191700423406352, -0.06491845290879467, 0.12776166260823718, 0.01840097827083448, 0.030523089101888723, 0.10624779586814642, -0.011947293344634086, -0.006696965071400145, -0.2727844096712819, -0.07362718590650325, 0.0848828502650813, -0.13719450149398277, -0.0009567288368618164]
-303.5189735783924	(9, 12, 2)	[-0.07112611104049707, -0.11100236022875339, 0.17137785740921374, 0.1977311982992322, -0.1740750553812082, 0.060512596770711295, 0.12851092869396163, 0.22576040070763687, 0.13222059417085713, -0.2581643057161116, -0.11506564899676604, -0.04920692906748269, -0.25272834017040513, -0.10672521247708851, 0.0695152406870063, 0.09588708598829873, -0.09973196823535624, -0.04099610036126357, 0.16147917338179774, -0.04111767013321249, -0.28523078897888854, -0.06232724605695901, 0.08232845539058574, 0.40047302579655636, -0.03233992016835069, 0.176045582647545, 0.013025441179157042, -0.16247720521504624, 0.11707475956191782, -0.020983139476224516, -0.012121867267003258, -0.14546366552480527, 0.014904137150759843, 0.18362141878735178, -0.12032275285223348, 0.07646683247310858, 0.12303588939494907, 0.15642052785382937, 0.12054938285578387, 0.21005569781036382, -0.13341071266881577, -0.0064843753705373635, 0.11477793689940928, -0.013823979733865146, -0.0748033708499498, 0.018183770393770726, 0.0648255390158872, 0.08528220390827856, 0.019800672549388214, 0.00989034854547974, -0.24814675071415263, -0.018984685827933657, -0.00011116837783265755, -0.2026741885893387, -0.14728984326231867, 0.14067224616071236, -0.08932078289103751, -0.2017894170035804, -0.24837616390998438, 0.28845930009638954, 0.25330418692825607, 0.22012901712437494, 0.2452821308392015, 0.038315306312192945, -0.1925262326505699, -0.06358635697878674, 0.15306950004885966, -0.15767012269093783, -0.12394542669426598, 0.22187297184964053, 0.16933533555434638, 0.1527486660019105, 0.05013493479046052, -0.008367282311600981, 0.10775614844271639, -0.21500758839150036, -0.15692216171667858, -0.012557881317149114, 0.09254756825328689, 0.13772425970256302, 0.31093382144567816, 0.09163132396038308, 0.03986326564133863, 0.10962217955679354, 0.14876358335460843, -0.09903524633818488, -0.019434613677053257, 0.002280163690908688, -0.33849026778469493, 0.18341339783211022, -0.3134323967412662, 0.2924349991353033, 0.06613722181375822, -0.05149095096598493, -0.016700614429630112, 0.2047269025248754, -0.10359367734045812, -0.1572686300382434, -0.03138370950524973, 0.13563771886269424, 0.10065467349499621, 0.022330166522265875, -0.22982786747876296, 0.04114336633473824, 0.23174985081530725, 0.10056144878228787, 0.07173068432423921, 0.23274909145382472, 0.16656037113693503, 0.16615676924845718, -0.011606205291232468, -0.130700208496747, 0.03663775167526738, 0.005120162638843282, -0.2626727262580855, 0.16845520220314267, -0.0801708758606722, -0.15964128915922732, -0.2681849888833443, -0.21310395344252042, -0.062316253630893215, 0.13470567104612036, -0.0026240915238223274, 0.13144679669611656, 0.16643789603426265, -0.019617417170323535, -0.024895371259246856, -0.27835171209636567, -0.0790920766998849, 0.0746143139814067, -0.1362122989866518, 0.004549671309044373]
310.83529533711925	(9, 12, 2)	[-0.0881831603225737, -0.10515128688957896, 0.07198677164535941, 0.1339480872911513, -0.1957530777717547, 0.06199925386865966, 0.12636420457911718, 0.31261548794597616, 0.17643455374971834, -0.2850479295940149, -0.1533356686302667, -0.10313641306605896, -0.1830415252723887, -0.15594387609618762, 0.14287069522941498, 0.11443706145152041, -0.07628223308662901, -0.03807494607132689, 0.06444564912218155, 0.0581682789091156, -0.16537128709252255, -0.1219050295950381, 0.07769874158346131, 0.4238125204113471, -0.03667271069739007, 0.1044305732286598, 0.06644660179150351, -0.13151142460556114, 0.13150422082241428, 0.058386663031794385, 0.017126667179447084, -0.15692830344522857, -0.1372405064806409, 0.23565383737460233, -0.13827027585694066, 0.12847432807596948, 0.17898570775379086, 0.18356892682511153, 0.15875907748991763, 0.18004123495742466, -0.12193418824067227, 0.03208504242642211, 0.10358022474418335, -0.003474573921044513, -0.17173963583174592, 0.022618239876545522, 0.0841274136635469, 0.08031625510266086, 0.05022299944117617, 0.008913684728115118, -0.26709389647891674, -0.026669118564101417, 0.2919345357107853, -0.14331977512572722, -0.14718074369701495, 0.18940793193755975, -0.06096237696371852, -0.19140219877037254, -0.16460467937385176, 0.3703801295758762, 0.22485482810794313, 0.2294497336844133, 0.2500472343487672, 0.050583963950170625, -0.1921771142284328, -0.07215500421884488, 0.1346662734634955, -0.14416107681759294, -0.17236112081200394, 0.23482501924582583, 0.18073831876815294, 0.0406294721942828, 0.041950917995106, -0.05125064608554156, 0.04510098552634553, -0.21973645062864755, -0.11406751110810677, 0.0002692826528178158, 0.1197588714287777, 0.14454307794625265, 0.28906058764559117, 0.09944966070832117, 0.013695137811633626, 0.06159926898111815, 0.1295853579563634, -0.09816746002905312, -0.067320056894382, -0.03129535450421904, -0.31621244294199685, 0.2574834760826177, -0.41753837155235446, 0.2879981645861259, 0.12700209208294094, 0.014229782050752888, -0.18144611111281606, 0.18246203091897684, -0.09211966971206147, -0.20751968733665144, -0.026412598248672287, 0.11055831498046932, 0.046157106928646066, 0.022319232243218558, -0.2501797920118544, 0.1477078579606521, 0.10749007124887616, 0.09796478368426845, 0.1623226074953416, 0.1794341069451569, 0.09604681362429379, 0.12201110466498911, 0.051094022780177585, -0.14621104215876307, 0.06401770721790308, -0.0022516082307964826, -0.24385481953053836, 0.13068974999448701, -0.10139871271105431, -0.08420932236289522, -0.28438783869093354, -0.12188639896101816, -0.012918619645566419, 0.1397703888425206, 0.05581716609017065, 0.16492304224788126, 0.07692475195426272, -0.0026443193119697343, -0.202633889333028, -0.2908830813749982, -0.083125092496015, 0.07932885528847602, -0.1189244819048193, -0.020781895837661886]
-293.56954692324643	(9, 12, 2)	[0.06285915935066076, -0.10715982239159752, 0.13595191789762937, 0.12657691640089871, -0.18096695758785708, 0.08187625228420167, 0.1341790612592086, 0.21376731666120774, 0.16296941055781436, -0.30083886559193096, -0.14711261252323005, -0.09168862687009911, -0.20872255903785797, -0.13649920048054717, 0.005125451477663159, 0.11108321388023545, -0.09091621101701461, -0.04289138082435081, 0.14754960629788355, -0.10212276973873408, -0.1842274002939569, -0.05722329649634521, 0.04300501990158693, 0.39616891915709274, -0.05584256143468788, 0.2035631670077885, 0.11322395081351402, -0.22632982631549012, 0.15508604813241444, 0.025182507634440805, -0.02991232868098086, -0.162074643112071, 0.03236057302399971, 0.18630291985899078, -0.13277601723772964, 0.1558519335110513, 0.33975896990680077, 0.1424431385824764, 0.17112491667556645, 0.1552730576275438, -0.12700020625749883, -0.012658462278324926, 0.12018027874547528, 0.05322341910778859, -0.06859820687329869, 0.015561538075517304, 0.06423501689181624, 0.15785259836189217, 0.060123719049439986, 0.0005483942554223924, -0.2218745034806365, -0.06701172181076595, 0.018146792694681935, -0.16889858728544302, -0.14694255292322217, 0.1336725785759382, -0.05643377359262473, -0.16986230894683554, -0.21700382900589446, 0.2767980431017598, 0.2476187010162257, 0.20765183491380879, 0.2592805047169129, -0.023728756751604754, -0.18471747852510068, -0.08259678094303786, 0.13856374119545475, -0.1281749016073469, 0.010825261560427957, 0.2370312942303901, 0.03949409375747792, 0.12952581523657547, 0.04769652668350346, -0.042793381491855596, 0.04445388778455591, -0.22498366035850653, -0.14925237003617953, -0.012032279218667598, 0.10575758568087383, 0.13862725897184566, 0.28614855195062355, 0.08880275615487428, 0.04448053018993253, 0.09876800067986809, 0.1260205914648758, -0.08758007079754684, -0.07988500665620628, -0.023660930722103415, -0.30271316776455015, 0.19656011780108967, -0.23450056287345433, 0.3016801016348525, 0.07998098987233149, -0.047182758813719736, -0.11461313952124433, 0.18907401892038533, -0.08626234027893134, -0.14271918997138633, -0.04490638966342539, 0.10983346301009858, 0.08919120129630526, 0.024019024879800482, -0.25216706322840343, 0.10383044750175745, -0.07762317541728783, 0.10036015128833742, 0.08178079579162764, 0.20086829485284083, 0.08734862752935665, 0.14888991760160802, -0.009096171363608744, -0.13222410357132075, 0.0638567285188908, -0.02508495219847564, -0.2607526918376054, 0.16381878419598328, -0.09215340605354724, -0.1597313461566026, -0.2773352946977359, -0.20733517540528, -0.0638974557377616, 0.13683936913788425, 0.005635103275761208, 0.11246219272523139, 0.1413997807753693, -0.026015418962271226, -0.011466116784545902, -0.2874657978085894, -0.07986520181205367, -0.1360126933364392, -0.17055699127740073, -0.006158598042993145]
-565.5334233102571	(9, 12, 2)	[-0.043235610988592035, -0.06735688320532553, 0.03935504218562368, 0.14806052124917563, -0.16888348837187228, 0.06991318982376611, 0.13317859645719876, 0.2145532375778901, 0.16586943145887348, -0.2673467800388531, -0.12716028372707677, -0.10931863797306962, -0.21687518217086388, -0.11700981299578878, 0.0504153548880781, 0.12230079858887209, -0.12631394375007907, 0.21390344389650465, 0.07293554548628016, 0.01608402369953571, -0.22591632957448793, -0.07374540916675001, 0.07836187223412061, 0.40290611451921976, -0.013295424210461306, 0.1404238771523803, 0.049150697079870825, -0.13603200858906184, 0.16138536025658523, 0.04723813316356362, 0.0036890651665039817, -0.0981214997848796, -0.022683535603967513, 0.2018627152292073, -0.1420727432692495, 0.08277284238267764, 0.15655380691266188, 0.15947221481256302, 0.10844368838855503, 0.20191243873454295, -0.12525364210656617, -0.007103530374769707, 0.13390860627418297, -0.15537164352168314, -0.10126112209939392, -0.0007299472437006366, 0.1411955229517187, 0.0665770352110489, 0.0485369636581128, -0.04685645651975288, -0.26655708877535955, -0.02751620497598299, -0.014606535321689651, -0.14572989284408946, -0.13676152944852674, 0.18436716424692634, -0.11286153614288003, -0.20778359703525026, -0.18111881462239282, 0.25069491264003724, 0.2231669152207706, 0.22135096892223183, 0.240919655504023, 0.045104787841759905, -0.14091748757730546, -0.047070683727932786, 0.14879563462771492, -0.15079415711690725, -0.16459332176452957, 0.24137558893693506, 0.1505094369253112, 0.16031775839774112, 0.041878789975011335, 0.10390856335295995, -0.10778812707260002, -0.2184303333472961, -0.16942213849152804, 0.05628753726418, 0.11253868335689073, 0.19987354000180052, 0.2915834136453096, 0.09509131007544638, 0.03718581488695318, 0.07629777123354148, 0.24367519404358207, -0.027276218041570127, -0.09096918334558085, -0.01856882277727943, -0.3238794211202363, 0.3057176877122665, -0.3511116620025645, 0.29673239492120884, 0.10026578378676493, -0.06425173499535153, -0.10235634917254359, 0.1517799382424007, -0.048707555154389265, -0.06736738232322242, -0.032790385961170856, 0.10147936014863096, 0.09258580372303862, 0.022004912887590152, -0.24535940347601365, 0.12294892326906329, 0.1380219210787169, 0.0989998426939703, 0.0721850421824699, 0.21875606256049102, 0.11383834795618453, 0.13025947223809842, 0.019979962971500138, -0.15121465691723462, 0.14290955644038159, -0.021657826999924048, -0.24395508021727375, 0.142779988825922, -0.08867630158899176, -0.21642667109709235, -0.28581418432939293, -0.21086257544752746, -0.03992158513986496, 0.1136489174080328, 0.06319635987392325, 0.12659980875423255, 0.0918413471205809, -0.08964414037539067, -0.03284212888937294, -0.32208328550237403, -0.08463703376776976, 0.08231093715448937, -0.14631647672145084, -0.034199932059645846]
-181.19834955279478	(9, 12, 2)	[-0.06392485868251863, -0.12337932794413553, 0.121556539076371, 0.20224955838063818, -0.15061683958355102, -0.006784164866414942, 0.17545254223856463, 0.345543531031613, 0.27254693655226175, -0.2712979985118057, -0.14023345034166407, -0.022971363339700384, -0.19694402728928023, -0.11047205060429333, 0.06520032752675393, 0.12301762496876371, -0.11262093066281231, -0.0735036471480773, 0.11154677980024909, -0.08692222398572651, -0.21525662092491843, -0.08956559735862926, 0.05529483090110923, 0.5184329881004323, -0.10174021336625491, 0.11411858218884688, 0.07579146345498645, -0.17328763156813395, 0.14562465212407646, -0.09859555473946033, -0.0003103347070546465, -0.17104855328835522, -0.023586875713328036, 0.18962996845604696, -0.12581896109266627, 0.15492374015459967, 0.14767285895220716, 0.14136747924805915, 0.1607476406704673, 0.15169459508658636, -0.2101198930671378, -0.020179836067611777, 0.07910904082366246, -0.038194415991245276, -0.11034903501012412, -0.04768623919162708, 0.12507316205534133, 0.11507532479056708, 0.06913110054509922, 0.007012533839139274, -0.3229370622916463, -0.027288670537240184, 0.04747042375085433, -0.15976337459639495, -0.15348848274415472, 0.21229944635933132, -0.08131957345729873, -0.20696093578113053, -0.2249636122797163, 0.27420561544281297, 0.19506269965640802, 0.21402173492929066, 0.242046438566613, 0.007977735778572664, -0.26247743557981995, -0.04923562051644845, 0.14758390883817976, -0.13405930312380676, -0.10363195021116188, 0.2375772406859779, 0.1773818491757059, 0.254335249564995, 0.014626806796404431, -0.01519568622275725, 0.04245740568532581, -0.13986683076465944, -0.145614258663111, -0.01655658949498904, 0.13247834187914287, 0.14458198481915918, 0.3011597615654059, 0.09035430985418624, 0.06808374405271674, 0.07402876678376777, 0.07026630023621788, -0.3187699870776624, -0.07092797342723905, -0.01517649941597864, -0.35148521029322133, 0.23576521109759754, -0.30675857773238435, 0.3085232944552819, 0.06344132262795768, -0.07356992665497442, -0.134049731140503, 0.1758196727432594, -0.05710937894714807, -0.13057582984633503, -0.030070087437170462, 0.1120553395236298, 0.07893576324012186, 0.009067858245466527, -0.2440878305380797, 0.11657184606782206, 0.09808075427863372, 0.09728454380442747, 0.12666920624080977, 0.23425498988406113, 0.14670301052938178, 0.11372719502009423, -0.006617761111579616, -0.14866769364924565, 0.05791679834293325, -0.013667250338465057, -0.2608769213911285, 0.14970230707778345, -0.02064208692501917, -0.1264682070066548, -0.2925178845474058, -0.1267281360849966, -0.06242104679400717, 0.19055144165321478, 0.06026145745986103, 0.0876104589061951, 0.1262879333429373, -0.01602765850094127, -0.012497288697470127, -0.285066531938911, -0.09077291723245841, 0.062601936340247, -0.14365667933955703, -0.03783843043678008]
-199.39127579067627	(9, 12, 2)	[-0.07978153618032381, -0.08843160612796144, 0.07979217073088266, 0.14901120897689768, -0.17312502021894743, 0.05342014290508416, 0.13785814644703975, 0.24569622015695675, 0.18070678272406113, -0.2898038731941158, -0.109075704703535, -0.10136026917861318, -0.1981602535070581, -0.11698350038960678, 0.034598767427058544, 0.11847831717439272, -0.12221344308402544, -0.004391348256665335, 0.15947096152711282, -0.12622613512127923, -0.23178440918111964, -0.11383517626423784, 0.060483278301411605, 0.39001950771963206, -0.0950055681462676, 0.1480337948230458, 0.020320021619673542, -0.18813272551069313, 0.14927322729064402, 0.050222689394885875, -0.017294901273606576, -0.13484081333251113, -0.036056650408428585, 0.18367471136075045, -0.1915973267756813, 0.17413267902011687, 0.15521422733151213, 0.17093971101902838, 0.14343404885295818, 0.16725974578482233, -0.12498830503823555, -0.009848916807106426, 0.02140109097183182, 0.007601719778122993, -0.11833226748383546, 0.037840085159790315, 0.1084717727734277, 0.09341020186336813, 0.07813066616582841, 0.039460971088671214, -0.25533557097216875, -0.025503053269753325, 0.04022882298440574, -0.1640345124438919, -0.14645496999907934, 0.15151770901700806, -0.10760075005207168, -0.5125491634364088, -0.18963526886925156, 0.23909713737594246, 0.17877132498227413, 0.18897788199265264, 0.23831294007964504, 0.019901364987099185, -0.17452484641136612, -0.08505677098499106, 0.1573229564430704, -0.14594328736027923, -0.1363316646696722, 0.232052391005524, 0.13137553336700586, 0.23150402752168212, 0.029101732130581752, 0.053968070022801, -0.003918909236341712, -0.18648445433653438, -0.1414530841459667, 0.004501545309046387, 0.13572513883869675, 0.14650935210913463, 0.27559685863648997, 0.10713809873446968, 0.06998358754762395, 0.07912469338218313, 0.15091183328785415, -0.10628818587243766, -0.015065555151195302, 0.0011997992936569756, -0.32620234741591847, 0.2505859398336904, -0.3021214798310647, 0.30645126953874935, 0.09325986244316994, -0.08151752955014219, -0.10550435687980247, 0.1584521919332078, -0.04414356229660844, -0.13093110823109244, 0.062117121761149204, 0.10194323986466872, 0.10996189069156476, 0.027900840340559972, -0.2504529997499994, 0.06805038782425238, 0.11885904808737827, 0.10718760936009586, 0.08124608591912137, 0.22808376536459335, 0.08977975275023431, 0.13846451217062514, -0.008454039421219271, -0.14028976914703647, 0.06033150061818915, -0.036337941310651815, -0.2596336555397776, 0.14475592188341016, -0.09481627670403733, -0.16709691073517935, -0.30308404969591574, -0.2018172204404436, -0.03779262135214389, 0.12161899026319198, -0.09034487258627234, 0.10648780738048828, 0.1293691582027808, -0.054293880604798755, 0.003268172969730667, -0.31733942367341295, -0.08337429029009062, 0.05885973330445081, -0.14367649583766678, -0.019561389731357393]
-342.6961930610453	(9, 12, 2)	[-0.06592760996836533, -0.12066586589984729, 0.14469892998578032, 0.11417793079314709, -0.17506805152098182, 0.031732541060801284, 0.1384953161764678, 0.11614703198619217, 0.21009616555338262, -0.29024263214611423, -0.16941591597998304, -0.08853212977767064, -0.18944246130336556, -0.10159810286536519, 0.025289713286845584, 0.12000037178978618, -0.1025491014598465, -0.01925467233380139, 0.141369802532602, -0.1211829395550058, -0.2148394524945706, -0.09696912508574307, 0.044180541307362535, 0.36794168208063416, -0.05743370701257698, 0.13108713823856596, 0.025478726364117806, -0.17724850813080745, 0.1339189385241959, 0.041697020479365014, -0.003457612933523614, -0.15911524657638365, -0.0005521512969716494, 0.1791931883681689, -0.14386313881523108, 0.15621806739687638, 0.15290507624781913, 0.16667770108654953, 0.1714671142372307, 0.12826081749738677, -0.10862153077894751, -0.006504865200281211, 0.10555634743006617, 0.02384344030514567, -0.13990419002000923, -0.006938973790080442, 0.0776522149627554, 0.09258194683306958, 0.041920061674578665, 0.05370783236935112, -0.2624893889856561, -0.02406529280760306, 0.05394245160722328, -0.15732339661290273, -0.14758713141900273, 0.1444998227747819, -0.061078667418952425, -0.1914595578477306, -0.1807869287368556, 0.26802030195386006, 0.12631032068570952, 0.1977412339487243, 0.17590771508815733, 0.09510112190090761, -0.19240512178211816, -0.06243211823763657, 0.1537504973558391, -0.13549664869102693, -0.15205560226624779, 0.22453693659581342, 0.16769610926263206, 0.23291722386894215, 0.04129114979590818, -0.04073553660154271, 0.025577021251888064, -0.22581030958162435, -0.14331406421663687, -0.02202591851731392, 0.05710446176362624, 0.1450605566973878, 0.26860768822577563, 0.15829311735635684, 0.04421742000207855, 0.07136157647125994, 0.031132330056831244, -0.09135539674881729, -0.03645603189788442, -0.017289207872112734, -0.28921579638803435, 0.23993896795131836, -0.32411360683851315, 0.345767160746414, 0.11604252137525117, -0.06318592178549068, -0.1145644763987529, 0.19067304407574767, -0.06981805881013042, -0.1333773466990919, -0.03547316603107715, 0.047657238803166566, 0.08262185223388435, 0.02306895834830325, -0.2503979521285298, 0.13735588459431697, 0.11147392575502676, 0.09146174510254856, 0.10735223325876175, 0.22274050309435728, 0.05885111163708146, 0.12463151232103509, -0.02433776047923138, -0.02519635519969926, 0.03565642210522396, -0.02765351693740311, -0.2635232347284679, 0.16527423173188036, -0.12246163375085373, -0.1589284255287273, -0.2846724832724185, -0.1399474841224216, -0.041476289448347456, 0.133687616189005, 0.04419691527422743, 0.12128066449319191, 0.12219018539767958, -0.01226573047796388, 0.025991420073214574, -0.3096032410580775, -0.07663732848001974, 0.1049011994440236, -0.19808172571855143, 0.0551145451191727]
-164.08928176840814	(9, 12, 2)	[-0.100396984466716, -0.13677623460330218, 0.0239864802137445, 0.386652244654135, -0.16633053910855938, 0.054700130447397535, 0.12756608306084685, 0.1480257296895392, 0.18467809690768902, -0.2988940021185429, -0.14688443582575453, -0.08172749498867421, -0.19180876189264226, -0.1028297494561109, 0.05871343813698936, 0.12117624024530986, -0.09193261794209577, -0.031956582399514315, 0.34487345437373707, -0.006366762120549251, -0.25508369152131755, -0.06952700834885926, 0.05302580085822283, 0.4084544976998463, -0.09592053803949419, 0.15539531554452513, 0.05309820008100206, -0.1611577210767744, 0.2020658318333607, 0.04670444945613764, -0.013114128254128365, -0.14704035208911997, -0.05555003866547439, 0.1881082867385292, -0.142556433029419, 0.11565565798213218, 0.1495812593845676, 0.1432206113214078, 0.16658167702071908, 0.15141804349305416, -0.12358121225078407, -0.01696086540519869, 0.09366920524822892, 0.019734665931754845, -0.014467833472726285, 0.011823851537647756, 0.09556554012474186, 0.10505393428386674, 0.11626229913106642, -0.03062972241992081, -0.26269630159596813, 0.044772091287576275, 0.03968734351808422, -0.19456297289047653, -0.1506476787009127, 0.13043520456574942, -0.06987280784602759, -0.2288739760319759, -0.0834816976591273, 0.2597978419289517, 0.1296770283430071, 0.19203494981653788, 0.17537900283826674, 0.026523275145158755, -0.19365503197006545, -0.048327062748106435, 0.14606338471201966, -0.1386796375007832, -0.1771016871305721, 0.20420057368428057, 0.1425716705662088, 0.135948049940564, 0.024081182159169972, -0.01857885886558217, -0.036357754393967386, -0.19476317734996385, -0.07552596886393842, 0.08250817157920734, 0.08814002345023084, 0.15134222912034878, 0.16446855717324294, 0.06670745729419635, 0.011738186988354285, 0.2307939581296232, 0.1443471138275023, -0.10426358208487406, -0.06985505572552306, 0.0008445592616137792, -0.30902847576170145, 0.2670485000883571, -0.3020642277436033, 0.3261331605000486, 0.11580298954335018, -0.03246389700211814, -0.12407320196564335, 0.16840656033035506, -0.06648696698167397, -0.09518817017818762, -0.05605414361979216, 0.05591175070103223, 0.10213003282520809, 0.0017183591059495853, -0.1600815803584428, 0.12196333564998524, 0.11126158460938657, 0.15445272375575148, 0.07762572480624122, 0.04428526115281243, 0.0876737352471077, 0.12694452742305845, 0.0017167012760870015, -0.14281868164515024, 0.10116654971704529, -0.01818211555348262, -0.31903331507785443, 0.1507204740949643, -0.08779102226491545, -0.1665409609009811, -0.05461690759503052, -0.15118746386209903, -0.039623712001286136, 0.1487633450030163, 0.02069409658826339, 0.09218367689811509, 0.11505957165438413, -0.05267996140710877, 0.02329696397146512, -0.26771644095574687, -0.07974484444825768, 0.07169542991766845, -0.13390532594261667, -0.02848431845536034]
-499.0843312644109	(9, 12, 2)	[-0.08504165605347389, -0.037907812840920645, 0.09009494416430289, 0.17705474558145842, -0.17931034757620726, 0.05982698199020226, 0.12722062158739575, 0.28138645569762316, 0.17918568745167957, -0.2964160914880294, -0.1339957129898957, -0.08244469955792547, -0.18669366088005074, -0.09542397865386264, 0.05431224536158856, 0.14224338067887488, -0.15239012660925816, -0.042016340263976756, 0.25802645582360756, -0.1748370053763727, -0.24271693561685923, -0.05590814174240878, 0.050432056265217254, 0.3372354488282454, -0.0379354901497081, 0.13607005327783664, 0.028577804292572298, -0.13814629992719146, 0.1490296435980834, 0.041690313950089014, -0.0085104195672005, -0.16320376668127026, -0.10866844890716605, 0.2085658758019467, -0.1205511162360544, 0.29871537152582495, 0.15666158200603994, 0.16025633995803434, 0.1657053764764188, 0.11648349432933376, -0.12302120761303165, -0.01773679197324897, -0.021345770488980648, 0.008224768477209, -0.13314861388399632, 0.02639140533845448, 0.09034134938253177, 0.10382660421079701, 0.07994283100962019, -0.003557061320865049, -0.2776691262620756, -0.022527419143198342, 0.09377383502187736, -0.15118165097530448, -0.1306889002218087, 0.12720973128304078, -0.08754721413694642, -0.20747943574544533, -0.1998692996244421, 0.26113600038147516, 0.24373486314709414, 0.18235291667944065, 0.19624708386032608, 0.02012883185090981, -0.2320059645011649, -0.027166684705919576, 0.1686584140098506, -0.14268306969062552, -0.17271769218751504, 0.12454702343091659, 0.17145166909532372, 0.09820262841506444, -0.008473908968910607, -0.03244146155124586, 0.018796814333770118, -0.18287189457155506, -0.13596866074124545, -0.012404181486894659, 0.1427787100214532, 0.1672813537588363, 0.27649142744367394, 0.09444437837931396, 0.008546926420322674, 0.097388227499123, 0.09328675708565981, -0.10255609982421236, -0.07431877437056564, -0.009376901843609925, -0.33078121108905123, 0.24570469522910543, -0.2819724796414902, 0.3179489434075786, 0.15603514761687615, -0.054162689836176794, -0.09433826974956326, 0.1730558749649105, -0.04663669101063527, -0.1566396056152224, -0.029327399980709636, 0.22269177995039363, 0.08392191192925572, 0.03440228866776046, -0.2444225628118378, 0.13774183881235968, 0.12480909308420582, 0.07256803557584478, -0.03704210037966099, 0.22379704068083953, 0.08700982157095276, 0.04875490985361364, 0.0043168871778004264, -0.1386724142760646, 0.06730908257225782, -0.006457940252168023, -0.2881213671172992, 0.16958092996770754, -0.09970202803529436, -0.14217262849689408, -0.2972412932943782, -0.1608986871506219, -0.03198328210766448, 0.13881176859150596, 0.020241582885818614, 0.09378566216538611, 0.1440327821356474, -0.0114268876648874, -0.03306453880378534, -0.27777624252959326, -0.07987658176094412, 0.07584755202647661, -0.05443461664205082, -0.017125242370601108]
-390.40395423022744	(9, 12, 2)	[-0.08847736520727584, -0.11600700926872816, 0.09624069886310738, 0.20905568272671454, -0.1957490558084925, 0.048788540958882715, 0.09154026906354688, 0.3300100323986394, 0.1452528867797077, -0.2737308575390948, -0.00554703524536125, -0.2117870856582939, -0.19478396726362474, -0.10578982418869029, 0.020007667037985816, 0.14228429237218476, -0.108100531833924, -0.05820405108828272, 0.15443816413471684, -0.04663098985937608, -0.23505988479011475, -0.08859618354471904, 0.02542647944716128, 0.4043542836974233, -0.0630420998443027, 0.1389214669653195, 0.05133716444845726, -0.13896334913820182, 0.14365842033468834, 0.06268002902646978, -0.005190568565489663, -0.06401919898976437, 0.11839424795162024, 0.18636400505777417, -0.12481944456980366, 0.14009460577363753, 0.15431483032456872, 0.15408325244858784, 0.14754583178269218, 0.16838584910861876, -0.11834884826084677, -0.010275721974419089, 0.09331873790700917, -0.06550589621971366, -0.09268512736465837, -0.04947427497684103, 0.08831435655043648, 0.10718709728286065, 0.14315487395736365, 0.007504814023205034, -0.3049317149483013, -0.007057155008385682, 0.0776575889293245, -0.14656157323998145, -0.16565166666009057, 0.15152661225905917, -0.06443729840602411, -0.2000002442705259, -0.18666822279486744, 0.27631105374841725, 0.20100439755344499, 0.18922671660486542, 0.24168443065018927, 0.03146790788830439, -0.21632695025273438, -0.0551042558954401, 0.18545239219463008, -0.1391141288909084, -0.18267416611484538, 0.18373061513262223, 0.17298281936342227, 0.14183127452494734, 0.04648275957448821, -0.016188432657458538, 0.03058596954797099, -0.1421974265677957, -0.13271838469468272, -0.011218393348963636, 0.10449786333927752, 0.15774247890198256, 0.27441996121072326, 0.048907821421791266, 0.016166883285948078, 0.10661177184811349, 0.08823225940285744, -0.09920334018333493, -0.0812492938080843, -0.020273717492706313, -0.30846283159739407, 0.24045665008600364, -0.31675993794647994, 0.3199830847651964, 0.11887131046904653, -0.058503142410353204, -0.11602345441799264, 0.1336115862739774, -0.029363434173426337, -0.1463037320749123, -0.06275761173487829, 0.14492820210674284, 0.07997598255991144, 0.006869520246734433, -0.15036032081837844, 0.12256005158625324, 0.11183894177821202, 0.10083206635888975, 0.10302633009825524, 0.21270618511968548, 0.09558359307405467, 0.08424200058445505, 0.006184247833707881, -0.14331320317986201, 0.06766255323937118, -0.010263154461270204, -0.2729619891150638, 0.1349452449082679, -0.2267815347948958, -0.132799793155767, -0.2700864608394835, -0.1551291526524135, -0.041481746701288146, 0.13822947066288857, 0.053600132890958066, 0.09990003529532274, 0.14470083975625458, 0.007854363700468003, -0.02346786902280407, -0.2880910093307961, -0.08202213522370486, 0.07863396463519388, -0.20930624146710067, -0.0366902628241427]
-557.3962268362624	(9, 12, 2)	[-0.09733740342417153, -0.12293035980757783, 0.03979157480950278, 0.16802582672265937, -0.24874589736941516, 0.03293723945119831, 0.17575100410194727, 0.38437352576255257, 0.16513074473117476, -0.27912819486291357, -0.15078064637094502, -0.09959710274519318, -0.1645763481319345, -0.10236161745557697, 0.048413855444316894, 0.13652753745075197, -0.11018495064342944, -0.06005161304611551, 0.11702297928305412, 0.005942298005331128, -0.21387514299485097, -0.06329081133407094, 0.054565671988726035, 0.3947691846902548, -0.02017181260171856, 0.20210712487709764, 0.04223276069390159, -0.16572460263084812, 0.2461672079673906, 0.07547105349375519, -0.041717654090172564, -0.14904267275218241, 0.009779169080355919, 0.19899045654516828, -0.1703794268341883, 0.1470272294237433, 0.15259739633013042, 0.16043748523439932, 0.18011516176719106, 0.1646912403006055, -0.07536867247972076, -0.03571575485135593, 0.09746420864692043, -0.09166137625307186, -0.09713393605545327, 0.0008563042817900015, 0.1278317639077503, 0.09062629786867704, 0.09591918869353899, 0.0027669020581360397, -0.2812002041131296, 0.010079550622168223, 0.036034104125583846, -0.1489685308909399, -0.17971664385829705, 0.13220559039993285, -0.04064991448879629, -0.21575163872255304, -0.15816743959121635, 0.2748895863606761, 0.1960233127287353, 0.3228844096155476, 0.20081320501991543, 0.029069843687921502, -0.16705856383249063, -0.0555825021701334, 0.18862267566428192, -0.15685168371225539, -0.16628182784378465, 0.17740872009046837, 0.16090960836739415, 0.13411468617184674, 0.05009497317705652, -0.03279438164300811, 0.0011411897890872581, -0.16276106916449765, -0.12414441107234062, -0.004542236951534466, 0.11038446285514165, 0.14543457178356534, 0.30115807406422734, 0.07102440256391339, -0.007083336786134592, 0.10829951904182111, 0.11135896099456097, -0.0923389308240815, -0.12482799270282915, -0.007858693908679151, -0.2728744872092209, 0.2417108221853629, -0.2947209201925661, 0.3095842312509318, 0.1028658906217558, -0.01748431894732582, -0.0606698281280558, 0.16055020027942352, -0.04239988036926548, -0.14067999781550286, -0.061441153114000585, 0.10719035924258741, 0.08637279702337902, 0.05272614729396787, -0.19469721576649757, 0.1220593112685155, 0.09198403529152921, 0.07737967318897965, 0.28228017054301857, 0.1749705225367811, 0.09193251402061703, 0.11457580938546129, -0.06270294605057625, -0.14762483977473895, 0.04950550778606618, 0.06056854736789297, -0.28535210868948546, 0.1185193406029248, -0.10980172682110166, -0.23061493625010718, -0.2476815954460188, -0.15482345674896844, -0.031033733857621613, 0.140877703915961, 0.2070667622547515, 0.09272404682263284, 0.17558008900665964, -0.019631073381199966, -0.0010859656634897288, -0.3559503178223349, -0.1396563842987427, 0.06664445776425544, -0.10431300024106929, -0.035990091555280414]
-216.4332849720308	(9, 12, 2)	[-0.09733740342417153, -0.12293035980757783, 0.03979157480950278, 0.16802582672265937, -0.24874589736941516, 0.03293723945119831, 0.17575100410194727, 0.38437352576255257, 0.16513074473117476, -0.27912819486291357, -0.15078064637094502, -0.09959710274519318, -0.1645763481319345, -0.10236161745557695, 0.048413855444316894, 0.13652753745075197, -0.11018495064342944, -0.06005161304611551, 0.11702297928305412, 0.005942298005331128, -0.213875142994851, -0.06329081133407094, 0.054565671988726035, 0.3947691846902548, -0.02017181260171856, 0.20210712487709764, 0.04223276069390159, -0.16572460263084812, 0.2461672079673906, 0.07547105349375519, -0.041717654090172564, -0.14904267275218241, 0.009779169080355919, 0.19899045654516828, -0.08056313391733888, 0.1470272294237433, 0.136361668611664, 0.16043748523439932, 0.18011516176719106, 0.1646912403006055, -0.07536867247972076, -0.03571575485135593, 0.09746420864692043, -0.09166137625307186, -0.09713393605545326, 0.0008563042817900015, 0.1278317639077503, 0.09062629786867704, 0.09591918869353899, 0.0027669020581360393, -0.2812002041131296, 0.010079550622168223, 0.036034104125583846, -0.1489685308909399, -0.17971664385829705, 0.13220559039993285, -0.04064991448879629, -0.21575163872255304, -0.15816743959121635, 0.2748895863606761, 0.1960233127287353, 0.3228844096155476, 0.20081320501991543, 0.029069843687921502, -0.16705856383249063, -0.0555825021701334, 0.21513981748022834, -0.15685168371225539, -0.16628182784378465, 0.17740872009046837, 0.16090960836739415, 0.13411468617184674, 0.05009497317705652, -0.03279438164300811, 0.0011411897890872581, -0.16276106916449765, -0.12414441107234062, -0.004542236951534466, 0.11038446285514165, 0.14543457178356534, 0.30115807406422734, 0.07102440256391339, -0.007083336786134592, 0.029969292566912997, -0.006441756780192862, -0.09233893082408151, -0.12482799270282915, -0.007858693908679151, -0.2728744872092209, 0.24171082218536288, -0.2947209201925661, 0.3095842312509318, 0.1028658906217558, -0.01748431894732582, -0.0606698281280558, 0.16055020027942352, -0.04239988036926548, -0.14067999781550286, 0.025616276415371023, 0.10719035924258741, 0.08637279702337902, 0.05272614729396787, -0.19469721576649757, 0.1220593112685155, 0.09198403529152921, 0.07737967318897965, 0.28228017054301857, 0.1749705225367811, 0.09193251402061703, 0.1145758093854613, -0.06270294605057625, -0.14762483977473895, 0.04950550778606618, 0.06056854736789297, -0.28535210868948546, 0.13006908733658548, -0.10980172682110166, -0.23061493625010715, -0.2476815954460188, -0.15482345674896844, -0.031033733857621613, 0.140877703915961, 0.3327094722300301, 0.09272404682263284, 0.17558008900665964, 0.03804202104499634, -0.0010859656634897288, -0.3559503178223349, -0.1396563842987427, 0.06664445776425544, -0.10431300024106929, -0.035990091555280414]
-229.9637027258418	(9, 12, 2)	[-0.09782005462818866, -0.13002464964178506, 0.058717303006687996, 0.19802988493834603, -0.23462559023491844, 0.03088213874644012, 0.15016501046228528, 0.28468757590251914, 0.16482145260080402, -0.2802753800590335, -0.14882173184994776, -0.0987359479315717, -0.18177458114546424, -0.04481427024909592, 0.07237597112211505, 0.12075177441340108, -0.10919013264482315, -0.055947297258545886, 0.11961897436867013, 0.0032696444618541542, -0.20617030227816724, -0.06073305675628496, 0.052317290634194366, 0.40140901262735373, -0.028856475292876417, 0.17834553305927237, 0.04495913980968447, -0.16457664837916317, 0.2564851622419071, 0.045159973841708514, -0.02726943703548263, -0.1504996981608066, 0.0075478327394079186, 0.18695419231523924, -0.10922567578931078, 0.14605475065436618, 0.13783917006628252, 0.16056742165600507, 0.17281313279190483, 0.12920713529119018, -0.08766451775328314, -0.055069190786639084, 0.09928284873189944, -0.06051308353486634, -0.096833538586093, -0.009266785479808392, 0.11228203946202352, 0.10527824875497392, 0.11629243607318875, 0.0003404952654726311, -0.2760354098994373, 0.09802412562352174, 0.04442388437533252, -0.173802308290984, -0.16284004946417127, 0.13453296346667068, -0.02658790560515162, -0.21654685949337482, -0.15754865056757444, 0.2596809673405408, 0.19766117140817754, 0.268607620314965, 0.2012876147690902, 0.028001017001811214, -0.1958597529510685, -0.0556577779872385, 0.20190451977279225, -0.17072259108213994, -0.14378100712814398, 0.19390914528819111, 0.15939463403136855, 0.12582110557926332, 0.04592040205247338, -0.030554893271768593, -0.0029553622153913623, -0.18086644730661386, -0.12428911926430346, -0.005622377711139282, 0.11285646967662966, 0.146075640133509, 0.28055294439738915, 0.07654935105956535, 0.009986829925060337, 0.09434803331858135, -0.004317065160708502, -0.09401602837553114, -0.106521118570251, 0.03984375123780662, -0.2745746913740382, 0.25107315832639954, -0.2885137300768797, 0.3181314926515739, 0.10104683765981522, -0.01937127757939933, -0.08381118895906785, 0.16310584053840738, -0.05454871554007498, -0.13866825449796702, 0.008318493050533877, 0.11755899512086819, -0.04284435380818154, 0.026928893519018633, -0.1918981980641279, 0.14115866235091257, 0.10677222788742721, 0.10489058237646784, 0.1854283448227749, 0.17612421288177926, 0.08901366113273027, 0.11941637443083693, -0.048172402636146125, -0.1452622933441163, 0.040772771368292084, 0.053539026108722, -0.3258041931678537, 0.13177830643756314, -0.06947554575421405, -0.2262101274888491, -0.23986735154707706, -0.1544702720558389, -0.03878705810481819, 0.1725565839869782, 0.20719750271316537, 0.0923825440139347, 0.1670412039429271, 0.0033763519480432182, -0.004273229226227006, -0.355116354804644, -0.11041613741333334, 0.07503369113021802, -0.10846235291008247, -0.03562327948556347]
-307.3874667515838	(9, 12, 2)	[-0.1298759604474094, -0.11785017775679063, 0.09424317528031256, 0.17939619027325004, -0.15446485404106314, 0.04323572807333124, 0.15009720135478366, 0.2932957420921425, 0.24789856762536228, -0.26622243424526587, -0.09883114602355306, -0.12117639468514754, -0.1685329431299475, -0.10222258118023855, 0.018909893947686513, 0.10425603302723835, -0.10701875081291509, -0.022265767176707068, 0.14240299032490802, 0.019968528541364324, -0.2434333999824612, 0.05529855485329064, 0.041581252602113566, 0.3798681053124878, -0.08332671969997035, 0.09735917030184023, 0.07247020476577527, -0.1460072228780026, 0.10415468187336158, 0.0895817050755977, -0.028965930395459753, -0.2302315978939617, 0.025020216154357882, 0.21099354823476318, -0.037676023933223245, 0.17609017890356418, 0.09174721004161043, 0.19666271664326831, 0.17884976027818125, 0.15349170777272544, -0.12030436641259959, -0.03172531588880263, 0.10912358493588722, 0.05780842251260333, -0.10529008320823742, 0.04485693188299943, 0.09500565536091024, 0.14098234580355765, 0.11966537466552127, 0.033012833396631025, -0.27548670098326494, -0.021381529351532494, 0.039446622883484855, -0.14833855387629524, -0.1435452231492753, 0.1462538765295618, -0.03680989579535775, -0.2033341169201853, -0.20865401602310196, 0.2702113255737459, 0.18491823620617073, 0.2232742854030806, 0.2197292793625459, 0.03323964636173238, -0.1550908826994047, -0.06558009160639425, 0.15853981225893543, -0.148853168341389, -0.14201240566852347, 0.190109346712286, 0.15128175616015496, 0.2030742625503372, 0.007819610107957894, -0.015559662034103843, -0.014866451074944774, -0.19643520740092735, -0.14444552621898593, 0.0786362782924123, 0.14798558739486595, 0.1535730037587658, 0.20599788409626626, 0.09068553455939622, 0.049779360049734676, 0.07702759272148726, 0.11376387132057891, -0.07319214705519544, -0.07099678072801595, -0.01975650449668947, -0.305959736728874, 0.2649482050002493, -0.29009065733549927, 0.3401663024212808, 0.12440132199918259, -0.05347397411688265, -0.13724888533017232, 0.09633128537006258, -0.07503619682856617, -0.13922792102300616, -0.01811329657615001, 0.11943800650497641, 0.10139225862243485, 0.011354952276687398, -0.23740718845024766, 0.12670768902001417, 0.08482461928742498, 0.0743297221674235, 0.11293947899162293, 0.26099074802733907, 0.0558315431881902, 0.14643476242402198, -0.04802497290566427, -0.15356922399201342, 0.1154414591542175, -0.0788229347338733, -0.27025438009660596, 0.13513900122620037, -0.10696947067012469, -0.17262578407606577, -0.41122946574937913, -0.18364957426759163, -0.06725219076088079, 0.11674417514985702, 0.03012934884310771, 0.029612910229193695, 0.1592666935582659, -0.011564822996242667, 0.013884366088202123, -0.3166578794332042, 0.04973742493691149, 0.025120793052177376, -0.11989072359438344, -0.04549927339632134]
-320.84494460898844	(9, 12, 2)	[-0.2262654537081411, -0.1119451885459541, 0.10220495525160464, 0.1976702484449209, -0.1574111692857286, 0.04522072317643038, 0.10549930263193064, 0.2954161401738701, 0.19116822679148882, -0.27576700317647945, -0.14410928145940016, -0.13485639197714017, -0.1816596503181599, -0.10522123686321345, 0.01717253068195681, 0.09720096842253007, -0.07542112717935132, -0.027559115188897997, 0.1261298488855795, -0.05340778666501465, -0.25357077706843467, 0.030776934155249628, 0.04004305648891138, 0.5122530633041796, -0.006845176279408328, 0.1343345886439243, 0.04892479401508668, -0.16621708060019943, 0.14248911570992123, 0.07443864417675797, -0.024966839985350826, -0.12769057902672107, 0.00707336848895445, 0.18720443084978522, -0.13146608511202806, 0.23913763733376148, 0.13683096357657498, 0.15812814736044375, 0.07788707113521862, 0.15162569592926428, -0.016172140182068955, -0.007867274291899963, 0.20374611203173126, 0.010141060834105998, -0.10739995834221863, 0.01721370507423089, 0.048472225499778726, 0.11176422678607723, 0.08500507401523481, -0.0005565661012807963, -0.2623352797447563, 0.03204311484555122, 0.06733570131111201, -0.16693792105077873, -0.17115618659374915, 0.20950224872238793, -0.026098248207619516, -0.1764263687518754, -0.18745438121684538, 0.2663899981483024, 0.19088408214866692, 0.20444049477633758, 0.22795596897450376, 0.027543587202035594, -0.2085871128318342, -0.04873827388640597, 0.1729770267380022, -0.14361187098424852, -0.1773125047335984, 0.13833026680069566, 0.3190524073570409, 0.027258527141459717, -0.05609913989981571, -0.014852984554743988, -0.026146944921940928, -0.18487997869524697, -0.11366414686755494, 0.1146303261882277, 0.20283997238293938, 0.1628174847029907, 0.2735558592281744, 0.07346615083367741, 0.16375142590293743, 0.15411674808362802, 0.09415316415523929, -0.11947247564583544, -0.09815602537126467, 0.04262641677976673, -0.31884978897753746, 0.08652145170747101, -0.32368180267273894, 0.33245069053316634, 0.10151305970105456, -0.2002829781567977, -0.12381434811253098, 0.14630363581181557, -0.07884530106349383, -0.1287464876160639, -0.06927845491314016, 0.10065787102526588, 0.08670935721915475, 0.024503597888263347, -0.2429480795522659, 0.10999977096530916, 0.12928668227122714, 0.12976826446338918, 0.10305700048198103, 0.024559954457292976, 0.1538538862317353, 0.11555545929311997, -0.002430276822183018, -0.15371432375491126, 0.12729548758858528, 0.009284903485365223, -0.3151478235677861, 0.16719162382279223, -0.2488899147064985, -0.14746897298611, -0.22780819634346697, -0.15468078681787323, -0.04186815293089123, 0.07659817231970396, 0.03485878925475894, 0.08930440531958518, 0.10442373588193149, -0.012953584587480919, -0.012676058709033251, -0.2934955720831421, -0.1070742799970216, 0.04835618359357448, -0.3238852343854669, -0.05255505242401372]
-226.55431203191637	(9, 12, 2)	[-0.11405287704788279, -0.11625229056189348, 0.1019881442248822, 0.16944712244235957, -0.14488898273300224, 0.037159612232930087, 0.12186256085859676, 0.2974006515227812, 0.19516873044615524, -0.29294436393153134, -0.1410974331870453, -0.11980985605665487, -0.34035620219954915, -0.10478349327383854, 0.017511771076097648, 0.12838364390506302, -0.08325045573798105, -0.027430834911427983, 0.16676503783918878, -0.015947485167863845, -0.20200487532428785, -0.04077275007935605, 0.05145666954343871, 0.4714265372865232, -0.019946714447074184, 0.005494725164123701, 0.05164655667365815, -0.16708842702120946, 0.14168898105245575, 0.059703145651184876, 0.026956976301891693, -0.14026315487981583, 0.10963343172871581, 0.19145869838864757, -0.13445659758053993, 0.23886647274945347, 0.1392393105261426, 0.15828744826681773, 0.1341764679867512, 0.06338206257434618, -0.08566340920465204, -0.00974657986099244, 0.048902863652728695, 0.02306783584693094, -0.14794227698114973, -0.015181325615083263, 0.08333558788923937, 0.12369928372552975, 0.0907273541536912, 0.006883663380142039, -0.25075236498478737, 0.0239773339289286, 0.052236413458600715, -0.12706196530167077, -0.16765557373628295, 0.1676846318304754, -0.035967792204995054, -0.20821000985043286, -0.18342170468876912, 0.2877789093434101, 0.19660553086931432, 0.29154516671826636, 0.22686299556809378, 0.029081336142851924, -0.19537528911435786, -0.06267770663313281, 0.1636095273406047, -0.17388781051942995, -0.1668180439644862, 0.16959543915726816, 0.2250723051595251, 0.10996568194188833, 0.0005861895818768809, -0.018753201810622757, -0.12150809681079185, -0.19442491706588905, -0.14422530850758242, 0.04602470324883657, 0.19357532053471369, 0.16795591954506256, 0.2665097993147535, 0.10081135564824768, 0.12729194717097625, 0.11128225036476865, 0.11890153066459459, -0.09101110360729425, -0.08855864379657383, 0.018633406147082206, -0.3011186683109361, 0.11600824812891643, -0.3067769764217907, 0.33851264745007026, 0.10578978562367242, -0.13253150513845524, -0.12363369087847512, 0.16121256929288008, -0.040632685045368086, -0.13531130671723962, -0.04220272531449949, 0.10083781716766839, 0.08143887312144246, 0.021101386399798285, -0.22349552997724118, 0.11468860172997329, 0.12553502653372528, 0.09934235986943121, 0.11259588140394344, 0.10697440927958332, 0.12293589412255605, 0.12851851192659122, -0.00917358700049902, -0.17128839921270236, 0.0899753072864125, 0.008934600315438855, -0.18850985418938573, 0.1544812196013137, -0.20159751383487878, -0.14694611531799776, -0.2433433709798032, -0.4132409818912064, -0.03709350979848862, 0.11800474866605722, 0.04219101138334572, 0.08896561014162706, 0.09849758793285021, -0.011699048754026152, -0.01113334687843042, -0.3883389144804757, -0.07927536650534536, 0.04622830156299216, -0.2790386030630987, -0.04888745845896129]
-421.74684895777636	(9, 12, 2)	[-0.08948498205477114, -0.10929235572011867, 0.003601889954668494, 0.1824597212373535, -0.13572331842099522, 0.03992162367802217, 0.14488707280967092, 0.2930415853273801, 0.2163658452296967, -0.2905862984648513, -0.14242431365759908, -0.08730251272992709, -0.1988025713190747, -0.07624136833770097, 0.05816411144716015, 0.04114280539139829, -0.10585035399982662, -0.06220879214108627, 0.06482210355226134, -0.1192585623513343, -0.23152357571057403, -0.05596390860640794, 0.04211884838784442, 0.3854312752731773, -0.046427657940768516, 0.13697723837923736, 0.012507934608399399, -0.2159266000904503, 0.15550393563599868, 0.06561601370364459, -0.02043837234511978, -0.14952100101530325, 0.1496918204821024, 0.20383340688376766, -0.1310603079075115, 0.1533413192617449, 0.10909934108197172, 0.1716807079507599, 0.10732323814464267, 0.15344730598178083, -0.10339729863997743, -0.30368780387715083, 0.0947166419618734, 0.05314774504887912, -0.0966578525700818, 0.007390142266240938, 0.09829849051246808, 0.13724619741738028, 0.0083467272466647, -0.02961404288537076, -0.2857621724949703, -0.02570764040892412, 0.09418818064325528, -0.15234555318684007, -0.15288271674017095, 0.11307421138969463, -0.05526023253834578, -0.2172046595627286, -0.19566474014035634, 0.3039423551623728, 0.1968791403128455, 0.24224918983905308, 0.24130839953391098, 0.0168038039192556, -0.21525332865201835, -0.02653680357800705, 0.15959908687271507, 0.0764492033006676, -0.16088944925162235, 0.11414453412619277, 0.11304070016428792, 0.14040386400770954, -0.06851684215674256, -0.11126889510463611, 0.03976520975508822, -0.17839924617040304, -0.1276464905827055, -0.004387659999183877, 0.13772495836392087, 0.22853990833101245, 0.28239779204515536, 0.08090087024015313, 0.06971725286348338, 0.08077809413158651, 0.09098526081892273, -0.10573642162057506, -0.11721387401981856, -0.017629037385704583, -0.28950864462818543, 0.22256315379974267, -0.2763656185483385, 0.3073951890765023, 0.10516401234415494, -0.02573147426985043, -0.04511729415418348, 0.15705057966606756, -0.01830936530709897, -0.15459544752809917, -0.14346324844999764, 0.10369745795104751, 0.13402281324409643, 0.015418325786609743, -0.24075064981943295, 0.14499860383124652, 0.11390050249026812, 0.08700205858381029, 0.11132674290206238, 0.16413825147642824, 0.16485753236840858, 0.1318055024544777, -0.026874076151636794, -0.14734051204036555, 0.053277434944174834, 0.015943283380585798, -0.27318778017807066, 0.14231252584072143, -0.1208612252139617, -0.1612016893261399, -0.24970115349807123, -0.16912148090036205, -0.0657007661561344, 0.11940902617212598, 0.16553770220647546, 0.12098941974202818, 0.13958825360419788, -0.021032954935723568, 0.024174937114982916, -0.3358444787535795, -0.08246229147294143, 0.095614531788672, -0.1378591507674528, -0.07378238480793034]
-419.64836545720664	(9, 12, 2)	[-0.08919971182544784, -0.10530795122387018, 0.11297690844756965, 0.19328361181351708, -0.13418116869544294, 0.049748118712931284, 0.04278737664588324, 0.2863595155463897, 0.21597441971654607, -0.321490485187656, -0.14728042946510567, -0.09375098220318513, -0.17911427302051078, -0.05481942170741965, 0.05865545216399429, 0.10261722954000274, -0.07374471746053227, -0.029202535781724208, 0.13561236535740004, -0.0690337007866274, -0.22443036471755873, -0.0599712951200771, 0.04956604084854077, 0.4009016588876344, -0.054541079167790885, 0.11505316840378227, 0.11014517432584739, -0.14410830407368863, 0.14121453195520345, 0.06603515572077272, -0.01321154383883861, -0.00589744315088998, 0.040150054719525846, 0.20744919856467983, -0.13823581080999092, 0.24165097503477778, 0.1292512132614876, 0.07314059068392832, 0.20675747493759433, 0.14141363878482877, -0.14762238062613697, -0.04242949540550078, 0.04381033083423898, 0.015915695351279513, -0.10064303726844719, 0.015370389830381935, 0.09303129240834682, 0.027350926716670068, 0.23232492817622277, 0.004736508789040739, -0.24400052866684108, 0.022209781320311307, 0.0641802296308549, -0.18250886750848844, -0.1472055691953701, 0.18270394790210914, -0.0591566681333996, -0.21449408573453663, -0.2251408568713189, 0.1929750971623621, 0.15764400691227076, 0.18637948479034505, 0.22106454819770174, 0.028749826092445658, -0.21563523517442634, -0.04648666222009569, 0.186822496010684, -0.14777565276024635, -0.15968146233779076, 0.17523242531487615, 0.21321134517647305, 0.1058962909958793, 0.0307256350856773, -0.009412449692186528, -0.22972923252267793, -0.1931745974670986, -0.1362559574788219, 0.11749243012071223, 0.12754425432178912, 0.16131142511699748, 0.26946381166379985, 0.08938131870398264, 0.12522677037337734, 0.09926576841051743, 0.10367282598781627, -0.1256034589216407, -0.10041309203552888, -0.035209270488158806, -0.2916161719506118, 0.22277624911864313, -0.3280414562834794, 0.39042438158950094, 0.2579539405984149, -0.18638409280586898, -0.12520711652510613, 0.12933974650561458, 0.02394046448824194, -0.040010101708266896, -0.052392338959208334, 0.12880348140260964, 0.09176208155054331, 0.02501831021898547, -0.23404841710010935, 0.09743983420924962, 0.13328129613486525, 0.1101594253078513, 0.10267704747508946, 0.18086454094412213, 0.1034963880786969, 0.1335930848090251, -0.034325819647011965, -0.14656985038611428, 0.07034806700078522, -0.014679867467304694, -0.21793500219993917, 0.16739280632043757, -0.20209930878166038, -0.14075530200918826, -0.2011737447825197, -0.2154881929936584, -0.035982988458325635, 0.10507224241799148, -0.039870370969493335, 0.06262101522063948, 0.12480496453013824, 0.009689191605936079, 0.04599436635401053, -0.31170959265751, -0.08652978346839992, 0.08087899066437981, -0.16040770615289351, -0.040019047313847006]
-250.75813548725878	(9, 12, 2)	[-0.10727127985479612, -0.1117539117954186, 0.09269667641296225, 0.18267803962446855, -0.173411257557238, 0.04297819333795958, 0.13926085782420336, 0.2837082191700093, 0.20517807257030757, -0.3239942098707217, -0.09526760577433374, -0.09851408544875137, -0.1885398528428451, -0.0967455854436109, 0.04595766684460186, 0.10768524232624171, 0.030694979194985664, 0.05727737302345095, 0.06028665403413165, -0.0347187035079982, -0.19432758938486835, 0.0655135114245346, 0.04574428557810682, 0.4009401039178198, -0.05198514500176675, 0.12771781568188875, 0.05822021297072422, -0.1782166538495659, 0.16191897856006265, 0.022674640314416288, -0.027479939297386433, -0.149339656594005, -0.06485009770861458, 0.2506755789394732, -0.14397426004910346, 0.15820725428626, 0.15093945779173704, 0.152414621670024, 0.021881433703701374, 0.13019719750606737, 0.06302485174446633, -0.07007964188492107, 0.13436498153138912, 0.07783052449623262, -0.11753711821452856, 0.014439425576323172, 0.06911957269649592, 0.163722400096263, 0.12778244074900688, 0.014001283080930304, -0.27733336630043964, 0.006941739979841336, 0.06070694535666246, -0.1960467771704067, -0.16246249259816115, 0.14880148153426453, -0.03493174033304957, -0.21826624887194238, -0.1933090933934605, 0.2827225891587341, 0.2085450587827178, 0.22975645177203713, 0.20318319585990602, 0.024174669686893475, -0.18704876277316612, -0.059442004176176885, 0.17833631434549418, -0.19043892782673227, -0.1665496554942864, 0.2501252316937381, 0.20899447819498002, 0.11292625068110543, 0.03435395018375573, -0.01774998977907457, -0.027650682296193548, -0.16655924640190095, -0.07915703907881111, 0.054473832169730826, 0.1433259156408271, 0.11215805825057741, 0.2714162616975584, 0.08982953818578805, 0.06643400404122238, 0.10947071874053593, 0.12315147249064227, -0.11215368557846372, -0.08775100444567219, -0.013514419588292515, -0.2956793376349625, 0.22385928377411526, -0.2821163417068365, 0.3376879604782948, 0.2126814610991964, -0.04469252583329521, -0.10335548922057412, 0.15779679603820818, -0.01220519797158815, -0.14288200404774132, -0.003162533881938316, 0.13112704107816056, 0.12226027296263353, 0.014901675860406267, -0.22758913152818316, 0.14418068170853723, 0.1332298166802392, 0.06752809606417734, 0.09963195773633593, 0.15639251179484454, 0.08873697367008399, 0.11889539073983843, 0.018501417985930017, -0.10354818913439108, 0.1063901212119218, 0.012584775564261295, -0.28995107588547586, 0.11929242718307032, -0.13760725052939107, -0.15472917085466303, -0.21477493050559343, -0.15791121346429154, -0.14996601774736368, 0.11987103298101706, 0.05326908162346357, 0.08567058109606474, 0.13176328466598974, -0.015155552566969531, 0.023952118948941312, -0.3074417928714581, -0.08615574355341445, 0.09348324611079445, -0.15399152789705867, -0.046451343910382165]
-439.90682014690094	(9, 12, 2)	[-0.10810167431719099, -0.13545905566189553, 0.08547968024528421, 0.18842042161149924, -0.15600988064703888, 0.02362442205483107, 0.10369708623965165, 0.2863483800986244, 0.19154526352115842, -0.31425167643135044, -0.11212315402152329, -0.12487877519512336, -0.2038634428353424, -0.05256676116515861, -0.023403928428880547, -0.21267397864491253, -0.09987548614511443, -0.052024458654116694, 0.1262954237186303, -0.04358616566060949, -0.23297582785108067, -0.06392026648346527, 0.06072948306038681, 0.4096984470068297, 0.046735351378254776, 0.06196174166403669, 0.06529071227453825, -0.16488867023101528, 0.12763301303445085, 0.06509620078493498, -0.03830154593724256, -0.1522831674119608, 0.016929528240144334, 0.1985521094720935, -0.15120753916680185, 0.19318403616338706, 0.13589173399549087, 0.1567405189819341, 0.16732663364091555, 0.12480251226028902, -0.10364847170188157, -0.0281099319208216, -0.03156635365408142, 0.01649967082509658, -0.05556058038612567, -0.01168765924937453, 0.10513048023632114, 0.11320099269625009, 0.12560011540406302, -0.013153823954927443, -0.21251103292563261, 0.022430605701542025, 0.06609773136137832, -0.16112023914155268, -0.15322214889507219, 0.2729470868014918, -0.04194328200016939, -0.22933800066805557, -0.17889095792856025, 0.2364957054315298, 0.21713572290683492, 0.1490845116379223, 0.18618313286797059, 0.03372531809921655, -0.2528317840050474, -0.05631932456709399, 0.1889029883738284, -0.14697745207449217, -0.16093671689717873, 0.11205698566062945, 0.2296168927539551, 0.09903046956670716, 0.04502080883317788, -0.0021809275966461596, 0.00555106484369659, -0.19948507327409165, -0.08089699677422173, -0.019446493280178168, 0.11081579109799794, 0.1668115001344462, 0.25367131858506764, 0.10140096680882515, 0.12558153358135246, 0.11101060287453003, 0.09965192508825585, -0.10919098159502459, -0.10473444586469668, -0.02253625337274368, -0.2894560571666269, 0.24009411483465093, -0.29913486542649403, 0.2590099250644738, 0.10905097017757431, -0.07342030724615266, -0.06297953546137902, 0.13221080048532385, -0.03582459519406319, -0.1459763021656321, -0.03349936417579215, 0.11470631274851442, 0.13635319457694467, 0.020655760739203163, -0.2101817690477657, 0.12775020857476133, 0.13172886523770733, 0.04139938378749743, 0.1554414792778103, 0.15459439487233095, 0.08903802532333159, 0.088886979540938, -0.0371537497275262, -0.19424377540721732, 0.14547643112603614, -0.019109311558939877, -0.2683886568482657, 0.13627326435893367, -0.036498500195866215, -0.20019870099793605, -0.1875590537100543, -0.15239276715740055, -0.06411430358163657, 0.11992679921784424, 0.09004564048702675, 0.08022669757345084, 0.14642118892931866, -0.002252419065831973, 0.0005158139898946939, -0.4166159281095771, -0.08168899220301774, 0.08307348119207653, -0.1576034217878683, -0.032292098670321664]
-268.8894124579893	(9, 12, 2)	[-0.09118476066809456, -0.05232796717446758, 0.11033077517103457, 0.17631303575770574, -0.15309190990797267, 0.04894826094397714, 0.13077877352232217, 0.28622055899235915, 0.19749185912359105, -0.3366713033081563, -0.08012031889297008, -0.10272331746965878, -0.1743314034847325, -0.09985804201185922, -0.13397292079526738, 0.1315413317548223, -0.08760367992513482, -0.03421333161004493, 0.12644169191052168, -0.08758426005257194, -0.2249205509310776, -0.07645218482446672, 0.03637773562135626, 0.4133930636566917, -0.04974236945815812, 0.11760831108275178, 0.02625217656285718, -0.15154299145705, 0.14391676362575392, 0.06757368223036288, 0.04801162233116784, -0.13760654943390127, -0.04607591267554616, 0.2072391669898137, -0.13656980579779193, 0.19836874500208446, 0.13459941814830226, 0.14563912980041627, 0.20708876517150113, 0.14889844232172667, -0.1188749285654914, -0.09499668015992829, 0.12873059423597497, 0.008700961452969422, -0.10122242303467538, 0.01993487823297045, 0.09865692086204599, 0.11369556160950121, 0.13058921315956523, 0.021336146146915355, -0.25614082628390006, 0.002279708361314711, 0.07108520740704614, -0.14115346306894605, -0.15333362264191758, 0.170515776248314, -0.02614395501110293, -0.20761894874869666, -0.1976268059004905, 0.25984558971477023, 0.1823886098999778, 0.2014740022588032, 0.20877296812790205, 0.021703753926552948, -0.2590739485682123, -0.026913389391310362, 0.13736039728314448, -0.13557876015091744, -0.16058204301557305, 0.19293066226739042, 0.14543621634247447, 0.11837413103472386, 0.03098301028182434, -0.0059727040741465245, -0.10520110354013712, -0.1776168082530654, -0.12774747824485508, 0.05215522588945639, 0.1300030564016255, 0.23940108801770213, 0.28730598352304365, 0.0942024851448117, 0.06462274964457564, 0.11474501234809925, 0.09577145711192547, -0.09985044312337205, -0.10953875491817665, 0.007616211582614652, -0.18851421076620678, 0.1052722361414971, -0.292582644797067, 0.3308713974460815, 0.12933831113741934, -0.07648790336958201, -0.11321849795581018, 0.17646677364736377, 0.01286173365328205, 0.010818021007322348, -0.112196849081285, 0.1146407876037802, 0.11638969719728798, 0.021728055660150257, -0.2269903796037322, 0.12326209681296191, 0.11233587640949547, 0.09762879780512221, 0.10478480184963801, 0.18006312197558488, 0.11688601729235724, 0.1290939663081161, -0.015938309808282845, -0.1426696844297005, 0.07482121291668098, -0.005512406117630148, -0.2660367784758069, 0.17399957428207705, -0.1133079835692353, -0.15250330543676183, -0.21732584253228865, -0.1638832187034639, -0.04066809696461009, 0.11599787561601806, 0.029422333413788335, 0.10204900573603484, 0.12684089359994477, -0.010291036304825646, -0.008773661370936572, -0.3491678879226343, -0.08478496622383538, 0.08679313614421723, -0.14860395383620412, -0.04030857295691943]
-378.92388816164583	(9, 12, 2)	[-0.08651064908328428, -0.08935275836646117, 0.10114219998571086, 0.13881689679478765, -0.16874064627685864, 0.028629946935484096, 0.036127201858181565, 0.3095050309002714, 0.19928528354373098, -0.2668340252000502, -0.09993945851882398, -0.0584751343504903, -0.19492697311926985, -0.07380034256560837, 0.030994600257231778, 0.11161674750588586, -0.04844096761172751, -0.02063902588661242, 0.09656304376421249, -0.046738354725040634, -0.4076435209752198, -0.07118981419687136, 0.05040914475411962, 0.4024805487404116, -0.04779514691410242, 0.1110688132552892, 0.03680416743649637, -0.16638955861363675, 0.15450229738950944, 0.05402287692692699, -0.020676549646456592, -0.16362989761263266, 0.013880822080295084, 0.17578665840532504, -0.13882648948550216, 0.18875708638806, 0.1784446033728605, 0.12426090997872039, 0.18796655981397317, 0.1469053518774882, -0.005322250588887109, -0.018222592851598697, 0.129936929600631, -0.05482595639604109, -0.11234349392892926, -0.039494389309377785, 0.11681178552189452, 0.14503504489255956, 0.10307625773051708, 0.013450403819006229, -0.328340106495528, 0.0077521894241096515, 0.0778109757861147, -0.32903895632676156, -0.15425367099946607, 0.14452298600291247, -0.014387051651967762, -0.33683229098642087, -0.20465155912668936, 0.2172686573300678, 0.23967494990519367, 0.21264661516918043, 0.20311573756464577, 0.05481098582153855, -0.23337098311389146, -0.12104306008839945, 0.18386737202354664, -0.1835361810834182, -0.16137348469190427, 0.20234321207429756, 0.1335759177684747, 0.17075339299898762, 0.018740474734348797, 0.012054478827930476, -0.03091363702241836, -0.16741297780552816, -0.14575561618604588, 0.0004717500982545503, 0.23948681731606158, 0.16432834989347517, 0.26679664706805567, 0.08832269072986812, 0.095724988108724, 0.10583277786081088, 0.0969705751859444, -0.11600090692549048, -0.08292128700082974, -0.07440967049117171, -0.2911853466302786, 0.20033602010326237, -0.2896673862416789, 0.30559261823009853, 0.11183194998804265, 0.007164076265029125, -0.05735934700184737, 0.20378308135869977, 0.12504852404710512, -0.08502546193639396, -0.04973419885744042, 0.1704213281441971, 0.16355611147264765, -0.02075390713250824, -0.2216402292926996, 0.19965906187591242, 0.17789626089033309, 0.09155963923245639, 0.10866699582408039, 0.19529252609320696, 0.08164652461493765, 0.14840278461478013, -0.0064730770160439976, -0.1379193929424536, 0.06423842097329338, 0.0016976722042935468, -0.26499051760025527, 0.13873035177579063, -0.12361130694148315, -0.13513888935210006, -0.31618111797815307, -0.16070843543045374, 0.02823464732883646, 0.11616252477714697, 0.11250276164309754, 0.09133441779137341, 0.0666232289500863, -0.01501328938021675, 2.0424724913242938e-05, -0.31674041609160164, -0.08170839523832525, 0.09851306690823511, -0.15035005307168223, -0.03670216866164294]
-457.2737004207374	(9, 12, 2)	[-0.10696727240549894, -0.13671214153290306, 0.10445496229904203, 0.13581387713153442, -0.17076796543492004, -0.10683659410218398, 0.10725687647091003, 0.24535847825397344, 0.22063845758922399, -0.2730405959746812, -0.1351647704316926, -0.09891621965568011, -0.19440878954502588, -0.0751641429328869, 0.06793195391134924, 0.12251130267229324, -0.14562436333375506, -0.09099257962720157, 0.10127761832860009, -0.03692873232270093, -0.20141204151606584, -0.11667225318396521, 0.12344461971381561, 0.4005283981198545, -0.04873654885447032, 0.10199979754988647, 0.060732000696899886, -0.16965875014184506, 0.08475584783071928, 0.06373921768412269, -0.02896009433374547, -0.14286523332969991, 0.028127713461153593, 0.1619669231690441, -0.12685591021033352, 0.1542845581613847, 0.13702119969716578, 0.14630616163711127, 0.16160017452480943, 0.15807021488915013, -0.21776797152561683, -0.020970182487143548, 0.1274920220946596, 0.01907860058622854, -0.09199474647569, 0.0030033862709768176, 0.2057607082233434, 0.1162286624990941, 0.09894529962945775, 0.0062526227022465745, -0.27367353857857846, 0.0021621564403389443, 0.06882709291098929, -0.1637559527451566, -0.15540925130294003, 0.14427253122105693, -0.05646256272011038, -0.1810583289270197, -0.18954353764182516, 0.2194236815440854, 0.17549055388641946, 0.21045861869543256, 0.21777777361527076, -0.010338235068678165, -0.336009222825858, -0.04054400587329206, 0.17377278900583976, -0.11144037730957346, -0.16645208520796917, 0.18027503903069209, 0.17483268109334954, 0.13414262155506668, 0.002919081933781126, 0.022698868695174197, 0.003614279166975512, -0.18980863744835064, -0.12048249294336347, 0.06670430599210303, 0.11157275813825664, 0.285195864643367, 0.26297402004829906, 0.09627830427112039, 0.07917830270572035, 0.10725881270688258, 0.13120268979892363, -0.1092555052908768, 0.013220017973720716, -0.028424769185668598, -0.3041376585513802, 0.23046123896464543, -0.296537789584335, 0.31097556054683717, 0.016738627282811516, -0.09726444331623486, -0.2124461231171296, 0.14186064437210438, -0.039219065941951084, -0.21888226802138339, -0.06050483398638619, 0.1315370475306855, 0.07523186773821428, -0.00046752321347631395, -0.22267049303347822, 0.12415097481562332, 0.1107296480826038, 0.07995428914081355, 0.20691363575781063, 0.17286208497302424, 0.0971364313631495, 0.09925612182915135, -0.01065861390930612, -0.26904157667830464, 0.03139663280840101, -0.0026871897984455974, -0.2725063831509451, 0.14520555206464908, -0.11152522323559003, -0.04827854450118206, -0.09519118081490358, -0.14998155760389578, -0.05347020646566519, 0.1184757961005943, 0.06142767504654392, 0.13264296279012194, 0.09895181829663541, 0.030286348781661757, 0.17790013909881605, -0.3202125331521851, -0.055576241033037384, 0.1086383819994935, -0.17654222082599125, -0.05131819870551715]
-274.38674043537424	(9, 12, 2)	[0.0020208135964119873, -0.117391480234774, 0.0681172421157096, 0.20147078050971054, -0.15609245613142667, 0.0764906821248099, 0.09011543003363295, 0.2997400396354525, 0.19827969935346682, -0.2872596959686683, -0.11612323717078912, -0.19490511651780074, -0.18048366371881824, -0.13180892908971267, 0.03171985994713618, 0.1255206828075313, -0.09974670830269844, -0.07236257813078306, 0.23837321728553806, -0.09945684039715746, -0.2109559889151837, -0.08343315111928648, 0.039968458210081825, 0.42163433674125517, -0.07460318229153914, 0.09575211641082292, 0.0470459524911313, -0.24489762392673606, 0.16202688807810478, 0.05984439022861737, -0.022313655533018055, -0.0660326313283213, 0.005020506263739486, 0.1998392253797409, -0.14275931200979858, 0.1767628006746927, 0.12353366268278058, 0.13491160516770584, 0.1789316874647509, 0.08727850274537254, -0.1067737878936179, -0.03744242841938805, 0.13945288861522878, -0.0069299297946610414, -0.04676457040235628, -0.02447217317556378, 0.10891497363889734, 0.06092602846047306, 0.017055966615737383, 0.02473785658882248, -0.2720217518541173, 0.03584642248991085, 0.05717067839728161, -0.09242794227442903, -0.15443295664101067, 0.15621264794800882, -0.028336992453922735, -0.211894917557559, -0.18509558437135645, 0.26180019962625234, 0.21994871850827638, 0.3126240938370305, 0.16655536066396529, 0.030603053274869813, -0.2033491411462494, -0.06209603920864297, 0.1837445199713481, -0.15161842681646606, -0.16826166305656196, 0.2197171806400635, 0.20647437091642198, 0.13783342342158494, 0.012729608618110287, -0.018654421561823037, -0.007091655277384096, -0.1894765001194682, -0.23538709884902287, 0.04858720569496818, 0.12685984521015264, 0.13535338070282432, 0.25672818383649365, 0.0925087327613367, 0.06971784773020244, 0.09382575643815647, 0.12351432427756703, -0.11835170307575887, -0.06564674464760983, -0.009229552780179215, -0.2676679477449592, 0.18438559687318243, -0.39380575586577915, 0.30226008738563404, 0.058150468590279794, 0.021790154019992042, -0.05587232079082884, 0.1622185290244181, -0.02216946724075465, -0.13325641523811238, -0.03662590376189168, 0.1860685558280612, 0.08680970528734958, -0.0134462197752028, -0.1846541721828429, 0.108607094065537, 0.10888472549046689, 0.06826338714286295, 0.1409982063621173, 0.16843957267008647, 0.09383713149175804, 0.10229764150942655, -0.03743145859509938, -0.12988579988803875, 0.0600817385221591, 0.018181345265583317, -0.26092009289970874, 0.17727451819053144, -0.13625276999427274, -0.1444742706992222, -0.21691262826099272, -0.15527155355931024, -0.06768701165312346, 0.11770144612377326, 0.09387037210607899, 0.07225821049018794, 0.1474612163391528, -0.007370349126291727, 0.016762679987979163, -0.2926050769615722, -0.08462049552130271, 0.08744234480260864, -0.15980940331867394, -0.046933272908889836]
-306.39732527999183	(9, 12, 2)	[-0.10995744742370306, -0.11929258645416518, 0.0918848853194753, 0.19678968232898178, -0.1695478181073309, -0.02533013803776529, 0.09809983117702656, 0.27853333038912914, 0.19657805603810763, -0.08184629544982676, -0.13445602516708122, -0.032309894296421934, -0.2583399906457827, -0.0896685555292221, 0.06429964285956649, 0.1524305335532671, 0.08947209299878844, -0.07424993083615102, 0.1257677011432021, -0.05447694083333009, -0.20257957035318525, -0.05941873185900392, 0.096283238181054, 0.40627706831617166, -0.055274818147877006, 0.091454487533277, 0.04999420450519766, -0.24637472561962273, 0.15778793438163677, 0.05497789111333125, -0.006633816002075667, -0.14870684991261382, 0.018450621399667518, 0.1615167815742867, -0.13790166121108938, 0.1689691605769369, 0.2150907137123435, 0.13635831480207442, 0.1428491025649436, 0.11845991441242107, -0.12081706402781549, -0.0245386317056972, 0.12821797738107357, 0.004739372543768186, -0.07977354639904258, -0.014132791077994072, 0.12336740125417153, 0.08799418582675617, 0.11730258597029448, 0.029046567574216104, -0.2759867021909211, 0.007123024400489336, 0.06453891409741622, -0.1639665919161651, -0.16692896950804548, 0.16493545994350428, -0.03607029377140805, -0.20739520490425878, -0.1888889692193585, 0.2441176256096691, 0.19380955794229082, 0.19938294152898206, 0.14584158594090696, 0.02002582667125283, -0.20061789869275062, -0.050272132581337906, 0.1860062676762827, -0.1491206134484247, -0.16123826996039126, 0.1870292939966426, 0.0677273332513397, 0.1354814112096554, 0.0044069998972803785, 0.009522884396454847, -0.1682725024027803, -0.19887269731942334, -0.13526154235914695, 0.05120121097073946, -0.04314867534831242, 0.19399505574959527, 0.2476047965703928, 0.102884049067865, 0.06336002209890584, 0.18422432669186758, 0.14645332005889747, -0.11087831067855848, -0.036263887179886344, 0.0034382785831970353, -0.28402327917399856, 0.18552192210929436, -0.34209292612521247, 0.3176050715437698, -0.0020800472330597675, -0.09321133461119407, -0.12325894902542246, 0.1511223073516565, -0.031221447303262647, -0.2048785033919952, 0.008752460449538382, 0.126350974235832, 0.11668852065509583, -0.011219449483091575, -0.29116233836790734, 0.10020283877270371, 0.12279497472341061, 0.07777261429395824, 0.12880154772277216, 0.16831177992650478, 0.06392731375172613, 0.21002062352784517, -0.07116795388670444, -0.1293297806653809, 0.06701040815465098, 0.006970408734285843, -0.2643637293982416, 0.1443891794729825, -0.11579846564812799, -0.1775734739988037, -0.17624423637265058, -0.14057203599689228, -0.05044122181836836, 0.11236331752212653, 0.08202375500047422, 0.10741776376289967, 0.12199423567951118, 0.04539280995070699, 0.0812104896133885, -0.3099022170814627, -0.07050665972110774, 0.17002476098017966, -0.16536494271252777, -0.05418719279344842]
-260.256633524168	(9, 12, 2)	[-0.10777142000837675, -0.12544156629388792, 0.09471482094544695, 0.17736922990405846, -0.17013385192137237, -0.2255556123703034, 0.11660937198088334, 0.2643534665880423, 0.1865834450465531, -0.2950274140514813, -0.15294115134005457, -0.08288021926314887, -0.1770619510910521, -0.12759868982706138, 0.03341936279549725, 0.11730357672864215, -0.10339626832231937, -0.0495088345813119, 0.1354620410343438, -0.09783995257198445, -0.32005574073096194, -0.08537442605552903, 0.038928142773751916, 0.39343512261420727, -0.03826718155875835, 0.1156683882783013, 0.05646830075864267, -0.20603448064196078, 0.12146509204646663, 0.0675339634833748, 0.0027121427871789616, -0.14728027434698865, 0.027455350865791005, 0.1849166452295906, -0.11462945745959473, 0.1766810994782131, 0.12802244144596656, 0.1419477679052905, 0.2384166470686621, 0.15608791346969092, -0.10179954200462799, -0.0483673734106435, 0.09506816655121429, 0.010207961719864971, -0.04198240728898927, 0.0069986205839617024, 0.2612801501188179, 0.12496019290473387, 0.10987742860897835, 0.04841678998371632, -0.1474738397030808, 0.05104741839401349, 0.06556210528220734, -0.1784340511176204, -0.1491982297837984, 0.16510873186752767, -0.0437540315578155, -0.20192312719304675, -0.18955927061776512, 0.33151760343425163, 0.16993793208716368, 0.19594300504940193, 0.20204464776350223, 0.027876604242032674, -0.17845426354038127, -0.03957217275485786, 0.15988676445238023, -0.1396937595404576, -0.16962356968895087, 0.19119233292006083, 0.23050215735488444, 0.13751331984145146, -0.009386429264312098, 0.011262189135571223, -0.05629934773243172, -0.18517564513710513, -0.11797403817969171, 0.043367744894861, 0.09980011789884406, 0.18838238852432254, 0.32319539954272897, 0.08708790034168537, 0.067431628107117, 0.09451882980680365, 0.3044138266633153, -0.10442838522671277, -0.11872104507756956, -0.01190249210422428, -0.30402863391859447, 0.1911731272517743, -0.300012043130654, 0.31829555544507465, -0.20164749548152075, -0.11411083457742877, -0.09009723534479483, 0.16021336321302887, -0.028882110788725417, -0.18780036465477773, -0.0684397407299463, 0.11786182456979409, 0.1369497853438473, -0.03349611760536011, -0.21556582938037738, 0.11323686022622473, 0.13394863438370638, 0.05387531968191656, 0.18445921999885329, 0.1911898140474884, 0.09636040980429783, 0.0665214391747439, -0.04470189942942311, -0.160755246481334, 0.08001701548971736, -0.015421728341899702, -0.27400014209715523, 0.14813146949938888, -0.14532281740092118, -0.11703178882423476, -0.22559125731478474, -0.164407187006674, -0.056129790817807855, 0.0561479287479009, 0.06720418702197228, 0.09855192668229901, 0.11505838475789373, -0.01949725492316392, 0.1120044108809115, -0.32024303367488993, -0.1305572034261575, 0.1025857772764041, -0.1539537895953303, -0.055898227794670595]
-542.526477528595	(9, 12, 2)	[-0.09262691706009116, -0.09736101980328339, 0.09292919086514359, 0.1867724403333862, -0.03066140671327411, 0.01666502091226334, 0.16322593327203822, 0.29813409149013836, 0.20698946971920773, -0.35351821763134184, -0.13319663310034405, -0.034968318711475696, -0.19789226010992972, -0.09593048272073677, 0.03036413155758306, 0.10763981131604268, -0.09087547370833914, -0.050254363113437076, 0.11706712061485916, -0.036522386584946075, -0.2673681161387485, -0.1745646302152037, -0.01908826828860612, 0.16955630772032113, -0.038980247241343906, 0.08552127097847526, 0.04215956307540549, -0.18467224028245932, 0.12906549315385582, -0.05155731451584828, -0.03495178000312896, -0.05191508392809066, 0.011845372893534618, 0.21489029883832989, -0.055541292297806084, 0.1897455999206906, 0.13538126488430507, 0.12735798892212208, 0.16303621461556778, 0.1376154638158281, -0.09422075089964399, -0.011758517995744115, 0.09106851092949145, 0.0021481475001037583, -0.10796171069535831, 0.01984304422188282, 0.09367198182133686, 0.11972486188550518, 0.10358720034883491, 0.038708528927862806, -0.28414280344272463, 0.027960764141187033, 0.09467765145683693, -0.14015958235674297, -0.0997143371463978, 0.14329914184530318, -0.10823419166152679, -0.25020581973941874, -0.19318483164311223, 0.27068855659754265, 0.20809113078341326, 0.1941737381581981, 0.24933074019487228, 0.026556163599120386, -0.19446137002198324, -0.06533832772725094, 0.17049048841669137, -0.10313810082463332, -0.11802366047675239, 0.20801958600126969, 0.06322110997847051, 0.2012573958037148, 0.024207252331227676, -0.003090390739273894, -0.03277288298226528, -0.18759768830199103, -0.12383194492020784, 0.035578744161040746, 0.1452587584074595, 0.1634650592446028, 0.2728997227408611, 0.17965676714526085, 0.06390851411517046, 0.10055794776404113, 0.10007406040467295, -0.13488169165837716, -0.08838378858600666, -0.002432269396305496, -0.3908965348560481, 0.27989880634907816, -0.2925570367036614, 0.36409602506521754, -0.033548739216675234, -0.09862632275910894, 0.07359046104618956, 0.1728404549157425, 0.022889665923427626, -0.04166452340214963, -0.045952692384274726, 0.09528606584330204, 0.14219747014818346, -0.03326489802450429, -0.19702554809600464, 0.13556813326685666, 0.1449746903363367, 0.06722534453691843, 0.1909198856064627, 0.2186220134845485, 0.056598826626725836, 0.09170049838847719, -0.027439241178802157, -0.16084877790713356, 0.07043997200898008, 0.016548548996655168, -0.24975153960660504, 0.09329105694189432, -0.12778131418344843, -0.14549638387898073, -0.2340061504869046, -0.13556179799763282, -0.0633276133995005, 0.06327881931387715, 0.07114464541270649, 0.1336408888486992, 0.11490987256954835, -0.049652957754028546, 0.01984637483552381, -0.3066385985094499, -0.05647797319783609, 0.0943612242093322, -0.14560834525422506, -0.058280356968015264]
-171.262098539904	(9, 12, 2)	[-0.100904577288849, -0.12342609299298149, 0.09834615879008284, 0.1549987764651819, -0.14662488186079553, -0.0018332866902073391, 0.10731263132403615, 0.32288134611491015, 0.20456363964074709, -0.3138226169646269, -0.1183464577235655, -0.08661383156827547, -0.1802887998235021, -0.11138750612880896, 0.052657802941262793, 0.11492913822545363, -0.22341699992325903, -0.029199238453196483, 0.10174601987932602, -0.05034997978256617, -0.22270394266433535, -0.05726635611416706, 0.039526141972296404, 0.3804164305843926, -0.05670142151132546, 0.10211049260193444, 0.05028532140623098, -0.20703267854413346, 0.14815531817605146, 0.06535533307499242, -0.011097623948849396, -0.12397862825851852, -0.029561202650174923, 0.1847711594773564, -0.11447409669106878, 0.18649848311131317, 0.1317044172529097, 0.14120365386565242, 0.2245489578926521, 0.1438320487868026, -0.036482923964617484, -0.05520582248529983, 0.0559268473405892, 0.00814425568246253, -0.03319302813012839, 0.013024433571623804, 0.21441249084107653, 0.1374176517489644, 0.13531876697702738, -0.002980256802198763, -0.2693929757607541, 0.028624915387516037, 0.06470647504786049, -0.17158275918731994, -0.16056281538832118, 0.16354988634124107, -0.04210993975239261, -0.22101256616586587, -0.18962395536427035, 0.28123622079586086, 0.1941755828406505, 0.20558148868073914, 0.20024409378181832, 0.13439731509999192, -0.15726735081702406, -0.04687464591644011, 0.1043251938706793, -0.11779816519155026, -0.16209952769827074, 0.27397668496192285, 0.07725932913166234, 0.13023073494893098, 0.08962694940118945, 0.00930240230737199, -0.07230861999889313, -0.17851886160278518, -0.1391523873603118, 0.04519837951589775, 0.149691020598544, 0.18295283775010893, 0.27743908465062106, 0.08701803670564966, 0.05462834268118212, 0.12147141825838281, 0.14209160679441113, -0.10095439493462241, -0.07285743948561883, -0.014861537722306471, -0.2776300333311759, 0.2085517637774547, -0.30111443447131, 0.3700351033666579, -0.039788785155420336, -0.09076840217108696, -0.08250431277971942, 0.15176074304874054, -0.07450165963736197, -0.14205054453722607, -0.05754804406651064, 0.10560394092983075, 0.16141150607212074, -0.0036785390698231652, -0.21834199267652174, 0.1652831237709223, 0.1528351000670622, 0.0785987963997682, 0.16319918264394612, 0.21790937126596235, 0.1262632126385522, 0.11997814854202743, 0.02215221824827413, -0.16353443071268486, 0.08306681016255912, 0.008876163143353561, -0.2550029045456385, 0.14929678125807716, -0.0065860537194253055, -0.1848568516928512, -0.21517801164247086, -0.22361871301147898, -0.0592502884402199, 0.07842211225196982, 0.14027113842626907, 0.09868564643898937, 0.10718350802249044, -0.004168783814998507, 0.03548262463266167, -0.3171264699105523, -0.08239590212399953, 0.09423590068009564, -0.15154601280759616, -0.014207575874515488]
-106.24759496065718	(9, 12, 2)	[-0.10279584658562804, -0.16016874264105652, 0.07782024692096651, 0.1693621135337615, -0.28525587442832223, 0.07116096214506426, 0.04033089391893132, 0.29584565591508843, 0.23028133604690887, -0.3034472045605611, -0.13133601384386034, -0.09521087996033856, -0.1854691608803562, -0.1280554909818526, 0.02793379665624145, 0.08303571301429818, -0.0948544795546185, -0.020251274138369656, 0.11623200869775091, -0.044327817732003144, -0.13658333984131513, -0.0425734324811161, 0.037200682708318576, 0.3318585963986186, -0.0571860676410025, 0.058549768672410483, 0.04362128677641795, -0.23659696033791705, 0.03020280698164158, 0.048992058770786426, -0.02851333477574682, -0.149116891460461, 0.018672175772864365, 0.16808482348135995, -0.11297844942569589, 0.18640863652482234, 0.10576667349892466, 0.17419983313650816, 0.19054599780468034, 0.13256435140232853, -0.10625883384083339, -0.05729551991695733, 0.08024038129114552, 0.04574188857158226, -0.08424163370663439, 0.02120296790722201, 0.14515206117391263, 0.13481115338688363, 0.0723440515516602, 0.002154861229261697, -0.26896199174007407, -0.028986775997229413, 0.0631110478940839, -0.07145775777595025, -0.17332022448358114, 0.10786347358841274, -0.06723943691086179, -0.16784240261245068, -0.12895489923555783, 0.14553369418991535, 0.10844340331438082, 0.20350872351631544, 0.2228823317228101, 0.04873700098082756, -0.17267110100962058, -0.05164769360627373, 0.1629265824149796, -0.09238888690389938, -0.1637554236951445, 0.2235542846551233, 0.04723606275563777, 0.13167161960612717, 0.047077994303018796, -0.01929395005235779, -0.027191841978357858, -0.1478809396938722, -0.07810206727220156, 0.0476823055521364, 0.12782745639935783, 0.198471714558673, 0.25424609041779805, 0.09991572006624061, -0.05922398790270317, 0.1360091420968333, 0.11274493516599027, -0.10468670425581701, -0.05132542095016838, -0.031102980784994294, -0.2765337667388633, 0.21341755300184945, -0.2992686422683291, 0.32717688979335546, 0.06754732561661847, -0.06769900337447277, -0.07686071783019538, 0.1769347563961698, -0.03184024638399447, -0.15831456300234947, -0.11878868059532448, 0.12227746345356913, 0.1407546830199085, 0.0151235947079592, 0.05999227979096706, 0.1493333619077599, 0.15085336942142072, 0.07487805607511423, 0.13140484427705706, 0.20378099295942512, 0.12670985600513276, 0.11374929043067163, -0.034877390917734744, -0.23552141574848015, 0.0834945311056257, 0.07145745661300461, -0.24540497579085022, 0.12932612646755132, -0.10964565812469192, -0.127036586754624, -0.22893776187788958, -0.16114977699920047, -0.06767999837383634, 0.09657407974417097, 0.1016572717627055, 0.0980423646071606, 0.2436096273191768, 0.07422396860049509, -0.08530050212635222, -0.3172519475348431, -0.07028930772036235, 0.08788589392423135, -0.12489462606333074, -0.15175719155632017]
-248.5781449517359	(9, 12, 2)	[-0.08861802912888161, -0.06913885115522324, 0.07803074906891921, 0.17490654464483515, -0.15656264126399336, 0.027657794292045946, 0.05688002100918438, 0.27324155128647143, 0.18659177132056237, -0.28503940065843003, -0.052360937310233904, -0.08747522721767528, -0.1960466223554831, -0.13327225949514157, 0.04463766454397883, 0.1133499889730814, -0.08484853859940855, -0.031465123052201435, 0.10120233783775817, -0.04369186244369499, -0.22032130245818954, -0.059906054660525496, 0.009984082602998448, 0.3754259472901448, -0.06522284885859524, 0.07650544047064173, 0.11527053805234883, -0.1946918867507988, 0.1476112700498244, 0.029835745288718952, -0.019009513304532617, -0.13117806573596177, 0.015505803720014269, 0.15758708714270228, -0.11107512481651372, 0.1612836519548185, 0.14553793741450535, 0.1472450036123819, 0.2659896595127367, 0.1212407608732065, -0.13241111777812214, -0.05127828922658058, 0.11263721198446938, -0.004847114329064934, -0.08632078392836795, 0.05836480440975744, 0.10627365989560501, 0.14391341845585626, 0.15022642463799113, -0.011913294675978715, -0.24464184034477512, 0.0020467431029954092, 0.031210960856264566, -0.14596301940001402, -0.17786386721879419, 0.16282471209653487, -0.08020964426331492, -0.21268484258612574, -0.18723869584864475, 0.2333309683002408, 0.18656718744508788, 0.2257269123258366, 0.2089998195942356, 0.040681922383142076, -0.1914008122276891, -0.07368352516455212, 0.17003810312157291, -0.1326573795777497, -0.16930309289931345, 0.2502012602581083, 0.09092831791884008, 0.128918350989334, 0.026245487871675403, -0.0010388952802142853, -0.021197045745928948, -0.1641861928397092, -0.07698157944400717, 0.007304183980656182, 0.14190162240973414, 0.1681444644722882, 0.2387970930181681, 0.153524135846879, 0.07628473684675965, 0.10371432117453949, 0.11739839527589252, -0.09658597958303339, -0.076294841647796, -0.01626886957677727, -0.3144413487456541, 0.2704473414886896, -0.2475109298493579, 0.3381830467714922, 0.043458574582824344, -0.08002064458871519, -0.0892942150865231, 0.15652648787895523, -0.0033952206963955706, -0.1429102690694448, -0.08026939194402832, 0.09093390435981014, 0.11623472597234658, -0.0004889614024468723, -0.19364572444939598, 0.13675302732582692, 0.14612820449148706, 0.0755797485119887, 0.13255275238034034, 0.17963211859303074, 0.15350864437048123, 0.11698799806226509, -0.037021549885786285, -0.21486892411013392, 0.07281586663311845, 0.03497847794145281, -0.2591641751492633, 0.10029707602059869, -0.04424391442096141, -0.14738308009681075, -0.1406182266887711, -0.09610816540870709, -0.06165674518229601, 0.11413732107827697, 0.004835150868190351, 0.09702277075176521, 0.13406060586564003, -0.057905253331788115, 0.025563334978323884, -0.31572200704576997, -0.08735580719184471, 0.10536501221511395, -0.1587051743756677, 0.02414936841484388]
-194.79333083622916	(9, 12, 2)	[-0.09701856826548995, -0.12108081766903817, 0.07287767077711174, 0.19501899799402003, -0.19694033797371538, 0.04248112765878638, 0.076484031798883, 0.284950894021051, 0.19000391307076958, -0.2960035391962893, -0.1347485103279904, -0.08259304337883965, -0.19229838968529342, -0.12864339625342555, 0.03303985085217277, 0.21641692275440114, -0.11791507874151308, 0.2692485354196906, 0.12058556638910727, 0.03761395640709458, -0.23627868932052282, -0.04823293759021683, 0.041869567286806034, 0.3977656823041657, -0.06079041978303807, 0.12678500167441764, 0.04592283324307175, -0.1881502448368604, 0.11799896472396859, 0.05827101758714134, 0.0011383210020362343, -0.1427487536106575, -0.02652119207038626, 0.17390235899441503, -0.11562381981037712, 0.20218739093774346, 0.12229458459323772, 0.13985921804954593, 0.28534533131254347, 0.12600874854930444, -0.12232140883176627, -0.04287485101651726, 0.11875418202483909, 0.22941725748309538, -0.07832728378597496, 0.03164997361798441, 0.05030162189667202, 0.11940757625235772, 0.05866092523993761, 0.000863382705685427, -0.32620326236070807, 0.06301807699788944, 0.06970456033537278, -0.25567515264880775, -0.08356152517393606, 0.14220423650367275, -0.0681020940823332, -0.2039582295878809, -0.17596817032318807, 0.25905300535320963, 0.2721702396352731, 0.06862256640372541, 0.2644158101072475, 0.038366871736578045, -0.19027837494025585, -0.08103361654397007, 0.06653969847142974, -0.09011404584932692, -0.1691490215234167, 0.29919818281561206, 0.10438444962784642, 0.16688062225282596, 0.044720240523821723, -0.08226240686696112, -0.053218181562739456, -0.16096908497539636, -0.10185992550087945, -0.019216297338342795, 0.14521560996530927, 0.1601286698789561, 0.28557646458250624, 0.10128875819543995, 0.10000787052178478, 0.11579502318111054, 0.16458300510966303, -0.06706588479584315, -0.08252099787276546, -0.02829811779157824, -0.3006831243174774, 0.206097080556501, -0.30359230073210103, 0.33952545180648586, 0.07981293697721353, -0.10766078097700357, -0.08946909368535955, 0.10556018625856428, -0.0067850572408468535, -0.1548954991523509, -0.07488420272632981, 0.10919097448384452, 0.14257736288437037, -0.010758476051142218, -0.1555252077759212, 0.26780933056846407, 0.12016201276474589, 0.07636751842834777, 0.14212405845493853, 0.18713624275994784, 0.14586197782660046, 0.10502905369098815, -0.056636561741259854, -0.21979076988117596, 0.09529784016200925, 0.06113134365359024, -0.28161681349039636, 0.12019177293985196, -0.19303602858233482, -0.13363393582687896, -0.20481049907692325, -0.15303569775760256, -0.03304568390535873, 0.08031834186544173, 0.054520388008418116, 0.09036356009134419, 0.1546081693995887, 0.05100945181193667, -0.022780077744406865, -0.27282783941632666, -0.05227466490556382, 0.1196012104845281, -0.08099462574282751, 0.002378676050921738]
-488.7390399946538	(9, 12, 2)	[-0.03616427421766105, -0.12141431428869527, 0.07240013440487605, 0.1584571022383915, -0.22665871475259078, 0.08945867691904595, 0.08483145133226687, 0.27338590828277287, 0.07927896003722827, -0.2906360921879288, -0.12542097414266667, -0.06816277594745113, -0.19241998204344318, -0.11770488970601956, 0.029182166428268045, 0.08559111344822885, -0.10169123066032924, -0.042765951888912135, 0.12551891806277748, -0.0533615207502684, -0.20700871717062685, -0.04887868123993604, 0.03646783328671014, 0.34579202961469735, -0.07678564637767862, 0.062433826638323926, 0.04820572855550533, -0.20223842376738338, 0.1254928741072829, 0.01832627790827409, 0.031800902866825284, -0.15432652475080305, -0.007964968448262034, 0.1943221875466766, -0.11661550367280757, 0.18916804283483973, 0.1768142698638498, 0.13343680909904282, 0.18459508012357873, 0.12231945981238111, -0.10024429741828886, -0.04563257638331278, 0.12215783642369263, 0.06176418736030822, -0.08932729276940757, 0.001885928674388786, 0.12705685457770757, 0.13144054263486532, 0.1248853336415606, 0.014509162067608158, -0.240983803754062, 0.028951714244925094, 0.058086289821589886, -0.13478860541089577, -0.1709031591625171, 0.12243902673932824, -0.14411658124549026, -0.20883876852972605, -0.16317938973203766, 0.2429653607458943, 0.20442950766330129, 0.20382698855857384, 0.19209901936230428, 0.03641631105420796, -0.20379729910079264, -0.058787582676374066, 0.17162356716498672, -0.14018225878887236, -0.12873601576738558, 0.21527165313162228, 0.08306075521396494, 0.1329417788703607, 0.023438477725812184, -0.03568312347774628, -0.05212534137941438, -0.1821000555991774, -0.08827463506112457, 0.059300282781078545, 0.13687106670828805, 0.17778835052859837, 0.26065453584894394, 0.16190595482689601, 0.0495200126585384, 0.10912147446543424, 0.11386713138144411, -0.034774040832104114, -0.07296388297466555, -0.0017514314953738326, -0.28534208749067574, 0.18395062676458152, -0.31178429885430803, 0.3154846292975178, -0.04692207343757026, -0.08769540269181973, -0.08966594048967187, 0.16772038176014942, -0.026350610464281065, -0.15945558654939856, -0.3859153591291532, 0.1095366433709343, 0.16033928095443714, 0.010418145764715997, -0.20841462491137877, 0.2338092647996164, 0.14763558161154938, 0.07483314591410872, 0.12057903941444677, 0.2003056920267436, 0.06208620300940632, -0.042202736514821905, -0.2332731318421724, -0.19860550166444887, 0.07575458966536176, 0.018279244778642095, -0.20490723778874162, 0.1108983828354787, -0.10667516915528477, -0.1559498777443608, -0.2191939028175397, -0.21044653978520855, -0.03597659379480189, 0.14153076541964932, 0.0770308963739387, 0.16992345461696168, 0.17015079707316555, -0.07085778788848003, 0.009012265495617143, -0.335078086178915, -0.10322549889240124, 0.08822161244103964, -0.14390593065046442, -0.11437879815354356]
-51.442076736833	(9, 12, 2)	[-0.08094235884284665, -0.1120372420959021, 0.04586804959704379, 0.16363335635635493, -0.07573956485033444, 0.14027795034985596, 0.09800602160066703, 0.29755934306612003, 0.18875929043512765, -0.2820178174613025, -0.05417372293935819, -0.15830949981169565, -0.1850778817076309, -0.10995064733347441, -0.001399309211749175, 0.16952818496695174, -0.07393301058243823, -0.06674016578787015, 0.0964350108598046, -0.04978090610262013, -0.19618375523330248, -0.0679544435626547, -0.01896467772475207, 0.40007735605635836, -0.03505390007653498, 0.13824507617371729, -0.11292492894376464, -0.1964521423959638, 0.1393036523843061, 0.023520016594065316, -0.018732092299079756, -0.16962989743007756, -0.02480031581816841, 0.2148722837228307, -0.10354550364624077, 0.1469743705297535, 0.13142725566558502, 0.19839495462953607, 0.15314214660673692, 0.14549720637479555, -0.05904422792585164, -0.04146139295851868, 0.10317795737146587, 0.02992582479571795, -0.10161593523707821, 0.040665463461640676, 0.08306467087635591, 0.10826009339128084, 0.11708539097775147, -0.046845526264090435, -0.25479450401638737, 0.000980886113415667, 0.10177672352606454, -0.10185615368622365, -0.16087791236934884, 0.12801309596694582, -0.0387785953481021, -0.20065274819243042, -0.12865171073891304, 0.25744916953898356, 0.20259903623648276, 0.2678696975515989, 0.21553312428223192, 0.033778638963450076, -0.18956887282249452, -0.04127787337551298, 0.1688128195719503, -0.14306645127038273, -0.1396271400559266, 0.2246759066233202, 0.09662153392753924, 0.13199284448603843, 0.011887651096978223, -0.006741545176302965, -0.03538516031771786, -0.18930342111776374, -0.10296374386648342, 0.041707750090936586, 0.24543712494389044, 0.177113640480408, 0.28529785582261585, 0.14648845454279394, 0.09425813129058902, 0.07386858854517038, 0.12785639272791555, -0.11012569851742299, -0.13528289615927933, -0.00699580707444775, -0.3033937634359017, 0.19930424330549107, -0.2726956770783077, 0.3665647683554971, 0.05464233059050888, -0.09256792313534246, -0.11788055165906769, 0.09250980351490093, -0.035655592178966376, -0.17140812957063273, -0.0638456567382284, 0.13044141753503413, 0.13659315056377333, 0.010511124033512566, -0.1293744510451595, 0.1545536424241251, 0.10265819504504006, 0.07233754832057067, 0.2924091502841756, 0.17676978238621824, 0.045922164933471524, 0.11732883634708878, -0.04723180598748499, -0.19512692362855102, 0.11706348938787912, 0.005095960765880271, -0.26057187919581404, 0.13278393289076065, -0.11073348904604192, -0.13996908282111437, -0.20600529307936263, -0.16733573097829124, -0.06216435679491108, 0.10599696306317326, 0.08038280370157798, 0.135297872606158, 0.10174124683313274, -0.023309210184470214, 0.05024079854709184, -0.46473254168332334, -0.10866260014528847, 0.08603099909412913, -0.1673715427536484, -0.0525309481822101]
-268.7500454127799	(9, 12, 2)	[-0.09878438596488154, -0.11123888331773191, 0.07614342140896217, 0.15070759171980322, -0.19184922309858804, 0.027557057051120076, 0.23305141949748653, 0.28820333897339123, 0.14742935112586747, -0.2734636033432131, -0.11448235178645627, -0.0824096035990034, -0.1678352621523297, 0.02864782101525397, 0.03267300331686951, 0.10541207720077236, -0.10856186344390323, -0.09385018018164669, 0.11040277786677734, -0.061535515660210066, -0.22728248095964773, -0.1127443298390676, 0.030136521452490166, 0.3759748494182295, -0.0677844486591464, 0.1015029426076777, 0.07189510075220211, -0.19996275984092085, 0.1704895210231872, 0.03246709644475798, -0.03173291272157379, -0.23994549219321856, 0.0012349519379194441, 0.17923050044514177, -0.09831899209010757, 0.16894907565556927, 0.14808400318614443, 0.14575689423943966, 0.1773909550558373, 0.12870696961849748, -0.08557928055210096, -0.04816935005979228, 0.08964217283509392, 0.002146391136967779, -0.09633354688646725, 0.04598594926258287, 0.09410345440036175, 0.12847024273716792, 0.13320521044398767, 0.01951462043998748, -0.23217610966639965, 0.06935971742105031, 0.07743669096101585, -0.12489325440669344, -0.1680239188024904, 0.1859280533096574, -0.05371943499328192, -0.30897301405752475, -0.1532240405287668, 0.2024838166190005, 0.18281300658058286, 0.2127346866652456, 0.1838270727013931, 0.04615728560208089, -0.17536428623271388, -0.09290990825410818, 0.18563590296435395, -0.10728983994528471, -0.15672928490697943, 0.2309963958891402, 0.1489377594439574, 0.13053523630894462, 0.02472661344490438, -0.008274015894896458, -0.04224773373985455, -0.1755408651864811, -0.17041995475414756, 0.0326539575601288, 0.12161165882243317, 0.20283785682157784, 0.33343487295731417, 0.12889504275897323, 0.08607921102794604, 0.15484096695608124, 0.11701754822069531, -0.10092933494822119, -0.06793017256045723, -0.021799523849297828, -0.30825709596164086, 0.19977929579305193, -0.27316271668033415, 0.3289368122230959, 0.00575079919097315, -0.04407122992380719, -0.08201872637765137, 0.14858360520006703, -0.05308262919665557, -0.1563068411291485, -0.07894519578900418, 0.12441563626988375, 0.12471833693655329, 0.005965973737509346, -0.22862964319114715, 0.14735380329943965, 0.1423018903706733, -0.10856454629883244, 0.1312196803175723, 0.20923538017097956, 0.12644483236979656, -0.030265719972541925, -0.05987036888536382, -0.1055230257947149, 0.11560980476570436, -0.019454428383667437, -0.2809201861901911, 0.09181530007177552, -0.07913903821577062, -0.3230250007190776, -0.19017172657184078, -0.16253051367169463, -0.05519891124338254, 0.12681768752219777, 0.06003770631256469, 0.110030147358142, 0.13275372664240354, 0.01225094238805867, 0.004073891996436332, -0.34151645662920105, -0.07197374697320014, 0.08053782311877178, -0.09926523188803633, -0.082124148756681]
69.63295907599556	(9, 12, 2)	[-0.0956323750538145, -0.09211739594118772, 0.07066048840338394, 0.13531496507253943, -0.17873656479738642, 0.10061514379669924, 0.1303733862080831, 0.3200373794036592, 0.1716094242680463, -0.27952532797859414, -0.10738574995688663, -0.11809192766697241, -0.19731402573490042, -0.1254740227910307, 0.0555158532290204, 0.13467832537206967, -0.05707337974747285, -0.06310087353197656, 0.11596261103732006, -0.08549851554323039, -0.22550798355782747, -0.044861171088872706, 0.02128054570757932, 0.3909384586440668, -0.043962890685588514, 0.11658070341845411, 0.021514693066913254, -0.2118155002411255, 0.35208172218848377, 0.008489827505064738, -0.006706936189473971, -0.13165754565969626, 0.10782314693841807, 0.1952618425903805, -0.11558869419014871, 0.19985235669548884, 0.110665080259818, 0.16934818772343438, 0.1765669063668939, 0.1344337081840741, -0.10198336678366846, -0.027973235075373786, 0.0990626792815015, -0.12475662324645806, -0.09870560251068272, 0.03153609747913787, 0.0845734997864235, 0.06546990719691398, 0.09678628164596581, 0.03144539961960264, -0.2632323924754001, 0.03620198752638041, 0.0955186233410409, -0.12647292714689592, -0.16763604919205607, 0.1490502945870183, -0.05543205451459499, -0.21193526874122792, -0.12136426909243403, 0.24034617083985793, 0.20168760040695816, 0.20546722368078119, 0.18756303329402724, 0.037737916067836774, -0.18303510804062337, -0.04801174269743716, 0.17159978015679414, -0.13710875852043725, -0.14323208215548955, 0.26026642319178167, 0.07551468045779385, 0.12659400663053588, 0.03531690267030755, -0.007117933251652317, 0.04133129388080341, -0.23927266168198064, -0.07917159819084436, 0.094468041010783, 0.15132711186027878, 0.1777702172243456, 0.2823750231271156, 0.11006323409942731, 0.07992825296929754, 0.11956851945337425, 0.12033485976031563, -0.0805108451226971, -0.06855638352337323, -0.0227942906621175, -0.2849839794684347, 0.19664423516760246, -0.3046399117798324, 0.31496292267289366, -0.009917252776140497, -0.08525952802807002, -0.1118474608345114, 0.14557181992366774, -0.21855099171331005, -0.1512926825319718, -0.08513314537363248, 0.12160366935023165, 0.14027163749600569, 0.003824336955507593, -0.08669718149957051, 0.15539439976087832, 0.10762737398834035, 0.14807756335937436, 0.1393437617999104, 0.1749887510263517, 0.06301956080821343, 0.10546401379188665, -0.055931807477829866, -0.19107122551328315, 0.08570075913918906, 0.024054278071323158, -0.24679357469009444, 0.0746934182458033, -0.09893207519944798, -0.1656093985831952, -0.21070384763888844, -0.12416918648584174, -0.040670906867588855, 0.07934829874065177, 0.0822718482318328, 0.10773644335080876, 0.1240083722917219, 0.02678911567611563, -0.013639133186308074, -0.32779153585813453, -0.08491351805007989, 0.08546620973939033, -0.005034412939507113, -0.07283896410579765]
-157.57001678528383	(9, 12, 2)	[-0.10642091766438999, -0.07939233858832488, 0.09978688858460426, 0.17553725480010982, -0.18214410692756938, 0.0012839481294401323, 0.14892323958536358, 0.28861511131967765, 0.17177831555628478, -0.27499952173098186, -0.095885181980924, -0.11234543664023426, -0.1819093979464635, -0.0844344921552558, 0.02588513600325512, 0.10100895684454833, -0.08155522719242742, -0.08619155913457871, 0.06992973703507763, -0.06741263162207453, -0.24245222896669316, -0.06349275290712947, -0.0005369107268705237, 0.3224935043853863, -0.056292372640297905, 0.19824241625283856, 0.05287644185488026, -0.221380327732019, 0.13779627530796076, 0.014334386033588513, -0.023773062181083417, -0.16566811585922864, -0.005731401907131343, 0.19111915134769525, -0.09862547645352931, 0.1848230077422491, 0.14022668074387876, 0.20095451340582146, 0.15277224356779487, 0.10573568212981505, -0.08572710597811084, -0.03283803245732311, 0.06947766252157235, 0.004216518993383271, -0.08974690405755004, 0.03526861931701175, 0.09812376448084181, 0.10926238352553742, 0.09900392859444708, -0.008152594982643651, -0.2527553917420263, 0.22980731145996708, 0.06539896856654179, -0.1329614109643878, -0.06717912424429717, 0.11487687777834232, -0.05454810605310155, -0.26458825118474755, -0.14422429601015965, 0.24928982513724368, 0.17242091343528626, 0.2340363286481757, 0.199438793143736, 0.03642498386607795, -0.18146833155727393, -0.07941054165126564, 0.1581520083236593, -0.11312401048355109, -0.1480497173225213, 0.227331226407943, 0.08796576791406037, 0.1568266637096959, 0.015432125849089212, 0.03109460867529755, 0.02152491991126803, -0.17425711590411463, -0.0920619492231572, 0.036818110073898576, 0.15638561003001922, 0.1726581419997724, 0.27631225052769304, 0.12817053717873667, 0.0919457889261358, 0.13777624429697685, 0.12626040280239373, -0.10863745056567031, -0.11006305195015793, -0.0018689066588995617, -0.329309647394467, 0.2327862999777799, -0.2812255726365851, 0.3578519103834433, 0.02902898688727849, -0.10929473654274019, -0.09678359894596417, 0.10850552827204119, 0.09829171130415144, -0.15565450583183196, 0.030461826810426484, 0.12742780857503727, 0.13593793759395822, 0.004286558120745092, -0.18796994423398833, 0.1396830977501273, 0.11909337031018795, 0.07906253916929595, 0.2450045660241535, 0.17956669674183798, 0.07447996140425003, 0.14674104779409095, 0.0029143610581990036, -0.16618286712541952, 0.07911298486568004, 0.13030597643053826, -0.28052624559618905, 0.11869866654820427, -0.10405924730957006, -0.2523914831387105, -0.19724016899790386, -0.16271819326931186, -0.10591642870074688, 0.10972486569908117, 0.053897260726395835, 0.12768682664147213, 0.11622288005769935, 0.015258908134300569, 0.02248534292879944, -0.39106218989700386, -0.07293880916503002, 0.09340445535231742, -0.15832210567292762, -0.05376733197736816]
-135.5219025785165	(9, 12, 2)	[-0.17345318794028236, -0.08772088910106252, 0.07262149429622912, 0.1754094988948786, -0.18247097168890464, -0.030770267047017186, 0.15069625423332944, 0.290302603006427, 0.1839347477360042, -0.2790935061048035, -0.09866373373786123, -0.11607783271639946, -0.1822989222030909, -0.0794607166828021, 0.025960898486704596, 0.11822358560776562, -0.0743533013263229, -0.08534126591482863, 0.08458057534661181, -0.12427835992560106, -0.20467269026942672, -0.062465737229570925, -0.0019378605659670497, 0.37061797415721015, -0.055509038519205516, 0.17160833030772338, 0.027804978262507732, -0.2845954127221515, 0.13956010105581282, 0.019868908436132954, -0.02470316056177032, -0.10836573311158361, -0.004890766579586004, 0.1882753784445372, -0.08933021493279225, 0.18881070428427255, 0.13405005044300033, 0.0635015921178721, 0.13919060498406255, 0.1206853815599409, -0.10873844592091159, -0.03627492674352204, 0.08994640280282513, 0.004189169974685808, -0.09259278478404558, 0.03323063187854041, 0.10041915153227277, 0.10950157306954145, 0.09956638504220187, -0.008047507050801796, -0.18878946697142385, 0.14684768150099353, 0.06888540442738914, -0.13186959634819745, -0.14725249909148286, 0.12606419820131523, -0.08255636385563359, -0.2764118814214735, -0.15356661925845097, 0.2421743244767986, 0.11041538206891176, 0.28618135778335957, 0.19188446488041583, 0.03696587898443258, -0.18216915730226257, -0.08056206859672857, 0.1599762305487924, -0.13009416765792597, -0.14806829750357395, 0.23838141970996302, 0.09860193636478931, 0.12198148480392285, 0.01570932182528939, -0.005300673273169855, -0.036634279030726274, -0.17840759014774155, -0.07294525562857651, 0.05589446242417942, 0.16302671265351412, 0.18517208613608566, 0.28952502833621435, 0.1322407174677918, 0.08855584519471624, 0.13788361227127388, 0.12487463223499876, -0.105504220556703, -0.0726970622159916, -0.0014273897650009673, -0.30776782623823934, 0.21840574814725422, -0.28002644875738814, 0.3686317224514637, 0.020585249825063497, -0.09807710830723723, -0.07687890904636352, 0.11176385293494813, 0.08952151234121067, -0.15325035784868535, 0.008381565390487615, 0.12713048503316915, 0.11950512691041294, 0.005083555692628264, -0.1810208985507979, 0.14689399537438955, 0.1339392991074005, 0.07542333194750625, 0.23408188961826806, 0.20021385523311247, 0.07553147805594286, 0.11697662901148898, -0.012858209259077524, -0.17112072877442508, 0.0791115625992951, 0.05093554063076125, -0.27526746592139617, 0.118661612273143, -0.12157956414569136, -0.17701576419678827, -0.18316039211253116, -0.16351055060932856, -0.13857604275396285, 0.10151739723208127, 0.07098660959528902, 0.12920378899560186, 0.12507245500487385, 0.006319678484953559, 0.05262793962193878, -0.38416915989830125, -0.06829248192273404, 0.09103984318077281, -0.15583020464721867, -0.053568488950886166]
-256.2630931447534	(9, 12, 2)	[-0.09241332546847578, -0.12173573941163703, 0.08895767095322085, 0.13722111228462602, -0.1587458259994649, 0.005945905801688533, 0.11234064786576961, 0.33877493806826453, 0.20062341309156784, -0.28932516708928013, -0.12142245186435277, -0.09776300909544834, -0.19182091787703548, -0.10195957683274719, 0.029419548771915136, 0.11828902071090866, -0.05626497191905995, -0.04814283086560188, 0.08311058481463397, -0.047193066549777674, -0.1961169578584217, -0.0503892429789283, 0.010224011887376271, 0.35697597057241004, -0.06031493340051343, 0.10610924858693012, 0.06781721784912483, -0.215997787313831, 0.10730867673070064, 0.006430689488436342, -0.0062710221490803525, -0.10979079367054917, -0.0023570330762723067, 0.15885000225633739, -0.10974151995494041, 0.1853894578204178, 0.11264104757418217, 0.13726182601138354, 0.1477563312913417, 0.12426813985110155, -0.12189175895284948, -0.03703597641458643, 0.01602378966960425, -0.0008345015445208924, -0.08833423317844549, 0.022462210428880698, 0.08894888567714482, 0.10859599929417377, 0.11250026608991967, -0.04314124642794005, -0.23406627489799306, 0.00504240756820087, 0.03621329645532322, -0.17149693845155145, -0.1614913104122986, 0.15859538171541274, 0.08410886120224867, -0.23105430139113192, -0.15221636224776167, 0.23225356671844574, 0.1963605883717256, 0.18486251016764282, 0.23520113384760816, 0.03992396398769204, -0.17958431113163303, -0.06685303018229047, 0.22125664799792916, -0.12487848859659877, -0.13795230068684047, 0.23364129890131372, 0.11184666526938661, 0.16672960924690436, 0.03130218226049362, -0.016402117258618145, -0.001216588479775532, -0.18701951931561436, -0.07707312450639653, 0.04628877482285619, 0.17243311731059022, 0.07201792559882689, 0.25943625967475525, 0.0974726867797659, 0.07065881074249665, 0.14147052532542806, 0.12648029636514238, -0.07129990161314315, -0.05478040043814772, -0.016239090695079964, -0.309310132930441, 0.20434775318698728, -0.3766847265419153, 0.3356153920450592, 0.0440788011315118, -0.07064063928147961, -0.08591914975578657, 0.07918156163453482, -0.04180191806660291, -0.15536190603928626, -0.05957081376872139, 0.11319015047730877, 0.1320194341136539, 0.006610356621650582, -0.12952559721982893, 0.18376370594289854, 0.1511366960661603, 0.08133380494549164, 0.1769946370666315, 0.1501632499450224, 0.005313063923964079, 0.09822765694540588, -0.0696135955259785, -0.19160433024530366, 0.10953063880845375, 0.013142769028681089, -0.2747807349967258, 0.06898914396142218, -0.11886486137960993, -0.1736841251201533, -0.2153888248904928, -0.162983603223266, -0.04351863089175789, 0.10637740709363573, 0.07597986353461329, 0.07064717315369484, 0.0983566163139206, 0.0012988184470718468, -0.0005006123825205232, -0.36823294733526, -0.07253120126911944, 0.07745640754472528, -0.1446968501789066, -0.08307200848087794]
-334.3937832720576	(9, 12, 2)	[-0.11067768440550828, -0.10964427635681825, 0.056598019903062256, 0.16083907500666242, -0.12317310612557036, 0.04276412643450071, 0.11613118808634904, 0.2951560680734512, 0.18533977196141757, -0.2683837470618228, -0.09932409114717172, -0.042920021374698254, -0.33075278500734395, -0.11332625360081802, 0.014764348927694267, 0.11465466194486752, -0.10735965776844622, -0.06675106092147307, 0.06878551352311212, -0.05586434282400239, -0.2403348553225296, -0.05877922432073644, 0.02545548647027856, 0.3500199182136975, -0.07955547354325897, 0.09638018454164601, 0.062052642248135406, -0.008695013723375195, 0.12984556001867942, 0.028815112471257835, -0.018727696757577125, -0.10760098126098899, 0.0062381534157579625, 0.22847053772509335, -0.11236611589019618, 0.16132449524613862, 0.04044158616124434, 0.16310718818321943, 0.13364296221634112, 0.12201863596831868, -0.0917429674521888, -0.02586859929384449, 0.10521415981850249, -0.008600263994340492, -0.09367667079280372, 0.02894521059349576, 0.10347503906272972, 0.11598225237969657, 0.1237322447277468, 0.019657652226183115, -0.25047358449893437, 0.09001129514480456, 0.07929879626039191, -0.151608021089726, -0.14067511645497247, 0.14667819849659475, -0.07161389136884712, -0.28196065198391296, -0.14563816373525434, 0.2407581016349051, 0.2108770641830713, 0.1918333554889325, 0.19057367113395807, -0.01701245805571127, -0.14560519813395112, -0.06653142480413386, 0.07493605398434458, -0.11818519220099978, -0.14956549436748412, 0.3490984519460021, 0.08860357026340565, 0.1317511709909103, 0.036468951640211716, 0.18581068039598736, 0.05890203895662341, -0.1902928083598493, -0.12053298120814554, 0.09066728927845207, 0.09709905181234202, 0.22480645871625987, 0.28305693598410564, 0.1349973489674693, 0.08601425297414503, 0.1273786807644301, 0.11950179082233328, -0.10017837647621348, -0.07983529436225596, -0.0435916009509252, -0.30767303055836315, 0.1989238038205321, -0.1165741814307438, 0.32810097881697975, 0.1941563930474854, 0.008744030959610398, -0.09220713190687362, 0.14210475653849164, -0.025128188854995407, -0.15435003984934192, -0.04510993974940898, 0.11397846869497771, 0.15262191210600465, 0.012477285497616751, -0.12960746050331404, 0.22647298547169753, 0.1467337187905856, 0.07477611011287424, 0.14464414640205078, 0.19273381667070366, 0.10389150781164724, 0.0793960189641168, -0.05310216153039919, -0.18031025821022634, 0.0813020814967283, -0.034569046366209825, -0.24499580247614589, 0.12747308147051958, -0.0976628148515924, -0.17148324761131115, -0.19456689392988358, -0.15526215981279376, -0.04916074225540903, 0.11422974056574704, 0.07854117588683594, 0.13510237300252562, 0.0718383024784595, 0.006847216050153158, 0.006392884635305559, -0.38497755408874546, -0.09836542642841076, 0.08413958588136458, -0.10815154519480745, -0.037809484139322995]
-314.602530281319	(9, 12, 2)	[-0.11159848097563985, -0.10702345163608673, 0.09035188307726119, 0.1530483577333377, -0.1637436975655146, -0.05461014419873923, 0.08806497674478103, 0.07219982204305642, 0.3905544993752217, -0.2753132714426172, -0.11431908872504581, -0.08804340874202755, 0.0035120175104252083, -0.08168803773024633, 0.03760801146352845, 0.13074155454273564, -0.12239789003391564, -0.06753748449016442, 0.08590036319397443, -0.0564386312942782, -0.2336335448401748, -0.06077120447247078, 0.014733310363430528, 0.3652375152257379, -0.15661193475819069, 0.09586028324468553, 0.04476803607536065, -0.22090825528657498, 0.1527012628635864, -0.0032260146786636072, -0.03635143503510659, -0.15353228264897956, 0.011966526453716497, 0.19618164142862726, -0.10792575990613834, 0.18204416742573395, 0.15078239795544854, 0.15649404001306727, 0.13509895913945935, 0.12347490512096522, -0.09384382124894138, -0.02946379284581664, 0.08225900413839513, -0.011322072190953263, -0.09086582005662223, 0.03930412761286573, 0.09648888434440403, 0.12469619961704673, 0.122883117394104, -0.007713095324944368, -0.24662927627747977, 0.047548282466933586, 0.07548484159142879, -0.1432392154840446, -0.1577863812610976, 0.13610021000727923, -0.07148527959131185, -0.252145666903714, -0.14850891831145607, 0.2325437471398208, 0.15643842779471676, 0.19468357811265857, 0.21088669016849995, 0.033021914559054705, -0.18431667057515339, -0.05820109985919987, 0.1605950947857009, -0.11850838835473002, -0.09591949826991333, 0.2514981424068843, 0.08915512407085366, 0.1609340487154082, 0.014261408657216479, 0.02213573970454575, -0.02772540063696912, -0.19861672214973303, -0.08481750023252332, 0.05289092113674821, 0.17559806971844563, 0.20699893337129227, 0.28997255665383354, 0.13015550038411405, 0.08542163179481052, 0.12055047973167028, 0.12296151127390861, -0.21237531026130319, -0.0951302467435527, -0.007598025006571654, -0.309424450335015, 0.2916587677848193, -0.2996363796083702, 0.3556124281405605, 0.035246739984785544, -0.056944514856925935, -0.08582927832781244, 0.12248155285965912, -0.08205996355318611, -0.16477058730968186, -0.08017965715283092, 0.07304247143188894, 0.15240503528935115, -0.01447575368657129, -0.15979757810814613, 0.17470933680887402, 0.12675392127316434, 0.03371065210524013, 0.1893562199263133, 0.21477812596815754, 0.11098444633436759, 0.09744611173876327, -0.058913590163776106, -0.19120007063871258, 0.16484740259225789, 0.034677963745559134, -0.2576862217904966, 0.12021797206161498, -0.08456684574946553, -0.20126689534080452, -0.14666225888532272, -0.1572312474896773, -0.047749019187706625, 0.11408293045478704, 0.07539933667295481, 0.11410918635395484, 0.1265157230399806, 0.01768371137002178, 0.02918118003190387, -0.3886159890100261, -0.09307452877745381, -0.03729832235988252, -0.1388718195738289, -0.07826840426647971]
-212.60988729867307	(9, 12, 2)	[-0.11446828134630355, -0.1000295801839556, 0.11477669802822447, 0.14947517722853537, -0.17436178578293504, 0.04663643647931127, 0.10693406300992017, 0.2996630087771245, 0.3293807058715987, -0.2816050780643531, -0.114370699663468, -0.05413038566536084, -0.16416663773257387, -0.11330003684888328, 0.021677324304880737, 0.2172351089648132, 0.03254719777967033, -0.05856387880585644, 0.09674166080852156, -0.05616422723770001, -0.17970769181689433, -0.06273360588165237, -0.010675681018245252, 0.36466229409434264, -0.10162031331710905, 0.10978881274966981, 0.07211995593518408, -0.20292456256064087, 0.20044742431620904, 0.018670402104354066, -0.08319111175826358, -0.13231139862411234, 0.000641513482703636, 0.1865821313263321, -0.06783435435583175, 0.17474756642229583, 0.08529570072680877, 0.16919317247032684, 0.107817071463059, 0.12753906257086606, -0.08179349857818473, -0.030974308669156486, 0.09967573259381517, 0.007347190517749954, -0.09294276457888492, 0.01783288866531791, 0.1119531087149355, 0.08242022766897938, 0.11925667263026728, 0.0032689059237435945, -0.22974863572779441, 0.019707331323080165, 0.07088041185690064, -0.159902928536936, -0.09430846251307966, 0.12710008111356025, -0.07176972887045487, -0.26784592520207867, -0.17452050582410208, 0.25158474749238924, 0.16975857405482545, 0.20835746811288133, 0.16555510601501616, 0.039324466387231374, -0.1870684751741033, -0.06756668444719059, 0.1715326279816481, -0.11341444204240458, -0.12335784384626397, 0.23657133556601626, 0.05559445002205328, 0.08306565191949629, 0.020437485635549986, -0.004667396884391573, -0.027835575756166783, -0.19661824956689156, -0.09259993046416662, 0.07597515032673774, 0.12459215076288042, 0.16809510275082273, 0.2712895438289351, 0.08195658249846788, 0.062276805336666956, 0.12758363413968019, 0.35898430718916396, -0.11564054925364595, -0.10347741804057864, 0.010293586257838827, -0.30816937140139405, 0.19400710778942254, -0.3023664828470065, 0.3000284728664266, 0.04358348714506144, 0.008988977080948061, -0.05854327161729375, 0.12601532193776394, -0.022002871884234318, -0.146255296699292, -0.053341711611454505, 0.11599814518164527, 0.12422932644157823, -0.06617892855069359, -0.14777429031907105, 0.16506973079405496, 0.16028895379534897, 0.03798368587860133, 0.17368517343779658, 0.2058161583385185, 0.08217322769010113, 0.09225239505742738, -0.03880274803898795, -0.19610568216159385, 0.11232143225453102, 0.014166864994097514, -0.2594592435824317, 0.12885824882489957, -0.10803222093172096, -0.1574686293406906, -0.21554631542636535, -0.16726489381732756, -0.08533014667614573, 0.11170758796047375, 0.06957357046406833, 0.04888003637209738, 0.1397375355415708, -0.03948583709033151, 0.01630461312488263, -0.4248096549401116, -0.11573318358457621, 0.13996344176702463, -0.13631705884606038, -0.0417730925781017]
-401.45676216105	(9, 12, 2)	[-0.10085666008931539, -0.09085722673600757, 0.0682645271704144, 0.14236488523968305, -0.14869520015366672, 0.029360740743000234, 0.10864387532864078, 0.31084191383984555, 0.18528540474075472, -0.24116378148122694, -0.11596094383611685, -0.07157269624817927, -0.19147835517075829, -0.1092240562139795, 0.028303536290094685, 0.15528484886330934, 0.02217207832918699, -0.04769990634353009, 0.16511168716203642, -0.05613058130037708, -0.21689160713248065, -0.06144948932288985, 0.0054109528536461, 0.2976497372826507, -0.06553982803371937, 0.10607254816050551, 0.05767060058442128, -0.2008395688042792, 0.022314080752588006, -0.012317692589776014, -0.018118683766564118, -0.10240307301393257, -0.002582469425352366, 0.16186007839278302, -0.11403967971788644, 0.08916733667619958, 0.09199317310257578, 0.16281856940983702, 0.12784826477039607, 0.12193517215663506, -0.10184409605542917, -0.0359106380788511, 0.10071434553154512, -0.00989403597854701, -0.1163180763874167, 0.023180765405378473, 0.09260704503205087, 0.12126280102115233, 0.10897505627733559, -0.01793928294212184, -0.24781806893643324, 0.03574730006167466, 0.06255842042902943, -0.10556726883949338, -0.11588369188836178, 0.1498552552724625, 0.05435141283741346, -0.24515708014113352, -0.14621324507977243, 0.22770866640253962, 0.19625853396466644, 0.1716766719522408, 0.2232034814240445, 0.03986607453972579, -0.18124150960375546, -0.10460179944851233, 0.2119924123817811, -0.16771797987551573, -0.15244658979484307, 0.22974863902479137, 0.10821022183439516, 0.1654900757123417, -0.015788604809018805, -0.0013145768775586972, -0.08575891247124034, -0.2248417365134141, -0.10552770108531896, 0.057424346255794435, 0.16241637221485494, 0.1471932081059341, 0.31140441664499097, 0.14926344467075428, -0.14616704120859764, 0.13040936319976598, 0.16399154264253693, -0.04472084942704144, -0.07348111214109301, -0.015739598068424735, -0.3043709921138725, 0.20146807248583767, -0.31095708070143036, 0.3254997152983734, 0.04382178470669719, -0.05885085770199139, -0.08751270675678548, 0.1322920503137009, -0.04648254424709562, -0.1541787069496107, -0.061140509359819614, 0.11407689491811829, 0.13822257465791765, 0.003985644377274517, -0.138095852497712, 0.19409644533274084, 0.13159146096358482, 0.06961546662186187, 0.16794902499563943, 0.1698723311469864, 0.055875094417746116, 0.09510282875820887, -0.18008897414904568, -0.19317988234153544, 0.07301000772897934, -0.1402811086052109, -0.2986527931443599, 0.09221937929486564, -0.07848663893179189, -0.17687508569637952, -0.35504250474909294, -0.14973500096058004, -0.12051185185524337, 0.08807416718805604, 0.07792091750590731, 0.09384577516460317, 0.09614365261077809, -0.04236098977911172, 0.00293672770457863, -0.35939687420674765, -0.08042764681396825, 0.1420575478174188, -0.09817283145812805, -0.052616567674675645]
-357.41478101123886	(9, 12, 2)	[-0.09541133667671571, -0.1416329966958665, 0.07253243976997702, 0.16831395727421558, -0.14992251525987652, 0.040922375208127866, 0.11350342883754069, 0.26748023286384304, 0.24581610626911338, -0.295641483036019, -0.11310487309075795, -0.06746798702466816, -0.188208552674843, -0.11333428829582776, 0.03175009843594498, 0.14045541564298308, -0.10107409803059678, -0.07574693972067698, 0.0884616491070685, -0.07000692187818558, -0.29316746156370516, -0.06667546033133281, 0.0307446996791206, 0.34172654640268585, -0.06485080406074932, 0.1011465628391028, 0.06870726914428009, -0.2723951589139713, 0.13055040862494893, 0.07713210335372328, -0.029945625752545346, -0.1301088864807216, 0.03640762522605055, 0.20993282500044314, -0.1241655692357639, 0.030654980178046277, 0.12901714528638156, 0.1603016042988068, 0.11176662104880074, 0.1687492214300306, -0.09757844249390818, -0.03904481261459081, 0.04251664764131334, -0.06469207613162317, -0.08108058550703534, 0.01875007293276655, 0.079411434424007, 0.10097095973407322, 0.11771353075375138, 0.009779585107527931, -0.26857756302599556, 0.05339739630075352, 0.07549238755603005, -0.15025744528710294, -0.17542028756375821, 0.14142226344037775, -0.05958826637152347, -0.2585122264939753, -0.18410130585794743, 0.19700509036127162, 0.19741716713029522, 0.17847962771156717, 0.13249135882302387, 0.014271442488530914, -0.1826094497141354, -0.0724469232109027, 0.1815391305912207, -0.1342154251874719, -0.14218106116661716, 0.24097482203461562, 0.09193922318133727, 0.12258278299709266, -0.017550299825301246, 0.00014207054502257937, -0.017398988241635688, -0.20059506385531975, -0.10460943722934012, 0.03907445392957208, 0.14492363536704833, 0.19576580783050643, 0.2884996388984919, 0.12451620391721371, 0.07402245902703564, 0.12816408938391277, 0.1060873098604454, -0.11749031928154209, -0.08850835258988324, -0.01647348720353066, -0.3015046220350916, 0.19559685410886465, -0.3000841461768635, 0.3133538876916052, 0.07361278632813242, -0.036550428741827456, -0.07598513955230068, 0.13882445295408202, -0.039688315472539676, -0.14881584330549533, -0.058187792923777945, 0.1034491475321522, 0.1325534085017575, 0.06159515956873386, -0.15763426194718533, 0.15194172714944532, 0.09120859593788894, 0.10445522899413345, 0.15286143927557808, 0.2524132194807663, 0.09687590272108301, 0.16780461114599998, -0.06978006026062014, -0.21962261465091049, 0.07973649556393511, 0.0032397882243490428, -0.27005522021290485, 0.1394087532429538, -0.036337247033565154, -0.16121455648469152, -0.10700653382414589, -0.2173870148031561, -0.04828741531847205, 0.11746461404585234, 0.0784408045851509, 0.11950203853163563, 0.1212968987881641, 0.002889412755268667, -0.0018890947043341925, -0.34472149754353865, -0.07772089877780569, 0.0891483339971648, -0.17892828053329682, -0.06387021635863299]
-251.96857009506553	(9, 12, 2)	[-0.09829607105885813, -0.14851045724359474, 0.07272608566565841, 0.14586671320313815, -0.15693900929560295, -0.03547437438301369, 0.12052538781242722, 0.09799440553156907, 0.22316854966890454, -0.2605506768694311, -0.11519873291380281, -0.09282520868212724, -0.16856571037640258, -0.09637246427298836, 0.029720419064916456, 0.14616982236528794, -0.02564821086134574, -0.050557675662645914, 0.1129649066603804, -0.0647229617785525, -0.19930345802753358, -0.062393169019736766, 0.09668818613288845, 0.33812446817604547, -0.09974131451950598, 0.0980566135701204, 0.06293419430494963, -0.16334775069396978, 0.11945521321613486, 0.0006340387429961966, -0.03647706310018316, -0.11680950634298475, 0.08464659541746469, 0.2335970252859678, -0.12568040511386755, 0.14580717929682463, 0.11611668237836677, 0.15911491517726228, 0.07752089815679376, 0.14378068257423535, -0.02230121609160729, -0.03799246533557695, 0.08468450717482423, -0.012979904405210912, -0.08380487751803836, 0.022845175446409363, 0.1017062996286693, 0.09985462386589972, 0.11848647174389608, -0.015619247379138172, -0.245547850483203, 0.043389254909665734, 0.049856663669277684, -0.12650500875084256, -0.12337871198497724, 0.15349233408693622, 0.0631284657745895, -0.2486261834370711, -0.20453709214449567, 0.21253527146373677, 0.1967148132187516, 0.20826238908180286, 0.20487636333940412, 0.03469818859831006, -0.17753982051964337, -0.06979068141280317, 0.1291049461104783, -0.10167962326839124, -0.1359954487219597, 0.23138530683345745, 0.09528331965192956, 0.15341941751632196, 0.008053388839580955, -0.008254086297648932, -0.004594982009018025, -0.17884561486705466, -0.10397312417149288, 0.04817051374937129, 0.16538760702796146, 0.1591812085390734, 0.2852019577893096, 0.13151964939834332, -0.11021146331705717, 0.1217271866335612, 0.06226424649283361, -0.1394512224286132, -0.085439492313913, -0.012159061333111398, -0.3047718248065218, 0.20276221059797833, -0.30578813635212376, 0.31675714906819785, 0.05836746030115826, -0.035033311250295435, -0.07892448904398786, 0.1290195859510154, -0.04243726653293961, -0.15795901010855978, -0.05845184892307087, 0.09927313966547514, 0.12142020987639554, 0.0009652219163647901, -0.14257197359556187, 0.1593769928846347, 0.13304798703697562, 0.08679464373643483, 0.1871412582549054, 0.24217688574632978, 0.0909769009375789, 0.10836497185177396, -0.1099567299114982, -0.19534270870082437, 0.11491604482411667, -0.10511576563038494, -0.2759877179854259, 0.10801689189485306, -0.09137661674264361, -0.16055961087001894, -0.25068023666522904, -0.1814754589723792, -0.08629657152737037, 0.10185773811448631, 0.07543805397931375, 0.08153150991920395, 0.12460593812938264, -0.03067728868052516, 0.013748427979463735, -0.41194929414123904, -0.16855038762261385, 0.10620992851821248, -0.10427168776437384, -0.053914120733217136]
-288.2263760058124	(9, 12, 2)	[-0.09957750478574326, -0.13317422180994046, 0.0759662239962494, 0.07178707791581708, -0.14149862174556008, -0.0028457521331147206, 0.14396056761852127, 0.3224812123626558, 0.19609957641227588, -0.2667793647551021, -0.11774410880110175, -0.10268529286880344, -0.18339714545666558, -0.1088604563269857, 0.01928236147835032, 0.10519819510887499, -0.09784493001129986, -0.07541240929886855, 0.1267726202739945, -0.06212354098461005, -0.22599414591332273, 0.050066752064393504, 0.03440162814247413, 0.3781968836776556, -0.09411154891867525, 0.11568883692054092, 0.046356474041310575, -0.16343534051494904, 0.1145673333042871, 0.006844546987896783, -0.04747507011521851, -0.06820120072757599, 0.07657958548554032, 0.16497210194279555, -0.12171199707400174, 0.11857794134424633, 0.1123993210746508, 0.1450667930615643, 0.036672716233319344, 0.12526025035679694, -0.10258472424321759, -0.04031552308712032, 0.13269165905663197, -0.01298544108008329, -0.09680478941611603, 0.0191509047653457, 0.11529257228903148, 0.09863764764151278, 0.14937526559342645, -0.0037846864746978685, -0.25178415056177916, 0.05969556404322211, 0.07324698383839351, -0.10342373991952686, -0.14442796687717052, 0.17130827607145874, -0.02632025077807897, -0.28290104072671984, -0.16498403416635748, 0.19040035908162747, 0.194990410073042, 0.20331683267428333, 0.1762379786444531, 0.03187750837234529, -0.16948028862185044, -0.09497386876462371, 0.18780335027498873, -0.09506402146523957, -0.1439926401994551, 0.2572608156968534, 0.07488161882127757, 0.15040392880031794, -0.027711916759197583, 0.018116776341864965, 0.020551334020688723, -0.21356856508424593, -0.1231471439598323, 0.05777530138088456, 0.1568747976262837, 0.14971953486055656, 0.2844607152892664, 0.13287121632140664, 0.04522834460872405, 0.12305403414843488, 0.07274980430352682, -0.11348709946111732, -0.0698932369880999, -0.012736146275694155, -0.26115552862617164, 0.2298223993283143, -0.26839030533512, 0.30970206997088817, 0.07081577559687999, -0.04649235465485404, -0.07075501635126429, 0.150407117071195, -0.022752489540554574, -0.118721522642075, -0.08183787455394503, 0.11897990900131795, 0.13711758236957602, 0.013168986177213508, -0.14941426200705055, 0.20096979929367798, 0.2012482130428456, 0.09254195587293446, 0.13553442357512704, 0.23131113944778275, 0.08325536437739936, 0.10432467621866709, -0.06794884379383058, -0.194087453610525, 0.08636667667299994, -0.05753412536459215, -0.2719106498187216, 0.09600436259159562, -0.09648319256508632, -0.16213808422345038, -0.13170100035315546, -0.13834914779526034, -0.060729239941348115, 0.04220368478746487, -0.010670179667283664, 0.18882962319843066, 0.12203572973931696, -0.0013141913640867565, 0.0002951445382297028, -0.3520732362720312, -0.07645913410528628, 0.09736880318364015, -0.1260037559369854, -0.0576712706468327]
-489.57887519409746	(9, 12, 2)	[-0.10382788123394608, -0.09455965716759007, 0.09986235771797884, 0.15026473768095341, -0.15549278434410244, -0.1087163408058838, 0.12104178836079688, 0.24368043419697608, 0.27718567662234467, -0.16759891744684052, -0.14966046894481616, -0.09422758351319267, -0.10569225576276925, -0.09765187052101683, 0.011742408451261597, 0.15575215376531906, -0.10805185872940104, 0.0017714604950982101, 0.09059858439380811, -0.06679487721810531, -0.23869482551272228, -0.0681601085419584, 0.03482646036874672, 0.3493353312341655, -0.09433682895151257, 0.10991032348195126, 0.06635532755790806, -0.22127508542478436, 0.1372509782855839, 0.004415291215550478, -0.03278153045900854, -0.11556514595966777, 0.0115523589568459, 0.30155870366498777, -0.22957810497399628, 0.14443699641010915, 0.13408977335130975, 0.15479015786215874, 0.11922118914030483, 0.14554717378825954, -0.09935856176898686, -0.03394176560261486, 0.07940511226399266, -0.02336918287840336, -0.09358035094306626, 0.016661983110684304, 0.0644849076338256, 0.11357548054339434, 0.11060895713063117, -0.06285786198075878, -0.25151197270763104, 0.02725221008300587, 0.07001670285376121, -0.14356076768787715, -0.21394207802882015, 0.006045344346410682, -0.008471614034244984, -0.2428209334468248, -0.20989018448314958, 0.2081214687942274, 0.1919279399564501, 0.19059474105850271, 0.18376515643644625, 0.05952968547574599, -0.1755007181407281, -0.08560881740800924, 0.18363023174219786, -0.14969105575353756, -0.1257445188582026, 0.23640187961122, 0.08942622259434879, 0.15571241676015263, -0.00240650041157886, 0.013544922601423195, -0.0030044832102899223, -0.1958134055637149, -0.10448007861512049, 0.03521259356455052, 0.15452511822478832, 0.23079228358242035, 0.2824268874283443, 0.12233308586886171, 0.039050848221065845, 0.12142629844174577, 0.11633131715408518, -0.09684886514997396, -0.09196008813966852, -0.00863753061653717, -0.28996277424340955, 0.21300211731571878, -0.2901715278168476, 0.24592131145218957, 0.04245116649111256, -0.02577423824077083, -0.23578915158102118, 0.15399479438853986, -0.03713545584292954, -0.2033314279316779, -0.06893733081981987, 0.038532743770010966, 0.32492564261356344, 0.008106706888134557, -0.155285682066217, 0.1672610017920257, 0.11946687931495578, 0.020901908315221096, 0.20481886102250985, 0.22646977920030134, 0.09631794093300508, 0.11696052873209611, -0.10505785506447984, -0.1916828136985574, 0.08627650074385375, 0.008729568152511386, -0.14580501234526155, 0.12130273823467419, -0.08447203913792539, -0.17049916326010842, -0.2581526636811492, -0.1747166368191914, -0.09701853031052539, 0.09969198473701342, 0.01507197884612703, 0.08437662618612898, 0.11073035703129587, 0.002129523777391537, 0.034942711719500884, -0.3631131412892486, -0.07661738199194171, 0.0950399791438083, -0.2639253768579543, -0.061165167481654244]
-259.5121647636166	(9, 12, 2)	[-0.12393981771376134, -0.09303062093876821, 0.09980239303294319, 0.13704685235842481, -0.1330753703812822, -0.023164911546766857, 0.12398135878760774, 0.23280410151348518, 0.25716339524609244, -0.2833244772315586, -0.06722759898300879, -0.07837709859199421, 0.011542620498072323, -0.1142110403584164, 0.06699714785135061, 0.1347657907522049, -0.07789016869120817, -0.06759583862918737, 0.0976715212007829, -0.05913923697300939, -0.23822946999334105, -0.10432524022585934, 0.04992386835690021, 0.34993870187433773, -0.0742692132174417, 0.09423290502489691, 0.08405527306430371, -0.215611402742406, 0.14469839678944502, 0.015897308934016776, -0.018417505911916012, -0.08848318889222286, 0.008288810760733921, 0.24304327341786786, -0.09160594731538446, 0.1724822742326109, 0.1671984986519118, 0.15805056536720885, 0.13386706379154173, 0.1245887834479178, -0.08733545109392526, -0.03202392007479846, 0.07972456613851056, -0.0013314072955184556, -0.08158662562864866, 0.0001780645525342246, 0.08592046046793547, 0.11573450037046995, 0.07018102422060896, -0.004505815061739851, -0.2740829962188616, 0.02728282639733761, 0.0706193426561026, -0.13247695651350372, -0.13807313274182043, 0.1450610100239073, -0.07791448109752039, -0.25497323151062407, -0.21880469977835634, 0.22360181601597243, 0.22459248723735808, 0.1930417876445446, 0.15987244199035885, 0.0627278560337958, -0.18244579927300975, -0.061942117497178546, 0.17599572375220485, -0.11214467329964599, -0.14532583264930626, 0.26864206746702646, 0.09665476441729388, 0.14015811165244146, 0.026625193017957627, 0.04802386863588762, 0.00023090279264433803, -0.19912352943079675, -0.09801704789285856, 0.05249827664951342, 0.15894164029426294, 0.17234337296921862, 0.2724605650571933, 0.12934483818795162, 0.03428718824247733, 0.107556470785643, 0.08634008821287753, -0.12366406482854711, -0.09039363469792833, -0.007895524877889852, -0.12274045322655122, 0.21113071966000477, -0.267275653214561, 0.32918032751373727, 0.0481290098274795, -0.04266410792638149, -0.07360272746919745, 0.1789015039520704, 0.14193063268246522, -0.13631252712228573, -0.05402938485835658, 0.07643239920568351, 0.12552811229085353, -0.031062800625906876, -0.14967878266457876, 0.18027366684384247, 0.11442904636655606, 0.07333101222841779, 0.1656263775896379, 0.25433449760832494, 0.10276998733523396, 0.11720756702875557, -0.07496105905411521, -0.19101907672627694, 0.09596562068077927, -0.03893742841780219, -0.19690870595285104, 0.13365296677579686, -0.10708687750447943, -0.16821277424713457, -0.2056113155364609, -0.1609281415199448, -0.11109713326484473, 0.09869225029779373, 0.06349829607937896, 0.13959109741870748, 0.11232318680415806, 0.044564789684685746, 0.02567392048326156, -0.3855574057793435, -0.08633625727956258, 0.09274881273510512, -0.13405154929329957, -0.06043480952524319]
-434.3633079679852	(9, 12, 2)	[-0.09602349155413786, -0.08768943805974949, 0.07118905189858674, 0.13918706082603757, -0.13207837080031623, -0.06054355543480463, 0.10614731857656229, 0.2310423460615436, 0.2803840902218484, -0.26922257764416824, -0.10717306764847456, -0.05889354638323253, -0.2275113457731231, -0.12418146004998235, 0.021254640151470515, 0.13105381168180658, -0.13733292910642042, -0.05577467186792468, 0.13604554428242377, -0.07404009779910042, -0.22618620956091448, -0.08400158075231136, 0.14201939464743107, 0.3812654267013821, -0.07509036366081692, 0.09711382566270547, 0.1284086527179889, -0.19723228207577892, 0.13322980745993948, 0.002760845967458151, -0.2079188666099069, -0.09158294339921967, -0.05555593159008867, 0.1623394923568484, -0.12816580211667852, 0.14525373831472999, 0.15539741793836964, 0.14137230587894284, 0.13104649927836015, 0.10668660389677802, -0.09443604753157267, -0.08300886682459767, 0.08226856138900576, -0.03746235068624681, -0.031145929583860824, 0.01839010127847138, 0.0910404857863413, 0.11600079790919125, 0.09261568732707222, -0.01487522013359329, -0.3226862931843598, 0.036745067419218846, 0.06973234939513188, -0.1321413664203058, -0.13729357625736283, 0.1540852422260472, -0.1128701242636528, -0.27415591340583423, -0.15864341607817714, 0.23722899231564645, 0.24512875618183502, 0.1673258012488951, 0.1826284585663981, 0.08124510859791356, -0.24291623153526204, -0.056496065378810474, 0.18404892998535355, -0.010097307057110046, -0.11554988647272532, 0.22599431024364203, 0.042441767776946776, 0.14352988677625209, 0.005326761380356911, 0.059659403009019424, -0.0018658657981600645, -0.2559621109122053, -0.1413274889226326, 0.05924581589898101, 0.15639540007561709, 0.17260905807170251, 0.2758745406101458, 0.18506332831786826, 0.031287642083804246, 0.10046056030389336, 0.10345379133500492, -0.12231186335331781, -0.08067866641258518, -0.007886551274173852, -0.2906067599357524, 0.24386980607948638, -0.3561266555294983, 0.33080072467154936, 0.036823878788995096, -0.09521119014794871, -0.08175721459712294, 0.1713769435335232, -0.006365649199672767, -0.15317975471629441, -0.06434918041855714, 0.07032461303839999, 0.1263358513083631, 0.006326303697826916, -0.1432113491793081, 0.17140997400300234, 0.13460641320822475, 0.027725436540900025, 0.1385005196157475, 0.20767098164515826, 0.07872502451212836, 0.14006215046768605, -0.0873976331065798, -0.16668359019148798, 0.11875976709385697, -0.02973208511501929, -0.25277679731335967, 0.1506973909411612, -0.08212791985936808, -0.17305025934698134, -0.22243916127007118, -0.18234682366154062, -0.07602107779118784, 0.09579077834222252, 0.052877001586154285, 0.12250931633123525, 0.08842932121875566, -0.004374913362963018, -0.0706519706968439, -0.380148909160524, -0.07353219918100445, 0.0798965701654488, -0.1129935214790977, -0.0007024346508883589]
-352.11790920761655	(9, 12, 2)	[-0.08793799435828399, -0.10448529662935002, -0.024391954464249434, 0.1402365927070081, -0.13317944708180968, 0.007912545155137613, 0.11864631810065868, 0.2651888377997695, 0.27159908614852657, -0.24650974671728815, -0.11606527809765652, -0.06780097149113995, -0.22999004780003446, -0.10843836674058512, 0.010288324494172767, 0.13257949367007799, -0.0916234454312427, -0.032148876563118475, 0.09339909319523317, -0.07547182696978996, -0.2069508838672512, -0.07073819868719475, 0.03810441925142091, 0.3846472796034107, -0.07637342048497632, 0.1154676263149623, 0.12386636950627104, -0.240164723912295, 0.13680733494057684, 0.008035289169094673, -0.1534233792784259, -0.10545695034471926, 0.012316325448312697, 0.30957027394370545, -0.11089269847445044, 0.16615270806823532, 0.15437938978610194, 0.1500855934336367, 0.09762049774678772, 0.12867318031323113, -0.09998584438994283, -0.0472337567547477, 0.073217998705035, -0.0027552964385126485, -0.08396003763962481, 0.009911733784867835, 0.09226374953170134, 0.1124804175048052, -0.013910488942744405, -0.009166611054968953, -0.27726819863833435, 0.03507089347617129, 0.06662798538667478, -0.1315047298939791, -0.034719985072551834, 0.15340355375301898, -0.08645376146226151, -0.26704924141027314, -0.1879881228101374, 0.20325840483449042, 0.22059155652954557, 0.19189266567387359, 0.18342318686565837, 0.022435508092372426, -0.1834783872366713, -0.06637358498128107, 0.1796442560872944, -0.11009336915944615, -0.12165033480793398, 0.2511275777593386, 0.08745884273675579, 0.13759418770242876, 0.021606032669761868, 0.06936891387061803, -0.0022062313397224103, -0.19423916525691345, -0.13448094947483255, 0.055365438689014564, 0.20231710190444058, 0.19322057897009942, 0.26863028346699563, 0.137093034223405, 0.020456077457364434, 0.12859315657832698, 0.09075098626056988, -0.12654587744935436, -0.09436739784118076, -0.012733014437830552, -0.3131640372560007, 0.1815580659665671, -0.2814496767311809, 0.32992415526832575, -0.025809509796435672, -0.015633340333519853, -0.07229976666701926, 0.14497796946179123, 0.05320368710719541, -0.15433778784724986, -0.054330921665433664, 0.09120654307319981, 0.1263723194533069, -0.008192887233890816, -0.1643302857458019, 0.18415631620448097, 0.13376484273434247, -0.03729998712061369, 0.16294482047765943, 0.25255015523332947, 0.09367300419329434, 0.13088765900662563, -0.07753427345355174, -0.17700931178070256, 0.1008300347933551, -0.024263444036712187, -0.23176135530135145, 0.13644257222527537, -0.09556866817442701, -0.16645888784392618, -0.2011622993179787, -0.25237465229290734, -0.07851586831511556, -0.009839910363131331, 0.006270363378311056, 0.13222526381526217, 0.09691604621222988, 0.03720322627017067, 0.04044292355487271, -0.35169592897078844, -0.08734493605359936, 0.09356185982233398, -0.15869501584098947, -0.05956341357157227]
-324.80754870628516	(9, 12, 2)	[-0.09555530628378085, -0.07864646794845377, 0.05981441618676728, 0.15019716423553625, -0.12026465306512266, -0.0006884188523925295, 0.11874834704592661, 0.25492065377298784, 0.3072765995113569, -0.305535156954693, -0.12449386025225063, -0.20022465062239997, -0.19441022106759823, -0.1021697832044818, 0.02716434925345748, 0.12155443396772994, -0.11385146887784404, -0.05869693299589911, 0.07232436992539583, -0.08903852939455725, -0.2140087016425372, -0.07165696976216795, 0.038870204006432284, 0.3651658275836298, -0.12498932407157362, 0.10963686682319972, 0.13241078570886639, -0.17414861108563787, 0.13736616518410058, 0.006711939360959556, -0.030047268867494117, -0.0814376849968718, 0.02839163298230787, 0.3138680565100776, -0.03291748671152149, 0.16706256915860512, 0.1454581090610114, 0.16096159290604123, 0.1088984264933477, 0.1939401057209696, -0.12173322463537062, -0.04262754594576257, 0.09366622329826618, -0.038635984368864534, -0.09603804069586214, 0.0012885776560398287, 0.0844615338082466, 0.11576856510039525, 0.0838947291393099, -0.005360640313393379, -0.28282208507567963, 0.03445622509781428, 0.055320452520291136, -0.14227091194867636, -0.14115994958364222, 0.17746058643785956, -0.10593527733122646, -0.1682457996730709, -0.17139110914841968, 0.2265989073623402, 0.22723934215598668, 0.10572328363078741, 0.19820789605600853, 0.0074472947310701785, -0.19249410182721166, -0.09629592726721484, 0.18043071248353373, -0.11704098254544892, -0.1374724862686665, 0.25381509046454065, 0.08250882998228837, 0.1422871747603726, 0.029484160240692475, 0.06125449236671351, -0.0015201787553958844, -0.3551664784526366, -0.13885153091548527, 0.07782207928806673, 0.1651435914866921, 0.1697458265145727, 0.2648524886135366, 0.1316816995985069, 0.11999829788003363, 0.12405148122668593, 0.08574721029346986, -0.11594753574421704, -0.07310765589355064, -0.02120925754402782, -0.2985285227225266, 0.23676517010711287, -0.28873565753003905, 0.33834419361956347, 0.04382769981454175, -0.01889642605444849, -0.07491154224104961, 0.17915315205204121, -0.11057595630805628, -0.16575250023857788, -0.10668190504005648, 0.1379135445911236, 0.09583527294377935, -0.0018346166560791223, -0.10499959555898655, 0.17307957520888798, 0.16496624125745943, 0.06851247494678626, 0.19683354282936164, 0.2337709462042814, 0.11523157225344575, 0.12813263005968925, -0.09450965381239806, -0.21057368663906498, 0.25330439839420726, -0.01452112615703316, -0.18670454590917016, -0.010117121710857324, -0.07925123894784054, -0.1323795023794822, -0.20579124383969893, -0.17581726323565453, -0.06730342229093014, 0.08197126377595644, -0.005593402944468964, 0.13470918998287196, 0.10510858016326095, 0.03701959585992141, 0.031064326200259267, -0.3654362777651907, -0.4153985926723428, 0.08907026233737145, -0.1387254071693687, -0.06770491885870439]
-88.83391035371938	(9, 12, 2)	[-0.11133852596890279, -0.09849235449565537, 0.07302572468092183, 0.1402128464755423, -0.15179449217399094, -0.06374412300913503, 0.17441681423322974, 0.2397264631123262, 0.2493921379757749, -0.2977883107473885, -0.11148809734649623, -0.12212847417683263, -0.19771120818868412, -0.13063179532675484, 0.015908645011513883, 0.11970728933537869, -0.08804014449726663, -0.07781432244187211, 0.09976003240910915, 0.02515187342133665, -0.2154310959730786, -0.07619251049072878, 0.15177628692476478, 0.3256439494999953, -0.1261183625475439, 0.09914480346309501, 0.02481690854684938, -0.15765344886437477, 0.13266587936026816, 0.014538053128089605, -0.04110474968642008, -0.10760887285751154, 0.019584563400469567, 0.21253505564984732, -0.09389348490368477, 0.1708433461589285, 0.2413137799661575, 0.1559875938797205, 0.10033968401810875, 0.12717757717796185, -0.08835651955123835, -0.08071436324354728, 0.0012036849488553207, -0.0068723944280777265, -0.058335234336750766, 0.15441778072774037, 0.08826011589945583, 0.07593810693396635, 0.1109578226600092, -0.08998101121752067, -0.2525512444190458, 0.035674089795652814, 0.07965547556252316, 0.011743476715159018, -0.006109585998165447, 0.14573728247608933, -0.05810990861256696, -0.2910407116207582, -0.17066175412384973, 0.2591072197326861, 0.2029923168127689, 0.20187977255888093, 0.18575439123159573, 0.03243987619050149, -0.1851284276458318, 0.003154755091485037, 0.14773189474150938, -0.0807952810056063, -0.15832344821698843, 0.31392611587468056, 0.0696305652856731, 0.1301954135057139, 0.0016694891903256365, 0.011099290290439575, -0.0039791737879255155, -0.2153155055508768, -0.10183214742469038, 0.041493715561764954, 0.1439147000392471, 0.161386042423745, 0.29176138973631127, 0.2001211870354903, 0.07408067130905054, 0.0954060605501862, 0.07219110938505796, -0.12326441750095765, -0.10617174886355087, -0.0050172374949030325, -0.1286932431089288, 0.24152758959833143, -0.2557887496041458, 0.33815869296374323, 0.052071417124324615, -0.05855386054046621, -0.0773343149152792, 0.1402976613737059, 0.2048055190924119, -0.15792110753331134, -0.0626684714114773, 0.07858957224599765, 0.13240645450890265, -0.01179838553805291, -0.15187636981425987, 0.1994159782651983, 0.12745067566717957, 0.13344181390922763, 0.22845624665142272, 0.31048768416565786, 0.09657057037954606, 0.08999052805720922, -0.10370463702050066, -0.21765560745527568, 0.10688427508100956, -0.03220511958328521, -0.2132962816582261, 0.27491237982416344, -0.18490801077036373, -0.12364161808353183, -0.10334130408480173, -0.15465427066842843, -0.07044331852554922, 0.12115079896973752, 0.06467367045062715, 0.1567866826100221, 0.11646274878326211, -0.009427251086667988, 0.014231090766027674, -0.3842438497830455, -0.08822665249728172, 0.07819010127087785, -0.12821333474212354, -0.05711798783495446]
-445.59012925570806	(9, 12, 2)	[-0.11180224555401322, -0.09480477569670379, 0.015229935346338043, 0.13645347290665297, -0.12516556785790867, -0.009125871574668258, 0.1371624994876412, 0.2242564349077234, 0.19942420219613907, -0.23601360925038414, -0.13333222272705994, -0.07649723507446918, -0.20565633925463309, -0.11621745713547964, 0.06031043991393245, 0.12015570705104653, -0.10341079247929102, -0.045409085670794144, 0.07982895523420008, -0.05509247356897873, -0.16676418893393802, -0.08439093268806801, 0.11295695721410814, 0.3491418222431738, -0.07979108144643207, 0.0837987728566601, 0.10850828085607878, -0.21210235954778464, 0.1622352780208924, 0.017339215865425375, -0.023956902811188507, -0.2624941677763227, 0.035331301206346546, 0.2893386271203172, -0.0484279384576104, 0.16738625700176413, 0.14770552105544218, 0.15149596615667105, 0.06869220546005107, 0.15226193605102892, -0.035983845632809056, 0.007736729073400019, 0.06267418171570839, 0.04025131107595614, -0.02737472124421644, 0.027522621210156636, 0.08879475226016552, 0.09585381570808135, 0.11373127587216535, -0.08228286882137792, -0.2709966836675639, 0.04165280978339893, 0.07619773932062254, -0.25544233522785764, -0.11000391826201888, 0.10109282126092692, -0.0822818104895271, -0.2951464476273027, -0.1689567098852581, 0.25228122844336126, 0.19551519591864994, 0.20714559946381336, 0.17077285715768722, 0.01796903416204059, -0.18110121856035866, -0.04765412804812533, 0.07375930151722412, -0.10920365379641886, -0.1350348014410063, 0.24501585936696024, 0.08046940967087238, 0.14090154695846482, 0.047294953423525764, 0.0408173324935961, -0.006354431666550663, -0.1635984626938927, -0.0696569794671931, 0.03852342582886521, 0.14219301703832607, 0.15539588993622291, 0.08938239823990203, 0.16078383906493543, 0.0689919368463514, 0.10803316271375199, 0.09072319496563563, -0.11240989552045311, -0.03858660716982026, -0.021891068132613777, -0.23439588767903607, 0.20722171320775187, -0.2505670226376147, 0.3506175648181014, 0.08937945694321484, -0.1588455145942603, -0.03582692517353431, 0.1697325590795449, 0.00020880756032877219, -0.18415506652083893, -0.052870648049848264, 0.1451050846112419, 0.16455993705079974, -0.02646130232265973, -0.18612288724874881, 0.22823336275338685, 0.13195261480943996, 0.0464485149771725, 0.21929259436376336, 0.22610769049790688, 0.10119650397487888, 0.10116764314471746, -0.09626952788860971, -0.14934309123581735, 0.13271451805578954, 0.0024632073958176237, -0.2220929052161301, 0.12378266115277543, -0.08931689139070628, -0.1675328625001652, -0.20780284357842388, -0.18905552669071835, -0.06516332275153547, 0.18003086332209287, 0.06208688190882098, 0.13836246300654859, 0.10721259705870621, -0.010022437511265836, -0.16349751215217162, -0.36357671627479793, -0.0823101576299014, 0.08981113220292136, -0.13399751916373706, -0.06018885707758949]
-64.50367520063662	(9, 12, 2)	[-0.06405168500862016, -0.0946137548064854, 0.0992326903575103, 0.08016607290105425, -0.13186973583632017, 0.03657899741593575, 0.17778077312291404, 0.2366530328886615, 0.27410892691752486, -0.2167882367122549, -0.08577260031308054, -0.12826142235105364, -0.16842391732641684, -0.05218478911047254, 0.012204020747278575, 0.12214964689887653, 0.049569612434308005, -0.05239254362360039, 0.09254265139518952, -0.04248318658583614, -0.23599052446321075, -0.07723282584152777, 0.04065098236308427, 0.3020773618346231, -0.07765933536751317, 0.25274195692788265, 0.13010127157378804, -0.16499283891339103, 0.13317238738013415, 0.013687211041296173, -0.015339741839286589, -0.11588967936483924, 0.040572455803036506, 0.21652678922578084, -0.10241415576336978, 0.1743450421395826, 0.15014669647598777, 0.15360681400042367, 0.12341154104866749, 0.12486748597622799, -0.10468442806070358, -0.01983244206054273, 0.012495148165565937, -0.028995283195152537, -0.09353808482222212, 0.028805837153917893, 0.08421282585311196, 0.12964110117492553, 0.10411615649452666, -0.04766195578723039, -0.26615802341914707, -0.007353903768526373, 0.06484048787449659, -0.11981833774450813, -0.14046307657886628, 0.1480626330803828, -0.060888455663441504, -0.2458569863807329, -0.11374273753441243, 0.24435238679398888, 0.20676893221850345, 0.19507919202650875, 0.17497593022545455, 0.024222017583180717, -0.16697238769464348, -0.06527399199058818, 0.11671528684124585, -0.12793788930738048, -0.31220000927781233, 0.26317472507159134, 0.04955161417420617, 0.13840080049720477, -0.05458334875626347, 0.04831029151236332, 0.02312332385519838, -0.13769662036766764, -0.05731462982074813, 0.019299404713604022, 0.15430965025273718, 0.15157764285622738, 0.2760110002699909, 0.16841028940191644, 0.14874523193164269, 0.11309082529650358, 0.10535181933109256, -0.15958871541971248, -0.10404891324485453, -0.04445544181491128, -0.27847407411052305, 0.22716014284554217, -0.312186445207195, 0.33661429365922413, 0.0136898301309021, -0.06275361275547119, -0.019115332936826254, 0.13866390129690248, 0.030451837891754454, -0.15282656284299603, -0.05018079970595808, 0.08654834106275489, 0.124444610266052, -0.011626678581688121, -0.1250942942436595, 0.18588991283807627, 0.13495068567576474, 0.004670925770472119, 0.1820406981063477, 0.2664204921219061, 0.06498279962535965, 0.16838092711619743, -0.05960325523761625, -0.1747414080460067, 0.12858780190560465, -0.049369566766154165, -0.18225222440675803, 0.11712568803829346, -0.1010074174989393, -0.17345122585095124, -0.11263969241122926, -0.17007960815151899, -0.08422879428454201, 0.06963158196305111, 0.05883560170251533, 0.13641649747315873, 0.1019570664136581, -0.06564197997198784, 0.0401398012548907, -0.37440748137866087, -0.10244105635549877, 0.10031685584059709, -0.14975560099960017, -0.06758022737024841]
122.86106751051719	(9, 12, 2)	[-0.08134816042818695, -0.11299244204578772, 0.06354463465546678, 0.22693447180694334, -0.16533909830522836, -0.008714493031900663, 0.06645451999096627, 0.23871499901422008, 0.2328764406894736, -0.27924123204757584, -0.1248187396465602, -0.10161665382077498, -0.051854973411062766, -0.13166890634011633, -0.031163831234240557, 0.12703750419280635, -0.09351286043523221, -0.06746053766970309, 0.09665202194351005, 0.04255969266649739, -0.21470862096157312, -0.07580735240307766, 0.08893948839489453, 0.34461599630399686, -0.13614578420450651, 0.0983344530866769, 0.10599666570304025, -0.1912920407987722, 0.14327599461702129, -0.009349811425403474, -0.021633300534487365, -0.08571378152467604, 0.03731859217511137, 0.22052680971234473, -0.11887092379265973, 0.15008732983935202, 0.2783755681700818, 0.15118734212964333, 0.11001960239284433, 0.12392089863892759, -0.092742122528916, -0.005079372664041406, 0.02787161819270402, -0.01034111577572777, -0.09190113317839116, 0.03192373977362295, 0.08851383817903177, 0.10855072204190917, 0.0923128921492294, -0.024091324482044048, -0.24923342920921293, 0.03475266402776628, 0.07880716480984999, -0.10357491626941978, -0.07064706219012548, 0.12530966003803692, -0.0386191704283566, -0.2661319926062589, -0.16506032165969498, 0.2842852783183173, 0.17770258957625126, 0.19121636312799137, 0.18073276023672077, 0.015360565226026104, -0.18557968742678932, -0.07007769821326369, 0.16912801788212467, -0.1627063044054419, -0.14684611779487558, 0.26966684505944655, 0.08703897185081556, 0.17113777812959546, 0.006955390505071891, 0.008697756354411059, -0.0003218904721583126, -0.19719028220573864, -0.12252171633994446, 0.048204548099073166, 0.12139195667150415, 0.14309380709335529, 0.29418462406141194, 0.14857123285701773, 0.13846398005847457, 0.2222352987285878, 0.12997376602840352, -0.11643450275598953, -0.0994682256086812, -0.026817621920003847, -0.27662681370154546, 0.259385404634585, -0.2627367150172455, 0.3485968708965247, 0.0463421627936756, -0.03414155368780351, -0.061724566229060765, 0.1297194404256404, -0.015417322636253486, -0.1472634959763618, -0.07183166426136808, 0.08465463935987749, 0.11996392646127593, -0.009616078258340183, -0.1476166220829613, 0.18835936177296794, 0.197482266708139, -0.03911371346624306, 0.1957272419463056, 0.20863729950148546, 0.10824464715930711, 0.1877953871174748, -0.06716580079584353, -0.22028141749950159, 0.13921330290976205, -0.037576547520570984, -0.22168387556893138, 0.11879447025914674, -0.13480270315023563, -0.04609957012369212, -0.1841673624355389, -0.14651226147736934, -0.06506759886769807, 0.09639207680926477, -0.011456496827345421, 0.13645955798949866, 0.10044340812173373, 0.013619583683410198, 0.12071428866430504, -0.3789949486908115, -0.046285249184557564, 0.1260488280102903, -0.11094283989073693, -0.05434538517018143]
-347.3566988944559	(9, 12, 2)	[-0.0888797476964244, -0.10733129005977025, 0.06549732991685402, 0.14131866419875005, -0.05441673172975563, 0.0047676665541540215, 0.12613554635456714, 0.25359861324955946, 0.18086101576303654, -0.20022881672679738, -0.0669773808109543, -0.03810741892132624, -0.17776087750179592, -0.10920643850950659, 0.02690478719853686, 0.12324918275907112, -0.0752082735477046, -0.06287933870133657, 0.0935059264897884, -0.0325604272554762, -0.2231791514022849, -0.07189892515807479, 0.04504169516995864, 0.36380026551270017, -0.08571905395899708, 0.1761478201722064, 0.07865646540281296, -0.1655658745984175, 0.06601827469669325, 0.00942822462110822, -0.030899345215516037, -0.17450157925033244, -0.033629684873703054, 0.24457250356361462, -0.09865510251513679, 0.1713007148623189, 0.1479971154318943, 0.1769447644047316, 0.07235403134034918, 0.14915835415351333, -0.08359290878531797, -0.040813297794770186, 0.07443206580295494, 0.0252601210760544, -0.06421505888609477, 0.025533037928474965, 0.09137353161509139, 0.09653863986607383, 0.09774853685941401, -0.03896891476035991, -0.3132899160887278, 0.03069753323574015, 0.03953236843518219, -0.11614942911652028, -0.13555149931297678, 0.0577415237091357, -0.08465586037249445, -0.26808261027959557, -0.16213561160080908, 0.18313233512031668, 0.2179236925536333, 0.21425695910128795, 0.15128386074596537, 0.011777724113105608, -0.17428814861251293, -0.05133385868464813, 0.17640430135948848, -0.12820371373659342, -0.1473169056410545, 0.16367532568849857, 0.0876457607861281, 0.1415262424623357, 0.008440758492284763, 0.04978457287813484, 0.001940796288069523, -0.16209244033884004, -0.12370698008994563, 0.05488181387863635, 0.15357994061410032, 0.12828741013583156, 0.22738972905429006, 0.1546329120659139, 0.11964756842997967, 0.12339150331757441, 0.10538239320004786, -0.10477965682772661, -0.0775731804606668, -0.03592124674521221, -0.2708738344691938, 0.248379026601007, -0.25039692828496357, 0.34496409177371967, 0.056765241554164195, -0.10641860923885371, -0.01503878671607264, 0.11992122930549545, 0.024090411726417613, -0.16594684376773575, 0.06728952530065775, 0.07364066036157683, 0.1215844187310457, 0.05470131283302334, -0.13386101950013643, 0.19996769790205252, 0.13925429917322818, -0.19845988312304694, 0.18845957334042623, 0.22321095763542265, 0.10105791392379776, 0.11968526790400652, -0.09740303364482517, -0.17600207746407584, 0.13591501809743772, -0.0431641048380617, -0.0823879729427254, 0.1052005052955252, -0.13774755387052348, -0.17358720627572727, -0.18831640235504649, -0.22524424588733966, -0.07182340206187503, 0.07014309711996272, -0.06731627292048654, 0.13581127838008922, 0.10576856716975055, 0.013678957895466083, -0.03972079435683106, -0.3778665169822, -0.12444063600138315, 0.12212049453053489, -0.148857082602575, -0.05543564997112145]
-249.39999496187653	(9, 12, 2)	[0.047647766639659306, -0.1041044242519656, 0.030699339826378867, 0.16104912921455897, -0.12981346790586606, -0.03267250267668664, 0.1313770657388088, 0.24311321126939978, 0.22747391310405493, -0.2705090596780604, -0.14165768911905885, -0.0837668201887643, -0.19602952845848587, -0.1204814058196862, 0.0009558102730255315, 0.12109903295170249, -0.09305772337183427, 0.00027984651412572836, 0.06502395965075324, -0.045084526955560984, -0.31601203262896627, -0.0863544352008634, 0.09420095307931081, 0.35067843841560287, -0.0862181827759233, 0.08913100227065135, 0.08284823051002561, -0.20999999993643673, 0.14952099476508762, 0.011752177411135286, -0.026025898462251843, -0.10346752292454132, 0.030819247150860967, 0.21854065858271865, -0.08623826891500364, 0.18115188173385782, 0.165569917909049, 0.16403389355839135, 0.09922049967472889, 0.1339999035977094, -0.10940492891061335, 0.02982884494311897, 0.07989387417965467, -0.0005753068676272559, 0.15128897328988966, 0.12991312227436264, 0.08873583684918841, 0.09347543724015606, 0.10896722900324707, -0.0605171139166046, -0.18457468211005804, 0.01974880305943702, 0.054562033310501454, -0.13057477897196162, -0.1084760565527279, 0.11836280199907105, 0.006300686907112289, -0.4037787268917279, -0.1730799168933265, 0.21200237549499296, 0.1909415105643526, 0.19536061999286936, 0.18625740814995195, 0.010297550101780063, -0.18153338019340115, -0.06446082445814681, 0.13778812544121383, -0.28028406436988457, -0.15083527570791425, 0.25644215977706897, 0.11005478770659052, 0.13834829758198838, 0.0194965981048213, 0.04575791347777843, -0.0024224633594472494, -0.20629549013478746, -0.1049610172837851, -0.05527433715692589, 0.156919406667078, 0.146802033615203, 0.24263256140909187, 0.15205571360266318, 0.07142586616069836, 0.15860552621568522, 0.12591715867228115, -0.10593186109715999, -0.08051210474283663, 0.07388497853300312, -0.2720901348778275, 0.38964343264378914, -0.27375542741569253, 0.33256097303743987, 0.05761954443281632, -0.04038476606101779, -0.0508198768806275, 0.1563585440268548, 0.042170360340468976, -0.1306262008820122, -0.06761079836357788, 0.09786562721858114, 0.15281125947615376, -0.06016273024747558, -0.16530097221059922, 0.31356535830149884, 0.16117601595725678, 0.020325772885536872, 0.19418297270247906, 0.25953037981361676, 0.0953049281830342, 0.10219581566258987, -0.06122364882227445, -0.16516696482601853, 0.1526497588963167, -0.11553187156246078, -0.2175664176766195, 0.09256108548997957, -0.09339289806681533, -0.1691847951888748, -0.1951407721468707, -0.18356565481434406, -0.18022680484867082, 0.11879834388894393, 0.014966601477335022, 0.14495686410250003, 0.07277229850803209, -0.002602009382411017, 0.0003371793977682228, -0.40564574908835854, -0.1093932718625406, 0.08622618926016844, -0.14624323909220538, 0.04674744626901005]
-455.9020626525025	(9, 12, 2)	[-0.00040434128017696486, -0.1105784182285083, 0.03069366303569506, 0.202282959934991, -0.13194058729110422, -0.005066350642743849, 0.14097064205881735, 0.2603284669533793, 0.1947006497972466, -0.24984620655277, -0.11511125746628181, -0.09451815013909651, -0.22048169673448553, -0.11932703983428222, -0.04460832376061546, 0.12479694891511865, -0.10833991338875396, -0.06510991811934572, 0.06563029408386865, 0.09387849784415589, -0.2145876988034848, -0.06680541840257734, 0.0767336163445265, 0.3077013541312009, -0.08683034616872802, 0.10339117222593155, 0.2777135650741758, -0.18073403401862326, 0.23196213190552206, 0.021041965576126632, -0.04638858618779715, -0.17036338471751286, 0.06315335660468824, 0.43319396314232994, -0.07841400266196223, 0.19121782994726372, 0.15959036662241233, 0.14516472893925003, 0.11260164936822542, 0.12891965919419865, -0.08116370644037862, -0.021117739030006747, 0.10642295136299762, 0.018424869828947213, -0.13691806443264629, 0.05167385827851129, 0.06184218801866603, 0.07390409157101727, 0.15756437588813677, -0.022517724216892653, -0.2568648058083854, 0.08692459289228492, 0.058314225006806275, -0.1913897196062385, -0.0674410822348015, 0.15583120670300227, -0.040265193881968, -0.28375787527002055, -0.14871184903048867, 0.24695541765749682, 0.19438411257152052, 0.2108552971844027, 0.19386303007065087, 0.016201528057153382, -0.18540912570586277, 0.009006242232875983, 0.15168038442149018, -0.015839219047010147, -0.16186607628846178, 0.24681912450130877, 0.0893649306042604, 0.13097021346942408, 0.04723271987169029, 0.0469764621124307, -0.006541715091683978, -0.20916489994272483, -0.1291955816759483, 0.030933842766114886, 0.14838606985496267, 0.1427620211245211, 0.36362616628572914, 0.13218229188405844, 0.05633896268169674, 0.20898192674547433, 0.09788562993922904, -0.14458119879928877, -0.061438606352773276, -0.026163721119059097, -0.19493900198358488, 0.25024905739220626, -0.28610717214109693, 0.3878526013384115, 0.05503778858343798, -0.03870662429760302, -0.18185102477981394, 0.04493525435768318, 0.014615842726418984, -0.17596002795783064, -0.08910164070966378, 0.08066327919706978, 0.22083508533296242, 0.05167794905694943, -0.17393909539068897, 0.18936501877271655, 0.1021231184664717, 0.015602365460337143, 0.18519140416629665, 0.24331120353356045, 0.09547136047565039, 0.1012366314972635, -0.08165481375064326, -0.15940869418327155, 0.1898996683339483, -0.03812965939458321, -0.24514612074562742, 0.09411894656977954, -0.09701676055541189, -0.14078451270621756, -0.15123830507481179, -0.04977711318282378, -0.11127769994825726, 0.1556609660902835, 0.002168985375379889, 0.15380785342265657, 0.09449365939420834, 0.009480711604105595, 0.005225814784326367, -0.38506029510940476, -0.09269766797094214, 0.10009013491195615, -0.16887571106721763, -0.045231973859108716]
-452.8062675718622	(9, 12, 2)	[-0.05158459242796505, -0.10030742075028182, 0.07553137751168301, 0.14218605073662738, -0.12878715818231945, -0.020292746210992044, 0.2237218804022696, 0.23484481173206148, 0.23766354236753612, -0.2680249164775036, -0.07810760793906452, -0.06796478715736982, -0.1718807116973551, -0.10884106386164961, 0.04120801575853044, 0.12561470811455597, -0.08644165662460845, -0.057552933740412926, 0.08453479277921805, -0.046532534150162605, -0.2132478490116017, -0.06094323895521511, 0.1771517604398028, 0.3148657550983507, -0.12605072729581568, 0.01090940681770232, 0.08822108114474736, -0.19309588412154433, 0.11797074682735398, 0.014690638792636341, -0.05310062071900152, -0.12390840232500043, 0.029284182981429874, 0.23147233423261182, -0.10213008359258025, 0.15385419475524525, 0.11131813704228767, 0.16846531365428474, 0.12757696820295686, 0.12146444737078559, -0.09063556290300996, 0.07359375133089606, 0.05944962416263333, -0.011049285650959924, -0.09443005843536037, 0.07375586895036791, 0.10808457420935874, 0.10538188687692737, 0.11676696455064282, -0.03325231768373016, -0.2560054595291238, 0.011362540323570858, 0.04327070031183134, -0.13264981273425355, -0.169784763038483, 0.0028212773507329814, -0.021385752279601895, -0.2729105686998916, -0.14280517361204337, 0.13901061831545436, 0.13144351546120028, 0.19527711721432564, 0.18273383387284303, 0.0021952880149854427, -0.12433470381393963, -0.05364679904458676, 0.18661431870062617, -0.11652977073380369, -0.13832784414781815, 0.2503050979552759, 0.11781609338267755, 0.1313161945268052, 0.03577568323112223, 0.04097399659099134, 0.01868241583993009, -0.16623931292422367, -0.21186831595250558, 0.01813936961599582, 0.15490578571470315, 0.1825422992092236, 0.327345516298518, 0.1665565600977563, 0.07525193544817319, 0.14397429484078056, 0.27288541413568274, -0.11238771414116214, -0.058121801698952966, -0.03892005798690297, -0.28870889628132607, 0.23944412100657747, -0.265291011524904, 0.33341561046965323, 0.030558769036708594, -0.041648188965573034, -0.0330001147555719, 0.12376259657121355, 0.009160517489311267, -0.15211576319306824, -0.09305595950150483, 0.0780607020400261, 0.09029568387306534, -0.008120589951739053, -0.20530209612460523, 0.14792915152717614, 0.13460012105794925, -0.03775288466504733, 0.1888893038424337, 0.2577853095120581, 0.09733751364943027, 0.13262883446454504, -0.05384836957841421, -0.15977101170635477, 0.16296967162990836, -0.05451399780097007, -0.05425208277931744, 0.11934317772626067, -0.10192623937604342, -0.1779329902603582, -0.18017268377682286, -0.1302203672249667, -0.07009834199859884, 0.10545405032711853, 0.034806460810294704, 0.13761795397231025, 0.09386390809450186, 0.027226811776324453, 0.0048288717607747784, -0.3664874768132697, -0.07262004782656753, 0.08613277155989188, -0.14211313895049252, -0.09670714245854145]
-213.39937230521255	(9, 12, 2)	[-0.054287635433588485, -0.10522096794907396, -0.0005673244795607463, 0.19491738366789257, -0.13176630911015066, -0.010170261940320599, 0.01652136232709414, 0.23035219706818244, 0.2589728578653061, -0.45769658334066143, -0.10244453345243976, -0.09223937401838406, -0.16059812409171714, -0.059765405477903155, -0.01310083356964549, 0.12663841494413203, -0.0903445079650867, -0.042821233160493515, 0.08334483933885282, -0.08617957509686068, -0.19289335309196037, -0.07423702232695925, 0.09266935537625218, 0.42110555924342724, -0.08712071036027158, 0.13284413913745718, 0.12392351976977989, -0.1844020167811199, 0.15272543066653538, 0.019647534614107273, -0.022040218519785052, -0.138354755426081, 0.021434980458494242, 0.223801906303193, -0.021423475085200674, 0.18209983388806372, 0.16995952769967343, 0.14109983050773345, 0.1188986451826993, 0.14002429796065835, -0.06263745256024128, -0.021857945390155918, 0.0568256333541084, -0.01701672183969222, -0.06479363679322835, 0.06910591887192692, -0.01827037953827655, 0.0671598559958281, 0.10204884466149244, -0.02644658800552947, -0.10417044006418692, 0.04469489735176051, 0.0499927095949536, -0.13654409915116716, -0.0972945770395004, 0.17492879490204993, 0.09750524592680078, -0.27563689727732665, -0.1555630143390346, 0.24357176460528515, 0.1838727354193474, 0.22038262314737192, 0.1864807182094836, 0.013415166737440365, -0.17545156067769208, 0.024355454537230502, 0.1651877935073373, -0.02317415057366832, -0.18824984481863855, 0.27450004977089343, -0.1375474143851289, 0.11453585228504516, 0.018766225752320162, 0.04009010345784269, 0.0320092187003654, -0.19269411073038784, -0.08713211914766596, 0.039044496640444515, 0.14987657352935607, 0.14994583796635003, 0.2573891110413701, 0.1520700996957397, 0.08610937038045964, 0.14251865059100455, 0.0962224847801981, -0.03335732761614863, -0.05256136392248364, -0.02219274201382998, -0.2661135598979385, 0.23218509296220646, -0.278413426023542, 0.3509602197904273, 0.03704011242653003, -0.041607364543065115, -0.05659967659989437, 0.11000168374747692, 0.017300922589307745, -0.1622293951470045, -0.06198044641775784, 0.15139546429097717, 0.14192346778143922, -0.0036895428120733626, -0.15059711765927145, 0.1742899822948652, 0.1430739604123304, -0.03777983055292888, 0.19947265697094937, 0.1918395415722662, 0.0880060895794767, 0.1644947444704721, -0.09081352244232785, -0.1345185603588711, 0.17682591441733017, -0.011405003574429858, -0.1966509122270815, 0.10071623945112411, -0.12583485515935483, -0.25592192902525884, -0.1937777044096464, -0.1547265572859861, 0.027486088570606606, 0.002031147196348046, -0.03732720596500855, 0.14438041499627724, 0.09797649575678827, -0.05247941869038995, 0.026390929882720668, -0.5178001300422731, -0.0821052011786206, 0.10820552999133448, 0.03758644049599999, -0.040255045148287295]
-267.6976704104218	(9, 12, 2)	[-0.06287010470367874, -0.10271149031438676, 0.10278504772794307, 0.23490982140309985, -0.11716324935259348, -0.010995923785076661, 0.2264001857285977, 0.23125018099116415, 0.23762529460891965, -0.25155508248197866, -0.07297939143569271, -0.055438185650227664, -0.16394238237823422, -0.09733552182447643, 0.04542140933996844, 0.09718291458868125, -0.11094087594906986, -0.054476896163132345, 0.07864960953064393, -0.06779811461763241, -0.21888293384130575, 0.2206824714862708, 0.10770743260049494, 0.31894189679331875, -0.11119538178434701, 0.10505579622492726, 0.10969096452982534, -0.19431327943199186, 0.15883420117388303, 0.015109692066818933, -0.04825249030946047, -0.09664036960368916, 0.031030278402005892, 0.19792893976444748, 0.08893237232830604, 0.20562418231038088, 0.1285477978044783, 0.16826542924782806, 0.16187023152403854, 0.13997201024011516, -0.08595898478464342, 0.04837303856195921, 0.06925021187299095, 0.0025174072671782545, -0.10734458882171932, 0.041660980938148226, 0.06819452321793967, 0.0736662296815381, 0.11118051925903144, -0.036337361010920166, -0.24232320971548812, 2.2158337685716616e-05, 0.09074859333769666, -0.15838280282587405, -0.12746097877931017, 0.14993836244209022, -0.033969332725479535, -0.2742779142809579, -0.1651657058398049, 0.22217705469095814, 0.1640612714770814, 0.23648135428070644, 0.20214450985705074, 0.04359269654172894, -0.1326292228814419, -0.016261079976006836, 0.14297461089978297, -0.09068211806315515, -0.16271795329920702, 0.2542287078585309, 0.11029285566239268, 0.13072286540593828, 0.021925640612985117, 0.04372777450812268, 0.0031403390521791376, -0.1888741350047531, -0.11046107630490608, 0.028670962498956145, 0.15052757782570803, 0.16472136636347184, 0.3423442833087309, 0.1579435399946066, 0.09310647693427838, 0.14880310898640173, 0.1049076854870657, -0.09821037851858327, -0.07005131954551858, -0.047691378727921216, -0.2683068042140604, 0.2215042120344925, -0.2890983453337471, 0.3354405056225469, 0.03677200124305392, -0.04071211129971149, -0.037325287951232126, 0.11284215933747559, 0.021080786156641017, -0.13316796425380237, -0.08309818974754525, 0.07287125394428454, 0.1248390723358223, -0.010064918771190751, -0.16079307847155283, 0.15132211889859107, 0.11421429848395354, -0.017089144268801332, 0.19398405902115573, 0.22081852927747053, 0.09470376195380742, 0.138355330707284, -0.07808288901639418, -0.16548156394544053, 0.16289314736472546, 0.014966045273516604, 0.004472421255360834, 0.1151067213346132, -0.12584388975581656, -0.16434344386087538, -0.18393459067150447, -0.1437854613457353, -0.09078770537779826, 0.05958874460875481, -0.017093284591734877, 0.14039820951582954, 0.09777151203443013, 0.01639776018686325, 0.1009454915599818, -0.3884969742478151, -0.10097465099414159, 0.09244791796188714, -0.16323148602597334, -0.08950134801668169]
-169.48171406565436	(9, 12, 2)	[-0.0663146660456358, -0.09790953723902415, 0.10547124748074704, 0.2156676996495017, -0.12784102064682087, -0.00463362364999111, 0.05843636697484807, 0.2183697483025124, 0.2236680216459454, -0.21613049995867847, -0.09527388109332578, -0.06447113309018895, -0.17897835484953392, -0.14444702545038587, 0.0014762161522073672, 0.13150051234077842, -0.07681839642899581, 0.09860843500636612, 0.07243774904756073, -0.003492029352365686, -0.23520556070800402, -0.10142103413214806, 0.08669869148189141, 0.321626676521535, -0.08790589034112582, 0.10862279769607516, 0.0945463321619703, -0.20007125878312915, 0.188173971161816, 0.027194714470548515, -0.027630392285444214, -0.14201659372729575, 0.034642046130621454, 0.27355270828377776, -0.04418414518834285, 0.17808212225717587, 0.1553912128041003, 0.15460660249517053, 0.12157107240501924, 0.13620704586280186, -0.07087219425757171, -0.04168400438154749, 0.06743009196265698, -0.012393803195440749, -0.06946575376186917, 0.06391673080578315, 0.05285135540716129, 0.04234818694056242, 0.049781982686642766, -0.024697585581621072, -0.2562213076075665, 0.013887047059676487, 0.04050225443244487, -0.14782372983440162, -0.09630861551203182, 0.14996411260525078, -0.01863540148361585, -0.2820572616940129, -0.16015661161865918, 0.2352482102127623, 0.19471131426371832, 0.19540059097651094, 0.1836914431174755, 0.02246264333627652, -0.18020958716835414, 0.08580487262681598, 0.06500392819501896, -0.09700679069244357, -0.1502797155719019, 0.24595954185518076, 0.09521818323749773, 0.11989377622428526, 0.042219185695953995, 0.048642907712278166, 0.012755950647362548, -0.16394305837996132, -0.10048688403235426, 0.05266526811979253, 0.13174333584048964, 0.13893474132888906, 0.521199447556449, 0.1375888426000476, 0.052540953390756054, 0.1346387062509497, 0.0887788031939001, -0.08652193403661032, -0.07074218348704993, -0.03084433813253045, -0.3122915201144349, 0.242319914621904, -0.28571349651029254, 0.3513700011499454, 0.04197571871677772, -0.019339094800986185, -0.10992648072233897, 0.07139317280707531, 0.03267342041303969, -0.17017263334992885, -0.16253503170122766, 0.11829001137587383, 0.1426773947559519, 0.021377251464682855, -0.15226558282031796, 0.1853606413408246, 0.13174031791512336, -0.02499985723723425, 0.17390272658623024, 0.21528807719774198, 0.08076059931833923, 0.12404823102861998, -0.1596436535671825, -0.16624969301028758, 0.27542407104973665, -0.022652098643897903, -0.178436608699928, 0.10045631648633532, -0.17403170837077678, -0.19410776895805523, -0.2072093480527417, -0.1263896263482133, -0.06527881978643994, 0.125795768214094, 0.040895963624185246, 0.14641412142576066, 0.10667033157838299, -0.0006498866803601609, 0.0093090260202301, -0.375232516761328, -0.10443377504136911, 0.09982852897287733, -0.1402633572053776, 0.0005651572291279373]
-454.6069202060186	(9, 12, 2)	[-0.02720087044534028, -0.09710320896359773, 0.08015647528582161, 0.15744695554146804, -0.15102989926419413, -0.016472313879672164, 0.13049402410738054, 0.22770937127142243, 0.20367753439291014, -0.268456056511168, -0.037675900286943224, -0.053445865173400976, -0.19548835002396864, -0.06426573186078673, 0.02129845085262945, 0.11950189805516258, -0.08003825834862359, -0.05800097629453264, 0.09546939950400014, 0.15562631196208887, -0.2756679391015566, -0.0691419911839172, 0.1292868259667743, 0.3203117039651644, -0.09085708376467627, 0.13458771129575384, 0.03232073606156315, -0.1640534292678813, 0.030757323751866635, -0.028168577118893957, -0.05544766104454966, -0.10434451770242671, 0.024363749630494966, 0.22127666979062205, -0.08498372095176966, 0.16712736662218283, 0.17612210281864377, 0.16907745843533392, 0.08543342374083615, 0.15401713179791285, 0.2618442412679536, 0.012494737902658697, 0.07302255196138678, -0.07640034602314838, -0.07195789035119862, 0.018963624480758588, 0.10893392352082082, 0.09855179075765595, 0.10855546365851504, -0.027991130751701107, -0.248022319551104, 0.02587285552440725, 0.04602998298518325, -0.1220434335056893, -0.11973561867255504, 0.24016225024047655, -0.048753531010985715, -0.32356787699728917, -0.16095441356415877, 0.24419182336859813, 0.19085684312867446, 0.1735137152602908, 0.18901875384643044, 0.038824845132530275, -0.17584612012896855, -0.17979798370343997, 0.14069458629978013, -0.10785743027951769, -0.1676044894043232, 0.259578562256381, 0.11600036645935369, 0.13262647604615127, -0.05973682257083556, 0.05465900291455445, 0.0007044608522665768, -0.16857182342655072, -0.08440767111028505, 0.04516006215089181, 0.15799540472232512, 0.13613685236063813, 0.2384084725748323, 0.16263314245059093, 0.027950000612858718, 0.17409819035462926, 0.09920810078260092, -0.15789615949166594, -0.04512022653125765, -0.03611470199324039, -0.2599540178096148, 0.3273803638743206, -0.2790546754865013, 0.3430457385210303, 0.041840772265479984, -0.060134774241048565, -0.07931059292369662, 0.11959914055540243, -0.00405851375714252, -0.138721913637726, -0.06268436993949754, 0.11146625702528601, 0.09930735293956683, 0.0099707284125587, -0.264350966683679, 0.16709126681527056, 0.16033526739225867, -0.03934847108910909, 0.1407628440102131, 0.2060033905257001, 0.08985981671685145, 0.10002555317826865, -0.06927391305042334, -0.17139354998694378, 0.1655999370366632, -0.041265772363848735, -0.14512221035778966, 0.12185874601522986, -0.08194408575996981, -0.22657253155878748, -0.43589076795945014, -0.17207379235263726, -0.07686374670647574, 0.2642595528803576, 0.03233626573406478, 0.14318486562296784, 0.09966662321694814, 0.013796241994236472, -0.013811178779872056, -0.38345176355854893, -0.09503534365746938, 0.10092569828281293, -0.14991852746713596, -0.052344639032188056]
-172.26466754389622	(9, 12, 2)	[-0.04617068877888621, -0.09307360650125596, 0.1020161017408017, 0.2111922027228272, -0.148465832863191, 0.006349461952209407, 0.15775040681774183, 0.22835321883282386, 0.20222398112307993, -0.24629892312365118, -0.10649080881133244, -0.05515436656133231, -0.16715190718480571, -0.09988113491398895, 0.007244150355502632, 0.12637625024310928, -0.10401154440460836, 0.028226379850839332, 0.08778984255170505, -0.043273082566811484, -0.24523002064992652, -0.06434919033598255, 0.05720124129960225, 0.24873247146785094, -0.09076036697364981, 0.16161507876112954, 0.08292977363762949, -0.174346817273516, 0.1473935067789279, -0.03377738891799203, -0.04938701568368824, -0.13006309997885618, 0.03890881757990056, 0.25407706220779797, -0.10815297201486576, 0.1605505866118324, 0.1548398008647372, 0.19100139485137937, 0.09407214761723103, 0.14587443695728236, -0.05586158090798492, -0.007110315686046479, 0.06100575577393152, -0.037475597372558886, -0.07136398365421026, 0.021209332321703078, 0.08328624963974118, 0.07645248431216664, 0.10080175650584441, -0.025015307106688835, -0.2596237074885073, 0.023173424826101012, 0.04248010265601122, -0.1465508834924733, -0.10656631413711545, 0.1431628395972957, -0.22369576105356642, -0.26963091560371577, -0.15904505388297904, 0.24979253775285978, 0.19331379734155105, 0.22962378651532694, 0.20704389354004987, -0.04070509815261389, -0.2346875524660688, -0.01629146383179626, 0.14474900783460665, -0.11197654873559759, -0.16277359937333374, 0.25530240820506656, 0.09769968989346488, 0.13158394568607532, 0.01720978022826535, 0.04789364572456103, 0.04230269123050863, -0.17125801548805958, -0.09834534424597384, 0.04643232055450984, 0.13824186314059705, 0.14202752687694495, 0.33098637970571687, 0.15466227585340026, 0.03832195703968272, 0.14003588726809357, 0.1201723100380305, -0.14121302104333605, -0.0650557890940539, -0.05436217002399713, -0.2715732261627648, 0.2457445908951548, -0.2697850504522032, 0.3546855147974389, 0.04824563158335531, -0.044888775971625716, -0.12670637125441372, 0.1179416137745395, 0.013001721118654035, -0.16006595857794703, -0.08667683903330643, 0.10143437227167973, 0.12008001950182685, -0.011862643453635469, -0.15461258723978658, 0.18130612823877823, 0.14787631615916605, -0.07632434969563494, 0.1689636972929479, 0.21735197965743436, 0.0887833011096371, 0.11296923616918275, -0.09389042480937605, -0.17286879059883847, 0.21308882226660314, -0.0389660808322126, -0.1670857001635305, 0.12430810828817956, -0.07833248816139657, -0.1653486725418289, -0.21163237807975868, -0.18858241456899222, -0.09210843334418517, 0.10999049787054219, 0.01782346916646744, 0.14401145137540394, 0.10815822010605892, 0.021578784201650648, 0.010627052932637411, -0.342529363242665, -0.09380544962629292, 0.10310606207369699, -0.16772764713263344, -0.059665843956095886]
-289.7517126408884	(9, 12, 2)	[-0.06021350784871719, -0.10333765997691102, 0.10408317193417833, 0.14916359081627392, -0.05710684688781209, -0.0018188683098448303, 0.13351826853073612, 0.15694273861933533, 0.2309041103770698, -0.26135931854318534, -0.036230656212201534, -0.060667745000827264, -0.20504209022914727, -0.08622460629726227, 0.01958314938860683, 0.13536320860487924, -0.11863050400619035, -0.0441299095206676, 0.08099629524039721, -0.040478655731376795, -0.2349609894190344, -0.08295761746462059, 0.0887515313907327, 0.3670502498289078, -0.07470035823225786, 0.14299528904807202, 0.043717121328869825, -0.25240717146214203, 0.15439360996066812, -0.05982435471242307, -0.009746391928431733, -0.15125799418208571, 0.03526170946783874, 0.4765971906901514, -0.05795050074691684, 0.1787830227515815, 0.15528855503416555, 0.207087541341117, 0.09556922822458529, 0.13665674071372944, -0.0706883120148746, 0.005530043285478235, 0.0856554992275529, -0.01237451251669066, -0.07795557803045731, 0.016777954648892455, 0.022922578164679693, 0.08158326873206917, 0.11092668045076357, -0.03126214938240913, -0.23396204851415234, 0.01683889816362449, 0.053585930809935914, -0.14638086558243535, -0.13717557661376342, 0.1710908654824391, -0.07234255398960279, -0.2681177350765495, -0.22639722250860503, 0.20949548675340002, 0.19254290427962287, 0.20414326884677603, 0.17945715281800712, -0.0003769744225667025, -0.12571399715160267, -0.03452342698479913, 0.2529236842567194, -0.10558158533510882, -0.1567027462480173, 0.3057169377601934, 0.14714611060062016, 0.12964262898608858, -0.014401771129706344, 0.054375792895115176, 0.025991414871409806, -0.17482935308456077, -0.147383728626702, 0.10529580949842887, 0.14832758499707152, 0.1441674324869711, 0.270593526456418, 0.14710008414757803, 0.03769510169583455, 0.14086121685067562, 0.11577123293129604, -0.09829593744983264, -0.045785009813167896, -0.011780931367497484, -0.26777839705114015, 0.23170174972898414, -0.28397581911125097, 0.3397576972454559, 0.03818047634298953, -0.05457057461266393, -0.08439902319958892, 0.12074780744085026, 0.004577054423823137, -0.16985840628253343, -0.11506330549767375, 0.09999254382887485, 0.10510650548415836, 0.010479629984040617, -0.17540480498828537, 0.19337037705985363, 0.03976089050638418, -0.050249392857520586, 0.1834345612297239, 0.2565033095728021, 0.006656254739356364, 0.12531363649677474, -0.1439927779103012, -0.1596883645846504, 0.16121038621838407, -0.04024960448231395, -0.1799796542713012, 0.10773924258070268, -0.10957332304529796, -0.168352382850593, -0.20502460074714213, -0.1755903181836614, -0.0441366015884606, 0.0743520203755498, 0.015939817311577217, 0.1468046058939619, 0.10517820345556514, 0.07728809764921928, -0.007638371283329148, -0.3771798796990623, -0.09009013088628709, 0.06699055269660552, -0.1952767815224964, -0.015175684836544835]
-282.33498281281936	(9, 12, 2)	[-0.053489585228064136, -0.09499819658111774, 0.09592281441637313, 0.2004074692964894, -0.06843026871975319, -0.006908757545556721, 0.09101618777429961, 0.23532088721090205, 0.21923405309079985, -0.23178180725154235, -0.11280378194922742, -0.06210300280975364, -0.18179575195807024, -0.09559835164207223, 0.018390209623744852, 0.12732627158569576, -0.10870335160965909, 0.014017396770834084, 0.08361679121374897, -0.030802980204593895, -0.26174421315910124, -0.03851424139653749, 0.07494784924561895, 0.35620805609975187, -0.10816963673534877, 0.13686410072638594, 0.06786623703255477, -0.1500083341348282, 0.17628556566897616, 0.014150319571350864, -0.017594078193523238, -0.13193228033182602, -0.1236227374360872, 0.3248662471850624, 0.00032227773630308376, 0.17048427588241674, 0.17175876079537772, 0.1615747323363698, 0.09799998394320672, 0.15325606105826423, -0.07437658057053015, -5.679948609449046e-05, 0.061358178301058976, -0.13134774786178618, -0.07044145013558553, 0.02751870943866888, 0.049432811330449015, 0.1538472687250618, 0.12330748370393006, -0.024467204314896834, -0.2437375371660786, 0.035911124726309265, 0.04618844401380448, -0.10455398818090067, -0.10649273447321969, 0.255557646290809, -0.12622018835836707, -0.2563436143255205, -0.151755313961336, 0.2291435196691551, 0.20081869037398858, 0.2207174404021321, 0.2012031915664092, 0.07157409482978865, -0.18721269891957584, 0.08112414867035257, 0.14422824134496004, -0.09965298552094046, -0.1624322262054307, 0.26077490996839436, 0.17217582361351702, 0.06752419852745654, 0.009205793565001022, 0.0507008310029408, -0.00010420222193880703, -0.19670992197428355, -0.1094899602908565, 0.03356519063430577, 0.15650781877814687, 0.1518282096953299, 0.2930496777257757, 0.16081841933325183, 0.04467179766158688, 0.057695877216584215, 0.10648666491607431, -0.12411594400259462, -0.07802972664989397, 0.009386743881948812, -0.25454653254583265, 0.21316840206354193, -0.2747180202596357, 0.34379540471366077, 0.1033523793647351, -0.046537836646450975, -0.046602075927440076, 0.16037819440212792, 0.01918128605568724, -0.1447422579114411, -0.07944340824312071, 0.09822566606179839, 0.09212484202472596, 0.00783267348415403, -0.17875918239551156, 0.19159987354317637, 0.19535202301222304, -0.09881454008509925, 0.19555951499836738, 0.21939900072859547, 0.07977391463127428, 0.14235814555259774, -0.08133442028181552, -0.11591721101759889, 0.16586998840283976, -0.045028157954168764, -0.1674349505364365, 0.1794528992877698, -0.08382914198601818, -0.16133426882717128, -0.1943915634904904, -0.10151332043161966, -0.08807715037628662, 0.06350203382089609, 0.011178735890219019, 0.12445237175815341, 0.1004097284422466, 0.02138538842531592, -0.05898591196966323, -0.37647343436900804, -0.08641408858744956, 0.010605909110419767, -0.1508527590680621, -0.017977707099468856]
-129.43835796191652	(9, 12, 2)	[-0.03937048325539746, -0.1013697598646625, 0.253444498869948, 0.17888598078026452, -0.14243241784305816, -0.13202383319500072, 0.16249321540038758, 0.18924098993653335, 0.22250777376973124, -0.27153973890091726, -0.049759548324071506, -0.049537404120348856, -0.18517889847082472, -0.09497957593520781, 0.021933206696923575, 0.09808934520579186, -0.11850203917961594, -0.03723455779091196, 0.0829548419965335, 0.020594571668956785, -0.2016925177400259, -0.09255441815900053, 0.30860482815799256, 0.3606619851044572, -0.0708075772933911, 0.14341920809390393, 0.05244768108073691, -0.20004787331450982, 0.16115537091778676, -0.020188186630954442, -0.04449450039597515, -0.14493570728137492, -0.10326294551357329, 0.4225206836740767, -0.08863911573016357, 0.12548173754101877, 0.09972704850905391, 0.17456632647989068, 0.09541896581808777, 0.1378820369018362, -0.04249785221354964, 0.03317681479325533, 0.07004282956634773, -0.014354034466685022, -0.055018859405920204, 0.040589284970935176, 0.08382758757596502, 0.08938704724516777, 0.1068261453884707, -0.030121895615992426, -0.2514762452766008, 0.026079224875312036, 0.04345931797677467, -0.15134506332878112, -0.11877396450100247, 0.16032869523897159, -0.02990776582990927, -0.3664219185705625, -0.15654212321651545, 0.22350895267556123, 0.18528821196108902, 0.2145901968939038, 0.18397973682390978, 0.06653776098027579, -0.17401945578568964, 0.0007994338994321473, 0.1661082988976953, -0.11344420786039369, -0.08972866628108933, 0.26400886382675404, 0.12650055364239998, 0.11395209590394535, 0.0791977653885421, 0.0537364183044926, 0.02585046428470949, -0.19207666412038737, -0.21336684085782576, 0.08018885767077887, 0.1473788804078104, 0.14529943533746886, 0.3878830824397266, 0.16190950562697495, 0.002690581280440821, 0.006624196579165603, 0.07866980976782142, -0.10916012036970338, -0.06007175028327363, 0.015639528613112397, -0.27670813800555555, 0.1931585493184876, -0.27909711925423597, 0.3446375600068772, 0.028941313884753, -0.054149181489003606, -0.06545928515925001, 0.09605961682367128, -0.0908534066517735, -0.16699983501854662, -0.06606353726343012, 0.102556084789879, 0.09359500367640314, 0.0067501102132113714, -0.17486608977899376, 0.17935845568819692, 0.08982198402009345, -0.049152096937931905, 0.1716283658829082, 0.25167821620532943, -0.015346893232246007, -0.0007352990165510188, -0.1105754667505667, -0.10499000173649248, 0.16802007737481553, -0.03959008040421404, -0.1751966405096973, 0.12219849719784884, -0.09553239129342178, -0.15832611814936084, -0.18348501377493007, -0.15875490304535675, -0.07579309535555562, 0.1035989244633118, -0.008931477599524045, 0.14588964850135425, 0.10743126365324512, 0.03617178679698367, -0.008835842867279274, -0.3894151462047135, -0.06587580016343035, 0.0913418574263717, -0.1392564782573233, -0.02045867523250109]
-108.92591477227532	(9, 12, 2)	[-0.04674391392004189, -0.09557875939122235, 0.16027186541020944, 0.1701825884048555, -0.10694532734903711, -0.005808473256030265, 0.14832554007461027, 0.20880501662989173, 0.23550055999549954, -0.3096692655179233, -0.09516946451967832, -0.049139875340621364, -0.09707485255467564, -0.10363091430190054, 0.025213761189284603, 0.1624630019981365, -0.11373344704363117, -0.06982080117231378, 0.08344513947009538, -0.03450078046068672, -0.24412415516957361, -0.049057038990688306, 0.10743575014750689, 0.3381004829504053, -0.1194633386308196, 0.14761315675612796, 0.03065006229787043, -0.23195122822367809, 0.16571478044056737, -0.01608325454508985, -0.03852897019888024, -0.15646837084620835, 0.01387670006726006, 0.3330815520223786, -0.07055685240728177, 0.16957396145858805, 0.1967095918132385, 0.17592161839043033, 0.09937389078615974, 0.10036672105618898, -0.06970931186315697, 0.011765978948870744, 0.05034531815689419, 0.08913307226423309, -0.07282434610995163, 0.025991650096418555, 0.03754517658057771, 0.0875435685279247, 0.10174399731417136, -0.032244354713085385, -0.28281117034750797, 0.016573631121713065, 0.05403898956813872, -0.15920437272479537, -0.09719750751384176, 0.157491463268058, -0.042904971890544485, -0.2912597084947013, -0.15087273062929538, 0.20972066298311112, 0.17543351680334573, 0.19849727007511878, 0.20401060318904224, 0.08688735481345211, -0.14003766916859553, -0.027855667312832084, 0.14971054467823575, -0.17380371348524268, -0.22137673401735533, 0.3070594718944646, 0.034448463162539716, 0.11731747180648486, 0.08715948528587347, 0.05110834043081885, 0.057248508093958275, -0.1780933858264206, -0.17455752691619164, 0.028435586434726552, 0.16144998895893203, 0.14877612535347084, 0.3064676996205492, 0.1715310149969892, 0.011466971589482691, 0.0497269839319074, 0.08602026052577263, -0.12095416139377764, -0.30637767154304507, 0.08122474258817745, -0.25563547836843115, 0.18548974820094996, -0.2807439024511586, 0.30387935460402926, 0.03776063228467518, -0.0867773813760165, -0.07483902742406276, 0.09532303533822432, 0.017735783294566414, -0.15814496568667136, -0.061843497524314735, 0.09944546850491241, 0.14232437102391932, 0.006590042727974904, -0.17597029457525729, 0.27042275953302686, 0.15361303452396974, -0.042149784504545984, 0.17152054758785845, 0.23555502849743878, 0.026855602179488212, 0.08032556407234505, -0.09985666246134949, -0.1943349801938091, 0.16089731991112532, -0.08273118472984187, -0.1859004692313647, 0.029421253140751433, -0.08909116691591687, -0.15201823545643495, -0.20617244266105772, -0.19862896551489043, -0.061646727383981, 0.10414203027638767, 0.03408063572107004, 0.18026976770388367, 0.11318669547399446, 0.03572204948072916, -0.00602605924675168, -0.3874274058048536, -0.08358562669382633, 0.0581062658986827, -0.18099094087724132, -0.035806506395310085]
-435.600316855457	(9, 12, 2)	[-0.046390070958877684, -0.038416045143809294, 0.08094689131814958, 0.1639753194168112, -0.116829152301338, -0.03359685461679869, 0.12310822106172042, 0.2182847447353093, 0.23209356495860947, -0.27122488466376043, -0.13306430220555102, -0.08173210269250586, -0.20354535002237067, -0.07137189003152872, 0.02376689890382412, 0.10534232434570512, -0.134948839769202, -0.042056100812465885, -0.04914844365992989, -0.01981007856454673, -0.1699806907329641, -0.021123147490158062, 0.13690160602968346, 0.3502872285997718, -0.099592274373775, 0.14195797930284454, 0.05737008029596738, -0.1852237877246097, 0.15337077508696234, 0.1426026983632024, -0.020781928060341338, -0.14781858209786367, 0.02046041515562965, 0.32857386538756317, -0.05712981494278095, 0.16524749679071113, 0.1518800743621669, 0.1697689016357382, 0.010970741327204908, 0.15701562304290276, -0.06794407715016912, 0.0175613101827222, 0.08034563848931302, -0.0032472377802945877, -0.048958420976544466, 0.13173678846742076, 0.05456677332563511, 0.09109391546652654, 0.08745088126032152, -0.03535652006703906, -0.4048077468072082, 0.019079204009805763, 0.08960431436194628, -0.1517506931816511, -0.12423769132718082, 0.17751149426803647, -0.053315563484255674, -0.30227403181283613, -0.07951949996101355, 0.22521557629913652, 0.1886974376103356, 0.20444721789123604, 0.1978791356670895, 0.006716140630095881, -0.16525382084592544, -0.008310947372854083, 0.19759390155514123, -0.11674834325955957, -0.1430746048895769, 0.29233584902456794, 0.10363042645339687, 0.11759974050537074, -0.01832782011204009, 0.03170148578217262, 0.03525193400133564, -0.189122233269328, -0.13113675095668176, 0.048407713266752674, 0.14892072927852448, 0.13135772045247268, 0.31432763862009755, 0.17329913657504906, 0.05430285977609493, 0.2100957834678924, 0.09291256532831038, -0.1015541097972802, -0.061657661743668185, 0.043875893282888254, -0.28839590186797986, 0.21499668949301248, -0.2939509375087946, 0.344819619365329, 0.03258768199344897, -0.1961588600362196, -0.08066925308444908, 0.06289858805631805, 0.023601703550680395, -0.15239969199650719, -0.044663188327539675, 0.10060186224175796, 0.10166056241719529, 0.016341113318538988, -0.1696742934745772, 0.09982220669633292, 0.1314272590760383, -0.0304293932791408, 0.18365833351490313, 0.31346907154625187, 0.07213847287542881, 0.037736973790634454, -0.13999231899123765, -0.1266848319841245, 0.1530869185961454, -0.02349810956721534, -0.1539485210813783, 0.11275907800960763, -0.09166041677122382, -0.13858621201954116, -0.2034303134248067, -0.1560683964844786, -0.06998390785549005, 0.0762180757104419, 0.04739804942675893, 0.1971291152496375, 0.23526420242373478, 0.04623643841924365, -0.00547792465621983, -0.38484772067982587, -0.06329831993328658, 0.11497679910589356, -0.16020989955926454, -0.0374561322868106]
-414.2818454635274	(9, 12, 2)	[-0.05299781125344161, -0.09469642547203547, 0.08612813863801537, 0.17492152575411007, -0.07786624304841405, -0.07903772095263664, 0.17246244614769446, 0.23297241169495692, 0.2408026063617591, -0.26581959546650086, -0.10848251969464844, -0.06722379507817972, -0.17068214565866996, -0.04277574049167562, 0.06393962198056236, 0.12972306272984718, -0.10486041210831651, -0.04115870633125619, 0.10963349613893146, -0.02921283138823862, -0.2420954238808028, -0.06852383311696537, 0.09679984539296396, 0.31174426908942193, -0.07457242205796236, 0.12893295575548272, 0.06884074596098363, -0.24533357856329166, 0.1749571345680393, -0.026445703897994416, -0.04775378223340228, -0.14611984392012858, 0.017982073304047552, 0.2607478769557879, -0.04542864619970764, 0.18216879210204218, 0.1515854985971731, 0.1632250834663651, 0.12618682112209306, 0.11537291369471261, -0.05881780951222991, 0.006784525405169512, 0.05781596186399085, -0.009407122403406543, -0.06772773600603278, 0.03501759873379917, 0.0667433464376029, 0.10682024811523687, 0.09231094503518303, -0.12348488888806611, -0.2555704920052351, 0.015784043896205607, 0.09832861868704336, -0.14776679157675915, -0.14019908380638216, 0.14210196200990519, -0.061443057933362924, -0.26677965927530733, -0.13416862606863997, 0.26190781426287496, 0.187278737512994, 0.20842931135330184, 0.19258652646529134, 0.0136776236133787, -0.14212293015129163, -0.022802061663730368, 0.1558238481460664, -0.19676144920635988, -0.26247221657596403, 0.2454730717744662, 0.10136327119895935, 0.1725451516782681, -0.022541598866300853, 0.05259873155795836, 0.010677448359491023, -0.021052071919186597, -0.1089362670989056, 0.11310150466826925, 0.18449186670775325, 0.12296809408334036, 0.3393902341227924, 0.15906330826264437, 0.051669790533871184, 0.12259076243468621, 0.16470929325151634, -0.09713674871349753, -0.14467895124769237, -0.024308622266138866, -0.2672441960073749, 0.18973813687345023, -0.2538869039781962, 0.30370701531997085, 0.07344071540054906, -0.044748685286918874, -0.08736329513825271, 0.09139177280687019, 0.015773648719908342, -0.1603854183250366, -0.058422825589665627, 0.12282491617511292, 0.0914698057121837, -0.010444903031877685, -0.1794081589294103, 0.16999096146200726, 0.14506899177968655, -0.03702414542634978, 0.18857975306774585, 0.224015828903806, 0.04488482588889728, 0.12099637888699209, -0.07407810766696368, -0.1930856347103881, 0.20800878442303564, -0.03774327326264031, -0.17392880231952695, 0.11997649107640407, -0.10232994808717644, -0.15323648422028935, -0.24619876252604994, -0.15454140413157558, -0.09432724679397361, 0.05369853095234321, -0.08926553271764569, 0.12605396028268404, 0.1532889995394257, 0.05708792902563526, -0.00833157820423015, -0.4337700720012478, -0.08160839142889556, 0.04431505358007279, -0.17200581955362254, -0.038160039565033756]
-557.4619312166541	(9, 12, 2)	[-0.036970574232813566, -0.10580115934265946, 0.07050040432272875, 0.14008565532982548, -0.04359990819742045, 0.018361840453899617, 0.15265735450018153, 0.21845164653009014, 0.24763736963455402, -0.2796432532482541, -0.11524267816104714, -0.06655404441906436, -0.1690218204289225, -0.1140852693362609, 0.00825735604166559, 0.11925796215438444, -0.004306793324801855, -0.05095437693342003, 0.04814585035435688, -0.02191245662474272, -0.2289783719351522, 0.0040741407734330454, 0.10196600740576614, 0.31101827532300247, -0.05794525521502278, 0.11849616906667598, 0.05913512492647134, -0.1659486483217088, 0.14476942738408827, 0.01576950729805477, -0.02080809888297025, -0.13624621018819486, 0.03314082022261596, 0.24070982937711424, -0.04033443945921014, 0.1423135100122267, 0.15858826307170748, 0.13520150695044966, 0.10928132731517806, 0.14989736913338234, -0.10434565795737169, 0.026564038355282062, 0.07148671677088692, -0.008790815422507745, -0.06257818280156645, 0.014804785032078693, 0.032950129971273445, 0.07120639491556006, 0.09646973458424096, -0.03928360678995098, -0.23917300325059854, 0.03745464789567386, 0.057149108539487875, -0.15749184326322171, -0.09682430557860205, 0.21544929720876432, -0.01155971038104702, -0.35152676577296244, -0.13803681116646355, 0.24080578895329455, 0.18811007790945947, 0.21893586380091823, 0.18972586432636832, 0.010331279652382744, -0.17675969231949032, 0.10657647190665082, 0.1775344070762458, -0.1385783938593778, -0.10478963965274334, 0.28160241810974107, 0.09245473701601487, 0.08809490211069547, 0.10685427386602891, 0.05337017800532853, 0.02304889012983994, -0.20555573920542825, -0.1604511523799022, 0.048450309972508196, 0.15096320892676585, 0.1662530072755825, 0.2564887090137564, 0.24989836551689412, 0.014152156528077208, 0.06867820027240643, 0.12892181200105432, -0.030541400001549524, -0.06825900911886142, 0.005771680794485534, -0.27947744222238907, 0.15969305716436782, -0.3498431834120397, 0.34308970573722664, -0.04047603456915044, -0.08662455397014314, -0.07917167963339956, 0.12108327850596812, 0.012892002019996799, -0.1567902583769526, -0.06935766604397693, 0.11842873650645823, 0.016954458053929172, -0.024729086581215184, -0.15231380595623886, 0.16466854400429398, 0.13515596622205248, -0.05493048911146449, 0.15328538012409698, 0.14268910988756445, 0.13458689118584286, 0.08027629476350112, -0.19716869331582607, -0.16207416387198342, 0.15773918536685264, -0.021955984121149578, -0.17135533277777384, 0.06894065113843723, -0.1426333379919216, -0.12517121136531736, -0.14665134463024326, -0.15322035723130295, -0.08375320958597314, 0.0857932900491635, 0.0049023378828390255, 0.18840173226496298, 0.12259866527417398, -0.02092025322361439, 0.0007020011869721279, -0.377541128042867, -0.04038580905115781, 0.03381714537523928, -0.16329957251485122, -0.09476894528919583]
-104.45349201219551	(9, 12, 2)	[-0.05399288787658339, -0.14700407443709237, 0.09863352074717213, 0.16215220973811967, -0.08400186373360627, -0.013456539718037112, 0.18174402426781347, 0.1794012927744705, 0.2465051840877804, -0.28023663983859703, -0.1061995570948037, -0.06944806175208793, -0.20247803061095024, -0.07771553393932228, 0.03347192028257344, 0.08777912419808996, -0.09900090167733286, -0.04920249250787955, 0.11377635644147108, -0.02101143207328743, -0.24358347760173132, -0.02769336060317092, 0.07983044481755572, 0.33529956442975256, -0.17612408602208474, 0.1536859410037516, 0.06615479144797352, -0.1943539188260113, 0.15405566136170223, 0.006564153063387158, -0.04270710112612731, -0.14181112636295623, -0.02162706355841599, 0.27845094419416033, -0.051965450961922746, 0.09608783524850545, 0.1394353377347051, 0.15223774449597693, 0.09659901032418702, 0.14488031537628068, -0.0877444874102369, 0.020399587499547095, 0.06492508864038243, -0.009741011477162997, -0.0711302212048038, -0.02317390957548698, 0.05452041729848878, 0.12869776890244222, 0.10422710802917906, -0.057423953320536465, -0.29249954559437, 0.018451751212673353, 0.058886576316303924, -0.14140926427564635, -0.044347301479607616, 0.17412113864729858, -0.03401969753811271, -0.26998226871044967, -0.14788761034628004, 0.23867215312773493, 0.23563406306797752, 0.24224938366567864, 0.20358141584360157, 0.039085881304021144, -0.14593959541617804, -0.03498597770359083, 0.1430874022319827, -0.12705787813267902, -0.12801442137906155, 0.3283994023238121, 0.1250317785427121, 0.11736906723622846, 0.04951372228198456, 0.052102195098607876, 0.006558602799754877, -0.20059805426488372, -0.11592267443246576, 0.07911480442635209, 0.14407597264965916, 0.16120712624799372, 0.6156134600790163, 0.22793781388805284, 0.031662028871187034, 0.11252532793330985, 0.09451308120247348, -0.07350752212331571, -0.08057948538415118, -0.009196745088056853, -0.27492869367499273, 0.1910449253934859, -0.33459040807899676, 0.34227690004023026, 0.04672058705496239, -0.07676731981944857, -0.08915027718917269, 0.09532745688181098, 0.026693437406978188, -0.17306271652266952, -0.07674495253254529, 0.0887996006251135, -0.03306499794269628, 0.014557910058321154, -0.18934064478257237, 0.16691735174418282, 0.1744020877472104, -0.052101495849407466, 0.17702793720211524, 0.2241381485472297, 0.08062987410935504, 0.07588162435690834, -0.10811307186003839, -0.17575171922278118, 0.10144899113175684, -0.019914214737253723, -0.1259359127238893, 0.15558457948704538, -0.06384832646255498, -0.15491969727350494, -0.20640306796862024, -0.17333794571164932, -0.08573784915942369, 0.08043109932065197, 0.013180560426977312, 0.17477885991039507, 0.13939327651127764, 0.024304224218505234, -0.017660526321634347, -0.39482629961654453, -0.028537278731715958, -0.029126692883036695, -0.18175758363604616, -0.021264482020728098]
-466.224406145336	(9, 12, 2)	[-0.04504936166231454, -0.12715546120532123, 0.11875062825839215, 0.1615279101688703, -0.10422908745920528, -0.0029652304676439974, 0.11630608785896679, 0.14513810980088548, 0.36891087943538275, -0.22038328998946605, -0.1000804346858334, -0.06725030910325679, -0.17559999586715638, -0.10728784520641739, 0.026553975932753927, 0.11050000427317855, -0.12941097914895489, -0.06329968267462154, 0.11008107514405013, -0.022937179621806386, -0.2097198193454265, -0.04336611782740829, 0.11587505696312181, 0.3422379827712397, -0.08056214742266908, 0.13795518837704923, 0.06650642222521028, -0.20898572097517282, 0.1677349436665059, -0.012717208015502853, -0.034644353234602535, -0.1420677201140774, 0.017505966930430095, 0.27821676214604996, -0.11218710093333314, 0.1565366584572903, 0.1790360419155122, 0.12602134550651156, 0.10131113091633029, 0.17509770427092114, -0.007700300805328249, 0.0270173631511367, 0.05992649868477028, 0.003554413588698075, -0.04069064513884656, 0.029309202528483, 0.07335939906421816, 0.24334932365321732, 0.06825087215324478, -0.038409023587159835, -0.2291275752727105, 0.01032041931293936, 0.0598801741206124, -0.15559586508033083, -0.11478607936330286, 0.21021467297918245, -0.030579928208635546, -0.2856787568058635, -0.22063098762170752, 0.3169908319888389, 0.13259633134639898, 0.2167714518948523, 0.2090305100986759, -0.04655085349369586, -0.16535110576067671, 0.11721394329090945, 0.1507033941890128, -0.1398468959739106, -0.14701021917452536, 0.2599978045086522, 0.11670821325738992, -0.0010478472875103464, -0.005585840494091441, 0.05192647852677087, -0.048345027660854877, -0.18539022131559613, -0.15856094636955168, 0.1330855263333038, 0.2029928289700735, 0.1329358597876445, 0.2982788368629893, 0.16745955067777193, 0.028954487896694497, 0.1344873371903331, 0.11160463832785769, -0.10215281888625838, -0.2438050448922945, 0.03384559436903348, -0.2363983628995172, 0.14960965123039122, -0.2906290198519802, 0.34203026154631083, 0.05849056606590364, -0.07178312620321631, -0.062232975854997985, 0.09517087272659443, -0.04366789504365216, -0.1407650280834176, -0.08090800655885128, 0.04980637975705243, 0.10712770872535414, 0.00418992484823799, -0.16858619562092791, 0.11550158669383065, 0.13965922928168403, -0.043573179229845965, 0.26056731224770224, 0.2373274398186342, 0.04628371800958089, 0.08749413312038334, -0.11788622892216057, -0.1654500458216539, 0.15790913460570077, -0.02531458960877029, -0.15513054409521065, 0.1338414358331355, -0.0780982908111503, -0.15985110408882555, -0.19675851150710763, -0.18595579310596197, -0.011467705660280712, 0.00876390910821455, -0.04854674996603101, 0.11015508085136441, 0.11630030155856111, -0.012545721917508117, -0.01739246844434044, -0.3673281860374148, -0.12605063376102874, 0.01618641877318762, -0.127260863371979, -0.029831251534941268]
-226.1725246530874	(9, 12, 2)	[-0.06946980405429509, -0.1011516015486551, 0.07946731657533215, 0.1799500554613548, -0.10874364053927144, -0.025297850942412152, 0.1504472208161181, 0.21140278463323764, 0.24008319177083404, -0.27938946396177533, -0.18586951351688547, -0.06640019214698888, -0.03516225890012622, -0.10403730488637378, 0.022605899090195905, 0.10584334517807818, -0.12138267734640051, -0.03418742459139969, 0.059395962517860126, -0.016472586556417066, -0.22985545280104255, -0.046344877403105215, 0.08206303565394318, 0.3265176902467373, -0.08723965284250926, 0.13362504870684072, 0.042922287973991974, -0.1604889593138556, 0.1467561193765172, 0.03417808134815139, 0.06325706628768704, -0.11634190427317576, 0.10554562119920077, 0.25902128609239644, -0.06646408029927167, 0.15533379783137466, 0.14851091880811929, 0.13960522136488213, 0.10062334565337962, 0.06879313190502999, -0.0958294050166746, 0.02433453206062164, 0.07475850326927014, -0.01940112612502779, -0.0713343423812616, 0.03748129673025098, -0.10122502101298053, 0.09755958582572867, 0.09132589664490162, 0.015883664302752273, -0.2339850132840597, 0.04625980738116231, 0.05033679728078919, -0.14343701891383873, -0.11341103842405466, 0.15817900062659115, -0.051296672817018815, -0.2974872410341068, -0.15387918226107272, 0.23231914291922098, 0.15506738032164746, 0.20962592997939608, 0.2095535167595236, 0.08533344115760874, -0.20656409070596393, 0.021064651035321402, 0.13525449995856803, -0.17013834232609826, -0.14182808111010523, 0.2933071289562446, 0.07751039778069464, -0.012730882949700553, 0.06895094167360107, 0.1814636727880947, 0.00832169311034957, -0.1937314907223822, -0.156615938074924, 0.059157288063441255, 0.16208655344335882, 0.1590082126836965, 0.26667128029761744, 0.3203915291237319, 0.0757857344029838, 0.08972778260957794, -0.17676277075384253, -0.05401483685078766, -0.06571519543182451, 0.030541428993788505, -0.29124116987329535, 0.19467640923983176, -0.2699112183779892, 0.3254216611749884, 0.06381688699774254, -0.046643724964623545, -0.22876022462334195, 0.18789994356019274, 0.01365899434431285, -0.15482768593628352, -0.06821053425744679, 0.06048428566062411, 0.12231924216734366, -0.015178450764787303, -0.18709146302679308, 0.17500214420657828, 0.16947582185534765, -0.05767833083675727, 0.1708399128775398, 0.27626065481376016, 0.04137123930978008, 0.01873230313981375, -0.15057771626091018, -0.15074297300514117, 0.16277533773726022, -0.017860422315922865, -0.1978651309321174, 0.0807292256241271, -0.1254028521330588, -0.13914715376776307, -0.19487706009808506, -0.1588761351610051, -0.08239647806996295, 0.10401784536550877, 0.0038259051023269318, 0.21846295970286117, 0.14235992102298645, -0.0014947172584789895, -0.0019180378476356108, -0.4046061539608803, -0.05251973990927, 0.03907955428995039, -0.15795789415639164, -0.06187270866237311]
-255.06164977379586	(9, 12, 2)	[-0.06086225633707465, -0.0905876662610199, 0.21965154704151074, 0.14546998429920283, -0.08872847599576102, 0.0004646064937130004, 0.14078249014120428, 0.1783082861838319, 0.23588184756398117, -0.2186777394350066, -0.14048034397816572, -0.06377997354825206, -0.18116248570130375, -0.08391775200884263, -0.007018680636118785, 0.042023537391249255, -0.11434188182026633, -0.0485105696351818, 0.12178265312299055, -0.01020491111760892, -0.18463227265294246, -0.03296954384137877, 0.13961587622157728, 0.33626077165825735, -0.07045343025443507, 0.16239081631599817, 0.06242600698038904, -0.18309097324303197, 0.19642991689542016, 0.032971396576938095, -0.030623849993005856, -0.08710155679341257, -0.01344860281913603, 0.28069392728491127, -0.077143940124482, 0.15695749515919874, 0.13624152021368133, 0.08551497280086146, 0.10136459971491488, 0.11002601794683065, -0.07332629021234652, 0.0459490880370753, 0.20092145639073422, -0.03332400199387154, -0.05577549668558006, 0.013383026715110082, 0.09151118944008843, 0.07265171116315516, 0.08027608928303734, -0.04267826649093476, -0.2130442282439821, 0.025623601473816506, 0.06921732990430983, -0.15404204524347076, -0.09754393600728459, 0.17019730374872757, -0.026727833166177127, -0.28587866331941303, -0.14919008429870848, 0.252296266506136, 0.2737709141083734, 0.38188045237075163, 0.18947610992770114, 0.03657240741174114, -0.18106568396957018, -0.02211441297443369, 0.15881414807384875, -0.1259528271383274, -0.18175269583652562, 0.254690669163, 0.11602265697068104, 0.1425381124893274, 0.03784463468426939, 0.033977107239401935, 0.013959609526305691, -0.1847962847291466, -0.0007828363385101872, 0.08270085637489563, 0.20467302885543104, 0.15679618580607688, 0.28183134227951556, 0.2637086432429181, 0.02823442009668857, 0.12565473754794093, 0.10576440612780574, -0.09256758978505777, -0.08010444247619491, 0.13740315528302452, -0.25504432084110346, 0.22016218134471932, -0.28838007256996606, 0.3343376601089827, 0.019078387774945724, -0.09950237438849115, -0.10300402581332051, 0.09972599670566681, 0.13572126195766174, -0.16248965661139808, -0.06396081072143649, 0.10376874699157117, 0.09688014324495219, 0.01621260561083043, -0.18205689700109348, 0.15900662011377198, 0.11145147086977167, -0.048922073509635525, 0.1779932881572176, 0.24287032211445214, -0.03857038018829201, 0.13795433055188253, -0.12781386206433337, -0.15419295791911203, 0.18115658204018392, -0.04470464286932515, -0.16742714148817933, 0.06929408569510347, -0.0667658716347172, -0.1367230682718025, -0.20149375533901015, -0.15511635030110366, -0.09502757329645627, 0.09551678742439569, 0.04573009060477343, 0.15279680996312558, 0.11645854283060035, -0.025626044408343596, 0.01552466490770004, -0.3932351362027785, -0.12533448409141643, 0.059641784428499135, -0.08740368347464725, -0.02635117205818789]
-297.09061510289746	(9, 12, 2)	[-0.04127915460101754, -0.10442930613156795, 0.08920153501753773, 0.17807483377428085, -0.11904238246679655, -0.011700288369552711, 0.1315300688332543, 0.22136001317158932, 0.2507646745655132, -0.23358386532159175, -0.148660714985158, -0.02810476658128744, -0.1561182474214845, -0.09459143850489386, 0.01226764577371098, 0.09703813080061832, -0.1654218660903532, -0.07822031914542503, 0.07978021550400347, -0.16318253130761848, -0.2288671007080384, -0.032234210379228356, 0.09250950849689885, 0.3408276772324423, -0.08666753310612017, 0.13079645093835293, 0.07286854507457566, -0.21211044817105734, 0.1764264340362512, 0.02505600377984713, -0.0014315159622193402, -0.11163904629749252, 0.055832750472061494, 0.32550136847233574, -0.07562083586545415, 0.15723792633251402, 0.15299898802522474, 0.24761238842953986, 0.08216493641596762, 0.04620907367905454, -0.04613506065127707, 0.01709030450148003, 0.06920773034656136, -0.008333275337917142, -0.06830685668730474, 0.02051676943097237, 0.07087621836605769, 0.14284497388687376, 0.055257859380725804, 0.07869566310015075, -0.23548305728438026, 0.02906973228753934, 0.03896833340382861, -0.15712511662246875, -0.11401057245895152, 0.16792640716232185, -0.03875626409148378, -0.2842120391810432, -0.1713748790698436, 0.21054071217733272, 0.1946310580553863, 0.2139475202807113, 0.17157543654270618, -0.003624516074005147, -0.16917106587597627, -0.01584012714430475, 0.14309395135392763, -0.12490634246573655, -0.17890586022951424, 0.2888048131016211, 0.0937037445840096, 0.1129139044055703, 0.003363379992545203, 0.0837003076771933, 0.006666356656972488, -0.16303182133786556, -0.13650223878607354, 0.09678753265461776, 0.16052581058577242, 0.10982509955301722, 0.2966167327594894, 0.14949083019162052, 0.10332740640048073, 0.10576551883810822, 0.08519196016640607, -0.04765389978460099, -0.08831393267758117, 0.04015692895802056, -0.28482516538800523, 0.20693948944285614, -0.29581526238932315, 0.32264811631709944, 0.057319744308920784, -0.11627532002403332, -0.13452462818319447, 0.12370739643308787, 0.01299082338559473, -0.1774646474603672, -0.0847072216226698, 0.08034522351110333, 0.1068138976693924, -0.022784754540264063, -0.1750976117428849, 0.1380292815337117, 0.18769038581654338, -0.10176740420196839, 0.18285778421055213, 0.2453464852458762, 0.03618437533254882, 0.037525655251159265, -0.19704057060924793, -0.1323007727974157, 0.16388936099724016, -0.03317219353219423, -0.156452183045043, 0.10013090592599716, -0.08168675461713938, -0.14798391211850104, -0.208723682250959, -0.10532763383545912, -0.08004901511413845, 0.07108475449759652, 0.01748437233920954, 0.19320117112798035, 0.1384908319366003, 0.01724037593980495, -0.009321385877419706, -0.39497610304003483, -0.06442390435465209, 0.013075691168288271, -0.1344150000917812, -0.03911977592136058]
-473.2396490743322	(9, 12, 2)	[-0.046372652555755095, -0.13269925048785428, 0.09300360308040385, 0.15491602823375603, -0.09788993249003336, -0.020873530849068806, 0.14198105000082717, 0.2602029609384546, 0.24309555490771195, -0.2694029334937684, -0.016390324486999723, -0.08180254604157125, -0.24379053953106655, -0.10003748819764881, 0.025670535629574727, 0.11589550742175858, -0.07651803070694371, -0.04620525131529366, 0.0836463052690391, -0.017411239006297412, -0.20906669470025388, -0.014435983459302843, 0.11975282521798197, 0.3259955721429404, -0.08537880825690343, 0.10083039542693717, 0.06755277217735237, -0.20051453959386706, 0.16981181346517224, 0.026100001084357387, -0.14397845956270547, -0.16536271753495513, 0.1789447683276337, 0.24748063638094175, -0.04736147128851674, 0.15459204421231593, 0.18479452487843726, 0.13318216962488102, 0.1101681044376028, 0.17470620459386577, -0.09102059731016937, 0.02068350081307502, 0.010712554347574677, -0.0020850013436646627, -0.036352385142765974, 0.005199234771238084, 0.06218340856158501, 0.19488477677622146, 0.06853519906388794, 0.051509852603604994, -0.2308519562031223, 0.031284327145861976, 0.06029256610606822, -0.14885300662248635, -0.10725198897257801, 0.19861292968116773, -0.027423535503545718, -0.2889393855334722, -0.14489753802088956, 0.25214418956139323, 0.18539221290709146, 0.21492180093163887, 0.20923301997176416, -0.07497541200614091, -0.15324553136556995, 0.13774287808776406, 0.14566744801387557, -0.1285053633727062, -0.10834025828000961, 0.2743755111111477, 0.1193339978189169, 0.11556147737611228, -0.008534819218500038, 0.05064579914453198, -0.015538065912107166, -0.1840064930307601, -0.14423030906358472, 0.09967178734068541, 0.14190905679663, 0.15979816610545589, 0.3090864535855887, 0.29204086274738583, 0.03505346953418352, 0.12031972364037363, 0.10240623854194301, -0.05767087008889607, -0.12335286617337901, 0.06343337527346753, -0.22561627487326005, 0.168394885606648, -0.1825169518416812, 0.32755498913320186, 0.04267613202906033, -0.05677499136670075, -0.014807381368238372, 0.1081518265978506, 0.013128792245076331, -0.15699155776999013, -0.19437889537313, 0.07768364764709369, 0.11819113153747574, 0.0008638469593491351, -0.17066215019183967, 0.24212237563054503, 0.15090001244040385, -0.035052646049202316, 0.1798236500963657, 0.23504548692514524, 0.06672130325766878, 0.06938215960492733, -0.14351407548133827, -0.14947966938914317, 0.1603666913965346, -0.03798399966540324, -0.1946341817136987, 0.12914993026516505, -0.11363097497183001, -0.15186151593494518, -0.20568424021364368, -0.15416632923747922, -0.08084956834217853, 0.09191461784028543, -0.01349879443505321, 0.11206699109389885, 0.1185135117680862, 0.011572351528024254, 0.06818817923301324, -0.3820674322366486, 0.2286768194100046, -0.07767926106975451, -0.13567132313915028, -0.04053641037715116]
-36.21266084651171	(9, 12, 2)	[-0.03984732263288607, -0.10697937881071777, 0.09247363603111282, 0.17231995238935596, -0.08809597110930449, 0.06770067892723733, 0.14421618453634438, 0.24899277120491875, 0.24103246170901788, -0.22805975496260503, -0.058211152527382154, -0.12276045954788879, -0.1662021086967107, -0.0697351251577486, -0.05172122487787891, 0.11590898368488564, -0.15230059912871696, -0.04174162907287597, 0.09527889321940483, -0.07846418828100361, -0.2140242364555355, 0.013285643746155477, 0.1170427855962505, 0.22099483596612826, -0.004276447941023552, 0.1525808652021445, 0.07110265853561826, -0.22969963891228518, 0.16238149671010277, -6.41191869758459e-05, -0.026362972327559568, -0.33286448299749516, 0.03259417957919035, 0.27747395243981976, -0.019082236666057056, 0.1555136605564187, 0.09670346327345461, 0.020220405571831572, 0.12095427372583811, 0.09516888899396198, -0.09222223002838251, 0.029196211851623365, 0.07001808547493356, -0.0003141935100537662, -0.08042164663145361, 0.034159398963110724, 0.05284278591871572, 0.11954512003057234, 0.08783975433002357, -0.1505324122945648, -0.2667546852946485, 0.02621735375729446, 0.1766794552011076, -0.1460467914214718, -0.10152441315303362, 0.19203922933712056, -0.03654242152265223, -0.28471537748390147, -0.13418858003121722, 0.2408689387233719, 0.2336676117609119, 0.25626468388501755, 0.211823968826708, 0.05867168306523869, -0.1613577346235754, -0.01467486000129705, 0.1345430416732112, -0.1775454389682074, -0.1767425080363296, 0.2591156743166438, 0.10402945956600597, 0.13471087399148401, 0.03789364124351677, 0.14449775514258978, 0.027769078956413996, -0.18436534786095757, -0.14164879274421505, 0.08429363108738169, 0.16696603466041277, 0.16605565051284168, 0.3026234075018148, 0.21876359787921945, 0.031390756612596334, 0.20200709954988333, 0.12061159919575264, -0.0702015634975682, -0.13648810739007156, 0.03837013166606815, -0.26562406814122663, 0.17092801465832594, -0.24127286743248977, 0.3287777382384621, 0.05987890610238626, -0.032507516207757395, -0.06437990899951498, 0.09510511550660052, 0.009532146008424756, -0.3302015035646568, -0.04294533539285377, 0.08662789165678722, 0.1285362916368225, 0.02371256677962072, -0.13159473893097967, 0.20322555538455278, 0.14556085827478557, -0.05382469915604597, 0.17598540083598757, 0.22111019268025484, 0.06103596370555532, 0.083337856878629, -0.12123122565911072, -0.1680928952305525, 0.16655911858194358, -0.1399460622613118, -0.24536852801501818, 0.10794483383287976, -0.08924841336767175, -0.1821986199297752, -0.3383332260298182, -0.15388849589061013, -0.06926019989199211, 0.04387057504527672, 0.015118952726490439, 0.12876746181626295, 0.13027009544177826, 0.006708564310695433, -0.010061978042269588, -0.3425622323966212, -0.04861616906786063, 0.028176140869972964, -0.14397844633309606, -0.03579251828405175]
-415.54164208128805	(9, 12, 2)	[0.05881604671090454, -0.1424906562302427, 0.11307169788426516, 0.1866415560870828, -0.10316258010268124, -0.025789071397870553, 0.13963749126759895, 0.28791418263654744, 0.2178822528370628, -0.2246022542208166, -0.0908903345345268, -0.06536245410294825, -0.26416045947000333, -0.07847552051839175, 0.02585989762732058, 0.11671996241657218, -0.12076006383450377, -0.03361067941653868, 0.05490863380600168, -0.01793658301188515, -0.3066429376166959, -0.03582536169804676, 0.14358441867871807, 0.41882061284454963, -0.07893273870650287, 0.16758850903228184, 0.08892972358935655, -0.25177367594971645, 0.17367124740694587, 0.005188442227659472, -0.029452497651730643, -0.12338441925750895, 0.04817471031045703, 0.2842820833350886, 0.030159448176949058, 0.23850459607185404, 0.2514846467859139, 0.09437174023905176, 0.0680907093694354, 0.10164784708260624, -0.09566193994729372, 0.04698924291133512, 0.09303959626489258, 0.00046872316644365735, -0.08064418307901697, 0.11364077857257233, 0.046736927579477734, 0.11873728005595134, 0.11747142930766379, -0.04865102285124423, -0.23718602640697223, 0.04801777342401857, 0.0656901105568058, -0.2030639986474318, -0.12304981153648402, 0.18323361242238634, -0.046733368061312744, -0.2898869049456365, -0.21525628584040266, 0.23747840628183237, 0.1990878005486768, 0.20592925587177482, 0.19742467364112948, -0.03749858807530262, -0.1489528931331803, -0.0041562103855941794, 0.1536928306749048, -0.07493104916850626, -0.019557460686340476, 0.07242108422156279, 0.10395544708519264, 0.13826139258407247, -0.002329207840247925, 0.04420913083410798, 0.015469883159068203, -0.1782057411330453, -0.17515321118848273, 0.04682319032433725, 0.14653900302322648, 0.16571806366953817, 0.2908426511496424, 0.2134066278582254, 0.05059147099746808, 0.12878302622450968, 0.11755207653820182, -0.06489150091716302, -0.15278409203849527, 0.03274075070683609, -0.22484465948448681, 0.16685419526998962, -0.28897092050102297, 0.2968309746274742, 0.11515707389919519, -0.05966530367957351, -0.06692232490337, 0.11843983885207876, -0.009739082355837047, -0.1728315284232187, -0.04401983147856729, 0.09510263752692166, 0.10508364759523568, 0.04553542803043207, -0.19693599909329773, 0.19939317023692033, 0.11224255685379997, -0.0499526061191754, 0.16055995108330337, 0.24095899645737934, 0.058404618538257444, 0.07481526394444082, -0.10985325806431143, -0.17867885988421695, 0.16851753207542305, -0.04082450690607771, -0.18083770357008033, -0.012941299373715878, -0.10391428205840958, -0.1435576324884598, -0.21482359803841797, -0.15271403691100027, -0.06692782043570471, 0.004080112378442274, 0.011501001952672256, 0.09779796489390803, 0.11981318501902355, 0.0027260461832382572, -0.010532072446451194, -0.36269542182204345, -0.09071296600251572, 0.018213806277423965, -0.20023709210503943, -0.05310894204305275]
-469.94443049245734	(9, 12, 2)	[-0.0982380277162177, -0.1249354656285236, 0.04056780155821332, 0.18316435562929492, -0.07919577424871652, -0.05119762650346664, 0.1377881636459784, 0.1150383513424105, 0.2252792023774423, -0.2524445549508965, -0.10931462859837868, 0.040692031650777775, -0.19844436863338033, -0.11012807010089236, 0.024931257770506716, 0.11552237128765577, -0.10627065138754073, -0.006407705241164808, 0.08492755376041491, -0.024152165514021676, -0.22262390039771596, -0.02786037908952579, 0.14845244399926466, 0.27688812577273814, -0.08526522149470417, 0.13665443390822235, 0.06533732649607325, -0.21771175119008324, 0.17495359696046353, 0.020209459854326692, -0.05197812967134831, -0.13461887991465524, 0.04020721501280829, 0.21335790900151316, -0.03107312387986464, 0.15672863176801638, 0.17652475311353147, 0.1542993737896423, 0.10081176153619933, 0.1615103804160413, -0.10059913109054056, 0.027151903525596974, 0.06219889683291504, 0.0015051804642226482, -0.035541545797668994, -0.008355686297588292, 0.06594180469760405, 0.1487175926942473, 0.11182526156466291, -0.05009783738335255, -0.16001116449868766, 0.035048126613592814, 0.0560517522595773, -0.17549734058240374, -0.11040119865507017, 0.2014184243565828, -0.03686454821239182, -0.2164392261326234, -0.1656817407352506, 0.2551983322752246, 0.20655322271241766, 0.2156215956585772, 0.17599800062628218, 0.013770514640861431, -0.11475155019248638, -0.0022040011416745234, 0.15294555933948228, -0.13350331329064322, -0.1261439179077127, 0.26696639470218775, 0.13317040549695947, 0.13576869157821309, 0.002931018574671095, 0.0023407186421340875, 0.017497279131875883, -0.17164364046640304, -0.15868063590680823, 0.12919243928727578, 0.15755799359752556, 0.1535996808325793, 0.2891763544917785, 0.18819977153887507, 0.0459117562999646, 0.11857888548177892, 0.23113831095857787, -0.029617426650979294, -0.13663593564840032, 0.0683724226164148, -0.28103546940471336, 0.17197063044506986, -0.2350285999866802, 0.32967523331902326, 0.0762832059564384, -0.062296494204941474, -0.07166335226627289, 0.08674261173844386, -0.16483256125740559, -0.16241952060955206, -0.037893581356817675, 0.06950173496821102, 0.11325361681631332, 0.005254017658264295, -0.1971041669594985, 0.18753764623437494, 0.1481235357938529, -0.09780288860523494, 0.23635955037328324, 0.21451289850794159, 0.04711599743962467, 0.0769510131863697, -0.1390334025479198, -0.2589552661130547, 0.16818021500269514, -0.03484644973684697, -0.17374867528621846, 0.12801809985032847, -0.08658677099352553, -0.16376978245840096, -0.2974701718882296, -0.15325994672269438, -0.06433014702947704, 0.032107192604829166, 0.003059902529246937, 0.17482927095959255, 0.12525159674669958, 0.0057170695062590295, -0.06622052831602356, -0.35405829350200874, -0.08318226386627545, 0.0011106048790243492, -0.14615598622563505, -0.10762603061794705]
-396.8866973273422	(9, 12, 2)	[-0.0625815605063989, -0.13322680379936608, 0.10219300289316396, 0.17096916491937128, -0.11166710374290646, -0.007601685867790215, 0.13661118756854668, 0.20650838912657643, 0.22611718535945236, -0.24685658563374108, -0.06345753869612901, -0.1579197485925595, -0.2313619126723217, -0.07574243697156335, 0.039749066525384846, 0.11308299295543657, -0.08275324563341002, -0.07842100396668858, 0.06350679175621779, -0.02470429812035467, -0.20827482240958523, -0.0352871542834727, 0.18485024165943123, 0.2995308708124958, -0.08895435932522858, 0.10474611626764352, 0.04772296954517813, -0.1906469408662219, 0.16471140653524924, 0.025727450875697028, -0.25165916455146387, -0.13138076046147773, 0.0865551453731595, 0.2727589436286297, -0.02398393663424303, 0.10118138105889558, 0.16473913227282788, 0.12489434988850735, 0.013944336114184108, 0.1365516039640367, -0.06985484634514443, 0.012149566817705702, 0.06351973399064907, -0.1228870645035904, -0.10826244557680552, -0.014734052024635527, 0.04529730329893415, 0.12040957928365091, 0.05875301395099691, -0.06141284823179969, -0.23805724867030856, 0.02591257116964052, 0.05699406817849942, -0.13940844719978215, -0.10759023235979229, 0.1972792837089766, -0.03674905191236632, -0.25026255871624015, -0.14881553804400705, 0.2607032386931535, 0.25296250691037536, 0.18566240191469788, 0.16161072324462786, 0.007477397809107569, -0.13302718022358218, 0.012536272218369528, 0.15028171731728723, -0.09938248489093295, -0.08814482689746107, 0.27757998188662836, 0.12578287751467865, 0.1195293944199454, 0.03393542554370017, 0.06815384099795015, -0.013207945899413133, -0.18484887283889134, -0.10095298974306476, 0.13352188580737406, 0.1473334456930559, 0.17745493264629292, 0.27481700240667795, 0.19690908319541736, 0.04234597265005425, 0.12424485352592042, 0.2629175683407842, -0.07062361232950601, -0.1263972954549753, 0.04483181084829688, -0.29893804830854737, 0.17766903914129234, -0.2715416783869572, 0.34037297504366926, 0.05107004664280038, -0.06757968414601244, -0.07014377891265486, 0.0714838354834693, 0.047763250064823425, -0.17354168080159452, -0.039407758901966135, 0.03575954044512186, 0.11654513233011055, -0.023427886213280034, -0.18065682376891842, 0.20427597779835113, 0.13824428990321824, -0.04165402696588952, 0.21298987849951526, 0.23305857102934985, 0.05972289790352598, 0.17992603394025256, -0.15321436519267465, -0.168069161016779, 0.16192220100172064, 0.014130032147627276, -0.19641091418266537, 0.12452947124623784, -0.08436819969915058, 0.018804305675509753, -0.3390444862082374, -0.14346255966050414, -0.07627661798069246, 0.03901177718530489, 0.01333287348895755, 0.055764049779392824, 0.12115272512382334, 0.02877931528917256, 0.13743590366477715, -0.3725384896880831, -0.1107685295314531, 0.026519772233070255, -0.20333545694078037, -0.03852280617250576]
