333.9990476096794	(8, 12, 2)	[0.5855504309910133, 0.7905138134411167, 0.31994596110074713, 0.9617508254469218, -0.16433987084763713, -0.16495427177042798, -0.4561409874410871, 0.7217211288258611, 0.8163733204931196, 0.6084666624923061, 0.8013125476335001, -0.9583948811012151, -0.7663834059303927, 0.5221681753731433, -0.4070723293287506, -0.2815787101033078, -0.48487552817416235, -0.21472427278441386, -0.8103332703634314, 0.10327567256949743, 0.6908891615064103, -0.6615592831669059, -0.4437098277302265, -0.3518445268028687, 0.8820869342973379, -0.3672234211072709, -0.8206120274965094, -0.049085754976546214, 0.2778285307128092, -0.7828968054682284, -0.7178380893370073, 0.4607388931520673, -0.8823730634601272, -0.9381565265963574, -0.12435055662931949, -0.1294680014658589, -0.2856459076352267, 0.32892556010408325, 0.6236193414298294, -0.6559823024587959, 0.3427917655953532, 0.7683492919424182, -0.6412200488125457, 0.9038944287926154, -0.9668640732385034, -0.5088291518435009, 0.9240033739705837, 0.7660403312946129, 0.8001717813409621, -0.22435711788780122, 0.1174569981220921, 0.2912386882798612, -0.18317902458390511, 0.3828227958761292, 0.503286056136905, 0.6603970313750278, -0.9035193091427693, -0.7396623455222544, -0.705381150602006, 0.882867902169731, -0.40141443755230255, 0.9676135406272182, 0.10143661111050872, -0.7074904588641089, -0.42654260549258916, -0.030871791552768757, -0.7956186861995223, -0.19742000294894457, -0.5866969292754296, -0.9884186865056739, -0.9794329014550955, -0.8886465072324954, 0.0785237093004405, 0.06287037304114773, -0.8811332101752674, 0.7333292431995879, -0.7137141418338391, 0.20615364279296333, 0.21733147326385982, -0.10379542849763146, 0.9326450493081637, -0.5642457046122171, 0.3440944599944362, 0.3457314176746846, -0.21848392215803858, -0.4924997885493472, -0.20199235456473486, -0.30498921196066786, 0.43033405903656297, 0.055889997091846944, -0.4262589706631703, -0.14044243158629932, 0.11057587056269003, 0.6668213395985776, 0.43277387098051134, -0.4414380612646387, 0.11803638995643806, -0.814543815215875, 0.3372251120053218, -0.2752151798989928, 0.27663439670003376, 0.0486935827503856, -0.8574103916287226, 0.17151641913032623, 0.5246824765020683, -0.18244041403918865, -0.39206632698692623, -0.5801160869724014, -0.7575485039753835, -0.9390099244101018, 0.905590087429438, -0.9560474365154765, -0.7753675706382954, -0.48822765594534734, 0.15238379954694858, 0.021178406313602016, -0.6894222278381672, 0.4064350650081625, -0.7931551689308647, -0.6275425658056857]
-251.51862459557785	(8, 12, 2)	[-0.439547338692168, 0.8423186770340412, 0.8734335285659021, 0.5215390799531374, -0.2927857035693737, 0.1199858787543866, -0.26698240119116945, 0.14302951125155827, -0.39465500315953705, 0.07829078733626726, -0.8455008640181947, -0.4400443150405535, -0.8473968430703884, 0.7034103980517443, 0.7076120683214375, -0.014284536783539137, 0.23041863764007142, -0.13351520586422705, 0.8247230166082107, 0.16129652298057584, 0.5062459425376289, 0.5636452217309722, 0.5885247166082352, -0.40583004773634457, 0.8498252871539658, -0.4156616271549576, -0.8716085469349266, 0.26936175781014504, -0.21347988576253818, -0.29701843648536297, -0.5513123316304456, 0.36354615974792326, -0.9511226518185836, 0.5433850075660651, 0.10040619051724953, -0.11448319206686786, -0.2298727628521502, -0.1819422108573565, -0.27273330311552724, 0.3385070126580956, -0.12748866047482532, 0.3291985013800911, -0.5268103228459615, -0.07754208241209803, -0.07481725882248336, -0.18788071034917242, -0.6353350593225007, 0.15416301422364764, 0.6827045434995926, -0.9917874963167364, 0.6411394007062925, 0.792714206951445, -0.5354217475811784, -0.20820106369626967, -0.34000236288145325, -0.2935283213315927, -0.6788647191662234, -0.6484388070824532, -0.7055980506085511, 0.9196045235845947, -0.49180785976859354, -0.5404653182141315, -0.6082182068890436, 0.7270529450990648, 0.19346478467648898, 0.021835533680907515, -0.250117620125035, 0.10363675232722658, 0.07624427910527154, -0.08104710447786379, -0.14156565813163957, -0.8507530587286734, -0.6634754989216851, -0.22507564946950454, 0.5406021145314261, -0.17305789956206152, 0.26314731872213115, 0.21149448155964956, 0.9315191566772716, 0.880186016308979, 0.4712280385072769, 0.6566387494929411, 0.03145982805738634, -0.7957778197406056, 0.66240111160406, -0.5116789685336618, -0.2717228166736343, 0.6109209939593472, -0.2231024162836146, 0.8411342765166363, 0.4106818045991507, -0.2981861569969835, -0.9945060855809946, 0.631838063980183, -0.21508196282876568, -0.0005929639331576642, -0.60994692952689, -0.08873216841359821, 0.42243844860563184, 0.23542562055692406, -0.08316217190337838, 0.04696574664654962, 0.4453119692985221, 0.8794003902901466, 0.8561577680708146, 0.30475720929729033, -0.4532161097151195, 0.16716670789270371, 0.4548345253319448, 0.9354280544571545, 0.22452987287261816, 0.7334578926606192, 0.6327307250361414, -0.8184917470798252, -0.09830061285071245, -0.17759260429314727, 0.0673629411918164, -0.7929072063731504, -0.22825864790251038, -0.24000332096247967]
750.2574948937986	(8, 12, 2)	[0.8302052514053846, 0.775712473099877, 0.30145899769022055, 0.7884891094411329, -0.005076553067822731, 0.8854333756328362, -0.2397411932076658, 0.9207656240784068, -1.2238801780122894, 0.7550724783150524, -1.7216195834302495, -0.9514084471928685, -0.8309250253564168, 0.5939655423259464, 0.18830551878485058, -0.27771705307557887, -0.4845595523061344, -0.18688294224944382, -0.7716538490705936, -0.4882276598020781, 0.8921340570666543, -0.7536783638469268, -0.44273791799205886, -0.2327619386352464, 0.725975280395905, -0.296182717496427, -0.1045309856967247, -0.04727582503198942, 0.26924982288630717, -0.6221312092185269, 0.34966536592410313, 0.3801688082396032, -0.8358056055629999, 0.4802581279462306, -0.3996679243199672, -0.12364493386246181, -0.13132398321607378, 0.3271510271391173, 0.5966162279439794, -0.7817431612104672, 0.39703017283324826, -0.14127515012347924, -0.2816376299987221, -0.21103461052060757, -0.9631697262343069, -0.4404454675304892, 0.9861677979817471, 0.7061360194150658, 0.7969560391050446, -0.24832872668909303, 0.13832945262269736, 0.5629663726967634, -0.18464481558578266, 0.3749197145238729, 0.5032045145496885, 0.5585158816486353, -0.6486751327640432, -0.9596057353957846, 0.21478020634852424, 0.9990253016898736, -0.4696152212371677, 0.9411284486606256, 0.18160429759051966, -0.4453256997247659, -0.6950118458273776, -0.17287733428800378, -0.3693784197458321, -0.18688622773336847, -0.687597967968314, -0.9695091085437748, -0.5723169816655002, -0.9148081157627297, 0.6175102516458071, 0.029073913595771564, -0.9553031905772269, 0.5206049260566101, -0.5480482781756777, 0.11735778561425597, 0.2156784274434712, -0.09719018484277535, 0.8441782066431887, -0.2815352669023612, 0.3205592779116684, 0.3112965958735163, -0.06357896880583364, -0.8608248076369441, -0.181433049165728, -0.2747510171801331, -0.7571774671677154, 1.3400064866264254, -0.5040128554678627, -0.14617583133752035, 0.13339588449758516, -0.43726611681472594, 0.08607474574803398, -0.2738989251849805, 0.11916710747032937, -0.2923344843263358, 0.1854135131385587, -0.29300696500502377, 0.24919566398327597, 0.11616141932500564, -1.1680091468747826, 0.49924673526490515, 0.6725874014883878, 0.16727065079174308, -0.38464693726751653, -0.5653105546123848, 0.4817817938707687, 0.13752181032393418, 0.6890464005272028, -0.831816369537687, 0.02532199520734557, 0.22825479691517214, -0.010143226837675101, 0.7744192406058624, -0.6631205454193202, 0.2042681781395872, -0.9693777536769012, -0.16440132962278686]
401.82292484563993	(8, 12, 2)	[0.8293791197658857, 0.7918498517687511, 0.3637515871373447, 0.019413510934943437, -0.22133134469261911, -0.004343217843475855, -0.43768014441380815, 0.21970577138991737, -0.31257388628686, 0.4500199421515151, 0.4625477013875686, -0.7394533230692829, -0.8864122648829564, 0.49484657631515944, -0.1610839261850906, -0.25484035486762285, 0.1775394835055647, -0.13854451087027883, -0.37554978154518937, 0.03123642015975546, 0.5823889334560528, 0.4390641895134221, -0.6402407210476858, -0.22608727758670646, 0.7926856080105519, -0.44374561325786943, -0.8293068334070968, 0.17920077832547776, 0.03790208706888987, -0.8711867165485948, -0.669240835950158, 0.4109385355977033, -0.7647402746645316, -0.9557534936590646, -0.12364896493604288, 0.08365611843832041, -0.2326271946633781, 0.3642754066624482, -0.06744675219223273, -0.036557424400860294, 0.1929944259642472, 0.6296203221425909, -0.6678587210624727, 0.44515046909002765, -0.6852208601596921, -0.6230688271848124, 1.026875277732466, 0.3852883874397629, 0.8004437339044145, -0.22495615941532768, 0.04108577494434823, 1.1412419715518893, -0.027121430994429763, 0.06303510740111062, 0.16055015131963213, 0.5984238447373613, -0.956156265932198, -0.7496815497892699, -0.7034808723424033, 0.8856067053978663, -0.47772642978713903, 0.7213752854740934, 0.17195818779828542, -0.6291470150496057, -0.5444798713960102, -0.035940764399505186, -0.6041348962825795, -0.19075982491850868, -0.3046277333146496, 0.09514657065303966, -0.373300839874544, 0.10127439979970565, -0.08249062402224228, -0.05818760051727641, 0.9125644797096082, 0.5627474591139078, -0.2757854443171808, 0.15964912744441165, 0.5517480721988044, 0.007121884356946245, 0.8109686292974141, -0.619490062367656, 0.34339921523698713, -0.24059248742343692, -0.2329647901042552, -0.5362811133861265, -0.21658492972406543, -0.2689548321083603, 0.014025802069510096, 0.5852800552657796, -0.42308093737736097, -0.23672431109267264, -0.9830766917145305, 0.6633015347198067, -0.14762082053862066, -0.4427217558893921, 0.0742908678722056, -0.5658332717784642, 0.4002643581479815, -0.2872117826399909, 0.18790455429361697, -0.13148839780461616, -0.541178997197958, 0.42774488949714945, 0.15777135832809544, 0.3652409466232936, -0.3826653465970043, -0.08779364414252389, -0.7575013871434435, 0.005914619922466446, 0.20158411965685472, -0.43525246527676154, -0.8728979589472359, -0.7448101268266476, 0.09839003513798611, -0.1307490878006743, -0.7512265263854149, -0.14457299676916013, -0.5461425543909517, -0.45258731767533944]
716.3614859836051	(8, 12, 2)	[-0.7145304947175948, 0.6790651832614589, 0.3153252041607382, 0.9687559033675105, 0.13798123169968096, 0.5219172749254039, -0.35702768442819743, 0.3264846329724083, 0.20903043893420903, 0.2826783196422603, -0.29694655988086005, -0.8654705143823117, -0.7465387958488467, 0.671236005364731, 0.400789972922583, -0.3007612599064513, -0.33173985101798076, -0.16664631104487104, -0.5049161705985717, 0.23784214789734492, 1.04900109676099, -0.556458566005329, -0.4363300471236148, -0.2047894745903316, 0.7944175543757501, -0.33090962262031376, -0.13505130472315657, -0.1814832762712984, 0.0709092278701865, -0.931349016140984, 0.02009786443888295, 0.38149719963966855, 0.10455507918739426, -0.3496098370919336, -0.41660269191887145, -0.008342487952676947, 0.8544949618386621, 0.2821890412080875, 0.8552586612291073, -0.7423377508469754, -0.2712354644800625, -0.08982747885122733, -0.15092804626026046, 0.7320719265562309, -0.9080808740893822, -0.3470425045217942, 1.0131176621934146, 0.5947200516199973, 0.8206831765129428, -0.1921123684943946, 0.04782067280513061, 0.11956378625509606, -0.3529471773580588, 0.053278004491433884, 0.3802605567725343, 0.427168670757698, -0.9078962773337915, -0.09735515728287392, 0.2125527808865435, 0.9797547371813969, -0.28682434798493583, 1.042747741519218, 0.17595340625653647, -0.4369617577751754, -0.46416161410188894, -0.20006188938492916, -0.23402541895344764, -0.19565125527880295, -0.3730580140705746, -1.052359334820705, -0.44539734269234943, -0.338070238174248, -0.05446782304053661, 0.10258252786119147, -0.5756856783683035, 0.6564520032648629, -0.8212180077117675, 0.11816119501833382, 0.15690845099653566, -0.06758901198170822, 1.0980230482532143, -0.1435991398750971, 0.35647672888787657, 0.3161197164925398, 0.5498806343334688, -0.7228394360768395, -0.6345592133501933, -0.29009639750848537, -0.9079961145859666, 0.5426249854272758, -0.0006584778836441485, -0.5508483399976946, 0.05621312355929157, 0.26941717995652836, -0.2744437205853413, -0.29789859553946546, 0.5300728642981898, -0.5125855680164566, 0.14598034569811613, -0.17751098124743217, 0.22892699142353568, 0.15378162417742122, 0.6921391758692037, 0.08862794107167393, 0.15887740030172118, 0.16779352390968102, 0.16357282534111173, -0.3458683932446641, 0.04878886108207675, 0.07568821416220647, 0.7214816778270918, -0.6494804518700409, -0.4813596341525047, -0.3849338360813104, 0.12401279002054061, 0.053292739929050786, -0.6413835499198858, 0.26586940837789874, -0.5551635384585938, -0.46215361378667913]
142.32466641059503	(8, 12, 2)	[-0.7145304947175948, 0.6790651832614589, 0.3153252041607382, 0.9687559033675105, 0.13798123169968096, 0.5219172749254039, -0.35702768442819743, 0.3264846329724083, 0.20903043893420903, 0.2826783196422603, -0.29694655988086005, -0.8654705143823117, -0.7465387958488467, 0.671236005364731, 0.400789972922583, -0.3007612599064513, -0.33173985101798076, -0.16664631104487104, -0.5049161705985717, 0.23784214789734492, 1.04900109676099, -0.556458566005329, -0.4363300471236148, -0.2047894745903316, 0.7944175543757501, -0.33090962262031376, -0.13505130472315657, -0.1814832762712984, 0.0709092278701865, -0.931349016140984, 0.02009786443888295, 0.38149719963966855, 0.10455507918739426, -0.3496098370919336, -0.41660269191887145, -0.008342487952676947, 0.8544949618386621, 0.2821890412080875, 0.8552586612291073, -0.7423377508469754, -0.2712354644800625, -0.08982747885122733, -0.15092804626026046, 0.7320719265562309, -0.9080808740893822, -0.3470425045217942, 1.0131176621934146, 0.5947200516199973, 0.8206831765129428, -0.1921123684943946, 0.04782067280513061, 0.11956378625509606, -0.3529471773580588, 0.053278004491433884, 0.3802605567725343, 0.427168670757698, -0.9078962773337915, -0.09735515728287392, 0.2125527808865435, 0.9797547371813969, -0.28682434798493583, 1.042747741519218, 0.17595340625653647, -0.4369617577751754, -0.46416161410188894, -0.20006188938492916, -0.23402541895344764, -0.19565125527880295, -0.3730580140705746, -1.052359334820705, -0.44539734269234943, -0.338070238174248, -0.05446782304053661, 0.10258252786119147, -0.5756856783683035, 0.6564520032648629, -0.8212180077117675, 0.11816119501833382, 0.15690845099653566, -0.06758901198170822, 1.0980230482532143, -0.1435991398750971, 0.35647672888787657, 0.3161197164925398, 0.5498806343334688, -0.7228394360768395, -0.6345592133501933, -0.29009639750848537, -0.9079961145859666, 0.5426249854272758, -0.0006584778836441485, -0.5508483399976946, 0.05621312355929157, 0.26941717995652836, -0.2744437205853413, -0.29789859553946546, 0.5300728642981898, -0.5125855680164566, 0.14598034569811613, -0.17751098124743217, 0.22892699142353568, 0.15378162417742122, 0.6921391758692037, 0.08862794107167393, 0.15887740030172118, 0.16779352390968102, 0.16357282534111173, -0.3458683932446641, 0.04878886108207675, 0.07568821416220647, 0.7214816778270918, -0.6494804518700409, -0.4813596341525047, -0.3849338360813104, 0.12401279002054061, 0.053292739929050786, -0.6413835499198858, 0.26586940837789874, -0.5551635384585938, -0.46215361378667913]
689.5215648373694	(8, 12, 2)	[-0.7145304947175948, 0.6790651832614589, 0.3153252041607382, 0.9687559033675105, 0.13798123169968096, 0.5219172749254039, -0.35702768442819743, 0.3264846329724083, 0.20903043893420903, 0.2826783196422603, -0.29694655988086005, -0.8654705143823117, -0.7465387958488467, 0.671236005364731, 0.400789972922583, -0.3007612599064513, -0.33173985101798076, -0.16664631104487104, -0.5049161705985717, 0.23784214789734492, 1.04900109676099, -0.556458566005329, -0.4363300471236148, -0.2047894745903316, 0.7944175543757501, -0.33090962262031376, -0.13505130472315657, -0.1814832762712984, 0.0709092278701865, -0.931349016140984, 0.02009786443888295, 0.38149719963966855, 0.10455507918739426, -0.3496098370919336, -0.41660269191887145, -0.008342487952676947, 0.8544949618386621, 0.2821890412080875, 0.8552586612291073, -0.7423377508469754, -0.2712354644800625, -0.08982747885122733, -0.15092804626026046, 0.7320719265562309, -0.9080808740893822, -0.3470425045217942, 1.0131176621934146, 0.5947200516199973, 0.8206831765129428, -0.1921123684943946, 0.04782067280513061, 0.11956378625509606, -0.3529471773580588, 0.053278004491433884, 0.3802605567725343, 0.427168670757698, -0.9078962773337915, -0.09735515728287392, 0.2125527808865435, 0.9797547371813969, -0.28682434798493583, 1.042747741519218, 0.14602657318511106, -0.4369617577751754, -0.46416161410188894, -0.20006188938492916, -0.23402541895344764, -0.19565125527880295, -0.3730580140705746, -1.052359334820705, -0.44539734269234943, -0.338070238174248, -0.05446782304053661, 0.10258252786119147, -0.5756856783683035, 0.6564520032648629, -0.8212180077117675, 0.11816119501833382, 0.15690845099653566, -0.06758901198170822, 1.0980230482532143, -0.1435991398750971, 0.35647672888787657, 0.3161197164925398, 0.5498806343334688, -0.7228394360768395, -0.6345592133501933, -0.29009639750848537, -0.9079961145859666, 0.5426249854272758, -0.0006584778836441485, -0.5508483399976946, 0.05621312355929157, 0.26941717995652836, -0.2744437205853413, -0.29789859553946546, 0.5300728642981898, -0.5125855680164566, 0.14598034569811613, -0.17751098124743217, 0.22892699142353568, 0.15378162417742122, 0.6921391758692037, 0.08862794107167393, 0.15887740030172118, 0.16779352390968102, 0.16357282534111173, -0.3458683932446641, 0.04878886108207675, 0.07568821416220647, 0.7214816778270918, -0.6494804518700409, -0.4813596341525047, -0.3849338360813104, 0.12401279002054061, 0.053292739929050786, -0.6413835499198858, 0.26586940837789874, -0.5551635384585938, -0.46215361378667913]
328.8422382130492	(8, 12, 2)	[-0.4490312542849063, 0.6772054275036649, 0.5207302156158429, 0.05969752175140819, -0.1549780190941029, -0.16249225898718056, -0.236330742363643, 0.41277928878705916, 0.1603458755983268, 0.26376368238013437, -0.512676912660983, -0.5772386555992078, -0.315036735434732, 0.24461555544311137, -0.112828963631597, 0.2725369309183504, 0.1336945316109604, -0.07722513817449186, -0.3479070449761227, 0.8238858169258662, 0.636990780935149, 0.21093141835681142, -0.27187850091029375, -0.12944077772939783, 0.2850478902070522, -0.420460056118045, -0.6140570844896788, 0.4383326671243888, 0.08568537778469118, -0.9332334899046401, -0.30062469774285316, 0.31837871183710464, 0.23794803433931722, -0.1750703185785744, 0.0443862828672022, 0.14439875136519453, 0.3668457092388613, -0.4631783492668025, -0.06522559030532085, -1.0527299047206646, -0.19109807692990993, 0.30688230542683215, -0.2567441576094277, 0.22749842026268616, 0.1174902704227001, -0.30600688383383434, -0.0890810900223839, 0.06730590850831478, 0.6441389092019957, -0.4447812738793313, 0.00897301246541718, 0.8701952664616752, 0.24133756275601825, -0.1332113485084221, -0.24592791386185445, 0.31784982567276693, -0.48734939036706876, -0.5869871695018235, -0.6295154137220522, -0.4848812121824808, -0.2187931585114127, 1.1867862199819985, -0.43383381384920594, -0.2920095827849891, -0.4621915774358686, -0.1231746606708041, -0.42095638795729545, -0.03714966458289576, -0.33024506768238887, -0.5756417845005337, -0.2075600232793708, 0.5550199443762441, 0.33549051965308574, -0.38631521779232414, 0.3334893370805707, 0.023239369018241196, -0.0178129381106249, 0.16634835744684823, 0.7003494949736702, -0.10883161295778086, -0.10236238275181496, 0.03539381586042656, 0.1665606297782501, -0.16552665788426518, 0.33093901979578344, -0.5836053283051683, -0.4574451971918705, -0.432891233718772, 0.20342333778438781, 0.6711058518160182, -0.06835794640868326, -0.38119012771152927, -1.0497284047499136, 0.3868652769969704, -0.3483302426552993, -0.26835790466449805, -0.2030030759598511, -0.30796215092228485, 0.40322724969077905, -0.05626320161002485, 0.2194559626172689, 0.32187345390132843, 0.813410328554675, 0.5570347194695384, 0.11411083836409783, 0.3905664278755058, -0.333850820150923, -0.5473346556244643, -0.2675454831122058, 0.42999315296038354, 0.12857714210536325, -0.3208168401454118, -0.29096538418297174, -0.6977977484048086, -0.005975129582986072, 0.1938601113595234, -0.8778424391806278, -0.5861063722458393, -0.250416609377462, -0.40770381221023866]
358.21619148758725	(8, 12, 2)	[-1.0127826248905094, 0.7783078236388432, 0.5937729803825982, 1.0174450198460092, -0.030516453567993238, 0.2854096977795718, -0.22923204012403384, 0.4207273608871398, 0.17733498553765653, 0.4014029858157071, -0.1518992842921584, -0.6337559047141846, 0.02433936941116599, 0.48047817520370184, -0.11154426117648275, -0.004078225949638525, -0.056992513640475806, -0.17004979866834197, -0.9334431725727466, 0.28382583244485543, 0.6832407083652166, -0.4198724396264757, -0.3172598745076625, -0.2568530023193487, 0.9068141196127302, -0.2572882149083865, -0.22013267838358277, -0.2345537774618722, 0.08029292762695774, -0.7976513610803527, -0.15062894408809002, 0.39357892622147483, -0.29035084937541134, -0.0796438896841866, -0.3550966122398833, 0.004910589718437275, 0.2339268291411618, 0.07866994316411138, -0.03413687103548424, -1.0413759914541276, -0.2549287163363525, 0.2537429148873478, -0.2673062793315609, -0.12692705836368598, -0.7112260289742083, -0.2366692148271413, 1.2707386733407735, 0.6285657770685156, 0.19745423764721898, -0.3905369447187877, -0.3824365148059808, 0.4387513049908466, 0.2661338383628209, 0.14354908836245417, -0.29027258459998284, 0.4002092432831654, -0.9113461851129026, -0.2879356662362045, 0.2845089181959626, 1.1371503649635235, -0.1280721159688355, 1.5074519869597376, -0.48161632031197954, -0.32329548161241956, -0.4362681223917341, 0.05431672764653195, -0.3029941884309003, 0.11045615338155491, -0.36201729360616175, -0.42594130148015846, -0.41945804079667093, -0.1681135303317393, 0.6638851737095691, -0.18695638612603266, -1.0369165714077782, 0.4015753355286472, -0.695683680041916, 0.10743502106291283, 0.20843719281449638, -0.10843661282915468, 0.6402187340944487, -0.16042590596461737, 0.4141955601104952, 0.10651653365690475, -0.2661145081034565, -0.5169791104022639, -0.6097106704485667, 0.14358301805381773, -1.2016196760572795, 0.5420480087478547, 0.1270544101360489, -0.04788410492649625, 0.15016388418066917, 0.5773481192447956, -0.23433862668113764, -0.30987040072598315, -0.1489564903487368, -0.4140687930788789, 0.10955557965100218, -0.14435651846208886, 0.24673342188925962, 0.2586668067017958, -0.3766693529641862, 0.5340390493976876, 0.3866312524297725, 0.4283265583570936, -0.22509709413175572, -0.3494579732706291, -0.07455935477247327, -0.12110003755594387, 0.4420025699529263, -0.6320314593988166, 0.47694809573156305, -0.4778861653650909, 0.06484306366122597, 0.16435880659680424, -0.3572485173987912, -0.4138337220282431, -0.8742481963650813, -0.5021880080318007]
585.9937736347559	(8, 12, 2)	[-0.6431804083018119, 0.7476730264033087, 0.3571932323214483, 1.0657486125595161, -0.09862045504583267, 0.45715383074324334, -0.3307354752287143, 0.3046411261050285, 0.11497951314784291, 0.25812494719752954, -0.27347483836115233, -0.7770673183600176, -0.845634260577405, 0.5213776253444609, 0.25552970494102867, -0.15004606257628353, 0.11827108242990217, 0.05095898300694393, -0.4113102856490813, 0.03868285460912512, 0.5664404810789634, -0.09124917260783794, -0.3965673983249152, -0.21817502988939627, 0.6908009711225133, -0.328791204680972, -0.4616042837425502, 0.2502411149792071, 0.05680495092129885, -0.7104806848273026, -0.1610768592502244, 0.3113828632806611, -0.9268227431136012, -0.4557207741277941, -0.21772819797200096, 0.3628443191607482, 0.14298371989799993, -0.06129366513666823, 0.03928879874148539, -0.8120146243707509, -0.23718855247818055, 0.2470526084629125, -0.3932060612211167, 0.2461679313889462, -0.5845986951089804, 0.33073609823885775, 0.8751551176476564, 0.5994500609960116, 0.8308683315289862, -0.32103033746556575, 0.1010170041588477, 1.1047341241884563, -0.17006724086873798, -0.08586670748464771, -0.043288361295216016, 0.3918628141910412, -0.6285396379033517, -0.7237081047923207, -0.3260747332227022, 0.9010381908448137, -0.28370750388288285, 0.5297053661706954, -0.2703983906418801, -0.41399161031550397, -0.45687576133295593, -0.0871547353799591, -0.3247108001922662, -0.15002916811352934, -0.34192046193212106, -0.6390237925406234, -0.45471756888100084, -0.04739712290858181, 0.1565880986926286, -0.07146714742491851, 0.37260963156620486, 0.4424538381670686, -0.7958762634202348, 0.16636586923578453, 0.812549924236113, -0.09694905732222471, 0.9567842645814035, -0.2843492191635034, 0.3540822256998055, -0.2834981219769876, 0.07405056896436486, -0.7081311270196499, -0.6678592236084286, -0.320259407555335, -0.20889568801047848, 0.619207268659522, -0.0551170121369856, -0.5356632766471949, -0.6443548119208415, 0.32670766354705844, -0.2485825203217661, -0.22152668278802856, -0.04623909990364364, -0.4931285803613227, 0.15608744925954374, -0.13705277030380414, 0.35682780741302345, 0.059072149701054205, 0.3745107681426769, 0.32652812184143626, 0.03867864497163532, 0.19487991569668345, -0.19657053423572168, -0.2669463157694215, -0.04422737180847475, 0.49314982844122435, 0.09699415294500904, -0.6630455062098821, 0.43790171479490114, -0.1412216510650169, 0.17743394934713047, -0.003079715947377177, -0.39788086544653856, -0.44428111228308476, -0.6481937580157829, -0.48232653583476254]
581.8611362530662	(8, 12, 2)	[-0.7086739597575447, 0.7868683801444606, 0.6118698725866011, 0.48118165642316885, -0.014144115774698433, 0.27509919124311877, -0.23144139524374516, 0.39629497675835806, 0.152860191877703, 0.40124479426612913, 0.03172156663886977, -0.663817166356398, -0.42374844715313914, 0.5601829889624834, -0.11587139332936884, -0.2803179764426171, -0.09531474825624466, -0.17606355771252236, -0.9617803644350919, 0.22740219968229264, 0.6918717275314508, -0.5141805171134146, -0.30909783152451514, -0.24322058219137246, 0.9156851865964798, -0.314110194713381, -0.3500446664137123, -0.25070772366807176, 0.09861842259173553, -0.9586808273250998, -0.20460279033436296, 0.4082335045588577, -0.6580091022319409, -0.09053411666687847, -0.42453233023659814, 0.005874827050717234, 0.261643033248028, 0.1028811649960008, -0.03282345335225965, -1.0781625252104257, -0.27371855910147075, 0.11166475646385704, -0.22440702123261952, -0.1270066635189338, -0.7289653355688299, -0.25895854645696037, 0.09841960242272466, 0.6197439632171288, 0.32851841525976383, -0.25856867032244135, -0.379051791191092, 0.15186018463706458, 0.26494806458508124, 0.14381408782893207, -0.22147577808494648, 0.3708905897462815, -0.9112964782317252, -0.33909538124057303, 0.1005268609921936, 1.168236654810541, -0.24601060476044198, 0.23263203247398379, -0.11053258025362539, -0.4057240767118176, -0.34027497367690074, 0.061064543801851945, -0.3101734713504992, 0.15197697960080328, -0.4013550252423435, -0.40409667725436443, -0.42588401253850705, -0.11240438887273338, 0.6627541463744564, -0.20763540464132144, -1.092208211660391, 0.22895445056546473, -0.5136113749876081, 0.13253185015150643, 0.30519961926552047, -0.007751410603937581, 0.6820460618353222, -0.1734887572370341, 0.361342900049221, 0.11866248479721134, -0.23924481083397, -0.5359973192702684, -0.6127462205724575, -0.38726228272351315, -0.3114519755809777, 0.5414776977503372, 0.08992832238829312, -0.1835955701357082, 0.14776412110135437, -0.1286782986239033, -0.23876204746233945, -0.2476545796435024, -0.15157570385636995, -0.48688454823572014, 0.09543648083961372, -0.3406966157363087, 0.24928787090490498, 0.2755990202360611, 0.009704676703811588, 0.5649596549256494, 0.5556584416911161, 0.3113102137316418, -0.23133740930738017, -0.3550501764637894, -0.09282654370071505, -0.10854743086431765, 0.3742954486125292, -0.7342911566997125, 0.5087784518861402, -0.42464454164277865, 0.06590430032600063, -0.0433582471053549, -0.3643554905685027, -0.4072540365420734, -0.5488459071448246, -0.5173355712191133]
985.6127019879716	(8, 12, 2)	[-0.897212459948153, 0.7801352340519074, 0.5662741145189497, 0.9493592674709208, -0.12636836213863756, -0.05612788392464185, -0.23272602574610454, 0.4206349600793616, 0.17650315606059347, 0.39680377879865725, -0.354826767467934, -0.6329712916336593, 0.024093005858130245, 0.4873989435107825, -0.1113302692428561, 0.05555051743860415, 0.13251372591670832, -0.10284835468166093, -0.5181515422183591, 0.3873735461746943, 0.6729459760801942, -0.13420988521543775, -0.32092297744365583, -0.26623792463861135, 0.17577173539328383, -0.37822323889211573, -0.27357539621462884, 0.3599708338838201, 0.08392450266792788, -0.801792372611732, -0.27329264392719727, 0.38379099895402335, -0.07393616567191658, -0.09551695462593356, -0.3848115143421987, 0.02117902053141091, 0.270138788708919, 0.08450211996524282, -0.04105275319546116, -1.0422779111948504, -0.25302608502297125, 0.2668689928377587, -0.2637193520015646, 0.36212460612233, -0.7153891570305351, -0.2761995270631853, 1.4097442310563706, 0.3272077881909977, 0.24381957584347458, -0.3832723220506243, -0.2928414962631981, 0.49577982766597556, 0.263571439014548, 0.05502702775891526, -0.2722702232087652, 0.35808145619536147, -0.8937584829374049, -0.304086163083008, -0.09960866091655851, -0.11483301479517886, -0.17025041893768886, 1.4353667905640066, -0.4438277519181306, -0.30210166244462355, -0.4407502187460796, 0.0514242148459394, -0.45156223929602396, 0.04814570220446723, -0.36277942514280187, -0.4679869460106806, -0.2393608329479618, -0.1765017675712272, 0.4068387395594247, -0.21152477584006593, -0.6848904688507703, 0.40336221464066024, -0.44873203701194514, 0.10431301114930562, 0.2266323079058467, -0.10845819564748066, 0.5385667642735702, -0.1341383732200937, 0.2795657519473055, -0.012338525545337847, -0.06740716381512141, -0.46336779983770626, -0.6118685366935842, -0.0359446016239815, -1.15752084639137, 0.5420696572011279, 0.07329930869126412, 0.014574262599872156, -0.20583248716002545, 0.606031270093612, -0.25775944024992714, -0.2945430269964685, -0.18288261597739222, -0.36416202528903724, 0.11211111922028541, -0.09378980599866808, 0.24678366118515838, 0.26439668258187576, 0.22640753189055052, 0.5309663269558851, 0.2814611617344447, 0.4346266834926218, -0.2932024600992079, -0.36045805305939976, -0.06343767399374135, -0.12813207648004513, 0.4485177971513324, -0.6228089383593542, -0.07155524968325254, -0.7073728432531999, 0.07554234554051523, 0.18055411936520827, -0.4033002482260962, -0.43217932060186975, -0.8904790716501809, -0.50872112796348]
584.0637982083667	(8, 12, 2)	[0.023730964548491773, 0.7428013020680131, 0.567204319255793, 0.3823340063887185, -0.02823269716444335, 0.5113364952196313, -0.155149159111252, 0.32526265183366676, 0.15085689608156078, 0.3862812874846837, -0.6332455201876857, -0.7023756899895983, -0.4934975528844504, 0.5476305077750463, 0.23524468299861132, 0.02239462722992122, -0.05096033174904628, -0.14616759632720547, -0.7133643571225208, 0.17007503262108223, 0.6289421259693584, -0.18580491849034736, -0.3127944683306863, -0.5504464822738245, 0.6537198580592076, -0.3716671243926426, -0.25217698555676543, -0.22551406432034082, 0.24761714703328774, -0.9204167085199495, -0.05349841304807135, 0.37171164742632157, -0.11679882932455593, -0.7336846295207958, -0.12030189893452296, 0.013484841615852325, 0.1367695579648585, -0.09411846042532648, -0.1473251373726212, -0.8224212370154582, -0.13712537080868237, 0.06356098919125977, -0.251842475551661, 0.023042166248638807, -0.48625393952824475, -0.2497443397037438, 1.143725782934839, 0.6325736192459038, 0.7602164042394658, -0.30451941654262216, -0.2920266378544337, 0.5491705305774375, -0.10798776842571983, -0.0997811105478966, 0.15902799583076788, 0.5420556534107903, -0.7123370333314969, -0.4317000219863955, -0.1006610174218256, 1.1549983712258953, -0.2651685341164296, 0.7601720036005648, 0.33054969264261197, -0.3746255113728525, -0.43263967524297375, -0.15935012919214153, -0.3202782755729702, -0.03059991108903963, -0.2915811590283976, -0.562739148133333, -0.47943934203349375, -0.046321749686241934, 0.10121331241600287, -0.15110863118913248, -1.0511379520135355, 0.1199417645171487, -0.44489568020184206, 0.13855274839648513, 0.2919927706719903, -0.006417240133465382, 0.5262786785168356, -0.21387715015924405, 0.3842556321331113, 0.13729084595840826, 0.5299855951988531, -0.6361493696331745, -0.3749248616229356, -0.31742058767113357, -1.0375424969479023, 0.643362590957969, -0.049011870642329786, -0.3441388923832933, -0.2080732776146828, -0.08659854743927642, -0.3400553997730226, -0.30131173588771076, -0.11042088346012957, -0.40955924767421487, 0.13909426649435705, -0.08919070789652278, 0.27727667392332744, 0.1576276731679793, 0.17329839630458266, 0.42414256504293263, 0.026224378796188635, 0.27643230478413466, -0.057511750773129824, -0.39181879605004266, -0.054438599009810074, 0.1776836171890138, 0.560664530955879, -0.7199215579506117, 0.1687193073882421, -0.49760754284774994, 0.039922375310872164, 0.21887235345093595, -0.7616164466593702, 0.0640909621399256, -0.4611186636438787, -0.47860385428554175]
662.5032600956279	(8, 12, 2)	[-0.05123901373677162, 0.6974639696824065, 0.4844444454656896, 0.6411324084981864, -0.04380606310989804, 0.5153075525182421, -0.346257533751996, 0.3252577034746892, 0.09490499655491623, 0.23651219332981374, -0.6419959779242044, -0.8815464165103029, -0.5982065706573028, 0.5103869448825376, 0.24557346644677502, -0.04865980477656113, -0.05727245309245199, -0.13001940595995967, -0.6168369933969439, 0.1943132543482389, 0.6370864652554413, 0.06703647490311584, -0.3282057359202939, -0.5406967064156363, 0.7003825265914264, -0.3699240390135844, -0.49660798029672165, -0.2737573906992771, 0.2869630410195473, -0.9235112090013784, -0.06186122631262714, 0.10596872850550378, -0.11598977043269894, -0.8761476955296621, -0.10503923823784449, 0.052851542529231764, 0.13501034563164804, -0.0828299390558151, -0.14750255786236316, -0.8380622092272324, -0.16220323442509632, 0.05569438846776106, -0.34905382483226993, 0.5393259368349725, -0.24493122751211904, -0.25165281837852055, 1.066777016220537, 0.7325318827351975, 0.8143813549682821, -0.22956541687341286, -0.0823933870604121, 0.8280713032215232, -0.12230695703861505, -0.12092887965184623, 0.22584550849256324, 0.2896380612938289, -0.7303325685527874, -0.6135833396179392, -0.04954724689185558, 1.1595344909878629, -0.25507364699163626, 0.7362575730662657, -0.523743085385677, -0.40554349204386747, -0.36308879287010815, -0.04164670638003892, -0.16003581975776557, -0.22457138195121684, -0.31427724817281766, -0.5456363985636057, -0.2699258334215689, -0.014148955405091333, 0.10130167069413588, -0.18812375751143137, -0.6056442127395986, 0.6350462168635078, -0.4387207753918593, 0.17068243969178465, 0.2299571332918295, -0.02759892226978654, 0.848323770029399, -0.12551805212585038, 0.3084713072307405, 0.27367452033423745, 0.4746880406029836, -0.541390827106287, -0.41028673076559863, -0.3185819681469435, -1.0286335457915385, 0.5586750418547415, -0.010115033377508277, -0.367193609678078, -0.08856219607717983, -0.11990693998789322, -0.3350387590388597, -0.2959508525931358, -0.09014662485981757, -0.5177161090864375, 0.13109708626479177, -0.1640566109466939, 0.20844842648295284, 0.1933163918491346, 0.6873499792370205, 0.44641467544462193, -0.0018032344106227102, 0.42021080075147027, -0.10221458950365325, -0.4174202440614981, -0.1810528383901845, 0.3409974488190828, 0.5559292570732405, -0.6093179617582614, 0.16976148054040233, -0.5084386436473972, 0.06543256742284737, 0.2014460616870682, -0.8304587139909145, 0.03513019314153798, -0.4551591299737314, -0.47412250991552574]
467.6682131140708	(8, 12, 2)	[-0.31061030205927037, 0.735674089892026, 0.46556144771589236, 1.0011007159432859, -0.09218887065681433, 0.24502601504171723, -0.4476544585775876, 0.3158379003164445, 0.1018758539782474, 0.29505776083520724, -0.09959325085941956, -0.5693270847918508, -0.6086019187803244, 0.525020617877461, 0.13167054798489208, -0.23538220800794818, -0.2057653849633705, -0.10050961951223715, -0.4873969336651629, -0.06499802599811935, 0.7949365519928139, -0.23512004473917741, -0.40429244266301073, -0.219903055833544, 0.7553401696741329, -0.392580968694009, -0.33859043338786154, -0.1768756471968675, 0.3166558948028365, -0.8853884695707052, -0.16083887984972142, 0.4013932596111664, -0.2737050995929482, -0.4452015443186349, -0.05727612424824258, 0.02634057799234963, 0.14187760381438866, 0.19945654908948837, 0.2005699963372825, -0.6786782952775425, -0.2226846854255919, 0.3188841023538587, -0.2363676692869257, 0.13109152257716508, -0.5865849748516903, -0.22833619786407702, 0.9542388316743156, 0.6974107322009138, 0.6707947738141026, -0.3624436733772207, -0.059250589875208315, 0.37140175907351125, -0.12287525114644836, 0.11321479235462006, 0.1350373585406761, 0.33645947526480574, -0.7027891643193919, -0.5001237913754178, -0.3377806881217178, 1.1571846771401308, -0.2603120847338813, 0.9242845390516393, -0.15697550023294368, -0.3920420188271404, -0.46405501065289867, -0.010471346254131264, -0.32070168273778327, -0.18234236276369087, -0.34680993552120537, -0.6242685758647406, -0.3300769024789818, -0.6032415098323035, 0.5894860793395867, -0.1775604211539051, -0.42608899179955695, 0.5775366147191247, -0.7307743332371808, 0.09867174672846792, 0.21713690232616617, -0.13879386115951756, 1.1478489520625157, -0.15605607351618236, 0.36185645163076663, -0.00137201040562282, 0.033469819131855254, -0.6311616267490108, -0.42145295074226574, -0.22832807827857776, 0.42475577845241497, 0.624954829166389, -0.10680783141457478, -0.39547428555766345, 0.13741217603600386, 0.32229219689043614, -0.23353604310783846, -0.2797781062613761, -0.01198165899903518, -0.3863477419122627, 0.15234311423420027, -0.06065221938554699, 0.23513120517511377, 0.17565799351065298, 0.38313382819664066, 0.3152416509849754, 0.04846955137817181, 0.15431899555225703, -0.36965736028327834, -0.3760847902759101, -0.10763044400710217, 0.2003799245477841, 0.46539798676062616, -0.5347726409120348, 0.10444614565618782, -0.384835343093765, 0.08672295643829155, 0.13929310835210476, -0.7650496962917177, -0.3116471599197128, -0.5176762134721611, -0.7545898291234232]
587.0827639324517	(8, 12, 2)	[-0.05618814198762029, 0.7786482110560564, 0.6117829865343869, 0.3830093204959061, -0.025959777502910494, 0.4583089447645525, -0.15768208686908997, 0.4912347551723943, 0.20164767920445986, 0.3690738479558926, -0.38759620717491466, -0.7379490467756212, -0.7018029251298665, 0.2957975133468273, 0.10420245985910825, -0.018839900122756104, -0.13233686897854705, -0.17681007130048107, -0.7245958141247031, 0.1518820140509069, 0.6980545722891813, -0.1879120165876773, -0.3786371347534673, -0.2127892397703188, 0.6611559429096832, -0.42155419361646096, -0.25588709427093653, -0.11810367832260768, 0.12346226848325167, -0.8811822562143181, -0.44870371992545505, 0.3268136917935805, -0.5349588923643184, -0.3078197061147684, -0.30874174224354434, 0.04611514093952009, 0.14584789816983562, 0.08999836351673929, 0.22853439999430297, -0.7160915528970411, -0.20334217539039176, 0.0430394488691547, -0.2748514183130559, 0.26981147342439676, -0.5583561618034579, -0.2084223336604552, 0.6193140261000213, 0.4733444078791302, 0.7041038809113138, -0.3065440391740723, -0.2833479098008148, 0.5311269705753324, 0.13874625545843358, 0.0021374323461141875, -0.07093177699598802, 0.36597414513422927, -0.7212166070212008, -0.4251192271036196, 0.007895897203823499, 1.0693814152970624, -0.28288779135847475, 0.7313930046349898, -0.03141662155151084, -0.40295928235833056, -0.44900907094225356, -0.04687846494458253, -0.26326584121512153, -0.03054691679350295, -0.34110343885885175, -0.5742135564331412, -0.3779766483755516, -0.20467725654069943, 0.14124950480447435, -0.18672643120874483, 0.32399155242665456, 0.4429445268412986, -0.5610183860112533, 0.12706157190704107, 0.23752742187600084, -0.06424382769708137, 0.5617199585046976, -0.24189456261148712, 0.3993637879847103, 0.1565405530451234, -0.3690935424084023, -0.643497277057936, -0.41835794430517853, -0.2659975869221413, -0.9798072932223907, 0.5717865112832183, 0.08367393811710672, -0.3096373395694646, -0.13769958158699275, 0.2934987346276978, -0.29262702076046276, -0.3231214128713427, 0.0015827277965203973, -0.45049188643893384, 0.16779354079263034, -0.09325782165894034, 0.17262867515644714, 0.25869686368100514, 0.15323831743448074, 0.35811107875380527, 0.34083221722063256, 0.29493427196438965, -0.13021676963526113, -0.4003693092088361, 0.008687992735095934, 0.10044785738387599, 0.43449475874544596, -0.7262911696786942, 0.21597300313278056, -0.4557287124061101, 0.10344554401653344, 0.2032006472637427, -0.3976696499231073, -0.38224994095758, -0.4424227182657722, -0.4580947889954591]
664.2826763449191	(8, 12, 2)	[0.19918181056297374, 0.735932619404522, 0.44781129435147, 0.8817167103415302, -0.0483260254675272, 0.3692064386314713, -0.22876337157000357, 0.2997513705290609, 0.11903352541350255, 0.2645971549726388, -0.5820441307367709, -0.6711534200451, -0.4912719332676702, 0.5531979152020049, 0.05761457771733815, 0.05681536952965674, -0.05599660777016184, -0.1516731349423095, -0.8922603456752027, 0.16357169691015983, 0.6129232101257542, -0.1322911892224939, -0.34715559724078726, -0.5045907259955968, 0.6273301242978673, -0.3517920186815783, -0.27536365499106336, 0.16345528735731418, 0.18265360351614557, -0.84673544834941, -0.05964403535841635, 0.32041758066248266, -1.1672995460126832, -0.9184001865378123, -0.12379580559215325, 0.11883685064766883, 0.18005822448809128, -0.1490168541011643, -0.1539965439205762, -0.8042251745891847, -0.21828509921053027, 0.3667907509612101, -0.250821787908184, 0.19814650388349064, -0.5540903841903748, -0.06706222270824544, 0.6825219142551598, 0.5668061471675978, 0.7131358690854547, -0.327511021096537, -0.1706868934871599, 0.39655778768005046, -0.05645602667129658, -0.05595399114519144, -0.06674405089914806, 0.5543042924645081, -0.7907500398579234, -0.4295594584733097, -0.056989704179623964, 0.6484785595368505, -0.27349953486937395, 0.5153143794009509, 0.10641938582476668, -0.37300751131377163, -0.4545628781545995, -0.03506163460048592, -0.14315216850842247, -0.28572278793734024, -0.3812616719588939, -0.49352506959640763, -0.43271676798073844, -0.19691643931164293, 0.1984926715740966, -0.17333835566263045, -0.7226485278584627, 0.20622043652484223, -0.8039140697010175, 0.1308029976655025, 0.24447746407280274, -0.023807218220105952, 1.1305383489829606, -0.227837010134804, 0.37714545007472106, 0.05197174896706519, 0.17933007405127474, -0.579597774857992, -0.43566139161526574, -0.1639271527570392, -0.4351306294193711, 0.6376536622859331, -0.04671112633124877, -0.3870387656377543, -0.2136797267757073, 0.010019599637228092, -0.22845179040121125, -0.28549803655503503, -0.057757599183517465, -0.41889401653669966, 0.2508542036046837, -0.16433958757112258, 0.27333229572429046, 0.1484496268042416, 0.1339168740041648, 0.332738837905407, 0.3081227832040377, -0.47232440930872777, -0.09089013868883977, -0.3782539645772172, -0.1389193368427154, 0.24448238655469234, 0.5455253162742866, -0.5663503679545396, 0.1560788376960878, -0.25261563424776434, 0.06790008668630242, 0.19249566134970986, -0.6549339784111206, -0.07715989031489179, -0.4506037006559552, -0.47333177229294643]
430.47617038003864	(8, 12, 2)	[-0.32223321341443756, 0.7392699111367875, 0.3596395476990524, 0.8714069387095096, -0.05925298217377551, 0.3296030027333959, -0.2536625904066475, 0.3265088403126289, 0.08052279044506105, 0.22832910459840097, -0.45948267204370125, -0.2462210454769468, -0.5250503836281808, 0.48210204175643323, 0.1339372569497802, -0.1736609841005433, -0.03363729708352349, -0.15178752592231404, -0.7098745429072958, 0.18588549803074245, 0.6515640703098314, -0.12962819361124556, -0.39112830211693045, -0.3422530815887234, 0.6564847156739423, -0.3690355087576207, -0.4089131303998116, -0.09447022429087235, 0.16797355999462302, -0.9165236986976304, -0.06108932388817219, 0.41171861067685706, -0.22541587722400697, -0.2507609018293119, -0.0886704367849584, 0.02632546389737321, 0.1897712714773545, -0.025372943801646387, 0.32357352825446717, -0.7823251828666273, -0.22161575970117275, 0.2084974775144924, -0.3319077438247839, 0.16263508501679416, -0.5517666230936918, -0.2720627020499325, 0.5959101879241702, 0.5678673304978077, 0.7325714440208911, -0.33347674054121823, 0.019453553758891073, 0.34698802316188576, -0.11394383862159253, 0.006603608016680596, -0.26010045021540923, 0.4558977166264935, -0.7451386167295014, -0.6282831974166666, -0.1172761425844839, 1.0304991926549014, -0.2793967016752288, 0.7687815349442629, -0.07185906950441322, -0.39831817599321573, -0.3692389098062384, -0.042515984080942364, -0.20452805848730982, -0.15263603271029352, -0.3577032886828714, -0.5971112954796401, -0.3344879194424125, 0.025982069325209384, 0.15226867402071337, -0.12131094012183687, -0.39938698350880775, 0.16529762553461358, -0.4467275681287189, 0.11650385209906297, 0.313184484367428, -0.09029164336306092, 0.750961160608828, -0.16787434825018407, 0.3415523515086749, -0.03139726195803689, 0.08136420405164053, -0.5468978207754551, -0.41587855608098107, -0.2834557937180722, -0.06719888897405624, 0.6087720700081324, -0.017019939550693572, -0.4127236269519717, -0.09526409637321898, -0.018586943505354205, -0.23499131591409445, -0.293870078849698, -0.09182342194140085, -0.3887053030482348, 0.152437328646909, 0.007694800975877034, 0.2544830693403918, 0.20856076543062835, 0.48136722222472356, 0.2954415972843798, 0.08811281228687483, 0.20880794080617976, -0.15107839940302145, -0.387483067338205, -0.12264218596576186, 0.33106314312958185, 0.46748450630394744, -0.6122782888348424, 0.08349968761172623, -0.34705128644190153, 0.07721835533650985, 0.16318455645415697, -0.4367640103803823, -0.37643314103962755, -0.5223075855171563, -0.439857896691407]
620.2892408387881	(8, 12, 2)	[0.15240288676208702, 0.7549822298889851, 0.5422250104778793, 0.36604687117436074, 0.11136369651516548, 0.19370913747047136, -0.1554858774743447, 0.48286729918941096, 0.15211927231083705, 0.24059963913863686, -0.4709291624256932, -0.7002459100043237, -0.6489768399666338, 0.4589720370388977, 0.057791410584104405, 0.012273971247741502, -0.06700462624385879, -0.15700806942039774, -0.6690188953787133, 0.15399204001799904, 0.6459572467047175, -0.16609331455508447, -0.3504473374449418, -0.4777230621437943, 0.6375441858514027, -0.36217149438910323, -0.2684156378035115, 0.06514542801811897, 0.11922170220281758, -0.8620463785906733, -0.310503582485305, 0.3265487244965413, -1.2224426982036716, -0.4699736772775413, -0.2457396152771234, 0.1281152191647555, 0.17003308208525147, -0.13845352739561215, -0.08311219565211572, -0.8048784967118858, -0.2174710240194729, 0.34040553157197284, -0.27296985274571417, 0.11402541911599812, -0.5089047051694369, -0.13023805490482926, 0.672887155058216, 0.48115364887753576, 0.7000118285775891, -0.32669025841013044, -0.2365879944694926, 0.3942852854349222, 0.09017878434192775, 0.026346699186256733, 0.011437147634016154, 0.32230348079754517, -0.7788451567942074, -0.4225890858371815, 0.013026681022089577, 0.7338899591222591, -0.2818157998284362, 0.38343828183784906, -0.044719466629406505, -0.3977392794723921, -0.45600845070921836, -0.08883348464813798, -0.22359143107099264, -0.2611275379438723, -0.3618804231104131, -0.6501725036521322, -0.42562124313816163, -0.19811084974919635, 0.17011438953623795, -0.1757005608787065, -0.03376771494948848, 0.21471304519212023, -0.6002613921503483, 0.1295418189326109, 0.23770499344854978, -0.03655910037334476, 0.7377253622093081, -0.24141212251282324, 0.3992721030032358, 0.06229363657893521, -0.33193523024280513, -0.6121741528203524, -0.4483553893701279, -0.1585593747183058, -0.2470451550521774, 0.6618126189807931, 0.04223295863373713, 0.10380973637539259, -0.21482998874111686, -0.2062190162674153, -0.21387489653990222, -0.39212361631949344, -0.034959205169522375, -0.43979336591442575, 0.21364820227305575, -0.14355519548994666, 0.22696446595433165, 0.24243369127883235, 0.1889299128859697, 0.34962324251028426, 0.2939198428903414, -0.5727549391371503, -0.12185407618107832, -0.3865286203858671, -0.15438315516400483, 0.14944879204051337, 0.5131910932725063, -0.7122366829795188, 0.18907052214446948, -0.24717385090111524, 0.07912990443112855, 0.20247924422195432, -0.6672532601580019, -0.07102974106188811, -0.44673549286688047, -0.45675654822680817]
775.8202236614687	(8, 12, 2)	[-0.07697193987006869, 0.7494857130083851, 0.2944206827140142, 0.9544566657438208, -0.045091846041764846, 0.35910782096839317, -0.24027256087740637, 0.32940168810889997, 0.1701386918795466, 0.2810373586286492, -0.3710639169770997, -0.6370550861595734, -0.5593821309923548, 0.5514151216685486, 0.1465353106935675, 0.05841582201014787, -0.08360607612219415, -0.14620153899706545, -0.9131878960528614, 0.19396400093396504, 0.7347699896502786, -0.1403147403739245, -0.3920806954026397, -0.17201367376918358, 0.6702311587753487, -0.3709191746792564, -0.34671794562395686, -0.05299653013513082, 0.24910347152271078, -0.8771622851360598, -0.07048845225899344, 0.3428195489718244, -1.3994201094108814, -0.015011699122346789, -0.05508211569650594, 0.12117922959218712, 0.2019800734275843, -0.032313655309532036, -0.01928164933459944, -0.8875415230352746, -0.23299712938816375, 0.26897726572995057, -0.27178805590760563, 0.17222606020472603, -0.4857218224802633, -0.06923057416242859, 0.7982973643753796, 0.6764331274502365, 0.6548913462521114, -0.36062976250672696, -0.18947557818923924, 0.4727357416797656, -0.02738955430068691, 0.3775583581282261, 0.1764920915909422, 0.4670615313514176, -0.8486115538174437, -0.41020236383594494, -0.1801156124623641, 0.6830057301974511, -0.3120508998375411, 0.4770219448837804, 0.08754296345899998, -0.40853042101965525, -0.3812141074693355, -0.018735560838588954, -0.13132120230243982, -0.06564371847625128, -0.34880570555793555, -0.5266368380726805, -0.40043707365734627, -0.08740861079812898, 0.12336869139124869, -0.16609720036637957, 1.2544300750930357, 0.3596337974500674, -0.2782703879373683, 0.12626168520369258, 0.27824232696282936, -0.0012134805926903303, 1.0895448915735966, -0.19615371087520564, 0.3480090093325782, 0.0031744400715294704, 0.16927413271592334, -0.5392293309109863, -0.4415122929233593, -0.23948772438788232, -0.14520746745816016, 0.6394593096127479, -0.06673863588546544, -0.3680433779311453, -0.10270322047417385, 0.10842441130824533, -0.24489907170069486, -0.28397315189231076, -0.05355536682885464, -0.38974108589819323, 0.26788167399280316, -0.23030481493321012, 0.27129179607537757, 0.18499954504506574, 0.20327655200343325, 0.3236811391534077, 0.23142338938561077, 0.054388774936998285, -0.18117140811561683, -0.37807138091118403, -0.04853290382825312, 0.22722859655540328, 0.36077899865836927, -0.587650232740181, 0.1221874290177479, -0.3103677364737445, 0.08014538473491609, 0.19549466355725906, -0.5325210943995171, -0.14939018117911093, -0.4482894512025719, -0.5117141609890484]
239.20672391972298	(8, 12, 2)	[-0.1559290777294669, 0.7274570994313881, 0.42305226899069265, 0.6650298529205432, -0.0425331484046466, 0.3657408217414677, -0.17053921463953214, 0.3596054970701132, 0.17298216029140612, 0.33974448144694563, -0.4569462049344138, -0.7113113066046541, -0.5179681709083404, 0.545935590724052, 0.1199698092917531, -0.11897682819867114, -0.07334494729076166, -0.15366703664819462, -0.9361502587112756, 0.2433429135054957, 0.7504384249700652, -0.11045818925185205, -0.3729604949334234, -0.41459084141790636, 0.7016222929820661, -0.37120715031433793, -0.3295775727063418, -0.02902458944701699, 0.23366533167206738, -0.8756400895834433, -0.2142045229447746, 0.37747734375148223, -1.2518951627591806, -0.3536961509258303, -0.13778817106573116, 0.0904788574176551, 0.18645288550697542, -0.013798496458941836, -0.02114430399422423, -0.8909877818220806, -0.23293706822059337, 0.1664342638822382, -0.26716837241644836, 0.16380636172443577, -0.4810031024015093, -0.13090750445985205, 0.7985381169075467, 0.668956459582588, 0.6672004367602711, -0.36504264161536293, -0.18430188496810845, 0.4677667234353935, -0.03535789990227749, 0.18938923219835138, 0.0645819190455438, 0.3146852995962177, -0.8357770232314111, -0.4120048746614427, -0.29602560240245046, 0.5716112338720925, -0.2883720439870462, 0.4759032327151968, 0.04323755603876683, -0.39478052734893593, -0.3740241190205411, -0.024217110922311297, -0.17202101408163734, -0.10576229976686798, -0.3521897741903461, -0.5273785396643071, -0.40116714971091805, -0.1265472578010175, 0.18940764659621018, -0.17634134725251083, 0.8058154772600248, 0.3018606625061053, -0.24776243701253842, 0.12888398515079263, 0.2773068971152191, -0.08877605403122253, 1.0636735611242134, -0.1955573130613426, 0.3540313272501366, 0.016027516422568763, 0.012850101526277857, -0.6020537772862936, -0.4400169709380952, -0.17367548874217226, -0.04195670497337664, 0.6453336357371965, -0.06928179684971573, -0.34405808770867297, -0.2459585388090821, 0.10199359787707019, -0.2569799810916692, -0.28547718865557, -0.052535581177169985, -0.39318938274959725, 0.25861902615839566, -0.1858301346304853, 0.23863189346336472, 0.1854580718030848, 0.25217780487999975, 0.45574187873749084, 0.20040537600344868, -0.017609112815453232, -0.18568181721877036, -0.3787670719819819, -0.05558033250753412, 0.1956263679444841, 0.3584967060134866, -0.5829321714066457, 0.16443549821181347, -0.25962394705096536, 0.07798999959566492, 0.18921236210567674, -0.5404067032005455, -0.17389435856263816, -0.4546724138392676, -0.48770363690990876]
318.66643130446505	(8, 12, 2)	[-0.2594070765405814, 0.7379633467350005, 0.39069327409110477, 0.838066704728988, -0.02149022126709313, 0.35838973792573503, -0.2467553628683346, 0.40546465981406365, 0.11576854586661948, 0.375524250943178, -0.8115274228988704, -0.5011260960130882, -0.5293093395452152, 0.5235198825982814, 0.23084569455857074, -0.013571214888068728, -0.10989398620857906, -0.15629849553972033, -0.7200061659476923, 0.22674805028944478, 0.6932983909327811, -0.13704617122793628, -0.35507688144154903, -0.5095563653742201, 0.6671118285229929, -0.30318243452258975, -0.29911573761195226, 0.01473295978539961, 0.26472589955111614, -0.8481965155869382, -0.48443938292243793, 0.4069138173205932, -1.2436923511455111, -0.6491885663634889, -0.1942229693926062, 0.11526744670602734, 0.1783198310556898, -0.0011817365960907211, 0.08644376521177234, -0.7340760931896096, -0.21062969528858597, 0.2515846342688704, -0.2776706400440858, 0.12847751201047652, -0.5291269007967057, -0.12125941738735932, 0.5924416857233591, 0.6023635168211265, 0.5833248227526568, -0.322869998476718, -0.19358948686002575, 0.4729411603977827, 0.006530892252509173, 0.15002945149722385, -0.22742843559966205, 0.4592059575908733, -0.782243658481825, -0.4278607210914516, -0.08069573579070637, 0.8156208040785222, -0.29555747814686134, 0.5704238909863472, 0.018699752067123838, -0.4002097167439974, -0.47263236240753265, -0.035092314452065454, -0.16423476230357142, -0.10582889825445291, -0.3441836134897389, -0.6753389421067106, -0.3949139017255352, -0.04860205598168646, 0.22214440383408124, -0.15342165900145624, 0.9786130477056558, 0.4543934235684294, -0.6723706231563356, 0.12618230212761483, 0.27895727633472667, -0.021075747140526072, 0.8948382736124405, -0.1712971734516774, 0.37239982463155175, 0.008594946848238506, 0.15644846274165033, -0.52274568119381, -0.4497488803847351, -0.33477978134795494, -0.3531009123256026, 0.6223355792683232, -0.0531305266395293, -0.39907369270870224, -0.18204546988606532, 0.009158409994052624, -0.24729749336811221, -0.2914763611295299, -0.0014267600609832246, -0.40116252092285865, 0.19362117865815842, -0.4185608787688007, 0.26180133865007776, 0.17112588921393387, 0.19292380758897482, 0.3161028122529948, 0.31618854230353743, 0.13488330126136178, -0.1512544416691927, -0.3982417102917745, -0.11488839322819656, 0.2265110906024448, 0.4316257872546529, -0.6090179882065633, 0.2041932876578976, -0.2947536398761249, 0.08556462554115456, 0.2014910055361729, -0.5595113089898498, -0.24201950623482976, -0.4732126208283984, -0.46091897903757234]
683.0605682503847	(8, 12, 2)	[-0.19871209279500585, 0.7506602676378896, 0.4778053470256126, 0.8286268513883981, -0.06016437555902377, 0.2846797986024634, -0.226392998059291, 0.3386559776805061, 0.18792461605210858, 0.3323144725582051, -0.43368469354595257, -0.7202383458179417, -0.5419387625857399, 0.5470129487751566, 0.013166329029641322, 0.010507752025466915, -0.07103403600626274, -0.1534386302106133, -0.8767114170191298, 0.18241833353466302, 0.7536359748489473, -0.1419956414094529, -0.3860425572070078, -0.4662018939010805, 0.6731351327822531, -0.38485183478944623, -0.331885787479596, 0.0722643363004028, 0.14214484183061293, -0.9249660000033751, -0.15422179881272535, 0.3572175604510669, -1.0247262613309716, -0.10883071345971493, -0.22153493468296998, 0.09389632706261157, 0.1802136242291435, -0.11292953603141681, 0.11364791404857448, -0.8765192498654394, -0.21927618970802362, 0.6666345370934479, -0.2828210534366723, 0.1615007224882651, -0.5258298812232317, -0.14297818964039916, 0.7593850618174909, 0.6014338050862578, 0.6552613193988428, -0.35406719598649106, -0.20170251290645203, 0.4400871339243716, -0.03326894815182823, 0.06326263128408142, 0.0049800590960605694, 0.4378513070628384, -0.8172661062967155, -0.46185594367093097, -0.16930426071274096, 0.646351068294665, -0.3071197953775413, 0.5731752154212753, 0.11306787256950177, -0.40946619585959304, -0.40887272796026897, -0.03950268555946893, -0.1926867560643889, -0.07738267201020059, -0.36537830304665025, -0.5462132646624946, -0.4041093551471332, -0.1399062967057701, 0.1906608808826798, -0.16558908278376874, 0.5500363642039421, 0.3069775225605305, -0.3809549380301574, 0.15298380006286394, 0.2769796877730769, -0.053814364583705365, 0.9598581975309559, -0.18839046213789434, 0.38361189758930647, 0.04034579644656824, 0.15760229820518107, -0.6103458456364385, -0.44210168608133515, -0.18961184543536858, -0.07730651271038451, 0.6429387784434525, -0.07194661899627393, -0.33881143383568385, -0.22281015452273656, -0.053425247876422596, -0.2496993809253918, -0.3001800066309559, -0.053468448909603505, -0.39583907957766246, 0.25354496808659965, -0.13699499852071417, 0.2670335131976233, 0.2075076496752458, 0.16524192655666256, 0.35233041622795735, 0.2624529678474373, 0.21795732526252842, -0.2643369188999689, -0.3735173841229171, -0.0708059483449626, 0.2107961972599291, 0.3524374127920288, -0.6805335538611585, 0.1477500445595795, -0.3289927662199066, 0.07566820084172474, 0.1771738387069728, -0.4731435353299983, -0.2219843562199212, -0.4504400453644658, -0.5120566437576868]
748.3087313429588	(8, 12, 2)	[0.1288764191255854, 0.7348410649607645, 0.45979546324698195, 0.7043788534919508, -0.05016296534801595, 0.27188094144495095, -0.22560634341125912, 0.488263145895652, 0.18787677610285267, 0.29630101546134424, -0.45695388573915624, -0.7010168377096171, -0.5408395061066843, 0.544091148514373, 0.06325911488469782, -0.14964272714484322, -0.07098918357101941, -0.15025639755304232, -0.7865503043697144, 0.18798187299598368, 0.4406740826955187, -0.14067685759222567, -0.38449284335053785, -0.47581694199915875, 0.7083501215310892, -0.3659399728172341, -0.32381515084414275, 0.05374083743971334, 0.14994808355003036, -0.9045395128392334, -0.21560480665587076, 0.3515255524301376, -1.0172512527164355, -0.11790367484345485, -0.23905382454122498, 0.09738046128359232, 0.1660951705701979, -0.04409506133542637, 0.09772210148643226, -0.7807850164832273, -0.20749865116506963, 0.4740467542727522, -0.28345829870507855, 0.16127433982454686, -0.5261113820509389, -0.1800750140845007, 0.7580127551574738, 0.6178196286307442, 0.6744393219722521, -0.3238530008766175, -0.21523475191831618, 0.44249071355862873, -0.017089950758854396, 0.026308978943647754, -0.0015255967351805932, 0.4471499942208387, -0.8202188320336284, -0.40558928925581006, -0.21121779470705318, 0.6512578446699359, -0.285794973404382, 0.5755434278418292, 0.009603553347361, -0.42287832266059683, -0.39666466494859953, -0.10616231768381541, -0.19116704484965533, -0.16973707549585948, -0.36519935585019875, -0.5446954899570093, -0.4101494159640944, -0.14121548939459422, 0.19969928050021846, -0.17537676829641402, 0.4013540985712353, 0.31017505287843644, -0.5094672082202707, 0.15055457289974014, 0.2713933238651789, -0.04903180873134296, 0.9535165406079278, -0.1794514137098027, 0.38340947431702693, 0.04158342733178488, 0.01405610513543841, -0.6225539695857958, -0.42913854181631655, -0.17528440305186724, -0.14958595841505776, 0.6448050814052362, -0.04193779914897538, -0.36084388303178433, -0.2003617521247634, -0.01517895090160723, -0.2360937107135438, -0.351325239994089, -0.019015868424617312, -0.39200300461681686, 0.22333058953813095, -0.15796859832441815, 0.23614832102018382, 0.18048442636670867, 0.17308095668024545, 0.42166491894915625, 0.2112787241045182, 0.13547716569355261, -0.2783620295527326, -0.38161546859189305, -0.07108973901043242, 0.20979181525731663, 0.4549427084542922, -0.6072961236889822, 0.1266077220872345, -0.3200100693666969, 0.08301968456914087, 0.19095125848716143, -0.6692744826352226, -0.20023895150664572, -0.4544044005949311, -0.5074065386194193]
709.8575580343545	(8, 12, 2)	[-0.40127677410276436, 0.7509383158177253, 0.4336792893408219, 0.7597883456811271, -0.05891254428115033, 0.3306075123597565, -0.20007002701939297, 0.4252429119755426, 0.19629262317564036, 0.35182517613375164, -0.4466244886515663, -0.7439805426681232, -0.5048616968968459, 0.494901702498882, 0.10255629025613598, -0.05126988353093165, -0.07401098095370391, -0.1328112201484664, -0.7848448380062323, 0.17014422985774055, 0.6462471283183036, -0.17289234440547763, -0.3678647531969372, -0.3261341446723648, 0.6712433706187337, -0.2928999071998062, -0.30926552533233553, -0.021376259533751177, 0.2439085862099612, -0.933003549628255, -0.2298515080901204, 0.35927982008922354, -0.9943004446056658, -0.489478376067213, -0.22115945773980827, 0.4199509130810965, 0.2013295527330386, -0.017203224744548135, 0.07614590968560325, -0.7842267028876475, -0.22837177077450355, 0.4418533396745369, -0.2717656259775375, 0.1994660839160165, -0.5197785425446356, -0.12550149379686656, 0.7312990872904136, 0.5831051400740999, 0.6714571824540079, -0.3368244634906617, -0.3303568585166464, 0.4715204981868987, 0.031223658222530676, 0.15384342029312267, 0.07286126484466027, 0.30308765051919057, -0.7769388054987807, -0.4079657655472331, -0.06568300348720428, 0.5980430941915759, -0.303421925381409, 0.493869196352136, 0.02454377574045652, -0.4118454860396621, -0.44660847364919914, -0.06813069164242883, -0.07018257781393825, -0.10405612723443361, -0.3588628053708065, -0.6304194925378307, -0.4006146313627986, -0.2629121080820298, 0.2328314857030811, -0.1629837310741468, 0.7371556453970561, 0.1719931378893873, -0.260446920894777, 0.13103319858461251, 0.29753175987052954, -0.06374082975500699, 0.7937462374084797, -0.1874853240833894, 0.3778844677058392, 0.03819725435991454, 0.057290865818432624, -0.5633983624028648, -0.45336884968769053, -0.3099690300386928, -0.1902049639645647, 0.6622146646842659, -0.06287278665343705, -0.2906953593246928, -0.22760481718616615, -0.04289159563442084, -0.23157379574799788, -0.3228826199138657, -0.13892211781514477, -0.4089101125775884, 0.22755571060927138, -0.2563173469735174, 0.23927806654360004, 0.24156059533199312, 0.1543243853539333, 0.3329757496366709, 0.23259027722703562, 0.09887495105639783, -0.13081458654718428, -0.3817701409002316, -0.0808959985502692, 0.2105850151721046, 0.4193407684169065, -0.6522634661814837, 0.12078707565389979, -0.31453955823116475, 0.07182969152105402, 0.16161090765475802, -0.5669564419200821, -0.2956909610303519, -0.4753629081481097, -0.4787554194482808]
550.9193843759626	(8, 12, 2)	[0.10742997528418338, 0.7048378035484083, 0.4964937587591449, 0.7513428955872927, -0.05096207413611646, 0.2766099535577835, -0.22827056606185, 0.48659849943438693, 0.18151016152182584, 0.34600239888782874, -0.4382949742621714, -0.6880227459438824, -0.5278705984993725, 0.5400460084843417, 0.03996117630061814, -0.17261195992243333, -0.07115687236891935, -0.15361977967008827, -0.8110025523590829, 0.1871227284912919, 0.6915311633933281, -0.13762653944979272, -0.38684524026954903, -0.4385902009291077, 0.714061431500072, -0.35789449161733633, -0.3301487310314093, 0.04614328140596416, 0.15244298612552315, -0.9207396837993781, -0.2014731998027421, 0.3481870020805548, -0.9840511999043726, -0.11221953290460698, -0.22785139745822455, 0.10908614217238571, 0.17184924863783899, -0.03448292420390149, 0.09851803495908448, -0.8063144267887516, -0.21972908933224541, 0.5311449065755848, -0.2831654611089096, 0.1423946717128876, -0.5262862151560481, -0.1704933474464859, 0.7586963330790782, 0.5638015428287603, 0.5979290067458328, -0.33046724171057573, -0.20118692030005136, 0.44179404247955834, -0.0516892492171531, 0.027148705348587692, -0.003291381749836002, 0.44965494817156215, -0.8085122883623801, -0.39994428586023106, -0.18153725707131324, 0.6467074652836655, -0.2811501675721199, 0.5740603671527217, -0.031727735452712146, -0.42272460877975726, -0.40621785933713794, -0.061778626097005115, -0.19337043084080122, -0.11475156789678734, -0.3654737671869248, -0.5485210697303285, -0.4069322086401332, -0.1563197135309217, 0.20130279692048583, -0.16662704789203997, 0.5534848410691422, 0.2830152944274735, -0.42358799622458554, 0.15735147983629963, 0.2722582890712444, -0.05130840581826667, 0.9437040834593287, -0.18732764337716434, 0.3816026810159499, 0.031222724066461, 0.024338707894456094, -0.6270174206501204, -0.4362986876988638, -0.2243245869134593, -0.20117224266080358, 0.6441075066524764, -0.06773522840239894, -0.4074572029461187, -0.20143443152590246, -0.02817720005316055, -0.2443381497270499, -0.3415986792224005, -0.022767039776185848, -0.3938374323946524, 0.22905140247003813, -0.2095660244886769, -0.1250917845313916, 0.17745927813793771, 0.30929149279701845, 0.3219266126696415, 0.23025196819809046, -0.0022831591808196473, -0.10190103863906327, -0.37687084459112824, -0.08822849311540273, 0.19886744991567032, 0.45473226859076576, -0.6308526658055497, 0.18582614337812603, -0.3079559442282676, 0.08172098323206461, 0.19628615605961738, -0.55860868204497, -0.22562719908605824, -0.4175939693260885, -0.5074030056811394]
288.4319225766512	(8, 12, 2)	[-0.04168562608390632, 0.7087799231860826, 0.42762845800041227, 0.8463846511030186, -0.0535551954260497, 0.36825948512567497, -0.23616760740516518, 0.3983275484976748, 0.15143870756043104, 0.3439263087647006, -0.4371357145580913, -0.697130677120491, -0.5214147091144535, 0.4862028805711329, 0.05364978756867922, -0.17192922456845627, -0.06299322042805675, -0.15012308970823143, -0.9103666924403298, 0.2049901254641538, 0.693271049505504, -0.1543900090660846, -0.3853159231966898, -0.39239602164375564, 0.6679538227571998, -0.3618327522594215, -0.34951695477880895, -0.006432632399393873, 0.16458687719272633, -0.9238863755282718, -0.20547806628307547, 0.3479924686864703, -0.8431217170188385, -0.10398678376963, -0.20438119527724663, 0.10662592585233784, 0.19051813705779444, -0.029561911375609103, 0.09444892937352706, -0.8155813063730122, -0.18480944903438856, 0.2867021926238353, -0.2815885497763049, 0.14307044273739808, -0.557748300516162, -0.17029246201762624, 0.7670888443619148, 0.557774819684706, 0.5790730860456846, -0.32760200357324415, -0.20006681776857868, 0.44443923306442507, -0.0688655673301064, 0.04248778124316856, -0.0012578805422924682, 0.41561892242092746, -0.7083684142779916, -0.43601892484016963, -0.3236449584629624, 0.6905086741114237, -0.2852466561187022, 0.45046962564799115, 0.02693548306120981, -0.40401377103593494, -0.38648476763571543, -0.05666132349858946, -0.17718663050439293, -0.11035259921562676, -0.37049653694006124, -0.5487030940283834, -0.3896628752927599, -0.13508057175987503, 0.3314051183253059, -0.161993550309426, 0.29659470118567804, 0.30480954182212694, -0.4197472430407322, 0.16147040862981119, 0.27901989636034946, -0.06344368854288375, 0.9248409181279391, -0.19199311388011492, 0.3804330064646458, 0.02703239365947769, 0.04628713539566642, -0.5903031195056069, -0.42999332036835064, -0.22305914430020896, -0.48350930959388516, 0.6454261823662678, -0.06875007444219049, -0.35603070049894436, -0.2080038345020955, 0.005050792033909922, -0.23860480883512844, -0.30590994138182775, -0.03003970434516872, -0.3942975575861855, 0.20248285956469028, -0.20485199545917207, 0.22731952295222627, 0.15551231320489406, 0.268061299467269, 0.34749981565164356, 0.23005077324811266, 0.012399197803806881, -0.5269582364316281, -0.39221699805472693, -0.07277468148932377, 0.19629613270564045, 0.4572080786263311, -0.6287670291688036, 0.13951674071820927, -0.4022036314941111, 0.08045121169544887, 0.1754587142850201, -0.5132314778173506, -0.21303820683950755, -0.4769666170707723, -0.5013293095226232]
996.5511818569859	(8, 12, 2)	[-0.6745181641093494, 0.7544139472409324, 0.44600710036092617, 0.7757730895041205, -0.06100403641146408, 0.32737310400580294, -0.23082857793178496, 0.2920993097342464, 0.16344560271629538, 0.33144339854902816, -0.5297929405675588, -0.6909271814336677, -0.5034910971056582, 0.5019070877725882, 0.06577142711746342, -0.13422210162411397, -0.05821757869200128, -0.13728385003128613, -0.7917615454756658, 0.23544224833689495, 0.6618981869761126, -0.1368731225710352, -0.3722978131829783, -0.40089943962770025, 0.6799611241565579, -0.3714386241665313, -0.31985501806042527, -0.042676081989894143, 0.18259674285039482, -0.9038855613414284, -0.03182191617043306, 0.3524951421263751, -0.7770490017477709, -0.3752009470560368, -0.22345288429372986, 0.12993772222533653, 0.19984245108385404, -0.021760030759079493, 0.0504918564417266, -0.7764703745819035, -0.21482270062967024, 0.4269333430601742, -0.27051945100145136, 0.1586462152149188, -0.4753615693938565, -0.14336347780039538, 0.7874823812422118, 0.583394304795087, 0.6864035176033857, -0.35036813341283785, -0.004210217291354781, 0.4536120369945001, 0.07795185721108477, 0.06777572367873333, 0.03800489391262895, 0.32474139689231785, -0.8083447613463788, -0.47464464703851417, -0.1191167947763159, 0.6492503229256779, -0.28623449164556986, 0.5944012826772871, 0.06750776182888674, -0.4117455961334548, -0.4032322973148171, -0.07022197653877356, -0.21726573141975306, -0.15082186372554107, -0.35948076867587986, -0.5674993944402598, -0.40077082089213545, -0.278567754844693, 0.2570303440339161, -0.1659298442091386, -0.5359442738615285, 0.13061240254237086, -0.39113525512082165, 0.13094819517057577, 0.29123060888229463, -0.06343957499156411, 0.9058763777998378, -0.18458400871281583, 0.38632974968745104, 0.020356515701849646, 0.04999845981470788, -0.5953439394184697, -0.4851643188261536, -0.24516264328582119, -0.26602506283037186, 0.6448763159251781, 0.26274192653896494, -0.35574174679267623, -0.17840860258783958, 0.05870808716333691, -0.23200177934044064, -0.32806315798583824, -0.12334329371710048, -0.39893090205034504, 0.20273056600840098, -0.11187079676679587, 0.24995630613740066, 0.18463545586214944, 0.17297333529786307, 0.38338141941775417, 0.303992023766987, 0.021894842422033572, -0.1226144851247933, -0.39462627932381283, -0.07977529029685011, 0.2103218715800934, 0.4378411402187688, -0.6083607988666406, 0.12891143343887804, -0.3292071916919462, 0.07436673654301566, 0.1818057085923306, -0.5789153499774139, -0.24195392499517895, -0.48120690876579125, -0.5074101447087978]
1047.3668031035286	(8, 12, 2)	[-0.006220657021863127, 0.7226741526678581, 0.4567852272528853, 0.6286068508933177, -0.045793299202139245, 0.3182651286631737, -0.15237998966936003, 0.4366777208863973, 0.11853249136326831, 0.3027881540847999, -0.4946333812810328, -0.6260537683047643, -0.5314142206427338, 0.5082482404963189, 0.15140437410727636, -0.10071353560735886, -0.06961542120364363, -0.15455313154843647, -0.7800927988795575, 0.19769818358801775, 0.6770472715515712, -0.1163711305399941, -0.41121383854667276, -0.40053669087449856, 0.6656350028662557, -0.3198288700865488, -0.3303728880989557, -0.05750661177887323, 0.15789862890323414, -0.8901569009863902, -0.28256828913470367, 0.3550892388013715, -0.6368940188939537, -0.27581963798840237, -0.18176570885368126, 0.3697681357072884, 0.17870741470461357, 0.006361368722398896, 0.09212047133685246, -0.86695112456883, -0.2233299217964707, 0.2776658201380563, -0.28430976855277423, 0.17913850136740203, -0.5218417605430573, -0.17068842151501684, 0.6040424277481042, 0.583224667285021, 0.7701327343268323, -0.33695323098056784, -0.1863670124714504, 0.4474377540489598, -0.05585803356920742, 0.16629237401320024, -0.006741930883296294, 0.4281241018372243, -0.8184821587959639, -0.430318355741494, -0.06818833916277725, 0.6844030084944525, -0.2840808118906545, 0.6450771565402984, 0.05114063622722706, -0.4087523907765633, -0.40922232489755767, -0.04777495607090792, -0.21502646421240687, -0.09452133156565815, -0.34029320729462953, -0.597432935292039, -0.39509269633260696, -0.0036032760496284844, 0.2681203920840761, -0.1567811270786374, 0.3213233965716368, 0.25482441165130254, -0.5156899892314596, 0.15172231737686206, 0.28452173663313374, -0.0807169766358671, 0.8133279892837989, -0.19538214431423334, 0.3661891338541721, 0.039532046683378244, 0.1348362064660595, -0.5865175986037839, -0.4374044618017282, -0.3366443683426467, -0.17856201989236464, 0.6602874229718296, -0.035676793611682314, -0.3533370955011653, -0.2028886784183768, 0.07748347427293723, -0.1899344110330512, -0.30621065334974407, -0.08272884584006815, -0.39889399600133635, 0.18268406949169905, -0.2696863615689773, 0.12067249146748366, 0.17788207928215316, 0.2460794690880748, 0.3463418368360451, 0.260553157846231, 0.26371092022507325, -0.1756134419005358, -0.4306806010923033, -0.07632874603498384, 0.20462804392690861, 0.46996155012804913, -0.6346631232590729, 0.13655190735062342, -0.31689571725360977, 0.08021171427136434, 0.1783683319629526, -0.5706432957998437, -0.2049097045656807, -0.46589217775233843, -0.4912631387177067]
1207.6970492149094	(8, 12, 2)	[-0.5306840674358151, 0.7549348183537535, 0.4495358217671233, 0.7763248115710494, -0.06186167033644662, 0.32671452322873984, -0.23220445833450654, 0.4155841259226555, 0.15838998365107945, 0.3327800028599512, -0.48826900859754496, -0.6936227490639488, -0.502461358401577, 0.5045259232735076, 0.07592441277424984, -0.16485030911017515, -0.05913667190813116, -0.15071728769745896, -0.8103931143356374, 0.23283473821184153, 0.6670458071973702, -0.13883890706993893, -0.3836392415644175, -0.4010227442727185, 0.6784058008004543, -0.2539881935633174, -0.31948362604796865, -0.03656843355516907, 0.1710560609375436, -0.92035980535677, -0.21918822838037125, 0.35342883338731573, -0.8838330922507297, -0.2648957492379494, -0.21085108903923777, 0.11062603942530135, 0.19868750938559548, -0.019793098518123244, 0.0677748131641816, -0.7835785816682651, -0.20493688105475472, 0.35228544703910686, -0.2834421461292628, 0.15198498438595737, -0.49303836722020056, -0.1659775683322452, 0.7858451913009594, 0.5608766594753049, 0.678296401927417, -0.3447164113277807, -0.2622166405957199, 0.4462365146115124, 0.09960596944830558, 0.0747173608948906, 0.0003956053137100686, 0.3783555043155498, -0.7591113013669555, -0.4235265924645012, -0.11265093696651926, 0.6475496913606936, -0.2855788989846111, 0.5178324980412613, 0.05856069403859279, -0.41010349004923763, -0.45719589237191505, -0.05709961645947734, -0.19935375807024275, -0.14594245506570294, -0.35921772435468996, -0.5610580731565535, -0.3865897874409889, -0.19992067312295211, 0.2532291100015479, -0.16639764063564327, -0.7506767894700823, 0.3087387956882681, -0.3850474969344372, 0.14160450405828492, 0.28470425269275684, -0.08324494180645291, 0.8601187251587863, -0.18989396592079572, 0.37746328326493095, 0.03283260258736777, 0.04115332189335526, -0.5941969710664602, -0.48373456743014404, -0.24148815837186416, -0.2911921774405324, 0.6447047811208649, 0.00037949080553223435, -0.36086687963718916, -0.17554317027669986, -0.009644048491807177, -0.24031963967830214, -0.32925309047334583, -0.11342385575520694, -0.39858307146093575, 0.23521852811746163, -0.18842068035714885, 0.24351119132223717, 0.16528804599190575, 0.2507888987509995, 0.38797411609142773, 0.2290164621058487, 0.019370048656262687, -0.2109693516152515, -0.38768092486129296, -0.08192097462367474, 0.20436322548596733, 0.43504248639031395, -0.6296135634722645, 0.18796760590520045, -0.32313289980413795, 0.07443453807437725, 0.1851439573394222, -0.5661166181518974, -0.23787247952088017, -0.5000381961614979, -0.47250625091734444]
782.4275179250469	(8, 12, 2)	[-0.3852193644712669, 0.7394942947796006, 0.44710951701811963, 0.7633757658945582, -0.02418892703944086, 0.31678134047272066, -0.15945150646713033, 0.39207168378106044, 0.1462488100130141, 0.2798183018550911, -0.5274070691359866, -0.6215790903829603, -0.5143167630429986, 0.47301602624680056, 0.06080317506667714, -0.10935483124602516, -0.08086351203022259, -0.1624562298662822, -0.7726700194451838, 0.21575098245479193, 0.6732707202618062, -0.15976562072576495, -0.37518466516804255, -0.35687984806274203, 0.676598365973856, -0.3957284563864425, -0.32810939677649065, -0.059753150717359566, 0.16087922719526937, -0.8976302663715605, -0.08053200015698388, 0.348993117224257, -0.7374003307145902, -0.26969494917877046, -0.2051699772166908, 0.2770943505564559, 0.1928483735162723, -0.010799362574641314, 0.07512581692660099, -0.7912568212148747, -0.213360018096338, 0.39317965290070317, -0.2703716314079914, 0.16021213987672864, -0.49580977421491734, -0.14125573285452675, 0.661682999725776, 0.5997205085128272, 0.7825050060537886, -0.32342922702289106, -0.16855078482923846, 0.4282796110809837, -0.06206136986791101, 0.13716783251497303, -0.014907874049714158, 0.3593049573199133, -0.7000120401066734, -0.4352578710274997, -0.09649305939330391, 0.6454689791086157, -0.2846749664547163, 0.5388049940640343, 0.080651103916749, -0.40728205861940864, -0.39738842359035864, -0.055430978518107465, -0.2000405239106969, -0.11573485055516897, -0.3621693748747201, -0.5956791422954015, -0.39720752875725024, -0.1835454218923269, 0.26161755712335255, -0.15452840761999884, -0.09949102380547847, 0.19248540137413325, -0.3888065081661407, 0.12546341821589788, 0.2755040260800865, -0.05181727524980944, 0.8690617607513731, -0.19241287555983805, 0.3819526255392492, 0.024580999308997195, 0.08749626308420236, -0.5855414027658582, -0.4914527138839386, -0.33856144370771085, -0.3600924742187327, 0.663564794527511, -0.046504156156500775, -0.3633832961188056, -0.20869072974831226, 0.06179622259930933, -0.1897848756632388, -0.3335421662613997, -0.11835381412360851, -0.3973991044834657, 0.2036424595812354, -0.22028306313296267, 0.23882587382093307, 0.19219694667565435, 0.20616707383277005, 0.3429219286640981, 0.2644780589006451, 0.31794138424521406, -0.11244682889010052, -0.4227943725888301, -0.08390403045690994, 0.1891451936209945, 0.43603655959308135, -0.6301736744829405, 0.1286358530185679, -0.333642661516423, 0.08024050950857385, 0.17848159535583097, -0.5440903201934036, -0.2092628682835927, -0.48134223294032263, -0.5156290835734103]
611.7221994586761	(8, 12, 2)	[-0.3413262945321721, 0.7461431114706472, 0.4402978660104915, 0.6784758275238172, -0.0911590426906069, 0.38129028238489876, -0.22360828161802948, 0.386565261164852, 0.13168454092235865, 0.3073869596804739, -0.45242525961122204, -0.6521693328987572, -0.5079469073595623, 0.5140634750815182, 0.06443300263228577, -0.08702621496129152, -0.06882875366588617, -0.14361098468420044, -0.882275752560164, 0.2281188764479765, 0.6865186349039653, -0.1421395521705385, -0.38307650119308795, -0.39138237465454034, 0.6986833461825912, -0.3533299391260304, -0.318619502598127, -0.06088557363629653, 0.1875504262686525, -0.8972245575474874, -0.19608565963970662, 0.3509677586591626, -0.7425687329880929, -0.25901956694058126, -0.20704447084897085, 0.46251081095288643, 0.19140591209511112, -0.0032632524897780457, 0.04268966155070275, -0.8407650026205102, -0.21787291803100814, 0.2578886651841743, -0.2749903857009308, 0.16284885945358724, -0.544877724331283, -0.1386395867315806, 0.7078950928649527, 0.6062436248474713, 0.7343518956475864, -0.32478182641345665, -0.29009758328628416, 0.4475263390566313, 0.004730561581353529, 0.0750274540327212, 0.01636877464949031, 0.41454934780777725, -0.8076304115228952, -0.42332144492330237, -0.09415220828949855, 0.699713210679922, -0.3181944189420679, 0.5452819109050341, 0.059703420242013985, -0.3959973912646306, -0.41846362671672144, -0.06565566569065462, -0.1493107668509755, -0.268069312659142, -0.289983384398796, -0.5831446864114525, -0.4011652176308663, -0.23176028345785346, 0.24834423975467462, -0.15120666773538183, -0.599197215736244, 0.2379022357617522, -0.4869685683224381, 0.16250315865449932, 0.2955570732108632, -0.059956459983606145, 0.846416179526169, -0.19186023189718857, 0.3678090192605128, 0.01672665776889049, 0.14794259432333035, -0.5607738548165037, -0.43893472107968085, -0.29827128215643983, -0.21936412052468507, 0.6339418806531728, -0.07420987857726885, -0.3226558636892388, -0.2016320276199703, 0.09545465941852499, -0.24139137884487089, -0.30206676921842074, -0.11084715789838051, -0.40063473877949113, 0.2399654391211768, -0.11892239627334578, 0.21328702705117403, 0.17724878915858977, 0.19211691997957006, 0.3611931142464203, 0.21825009176878818, 0.23440878349721725, -0.2288702052953594, -0.41107179733422267, -0.08412231678337832, 0.21193946108566789, 0.45644315439927635, -0.623344778577884, 0.14148167288324623, -0.29833034325503743, 0.0753392517442491, 0.17564881698962512, -0.5471472802643238, -0.23214102414436968, -0.4896525943045035, -0.481675748007223]
621.7687546159764	(8, 12, 2)	[-0.36288118688554655, 0.763332957912457, 0.44016800709614, 0.6467990374701389, -0.07555466249966492, 0.3719043917887363, -0.2213000992299374, 0.38983883696037774, 0.14536074008975547, 0.31218911962899276, -0.4132569584433579, -0.5657512137671566, -0.5081735336626001, 0.5091260524783858, 0.1276898730521328, -0.15406594405771687, -0.07200849041195359, -0.14483596795223178, -0.8620473840603287, 0.1872562014830264, 0.6858552794470794, -0.13129041851389378, -0.3788245464212459, -0.4200129304214764, 0.6809194598518178, -0.2186413795472175, -0.3189053375287159, -0.06648859991085806, 0.18672306431321087, -0.8999878244697176, -0.17930125112878018, 0.3551101218995795, -0.6778209848966952, -0.2606374959831028, -0.19944436119789616, 0.5350399023091157, 0.19092884178363148, -0.002445442709360382, 0.07411302005040113, -0.8372293105250155, -0.21211271167070894, 0.3150570797649749, -0.2800096895648689, 0.16262132041062158, -0.5534740884791256, -0.13595919850938504, 0.70894759274481, 0.5854716905681552, 0.7168181655518924, -0.32611028685046634, -0.21332736070308433, 0.4483924088562946, 0.016626406268121032, 0.07186062419756485, 0.018630117405418846, 0.4214346888715601, -0.8048459137711147, -0.42355713393425054, -0.10048168152453676, 0.7036388480775662, -0.31908491571639813, 0.5509306882649153, 0.062424295708463626, -0.39332804323675247, -0.43535372004591166, -0.06740084139196166, -0.2092741558268855, -0.2509711319730949, -0.3352305109656619, -0.5801781962424439, -0.4011812114540415, -0.22030250486985126, 0.21132480255173108, -0.1530029997914931, -0.6614489658280311, 0.23106882774816404, -0.48086864301754056, 0.16333479061482492, 0.29009023038666804, -0.0645587190357252, 0.8455687257166827, -0.1938114809291912, 0.36983292623821507, 0.021815210355867094, 0.0890566111324918, -0.5676226739149434, -0.45603882427104786, -0.2945255698332588, -0.254362431563889, 0.6333364060092866, 0.06646317679437586, -0.3138979414916668, -0.19603238772172038, 0.12362794122821363, -0.24312953445670654, -0.31411901260789704, -0.12243691116958687, -0.4001668342668212, 0.23946031139859042, -0.11659019164800133, 0.2264854206899944, 0.17755456486060367, 0.18759496544182214, 0.35850579637072433, 0.20416818894451252, 0.18475694547361426, -0.21965118637367942, -0.4013505810836071, -0.08113132760483835, 0.2353295726190337, 0.4396681006293875, -0.6232090692921147, 0.1626078129087568, -0.32441381997862545, 0.07532000253566948, 0.17711326340550215, -0.3032896232477139, -0.22785814493227066, -0.47574918031631763, -0.5034030479253494]
1062.5967804614131	(8, 12, 2)	[-0.3486973209753316, 0.7451788595169052, 0.4437289188301851, 0.7161205001318842, -0.047593659295448565, 0.3414628418630455, -0.22181109214827888, 0.403991896455611, 0.13352208163534998, 0.30590763783629416, -0.5392141958762272, -0.6395173173810118, -0.5077276354487188, 0.5128817038603936, 0.059209372156002506, 0.12196342353501327, -0.07819389388533646, -0.14512549744338288, -0.8483225462780353, 0.2198269318534963, 0.65844860426451, -0.14460507245997592, -0.3791784330124932, -0.4010550443575369, 0.698448069909696, -0.3862170816675889, -0.32267856270062306, -0.05628157628328429, 0.19602750565422508, -0.8982967083663295, -0.1974563068458108, 0.35039719979705564, -0.7932042429466388, -0.3122746813746604, -0.19580053431980837, 0.1311449750795553, 0.19516472987291913, 0.0003822529004727177, 0.045331088023294934, -0.8463038504465931, -0.2176855159979594, 0.28681365756025173, -0.273947331841203, 0.17167973924560018, -0.5158742941430128, -0.14120636728150682, 0.5732338484154661, 0.6021684496342207, 0.7273711490347163, -0.3228889416244575, -0.18612645105707842, 0.4431774942672361, 0.0009287698884315699, 0.052607026424406386, 0.0023275964366549903, 0.4196938807678174, -0.7697170289022186, -0.4059792748531205, -0.09503543196700154, 0.7042845596439832, -0.2166581073342434, 0.5453158316610266, 0.036230542899550924, -0.39707209594780746, -0.4098806814341492, -0.06444084881128241, -0.18759322797147232, -0.08310232633985401, -0.328954065305634, -0.5860336937192645, -0.39952807602855755, -0.1727033282984689, 0.25894254453348503, -0.1560580214505125, 0.19276481381902014, 0.22960407405421585, -0.47601502271994045, 0.15982471147726976, 0.2979462119948923, -0.06769196305856338, 0.8479654204409444, -0.19081501264509268, 0.3781341340694141, 0.02097834656850698, 0.09952380784206434, -0.593709539642951, -0.4585222878630553, -0.3207402611353735, -0.3683094357708658, 0.6022755088291969, -0.07935629086034461, -0.2926080180079106, -0.20569366217435012, 0.10636205956940556, -0.1968060710875356, -0.2848220023289949, -0.11060836461687905, -0.39997756941941265, 0.2364821789753206, -0.1943533711897568, 0.20861626214371076, 0.17743289431188528, 0.22350774487721897, 0.36573877760766665, 0.23931047616929077, 0.23692899005210402, -0.241703577361109, -0.48551161532955883, -0.08154622354412976, 0.2047046961266188, 0.4575545008337435, -0.6266306162497342, 0.13665650496883097, -0.31510118675004484, 0.08077538323011121, 0.17336012537616305, -0.5486345454723018, -0.21466132421802878, -0.4842078306198839, -0.5096410435894454]
812.900977568698	(8, 12, 2)	[-0.2792517942025806, 0.7452090373741855, 0.43643528461651315, 0.746495814541575, -0.048595623330868906, 0.3757727839282634, -0.21462055488391268, 0.3948170849434379, 0.1729593231045863, 0.3188479365523259, -0.43251368234444504, -0.7110095226046432, -0.5171144281417339, 0.5123205704209446, 0.08908924780473962, -0.12057195525769454, -0.06928998988898717, -0.1570068749375843, -0.8653136372528973, 0.18879278334114621, 0.6693600156924348, -0.13457880718694987, -0.3852253916359089, -0.42620382346313157, 0.6419802162858124, -0.5305887662502368, -0.3254065761308545, -0.05962431460302686, 0.16387312537623375, -0.8946984418022044, -0.19269762547063438, 0.33763940767993167, -0.7219956443606427, -0.3615587479400153, -0.18031192482889413, -0.03433424986598184, 0.21833959998392233, -0.027463214538017346, 0.07024672082550923, -0.7904244954172994, -0.21919038198417717, 0.44964469265498436, -0.27453607631948396, 0.17026514765301398, -0.52870901942451, -0.1331329247953566, 0.725710706693831, 0.5948088515226337, 0.7124977721177735, -0.32974325266523496, -0.14195951626024667, 0.45010477683849, -0.008435059861350444, 0.03778835709186283, -0.015323415469141509, 0.4258029791652158, -0.8331779642469418, -0.45305714745256104, -0.10227650279567851, 0.7016360787567807, -0.2911375375289144, 0.527124148754896, 0.04985191458730226, -0.41023929442957335, -0.3979348516837656, -0.06124204768247032, -0.2056400339127999, -0.17785034325286941, -0.34351213185386736, -0.5729522276436141, -0.4108512073973405, -0.2596222238559934, 0.24418620934479696, -0.16077972484163805, -0.7820149148767616, 0.2168135552663981, -0.45997136879694794, 0.1451782081256237, 0.29366218409894507, -0.07034890169171648, 0.8565785126730588, -0.18655893187511463, 0.373217804776944, 0.03584741658744245, 0.09505996552355328, -0.35989301041119154, -0.2904428668621719, -0.2888203709299646, -0.43046413744097345, 0.6412143308617333, 0.019748434343163764, -0.35195122495123954, -0.17858940441660287, -0.061727435152449356, -0.2297158827186631, -0.3185668922689168, -0.12408448155192199, -0.39857161711897954, 0.24253838694551932, -0.09193045310765355, 0.2386147191621398, 0.1757425321935306, 0.20049528622930146, 0.3551078875086935, 0.181673797678714, 0.18374520718640985, -0.22590490759191098, -0.39359174642711564, 0.0989958402674352, 0.22076966794717723, 0.42634381533227517, -0.6378413695280328, 0.1528323655322154, -0.26365265446921426, 0.07387906092939894, 0.17693525238626448, -0.5633673175563624, -0.23079933378513423, -0.47569292165858645, -0.4961734084634087]
595.2382773173106	(8, 12, 2)	[-0.3772908181297326, 0.7567943363260167, 0.45312175797885296, 0.7050025027224721, -0.017011078369548877, 0.3893782208900324, -0.23721140646643002, 0.3978177882605289, 0.14796014313858274, 0.32897779601884813, -0.5083866444003841, -0.6720522065817539, -0.5147048014304381, 0.4866448610645869, 0.10618726441819615, -0.12538773427284033, -0.0867334260575152, -0.14853313988947656, -0.8662042686430339, 0.1719228575715975, 0.6797147740624276, -0.13769643984127514, -0.3968000967250002, -0.3974678199715332, 0.6750541627841367, -0.24735842856768217, -0.31962745000144505, -0.043337093087525674, 0.1760904266772449, -0.8984158077275557, -0.029907377796061257, 0.3454780442109744, -0.8676094811737216, -0.2609140267468671, -0.21289716925196173, 0.21465550791135624, 0.19072471732415403, -0.004602866298569722, 0.21460947600643537, -0.8289640528080497, -0.2138466212334916, 0.3613530162746117, -0.2770936346364397, 0.163631761146803, -0.5600457039804472, -0.16791072095528672, 0.6555378348847816, 0.605187594579049, 0.6965471532595678, -0.3310215354723343, -0.22799693893319126, 0.4217467319639847, -0.021762849233772464, 0.07735546080586117, 0.0027035924763699195, 0.44210236173514217, -0.7700933524866574, -0.43608023116453976, -0.09988223670007576, 0.6947221098646361, -0.302119963189649, 0.5401988082919778, 0.05423778129554484, -0.39272236427359186, -0.4068258605799051, -0.06295622813742256, -0.16188249725901438, -0.2392879667621477, -0.3501319724449324, -0.582307685454647, -0.3937506915295675, -0.1806455036361806, 0.2105849964168502, -0.16700088356420034, -0.26293231146401325, 0.232839880872123, -0.4480133480623919, 0.13333064353967206, 0.28144828601423927, -0.0520262412910572, 0.8603691100944149, -0.19222348725963598, 0.4225344101216802, 0.02706877554779025, 0.08584555314313827, -0.5870625085269391, -0.4604023193297504, -0.30491046798022403, -0.3089065992984986, 0.6274987538444963, -0.04081509328781376, -0.30580239860474717, -0.19788514322274628, 0.10189640918209561, -0.24894913987416045, -0.4831240770551902, -0.11875272394635927, -0.4595192561850678, 0.23472726977873531, -0.15108651817302274, 0.28118311243369476, 0.1920735450520587, 0.18509792082126209, 0.3538896380792167, 0.217176399129192, 0.1865826428418122, 0.1549069627838772, -0.4014172393331493, -0.07784134603935147, 0.21018941985374356, 0.37435939691679665, -0.6366644541746437, 0.16994942390634818, -0.32376392866967557, 0.07732567776466252, 0.1773179194222225, -0.5595022192731973, -0.23254479419686466, -0.4752082015789216, -0.5100235953553899]
766.2034202367267	(8, 12, 2)	[-0.3772908181297326, 0.7567943363260167, 0.45312175797885296, 0.7050025027224721, -0.017011078369548877, 0.3893782208900324, -0.23721140646643002, 0.3978177882605289, 0.14796014313858274, 0.32897779601884813, -0.5083866444003841, -0.6720522065817539, -0.5147048014304381, 0.4866448610645869, 0.10618726441819615, -0.12538773427284033, -0.0867334260575152, -0.14853313988947656, -0.8662042686430339, 0.1719228575715975, 0.6797147740624276, -0.13769643984127514, -0.3968000967250002, -0.3974678199715332, 0.6750541627841367, -0.24735842856768217, -0.31962745000144505, -0.043337093087525674, 0.1760904266772449, -0.8984158077275557, -0.029907377796061257, 0.3454780442109744, -0.8676094811737216, -0.2609140267468671, -0.21289716925196173, 0.2658839179170724, 0.19072471732415403, -0.004602866298569722, 0.21460947600643537, -0.8289640528080497, -0.2138466212334916, 0.3613530162746117, -0.2770936346364397, 0.163631761146803, -0.5600457039804472, -0.16791072095528672, 0.6555378348847816, 0.605187594579049, 0.6965471532595678, -0.3310215354723343, -0.22799693893319126, 0.4217467319639847, -0.021762849233772464, 0.07735546080586117, 0.0027035924763699195, 0.44210236173514217, -0.7700933524866574, -0.43608023116453976, -0.09988223670007576, 0.6947221098646361, -0.302119963189649, 0.5401988082919778, 0.05423778129554484, -0.39272236427359186, -0.4068258605799051, -0.06295622813742256, -0.16188249725901438, -0.2392879667621477, -0.3501319724449324, -0.582307685454647, -0.3937506915295675, -0.1806455036361806, 0.2105849964168502, -0.16700088356420034, -0.26293231146401325, 0.232839880872123, -0.4480133480623919, 0.13333064353967206, 0.28144828601423927, -0.0520262412910572, 0.8603691100944149, -0.19222348725963598, 0.4225344101216802, 0.02706877554779025, 0.08584555314313827, -0.5870625085269391, -0.4604023193297504, -0.30491046798022403, -0.3089065992984986, 0.6274987538444963, -0.04081509328781376, -0.30580239860474717, -0.19788514322274628, 0.10189640918209561, -0.24894913987416045, -0.4831240770551902, -0.11875272394635927, -0.4595192561850678, 0.23472726977873531, -0.15108651817302274, 0.28118311243369476, 0.1920735450520587, 0.18509792082126209, 0.3538896380792167, 0.217176399129192, 0.1865826428418122, 0.1549069627838772, -0.4014172393331493, -0.07784134603935147, 0.21018941985374356, 0.37435939691679665, -0.6366644541746437, 0.16994942390634818, -0.32376392866967557, 0.07732567776466252, 0.1773179194222225, -0.5595022192731973, -0.23254479419686466, -0.4752082015789216, -0.5100235953553899]
1746.6780355398232	(8, 12, 2)	[-0.35425186485784005, 0.7401396506981418, 0.4486599905427315, 0.7066147678252263, -0.01747936308364608, 0.38462382722147, -0.2410887421400435, 0.3978033835946701, 0.14378538740985447, 0.3041046949025762, -0.4538061731947595, -0.6739363235514331, -0.5148490167078976, 0.4969406419943923, 0.10608370143340937, -0.13355442853438446, -0.0830075082948289, -0.15723606354526376, -0.8662486443621691, 0.1888060602252285, 0.6746409132867363, -0.13565913940513907, -0.3999491537606511, -0.4320924995936815, 0.655215827515825, -0.2751921036683922, -0.3224272065942855, -0.047988029520387936, 0.16613562208558977, -0.896690747957617, -0.05830785446615838, 0.3452220512669865, -0.7351260887703663, -0.2740884252162234, -0.18298543541755252, 0.22679665991710685, 0.20460879572110244, -0.004993996542854722, 0.2171097539726278, -0.8275233590206218, -0.21405730483116472, 0.3880354103792957, -0.2761723485367201, 0.16454401634256374, -0.5622271959034025, -0.15357976049244085, 0.6862311005542716, 0.6017752077493655, 0.6922281535385214, -0.32927579131516355, -0.1793398475649505, 0.44439895289613995, -0.02170844839839281, 0.036321447724016555, 0.000711189581629067, 0.43867483393211815, -0.7888601576465643, -0.44847974462700874, -0.10297403678078614, 0.6922493183981848, -0.2864283142681469, 0.5397844172312982, 0.05396376665124567, -0.3913047672095134, -0.4089362626568258, -0.06362184754895252, -0.20316391453887775, -0.23372996275323485, -0.3416883664148617, -0.5819152689600308, -0.41432552716458243, -0.18491491105764932, 0.21010724879158735, -0.16211548419743346, -0.36562018035533483, 0.22873525023139737, -0.45502345446350734, 0.14804436053973694, 0.2829228834513499, -0.05120717898274099, 0.8485991762953505, -0.18725555332757743, 0.40330384328029883, 0.027555563194692177, 0.08468931918442762, -0.5835969877614202, -0.45770125719173776, -0.30430048500917767, -0.2782175697952812, 0.6385318563344518, -0.03922566576046107, -0.302843419708394, -0.18840564728729914, 0.09795611170355403, -0.25879178964758154, -0.37862013732669253, -0.12265603396438372, -0.46363135166359687, 0.23497312790990213, -0.10719723365604242, 0.2818096894605586, 0.18250155185502542, 0.18463177591330143, 0.35342156841611255, 0.21708259065213042, 0.20451285793852605, -0.050218887129189656, -0.3993860016772818, -0.06648350500556473, 0.20945387452444147, 0.4091981372077319, -0.6280410042532663, 0.1341117621176764, -0.32308121916318283, 0.07755672346222077, 0.17730852064161814, -0.5599737237872618, -0.22905071028676074, -0.47561230297414486, -0.5101978448065237]
1732.6857253638661	(8, 12, 2)	[-0.39297773980328454, 0.7422199499386216, 0.4525866090171785, 0.7066369251546176, -0.028792186036016132, 0.38294212493382096, -0.23070798468897338, 0.42842067330829187, 0.1447422044133107, 0.32500022642707815, -0.4922615163879513, -0.6055395282383005, -0.49435587361442707, 0.49528381632932567, 0.10606919318315061, -0.13291045291006667, -0.08362089495520547, -0.14625264532155102, -0.8662508055389805, 0.17476740257908188, 0.6764464068574717, -0.135484750349578, -0.3883930060349846, -0.4244624120712715, 0.6662272967405198, -0.2639026804543028, -0.3214918082363793, -0.05861111688278957, 0.17513997912192728, -0.8967897154548587, -0.06034948169813581, 0.3464015421397029, -0.7993145240587488, -0.26053318328584846, -0.20002789480955094, 0.23860193482246633, 0.18998683220274376, -0.004971515332432186, 0.20999018241119075, -0.8288628913405368, -0.21389573826774883, 0.3556682047726124, -0.2756445067404489, 0.1641774360777358, -0.5587363953404861, -0.15497071271381144, 0.6775828408102702, 0.6719369692701086, 0.6930623427905526, -0.3316612536471776, -0.17574412094152184, 0.4209771861371708, -0.022289823227870476, 0.06641603677169558, 0.0006514273646382702, 0.4404126190973368, -0.7886760620576602, -0.43787812936104326, -0.10020846365483312, 0.6913041818989397, -0.2848979532138311, 0.5433493835714229, 0.05427047395458585, -0.39175303853743176, -0.40860309997033273, -0.06033773591272061, -0.19915266815757984, -0.20951398773854496, -0.34340105496499823, -0.5770397012014203, -0.3973803490996587, -0.18731409076405992, 0.2093023695732264, -0.16387908338969118, -0.043826197645581766, 0.2252746562387075, -0.45295311817636513, 0.15334702924059654, 0.2818635839707811, -0.06057841944631348, 0.8556792738279495, -0.190063221277164, 0.41332797904757423, 0.025589378939279657, 0.08681364508035201, -0.5833693436029166, -0.45779898159128335, -0.2992979772251908, -0.28766755154128565, 0.6261936509896735, -0.04005861210002445, -0.3051537800981407, -0.20055476851488496, 0.09868704803807567, -0.25030547242876927, -0.4397523858306463, -0.1197095607615464, -0.38213403475306207, 0.23498257059054384, -0.14411590799263754, 0.2821292378013534, 0.1828902522219716, 0.1925589404017371, 0.36897365689316197, 0.21707974983664227, 0.20396975469295203, -0.043371739026554126, -0.3999363429054521, -0.07614040984787485, 0.21502265624984612, 0.38575572099936556, -0.6315399320387869, 0.1430599716906701, -0.32422248803374165, 0.0777564461264638, 0.17690354431439223, -0.5630175942810256, -0.24945121062616096, -0.47534566605491946, -0.5100400907669123]
861.8722854230075	(8, 12, 2)	[-0.17975902188753778, 0.7394497697248628, 0.44879227313853587, 0.7067668579185097, -0.07641913992007263, 0.38253839809586426, -0.2458087931110423, 0.3985036355399474, 0.14281732287255838, 0.3001921890366142, -0.4551338813261171, -0.6589811600388576, -0.5152460076306795, 0.49397002243408605, 0.10614778286698683, -0.11491614493912382, -0.07660492725425247, -0.14050517253779982, -0.8926111844739247, 0.1748919186003043, 0.6758716838374937, -0.13559924579865518, -0.39008424280271387, -0.4321713197924504, 0.6745359941640057, -0.28163232722902576, -0.32379790054836166, -0.05475180228294657, 0.17097377010985346, -0.8968351337798015, -0.05667197752401221, 0.34471972529290734, -0.7388437309778105, -0.2697093527619072, -0.18764515249517852, 0.27861516312877077, 0.20472866737190826, -0.0017895951967758575, 0.20016635004368596, -0.8280728123762429, -0.21401972883194625, 0.40146296284843724, -0.276134798416466, 0.16627217343875123, -0.5567549076587907, -0.15422419265263002, 0.6917617937670726, 0.5910204838779756, 0.6943705691942459, -0.33045037880487094, -0.17983588687849233, 0.5092193655386676, -0.022016492556723465, 0.10006962184892004, -0.003839437189609385, 0.4256505336980543, -0.8111545128890069, -0.42965872159487967, -0.09357238196896583, 0.6530611061863247, -0.29596674494771574, 0.558445357276604, 0.05397108427506173, -0.3986531550452154, -0.4089484055755842, -0.0630636558466087, -0.20077869952663174, -0.22959231437590025, -0.309551958182975, -0.5701945880854109, -0.4250027094014691, -0.2749271042753677, 0.20039853943641095, -0.16225040631807508, -0.39251002582724426, 0.23365906622581234, -0.44927378887681046, 0.1451540031382402, 0.2810261467420866, -0.06033119057816995, 0.8503478367332666, -0.1874902741403546, 0.40681558311001764, 0.02306692919386308, 0.11375501644296013, -0.3736071328590685, -0.5137727843640562, -0.30428941957459443, -0.2755128590338401, 0.6370337096541273, -0.043647402134966595, -0.304071226278224, -0.19153318946121126, -0.01040616205152517, -0.257914425826905, -0.3666895463213753, -0.12112674212999079, -0.4596812562050772, 0.23439879914843856, -0.1550374160152149, 0.2739402828126053, 0.17396110143076962, 0.22024478015838536, 0.3635532893474826, 0.21168355994331323, 0.20326113211122807, -0.1733371849416623, -0.39850366094019063, -0.0740739790747661, 0.2131034165264261, 0.40657584525644275, -0.6281527222868747, 0.16228753138927332, -0.32345974343369416, 0.07517520461978783, 0.17921428705680814, -0.5859623532901372, -0.2276178726176047, -0.475491925913935, -0.5078814983050218]
1073.90042308714	(8, 12, 2)	[-0.35031563546248934, 0.719584748805271, 0.4451854174681212, 0.7136981117541571, -0.04573665763391878, 0.3638228423078043, -0.23639875989157802, 0.40037024302198637, 0.1495403691482749, 0.303586454806344, -0.5052424089991235, -0.6416818728533146, -0.5136088043128012, 0.5009207555759748, 0.1081429868105871, -0.15515349497401648, -0.07438520815446471, -0.1544980135223632, -0.8064002459605129, 0.18328886195382185, 0.6741353351117858, -0.1180678896398005, -0.39941309167385075, -0.41607431918533966, 0.6579957928465787, -0.3736380449552582, -0.32563588211349953, -0.051902353130508214, 0.17283315780581154, -0.9211658707442857, -0.13029136634036367, 0.34069395284859566, -0.749841397588279, -0.3155917150225211, -0.19579117697271714, 0.11462618107649156, 0.20155854678492977, -0.013577741922064571, 0.14763402096558267, -0.8711511943779354, -0.21470966032206432, 0.3257454443086488, -0.278767043239138, 0.16910266505470173, -0.5302366689460052, -0.1550955954571079, 0.6592641352769789, 0.5998390491914315, 0.67880984220632, -0.33129702201037037, -0.20186402092130548, 0.4470187231202724, -0.007757924135863069, 0.05460019902921789, -0.009501281240176445, 0.4327180934639186, -0.7813735359466639, -0.43819819047835123, -0.10985360244201126, 0.6931609171647651, -0.2685499216890984, 0.539463392607799, 0.08279148738311533, -0.3888333125387331, -0.4094503000060587, -0.06465087401237278, -0.1952945432689624, -0.158331659195366, -0.34868693947376717, -0.5782895957833277, -0.40122414651350785, -0.28603668129233656, 0.21021006081027405, -0.15742373264221246, -0.19861305886578728, 0.224872310479111, -0.4276115918916523, 0.14514586369336205, 0.28078670046656923, -0.061269712871142565, 0.8584397307077439, -0.18973574150305728, 0.4124892445844534, 0.03537916271127589, 0.10573019740044004, -0.4303308506428535, -0.4563215503627525, -0.2965524842203443, -0.33922175609423316, 0.6318833730026202, 0.03621455370017505, -0.37883394420388605, -0.18778213889214468, -0.0814032052212047, -0.2596211585237928, -0.31979908204218827, -0.12080920522537045, -0.4303386384573311, 0.19975227883091312, -0.18826625283730078, 0.2658023458102186, 0.1559216059458758, 0.20082738521971316, 0.45264790859289344, 0.24298386582029133, 0.18507303100746844, -0.09458104282044148, -0.40086734615993763, -0.017621553015591943, 0.2093800136228436, 0.42258559902393167, -0.5615797340976443, 0.14377952985894282, -0.3165917191963768, 0.09565914531003629, 0.17882634391123856, -0.5809646691735009, -0.22618142631422683, -0.47481428601841924, -0.5013943807366823]
1392.695043668195	(8, 12, 2)	[-0.3925154543286783, 0.7380426136713703, 0.4441134376924748, 0.717967148234507, -0.04675646190903147, 0.3569291931334464, -0.23546396467936073, 0.4328866541634122, 0.15103935857098638, 0.3105462588679691, -0.49651083510990446, -0.6521881298783021, -0.5121285095838233, 0.4412280155906152, 0.10735397226726358, -0.13312173883252232, -0.07124072755219149, -0.14656001151925518, -0.8459410904942902, 0.18178326284026552, 0.676893256435766, -0.1376827722851553, -0.3775380094889807, -0.4213757611783103, 0.6718790654024845, -0.30296954242988366, -0.29920027200042604, -0.05195159892625633, 0.1795830975201999, -0.8897391268584068, -0.17818675726521593, 0.3509733157214916, -0.7434840783030029, -0.23828514901277115, -0.21378197122405987, 0.14986620151383387, 0.19369222665360838, -0.002892899674218531, 0.2127712098687102, -0.835190728632303, -0.20900830672824744, 0.3810860661195955, -0.27854697345342877, 0.16624137473431913, -0.5118510117390629, -0.15375570795723706, 0.7086865964931237, 0.5881809580171745, 0.6961743460523938, -0.33162709612306973, -0.16653874115896078, 0.44896737422905253, -0.012745497403949941, 0.07866566995859203, -0.15217391618970263, 0.38747216723141686, -0.7996834077273718, -0.4412911086021792, -0.09937087309138173, 0.6186241209062019, -0.283306511997019, 0.5407837968183806, 0.06319951079836672, -0.40378074232047145, -0.42381993873332824, -0.05462091228625962, -0.18852436183913213, -0.1753713422781867, -0.3330603936241011, -0.5742104315415708, -0.3976994118719248, -0.23821341578293095, 0.22058820401162196, -0.16180842033509907, -0.2884900074629243, 0.2322541737814266, -0.4561522072139572, 0.14367917038155908, 0.29846727874157997, -0.07099318315092602, 0.8545460137357256, -0.19011048053544313, 0.4080420874016629, 0.019615807228239232, 0.07812179231019482, -0.5636769224115546, -0.465035510471817, -0.282353720780646, -0.3055140385706464, 0.6366320766494554, -0.039904434467222874, -0.3164947383459235, -0.17999072417259954, 0.1100266492908839, -0.2460072465661129, -0.4487650717585391, -0.11834799370293708, -0.45370450116805056, 0.23310823863975644, -0.1867591395861593, 0.18558828469886307, 0.18546640682953733, 0.2040813319359406, 0.3309418010509897, 0.2453909007346057, 0.17848569825700833, -0.04533782891394689, -0.3982776021680489, -0.07409041895067199, 0.21297807535168348, 0.4387360734842042, -0.6313429377455665, 0.13880452986140385, -0.3139469574984088, 0.0770525828188272, 0.17657319409640224, -0.5620571326762052, -0.2211997571398103, -0.47658746201888186, -0.49700266147820593]
850.1050789855985	(8, 12, 2)	[-0.38529878583267296, 0.7409858223079538, 0.44504249429110365, 0.707009345914037, -0.04207685573352961, 0.3724896767638264, -0.2365272232759864, 0.3959852825906678, 0.14898726294342624, 0.3087476064743579, -0.4877556804520972, -0.6455693885095768, -0.5222051866240693, 0.49066866755925154, 0.10722040295222844, -0.12882007309215504, -0.07331731675171581, -0.14656752543452517, -0.8578602208744929, 0.17810287746636222, 0.6747461062355506, -0.1360505380829531, -0.39641959723196396, -0.4261468340344278, 0.6630242532693964, -0.3101743556478445, -0.3172292009059609, -0.05212137325315804, 0.16793162442070866, -0.8855608779384466, -0.12390935123781366, 0.34427762217798247, -0.7645967595941457, -0.3020857795473262, -0.203184613849612, 0.17350977218967406, 0.19199569256797067, -0.0028093481549413025, 0.18178947074500956, -0.8161074996491269, -0.2124751195069275, 0.4185372100924289, -0.2782051669230185, 0.16746653370767725, -0.537475433713113, -0.13944501830834424, 0.6921947955610667, 0.5876643154642591, 0.6796740394802101, -0.331320434978593, -0.1898404392137617, 0.501551815984319, -0.020695104951565915, 0.0873644650872502, -0.006521959713167549, 0.41591060484914255, -0.7436847001589485, -0.4359153837055817, -0.09733469070550942, 0.6943966925398104, -0.2881496254347408, 0.5406904661607548, 0.0750920440974923, -0.39029588876980575, -0.41315724842784557, -0.06469744453638074, -0.18610794290254573, -0.16135172713662405, -0.3440049760878598, -0.5767493532151918, -0.40420631440181504, -0.2413159144616483, 0.21318769019926584, -0.15859484772609023, -0.31051508831422403, 0.2414906277540114, -0.44851895577895495, 0.14840269702440645, 0.2913398008702873, -0.0590255519173136, 0.8595420967007639, -0.18857061138471143, 0.39796789011030825, 0.010362578513432853, 0.10000749756587436, -0.4208779277233459, -0.4885173253003494, -0.2980733120041869, -0.32245299832118074, 0.6291798293624206, -0.016809970021208633, -0.31355018289395015, -0.19549104689065175, 0.004282954920778265, -0.24825367221230377, -0.44175887815594583, -0.11786522746521409, -0.42599381019122073, 0.22521151113488203, 0.2695637807900878, 0.2726231186701674, 0.18087396144698262, 0.2280043031706435, 0.3758306503110451, 0.23613779367408907, 0.23479221085277144, -0.13709013603767817, -0.40625294190603106, -0.038673091405164645, 0.2194885383007242, 0.39737482195090723, -0.5620397670838546, 0.15723001476956244, -0.3253274043954648, 0.08020555311478837, 0.17682440222031295, -0.562206374432968, -0.22025963022029363, -0.4697119340937039, -0.5046781575804975]
1043.4257580961544	(8, 12, 2)	[-0.1617886583576198, 0.7380275255033253, 0.4440788321954469, 0.7200111651471235, -0.04791459628994972, 0.3656510573476918, -0.23450072866753605, 0.4230605260221093, 0.1511736615823554, 0.30615282345948625, -0.47550066116327555, -0.651627199432824, -0.5142407618881581, 0.505046191941671, 0.05118855096742317, -0.1419974798721449, -0.04413125727581426, -0.144499925531896, -0.8674827991876853, 0.1881741734797579, 0.6749829012570476, -0.13665641116486496, -0.38021342558560356, -0.4182338867061028, 0.6635132275229622, -0.27461661541268867, -0.31411942715618185, -0.055535625161742166, 0.1689301176316929, -0.8921582692837771, -0.17334395273025738, 0.34948343984557745, -0.7474163638892681, -0.2535076658884802, -0.19580067913862176, 0.15469854201253688, 0.19794612080242058, -0.00041616932732162736, 0.18096468828920964, -0.8350554502271942, -0.2155026084605645, 0.38558222583049157, -0.27471367879466646, 0.1662878481361893, -0.5473653013268952, -0.14662844804847955, 0.7103102267407758, 0.5711001094597513, 0.6984746518870469, -0.33080230486139417, -0.1746230692783551, 0.43714763981772425, -0.01257782665500964, 0.12954013321905494, -0.17357394852626523, 0.3871434637423853, -0.8031510658729688, -0.440218535475125, -0.13921091174710043, 0.6395409062517776, -0.28269047581242057, 0.5495773042206674, 0.05708017417254872, -0.39585166665560545, -0.40521762497127595, -0.060239262751731, -0.17737406182446278, -0.22205658992800317, -0.4002769826682843, -0.5744468565056106, -0.395117835369339, -0.21648669808335674, 0.22450276486467136, -0.15987705922107695, -0.2412247581269767, 0.23134687371299123, -0.45557416099159165, 0.1444762363322042, 0.28547029133277335, -0.07234919461189504, 0.8546425440905367, -0.18789795796165026, 0.4245590638434786, 0.0207105573532385, 0.0772889702886456, -0.5035938642890073, -0.4670569465429471, -0.28068880086192194, -0.29668423649170317, 0.6357109226672326, -0.039578250303402056, -0.3116433294849441, -0.2002267614962175, -0.15207245355032847, -0.23936314135418907, -0.27436094173927605, -0.1178718729220149, -0.44924152641376414, 0.22931227349936245, 0.2909488403820112, 0.32161431951869046, 0.17190954130425884, 0.22377782474277524, 0.3252792395681761, 0.24832213020627722, 0.2044656963028167, -0.03815673831745211, -0.41260295810249653, -0.08679964822557261, 0.22055458509426618, 0.42896025238341595, -0.6278351744517979, 0.1585006202264587, -0.3260002882552215, 0.0771009919465772, 0.17704135776816757, -0.5618903603581039, -0.23237265522758582, -0.4824597355022068, -0.497012787749173]
1029.7838009551363	(8, 12, 2)	[-0.3362928825271117, 0.7385497479908176, 0.4491706263548748, 0.6890601143309014, -0.0417643607099687, 0.34280382523816805, -0.24621393751122564, 0.3948332167291687, 0.14290675509696782, 0.33506331626681124, -0.4990467761832479, -0.6440893094695422, -0.5189294019359616, 0.511072404882869, 0.10343442295181766, -0.14126139718081687, -0.07444279533972195, -0.14248107772623367, -0.8393889119400096, 0.17684073308434387, 0.7487074356694996, -0.1345991315779501, -0.3739741314223163, -0.41323233872571724, 0.6939206825271109, -0.28466689433498965, -0.32032999829848086, -0.04577395428384019, 0.16183915117180464, -0.9055009098905346, -0.07320811630918958, 0.34601785633508575, -0.6985929295503412, -0.245703832907173, -0.21138849922475214, 0.17998384148409624, 0.19780128936262342, -0.007522688755112211, 0.21130184891020165, -0.841101015862357, -0.21513154530887987, 0.35356018353938157, -0.2782369178165443, 0.16691093619852956, -0.568331802094652, -0.15325755216142745, 0.6570639466399072, 0.5924840539309791, 0.6858072305407225, -0.3313913520202572, -0.17430819643921167, 0.41035914220439074, -0.018190457438064033, 0.1280147560251232, -0.0035598333439190166, 0.4313592587613535, -0.8593431916218885, -0.4382137952471133, -0.19636567613395764, 0.6433208359054267, -0.28282109622330853, 0.5424736219936038, 0.056301023816850135, -0.39524764067422746, -0.46349035163314856, -0.061344192776017555, -0.18633683356912198, -0.19528192915358045, -0.34458729414587563, -0.5769453954454826, -0.4141148744614082, -0.2277476666643189, 0.21966962566832626, -0.15875275650717652, -0.3564114577146258, 0.22562431443307857, -0.4541483027026451, 0.1565163337617538, 0.2845696425521549, -0.06101458756709949, 0.853012370037915, -0.18982628253729178, 0.4046425653700701, 0.02549673874732312, 0.0957208530297144, -0.5754596662111787, -0.4642432113987271, -0.30321781349791654, -0.3009306643695008, 0.6296771180726126, -0.03383439248702198, -0.31934915959284343, -0.17552258220814043, 0.1439721017082926, -0.2596528414031334, -0.39425522416135406, -0.11540461566668324, -0.3936113903789517, 0.23830709392936228, -0.16943669720300614, 0.27889281261697674, 0.1796001500294659, 0.21368775040453777, 0.4873541089354946, 0.21963898043605348, 0.18406051010720514, -0.07056372960537843, -0.39880606912421485, -0.08442806479343778, 0.21257366922203783, 0.4177253121600134, -0.6157050618356922, 0.14161459601707943, -0.323756502539171, 0.07725194638489383, 0.1773213401356588, -0.6833238800978769, -0.2271035810735392, -0.47579180866257753, -0.5014815924481926]
1185.016503501522	(8, 12, 2)	[-0.2851767185877807, 0.7392085787803971, 0.44534959225600185, 0.699390071881881, -0.038678514963577194, 0.3854677496015564, -0.2324075854880691, 0.4034227668412375, 0.14386576165967127, 0.3270041637214016, -0.47043561486950736, -0.6589826327593383, -0.4970081223689717, 0.5123454826882848, 0.10500017179526791, -0.1270036103586302, -0.08161231295488162, -0.1334056607809469, -0.8423454587730806, 0.23473951801284734, 0.673994873884799, -0.13684607144510008, -0.39190363736850264, -0.4263180570314952, 0.676010714233685, -0.28965962693825675, -0.3156812307253364, -0.051631441031772016, 0.17109134849751645, -0.9002380749689498, -0.17574971278588544, 0.39147362055886803, -0.8188505671050315, -0.27980771709423125, -0.19292374869478804, 0.2303298070850346, 0.19966039765804836, -0.008957648661317019, 0.1779691194606534, -0.8344115838902614, -0.211676882022097, 0.35584711021769516, -0.2761659871017515, 0.16764344832540234, -0.5309910422762926, -0.1582576440927223, 0.6594804090100639, 0.5851219794614889, 0.6948907420191552, -0.33149555400924813, -0.17412027813160494, 0.4536093079618631, -0.016121845841618576, 0.08206012538194353, -0.13595013108027304, 0.42023690279041676, -0.7912974114829695, -0.3933501344659255, -0.10049185893325667, 0.6935387262403993, -0.2859142235980709, 0.5479411217010536, 0.05960182553495141, -0.4061495987086479, -0.41521581131784374, -0.05573221314038467, -0.19161798702683897, -0.18211319756113134, -0.3443127813604062, -0.5753439889957568, -0.4222482302914808, -0.2243393670127624, 0.2109036627233539, -0.14914365789376133, -0.3486146424691986, 0.15016224598745187, -0.44878838280491257, 0.15632059630446174, 0.28188153634563184, -0.03998086413777084, 0.8536672606077917, -0.14967434548463288, 0.40480339158813256, 0.024535136429713278, 0.09166768778600222, -0.5133480817244961, -0.4417821449648546, -0.29624960214247936, -0.30319192347265517, 0.6309152243666648, -0.04393759897307137, -0.34743191838724424, -0.18097770116980613, 0.06252632700698471, -0.24787287083241424, -0.37402848383084264, -0.11755503079073944, -0.44185094517096796, -0.2959978345164104, -0.1480832688801025, 0.2552197898716669, 0.17741861224588476, 0.20228062215135426, 0.36008766210651655, 0.2218727626249474, 0.18230801034632943, -0.10021336294757949, -0.4078431042540329, -0.07320062434033513, 0.21713945624810055, 0.41780654727073124, -0.6357289683182447, 0.1340468002396104, -0.32334915868901415, 0.09326467322993014, 0.17525718022025116, -0.5663137232711878, -0.22587985096355487, -0.4752666655395481, -0.5041029437266273]
1241.8470126650489	(8, 12, 2)	[-0.3323490708016946, 0.7327606160390244, 0.4466193622057772, 0.6847625479866681, -0.045987474792308546, 0.34159087291118256, -0.18401487041239606, 0.3933738153110108, 0.16097054272332215, 0.31265616647885014, -0.4955501742226598, -0.6346594221796693, -0.46736462792402755, 0.4987716147347776, 0.10146992615268041, -0.13322934700200678, -0.07511239773898265, -0.14456392583313968, -0.8856076724887837, 0.1778866515421324, 0.675743706369691, -0.13518391180825573, -0.3871222431238202, -0.4049933305776832, 0.6836027596082221, -0.32431642844418007, -0.2994749128075304, -0.05347473642461814, 0.17677560592607702, -0.8895237629043865, -0.094222201800321, 0.3477582831486728, -0.7916808763110702, -0.302498906335355, -0.20783421530219814, 0.1611143967378698, 0.20218199807840082, -0.008245510948077406, 0.21311013416455124, -0.8299686533982541, -0.21466944668732785, 0.47586704163259497, -0.27631460390866275, 0.16497066476805836, -0.5587719390638506, -0.15074518943114332, 0.6623016904681227, 0.592124330442361, 0.6826032078604506, -0.33105253205222435, -0.17061646273587924, 0.4426727981814524, -0.018440545298780336, 0.12622914542956917, -0.016544412956467552, 0.42532269651520604, -0.785471069206551, -0.44065591068453086, -0.09992655077941635, 0.6466843879282717, -0.29085078943831333, 0.5505447460212053, 0.06479094391766227, -0.3994462322404191, -0.42521618926888705, -0.06086455689164739, -0.2420708486346073, -0.1974144680625151, -0.3455694560452878, -0.5783061541319381, -0.3917618858583935, -0.19144536374793691, 0.2214944966435228, -0.15786942174160437, -0.386866271806166, 0.24713392080846996, -0.4533502339867934, 0.14677214281927922, 0.282711557452909, -0.055783293091476616, 0.8556167190710277, -0.17885557474865155, 0.40504852095681126, 0.016264262745618437, 0.11558176915292397, -0.3724620389833381, -0.4394440787056651, -0.2924682794706221, -0.3014972972864547, 0.6305518595553132, 0.07160546211598191, -0.3133437235742305, -0.19041701018307133, 0.09373488738292553, -0.258590214322332, -0.3787129927942979, -0.18803137904310063, -0.42242687959909975, 0.20130750120163832, -0.1678813660969244, 0.27352678669577596, 0.1700479811280038, 0.21831527689145153, 0.4045433502720569, 0.2200534575584871, 0.21859474477616248, -0.051369956305394066, -0.40128948591496405, -0.023405704229545132, 0.22034861319962593, 0.4207156705623772, -0.5765509377961582, 0.1368010005604015, -0.3265385840578811, 0.08599635088030332, 0.17635396103850284, -0.5583235871338041, -0.23292009408561012, -0.47677469795776045, -0.5019461231222927]
1338.0201960498239	(8, 12, 2)	[-0.270328115830016, 0.7348968812334588, 0.4475585156763493, 0.7071184008511713, -0.038862215469197325, 0.3293821723632402, -0.21506521874135895, 0.41810445192114576, 0.13971075361735538, 0.321431103677679, -0.4757370973174456, -0.6446875537145543, -0.5091665310432113, 0.49576044931953317, 0.11273608376649448, -0.12062261573509094, -0.07660908151142859, -0.14928261203876414, -0.8364509220341546, 0.2137293955756139, 0.673523626955096, -0.1361834623836649, -0.3863240256629234, -0.4163881188444474, 0.6747466095311766, -0.29770780952576664, -0.3105949389795996, -0.0474746366630455, 0.16838048212158924, -0.8984521980460727, -0.14802693544568274, 0.34998814507267806, -0.8230561936357802, -0.278891427772313, -0.19593336988906973, 0.24642074896610072, 0.3910339279838217, -0.01216301142318441, 0.21313482906355294, -0.8384223201622809, -0.20906798860775008, 0.35505659865205164, -0.27994134042322844, 0.16660029572422394, -0.5630086834262521, -0.15374571354581418, 0.6795829261519415, 0.5932664103779162, 0.696903552331475, -0.3319805981297093, -0.17727515044359415, 0.4323176758331443, -0.01358094992970307, 0.0764578841339646, -0.02912220614138905, 0.4432908874616463, -0.9285684133476433, -0.4164314997226511, -0.14000747013223455, 0.6755292848313432, 0.6539666871975007, 0.5477529073034481, 0.06156665003704019, -0.4110057868619302, -0.4144497007070765, -0.06217970677690147, -0.19498750034002782, -0.18501271529642033, -0.34814400425223824, -0.5756624468998759, -0.4167462505086829, -0.2235616293700154, 0.2126684417656518, -0.1797597491727362, -0.27709790634920106, 0.23168581488936624, -0.45428174625821105, 0.15742945716255113, 0.28289159841467293, -0.0511026833980292, 0.8577940214568143, -0.1951426448413477, 0.40779387592411864, 0.02741619988114903, 0.093799759590602, -0.41576297151529773, -0.45465948351450197, -0.3043447025062637, -0.29339226892406034, 0.6349759361485033, -0.05365192337985249, -0.3481738051557525, -0.20372177736472558, 0.1062192748250019, -0.24724476922135946, -0.3683246325792583, -0.11717489542156727, -0.4386870826185708, 0.15318983972912392, -0.11234607185098384, 0.26916255665046984, 0.16974964258716846, 0.21365430240229505, 0.36609326855996344, 0.22634829834482592, 0.18014107877103078, -0.06801138396983522, -0.40107137964006767, -0.05958131609443932, 0.21359999630060655, 0.4287266937426426, -0.5043601316410957, 0.1394286331792615, -0.32367696077970803, 0.08915307036401636, 0.1768322131726714, -0.5885310828745374, -0.2360729945796886, -0.4757282831803576, -0.5041813207127478]
610.7785304847993	(8, 12, 2)	[-0.36821883232981695, 0.7401771357413615, 0.44765522638787997, 0.6880505161393458, -0.03135651571409671, 0.20803131599640795, -0.19910462521529237, 0.3965903234964119, 0.1741763113251277, 0.33082643576862003, -0.48054572423751896, -0.6386860291690374, -0.49134345183329586, 0.4824190527993468, 0.10377774583803082, -0.13487089396208624, -0.06804656651794022, -0.14434368125863647, -0.8662186375134957, 0.17596827586290548, 0.6709881215099789, -0.13556873218949486, -0.3658859423027198, -0.40752832454428206, 0.6860016712460599, -0.34141715426540903, -0.3265101848668805, -0.045182934481953825, 0.18508702371661664, -0.8990727761277846, -0.13730186749177375, 0.3405597950162972, -0.7917933164965324, -0.2814772002217236, -0.20564798359280503, 0.15245554372519088, 0.2004380135262688, -0.007643826947396868, 0.19734937779040493, -0.8183672390546382, -0.21491351114957272, 0.3766582950280948, -0.2738623788407458, 0.16460602236962246, -0.5175151584400067, -0.1498483611628522, 0.6993777718877384, 0.5830710294293314, 0.6803273989218559, -0.33395467382411004, -0.17596802863270694, 0.44372461956288695, -0.016009204222162506, 0.11795397632416657, -0.09688252460648906, 0.41550461655271465, -0.84138434241197, -0.44084103889106696, -0.11166324042163793, 0.6436374440920997, -0.28798398066007025, 0.5438553100783944, 0.06093542731121149, -0.396695036300261, -0.47350334785391424, -0.06138689555860718, -0.23821759991985864, -0.18917360464150634, -0.3582720187540608, -0.5785657738124599, -0.5147064554768667, -0.22174938194313046, 0.22401059462762424, -0.11561675744198795, -0.41113541094483214, 0.245922838517621, -0.4519297984429417, 0.1415965798223296, 0.28314784881407074, -0.05600636524155914, 0.8524447880831052, -0.18271270076075352, 0.4066405838048144, 0.023580482543491862, 0.07592354418295819, -0.38682648461772207, -0.4676166039602032, -0.28957946292531717, -0.3031715539776253, 0.6385606989415303, -0.0030443095278797835, -0.3224553809160609, -0.2591461422554763, 0.17317704853101884, -0.25671733861334817, -0.3631926132366529, -0.2360075841627784, -0.4191550024360862, 0.10911634456170183, -0.1953742298812379, 0.281231935942249, 0.17120799037504644, 0.2020527739673863, 0.4460456163151867, 0.22489389659282033, 0.1898617051159922, -0.06429693779833677, -0.403230559269041, -0.02259337450144973, 0.2138737258816657, 0.41273800424347323, -0.5789120907257433, 0.1475072456838697, -0.3244553926367675, 0.09371773989845847, 0.17613810370078833, -0.568920557642838, -0.22598475264342813, -0.4716300983710876, -0.503087053785688]
977.6767572512201	(8, 12, 2)	[-0.30212778388039224, 0.7418097158003706, 0.4540471010825909, 0.7074268214137276, -0.031193639173852483, 0.37390360259834166, -0.3022978137068542, 0.3923582622465447, 0.0561918886096134, 0.3217332144216091, -0.3576157125502286, -0.6530098146961684, -0.7029871455600635, 0.48953854755988085, 0.1022043681453528, -0.12710849776234587, -0.07690041751784825, -0.14957345486597706, -0.8512802809731569, 0.34276422438394893, 0.6712358272092479, -0.1361777695539669, -0.38692302875918033, -0.41399649144697626, 0.6790030767582809, -0.3066009547356138, -0.2980748552559917, -0.051940074315289395, 0.17805182305956105, -0.891441217905895, -0.10634387045381682, 0.34715572512079207, -0.715121843435927, -0.2805439524594769, -0.19645019919618628, 0.19233200988245353, 0.1941114952153712, -0.008358086151292153, 0.1968954505337202, -0.8378377547654662, -0.21388821071151645, 0.3694075078094033, -0.2761462040413099, 0.16779169274106837, -0.5568142275459013, -0.15551979263713678, 0.6837541180303159, 0.5917428521758796, 0.6872891158296791, -0.3317327445243187, -0.17773227217431023, 0.4915443230924943, -0.013008443592167206, 0.04859332245589636, -0.071611655765215, 0.4415956496548001, -0.8062798100783075, -0.4743594183827966, -0.22345230351061904, 0.6533392513846011, 0.02816379820303805, 0.5439304653214124, 0.06204792577946664, -0.4026885303256928, -0.41363051340032597, -0.059539197920304314, -0.19465917420471848, -0.18599699937908876, -0.35824494000471047, -0.5773685652516393, -0.4616037810529843, -0.21969538866134927, 0.2563522236736708, -0.164618812203399, -0.31443697582852664, 0.2526949739185678, -0.45292552331293673, 0.1489394513658667, 0.2816249457229807, -0.051688751588910384, 0.858704963678508, -0.18555714584374783, 0.4084334288973573, 0.02441068009583192, 0.08397629430663796, -0.506962882058111, -0.520616358304058, -0.3032585092781389, -0.3047337035353794, 0.6327389027892155, -0.03140945365472484, -0.32738934969515965, -0.1837125150496541, 0.01892144636716006, -0.2472068473371532, -0.3550065725695319, -0.136638538340897, -0.3760350707835536, 0.00011009972496389686, -0.08226743317024907, 0.28987992867162865, 0.16710811560185887, 0.2885031907472089, 0.4191795275028357, 0.22369028404967933, 0.19462792688641808, -0.05989283870318112, -0.40023823398275454, -0.09564537139365081, 0.21299051865848764, 0.4210177429346013, -0.6386196316565507, 0.13969923186962155, -0.32348936992443084, 0.08040583234917363, 0.17723665220411622, -0.5650132239272236, -0.2292175183454967, -0.47607385120964435, -0.5036291026644866]
1284.5515321506796	(8, 12, 2)	[-0.3170544324215594, 0.7413554473102953, 0.44922712200964443, 0.6837717888043825, -0.031278531568448745, 0.178113552928821, -0.21005710014174345, 0.3964281995652806, 0.0651078415684581, 0.32669063546385874, -0.5039194193727353, -0.6491241828827041, -0.6611809126730873, 0.49044912007877534, 0.10288430179251257, -0.13262075709246382, -0.0779843771352575, -0.1484302252574981, -0.850320973552217, 0.22739835566490513, 0.6710683724463001, -0.136272031447203, -0.38528997856319647, -0.4143392947590541, 0.6772677090365252, -0.319621408234567, -0.32235725488853645, -0.045295321210726894, 0.18061339438728582, -0.8944623872848262, -0.14278752199864736, 0.34438459074962297, -0.7157587039845384, -0.28050997411304457, -0.20238316445490565, 0.17531053179258138, 0.2006311715617441, -0.00847697902412975, 0.19723568455483576, -0.8140318551560305, -0.21434771151060653, 0.37343134108391374, -0.2762768986705069, 0.16641854001041903, -0.5594278537955721, -0.1546562271137485, 0.6914735167197279, 0.5914042918660374, 0.6815944935448446, -0.3334324657535116, -0.17674277998220114, 0.4608786757588745, -0.012884045576421012, 0.131204733128352, -0.09567182989981265, 0.42722304714940074, -0.8426717831590572, -0.4390376847865608, -0.21634319876886748, 0.6445677162116165, 0.10534260349190744, 0.5438574901702197, 0.06209130740811274, -0.39533352092718055, -0.44579298202132245, -0.06097400793078754, -0.23868465514860213, -0.18632653881427072, -0.3582503829556186, -0.5772490435904576, -0.5049132989722744, -0.2201146217861829, 0.25462908037915843, -0.16082835478567664, -0.3123370403363194, 0.25150255185492665, -0.4525033581527247, 0.15034849809405565, 0.2822897661353713, -0.05238329325834782, 0.8552868795250946, -0.18621485680398095, 0.40686747651523114, 0.02377202238533576, 0.07872046836592654, -0.38406138195428463, -0.5041721070310459, -0.28685503302576293, -0.3045820048645176, 0.6388794064007733, -0.01330411264659865, -0.3262794215397079, -0.20185367572449014, 0.033801079516004355, -0.2536575705362976, -0.3609064844399261, -0.16886550631087588, -0.39116940415296864, 0.09893800484209786, -0.1467188592875871, 0.2819283775364936, 0.1688969602130255, 0.2277059884959048, 0.4437520621940134, 0.22341817703225825, 0.19091968571201315, -0.06412120352202343, -0.399584705891466, -0.039495234964926795, 0.21403875851763907, 0.4171078947172182, -0.5947056945987917, 0.14290826065128, -0.3246012760608409, 0.09437868357836898, 0.17714294980433642, -0.5679409195625941, -0.22721730536852452, -0.4736376238009439, -0.5034152095933788]
787.6465150989561	(8, 12, 2)	[-0.2975940959120095, 0.7456098798691082, 0.645126453258204, 0.6616062910816446, -0.036189259632335984, 0.38071113033229204, -0.31811918973058684, 0.398927785609542, 0.09261659950872213, 0.30287453335759323, -0.3780091807107555, -0.6441190353318578, -0.5751374428142065, 0.4911146015930447, 0.08953988893232337, -0.12459845245273231, -0.07646613795828863, -0.1464209788071077, -0.8650483764854682, 0.15822144935213575, 0.7935602990001348, -0.13684979021738847, -0.38695382118987687, -0.39810326640716126, 0.5734409012517027, -0.30445243143064726, -0.30574153983287466, -0.050908523832363196, 0.17392022398722565, -0.8921204618592418, -0.13661701934222126, 0.361645729803247, -0.7603437643419967, -0.2887024775844758, -0.20844654543998986, 0.16049867327993603, 0.24071368411088917, -0.008952523231212327, 0.20027800085076186, -0.8378462962226809, -0.213049073984773, 0.359874242076084, -0.2761171687466912, 0.1668272537489452, -0.5511814637503107, -0.1556401243171482, 0.6818730742212427, 0.5913943350542558, 0.6963355067552863, -0.33137784941383114, -0.128672388815403, 0.4801358145947743, 0.1486968495635641, 0.06958715548975913, -0.05553664472534068, 0.4434980702065114, -0.8342798708755371, -0.47793724653278397, -0.15823316254235797, 0.6567225298217807, 0.05313778034653416, 0.5458980850704648, 0.05842699372260815, -0.4009476320745759, -0.4140323135496389, -0.060043701950083295, -0.19299078873451772, -0.16657049029229404, -0.34271263697150695, -0.5770853998208404, -0.19304614873125386, -0.22503770973912718, 0.23469848871421958, -0.1651257215896743, -0.11921204289654164, 0.25599834472729216, -0.4534706987692654, 0.16032308756962727, 0.2857644378385357, -0.05216419563328482, 0.8569762949240939, -0.18771460853242028, 0.4042121989070833, 0.024281348161168552, 0.04871329314620848, -0.4812634941576157, -0.4699114495470108, -0.3031429763754338, -0.3012034638427078, 0.6312498730615058, -0.013078887820215039, -0.32654248415808534, -0.18516152015232984, 0.027198870226467345, -0.24730576025532405, -0.3496594015815654, -0.13640175728635784, -0.4919449256408759, 0.012720750519458507, -0.10082455311008681, 0.21558631445729043, 0.1682555868811512, 0.19302818274858918, 0.4046528791521691, 0.22251548339859467, 0.26711176552499327, -0.04206469155314044, -0.4003007957350186, -0.07675416373057127, 0.2123143038920462, 0.4228277012052402, -0.6346273045332858, 0.14151180840439265, -0.32585259414257095, 0.07794910252808183, 0.17843454595387395, -0.5665389245139822, -0.22832007036839183, -0.4745233160592773, -0.502476606913395]
1020.0007648171033	(8, 12, 2)	[-0.32955016551094224, 0.7441034710876503, 0.4462705182929581, 0.7130151950020914, -0.0398246029406345, 0.3663035304829349, -0.24331598728200413, 0.39450358614565834, 0.1578942586299454, 0.3128699007456101, -0.5107908044998871, -0.6459123849255353, -0.478026937446393, 0.5002993335613347, 0.08563695928962888, -0.13786837636976923, -0.04594188034903624, -0.14425372191072727, -0.8353389653521486, 0.1946820660653215, 0.6870586724385742, -0.13568859725326593, -0.3857540952828997, -0.40409365223208704, 0.6374117069697202, -0.30774469142744637, -0.3111876305617261, -0.05444034212317984, 0.18188054305940196, -0.8849024600498677, -0.13837259543309177, 0.34217454068035, -0.7805159912523019, -0.29591293158595683, -0.1949271550785775, 0.19282573264370617, 0.20252632044308305, -0.007346982788747406, 0.1942791724112757, -0.835815041569734, -0.21283097185876845, 0.3692012677846199, -0.2775598855961274, 0.15036603977541718, -0.5795432358619304, -0.15290371679637324, 0.6803721198280456, 0.590666309221366, 0.6986561373576311, -0.33198159177492464, -0.17521006514199644, 0.4615420382914244, -0.0138325946897777, 0.08229857206415891, -0.09203713890803747, 0.36312031455160015, -0.8359963703259221, -0.4980257496431018, -0.1352728074317436, 0.6519916231015663, -0.25761219446270733, 0.5530416648620494, 0.05893188085836061, -0.4006528803473937, -0.4281526282805503, -0.06023786846699878, -0.19619150272246944, -0.19472516273818702, -0.3512453956787709, -0.5763958453452204, -0.513722861718807, -0.20782349900569483, 0.22014795119182073, -0.14690963290708664, -0.34020527846260623, 0.25793055583343966, -0.4526033002132358, 0.15739941949690445, 0.28161241500076706, -0.054567201169556184, 0.8578522482941074, -0.18312141273566018, 0.40423179616617644, 0.04086993754620571, 0.09419296579124013, -0.5267664862935482, -0.4733451478455837, -0.29511814954084203, -0.3036015490249468, 0.6288424393403089, -0.018371419777030825, -0.32636942274844727, -0.18131796323564356, -0.008017349620219723, -0.25336192285420656, -0.36510761003645964, -0.24612425327232637, -0.42053942305374603, 0.09464189842544338, -0.18200493740153492, 0.28713202520239567, 0.17045423079656943, 0.22089408557344337, 0.41776297510602206, 0.22108579656780825, 0.1885798481672623, -0.04021981960503451, -0.39862501759462615, -0.018124649722280145, 0.21530319354811356, 0.4241224006759255, -0.645245494261932, 0.16749329989988396, -0.3239296628441044, 0.08640317079330219, 0.20936192987791663, -0.5621127807778448, -0.24615318882810497, -0.47557674985980647, -0.5028105625951719]
666.3701508255889	(8, 12, 2)	[-0.2791425826282681, 0.7451425757910556, 0.4491674395730846, 0.7179950355024503, -0.03327177193877236, 0.38843975828053723, -0.2297781847779401, 0.40016622593358536, 0.13629129879999644, 0.3271843415616478, -0.4763086461090913, -0.6419878542953752, -0.5224438003193979, 0.4987844345377047, 0.10566264876219611, -0.13067429261111432, -0.07747373379939605, -0.14976990148411248, -0.8500349403659434, 0.17327249885268828, 0.6680780504219432, -0.1353451302088297, -0.37366405601871816, -0.4041492277020865, 0.6784181461972637, -0.29868844510287607, -0.30446253601420553, -0.07430755702011324, 0.17320445526388342, -0.8942113972929524, -0.15385611377519273, 0.3539168633275766, -0.7491839202902284, -0.28245067145862224, -0.19491391971853475, 0.19537604326753913, 0.2060521711529196, -0.006031852834858535, 0.19470437475620708, -0.8160449381649948, -0.2123159522715781, 0.3154321005272131, -0.2733530754334176, 0.16613461366217955, -0.5683465577533497, -0.12246302207517948, 0.6924296446574271, 0.5902561464725998, 0.6927658070738816, -0.3321930061662968, -0.17170802199801577, 0.4417402530906016, -0.008277904505751317, 0.08822298420956558, 0.24989114362096165, 0.41368384612500403, -0.8523753386969116, -0.3990034416855775, -0.17283844981922325, 0.6741604332305949, 0.020721146268370377, 0.5372400257802099, 0.06945930489893128, -0.40407136192653154, -0.44035718024962234, -0.05962113541630481, -0.23231167285771295, -0.18818909442054668, -0.3577708621020339, -0.5779105946304034, -0.5076435765808843, -0.24601328599327485, 0.24058063033993363, -0.15401631341541436, -0.3983570391993361, 0.2449595404143442, -0.4527132401589828, 0.21468898835436084, 0.28317608228218505, -0.05320564891700693, 0.8544902377328607, -0.19321852581500348, 0.4093985660295054, 0.02233029521306315, 0.09249468930633403, -0.4351051661509934, -0.4679945351558404, -0.2996308297521281, -0.28967934298828263, 0.63648189672597, -0.008889081550444067, -0.3243179830273266, -0.21434397511871822, 0.07895740447449123, -0.24908829035039876, -0.35552076359859425, -0.11900134539327364, -0.3665513105854404, 0.15923363241355123, -0.11839288255380372, 0.3045364862095854, 0.17159230679529883, 0.2273288234035034, 0.39853840422157333, 0.22159374865386833, 0.1940216346754912, -0.03933812489891387, -0.3998267835096812, -0.07504915644460425, 0.2128904089878345, 0.41839564954480135, -0.6319463815385841, 0.14083423224222497, -0.3238577623130606, 0.0825835657232666, 0.17787804338701857, -0.5640762488225313, -0.23677372733769136, -0.4190988582765074, -0.5451704883258711]
698.8963274839896	(8, 12, 2)	[-0.26590377535961, 0.7398111189260431, 0.4462498460867138, 0.6945520081039257, -0.03701758262228712, 0.37365636405012104, -0.23663161513107522, 0.40356217727324606, 0.13659608581102023, 0.32094445999985344, -0.44077162217923854, -0.6572580480896516, -0.7631537405175155, 0.503089884089136, 0.10229390357678923, -0.13442955363967385, -0.07536647967227336, -0.1383804480490787, -0.8459902505010479, 0.22455233058559368, 0.681050513614264, -0.13689019650108078, -0.38777907596347405, -0.37767314647173233, 0.6765221996813933, -0.29922991562242435, -0.30281646539873114, -0.050544153280267845, 0.17255550423858013, -0.896183752815993, -0.0670093260958062, 0.3522592947233651, -0.7800046150112542, -0.2778526801748657, -0.29403709186867555, 0.20314204181517664, 0.18264449425391643, -0.005335064467504884, 0.32344881157685623, -0.8212343821241846, -0.20729500484268376, 0.37456026601011855, -0.2762221326651686, 0.16681442212386796, -0.5533356710920413, -0.15524422464470133, 0.6840020143062546, 0.5874208623507565, 0.6752865818937487, -0.2978962021288269, -0.1776393211479388, 0.46816780018220033, -0.008332199438631477, 0.06538766204565925, -0.08328202633121454, 0.4348494502025494, -0.8617616226366053, -0.4336424347119806, -0.16137243291053227, 0.6576405966721408, -0.2500127938706854, 0.5386142797358563, 0.05993455886403898, -0.40349459409212995, -0.42124777575594585, -0.05986848108215628, -0.19444504179772742, -0.18917546739631297, -0.35700473887911444, -0.5763145001174035, -0.41019475215138607, -0.2253521015973865, 0.2342581908502599, -0.16298441101935457, -0.32708311724574934, 0.2321298673734244, -0.45294869145695366, 0.15645450244109016, 0.28171146795145624, -0.05180907264376824, 0.85543816650971, -0.17360260039923536, 0.4552955979696771, 0.02813081675145658, 0.08336072622709585, -0.4679790123994503, -0.5351557572442673, -0.2952775485382859, -0.29865898841859273, 0.6291568197956212, -0.02583854969802965, -0.32829653156290184, -0.23016941598883703, 0.09186800363178671, -0.2503467111622734, -0.36701450538903135, -0.14234459344256584, -0.41069702675964515, 0.025417362089277282, -0.13326525484547602, 0.2610026819675543, 0.1705888197440058, 0.21744776286580922, 0.40128573341757484, 0.22499907544744827, 0.18665480236205936, -0.07011487983627043, -0.4018670557205583, -0.06535250634699555, 0.216012943768732, 0.42114497054606975, -0.5617745545620831, 0.14757963030733423, -0.3225383815092275, 0.07827740487310002, 0.2144298179386853, -0.637378086076843, -0.3235990366519645, -0.4762314330256675, -0.5028810168443952]
859.5250720192822	(8, 12, 2)	[-0.28899891222303636, 0.7385894828866241, 0.48917927987305704, 0.7076435883375115, -0.034565084745051516, 0.4016032363703997, -0.2473030360598747, 0.39218537655755076, 0.14221714853686598, 0.32199464283098184, -0.4642349436625569, -0.6448730374954484, -0.6032823898938887, 0.4982032988061007, 0.10582541251611238, -0.13701982412582972, -0.07057511997350989, -0.14749672281483162, -0.8432472642067325, 0.1780559820773265, 0.6455346720484391, -0.13706185566464565, -0.3733439317119236, -0.3985047337182592, 0.6776615738249031, -0.3087594207810867, -0.34027817917913283, -0.06488579988135423, 0.17780063659008302, -0.894627427554298, -0.14012667996903477, 0.3526612971928651, -0.7479759510548306, -0.28228210312307905, -0.1951706516586835, 0.17804149675490738, 0.206533047082903, -0.007433620644843166, 0.19443191322771486, -0.8321596481320885, -0.2140243557404472, 0.36587172992204325, -0.27651746401181604, 0.15308492794671336, -0.5613976714704327, -0.1544515720674159, 0.6924083651737201, 0.5901080986300676, 0.6841971552550747, -0.3326793659518585, -0.13795200933825177, 0.44963177960572764, -0.03301004909130712, 0.08504565273940848, -0.11737558268549543, 0.42402666066361877, -0.8410123943975969, -0.3988902927889574, -0.14050092159317662, 0.650879659148223, 0.02769556021037825, 0.5557430817590686, 0.07043656703495163, -0.4021866375484698, -0.4160959531810591, -0.05896914816344023, -0.21179587619806167, -0.17283111655577246, -0.3502141953205629, -0.5762127225611731, -0.3727910853934445, -0.23792129808214385, 0.22010660783555053, -0.15637511513998112, -0.31428621142963453, 0.2487478040644567, -0.4533227963942276, 0.15807667733721617, 0.28106590099007667, -0.05270544435812262, 0.8569175477612435, -0.1875682972524783, 0.40959246089096973, 0.024715097639784814, 0.004734627599522145, -0.4365741952686577, -0.6826881073207653, -0.3068108830687338, -0.3059738743907748, 0.6303437492126434, -0.011617954148436447, -0.3264954848943418, -0.19235384742697528, 0.007697678119173929, -0.15112756191248441, -0.35641766229660227, -0.17832919396631755, -0.4693351295978613, 0.04174710601640731, -0.10666518182304453, 0.24803814100870705, 0.17066809528153146, 0.19938009231478734, 0.3476652465301745, 0.22279556014835528, 0.21250269182307271, -0.027222043715761736, -0.4000744763419685, -0.058817208962728906, 0.21538053990840228, 0.4224556312421148, -0.5436624155400556, 0.1711398751099169, -0.32408266960562016, 0.07745613604307482, 0.04323960098976458, -0.5525037588087607, -0.23416633625684583, -0.48494685849051816, -0.5167109435236076]
879.2606895859385	(8, 12, 2)	[-0.17768307038609413, 0.743399505241289, 0.41379064208920585, 0.6912919803636867, -0.04013457554178186, 0.4122670360459786, -0.23205933108191903, 0.3946712471363765, 0.14081093599720712, 0.32358158598084197, -0.526375707022671, -0.6487854755398941, -0.48086763292057094, 0.4949289150341097, 0.102189384569483, -0.13302273150265392, -0.0666129481430347, -0.14095869526415433, -0.8550135403870381, 0.42840779954482766, 0.6779095356518822, -0.13494732004394477, -0.3789133000436747, -0.3737069394545445, 0.6755749922836455, -0.3210732026584526, -0.3041640808694581, -0.055834011303263334, 0.21376342138507642, -0.8921778026573284, -0.13512287338273926, 0.351796235079115, -0.778427147625938, -0.28236944088543037, -0.20791851608368941, 0.2011227664879695, 0.2089367922777852, -0.006355670647660745, 0.22442945146662513, -0.8302017515765299, -0.2125788598473821, 0.34020399463698364, -0.2759449198884278, 0.16142883313955608, -0.5577758404204367, -0.15049241807027122, 0.685615674427299, 0.5902000122252028, 0.6916067199263842, -0.305400119187818, -0.17689692810400284, 0.4469076033094592, -0.0024944790728098493, 0.0845207165815102, 0.050261377549464595, 0.4088080055847753, -0.8556135531338991, -0.359680282055561, -0.1473371609454784, 0.6594237734142302, -0.28735209671943074, 0.5433277779368041, 0.05985532873147559, -0.40445061660787585, -0.4256036373048258, -0.06049268082911687, -0.24169589642519398, -0.1841315655760408, -0.3551531679093187, -0.5698631168682392, -0.4861336782537999, -0.24251903639990158, 0.23646156250732644, -0.16047484287746544, -0.26944102205428383, 0.2502362127300936, -0.45373322888546996, 0.24114214794512862, 0.28165541764551755, -0.052243746293595614, 0.856406990167396, -0.18731211336996545, 0.4170411613247548, 0.025456295650221325, 0.08286963150514723, -0.45660597080121107, -0.5560568725134872, -0.298209263988154, -0.29429846530575604, 0.6340777810257255, -0.0090589198019261, -0.3268543803957202, -0.19270164302178122, 0.06264761360322828, -0.24988930647665125, -0.3635417129258158, -0.12539334972520758, -0.4127697784717563, 0.13299577133214568, -0.09786527331881041, 0.2810571113323937, 0.13638091026395435, 0.22601505384588927, 0.4455597011124555, 0.00871558715996415, 0.19201718857139422, -0.04716612727956963, -0.4007332550382264, -0.06443817235651196, 0.21594737103072673, 0.4205327488891679, -0.6213710993299006, 0.1376119851979826, -0.32327148991860843, 0.08427547132519671, 0.18485645434170067, -0.601936084871638, -0.28420825626324664, -0.45874153747073504, -0.5142016999190717]
582.3746908683023	(8, 12, 2)	[-0.3302113379493902, 0.7324416757570759, 0.5027540628753666, 0.6946596156685585, -0.03786507368607347, 0.37299109320308615, -0.18777548114579695, 0.39914548685591666, 0.1029775347028352, 0.32568270977521024, -0.4416758865510678, -0.6510562478176167, -0.5802665349082338, 0.4790774343773206, 0.08019882157244632, -0.12668049373028145, -0.0651275832720062, -0.14472633430324347, -0.8634928031062219, 0.09853426418768522, 0.6832041246089786, -0.13629881131266122, -0.3919358622636783, -0.3913303060546264, 0.6636526911025605, -0.30121940749393505, -0.2566168965748806, -0.06159046448367997, 0.17200868285171667, -0.8925301587953235, -0.11539651849960444, 0.35172490298058656, -0.7731752021873358, -0.29132520737561485, -0.18423333459218713, 0.1985029186510963, 0.18324497476117096, -0.002889405634432309, 0.17329259070483422, -0.8327156597087993, -0.21075614587628055, 0.44919131998452916, -0.2738266959676245, -0.026955602484376506, -0.5518707228928896, -0.15277057607888528, 0.5652803972364943, 0.5866028200084163, 0.6897746753835144, -0.32781554009669606, -0.07885263842848061, 0.48252232135774714, -0.0070456375474948554, 0.07984779342453407, 0.005024193276440048, 0.39708002226029593, -0.833860727584067, -0.42675026931334015, -0.1302684307047045, 0.6513118729673855, -0.054310493962604484, 0.5399430195672588, 0.06208871895824311, -0.3997727282508652, -0.4270796561088861, -0.05935189071965092, -0.20601781362530114, -0.1585549059709187, -0.34495475270646847, -0.5770478331847788, -0.39705348217381964, -0.2706666785718287, 0.23024131012682758, -0.1442024916056352, -0.192795881968463, 0.2244656289956445, -0.45337266726479386, 0.13507057631493793, 0.2853117742561466, -0.05389052050781468, 0.856201955741379, -0.18303901668390568, 0.41100452964306433, 0.02652649574703194, 0.1752030709361141, -0.4667253225309501, -0.5105123945490779, -0.3073938383098114, -0.30042589203347214, 0.628617519199526, -0.019846936617846152, -0.3248748953470154, -0.19458397069350686, 0.09481383878943198, -0.2144133237924301, -0.3566948970766892, -0.12705411685440213, -0.4335009493799587, 0.12500588905907403, -0.1371143152966932, 0.2629304693658945, 0.17027057961429437, 0.217735128059719, 0.41182908947979024, 0.2225957927851865, 0.1791130728738262, 0.020461021266395346, -0.39969356481477597, -0.03503440818818035, 0.21494660322184356, 0.420868424542626, -0.6112195709738574, 0.14636805768754022, -0.2943647882225153, 0.08802167827631839, 0.1690867396343595, -0.5556065909398383, -0.2781098542675909, -0.4764851317018944, -0.5174751804156705]
895.8511639350396	(8, 12, 2)	[-0.22523837385572404, 0.7461693223103456, 0.442857422203466, 0.7092165234037507, -0.04028523054950705, 0.3851928233543988, -0.24617415873262283, 0.3930646340272477, 0.14753622499363092, 0.324803567170467, -0.5113535111808333, -0.6476259544849473, -0.5481883981252119, 0.49568573762778073, 0.10314715222555546, -0.13094352545626806, -0.07455713353538422, -0.14621451896460919, -0.853190826428901, 0.4648634196379774, 0.6653243341510426, -0.13880630894341583, -0.3829634647093358, -0.3949084832520084, 0.6637984969873445, -0.3092940978534414, -0.3081933637447945, -0.05185784498375133, 0.20209706095627133, -0.8922613249815811, -0.1375681941955584, 0.35142130881837885, -0.7775535860196457, -0.2828251800323459, -0.20961504476050768, 0.19835704857935957, 0.20812716709939746, -0.006671534800615898, 0.1990268575378028, -0.8271062480974478, -0.2134125580733945, 0.363486748545566, -0.23051708682096508, 0.16603413631911842, -0.5600114723827261, -0.15442390182983587, 0.6857598245247765, 0.5896245705264187, 0.6914377038402859, -0.3086517781604744, -0.1675932706180637, 0.44848411726959825, -0.0031287943843910718, 0.08583080007539674, -0.011679646545123101, 0.4066709848070149, -0.8557614287740871, -0.35768677428151674, -0.18142005404754927, 0.6548369757413117, -0.1306884928496253, 0.5422843467619088, 0.0684781013330062, -0.40121683805151503, -0.41995118152645067, -0.058714003134247635, -0.21523033798105579, -0.18497266362378004, -0.34094964872114286, -0.571811871194933, -0.5146643176870128, -0.18315811493103923, 0.23344034563017263, -0.16141178141897045, -0.25784336365771876, 0.24977396696988508, -0.45613267178266864, 0.23199171699362886, 0.2811865990574007, -0.05262443522965159, 0.856694556924401, -0.18748513240704598, 0.4089948773541025, 0.09018561854227483, 0.056184659693320094, -0.45837530013719274, -0.6662633407282962, -0.31668622055856555, -0.29686866906726783, 0.6345628973312454, -0.013651565044154892, -0.32538255830645774, -0.1871103511790062, 0.06281519311152499, -0.2510106885756452, -0.35529412142050604, -0.14463732904404142, -0.4157418182718834, 0.024733507879625992, -0.09816426612471181, 0.2756056834135664, 0.16726097044919086, 0.2337488535590906, 0.3902816008459713, -0.01946678941434411, 0.19765104265475802, -0.040119503955719886, -0.40131528881534684, -0.06522152952172346, 0.2156399914812125, 0.42095536341510226, -0.5640881002757531, 0.13957643425695337, -0.32436023481209747, 0.08182386465824952, 0.13956224917483498, -0.6060524210031422, -0.265290302378621, -0.47077509009605634, -0.5112871471455053]
1071.0828929208637	(8, 12, 2)	[-0.25396979637265743, 0.7408513359833173, 0.4424329464069865, 0.709000275335656, -0.05094162539394027, 0.37659747217016476, -0.22931103274079773, 0.3921975335126302, 0.13913677024515714, 0.3271895843765766, -0.6221035752646534, -0.639379582774817, -0.7228091505545112, 0.4960180343727847, 0.1300764959482108, -0.13174638506199143, -0.07490201784508421, -0.14722066769865466, -0.8698412058488572, 0.473937250265088, 0.6640508865864974, -0.1381597855948696, -0.3486700503153387, -0.39728937670124626, 0.668852895290459, -0.30460601514915464, -0.17582087484843442, -0.04997501950374212, 0.19025359189666133, -0.894614701455852, -0.1461704865483403, 0.3389449608934185, -0.7634435373617415, -0.23608539443367532, -0.21292631275491422, 0.19083336037869308, 0.21768196138661852, -0.00663227935562134, 0.1988329202483662, -0.82549147815947, -0.20807165677590894, 0.2982727270213737, -0.2610152707924517, 0.16601876881034114, -0.5594011800863714, -0.1546190921750389, 0.6862749445825614, 0.5904480416030135, 0.6902092803426575, -0.31533570767019337, -0.1753463087698211, 0.45343094828806224, -0.02024859040557708, 0.09880177712518115, -0.07089181808070963, 0.4031843946037093, -0.8519116549762674, -0.3644824826930965, -0.17040569515295437, 0.6568002839203937, -0.0013208600179209773, 0.542201758636545, 0.06826378505716447, -0.40164873162441683, -0.41972906143285493, -0.05921166439993179, -0.20769476597644326, -0.1894978856340495, -0.34041743887673, -0.575762966492546, -0.4284019203417848, -0.2298152504084239, 0.2475996910415528, -0.1589814750132852, -0.27816234935692846, 0.25000049138234726, -0.4552551467325966, 0.24700365010720882, 0.28217726939309307, -0.05274188650672743, 0.8573184908049319, -0.1779695016572806, 0.40754360137895196, 0.03963755919275527, 0.06577473802043138, -0.4655210275817677, -0.6524799553024796, -0.31678810031171484, -0.2982602320591044, 0.6332881394566435, -0.013478775872246909, -0.32659045769601547, -0.18743515346601217, 0.0665628761006957, -0.2518203288451343, -0.37905531584340235, -0.07679636194836226, -0.4164629385831333, 0.0500280650350502, -0.10203622827518746, 0.2773370478261541, 0.17229946978715116, 0.20747244718851016, 0.4052676157775841, 0.02293700049218457, 0.19283124361141274, -0.046551506221222116, -0.401293502847146, -0.06512184620486801, 0.21592009789086267, 0.41841969307284654, -0.5961451218001468, 0.14152430179431405, -0.3238563358290872, 0.08181681422167637, 0.13706001671017445, -0.5810719510483771, -0.24609485602550352, -0.49909072690438483, -0.5002097534069718]
817.5718025902055	(8, 12, 2)	[-0.19942332291886775, 0.7442740622641978, 0.4477188779308571, 0.7039931891801648, -0.03881843033400434, 0.381281298330308, -0.23178642399295013, 0.3950153809083132, 0.13507255391586914, 0.31931827707545185, -0.4680480726921535, -0.6413842033945065, -0.5558642393617709, 0.5082585160429317, 0.1010217229287343, -0.12785265015958133, -0.07416154840147528, -0.1483353925342137, -0.8573341540812838, 0.31930421352503224, 0.6644667500245163, -0.1376773046161005, -0.38249891136954883, -0.39640594598169654, 0.668036104864602, -0.31251285471607826, -0.12899746148747354, -0.05738011342443879, 0.14009879178837764, -0.8923918477363301, -0.05813698895209257, 0.3511352144508541, -0.7667303859208789, -0.2828235714614934, -0.19027532203219355, 0.1919550085932404, 0.19777171283727712, -0.007441711042335936, 0.17355757018100137, -0.8084433933610147, -0.214785517210227, 0.36220904008851934, -0.281150501202467, 0.16393926663482428, -0.5560720687434559, -0.15305951236062196, 0.6836614876071082, 0.5909167024220575, 0.6893103631582428, -0.30761147035755804, -0.15801257193211896, 0.455902720103742, -0.0020456512882822, 0.01920905730949205, -0.09022404994217517, 0.404819775346856, -1.389006185211926, -0.38322396245613416, -0.16852752731119963, 0.6528599619060679, -0.23705153526551115, 0.5428649000092665, 0.0606088054434463, -0.4024716894152471, -0.4467255337480543, -0.059448451366020394, -0.2198360745150391, -0.18107938559435705, -0.3518346965184848, -0.5728904281612064, -0.5276226082053543, -0.24037819553784345, 0.2315734923554864, -0.1389385908904225, -0.2711908624515018, 0.2465419539253423, -0.45561346272168607, 0.13989531051639775, 0.2871850608041118, -0.05268837329917526, 0.8457938489487282, -0.18445396709832387, 0.4109090657530128, 0.04719819302981041, 0.05462554228830002, -0.4706866196514051, -0.5759126325435363, -0.3030509873658426, -0.30928205952259935, 0.6341700935125892, -0.012931501462270905, -0.3369516200651966, -0.19747484594169137, 0.06956197283732209, -0.24990470366844503, -0.36223618323786766, -0.1308760155032845, -0.4277805634703685, 0.0914713473702711, -0.10533358473408298, 0.2709534511519271, 0.17020210293448046, 0.22081321721508962, 0.39585274300061785, 0.25279179907221583, 0.19475295486643113, -0.04519023063425423, -0.40104206079687293, -0.06117967557734592, 0.21263234160992697, 0.4224765457338814, -0.6371051819299131, 0.1411611034245306, -0.32417572546765033, 0.08107386327890738, 0.15955450878372118, -0.5815266209233136, -0.2823416053246439, -0.4837129339556577, -0.516183268296807]
649.7355758135666	(8, 12, 2)	[-0.1916209887937479, 0.7400309427853665, 0.4358038286134573, 0.7041801861157696, -0.04523104308532272, 0.3800704248350395, -0.23171197008951933, 0.3946990001429635, 0.14162272954719307, 0.3187174590894402, -0.503755011371681, -0.6401604684884932, -0.5862892040093408, 0.5527560255759081, 0.11578737889114755, -0.12895185187801472, -0.07399448627608678, -0.14279156545526328, -0.8516347214972664, 0.3029235068570092, 0.6738447920227564, -0.13709456852079652, -0.38488526808836326, -0.3972130774312129, 0.6625181883072296, -0.3109218986413582, -0.2916267142383521, -0.05811667659791969, 0.18661212341825176, -0.8926081880922684, -0.10685989633012402, 0.35609343708555913, -0.7678360828485504, -0.24383859548484985, -0.5480887579931614, 0.19559091123309932, 0.1936888855625739, -0.007365822391964782, 0.20487229793626094, -0.805394804771161, -0.2100739506587483, 0.3571323495514311, -0.2478434954685379, 0.15809940286766372, -0.5560144750546544, -0.127198161625162, 0.6836633946869514, 0.5902994593504044, 0.6498005228184526, -0.3139506313967132, -0.16563392939583355, 0.4558833780475943, 0.00858666285082901, 0.016384176436631107, -0.10092829245690826, 0.40751846384405377, -1.3198688918962316, -0.3789226080229109, -0.1862590426361092, 0.6559064429198207, -0.10138553063253675, 0.5428656832660678, 0.06202496059629081, -0.4022078765013085, -0.44323618597035286, -0.06060239157971518, -0.22105288437399195, -0.18554614119401347, -0.3525524644633032, -0.5737932001707633, -0.5495101961424046, -0.2472575667430454, 0.23166467343192676, -0.13444156998408785, -0.30146343522174535, 0.24947624708572808, -0.455313997895193, 0.13514493694469173, 0.2901750037858466, -0.05292256603309077, 0.8455226368038204, -0.17739717560302867, 0.40891420305438064, 0.04836813443141955, 0.05456646087842449, -0.44847140767305493, -0.563544974621061, -0.2982051750834321, -0.3081943261602235, 0.6341519917883608, -0.01192611825809374, -0.3292438390858624, -0.19655085847260872, 0.06675605612855097, -0.25032348341731253, -0.3742052549456108, -0.07595636567759496, -0.41935016409216147, 0.06885164688239634, -0.10535294277528547, 0.2712075063689891, 0.17025548496597903, 0.220631308776784, 0.3999635167921951, 0.1580569818980328, 0.19513949557437582, -0.03593886845818715, -0.40134802461713476, -0.06598346995376589, 0.2132758767934754, 0.4228397298015638, -0.6084700912211959, 0.1408268594468181, -0.3239059528579354, 0.08306887531265725, 0.17811913451333053, -0.5826248470564857, -0.2729488545903161, -0.45427983704127195, -0.5046735863069305]
1602.2683560441417	(8, 12, 2)	[-0.28388667168489595, 0.7394368444522715, 0.42749874095292595, 0.6994365730658574, 0.007389191455266272, 0.3954972225409414, -0.2760596063412135, 0.39131739073939076, 0.12143148562227225, 0.3251358634242829, -0.4742104708328688, -0.639869082444654, -0.7428801967046367, 0.488677685643562, 0.08645708177242671, -0.1339893996245903, -0.07226190116593281, -0.14875609430156309, -0.8747615721969544, 0.18207006700869216, 0.6714074506951999, -0.136823019761565, -0.3778941957315829, -0.40585552004244846, 0.6778545374141711, -0.3031204881158519, -0.26381008417257246, -0.04895199869466078, 0.18154174583590646, -0.8988275579493338, -0.1425962994934482, 0.38380795422705766, -0.7624270222677478, -0.2192596145381464, -0.22324754081541814, 0.17950560722517306, 0.21667510372231755, -0.006299375368897288, 0.20569632230477183, -0.8493754291081133, -0.23912426683085886, 0.29876582929343143, -0.2940391067195251, 0.16594740449696482, -0.5625447402129893, -0.1539398827621218, 0.6828765794321289, 0.5893835891677295, 0.6830683106830937, -0.33269960225394796, -0.16365341411265816, 0.47088500441914694, -0.018697997948306854, 0.09674153783044064, 0.016841641477754715, 0.40830890950076204, -0.8460951566658518, -0.40846151022118865, -0.16656072184336668, 0.649555121218259, 0.005997484723945272, 0.5534203276132006, -0.045190662018316036, -0.40091767574721904, -0.4150649454697383, -0.05928119393638753, -0.2105782090851302, -0.19298384899438734, -0.35453741111040427, -0.5764036723646746, -0.238032548339487, -0.23945286580100225, 0.2290959910101568, -0.15583754670020517, -0.2809011974129344, 0.3838139461539879, -0.4528485064172423, 0.1558038031682281, 0.28271003066578543, -0.05254719728255452, 0.9736209709570248, -0.17657437167339973, 0.4064775861335455, 0.025205194750642167, 0.051464624696740825, -0.4832633782337979, -0.6022470136140844, -0.31047763473389156, -0.3055389397368198, 0.6327982437959788, -0.008501258622506374, -0.2586124843456247, -0.19937965190759835, 0.025159713917714533, -0.1058996129757179, -0.3848249637253046, -0.11505173965623408, -0.33788874032107163, 0.058521976663373415, -0.1194114366838665, 0.23941510485912706, 0.16042522552765562, 0.18841407361400112, 0.370076621812592, 0.22090373282477543, 0.20455450753023313, -0.03525318260481165, -0.4008127439803405, -0.06491459439429362, 0.2164391321235163, 0.6008243964580247, -0.6481958461667406, 0.1482871122156319, -0.32472599285803283, 0.07909579746306505, 0.15348973060630305, -0.570066943276928, -0.23306997900146836, -0.4680969988109105, -0.5063808578304492]
828.4343478929367	(8, 12, 2)	[-0.2589708552821793, 0.7370505962817573, 0.4027186798326151, 0.705108221190872, -0.039102404677080344, 0.3754838698529725, -0.25230170668250795, 0.39871811488109765, 0.17878981527178872, 0.32647789902997715, -0.4539853905712679, -0.6527410054636441, -0.5757770027832556, 0.528241542604964, 0.07870442669371633, -0.1280385636075656, -0.07349188424252408, -0.14995258725798105, -0.8587469675319988, 0.3390338653600239, 0.6673739092897631, -0.13753679124409676, -0.3748276925159903, -0.3958521194541107, 0.6714917168854008, -0.31336691350344215, -0.2370829326933221, -0.05540249978751134, 0.19787258545149328, -0.8953817245655317, -0.1301555710427249, 0.3497231494960168, -0.8105547283263946, -0.24264858428296981, -0.279625090903624, 0.18901565608978388, 0.2387236263176425, -0.005982760384210079, 0.266333716467661, -0.8384826908956475, -0.21802091285427858, 0.3523622601732394, -0.2571081821601412, 0.11844758666344965, -0.5576208469549921, -0.1544734071360311, 0.6988726190416592, 0.587180290670866, 0.6713697109775741, -0.31677762473580456, -0.0912732079805547, 0.48128738279521605, -0.014608734520193364, 0.11018306362894578, 0.034789071452038994, 0.41377372297080994, -0.895402652487167, -0.40779455544197873, -0.15847805596292153, 0.6582204710986329, -0.16189296156209396, 0.545988908777048, 0.058729157983109286, -0.4002646180728673, -0.4179068957195744, -0.06019543469222809, -0.21119123350288155, -0.17831285764054472, -0.34223231030797485, -0.5748374955705975, -0.44759893573324905, -0.2235733701200328, 0.238368056907309, -0.15769070396395554, -0.24914844195646813, 0.25009356078086137, -0.45355326378867694, 0.15067158695197352, 0.2853156772466263, -0.049774722273105344, 0.854268870997772, -0.16689283556438284, 0.41063977969184073, 0.0408694063825888, 0.08115975589181659, -0.39080057399585216, -0.5712387261878946, -0.3057797125017789, -0.3009115565540857, 0.6331342625245269, -0.10741349202386738, -0.2703469332451249, -0.18552284307613598, 0.05352693228019589, -0.28055621760727995, -0.36475531274703554, -0.11810494038238945, -0.40953409857272616, 0.10143620774644461, -0.10252119297525436, 0.2658666999736588, 0.1625109488357967, 0.19959066444036594, 0.39187369403514666, 0.22587520853778262, 0.19400052693597689, 0.035401447623934844, -0.4138786882841831, -0.06091202681083564, 0.21228354183212983, 0.4212573535153186, -0.6311466034846761, 0.1408408894458038, -0.3187072472156291, 0.08117177850702083, 0.16190200575459673, -0.5889916151779442, -0.2612368227416424, -0.4846882606606965, -0.5100600392896342]
981.2864095121912	(8, 12, 2)	[-0.23808326611641037, 0.7426002293170826, 0.4563443166148813, 0.7004751438257342, -0.04316795608998912, 0.3664331138298637, -0.25497205221898755, 0.3962878400994158, 0.10488896122302896, 0.322426771184688, -0.5084351326928965, -0.6357286559595609, -0.7473582460321574, 0.5098208591168959, 0.11372520414372325, -0.13041573139806148, -0.0752336581136962, -0.14810829605006479, -0.8720334607575265, 0.32848350408646915, 0.6888244015636469, -0.12689691382371146, -0.38844802937567274, -0.39787252829204894, 0.6722261361894656, -0.301141564156007, -0.22533542818707109, -0.04256338067380292, 0.0142393796667349, -0.8950354478655536, -0.11760650456411906, 0.34583096584406814, -0.7723488777326716, -0.28284328249668256, -0.23656516663620214, 0.19378684849353459, 0.2191136926476354, -0.006783803835710195, 0.164915906247618, -0.8197374239864226, -0.21222158676132014, 0.3401339407184947, -0.2727215011510873, 0.1547461810535382, -0.5656713776024469, -0.14728274460241583, 0.6824976406065489, 0.5901097006644671, 0.679904184704798, -0.31029808418448646, -0.16307569389043855, 0.4506302293288147, -0.005412220878332949, 0.04341445355115928, -0.005309743679355661, 0.41763614217332523, -0.8436789055911326, -0.3821940334851683, -0.21739732232992037, 0.658690026186341, -0.17367211927558468, 0.5433884761220268, 0.0438886681887964, -0.3995446281462796, -0.4381951308325544, -0.05972590768931531, -0.2200909373753905, -0.17859571786105882, -0.3515351821787976, -0.5771850172845302, -0.48770160441538957, -0.24420714699699278, 0.22925852719277945, -0.15741772454090108, -0.27769385381583994, 0.23340339484891212, -0.4571901691591967, 0.16541288497666312, 0.28412295301310075, -0.057106261053404016, 0.8494098780059549, -0.22466854730721478, 0.41441362830645406, 0.037632689906521674, 0.045300323444632876, -0.43878569799598355, -0.611922032105056, -0.30805362190372004, -0.2977761361938254, 0.6338781347424641, -0.015539918400464633, -0.33632917562725045, -0.19443436606694878, 0.05604094210298896, -0.2620572319730977, -0.3185465191693737, -0.12080682772003414, -0.4080843329742227, 0.1221145915266983, -0.09147265335361401, 0.271205963628077, 0.1708727666307838, 0.2173766869449509, 0.39105220878752855, 0.17589275720600306, 0.19699134160086346, -0.037081133352917996, -0.4014668621857354, -0.05901002669721643, 0.21236098330028488, 0.421836086369215, -0.6429851550749711, 0.15074745608266826, -0.32473552918749093, 0.08463365679636534, 0.15476305461330875, -0.5752009080233271, -0.25220805235991667, -0.4665630771843118, -0.5077404858833943]
764.618849060876	(8, 12, 2)	[-0.2659052548557103, 0.7425437966643156, 0.4116718673229734, 0.7030210543570563, -0.043709750760078894, 0.3724498314829844, -0.253527729281613, 0.3975500739993077, 0.1735799473669925, 0.32418760574920163, -0.47152164867066365, -0.6499399626232487, -0.6919013409359006, 0.5109820771388406, 0.09562777539428051, -0.13064691095294148, -0.07463335569483052, -0.14902680143561786, -0.8655923248274099, 0.331912610308328, 0.6643877223533049, -0.1353954981066917, -0.3795341603714025, -0.39690883314406405, 0.6722024676977597, -0.31235623801512197, -0.24054808686101076, -0.04353177364141164, 0.16066566661760154, -0.8951828826699386, -0.12266188544251601, 0.35012831005277884, -0.7335381868129587, -0.2854279955366727, -0.21837602734966396, 0.19450075764673375, 0.21154528124066183, -0.005962352597092878, 0.2503722491555092, -0.8207504898867565, -0.21805539721354394, 0.34400726820713273, -0.2698076436561146, 0.14269567980807346, -0.568884261048926, -0.15332215655856665, 0.6873161092653891, 0.5890454568610711, 0.6802641437841094, -0.3223794014164133, -0.13742068666928547, 0.4531474305200411, -0.00976979811992198, 0.06959957819299628, -0.01909432493599858, 0.4159723820212394, -0.8364006204212804, -0.385723327765812, -0.17634019145579327, 0.6590729703356325, -0.1322525285110953, 0.544390851024815, 0.05028817055006779, -0.39985464421624145, -0.4239672676784965, -0.05862613966959835, -0.20985941729512558, -0.17865770726397998, -0.35353369545082447, -0.5771202559606201, -0.4798282563783619, -0.22376713107494597, 0.23490713295053114, -0.15747446713432142, -0.3010954675776569, 0.24076660250130297, -0.45351648961437896, 0.1662443362156382, 0.2842016301702727, -0.05700644289488437, 0.8486218277729268, -0.17289857463309544, 0.4138094857203176, 0.037753326367322974, 0.053227343842965985, -0.3963665068493029, -0.5981455254678181, -0.30929195564146666, -0.306163660967808, 0.6338652195792198, -0.11548047629832864, -0.2928069442401278, -0.19647425769911378, 0.05538045502793369, -0.26196743490402674, -0.3283888300311967, -0.12076959187953933, -0.40914221319243343, 0.10879059730922713, -0.09120480145930139, 0.27169717441824737, 0.17094445286310728, 0.2190566813003398, 0.3909972851864609, 0.1968321345433544, 0.19710974225655212, -0.023286290237549, -0.41027153279544204, -0.06117033562038069, 0.21399393895666924, 0.4217564545993282, -0.6365385722739237, 0.14705996519497644, -0.3177862572163118, 0.0814181778961097, 0.221336353888688, -0.5690450660843012, -0.2529264827081959, -0.4724022616093365, -0.5096835089976512]
1774.091664781849	(8, 12, 2)	[-0.2776585248680354, 0.7427610175858407, 0.4209942805378766, 0.7028155560993464, -0.022021050239277674, 0.3717975504519378, -0.2498062035697301, 0.3945501349916633, 0.1564007085101993, 0.32323794375379267, -0.4833912454531866, -0.6428824740092433, -0.6529312974349456, 0.5108556917482936, 0.10935967393794796, -0.1302384968995634, -0.07331865565189961, -0.2203000395303703, -0.851255040250416, 0.3375975521327057, 0.6634890943344681, -0.13593476516962597, -0.38424916206919224, -0.3969108214035453, 0.6715047775323807, -0.3087767768081266, -0.22316968683294738, -0.04771943388646381, 0.1805633215854986, -0.8948634774145761, -0.12499066421038904, 0.35169846584106024, -0.7298595881125425, -0.2483090483839816, -0.31038130825861987, 0.19133951448379358, 0.21024738635287687, -0.005975959477258549, 0.24790016324609732, -0.8267777941341385, -0.21320543103002, 0.3564098050710041, -0.2689874065168878, 0.15546879886970882, -0.5477445555350254, -0.13425897265114625, 0.6816637623358859, 0.5872390264978714, 0.6804571222788532, -0.32217706068691326, -0.17068380533475805, 0.45288999254468165, -0.008953533043965222, 0.045819638917283086, -0.016852791543174886, 0.4131640961236464, -1.0028806136387256, -0.37533044049957187, -0.19123596251606373, 0.6578097542614468, -0.13834574843656017, 0.5445147043638934, 0.05520198924913657, -0.40358502229749665, -0.42526829088132106, -0.06137876809946421, -0.2092576327033184, -0.18824901428027463, -0.348541230336013, -0.5762150555196653, -0.45473197809447674, -0.23596571358086393, 0.23310129949789704, -0.15727620369924702, -0.2875476683866289, 0.24613043698019454, -0.4533091481883883, 0.1296424045525284, 0.2841150795710615, -0.053671668720679584, 0.8526257427703251, -0.20330959459773484, 0.41043120265143146, 0.038791336942445305, 0.06803809953654885, -0.450978316505354, -0.5718759274914376, -0.30848135225774853, -0.30392076695985354, 0.6332980450292583, -0.030373338360686758, -0.3083792488413888, -0.19509961290161737, 0.05506011470439309, -0.24909483948625075, -0.33279510980131044, -0.12102175035535344, -0.4123449956793201, 0.05789705859507108, -0.10427969750469053, 0.2719337261413242, 0.16889797740615387, 0.21758273116427235, 0.39788615012531264, 0.18382282934629263, 0.19616628856005458, 0.004450390496214655, -0.4040392068926155, -0.062485087960115204, 0.21362865158815894, 0.42124920609576266, -0.6356819520737805, 0.14118481288397774, -0.320382434498893, 0.08145530062582294, 0.1865864530865191, -0.5856260244580086, -0.25377242331700184, -0.48015091122244263, -0.5107490507790672]
713.146496345141	(8, 12, 2)	[-0.2598977204904501, 0.7414191213558765, 0.4255400825617347, 0.7029562873757267, 0.2707071812369396, 0.37300929016391765, -0.24270760274655945, 0.39866881288605815, 0.14999923311176733, 0.32121088079892246, -0.4217205299577345, -0.6484878235897453, -0.7029832885616251, 0.53396687286723, 0.07633393057097096, -0.13170042939569768, -0.07377222324127133, -0.17642770204378969, -0.8617118271205085, 0.39165003730182857, 0.6775362178484068, -0.1381435646442951, -0.3770429047447674, -0.397129360013723, 0.66742046597343, -0.31254626854269363, -0.2664842150193114, -0.04961454907939165, 0.16489039606506883, -0.892902613727925, -0.12123844025140916, 0.3501689258644955, -0.7381021019980089, -0.29544123162463026, -0.2747218043925978, 0.19376341942142897, 0.2189976928368067, -0.0059801919583761815, 0.23117335036352019, -0.8193138708535979, -0.20882244665086952, 0.35043213172360044, -0.27074816028964344, 0.15107256762579527, -0.552453233349732, -0.152187115770142, 0.6893291188003186, 0.5889941731739567, 0.6731752851841197, -0.3169220300348359, -0.16397934363463784, 0.4443661011752601, -0.010263755332719851, 0.08352967113846915, -0.04373774044009295, 0.44772066448102565, -0.8670121800450525, -0.3893690565699859, -0.17791130987333112, 0.6592259414663961, -0.15002476620901634, 0.5450224459890461, 0.06558959051334222, -0.40435515753692225, -0.4175890030270888, -0.059954738889122346, -0.2136195595669498, -0.17967496864097413, -0.35417355914685267, -0.5757021368102749, -0.46553694564689685, -0.23052141340802057, 0.2331636147264415, -0.16045710089256746, -0.27803179330630934, 0.2602560404697983, -0.4537298896958568, 0.15479242071756696, 0.288064074850695, -0.057990412681131344, 0.852596083463831, -0.16866194772006304, 0.4097818768935084, 0.040636596151692926, 0.008036096662172204, -0.43190372552584305, -0.5492357238274282, -0.2974060409519367, -0.3067457646000774, 0.6336110758408965, -0.06052513996740516, -0.29380355104924455, -0.18834336576327285, 0.05538621409713383, -0.2475524916145801, -0.3572940049313224, -0.08424161671085975, -0.4199467744656087, 0.0793116105248429, -0.11512742125934776, 0.271894540702594, 0.1705421862667078, 0.20867546605463289, 0.39543210538210455, 0.1988063764036997, 0.19557095849070913, -0.02050633669941827, -0.40657882841201437, -0.06391828270542887, 0.2845831492639924, 0.42193597903768293, -0.6213464204819082, 0.1340479463278471, -0.3180794022565533, 0.08075946517503269, 0.1572696772436372, -0.5886232508503376, -0.26054929508918534, -0.46682181397737427, -0.5193209566294064]
1013.3193934116678	(8, 12, 2)	[-0.2765766464900916, 0.7329087518755021, 0.5154572520619051, 0.7029523273663307, -0.020752939407574465, 0.35808982332001676, -0.26298772909240076, 0.3947123132355346, 0.1454401847022399, 0.31676385454259026, -0.4723920913899403, -0.6441257976001297, -0.5511071652242383, 0.5081155853535284, 0.11304305996936384, -0.12902625153248687, -0.07371117174648135, -0.13337786484085362, -0.8491706561497958, 0.35840092749538227, 0.6633949641782417, -0.1374078649336769, -0.38437543857968676, -0.3965848306815018, 0.6715909860487428, -0.3086792084367314, -0.256455335450755, -0.048412583099077096, 0.18511836842917356, -0.8924607725349167, -0.1094440357531779, 0.35107615238132406, -0.7328871114753519, -0.3062404788366317, -0.33474228986061505, 0.19041210409114043, 0.20786328553225647, -0.005746030596409352, 0.2526483205336663, -0.8236624908753678, -0.21151597263830352, 0.3611576681219301, -0.2674080666172145, 0.15608491734439076, -0.5530776870635211, -0.14647020733774582, 0.6811225245588491, 0.5901577792813891, 0.6794164046680112, -0.319665953807692, -0.16969573840318147, 0.4522661360598256, -0.00915187628118874, 0.04182252490674618, -0.11480311744462089, 0.3586598371470886, -1.0181580309924971, -0.37338900513293133, -0.1915364098401002, 0.657768872038234, -0.22246150723944813, 0.5453151160189339, 0.06452481474644818, -0.40253948975625353, -0.42421545640732583, -0.06148889694548389, -0.2083894485726244, -0.18998406232418594, -0.3482664234531611, -0.5757351044761678, -0.4483792643977644, -0.21815407616459273, 0.23185047898295366, -0.13865130318713068, -0.2698375610274803, 0.248208027326462, -0.45284654315750555, 0.13596220689005756, 0.3875512260483679, -0.05333758433058011, 0.8516108138964809, -0.17207852730997175, 0.4105288768245609, 0.03876024860277983, 0.07697080095598634, -0.4144558760344904, -0.5232664810034217, -0.3094307448749432, -0.3079371737737214, 0.6335241061575475, -0.029408345199322193, -0.31252455155516107, -0.1943696286175619, 0.055363708240091646, -0.24802232780446015, -0.34060384012040784, -0.1240587224611523, -0.40928204026827175, 0.07252252519487908, -0.10638853175704305, 0.27144390906488175, 0.16854504438200796, 0.20699584542748511, 0.3960528784745448, 0.1975428384283412, 0.19498945787101746, 0.010578273483461693, -0.4042415720616017, -0.05805646582171224, 0.238229683891982, 0.42113091446031575, -0.5990976411366512, 0.14060656907502744, -0.3163556610110139, 0.08111592555819816, 0.17892145112901015, -0.5843887918943282, -0.2720333967661933, -0.4844971642794969, -0.5234764569685383]
1303.7150133202945	(8, 12, 2)	[-0.2685771494801902, 0.742327464446115, 0.4229821348695056, 0.7142936219498301, -0.035728239029062685, 0.3869720973814345, -0.2545821063533172, 0.39162603276516045, 0.12641781919699271, 0.32079419661504194, -0.4762777975207517, -0.6381547008364952, -0.6305131079284053, 0.5134861025189622, 0.10253044500891653, -0.13065261749181661, -0.06721244470805043, -0.18465157914815233, -0.8561306278328856, 0.34190992802291803, 0.6952257730642191, -0.13351201336477278, -0.4232533516602386, -0.33976505906798393, 0.6709736181544795, -0.30650239137829344, -0.29614934020577616, -0.023699850139743576, 0.17344977219316582, -0.9000259113791692, -0.1252446268209754, 0.38999398709525607, -0.788658177735352, -0.2743318813881961, -0.30727091245283084, 0.18543617310275629, 0.22218841750884438, -0.0063611924765518595, 0.1959294675891866, -0.8294584159084802, -0.2124695082964179, 0.3524157067777392, -0.2684066289837481, 0.15283526655117602, -0.5624138562177342, -0.14592337571593963, 0.6819335426970055, 0.5901647698864934, 0.6830773670754199, -0.3079419979440687, -0.16291008702525583, 0.45445431622804694, -0.008706183332232997, 0.07581162823055744, -0.012098378095330535, 0.416676685956235, -0.9227509281324922, -0.4061242582165586, -0.19102420263878636, 0.6570099373334318, -0.10756316969504687, 0.5444139643326258, 0.06261434300279174, -0.4032709770791518, -0.42284337503464986, -0.061070649231247796, -0.21499456075798953, -0.18826521241732175, -0.3505322536256436, -0.5762437030909263, -0.4575562189692041, -0.2196871242840356, 0.2346072607018394, -0.14151519473992943, -0.262012452204049, 0.2918922773590208, -0.4541107681161957, 0.14957694491671575, 0.2831194904401561, -0.05467216434237031, 0.8576741503630901, -0.17905268421542997, 0.41069833567971964, 0.04181438720051615, 0.0026865439086048437, -0.43235154377261564, -0.5716475692937526, -0.31083744970490884, -0.30111279060029883, 0.631024693097014, -0.03231431141207308, -0.2350975652868958, -0.1946079897898595, 0.058250570044243596, -0.24463714522220664, -0.342083290520274, -0.1151903853982135, -0.4132562161375749, 0.054154739163245855, -0.104306134648818, 0.26973486319853063, 0.16919072215708833, 0.21313955187406552, 0.41681376934425746, 0.2731465337994091, 0.19552508634831695, -0.016269034762746992, -0.403910453222948, -0.06450234087616971, 0.3092244741861468, 0.5527070981576337, -0.6134513613781726, 0.14722610123483587, -0.32081498840538186, 0.08310630297413012, 0.1722261775221711, -0.5872041767708784, -0.23983507335140522, -0.4775351805510085, -0.5132663593797097]
1068.260151559106	(8, 12, 2)	[-0.27953998482331355, 0.7308693248822192, 0.46101454115747686, 0.698738074450624, -0.019876468920814197, 0.37335064637692955, -0.2599880827131549, 0.39364882934437917, 0.1266909214324165, 0.3159850287833507, -0.48239204136079944, -0.6455270389808485, -0.6637389471412083, 0.5077472879275731, 0.0814363621415192, -0.12843838256581688, -0.07433903490776159, -0.13408037662738168, -0.8548296479303197, 0.3602531261631499, 0.6620562823566818, -0.13827220571837315, -0.38148883716596343, -0.398377139573728, 0.6694352474941017, -0.3102812235057453, -0.23722453545346828, -0.0443044322722429, 0.16978416240029004, -0.8913348056732098, -0.06637609527245067, 0.3566099133482808, -0.7786233481914829, -0.29887432956805315, -0.3301574084361852, 0.1845558116931579, 0.21189352758415458, -0.005837682874797669, 0.25729201103170773, -0.8389601548489882, -0.214645424761069, 0.36093022733225155, -0.2663696925984759, 0.1532882024969609, -0.5578472992369705, -0.1460631127421629, 0.6810756166695346, 0.5892699797392308, 0.683457913737632, -0.3215914395856065, -0.16476047093347215, 0.44463217072429556, -0.008207903345210397, 0.061897319166362416, -0.07120982977646158, 0.3817827787455442, -0.8967352685253721, -0.37526795133996166, -0.18514004189114602, 0.6577489816240416, -0.21866280527021498, 0.5452394736497728, 0.06316254160408147, -0.4007922850052008, -0.4287299320658746, -0.059985985548222626, -0.21103454610625322, -0.18728477881649472, -0.34824900579387413, -0.5491812659088985, -0.4459905167879816, -0.20789899023530717, 0.22774921462219416, -0.11406545478970564, -0.2792885025673875, 0.24564322057078478, -0.4542298994586437, 0.14515987997248103, 0.2821725450711114, -0.05355497172220715, 0.8527188502070621, -0.18226196926149968, 0.4105517004449237, 0.037836048343932734, 0.12685023950033714, -0.406721564848481, -0.5296559982219666, -0.3086413434637355, -0.3062050141698366, 0.6334903293256732, -0.05823694336305317, -0.2946836938415201, -0.19563475559802093, 0.05947157117362763, -0.24898071077802128, -0.33851745307095765, -0.06236008011136217, -0.4117082840679551, 0.07041536587245466, -0.10665873758102862, 0.19637753011825868, 0.14578979288382535, 0.20352538319546068, 0.387635542030221, 0.19821117661851267, 0.1945161165445238, -0.014660139239162435, -0.40089065955836317, -0.05820386606976824, 0.23274173521276562, 0.4341548795957295, -0.6291352534717397, 0.14966430166478423, -0.31814073556832095, 0.08096396435983821, 0.17659225097916625, -0.5841101841444385, -0.2627110373700312, -0.4858227452835252, -0.5150278718334144]
907.4327719552437	(8, 12, 2)	[-0.27953998482331355, 0.7308693248822192, 0.46101454115747686, 0.698738074450624, -0.019876468920814197, 0.37335064637692955, -0.2599880827131549, 0.39364882934437917, 0.1266909214324165, 0.3159850287833507, -0.48239204136079944, -0.6455270389808485, -0.6637389471412083, 0.5077472879275731, 0.0814363621415192, -0.12843838256581688, -0.07433903490776159, -0.13408037662738168, -0.8548296479303197, 0.3602531261631499, 0.6620562823566818, -0.13827220571837315, -0.38148883716596343, -0.398377139573728, 0.6694352474941017, -0.3102812235057453, -0.23722453545346828, -0.0443044322722429, 0.16978416240029004, -0.8913348056732098, -0.006479158984568481, 0.3566099133482808, -0.7786233481914829, -0.29887432956805315, -0.3301574084361852, 0.1845558116931579, 0.21189352758415458, -0.005837682874797669, 0.25729201103170773, -0.8389601548489882, -0.214645424761069, 0.36093022733225155, -0.2663696925984759, 0.1532882024969609, -0.5578472992369705, -0.1460631127421629, 0.6810756166695346, 0.5892699797392308, 0.683457913737632, -0.3215914395856065, -0.16476047093347215, 0.44463217072429556, -0.008207903345210397, 0.061897319166362416, -0.07120982977646158, 0.3817827787455442, -0.8967352685253721, -0.37526795133996166, -0.18514004189114602, 0.6577489816240416, -0.21866280527021498, 0.5452394736497728, 0.06316254160408147, -0.4007922850052008, -0.4287299320658746, -0.059985985548222626, -0.21103454610625322, -0.18728477881649472, -0.34824900579387413, -0.5491812659088985, -0.4459905167879816, -0.20789899023530717, 0.22774921462219416, -0.11406545478970564, -0.2792885025673875, 0.24564322057078478, -0.4542298994586437, 0.14515987997248103, 0.2821725450711114, -0.05355497172220715, 0.8527188502070621, -0.18226196926149968, 0.4105517004449237, 0.037836048343932734, 0.12685023950033714, -0.406721564848481, -0.5296559982219666, -0.3086413434637355, -0.3062050141698366, 0.6334903293256732, -0.05823694336305317, -0.2946836938415201, -0.19563475559802093, 0.05947157117362763, -0.24898071077802128, -0.33851745307095765, -0.06236008011136217, -0.4117082840679551, 0.07041536587245466, -0.10665873758102862, 0.19637753011825868, 0.14578979288382535, 0.20352538319546068, 0.387635542030221, 0.19821117661851267, 0.1945161165445238, -0.014660139239162435, -0.4033957128467409, -0.05820386606976824, 0.23274173521276562, 0.4341548795957295, -0.6291352534717397, 0.14966430166478423, -0.31814073556832095, 0.08096396435983821, 0.17659225097916625, -0.5841101841444385, -0.2627110373700312, -0.4858227452835252, -0.5150278718334144]
718.6210108772244	(8, 12, 2)	[-0.27403775321289314, 0.7314611687280916, 0.463361297199574, 0.7030995098828294, -0.02257232283197864, 0.3732872365602858, -0.2601561829912926, 0.39481625818577276, 0.1326045182988195, 0.3189306867346001, -0.4831043528332773, -0.645069978124446, -0.6741758487753642, 0.5097335587927924, 0.1332839654458574, -0.1297260425969884, -0.07433700019969083, -0.13347089735207926, -0.8439645943742866, 0.36064417730664994, 0.6629603646365992, -0.13806044764066686, -0.387000984820426, -0.3993690213252514, 0.6708299591243074, -0.31006257800850556, -0.23697155801976127, -0.04415899366711552, 0.16745393082736754, -0.8908335717956725, -0.11753849549683162, 0.35466285108090323, -0.7619079240819214, -0.2971000744702134, -0.32754731807760745, 0.17653912879728242, 0.2084122985836768, -0.0067325566685959735, 0.24931846763422919, -0.8431428680978093, -0.21539715806185578, 0.35999260503669733, -0.2715216976749208, 0.1545981239975863, -0.557504999989193, -0.14712189483257543, 0.6818447160532163, 0.5889750714596655, 0.6811577928627618, -0.3189513835261906, -0.1646399170046398, 0.7061759522887616, -0.007746569812754916, 0.06922137876683239, -0.053311103450946015, 0.3853650925554226, -0.8986352904537117, -0.38050188513471117, -0.18301704606741023, 0.6577383366280299, -0.2258287014456923, 0.5443082330871385, 0.06607912230661156, -0.4008701103975104, -0.4304287839507611, -0.028904769938671686, -0.21028548733085362, -0.18038123247972343, -0.36942507024577964, -0.5182412400910963, -0.4329425878911157, -0.20822941814551066, 0.23268643222100027, -0.10543886190514835, -0.2855307736745511, 0.24859201997406943, -0.45447757329293326, 0.14531661435349993, 0.3889722627350779, -0.055760315244312894, 0.8513574221965964, -0.1911410787574278, 0.41053116217827884, 0.027959390747035084, 0.0506053646514918, -0.4400076029304875, -0.5366481847924234, -0.30852837602370214, -0.3062395739461546, 0.6334648095325403, -0.0634482576863204, -0.29241931287961564, -0.19536823741742232, 0.056775929659640796, -0.25238593580989904, -0.3395207272884706, -0.4706934888610521, -0.41181290613536764, 0.06885894951816833, -0.10701399579891621, 0.2225866179158045, 0.1538817269046403, 0.1996914242602859, 0.39514543303213373, 0.19408994678989486, 0.1943272382181174, -0.011682564229422626, -0.40641113205662505, -0.061323064584900944, 0.23043937939502684, 0.4292806081597207, -0.6294113518608133, 0.13654078110299156, -0.3185432158833498, 0.06369964156284232, 0.17505152907660443, -0.5925906181670276, -0.25840569054726953, -0.47681554289459843, -0.513008044657152]
891.7962435963851	(8, 12, 2)	[-0.26836876141037574, 0.5693008080024773, 0.46544124341030735, 0.7091912881497479, 0.03209047470666028, 0.3735871825666035, -0.26085435384382405, 0.39465971038687775, 0.14763537964082726, 0.32179683120200236, -0.3036005527559005, -0.64397116391792, -0.5601472754483139, 0.532734976691447, 0.12592922459011663, -0.12969203856573366, -0.07439150612533244, -0.15497420896934738, -0.8540195724974826, 0.36105190659581893, 0.6637855424542479, -0.13605891732223527, -0.40471297917653637, -0.398165952032336, 0.6703166561855499, -0.28339150860404516, -0.23553466937014722, -0.04314532707217261, 0.17104412691752904, -0.8949986177350238, -0.11737857656837121, 0.3564383026945739, -0.7382383683201786, -0.2960508905185839, -0.32700727462940843, 0.1818704114619751, 0.21111459895929843, -0.006721466970665043, 0.24690232990123495, -0.8369374053687663, -0.2153765259317094, 0.3610333184060765, -0.2669237565878261, 0.15481464190196825, -0.5524536297812356, -0.1459152238742479, 0.6819322845501299, 0.5897745300709757, 0.6807475459800015, -0.3179822921167614, -0.16454482882628954, 0.5052376056158023, -0.009031960616952727, 0.06791396881333922, -0.0735190909578413, 0.38384132289099526, -0.9040941499597412, -0.38007419557300043, -0.18519737845776485, 0.6573006475336057, -0.2378400373784107, 0.5444181108467799, 0.06561812777051561, -0.40191966382446087, -0.4305716815137924, -0.0406071315102094, -0.20976263903160478, -0.18234993628315094, -0.3524459019334685, -0.5215302864185601, -0.4358997114869436, -0.215949688942565, 0.23271249098267222, -0.0984818335401774, -0.2859868561904185, 0.0966455585799047, -0.4543880154239326, 0.14570927685079116, 0.40311677267687784, -0.05526342121542949, 0.8486630656220564, -0.1897806767301415, 0.4105333047503782, 0.026003977298510547, 0.048414319507425495, -0.4309288098372099, -0.5363621158167419, -0.30849855704994594, -0.30610840049919713, 0.6335075194995574, -0.05219525696762246, -0.28063862205116824, -0.19527576862100143, 0.05643008819084708, -0.2527036771402616, -0.34097315460992045, -0.27304719568773905, -0.4123509877187492, 0.07073690959274168, -0.10465504232223874, 0.2511679190688337, 0.15429091615346377, 0.1981276607150923, 0.3946592413849304, 0.19772128061049937, 0.19471928652893536, -0.004805540309476506, -0.405241596391654, -0.061494985924870856, 0.2716695133570039, 0.43439485700078007, -0.6275580400673836, 0.1414892116897378, -0.31612660021181105, 0.061671073214530796, 0.17597578749458204, -0.5929396840311527, -0.24782175608411183, -0.47740267722836954, -0.5141578148427783]
913.914019620393	(8, 12, 2)	[-0.2552304521910249, 0.6643210002277602, 0.44547159339686954, 0.6983560130790913, -0.04569225497939036, 0.37340327984361893, -0.25542800165498863, 0.3945194959970791, 0.12401482446643816, 0.31995523251012625, -0.3508299591065174, -0.6413546777515267, -0.5470260046233212, 0.5083192024428408, 0.09866707205861888, -0.1301678431514924, 0.07781933461305846, -0.16227463899349862, -0.8518108639646745, 0.33616602028414505, 0.6626993003898923, -0.13069621930181735, -0.3785003108859357, -0.39805647700242097, 0.6465817639830478, -0.2523919703778795, -0.29102852198928864, -0.04768587923759291, 0.15603347794118588, -0.8923759602127916, -0.0725893289008985, 0.3685944144480952, -0.7455496987883523, -0.2894051853115874, -0.32780220263372817, 0.1887597453570497, 0.21270302442784006, -0.0061565405664181245, 0.2528575621501514, -0.8349785016641847, -0.2140626086153992, 0.3608689418153773, -0.266527963036885, 0.15220677133663216, -0.5572041453006802, -0.14598122829051682, 0.6809970354922454, 0.5893457823010247, 0.6845222147608094, -0.3194696504597447, -0.14832161580868963, 0.4439956391769983, -0.011700182488122698, 0.07120286566347456, -0.05122926272150404, 0.3862092941724129, -0.886026331912116, -0.3824508077315414, -0.18113092303746015, 0.6580926380747554, -0.1769199149677206, 0.544978532971716, 0.0539688156842837, -0.40182137815747604, -0.42189519309745654, -0.058663826380563194, -0.21278792391642323, -0.18345419212467154, -0.3480275600679896, -0.3933648922936569, -0.44522389269907664, -0.2280871937092293, 0.23345723715194003, -0.12973335262966115, -0.28002490380766737, 0.25459729048787433, -0.454195581182391, 0.1415630941511263, 0.34741342761140254, 0.30802151290813634, 0.8530823702700265, -0.1835150599115333, 0.4101667511981393, 0.03922193486274543, 0.05803478414177361, -0.4047998235409266, -0.5478004448254956, -0.30663432533580204, -0.2841867459132047, 0.6334580352559447, 0.0030178800411116286, -0.30751537127516315, -0.18323678719523956, 0.05794176085873167, -0.2520900665824234, -0.34820872363742367, -0.10161981308978872, -0.41242375313689694, 0.0726225404733716, -0.1067392343242425, 0.2724135948591689, 0.18133657729538494, 0.21482584575856917, 0.3888996009057009, 0.21636307550690978, 0.19607400154400118, -0.002445439070453764, -0.40368000381088, -0.06286361383851534, 0.22674120381262886, 0.42438630385142934, -0.6195751648492049, 0.14932409157108328, -0.3208524620881053, 0.08081822545349851, 0.16264884933391216, -0.6216909862534158, -0.23766576787949745, -0.4872881170628997, -0.5084737242913785]
960.8974743719061	(8, 12, 2)	[-0.27510524376382683, 0.7319643575694844, 0.47168572863265074, 0.702771882567132, -0.024771962638897204, 0.37863988026326106, -0.25974661983428154, 0.3937219247584986, 0.12938107506316146, 0.314746020320348, -0.47789916148676265, -0.6454827563337675, -0.8925933725638698, 0.5092136950838488, 0.12130076740344736, -0.1290818550476172, -0.07409968244246809, -0.17059040455544633, -0.8432675500409649, 0.3262245218217723, 0.6592679101079785, -0.13802752560888706, -0.3854323547161213, -0.4213051361870778, 0.6708292257280302, -0.31007730785279347, -0.23703731420777333, -0.05289396311995918, 0.16703913058330075, -0.8946134431901808, -0.10641179958792713, 0.34921036697735985, -0.7727448113517942, -0.27918961993898084, -0.3235330391985335, 0.1778035617657552, 0.20859581305910727, -0.006303544559580756, 0.25378829630507654, -0.8392930320174131, -0.22158440426472203, 0.360817769131527, -0.27073258690042734, 0.15316523462369105, -0.561386460342595, -0.146576392539291, 0.68929816739147, 0.5888330312008843, 0.6871424676265069, -0.3179897837535155, -0.1643322864310587, 0.572472818030297, -0.007880645819652844, 0.07527977646162964, -0.0535956294000782, 0.38211424795407256, -0.8977882349856459, -0.3840678035454051, -0.17951391385142568, 0.6581395128615994, -0.22635551470562193, 0.5448284470807615, 0.05963801083522152, -0.3588051834412261, -0.4291032105446352, -0.06495077595427551, -0.2132248352780189, -0.1851338910514513, -0.35757840396697355, -0.5275079738001202, -0.4385134346600553, -0.21131948739010717, 0.22928690594840312, -0.1225045551510737, -0.27604871418029264, 0.2487111830290595, -0.45429535455450637, 0.14512793622699394, 0.34097669499953037, -0.05309725674878649, 0.8478669211683949, -0.18743693581268933, 0.41016228404741734, 0.03444416886852818, 0.12623640387410937, -0.41176676313810595, -0.5367839827222027, -0.30854327256897035, -0.30624145685803916, 0.6334433451335874, -0.06355405397787114, -0.29617233366459544, -0.19564537571201573, 0.054624383742015864, -0.2545868504617676, -0.34997816828612277, -0.3471455930053437, -0.4118935371526596, 0.07092277501529531, -0.10702939224532815, 0.21034805282173097, 0.14773943586417718, 0.20348470397526866, 0.39614145199496265, 0.20512418284987338, 0.19437312380860886, -0.009472735053459896, -0.4056864875258613, -0.06474496567782155, 0.22337593247683538, 0.4333580830699754, -0.6294866739837581, 0.13150433438412534, -0.31850119304380436, 0.0405430955702549, 0.1752994651249642, -0.6495328231211532, -0.25201690010467875, -0.48038390173597134, -0.5128858407739343]
536.8427548982577	(8, 12, 2)	[-0.2702535044281916, 0.7321079895798888, 0.46192233804506505, 0.7082409170500489, -0.023264367843880543, 0.3966054447219432, -0.25540704233359884, 0.3946513282895465, 0.23663491410010576, 0.31823228281881333, -0.4658050893932054, -0.6462426796316417, -0.5573093651187412, 0.5037462074184799, 0.11749274149155814, -0.13027710141557736, -0.026210733215784515, -0.1634952826334582, -0.8590260334654235, 0.3584994891676747, 0.6704900393066199, -0.13816750937941338, -0.5980914713027268, -0.3839947992889719, 0.6539676243491676, -0.2536208715339352, -0.24518392900637495, -0.052322405806826344, 0.17344106048495753, -0.8929683061530806, -0.14823047171614723, 0.4510127654768418, -0.7977567649043041, -0.28530625727700426, -0.343377867862257, 0.18295666466119473, 0.2136327219553757, -0.006293119519393632, 0.28919977022526283, -0.8362864719105574, -0.21444809143788948, 0.32902224565433075, -0.27014810264974454, 0.15246675468604778, -0.5553683921771654, -0.14685642342471766, 0.6837315063057187, 0.586105819363087, 0.6849172909597607, -0.28450299725889716, -0.15396613592232375, 0.5847124449928824, -0.1348829662687545, 0.06916685638126782, -0.0312993495911946, 0.3578529828824246, -0.8888514582072155, -0.38066281120729367, -0.17431665792611722, 0.6564651752503347, -0.17670603303451046, 0.5455292988762339, 0.05902152508461867, -0.46775813012789913, -0.4371968985807239, -0.04310992878157885, -0.20945482645062768, -0.175222586368053, -0.36704062542378973, -0.5618485257351725, -0.44461416112615204, -0.21481075366133126, 0.2275061363484086, -0.12165222776101993, -0.2718684322619135, 0.1828777313742284, -0.45409804756366606, 0.1444159231833642, 0.2975722196825512, -0.05400807225272764, 0.8518408197433723, -0.18681441529593842, 0.41092566134635633, 0.020993946868706925, 0.045383010050358115, -0.4191515286525456, -0.5445456608273621, -0.3076485491787646, -0.3050134594944285, 0.6335689901965069, -0.08329071543418114, -0.3027280275938022, -0.19563583201299442, 0.05651904801403678, -0.23117957911506923, -0.33635563817648445, -0.13676050097048822, -0.410533911710707, 0.06883957059343207, -0.10524652911860387, 0.25585936278744026, 0.15347206637810648, 0.20395575306271238, 0.39062611425452204, 0.20609536757176858, 0.19522081960450036, -0.2470756556590738, -0.4034317470496358, -0.05930061791851548, 0.26036242577975344, 0.4351172464494177, -0.6189032593031911, 0.13835817567085473, -0.3196577623057202, 0.07362892411062014, 0.17557075401424657, -0.592733954268727, -0.23730270169240741, -0.48046589216999624, -0.5133064685139643]
800.8824538593376	(8, 12, 2)	[-0.27454171012448425, 0.7242694094958788, 0.4509986982200727, 0.7026112374382539, -0.0926737864251969, 0.37595279238347473, -0.2604647137883987, 0.3941048499712779, 0.12294938029918498, 0.31438320230047445, -0.4509766593582819, -0.6451458077913642, -0.6506920858496603, 0.4942130756675164, 0.12674652451393248, -0.13006541151921053, -0.07352985953171436, -0.1538498537421106, -0.8511869187650306, 0.34615719738763634, 0.6735045915624213, -0.13908222337026827, -0.38218301235973035, -0.3997838161814015, 0.6711811359917419, -0.3110239345647358, -0.23285173875481102, -0.04539454115608283, 0.16986774969470989, -0.8912869989575041, -0.13193618059163637, 0.3539814024115525, -0.7673479575266147, -0.2781706176851991, -0.3236283724336941, 0.14267039783032773, 0.21139511624063667, -0.006479401577428805, 0.2526885957734227, -0.8427999975093671, -0.22034266725445673, 0.3605483501393175, -0.26638137954663166, 0.15567383767448623, -0.5668913608546964, -0.1483881486230024, 0.6794722761519998, 0.5881138386210696, 0.658104763532271, -0.31998919078687055, -0.16145105314648836, 0.5642775061487618, -0.009208481167718873, 0.06809326265985138, -0.05456487006440122, 0.3722775873474216, -0.9230814576313298, -0.3799112461431363, -0.17753622968446686, 0.6584223718785125, -0.1627497486558615, 0.544233671972503, 0.06110438540342523, -0.4342758158584013, -0.4274910669226844, -0.06019493370084016, -0.21272277706751902, -0.18417656117672587, -0.38212464395413015, -0.5408629660374861, -0.4426528784902191, -0.24700462779926644, 0.23050588805318248, -0.134095103164826, -0.2707328676642417, 0.2534884649429297, -0.45351488737338363, 0.14301494541866155, 0.3538277068496097, 0.13567742074574518, 0.851832916262801, -0.19635089265973313, 0.4103922530782914, 0.03895761120412886, 0.06213043327789408, -0.44717077535774274, -0.5504522745198411, -0.3075207042759641, -0.29857910732751586, 0.6334191793837107, -0.015266005327926747, -0.29539147170849894, -0.1955307086408551, 0.051076860001911674, -0.2532920947930834, -0.34031124635967647, -0.16279148772070962, -0.39031640315914956, 0.07139252625135672, -0.10086129523134435, 0.2548952564694005, 0.17307115219280897, 0.2031872212574709, 0.38829833738542635, 0.19614481495803673, 0.1943630856069754, -0.010086760015419808, -0.40352676020350026, -0.06309117843646052, 0.23319395909594637, 0.4295637303134729, -0.6283212676375913, 0.1432662775083178, -0.32123279025634455, 0.07510043465205057, 0.12150992514515203, -0.607840606062828, -0.3131748381429418, -0.47851042389431053, -0.51220134444594]
637.4844440311185	(8, 12, 2)	[-0.264688025061715, 0.7015758032216075, 0.44389014211491046, 0.7041453616694151, -0.019752237741027922, 0.3810915658080209, -0.26029331702558234, 0.3947394661679499, 0.21247307825883166, 0.31807182303252884, -0.49011370253799696, -0.6452634756297179, -0.6200894473750226, 0.5242956193194859, 0.09735803169039883, -0.12980235649815625, -0.041475792421773475, -0.15793092470021958, -0.8575897001721214, 0.35603036495039675, 0.6517775371190384, -0.13885729763091237, -0.3789147386454438, -0.3942529050154293, 0.6581348697281447, -0.31891620580442737, -0.23798371096756932, -0.07492068778498553, 0.17573944288271678, -0.8932729377508283, -0.11246472934834119, 0.40284506485480853, -0.7793574181358971, -0.28628571933049407, -0.3307936884624154, 0.1799679324897068, 0.21089083000092837, -0.005959518130002672, 0.25410704129066797, -0.8371675767843759, -0.23707979990001007, 0.3432725378805774, -0.27036207541588847, 0.1522668941701357, -0.5583705790185555, -0.1480256030609209, 0.6870191676391295, 0.5890315282747958, 0.6846263436282527, -0.3132033164308784, -0.14273677870729934, 0.5163650917117752, -0.0845393509448946, 0.06683792994226936, -0.053738182309952115, 0.39391331664757784, -0.9054696111752206, -0.3816507383441059, -0.17779258513806323, 0.5306934763656795, -0.21931085431902633, 0.5252067677862806, 0.060184257226438345, -0.3891915014464129, -0.4367328355412478, -0.06023406775584244, -0.21038210380530967, -0.1762120880914648, -0.3508403375101565, -0.5731681018135274, -0.44157290763235924, -0.21657982053027144, 0.22788540961189607, -0.12084145045948984, -0.28860334845912616, 0.2252175605245038, -0.44487558893531376, 0.14611247553414627, 0.37523750400524014, 0.019505203363663695, 0.8513852236398847, -0.18372833863544286, 0.4105029934543441, 0.034852199491339886, 0.10798371490315989, -0.409828770787976, -0.5464806014831615, -0.3071700117763685, -0.27509111831095784, 0.6334718416964621, -0.01936093046376723, -0.31421538190289106, -0.19505628283705384, 0.05614449848368187, -0.2475591399187415, -0.3447413846126884, -0.1348912396042672, -0.3742622442754384, 0.10299113309569105, -0.10511555001160139, 0.2351385515646572, 0.15630427215141432, 0.2056702862955033, 0.39229260888161105, 0.1942690280650963, 0.19576472419466778, -0.01850468439137229, -0.41684771401693244, -0.05802044731007612, 0.21332674462042758, 0.4210937041532223, -0.6366092470587942, 0.10697995817671191, -0.3191012757526735, 0.07814762474142589, 0.165286050572256, -0.625549746180704, -0.24841787284572397, -0.4808399528220255, -0.5106719651677495]
617.828511714265	(8, 12, 2)	[-0.27257661984621573, 0.7190495544488534, 0.4844784731175708, 0.7016295565596907, -0.07898613755138766, 0.37283673856104527, -0.2558413934216077, 0.3942286607800147, 0.16650873385870232, 0.3180382305601942, -0.4551292669827613, -0.6433147740578928, -0.7517941814558784, 0.5056401210302758, 0.10678964101691339, -0.13022329952983938, -0.07470276189897586, -0.15501204115524103, -0.8604702855835547, 0.35538388221068706, 0.6644599756527917, -0.13589826434781474, -0.39538303534991953, -0.4074685746046465, 0.6638204670264394, -0.2799488081212496, -0.24409863767284895, -0.05112344059226739, 0.15489934411777517, -0.8937219341592769, -0.11934672039456301, 0.3551496518467842, -0.7636247605320194, -0.28313608530355966, -0.3246570488351358, 0.15146900232773144, 0.21324028695191158, -0.0064089066203566235, 0.265966440268593, -0.8406394344261342, -0.2178353070220418, 0.35105204090297304, -0.26647300748972885, 0.1978470058997795, -0.5560199282042564, -0.1472441850608083, 0.6886795612763428, 0.5881693749674143, 0.6583617940247866, -0.31830650003602723, -0.16218783110527646, 0.49644779115885423, -0.031678988042497316, 0.0739019351749021, -0.04829341788008838, 0.35559086271364637, -0.9131044330538945, -0.3995078032308319, -0.1828089905387007, 0.6579091967738786, -0.1974926779770883, 0.5443427806624082, 0.06624921700441291, -0.42418956118674606, -0.43136708389567524, -0.06537352292385895, -0.2083171124009448, -0.18567802233741845, -0.36667229537765, -0.5373154724728327, -0.4438456917205731, -0.25069670349147866, 0.23240003465060574, -0.1330468594560183, -0.2819466933496851, 0.25233421955090707, -0.45272689918717185, 0.14677536367963612, 0.35010781779779565, 0.04219242755437015, 0.8507262844329603, -0.183475130605803, 0.41062621791728965, 0.039607513277620215, 0.04928222632341052, -0.4516772695386056, -0.5570177235988937, -0.30392243522881723, -0.30503343918405956, 0.6333433050345013, -0.05553367442117619, -0.29471283592886693, -0.1973132697239767, 0.060702732640552995, -0.2489648511569478, -0.3433501582441519, -0.22125305248538307, -0.4036919766227151, 0.07054819760989574, -0.10439392241166091, 0.3293325629233757, 0.15799565891215253, 0.20580634705574485, 0.3942882192905677, 0.2007908005092192, 0.19458178027014764, -0.0503312756466635, -0.4038418548955045, -0.0662107931553846, 0.22968155355686162, 0.4204395900843557, -0.6237917257961063, 0.14679780151847988, -0.3112197560063116, 0.05423296192781844, 0.17249176580133, -0.6051592760991282, -0.32041082058734266, -0.49089439733123097, -0.5131245678430817]
965.287448716805	(8, 12, 2)	[-0.2647354453671537, 0.7189142321404025, 0.4346189641881919, 0.7063456590587248, -0.01891970950278638, 0.3772080546363634, -0.260300164735598, 0.3945340954261016, 0.14077157839438492, 0.3160329453153282, -0.47497250402136515, -0.6455156029696095, -0.6810677006807432, 0.5007959674417825, 0.11333352407255282, -0.12973782557272526, -0.0729252254904301, -0.16428277254348903, -0.8561543459610224, 0.32742507719017727, 0.6595796658826975, -0.13858590250759154, -0.3786304803542661, -0.4339822330805076, 0.6724016561804991, -0.3156514882877477, -0.22609141668685512, -0.04754095396776317, 0.1697932340288674, -0.8930419626253477, -0.11025778114729332, 0.3819253959026949, -0.7446047627800774, -0.2847546144675238, -0.33162799434623175, 0.18062640216158854, 0.21181368422887842, -0.005947951984296425, 0.25881328447748414, -0.8374901882913153, -0.07057105535139352, 0.3967018302561343, -0.27044480153911465, 0.15555562234875647, -0.5589332042400683, -0.15496427613016392, 0.6816046400342338, 0.5891532224803119, 0.6833560511862177, -0.3202775710109951, -0.15289504137742388, 0.51613231072273, -0.06363585893716286, 0.06948661953665419, -0.05373050586538274, 0.395522755832043, -0.8943310931616072, -0.3848056940967804, -0.1799834769121767, 0.6767783620461547, -0.21129101116559262, 0.5465898538173081, 0.05718638454359443, -0.33716707281751657, -0.42918617786160046, -0.02159549523106607, -0.21084092589378867, -0.17891590692612777, -0.3507305186354973, -0.521386739014331, -0.44140840186725244, -0.21745215873454896, 0.22872023778310788, -0.12772780426770172, -0.3055367531888087, 0.2408062255325384, -0.44486815556631476, 0.14494838460533624, 0.3241848480590146, 0.28686717571246656, 0.8518718565994494, -0.22730831220355743, 0.41035302476123875, 0.036956871024128986, 0.10974996814981393, -0.4160044769011296, -0.5473677329537556, -0.3072973230355418, -0.2935467216695169, 0.6334621678319358, -0.031775681345479076, -0.30950181189396664, -0.1943367972583827, 0.055723687589767375, -0.24725127277317632, -0.3424872026473719, -0.10805822553923844, -0.40066862228340316, 0.09040664765723114, -0.10607614016378104, 0.2250066352107766, 0.1532681548797942, 0.20508297285638943, 0.3885535747480576, 0.19218275758982165, 0.19510054711270383, -0.020935965022977163, -0.4052742812373472, -0.05754517014663486, 0.22675106929159175, 0.43008647754515306, -0.6316731800606231, 0.11503160896340367, -0.3131037939627903, 0.07840182583631596, 0.14598037598636743, -0.612898340013469, -0.2463423127646032, -0.48105026672484164, -0.5101044637489891]
1328.1296616693028	(8, 12, 2)	[-0.27366923074559174, 0.7264646444532993, 0.46693167982127476, 0.7009113466219395, -0.05983723899515894, 0.3601705035429544, -0.25678313280195153, 0.394344809087445, 0.1303295724685015, 0.31816260613905506, -0.43234824978450165, -0.6440979505333556, -0.7548194725801449, 0.50618238600718, 0.10842319990919679, -0.12937808870449008, -0.08339289827623816, -0.1465048863425553, -0.8522937569807507, 0.30994912225887394, 0.6721703497137084, -0.13833973634836366, -0.3962157333019003, -0.3959004027675644, 0.6777596183821537, -0.33373171335939505, -0.28805582379873, -0.045662467033372074, 0.16114056855887024, -0.897121664494989, -0.11894648980238376, 0.3545458324834127, -0.7719127178910661, -0.27432675455153327, -0.3241613449362096, 0.14522245014498616, 0.21253807809939446, -0.006430170644897163, 0.2636404287249442, -0.8395971097317512, -0.217386529817002, 0.39702686500514717, -0.26754525149409397, 0.12604818416588218, -0.5558257464838378, -0.14718886915112378, 0.6900990839236106, 0.5888638077672481, 0.7153401187055379, -0.31924935190965764, -0.15711894005838137, 0.575056236374526, -0.028663642652084088, 0.07458558137065188, -0.05405086943798818, 0.37717169241361365, -0.8957412441005005, -0.37962025119031045, -0.18190828441925522, 0.6574615988068895, -0.17108911819887218, 0.5449893365041774, 0.0746285090129443, -0.3974915047212857, -0.43373791126731864, -0.047878116398353446, -0.21271156379034004, -0.1859028522507437, -0.36332455105721956, -0.5190361535987496, -0.44327059555016857, -0.2391000278288219, 0.3461860989477385, -0.12987960988009964, -0.2797255755373654, 0.2532187102423575, -0.4526270259431105, 0.15008118531219583, 0.33561047617808454, 0.12366763695765422, 0.8508569197464404, -0.18378898810958744, 0.41041076543780874, 0.033109023967201584, 0.06661645524219399, -0.44098951071608433, -0.5608030314600023, -0.3056622670314112, -0.3010750990340221, 0.6333689061828239, -0.056621974836436134, -0.299144958844245, -0.1947986951631117, 0.058717674888685886, -0.2542376875134221, -0.34608920009332594, -0.14890375265644795, -0.3570235841897154, 0.07320356671923212, -0.1052838301096236, 0.2622283545912814, 0.16809295887512474, 0.18784131232783297, 0.39242941677355625, 0.20007052172549616, 0.19503240448073772, -0.023011781504043483, -0.40414175588148904, -0.0643960386704531, 0.2307510613527265, 0.42962755720834395, -0.6263671904280188, 0.1319711291283866, -0.31436119246986155, 0.0646756428024975, 0.1449944621383351, -0.5967477744750675, -0.24227182242281137, -0.49010177094499585, -0.5145951116231381]
730.4919580283308	(8, 12, 2)	[-0.26541688677291825, 0.7231166126215549, 0.46586042941549827, 0.7050057017625577, -0.027967191260012153, 0.37334336759256437, -0.255695927308612, 0.39441391965415545, 0.1259377381090723, 0.3184909455004506, -0.4799716085065395, -0.6440658439782739, -0.6724665901171729, 0.5045956587138872, 0.1122784931150848, -0.1296839249947507, -0.0772456143207169, -0.15271275958066974, -0.8533239230260086, 0.2854644513058436, 0.6742798188060226, -0.1383301432073763, -0.39286921383875106, -0.42602251277719366, 0.6717617100580235, -0.33328307929924933, -0.24845209262540383, -0.0459430658428314, 0.15835666724966935, -0.8971603870156732, -0.11458887657260533, 0.3721607900623683, -0.745485555961244, -0.26268482955715244, -0.3125166808087484, 0.16047290949792195, 0.21220577602347854, -0.006000499880651223, 0.2572384420293036, -0.8389643017720877, -0.2153305559863962, 0.39368535400140026, -0.2670877755346727, 0.16134463415654415, -0.5582100979220915, -0.15151153839736778, 0.6885158589661696, 0.5891615052718904, 0.6809496129468994, -0.29677666987017665, -0.16227934360840884, 0.5176564474429681, -0.04287945310724389, 0.07244703982503645, -0.05441771989010977, 0.388633631790902, -0.8991215023895011, -0.3799823321449871, -0.1820902502718377, 0.6672754953914116, -0.17068950846562717, 0.5459054883690097, 0.05525068872816442, -0.3623433494457333, -0.43184965509607326, -0.04350041799375743, -0.21272897637795174, -0.1859025755451598, -0.3555098688637977, -0.518141413350987, -0.44254044396653874, -0.2387373845181769, 0.22358646381016636, 0.026017838968444257, -0.28161753431953984, 0.2507682558635365, -0.45292058739738555, 0.14657338863390895, 0.341785204586353, 0.19053969434676382, 0.8521726216795759, -0.21406969244993732, 0.4103762529622084, 0.0338289143228311, 0.06769388835494437, -0.43641311943312, -0.5625730018309436, -0.3071021402091139, -0.30029697012376366, 0.6445743279932803, -0.05666883642454485, -0.2997127145877394, -0.19469264476090173, 0.05776891528668451, -0.25028339126141086, -0.3428388037300311, -0.1469050519845718, -0.4032586235275656, 0.0722343794028722, -0.10640627860542147, 0.23579307329237287, 0.16683346691722586, 0.1940124757471982, 0.3924163717705736, 0.2037620923778286, 0.19499317178274989, -0.012171577060895524, -0.4043873972356281, -0.05995993406791446, 0.22532209609600892, 0.4296232640105789, -0.6268362425909748, 0.1320472027822052, -0.3140991149318104, 0.07946621775440955, 0.1475383626538695, -0.5974924269890768, -0.2509989657037236, -0.4796979034728483, -0.4849021612864168]
694.1902114523607	(8, 12, 2)	[-0.2647902572750883, 0.7059776098099457, 0.44947718103141515, 0.7091747630493709, -0.03977892593067996, 0.38015005247094213, -0.2583323815453002, 0.39431122860632395, 0.147056241693044, 0.31614191119898877, -0.4688447498995302, -0.6445350593063455, -0.7098477234616998, 0.5055799368052188, 0.11592032057583793, -0.12978645874539338, -0.07162478799614887, -0.15237506413023325, -0.8454401247881882, 0.3399572918065254, 0.6739320224788384, -0.132380426641378, -0.3769730145829817, -0.43561427820804915, 0.6691539241945921, -0.31317310932382086, -0.23269163460434866, -0.05390946451084772, 0.16795815924663499, -0.8936783160238733, -0.10451400472263833, 0.3816557721622254, -0.74509038398582, -0.29309246207333417, -0.32895057908832925, 0.1631548944564554, 0.2117999392479058, -0.006077818247267659, 0.25998993336184517, -0.8376295479644519, -0.2212201550219803, 0.3547443203711577, -0.20979239507386546, 0.1443982913672288, -0.5587012624179915, -0.1474278387378681, 0.6881584137339504, 0.5889463821213765, 0.6851058922180076, -0.31712556528029623, -0.15850551969726745, 0.49885625825435326, -0.030355815710366933, 0.07046698672938884, -0.005652944994732012, 0.3738499207176573, -0.902801723776032, -0.39174429028035007, -0.18262117421521962, 0.6628893900147694, -0.18601417899536263, 0.5461889474830839, 0.05674615396921037, -0.41082652976452655, -0.434918310970024, -0.05186488954940679, -0.22166335875521612, -0.17981620493325084, -0.3457378815459585, -0.5498215966136113, -0.4359553778386144, -0.2165806711405415, 0.22967488348859497, -0.13344287193898968, -0.27662042731521336, 0.4030360819229373, -0.44812590714023176, 0.1460843544239874, 0.3369815935875763, 0.2751339667416874, 0.8508278416156418, -0.19289862820721282, 0.41022839489781654, 0.037004832012701605, 0.0713942381418661, -0.42117113701448733, -0.5490415640917268, -0.30824869344580763, -0.29929897604064465, 0.64336855739318, -0.03264745298253569, -0.3092857540725523, -0.192894210907099, 0.05820904518435958, -0.25523336092023735, -0.3427037634003853, -0.15506184833123973, -0.4072481267707146, 0.08224098163176911, -0.10562484918470083, 0.2335248529493982, 0.1542551470019999, 0.20570670699543847, 0.392248979770812, 0.1858613314268118, 0.24540433754932184, -0.028546788822552238, -0.4040920269859467, -0.0627557518732356, 0.22803529655297625, 0.42139160872803433, -0.6314289892073137, 0.145062517941363, -0.3084133756939945, 0.06748280941007948, 0.17240423137188338, -0.6096863600975984, -0.24500268236453288, -0.48203334984712265, -0.5115418569835157]
1419.1921350456037	(8, 12, 2)	[-0.2722456894513125, 0.6966883059936412, 0.5137061958542951, 0.7232494122120996, 0.0746915056371032, 0.37128992181110293, -0.2561171489724741, 0.3946409506648016, 0.15468602252775435, 0.3049676223671044, -0.45386877426535654, -0.6403451456672982, -0.6607946799633365, 0.4910059760466855, 0.11010197632612598, -0.12694323165930077, -0.059098420132662755, -0.15492923790717694, -0.8541782271860718, 0.33995891690098423, 0.6680803377874095, -0.136891920356167, -0.3879533825750309, -0.4195075462884652, 0.6679155447601484, -0.3293612303199577, -0.248001218867418, -0.05229009722824035, 0.16564361664737093, -0.8940251872984957, -0.11055154192073427, 0.36040657397909115, -0.7521407588008214, -0.2542938110834164, -0.32181789158261304, 0.17003307057722167, 0.20685670593129946, -0.005984682539639021, 0.2562805629297421, -0.8377627946066872, -0.15975635488557424, 0.3645783013684395, -0.27039835481800345, 0.15569526530838412, -0.5570612605650048, -0.1551195851173865, 0.6948573122325703, 0.5483454447592079, 0.6823643080131114, -0.3153653008272872, -0.16154892615727634, 0.4652634140154934, -0.06725649955022643, 0.06915646487772019, -0.05702098417173227, 0.3884171378484297, -0.8921634204875833, -0.3822635627688952, -0.18157849614292554, 0.6059628404612738, -0.17840194339584664, 0.5426949622835064, 0.06321552726191132, -0.4134472040217255, -0.4307436560344621, -0.04257148629714953, -0.21304560114517174, -0.1835468768642346, -0.3613105453378994, -0.5486153856781901, -0.43952611815713266, -0.23665930103793525, 0.23135461626907516, -0.07578455628757867, -0.27832863061801294, 0.2466643288829877, -0.4468481215157246, 0.14530941220305446, 0.33521254101904185, 0.22314534863145455, 0.8519165732495368, -0.1880569250789564, 0.41035221365069613, 0.034879195844709915, 0.07100451656460063, -0.4268290405412256, -0.559293779929179, -0.3072100971839557, -0.29357168920604193, 0.6385614594700791, -0.05566612838869452, -0.3045487350253817, -0.19541377115988115, 0.05653794396003817, -0.24547897209836797, -0.3427402452576936, -0.12885165265121912, -0.400222637577935, 0.06588494193619328, -0.10651725050313152, 0.21361994290286737, 0.16289068284477268, 0.20267186792111264, 0.3936108090879675, 0.17249503235925773, 0.20790507414110285, -0.023338975191674445, -0.41620639489621836, -0.0598724220511725, 0.22909769180547904, 0.4358512539595247, -0.6293136272029858, 0.1323195044343539, -0.31659085103012735, 0.07624581415354441, 0.14426401548577225, -0.6287394974221987, -0.25205867016527334, -0.48081209853282375, -0.5061923423343486]
784.8457148091303	(8, 12, 2)	[-0.26461587422984867, 0.7005949096774736, 0.4608624686989969, 0.6937343184972441, -0.030726643405613343, 0.473880365429022, -0.26517490633191004, 0.3941814780481527, 0.13133713271270042, 0.3088557500842822, -0.43075535290361305, -0.6452568813818175, -0.6559844769311108, 0.518030691987044, 0.12325533673698937, -0.12952724220504874, -0.073088972581485, -0.1560775100311329, -0.8567011151524019, 0.3778404934566674, 0.6737778159276424, -0.13821088247235175, -0.3838044601543364, -0.40327205696985036, 0.6601777620639168, -0.315497382682612, -0.24060371049152215, -0.04766611182941689, 0.17188068502675438, -0.8958450673845019, -0.1082771961685064, 0.3826249522992171, -0.762817610527302, -0.2698142837048458, -0.31605290658698343, 0.15419594237922502, 0.22256270820771562, -0.0061833916432281, 0.25468533636199997, -0.8449254007175886, -0.2081040848697882, 0.36594328918612906, -0.2687301017747332, 0.1575101839522325, -0.5550910775254054, -0.15059503818399209, 0.6605055194677913, 0.5757477740958646, 0.6899048329130237, -0.3136498709799125, -0.15500532726566046, 0.4713272560614155, -0.13130301357023072, 0.06794731124840174, -0.05224980391097283, 0.3854629723923973, -0.9044546439636257, -0.38086104124071013, -0.18259639842810002, 0.627378601144081, -0.17059251106873538, 0.5433993698664973, 0.05341558667170742, -0.37978356419009496, -0.42520774693018953, -0.044478287391454624, -0.21301022724535515, -0.18083866480119803, -0.36285822932780243, -0.5149689097291744, -0.4380259940353042, -0.2443658180860746, 0.22365840750616733, -0.12743478863024976, -0.2723768461229046, 0.24405029963699812, -0.44676906837266883, 0.14488781612623558, 0.3231278558661163, 0.04331945392371927, 0.8524705088981637, -0.18594907349027692, 0.41037954163998763, 0.034547941852498626, 0.08382065110140138, -0.41486335110815753, -0.5534030245043373, -0.3291071091073533, -0.29704031499577865, 0.6397472348539219, -0.043007219096315455, -0.30445479962888944, -0.19454948496827443, 0.058535118030534024, -0.20503443325734733, -0.34297358567292097, -0.1375069038510898, -0.40669883162004306, 0.07667420401433471, -0.004495922150676901, 0.24443103731714186, 0.1559909142312492, 0.20373611758039892, 0.39286097799136294, 0.20197945527925115, 0.1967267016270903, -0.01777628424009709, -0.46692168378656096, -0.07272371603149216, 0.2273275417613455, 0.42979453804923096, -0.6268593250545312, 0.11625015197355934, -0.3114898418985298, 0.08149471572298637, 0.14798266385120346, -0.6040207222117177, -0.25176666671195347, -0.48032476954499664, -0.5070995153183037]
1054.8623031016	(8, 12, 2)	[-0.26891637457035167, 0.7095013544635705, 0.4725243272662086, 0.7059795894738009, -0.05710438157824571, 0.382021589285693, -0.25696158878571934, 0.3942712729257058, 0.16855478019516001, 0.31451730748163376, -0.4696727129759961, -0.6278844973733538, -0.6360263194725861, 0.46887161867548866, 0.12026058087019582, -0.1293878665522308, -0.07124114131215208, -0.13942891312074357, -0.845942634236077, 0.33845429140003025, 0.6691149551885293, -0.12990117087818032, -0.38742742125468677, -0.4009910188951591, 0.658279851482188, -0.3239897146218047, -0.250971445568252, -0.05707217407685612, 0.17259711457398183, -0.8953498717949081, -0.11607676127127703, 0.364193844517833, -0.75607367479559, -0.2696322968017491, -0.3236229939773883, 0.1685287265142312, 0.21203146738155032, -0.006293116074798874, 0.25179091600729075, -0.8427027677281953, -0.22940305015477103, 0.3869919419600132, -0.2690626530019423, 0.1504005944970481, -0.5610003489310367, -0.14916566348886626, 0.6728852098016667, 0.31206619653847834, 0.676212306480141, -0.31847228156619967, -0.15601870889208794, 0.4964970006282341, -0.03406127230910554, 0.07824456456244126, -0.039273980734015404, 0.38766611631744463, -0.9082959849846817, -0.35211584413982006, -0.09441056590470369, 0.6350245759460849, -0.17023153064961974, 0.5456736431707164, 0.051611251711148415, -0.39197634281361055, -0.43572311922626694, -0.05686535839628246, -0.21706364434571038, -0.18315992490041028, -0.36725866699105797, -0.43345239461601315, -0.4366580904406904, -0.2266850457761744, 0.23133992817713897, -0.14270006099095678, -0.289985963920055, 0.25527697775851377, -0.45288082588709283, 0.14650319354399896, 0.31798335553551355, 0.043747212717385735, 0.8529927390775749, -0.18633979900100006, 0.41038615705541276, 0.038681072518381376, 0.04318567446075526, -0.4231563968948237, -0.5463393861632562, -0.306378275436472, -0.30512533308123246, 0.5666252325144794, -0.046441247708483895, -0.1645364932577234, -0.1888657080736608, 0.05788012723857019, -0.2561368307299454, -0.3449477464105116, -0.19438144262926968, -0.4121508468912139, 0.07798960252313086, -0.10569016028898369, 0.26042896405252486, 0.15630843166429195, 0.20588611846478, 0.3914089784797002, 0.22469906588688393, 0.19497508969377322, -0.03261845179036699, -0.4017495886840886, -0.06050814975983956, 0.23419218263355512, 0.43073738540658413, -0.6200961468685428, 0.1374226915185716, -0.3123925614264913, 0.06541607791895782, 0.1491248738629702, -0.6056573457736852, -0.28150286182664824, -0.4839592059466776, -0.5288008749507673]
1448.4044326797114	(8, 12, 2)	[-0.2689995113087255, 0.6973441494822621, 0.45785893276738393, 0.701022769480709, -0.04429172065846983, 0.36755525863984273, -0.25761025371759055, 0.39437621104070686, 0.14900546051399846, 0.3157301572650238, -0.4537249138294397, -0.6406299623267454, -0.6794009964888843, 0.5155489851478341, 0.0956974575674282, -0.12993585430367527, -0.07508435078243067, -0.16056354048301724, -0.8501913876031337, 0.32235924404005784, 0.6802309273900095, -0.1369939714195596, -0.39597246566789573, -0.41164014796092735, 0.6351037742819811, -0.31772768816566416, -0.25037886032352785, -0.052693811124354076, 0.1653059732104601, -0.8946767846056516, -0.10984361646273652, 0.36335322106094176, -0.6929867712866187, -0.2743413958018258, -0.3330615119992798, 0.19145689396558802, 0.22085601033495564, -0.006161642718938454, 0.2566734448393694, -0.8371025616989188, -0.191364856256285, 0.36557173653557035, -0.27247482755661634, 0.16753777399619663, -0.5584396483733458, -0.14767519135995272, 0.6879398479630655, 0.571985372158882, 0.6770700741966785, -0.3183402381815663, -0.16241042309043446, 0.4878040808117703, -0.011682952952442727, 0.07040578662066747, -0.0876860604186553, 0.3781788587747773, -0.9048216825004141, -0.378276047133718, -0.1847583583719846, 0.6550235665117446, -0.17931242019535037, 0.5431747741599839, 0.032304965739934216, -0.4014426530680186, -0.4270554282575997, -0.04572223932847416, -0.21651343894933908, -0.1825508609111994, -0.349024816287208, -0.46201994285604686, -0.43620579702196605, -0.30389547811821543, 0.23169931140970684, -0.12715286206373816, -0.32753481647369886, 0.3142561113721898, -0.445933530428926, -0.08719500724597792, 0.34256247509936216, 0.1589780246942779, 0.8511220483514612, -0.18709205290003805, 0.4104247025682888, 0.0347137445970422, 0.08168356334526236, -0.4393737303565819, -0.560647966249513, -0.30424273163330157, -0.2929153508291963, 0.6315836539908687, -0.022996659668601684, -0.30741026854829323, -0.1923105348989247, 0.05745087490096095, -0.2508106781451538, -0.34429977777843357, -0.13471900669769976, -0.40109045988859765, 0.07325698674610272, -0.10333157409615684, 0.23926803921099904, 0.16564007799221458, 0.2062475452074959, 0.3931200936565224, 0.21449515785756856, 0.2615973776172214, -0.02970051230464419, -0.4104931865102854, -0.062491141914000514, 0.22851476450559247, 0.4276845226318908, -0.6320528767717598, 0.13069834761851454, -0.31237086570709743, 0.07076189115623796, 0.1453947868822153, -0.5965630597011793, -0.24374133126054465, -0.4863661710933443, -0.5072918453093159]
735.4374878491567	(8, 12, 2)	[-0.2679719900904696, 0.6977411823790468, 0.4531258386542071, 0.7000270461649974, -0.0429586464316911, 0.36814334930717035, -0.2545456438795929, 0.39470868487455424, 0.15718937132744068, 0.3087837418904997, -0.4495167116871117, -0.6410614250161362, -0.7230717087222417, 0.5185933649137331, 0.11983270763180248, -0.13025507904264133, -0.07096402439764808, -0.13969673869210902, -0.8532078435122038, 0.3386452513499101, 0.6758708719208011, -0.1404892144034865, -0.4152086908972185, -0.3973197354623007, 0.42283481048153154, -0.31012161038720865, -0.23773346153954208, -0.04812022487578124, 0.16047515925669756, -0.9322521849487588, -0.14041269304262624, 0.3680976458253434, -0.738188370628472, -0.2668805797026227, -0.32109779855988, 0.1771445564722801, 0.2042187259469691, -0.006207983613221649, 0.25702277533577733, -0.8345905665953873, -0.2165803426536543, 0.36619642988497125, -0.27055900148919404, 0.1492125542621683, -0.5594155741892526, -0.14920795518257823, 0.6693162312822168, 0.5556944943272165, 0.657475126012277, -0.28304818829879014, -0.16147696525264793, 0.5026305499975809, -0.016517844632542633, 0.070406252710995, -0.03445960985171807, 0.380904527023561, -0.906745596744904, -0.3835617735696556, -0.14258790557712722, 0.645854377606334, -0.17613967332211494, 0.5447920537256851, 0.03240798630113442, -0.4044346106715285, -0.4317470302884149, -0.05731551085931863, -0.2155249396644622, -0.16914707321119718, -0.3599192510363234, -0.5573224226268044, -0.4355956931948767, -0.22734191522459332, 0.24040396074945491, -0.13098852882618647, -0.2840428247250087, 0.24088299877705616, -0.44763226977182957, 0.14645009782476526, 0.19367321881766258, 0.1949180680240934, 0.8511230568278619, -0.19633448987076932, 0.41040223196457426, 0.036034247108025115, 0.11261841266054562, -0.41874834039871733, -0.5529326189984254, -0.3079649849279994, -0.30242876097934795, 0.5875840542131819, 0.7073915591540629, -0.3166149580767818, -0.19337860254690728, 0.0630901605178624, -0.01458862434980851, -0.3446482273589501, -0.1806374824145515, -0.41402970108496384, 0.078085995969829, -0.100779139496408, 0.2493912171688637, 0.1595410967835986, 0.2046913170904727, 0.4156506465967298, 0.1716409373654441, 0.21857706031596646, -0.015078359572854982, -0.40366879256691274, -0.1757506065303931, 0.22976144300317974, 0.42784601445064413, -0.6338600203832904, 0.1366119064062997, -0.31233776139305297, 0.06098659844726011, 0.15529465905870343, -0.6021011074058458, -0.24909098579973252, -0.47939014765724275, -0.5161278346523555]
889.3109233567479	(8, 12, 2)	[-0.2708522670786108, 0.7396203472029568, 0.4717850023363224, 0.685861865633551, -0.044920299316682316, 0.39980259149864394, -0.2576177852438045, 0.39343292222113546, 0.12959382555886534, 0.3156593951905223, -0.43072434704693285, -0.6454380150498474, -0.6335361919034024, 0.5152479899626015, 0.11034775482675552, -0.1300055207275085, -0.07403728911794555, -0.15455202256254333, -0.8572518712842755, 0.3303664078422602, 0.6521353695181371, -0.1263546926655776, -0.38647973724333723, -0.4044785320226994, 0.4369980658838838, -0.31562234427516367, -0.24028640399284046, -0.05085381891460403, 0.17156131077714823, -0.8948107570083912, -0.1121066656720468, 0.377436476010264, -0.7202280024083785, -0.2744072092538413, -0.32451295973234295, 0.1766744183640468, 0.22029799528559468, -0.006391750440152984, 0.2565286088056876, -0.8382633377121786, -0.19384260036103385, 0.3854853768796468, -0.2681842530821395, 0.1640464020411873, -0.5576934945349742, -0.15124933447635297, 0.6703623325451905, 0.5653617245928316, 0.6798846017833287, -0.3186238110590895, -0.16546382650051528, 0.48607605335018417, -0.042543321117483754, 0.07190856387080728, -0.08589193859027403, 0.384559929164272, -0.9027408477356063, -0.349835406334361, -0.12892018851094517, 0.6462070101666479, -0.30095067590890456, 0.546621719522042, 0.03379285938894112, -0.42067839956747377, -0.43175052390931973, -0.05133127639054905, -0.2089370224848987, -0.1844688113116443, -0.35227098201135465, -0.4884954815228056, -0.43695700448346914, -0.2215711656284042, 0.2310906772302707, -0.11900395659007472, -0.29138443707804385, 0.24366976774522367, -0.4462651800101412, 0.04031034299907166, 0.33538022624245983, 0.04152207054299591, 0.8753398498841719, -0.18398612295283082, 0.4105270264419533, 0.03433695099196521, 0.08354201618251461, -0.42755163186177325, -0.5488502007700783, -0.30677166375607273, -0.29473769047492926, 0.6109152829368397, -0.03820413731871587, -0.30683233932528553, -0.1903173568531206, 0.056638597541503605, -0.24805817663276206, -0.3445343004462185, -0.10941622846492274, -0.3994072936886839, -0.3202438118347606, -0.0977608882128546, 0.24193404164251464, 0.15350818845250405, 0.26004673726526467, 0.3931403580145522, 0.35677669311650806, 0.2222920984639411, -0.025293060695248976, -0.4094427345704784, -0.05488702001549882, 0.22816532557246297, 0.4247198666285812, -0.626524283612018, 0.2011050719320115, -0.3115993389392636, 0.05472528360927502, 0.17283255758387697, -0.5917046967493267, -0.2925913563726166, -0.48649828074625173, -0.5168780084639276]
784.8457111353752	(8, 12, 2)	[-0.2651636513163044, 0.7111185479836696, 0.47200356454572895, 0.7113209642089614, -0.0547556092407455, 0.4754130882933867, -0.25858955815353835, 0.3945876808057456, 0.13825651372642422, 0.31574876706695276, -0.4622541781303355, -0.6436702665913284, -0.6751337759676255, 0.5063633692409744, 0.1008829459844235, -0.1291383910014177, -0.07323716612927429, -0.15408872492077397, -0.8503824528469215, 0.3363067527753252, 0.6704671787559638, -0.1380785685453337, -0.38984253763290144, -0.4008108757673264, 0.6545702471123851, -0.33536964324408536, -0.2437562950511304, -0.053598364427947694, 0.15551337364967316, -0.8956446213347854, -0.11113277969610365, 0.3675469942518035, -0.7197531015659436, -0.2518164723512038, -0.320325177912915, 0.16207269807740693, 0.2157180395872706, -0.006257777955787268, 0.25722810577207444, -0.8375393790733475, -0.010913424142519668, 0.3743134343196185, -0.26397523977027765, 0.1472837338653002, -0.5578005590032508, -0.15295110134784182, 0.6750006888158436, 0.5881044684638975, 0.6736815679991571, -0.3067908603559929, -0.18554206192146866, 0.4645646516257388, -0.05751225407397188, 0.0703435575699001, -0.08880724165210085, 0.37833251326306905, -0.905273478596149, -0.3904658262718071, -0.17109707333391408, 0.6658705375842818, -0.17975077526323008, 0.5445391864310949, 0.048903376558675375, -0.4049856944665294, -0.4306320909046093, -0.053102940564608625, -0.20279988497403495, -0.1823271384528553, -0.35372808012846685, -0.5085740828258302, -0.4398949426544991, -0.24682936098892916, 0.23741187870511604, -0.10304284328412405, -0.3161980653853285, 0.23764371083883423, -0.44396824363022436, 0.13253488110079414, 0.3361740400204304, 0.14193264232547034, 0.8754392180071306, -0.18181302109631473, 0.4103873299920877, 0.03577663352856752, 0.07722089922433636, -0.43909200252313885, -0.5595618620782908, -0.34264494030692094, -0.29639188817827866, 0.6384240234039432, -0.04690192822625508, -0.22913020791874483, -0.1949827693454137, 0.05683362693608265, -0.23588480442076076, -0.34338882216784783, -0.1629058888277381, -0.39823173575379056, 0.077079394719891, -0.10110147396926329, 0.23491828567602321, 0.15098408214736037, 0.19896028679089703, 0.3932523702950792, 0.1982470662164532, 0.19171133240981722, -0.02292845053109146, -0.4100937638477146, -0.06035284330512118, 0.22767985153664053, 0.43008815728779676, -0.6284542439336981, 0.13284412703899035, -0.3126130571163565, 0.07990414114779171, 0.1461190312174153, -0.6112347769518365, -0.24604679781273733, -0.4830823365695488, -0.5107556537693825]
880.0609450456657	(8, 12, 2)	[-0.2682444415813823, 0.7053171991518102, 0.482189452823344, 0.7097012387081368, -0.0434525131353244, 0.4584842211388278, -0.25725507797427843, 0.3945967111562848, 0.14018704542336707, 0.3259375827549623, -0.4539574417684451, -0.643846639491558, -0.7143850244147925, 0.5179641207726176, 0.10336036010951377, -0.12932214819778093, -0.07402548685040829, -0.15502046729617455, -0.8514504258064763, 0.3707305711189048, 0.6752769663881858, -0.1521262646403107, -0.3897412605253622, -0.4080474210098201, 0.6591968666186196, -0.3312312038903172, -0.24176044345550024, -0.04995144488959434, 0.15936226062498826, -0.9023860746331772, -0.1345663333131386, 0.3674659962779102, -0.7283795248689449, -0.24697189351851806, -0.3199452605726342, 0.17606175668981197, 0.21132833107100898, -0.005102668160099299, 0.2571119577165387, -0.8359672676378517, -0.019285439126272425, 0.36391560513226456, -0.2645892087172404, 0.1501869589635215, -0.5572942630496791, -0.14664441889255653, 0.656787471105064, 0.5874353235005543, 0.6859545906291644, -0.3093504271954634, -0.1884414042351404, 0.48214345959978455, -0.06339835157268463, 0.07051735367000503, -0.057778546193323614, 0.37813838173797326, -0.9052655342887388, -0.3743654955641519, -0.16917036111211342, 0.6390565940232886, -0.18461974836151118, 0.5452733694952905, 0.05642858332457492, -0.48869821117359924, -0.4296304505814202, -0.051857653395757174, -0.2008116373770307, -0.1822261584430865, -0.3749131567038494, -0.5294012518465422, -0.43990652050209644, -0.2460611248846576, 0.22831198333149164, -0.1250429435882995, -0.2937508913892553, 0.23514021565357796, -0.4444884008318474, 0.13268451691260066, 0.3342038041887335, 0.14193176814641573, 0.8691796238675246, -0.1886113265971726, 0.41038739801910984, 0.03577091967449084, 0.04395491243940798, -0.435221016379261, -0.5582850752155826, -0.3223496222181101, -0.2978297627900096, 0.6387814222754093, -0.05413128868091587, -0.25618139516779337, -0.1951116319915271, 0.05999098456349909, -0.2114270543112367, -0.34322319926324235, -0.1613378445214296, -0.3958308574582719, 0.08197862839544415, -0.10519161494424499, 0.2346350550479274, 0.15111178945029446, 0.19774480389537955, 0.3932845512258514, 0.2089713910275158, 0.21115687352566498, -0.022223772841614375, -0.40531833419199687, -0.060279631894442555, 0.22936487775524797, 0.4286983389291489, -0.6677770483702392, 0.1329397832993222, -0.33775015493618116, 0.07926493519674987, 0.14414473058701707, -0.6073091322292196, -0.2465708142965005, -0.47736124275627556, -0.508155478672729]
890.5363866913412	(8, 12, 2)	[-0.26770414280556787, 0.6987646153318753, 0.4875808035824402, 0.7096592884276983, -0.04332203811646731, 0.3958143298332237, -0.2571550513028455, 0.39441762544626313, 0.1497933038972635, 0.3203110451616814, -0.454062355637242, -0.6402330785854169, -0.7247682002323771, 0.5129437858074481, 0.21670314127046636, -0.12969911455324384, -0.07224772298544371, -0.15465111479619645, -0.8534658735693333, 0.372520594829011, 0.6680372632193102, -0.1330246102706586, -0.3921435443249325, -0.42258592817583457, 0.6721659298479934, -0.34583803745857067, -0.25451112522820835, -0.05029264767492079, 0.17570016561608875, -0.8970268579386566, -0.13313640190306184, 0.3715755376074338, -0.7191451075695925, -0.25490549256164025, -0.32055350408352506, 0.17784997513241435, 0.21041044007327347, -0.006263615702465964, 0.2571034093843185, -0.8375091491157225, -0.06912268880221681, 0.37035619163175937, -0.2597414550091963, 0.14683687160093378, -0.557158886161582, -0.15035122717069457, 0.7489452751351968, 0.5953349754849451, 0.6818568211677339, -0.308040488546873, -0.1885510059140439, 0.5060544796942256, -0.053216770761423685, 0.0705053611028139, -0.055997443129147735, 0.3822870123661356, -0.9038404762371121, -0.3460514842095958, -0.1689279764409872, 0.7164809711520097, -0.3341781983678249, 0.5451667681695626, 0.0567734548358762, -0.4515956987924509, -0.4287158449600203, -0.046843198395400104, -0.20389189208586458, -0.1831445127074518, -0.3758934100274754, -0.5370605704405141, -0.4395796752038278, -0.2532420362830004, 0.22952037889288476, -0.0757880066225075, -0.2932498571883629, 0.24935425967179226, -0.4430041540618799, 0.12701914562735828, 0.3396767711058946, -0.10007447468326455, 0.8656310022744698, -0.18695106203599204, 0.410589340251475, 0.035324949844522335, 0.06485766389402713, -0.43326474540777177, -0.5542293318209224, -0.31280543435368463, -0.2965490366246083, 0.6262786105083444, -0.04161222461344059, -0.25702818162294877, -0.1944273531128728, 0.06714648292969161, -0.23823404924503147, -0.3434930570622577, -0.1360780778185196, -0.3949471017619003, 0.08421245670193316, -0.08198312229955783, 0.24251361411415656, 0.1555537653554782, 0.17967268106124878, 0.39291097881827025, 0.20834427791900126, 0.21455837268329625, -0.025654499982960863, -0.4039264894167673, -0.06008372140271688, 0.23089557037982214, 0.43164060329205156, -0.6676683478488087, 0.13289127308879245, -0.3083233180945911, 0.07703663884187274, 0.14523037576154554, -0.6089367410163214, -0.2514331350339334, -0.4757199314211447, -0.5079784863442476]
936.1649597050437	(8, 12, 2)	[-0.26957909574963673, 0.7293487786743296, 0.46821605436039404, 0.7079619168345326, -0.03394273420741779, 0.38813826826264447, -0.2614563038045283, 0.00424577611735108, 0.14544650164461093, 0.3180789179072427, -0.4450746009979744, -0.6445283765111234, -0.6554292240586076, 0.5170336585496734, 0.10397494127475881, -0.1290955391854983, -0.07204299013326097, -0.1512086533261904, -0.8526744915263545, 0.2806443878469122, 0.6612035523290781, -0.13061777672975874, -0.39276982362139745, -0.40124336615124695, 0.6142336233989019, -0.3300566229425178, -0.22921396687286413, -0.04956854950630544, 0.16113485408736183, -0.8939614504837219, -0.12789363772873846, 0.3778542645992095, -0.7437545496439896, -0.26477725212444086, -0.323636484659599, 0.1709518983761829, 0.21700522917995416, -0.0063113428260688905, 0.26116689433792106, -0.8174800157186782, -0.12801379019718023, 0.37009859107185206, -0.26944480340984944, 0.1523146926218812, -0.5584204611439357, -0.14875705816448717, 0.6831972922223529, 0.6041057366714022, 0.6590799484608351, -0.3179610709691283, -0.16247410662466338, 0.5123076447278251, -0.03872233271342898, 0.07188378842370242, -0.08496883125462311, 0.381484077122012, -0.9020832275993101, -0.35899751607584096, -0.1612935183448807, 0.6777711661290253, -0.2187011252077876, 0.5458218538927336, 0.0237559824363853, -0.41378800949121836, -0.43193843272338805, -0.0591758603910872, -0.2079715452985172, -0.1817416110443976, -0.3585638517209869, -0.5025107285464335, -0.43511932370862244, -0.23108729807900136, 0.23226806108971348, -0.11251456847840932, -0.2854456965247398, 0.23778932470905573, -0.44632505384440413, 0.1335083347086259, 0.28802946390062206, 0.052414452167659935, 0.8361565023069366, -0.1950389324692663, 0.41045000911346124, 0.034799483175143114, 0.0762575700266862, -0.42452042764601056, -0.5507874706640281, -0.30698136219859384, -0.30204749274282894, 0.6089039680895315, -0.015585313989408198, -0.32526229188562533, -0.190843188009638, 0.059956134419932014, -0.23893437634582448, -0.3439115127825194, -0.17546993881615033, -0.4762836703961836, -0.21632365916110535, -0.09001474485683075, 0.25242276854281703, 0.14035100603557868, 0.21254428838222206, 0.4020328669632879, 0.2595561879018707, 0.2519900595179815, -0.02329068268885872, -0.40481345716333506, -0.05188017116096117, 0.22731966781629598, 0.42695784288770006, -0.6495733571096762, 0.1798882904017781, -0.312059939669435, 0.06090887403259513, 0.1544115093790213, -0.6265663437661111, -0.24598391608488984, -0.4838798214135219, -0.5099825266874156]
1444.9503087276385	(8, 12, 2)	[-0.270146339071885, 0.7185715209322702, 0.4627602376004464, 0.7091584089936086, -0.03747843078715367, 0.3803157499324899, -0.25765215034295863, 0.020596127612640097, 0.14553633832117244, 0.31796128053811146, -0.44644674781879107, -0.6416211189910592, -0.656831102953366, 0.5116801963251079, 0.10461948615094445, -0.12988802506592356, -0.0712686682581701, -0.15094406161708873, -0.852376449492055, 0.2959123112843368, 0.6689629101150596, -0.13076782533606135, -0.39310137979104226, -0.423379287873548, 0.5752522933793375, -0.29484297781799274, -0.2298194838565301, -0.0505397287203712, 0.160729093311136, -0.8961972663694322, -0.1275027242329102, 0.3793322311549343, -0.7337244724503919, -0.2658109785852783, -0.32158625980304195, 0.17048543237176428, 0.2144815690632809, -0.006255723395963052, 0.2577838746823698, -0.8366887423566034, -0.13175306491723165, 0.37049454073954124, -0.2628258895688913, 0.15256269414545015, -0.5576002267999138, -0.1493629138474115, 0.6853732551167905, 0.6038438370092444, 0.6757509688544802, -0.3178963524259251, -0.16291275884719478, 0.509598009456129, -0.014787761205085348, 0.07043885315890938, -0.07808296079540318, 0.3805888968236733, -0.9024546255521204, -0.3540563784544667, -0.16190068560181442, 0.6711331473479523, -0.27431002228762885, 0.5448724115455074, 0.053196964192817706, -0.4149584224195196, -0.4310024406284333, -0.05158348161092129, -0.20619366271597345, -0.1852309305887266, -1.1167773573773976, -0.49753033187887796, -0.4366207940352953, -0.2335230565877877, 0.22719758832822787, -0.11863182167143801, -0.294162847545096, 0.24191372756180168, -0.45001076824199476, 0.10025894390977078, 0.30688136343329314, -0.1765944345144488, 0.8318743203219686, -0.1868974477327462, 0.41043840315254926, 0.03435907237024224, 0.07784419256814215, -0.4251087722649443, -0.5549224546733004, -0.3106223816812525, -0.3031878648887215, 0.6095656596543659, 0.012055177604380116, -0.29669609895245364, -0.19146871267796883, 0.05989841608000527, -0.24678267350070904, -0.34391071465347356, -0.14831523624198473, -0.43015730831436494, -0.2772100154107032, -0.09336553212783642, 0.252356002348933, 0.14422465654370725, 0.2037249801988284, 0.40007229228754027, 0.20656592376581184, 0.24998911684679373, -0.024507637040614073, -0.4032668888359559, -0.059296224761642605, 0.23042007583475144, 0.4271314473757816, -0.6437684865488983, 0.1633326507724224, -0.3109331627325471, 0.050509993177441766, 0.13435590311940476, -0.6111777344755859, -0.3158012572319876, -0.4777229058780277, -0.5099721572362579]
1170.6506827485393	(8, 12, 2)	[-0.2698219118371708, 0.7192372966995986, 0.4574835262297624, 0.7091857975653713, -0.039901106650126326, 0.3882157416105432, -0.2580126477396719, 0.030880742018420882, 0.09837510633920488, 0.3153071659388993, -0.446474715796253, -0.6420635792027736, -0.6600587561143074, 0.5129502953656347, 0.18714600037877252, -0.12985678012514432, -0.07270698065110939, -0.14938559633997886, -0.8408056716983626, 0.29604357659090247, 0.6675909504043518, -0.13077593502294932, -0.39512451668793896, -0.41684302186555316, 0.5654374287071176, -0.30147595287547035, -0.23178202929585473, -0.050595732806397904, 0.16243964289574866, -0.8957346070885278, -0.19470400997807347, 0.3707670745183199, -0.7364432894854718, -0.2642149177608069, -0.3213211951644221, 0.17040248424955742, 0.21454490453315123, -0.006249897136781542, 0.2585975832353366, -0.834153367468203, -0.16229412876583904, 0.3698300290894374, -0.2641801856149972, 0.15241540979679907, -0.5576358806198233, -0.14684761657016365, 0.6844868339794113, 0.5887943253649972, 0.6742604243256057, -0.3177775972505902, -0.1638929211563002, 0.5070717366307057, -0.032767506279868595, 0.07019294860119667, -0.0798759933703698, 0.4591893729548366, -0.9023763312223564, -0.36782566254353827, -0.166077560361691, 0.670055761799185, -0.21630559015599554, 0.4855960064270759, 0.05107712275860639, -0.4115619859528281, -0.43073006252987, -0.04538336890376407, -0.2058511234750268, -0.18019623616922145, -1.1602831229643842, -0.5012348159675245, -0.4368703668020755, -0.235434264943344, 0.23608347021591786, -0.11817892133049064, -0.30386045603004974, 0.24351658208765406, -0.45041586842544123, 0.15272716022711164, 0.31625176341084127, 0.020667859631108287, 0.8443734872833979, -0.1883041903784888, 0.4104133620082969, 0.034354696930196486, 0.0784461190924404, -0.4235335468899234, -0.5537490552207085, -0.309451293863948, -0.4067703576675769, 0.6112888502619895, 0.235294152558649, -0.3009992113159665, -0.19385014491299607, 0.059717513240218144, -0.2416532424290359, -0.3444993899773993, -0.15532075676050033, -0.4137211583763672, -0.28600101841787706, -0.09057642864825555, 0.2343562958042102, 0.14817341909382503, 0.20377246528765314, 0.3975809586608867, 0.21227004226602425, 0.22762926031823277, -0.024426555090219074, -0.4040954778027924, -0.0612788719248474, 0.2301072767437192, 0.4280415589726285, -0.6613054296288629, 0.16636215800599888, -0.3112789749336146, 0.054102580272158425, 0.14416943348529082, -0.7051772762924388, -0.32888002621290324, -0.47721769165638217, -0.45537649298393734]
810.8005537168415	(8, 12, 2)	[-0.2698219118371708, 0.7192372966995986, 0.4574835262297624, 0.7091857975653713, -0.039901106650126326, 0.3882157416105432, -0.2580126477396719, 0.030880742018420882, 0.09837510633920488, 0.3153071659388993, -0.446474715796253, -0.6420635792027736, -0.6600587561143074, 0.5129502953656347, 0.18714600037877252, -0.12985678012514432, -0.07270698065110939, -0.14938559633997886, -0.8408056716983626, 0.29604357659090247, 0.6675909504043518, -0.13077593502294932, -0.39512451668793896, -0.41684302186555316, 0.5654374287071176, -0.30147595287547035, -0.23178202929585473, -0.050595732806397904, 0.16243964289574866, -0.8957346070885278, -0.19470400997807347, 0.3707670745183199, -0.7364432894854718, -0.2642149177608069, -0.3213211951644221, 0.17040248424955742, 0.21454490453315123, -0.006249897136781542, 0.2585975832353366, -0.834153367468203, -0.16229412876583904, 0.3698300290894374, -0.2641801856149972, 0.15241540979679907, -0.5576358806198233, -0.14684761657016365, 0.6844868339794113, 0.5887943253649972, 0.6742604243256057, -0.3177775972505902, -0.1638929211563002, 0.5070717366307057, -0.032767506279868595, 0.07019294860119667, -0.0798759933703698, 0.4591893729548366, -0.9023763312223564, -0.36782566254353827, -0.166077560361691, 0.670055761799185, -0.21630559015599554, 0.4855960064270759, 0.05107712275860639, -0.4115619859528281, -0.43073006252987, -0.04538336890376407, -0.2058511234750268, -0.18019623616922145, -1.1602831229643842, -0.5012348159675245, -0.4368703668020755, -0.235434264943344, 0.23608347021591786, -0.11817892133049064, -0.30386045603004974, 0.24351658208765406, -0.45041586842544123, 0.15272716022711164, 0.31625176341084127, 0.020667859631108287, 0.8443734872833979, -0.1883041903784888, 0.4104133620082969, 0.034354696930196486, 0.0784461190924404, -0.4235335468899234, -0.5537490552207085, -0.309451293863948, -0.4067703576675769, 0.6112888502619895, 0.235294152558649, -0.3009992113159665, -0.19385014491299607, 0.059717513240218144, -0.2416532424290359, -0.3444993899773993, -0.15532075676050033, -0.4137211583763672, -0.28600101841787706, -0.005205945125737382, 0.2343562958042102, 0.14817341909382503, 0.20377246528765314, 0.3975809586608867, 0.21227004226602425, 0.22762926031823277, -0.024426555090219074, -0.4040954778027924, -0.0612788719248474, 0.2301072767437192, 0.4280415589726285, -0.6613054296288629, 0.16636215800599888, -0.3112789749336146, 0.054102580272158425, 0.14416943348529082, -0.7051772762924388, -0.32888002621290324, -0.47721769165638217, -0.45537649298393734]
741.7113501905811	(8, 12, 2)	[-0.26981193072219367, 0.7128274362217213, 0.47036791651344595, 0.6470216231954147, -0.03624463550056873, 0.46064303031290166, -0.2592824945121281, 0.3945389663930105, 0.13714517085884215, 0.32119644283450527, -0.44767177749064163, -0.6426364603100877, -0.6896627705159118, 0.4849827959794566, 0.11170217005470096, -0.1294519486137644, -0.04884664640761704, -0.14555525829152582, -0.8570501187150695, 0.359181362294316, 0.6692127093225906, -0.1421652642006145, -0.3945988020515335, -0.4084026194394677, 0.6322620262207426, -0.31268357048424167, -0.24193322917211688, -0.05071814221169466, 0.18217897548945353, -0.9111002744604593, -0.13307840853133576, 0.3645341459831792, -0.708877005009595, -0.2675404644417164, -0.3204316237779223, 0.172377506954885, 0.21108741387808388, -0.006254701517086536, 0.2577873936109501, -0.8139389643111036, -0.07098995338418088, 0.37110666726990565, -0.26563157592345177, 0.14671306422658528, -0.5571801889314338, -0.1559810031081157, 0.6834907808621544, 0.603847576979951, 0.6865329073829011, -0.3000005974168813, -0.18264761791832712, 0.49804663493451684, -0.07067787283305554, 0.07086785503693979, -0.05770992556933034, 0.3950216149581264, -0.9052132469501312, -0.36864541680995994, -0.16892166634571198, 0.39964186382562283, -0.1999044695033665, 0.5432863160121086, 0.04647780488056867, -0.43533521314886686, -0.4296412380587847, -0.046069697006384296, -0.21248839571204498, -0.18301160939902608, -0.4020747882039497, -0.5168467405929547, -0.439039049979658, -0.2587127926011081, 0.22817635717988552, -0.08697167393086938, -0.30365468254789324, 0.23982539629625874, -0.4453233581174346, 0.12960408434039888, 0.3119194239719434, 0.11882133081310285, 0.8546438413070434, -0.18954416021231377, 0.4106210844439336, 0.03556031764662553, 0.062336506077344346, -0.4309526369272519, -0.5557697935182299, -0.322767912536758, -0.2965283112357772, 0.6347613131627402, -0.041672566889188294, -0.2603269882454681, -0.2078858441863877, 0.06047711383810176, -0.20248398628468595, -0.34834449165803527, -0.15818978517290744, -0.4028104082189136, -0.053082648269123706, -0.10653725745631488, 0.24179875443803617, 0.15238099910263286, 0.18961684806631435, 0.3946416556878079, 0.21475605707202697, 0.24215840493997004, -0.010017359523731523, -0.3929561833004394, 0.04781168368962428, 0.22915437642935804, 0.4313232582938783, -0.6582695572051762, 0.13479038631090084, -0.32298621116784, 0.07481506881380018, 0.15026691022560032, -0.6147605197135464, -0.2635682675355443, -0.4781898200711945, -0.5220486404382316]
1158.7402890701344	(8, 12, 2)	[-0.26934136574022327, 0.7154982261092196, 0.4678649037013428, 0.7063609504169005, -0.0395051687949617, 0.3898735251136589, -0.25694944167415534, 0.46469343612399583, 0.13059860219503372, 0.3159470683498039, -0.45109178966617025, -0.6436326387072557, -0.6506763489766676, 0.5152063284127542, 0.10971026095854768, -0.12858989505653942, -0.10004274159312954, -0.18071010936679222, -0.8514942239894691, 0.33399813698288733, 0.6583353915834605, -0.17378574424698362, -0.3860586197577267, -0.4032579998436074, 0.6363301664269378, -0.35035031173045217, -0.24447667896183828, -0.049939768722802806, 0.1619401793650773, -0.899173812432331, -0.1304356614791912, 0.37237703281662526, 0.2917980268680267, -0.2617986396781251, -0.320107437892652, 0.08993996537748279, 0.20944238427290326, -0.005248573110609278, 0.23043396823807158, -0.8031269525186695, -0.26847430202325145, 0.36357323765504923, -0.26764744249824, 0.15427114054824687, -0.5586737487435787, -0.1503238231502886, 0.6685220707321228, 0.5590983216721688, 0.6741795041106895, -0.30821425199986185, -0.1547076662795988, 0.5022041334301929, -0.06681664381958435, 0.0700946994995704, -0.07996214976745267, 0.3796741422639391, -0.90505354947816, -0.3808451444099846, -0.16456783706454117, 0.6340039400590899, -0.19826418978943505, 0.5413475654897555, 0.040577518089272895, -0.429278811404489, -0.4310640030203749, -0.055216990856097395, -0.21193475782092022, -0.1838779574911797, -0.35375785812503896, -0.493241449149837, -0.43924856934255097, -0.21180699288445282, 0.23132700957774244, -0.11696366164596228, -0.3033731205443903, 0.23655394941663102, -0.44277400133888417, 0.1313869291211856, 0.3323906243232796, 0.06536988355003055, 0.8540933920308903, -0.18588931793989855, 0.4104714775284201, 0.036096317756763883, 0.07522017862823908, -0.4414260681995892, -0.559951464231844, -0.3221272106995645, -0.30422349157039397, 0.6302462271892652, -0.015389313401563406, -0.2790202011943589, -0.19329261029956446, 0.05972763978826842, -0.2003844849369438, -0.34202768346796514, -0.16558869710424043, -0.4155293015758009, -0.2088119479136918, -0.09978868683436333, 0.1401413437868344, 0.15235106268756934, 0.23201988729823567, 0.4029178803343557, 0.20476675432680697, 0.23467183956072182, -0.028857403957296125, -0.4083443428600986, -0.0614696599665351, 0.2281874579669917, 0.42867887591526443, -0.653275067484175, 0.13163236512466855, -0.31619907999550606, 0.07190790378427227, 0.1473055369218683, -0.61890322124332, -0.2441708519822485, -0.4776607584524935, -0.5114460830436336]
799.3268423646994	(8, 12, 2)	[-0.26983407556635813, 0.7004159779216258, 0.4719971429273544, 0.6361212015581253, -0.03564433138883434, 0.3717247134717075, -0.2588940360423799, 0.28850031993764, 0.13699214426589554, 0.3222622032871367, -0.44670904115423626, -0.6426824241931274, -0.6811775578689653, 0.4960717839133749, 0.11522449429434117, -0.1294526198147923, -0.048411839458020724, -0.14560479890356484, -0.8571537632704085, 0.3591840706301398, 0.6685383468055639, -0.15157272461900947, -0.39451463160305744, -0.40791462218589875, 0.6380332970200323, -0.3089690440557682, -0.23600955911626634, -0.05061834648485369, 0.15999213102392862, -0.8953469385050387, -0.11379802844974321, 0.3647150401148166, -0.7236358430075945, -0.26732598413631325, -0.3206888088656581, 0.1724556455571458, 0.2112320472975482, -0.006256414885799858, 0.2572601404228699, -0.821253794300913, -0.08801010730898393, 0.37028254281712786, -0.2656149667432136, 0.14632333405825926, -0.557033152119038, -0.15518752341154343, 0.6834865502824347, 0.5984773890648024, 0.6868738896620413, 0.002901013733885016, -0.1831946701595592, 0.49723426875339116, -0.035498242604407565, 0.07084419190089099, -0.07292951454295414, 0.40610152513976877, -0.9050526474883387, -0.369385284414442, -0.16904016228055443, 0.44651836956087576, -0.211551002117028, 0.5542244178371131, 0.05095062310965055, -0.43155029499261743, -0.43034351793210346, -0.04606835665656843, -0.21243239644232112, -0.18299971789559216, -0.3700263042874067, -0.50323462509718, -0.43831565892565244, -0.25922236263257525, 0.23581693810783647, -0.09783115477460516, -0.30263954432978496, 0.2408988047456464, -0.4451564560248077, 0.1278738393916368, 0.31648010063738424, 0.1252254158520383, 0.854396718224646, -0.1902867181102974, 0.4105163177854131, 0.03555482353545476, 0.06470276341394063, -0.4290886842317304, -0.5559061862981834, -0.31742452703340746, -0.28939967657286286, 0.6123845104578522, -0.036294043553934334, -0.2656759869561985, -0.1956745856711247, 0.060557145923984666, -0.25245671216116167, -0.3422783747652099, -0.1664705385663941, -0.40444780871176067, -0.055774058762804266, -0.10799077461327185, 0.24002678886502288, 0.15267758765448475, 0.20308802950433683, 0.5486552293357554, 0.2108101193990207, 0.23808429632188652, -0.025258899638721157, -0.39297197944181306, 0.057893443082252444, 0.22930989081527206, 0.42972189290727825, -0.6346400429559064, 0.14711922292661206, -0.3177150689724228, 0.06812842312962918, 0.15094474865143154, -0.6660373251617436, -0.26331362578333284, -0.47904256591248, -0.48648476813071917]
793.3910046654568	(8, 12, 2)	[-0.27224473216832207, 0.7119235501543949, 0.4835437548082281, 0.706952608486734, -0.03668672420391678, 0.380908298377747, -0.25683329663602017, 0.1187272928764424, 0.13027564031374952, 0.3257703484198718, -0.4502602221841992, -0.6434236548738617, -0.5378651603054075, 0.5115016305860905, 0.1784163748539433, -0.13027370156957546, -0.07346393593321734, -0.22529860342296554, -0.8562852757920328, 0.30227358885337274, 0.6680929548772789, -0.14123193733997114, -0.3944730926221168, -0.4112129577359913, 0.596721489687082, -0.32284725153533217, -0.23921231968637477, -0.050693716694348946, 0.16834691366513194, -0.904603335364839, -0.1379011247750354, 0.36695955332724955, -0.7284301434182928, -0.2647255468740461, -0.32177695048628513, 0.1300978327843623, 0.21508578510146759, -0.006217097729347648, 0.22851181474759164, -0.857136531760992, -0.14738560397015568, 0.37694114555963404, -0.2646901973752541, 0.15094156170515638, -0.5567772948367012, -0.14919280194234252, 0.6877952081127777, 0.5832927505298007, 0.6826105695603285, -0.29754115459124464, -0.1654948735965387, 0.5039673416938991, -0.04336553681321245, 0.07131304041557093, -0.07542032604395504, 0.4343848020062836, -0.9090273019272607, -0.3681736476565672, -0.16744470357960747, 0.66407245134214, -0.22497887982390835, 0.5421662183711661, 0.05109894782807124, -0.41129221242040614, -0.4313146425158764, -0.05068441631965014, -0.20708078546472547, -0.18435511271024133, -0.810212102568638, -0.5067035222009859, -0.43704081233002473, -0.2456104110226263, 0.24302265400364814, -0.11306870187852136, -0.30138709475706216, 0.24259377765294685, -0.4483198751702408, 0.14588986178348878, 0.3389130841700648, 0.025347378926636875, 0.8475602943874602, -0.19308356331575735, 0.4103649675064068, 0.03534229726622176, 0.07232120392595151, -0.4256842483487968, -0.5558945568479691, -0.32089525023751614, -0.4005677057794389, 0.5969829933775831, 0.13290787090959758, -0.3407587805620713, -0.20195331067337421, 0.061675598134525264, -0.17497558905071245, -0.3448605159745014, -0.1585304784305594, -0.44277845558675344, -0.13765266522151276, -0.11029045602287411, 0.2393515887174618, 0.14629397833922653, 0.19214476960694546, 0.4036392581339383, 0.2172573963772887, 0.22550729174182368, -0.023793863168807033, -0.4046346385324766, -0.07470235090742106, 0.22876405060039018, 0.42988856646389034, -0.6377855463403127, 0.13513270764486313, -0.31493906977466096, 0.059686157188876286, 0.15584616558816278, -0.6800061865313218, -0.25806808524231295, -0.4783689852040061, -0.48232441490703576]
