-549.9112784282311	(8, 12, 2)	[0.9828043992563305, -0.7047503879735484, -0.5428344190865086, -0.5357589979478441, 0.08223907855661872, 0.2493464735612274, 0.5715049928671818, -0.9824573036840412, 0.48071200505699485, -0.6165399781838856, -0.4327842463812501, 0.1679704720345463, -0.31924681230772345, -0.43151535216993353, -0.2664335216527074, -0.9174281291259734, 0.41364567594622637, 0.004938820403521227, -0.3412369467288343, 0.30762217414398485, -0.17449827209966284, 0.6766202429885413, -0.8868718700358276, 0.665590164730318, 0.5165944236282589, 0.014487362609858723, 0.32078467548314094, 0.856912349965788, -0.022684107427779487, 0.3119209301754271, -0.1515026359142555, 0.1924880378083198, 0.15665943500674495, -0.11661609267484696, 0.5092725185010529, -0.07532307983764808, 0.35313307367095326, 0.30724344677320437, 0.26371511978613627, -0.34223203517264555, -0.17365506675605658, -0.6901619779203867, 0.17062132803802488, 0.8920622915837255, -0.3348920080706983, 0.9365954194530925, 0.09295054076123788, 0.6925016063336653, 0.6655307870260307, 0.055167792924752934, 0.07462044688888225, -0.2827830339462616, 0.8237399384369171, 0.41839597364222403, 0.5544079656784966, -0.7954950128096869, 0.7288894397467198, -0.8302198890766124, -0.2555752326413012, 0.7002164937808915, -0.00862826235634162, 0.6947365482443226, -0.20590650434457913, 0.6615616068575922, -0.622925413082936, -0.18250702530182594, -0.2273341243631073, -0.7291119935567343, 0.5038899082444446, -0.03445114440596342, 0.546830472017761, 0.7099565676928283, 0.9305327519434827, 0.027486960305242114, 0.96443406511901, -0.7040552347083706, -0.6571967925356366, 0.6450415103308687, 0.4683529859985063, 0.2158549101906455, 0.4164841873925531, -0.24930253321864226, 0.543294183569385, -0.2084508408370982, -0.8500001715036172, 0.5813815535703084, -0.0009920293520786494, -0.04584617618967779, 0.8912450423028244, -0.868076472070189, -0.435866273022943, -0.27269789829477364, -0.006412707184765054, 0.31172358429605596, 0.467607807447721, -0.20613576578885362, -0.32125229004942213, 0.9660570346613084, 0.2269399793500746, 0.06387172871373203, 0.9016037475957772, -0.09824770547915107, -0.5293850141686474, 0.10609256898507069, -0.28123975862291095, 0.5233158730219065, -0.4210374372744794, 0.7004861617398579, 0.7653207828440292, -0.013745046577960274, -0.19971653819167967, 0.7930588932041418, 0.5644355074849243, -0.5146703559162464, -0.33436912929487916, 0.8435021494470925, 0.6313855865063844, 0.431435877566561, -0.8893269082979978, -0.8909519746721284]
604.7166268949368	(8, 12, 2)	[0.9828043992563305, -0.7047503879735484, -0.5428344190865086, -0.5357589979478441, 0.08223907855661872, 0.2493464735612274, 0.5715049928671818, -0.9824573036840412, 0.48071200505699485, -0.6165399781838856, -0.4327842463812501, 0.1679704720345463, -0.31924681230772345, -0.43151535216993353, -0.2664335216527074, -0.9174281291259734, 0.41364567594622637, 0.004938820403521227, -0.3412369467288343, 0.1889573032221671, -0.17449827209966284, 0.6766202429885413, -0.8868718700358276, 0.665590164730318, 0.5165944236282589, 0.014487362609858723, 0.32078467548314094, 0.856912349965788, -0.022684107427779487, 0.3119209301754271, -0.1515026359142555, 0.1924880378083198, 0.15665943500674495, -0.11661609267484696, 0.5092725185010529, -0.07532307983764808, 0.35313307367095326, 0.30724344677320437, 0.26371511978613627, -0.34223203517264555, -0.17365506675605658, -0.6901619779203867, 0.17062132803802488, 0.8920622915837255, -0.3348920080706983, 0.9365954194530925, 0.09295054076123788, 0.6925016063336653, 0.6655307870260307, 0.055167792924752934, 0.07462044688888225, -0.2827830339462616, 0.8237399384369171, 0.41839597364222403, 0.5544079656784966, -0.7954950128096869, 0.7288894397467198, -0.8302198890766124, -0.2555752326413012, 0.7002164937808915, -0.00862826235634162, 0.6947365482443226, -0.20590650434457913, 0.6615616068575922, -0.622925413082936, -0.18250702530182594, -0.2273341243631073, -0.7291119935567343, 0.5038899082444446, -0.03445114440596342, 0.546830472017761, 0.7099565676928283, 0.9305327519434827, 0.027486960305242114, 0.96443406511901, -0.7040552347083706, -0.6571967925356366, 0.6450415103308687, 0.4683529859985063, 0.2158549101906455, 0.4164841873925531, -0.24930253321864226, 0.543294183569385, -0.2084508408370982, -0.8500001715036172, 0.5813815535703084, -0.0009920293520786494, -0.04584617618967779, 0.8912450423028244, -0.868076472070189, -0.435866273022943, -0.27269789829477364, -0.006412707184765054, 0.31172358429605596, 0.467607807447721, -0.20613576578885362, -0.32125229004942213, 0.9660570346613084, 0.2269399793500746, 0.06387172871373203, 0.9016037475957772, -0.09824770547915107, -0.5293850141686474, 0.10609256898507069, -0.28123975862291095, 0.5233158730219065, -0.4210374372744794, 0.7004861617398579, 0.7653207828440292, -0.013745046577960274, -0.19971653819167967, 0.7930588932041418, 0.5644355074849243, -0.5146703559162464, -0.33436912929487916, 0.8435021494470925, 0.6313855865063844, 0.431435877566561, -0.8893269082979978, -0.8909519746721284]
-43.498182071129804	(8, 12, 2)	[0.7468986521367877, 0.2170195820961269, 0.08815016618462113, -0.03911455593028362, -0.8736059044847161, 0.29163242582835047, -0.00458487261603735, 1.3814747850944684, -0.0074289761275962984, 0.4230823550526486, -0.24612790476404844, -0.4605576827859005, 0.5310989382721198, -0.656799447621933, -0.37979867654546906, 0.9516662328712706, -0.6608008363287036, -0.486819511760111, 0.5604032172019975, -0.1592394828033994, -0.1442668424184158, 0.563306420446342, 0.3286504527225011, 0.7046683535953393, -0.08655975539324107, -0.3313581190419216, 0.5785266261699881, -0.0781590217987187, 0.5605658622869745, 0.742023903898267, 0.7747654201660242, -0.5473302130172739, 0.14969645906122006, -0.5447679706229859, -0.4319879591037472, 0.1032440053318207, -0.5672522906486932, 0.14163312612995177, 0.018548688923746004, 0.1085864860996486, 0.031071539556920866, -0.40483163678219286, 0.9955137743751512, 0.3190246071480307, 0.1408926749199022, 0.7612392783014816, 0.6929566739807209, 0.25864064186729463, 0.7733955931826257, 0.4351526931437366, -0.4269735446589066, 1.0726260342149743, -0.19293973907615247, -0.4484134800538766, 0.6523576723057422, -0.5751258939133694, -0.6453483375637972, 0.30078924294002024, 0.5712212709777482, 0.7262786816952431, -0.8995022122514584, 0.41794833481777166, 0.2728991426282621, 0.9499139911521963, -0.4036846631608307, 0.7115488012961735, -0.02701765217069578, 0.3769264106271255, -0.0873677572781677, -0.5216658983239079, 0.8098060951930613, -0.7487014581051685, -0.2612992032445262, 0.6771859221713747, -0.12970232114574565, -0.6038159446759649, -0.3776489167165868, 0.4457676138517417, 0.16728671092668548, -0.5534832019975204, 0.10845512150535837, 0.25031806305399296, 0.5730232338155631, 0.632266883023746, 0.26770178461399957, -1.0996064045035936, 0.20763555259839706, 0.22301152051489082, 0.0026370281935346185, 0.6517277591675261, 0.7095010462560734, -0.9736271902891926, 0.27146062590967646, 0.14795335284892924, 0.6202074531074906, 1.120683324811504, 0.2632111717810577, 0.039248688556220046, 0.20794893645377982, 0.05085102579290135, -0.5575952222847195, -1.0960186641192318, -0.31494043674450506, 0.7275165687175805, -0.3122199763345852, -0.774635962584286, -0.5442030113203022, -0.7865422523143294, 0.08228000798487112, 0.8827298074098303, 0.007129751504858006, 0.292303482250978, -0.5985182762987766, -0.8529016404077091, 0.7958098186408602, -0.5024844229432084, -0.6526280715748842, -0.15493140174758224, -0.14662824303596658, -0.8061189875696994]
46.62403303228041	(8, 12, 2)	[0.9869569954780328, -0.6346130339631721, -0.5475336792427623, -0.5322251838901036, 0.08497948857174471, 0.25264954774378495, 0.02576765830469563, -1.2511481170414878, 0.34881750474469236, -0.6496832790784091, -0.4385746550245974, 0.17173957054047803, -0.319737642166083, -0.42950457621360866, -0.2504253255195308, -0.9672055849819985, 0.3606886941096434, 0.005039311947217561, -0.3880632424654458, 0.14245538478494815, -0.1780266798682787, 0.5793954710198178, -0.8241531778933022, 0.6606005198783311, 0.5164302088720637, 0.01543165708064367, 0.6421859871029034, 0.8434992032061767, -0.01195645998011329, 0.29604129272030777, -0.15610104699996113, 0.19554904389193895, 0.6985578791228717, -0.11593910022072394, 0.5094688613123788, -0.07758519605202402, 0.331080526664989, 0.30436865276825215, 0.1433593339317632, -0.3878259633565666, -0.16521642751901897, -0.5074155606882826, 0.15997366790079026, 0.5081789729791572, -0.3255756710265923, 0.9396859218677696, 0.0032225371862030904, 0.6929785093807699, 0.630440587084465, 0.049373889157011866, 0.08001172381147476, -0.2863467723421864, 0.5663558697502656, 0.41908871155883276, 0.6209853274970313, -0.777563829638289, 0.7436253704574518, -0.8302618173582414, -0.3297412876663015, 0.5628504975936336, 0.034801489361288185, -0.09434727772256818, -0.12703988213383124, 0.684582667626679, -0.6266171541896299, -0.51019471736659, -0.29177364728115246, -0.7244066412336693, 0.6675476384852709, -0.1983667137392061, 0.52117442161485, 0.5619659698130912, 0.9051154436561125, 0.051606523223298256, 1.0209013679192742, -0.37320962507870814, -0.6692870665190173, 0.6661680465023798, 0.39483358907234845, 0.21571853261707005, 0.36070425300966336, -0.3087194246724164, 0.6000758951267318, -0.20924816888848263, -0.8473532407617282, 0.7089016790331445, -0.019008466587635088, -0.03496766375002877, 0.7751945185854485, -0.8675766378197062, -0.45453927686904094, -0.2611349907342496, -0.043324224359383476, -0.016159280405773746, 0.3709654993409683, -0.2145895608035593, -0.3212875885858695, 1.0000506524023087, 0.3096661335365759, 0.1085317236699926, 0.9015232514912536, -0.10789407208467065, -0.16529079153358944, 0.2647802513220206, -0.2757786568636956, 0.6559424039795642, -0.4475970580517321, 0.7742222718931249, 0.7688167156946508, -0.04105834395349797, -0.2018991227897719, 0.8033030110886109, 0.5564575030163028, -0.5114555271670183, -0.33502771582239194, 0.7707421943582948, 0.630893802660065, 0.4374530564792918, -0.8979856428110712, -0.9175478258547457]
169.09880107450658	(8, 12, 2)	[0.8511216040569266, 0.4519204786180355, -0.04777043721575214, -0.6075100573681198, 0.24234915875967927, -0.03297856566049843, -0.9899529338293878, 0.807172331627447, 0.08480857857337076, 0.21543819386356877, -0.5009271619189364, 0.5169862801314933, -0.34689902058843675, 0.5741274051522021, -0.39189113978493484, 0.3874796373980476, 0.663900082840313, 0.002136842492918428, -0.3137478940234079, 0.03519849855077417, -0.24387314343486471, 0.6414346189935022, -0.22576122290345152, 0.33174919527191815, 0.7028138386115883, 0.4117327758634078, -0.3983964253179846, -0.04809467973380405, -0.39314548250130854, 0.2958754995256545, 1.0569724351671723, 0.19021096250340094, 0.4109234668550338, 0.2617189562142561, -0.7917252606798396, 0.18082827672821383, 0.5593782802794569, 0.1954335806358768, 0.3278589619076756, 0.2702631713909988, -0.048973995347061455, -0.5327290700613999, -0.2749000832258406, 0.15771242373715183, -0.34669712972772226, 0.489294355486079, 0.03059152626396633, 0.06844094445527746, 0.654326849668661, 0.11662198443545144, -0.5103275839037702, -0.21791842912863973, 0.8632841728181871, 0.46924363360450333, 1.264515644141436, 0.5406751445972373, 0.22839921039494787, -0.43648242677383076, 0.4134781947607097, 0.35710966662122434, -0.32352246386084504, -0.23793075020126686, -0.6293253869237948, 0.3659523023798894, -0.3692392305253514, -0.007418519650089217, -0.7587342302270005, -0.13408963792766726, 0.5149356265511821, -0.10845420132792744, 0.28672373624616343, 0.040087158865228734, 0.005669595374969966, 0.603934193347666, 0.8672841599681981, 0.170676619659647, -0.1590864206401683, 0.27923961044360524, -0.128030762971304, -0.5869183498308177, -0.060338114341350696, -0.06317198309724781, 0.8949773986610483, -1.0260830518229036, -0.08705267500165298, 0.543321807231218, -0.3311845947677864, 0.10972662036021874, 0.3268789008930055, -0.06436705853510993, 0.3307337430178361, -0.48959304437744977, -1.0558486415294357, 0.0014532928232228182, 0.10881510809222339, -0.758063310517108, -0.04411431919911618, -0.630392019833847, 0.022412377482176282, -0.6542874769066054, -0.06665904896085728, -0.1266091261722606, -0.5362088799795461, 0.18649282016572558, -0.40197767958665986, 0.17062417615541722, -0.9584884312546997, -0.5118087782336613, -0.9630742816793524, -0.825512214232359, -0.00118854366024021, -0.7430396974503605, 0.30739849216793164, -0.6404323199951245, 0.3694039914450937, -0.7164341032981593, 0.8139279412261912, -0.1572749449284711, -0.1410226618688008, -0.3396225283882346]
190.08268578392997	(8, 12, 2)	[0.8768544100282603, 0.4077434091346175, -0.3854333038516616, -0.6036283042080963, 0.16586875917968702, -0.05690816354405888, -0.9020868838631211, 0.8283445863122656, 0.055442952571144295, 0.2156454305757756, -0.2524867590774357, -0.6005201417990775, -0.43929247869952515, -0.3602585779611743, -0.30298150696046544, 0.21720644607000686, 0.525555042372786, 0.04313041836751695, -0.2939727840978294, 0.0925535394399738, -0.2066479214439647, 0.5548060402797153, -0.23243294921941757, 0.1956123331650293, 0.33036345928429406, 0.3740416366482093, 0.4496839378507509, -0.1589762576323666, -0.17810956184710786, 0.2829016990397272, 0.5995535988436581, 0.17012232638318953, 1.1150420225591897, -0.1973079746417752, -0.6211109167465341, 0.18804663555994414, 0.6352629563122564, 0.19949772584703857, 0.32104036161179045, -0.2177625732303891, -0.126346606867793, -0.6105532634114655, 1.1235127371359472, 0.4456762909745616, -0.35896744194032365, 0.4953616397614923, 0.44001870988214564, 0.1351761341459758, -0.42803781025750137, 0.10725757712133109, -0.4950458317190764, -0.5633014441438469, 0.9230529278502488, 0.35319841694460286, 1.093050253478319, -0.13345116302885565, 0.13514221412815697, -0.4364400783844401, 0.6737892582826205, 0.496093338332946, -0.3196611616941264, -0.2275960288110911, -0.28727498314515254, 0.2701031878591284, -0.24994357952605056, -0.00015909328828278904, -0.7742425343369738, -0.13032958501737707, 0.5193554324036145, -0.08304877630089193, -0.04461848152312688, 0.02691909587778906, -0.07936569186824517, 0.6012222565615051, 0.8699139962236497, 0.7356841115132887, -0.10586874516806312, 0.40923368195961196, -0.12950820689326883, -0.6375117686627281, -0.04409593665517317, 0.1700289369100646, 0.8773376296979534, -1.0387493886941006, 0.07708067759785914, 0.5328413926786965, -0.36972461890648967, 0.024771283807513596, 0.3134830406524824, 0.17826016170338588, 0.2555407572346577, -0.5053739269729663, 0.25860794354845895, 0.18137820699123602, 0.03731424911563891, -0.5408619306077806, -0.23793064285121532, -0.586267366026422, 0.39482071463253043, -0.7466306192239447, -0.02040636444672502, -0.34155169481209385, -0.49996601808321384, 0.6756123653775183, -0.37230468042538567, 0.1792734445028417, -1.2525220142215596, -0.34506959587113245, -0.8655501373858484, -1.0682679403174264, -0.12686482042919772, 0.11071671223051682, -0.5811194143201177, -0.731900774539045, 0.4923975522708131, -0.4716093589356052, 0.6224626530734412, -0.28563820123722644, -0.06012689494109881, -0.5110414999871561]
257.1582933852501	(8, 12, 2)	[0.8684968677550244, -0.04123612056856918, -0.47176962967299707, -0.5269770968344046, 0.17750219863872568, 0.2506072638480636, -0.16569834708366854, -0.8350532044962514, 0.4515475314306665, -0.3760115935279878, -0.3173476403946135, 0.20493514351492637, -0.37443787131493744, -0.38881841625273794, -0.3130871745297128, -1.1687311711312276, 0.43209776002011085, -0.17761274510430253, -0.4037036414284733, -0.02682349710353079, -0.5069049525140182, 0.4147150314691507, -0.783868279034493, 0.47574693495397335, 0.03279499418128552, -0.6366312244304507, 0.405618552094008, 0.8926596289656767, -0.35722215663105794, 0.3855389517214294, -0.14647983525197894, 0.4531658917548749, 0.26499570970705694, -0.16805740560887727, 0.5992238719081587, -0.2082327587622418, 0.3013124689526725, 0.41408661922372275, -0.20464317744922542, 0.0014221425817679823, 0.9955525353317582, -0.5554189363827902, 0.22309233599812872, 0.17321965718919205, -0.2683347732061004, 0.906711262883878, 0.029898726591554375, 0.084379634335496, 0.552253700957898, 0.06551945068762403, 0.07080127369579585, -0.2928780013769241, 0.4428089177315563, 0.18558896138552836, 0.5289981179020649, -0.5379385351356967, 0.48585532408427234, -0.27721289586861353, -0.061114488926431954, 0.58621176376707, -0.5394489896325102, 0.3960922974273566, 0.04346153083590565, 0.8411779297759479, -0.57673748856702, -0.3283479147000373, -0.12561938419670843, -0.4382329264407216, 0.3920897960345601, -0.4881945126352268, 0.5968585946492456, 0.5427191792204675, 0.45609003508972823, 0.16959620098801903, 1.147766329837135, -0.43639505448760163, -0.6786212815580157, 0.566887469437673, 0.06793271083476321, -0.7251747383877791, 0.3993643365383883, -0.4396540885457597, 0.5514075554844748, -0.18125724147188366, -0.8616448097934035, 0.5688363257057417, -0.018666757983861366, 0.050626322481018365, 0.9047210478611661, -0.9108291872358631, -0.4813866790980138, -0.18934574893712186, -0.13686564203101198, 0.2985160520986947, 0.49631900980900506, -0.26767888285314434, -0.3716169076718723, 1.0349574774612946, 0.31320868164314675, 0.05202720967086841, 0.24444003191907887, 0.23085334182783016, -0.3773089335484792, 0.24096203044791875, -0.026611659948115707, 0.4437885659072022, -0.4174340257163688, 0.5836906103524325, 0.3863639813658871, -0.02986994208327834, -0.1804801850638537, 0.7788806057981881, 0.5780865650834557, -0.6975601245551998, -0.4251543362424125, 0.2619895539861888, 0.661132854319624, -0.22213146016282465, -0.6941440383605031, -0.42518707863801986]
518.2408083858019	(8, 12, 2)	[0.8684968677550244, -0.04123612056856918, -0.47176962967299707, -0.5269770968344046, 0.17750219863872568, 0.2506072638480636, -0.16569834708366854, -0.8350532044962514, 0.4515475314306665, -0.3760115935279878, -0.3173476403946135, 0.20493514351492637, -0.37443787131493744, -0.38881841625273794, -0.3130871745297128, -1.1687311711312276, 0.43209776002011085, -0.17761274510430253, -0.4037036414284733, -0.02682349710353079, -0.5069049525140182, 0.4147150314691507, -0.783868279034493, 0.47574693495397335, 0.03279499418128552, -0.6366312244304507, 0.405618552094008, 0.8926596289656767, -0.35722215663105794, 0.3855389517214294, -0.14647983525197894, 0.4531658917548749, 0.26499570970705694, -0.16805740560887727, 0.5992238719081587, -0.2082327587622418, 0.3013124689526725, 0.41408661922372275, -0.20464317744922542, 0.0014221425817679823, 0.9955525353317582, -0.5554189363827902, 0.22309233599812872, 0.17321965718919205, -0.2683347732061004, 0.906711262883878, 0.029898726591554375, 0.084379634335496, 0.552253700957898, 0.06551945068762403, 0.07080127369579585, -0.2928780013769241, 0.4428089177315563, 0.18558896138552836, 0.5289981179020649, -0.5379385351356967, 0.5769567506021712, -0.27721289586861353, -0.061114488926431954, 0.58621176376707, -0.5394489896325102, 0.3960922974273566, 0.04346153083590565, 0.8411779297759479, -0.57673748856702, -0.3283479147000373, -0.12561938419670843, -0.4382329264407216, 0.3920897960345601, -0.4881945126352268, 0.5968585946492456, 0.5427191792204675, 0.45609003508972823, 0.16959620098801903, 1.147766329837135, -0.43639505448760163, -0.6786212815580157, 0.566887469437673, 0.06793271083476321, -0.7251747383877791, 0.3993643365383883, -0.4396540885457597, 0.5514075554844748, -0.18125724147188366, -0.8616448097934035, 0.5688363257057417, -0.018666757983861366, 0.050626322481018365, 0.9047210478611661, -0.9108291872358631, -0.4813866790980138, -0.18934574893712186, -0.13686564203101198, 0.2985160520986947, 0.49631900980900506, -0.26767888285314434, -0.3716169076718723, 1.0349574774612946, 0.31320868164314675, 0.05202720967086841, 0.24444003191907887, 0.23085334182783016, -0.3773089335484792, 0.24096203044791875, -0.026611659948115707, 0.4437885659072022, -0.4174340257163688, 0.5836906103524325, 0.3863639813658871, -0.02986994208327834, -0.1804801850638537, 0.7788806057981881, 0.5780865650834557, -0.6975601245551998, -0.4251543362424125, 0.2619895539861888, 0.661132854319624, -0.22213146016282465, -0.6941440383605031, -0.42518707863801986]
259.8895173726652	(8, 12, 2)	[0.8548095409012959, -0.44203960939484427, -0.5225115980932541, -0.4480780753488897, -0.06446520180936638, 0.23823343837981514, -0.3412819191851254, -0.7695125666904026, 0.34454256172616543, -0.5123495345706861, -0.15835333094135012, 0.16882033768144428, -0.3808234665039915, -0.3414898058366703, -0.29198209505221795, -0.8481092733064151, 0.3805141147163686, -0.23476759862676044, -0.024066782562015, 0.0695421545879665, -0.23063959250431348, 0.5596750944956813, -0.7683481135655134, -0.05472484036356068, 0.25139421610179796, -0.33618175920335347, 0.4340840099908556, 0.37521989554408564, -0.1356374181192025, 0.34194084594343527, -0.2782768019512721, 0.4226043170707236, 0.32158646280639974, 0.010436560439985865, 0.0020184631151792254, -0.2036086763367362, 0.35048674878495545, 0.2599546643681155, -0.19325380669369774, -0.02994738825802845, -0.027535684213241873, -0.33903065827924034, 0.17488794788099002, 0.06945285984534653, -0.26471532116608426, 0.8459655208788225, 0.37334116766803715, 0.1974435361707538, -0.04828967101069653, 0.07070353359691783, 0.07588523439394755, -0.27681314773051185, 0.40487115961375836, 0.20487429768964707, 0.5447148486173684, -0.5468496202855347, 0.41095748197335935, -0.3553976936076484, 0.06848875599615184, 0.36696750748172324, -0.6094188723880336, 0.2467974312038424, -0.14579811698500697, 0.7100541196078346, -0.4977064221889798, -0.2248419715950107, -0.11457719586101785, -0.3831112838678248, 0.5122097356923895, -0.27996207547743374, 0.45690227280175766, 0.5707958402204898, 0.7499026293390763, 0.1819638684539286, 0.9028569778752802, -0.5189456506224802, -0.614240025871678, 0.636576749127224, 0.07560545703276111, -0.6529049126417302, 0.2813059957278048, -0.32740056892983704, 0.549832757859983, -0.19841895294738615, -0.6132375770435476, 0.5613188401207594, -0.0057738591558835935, -0.18999565922860956, 0.9341803607601817, -0.933871062938086, -0.4680862992596805, -0.148950998024207, -0.1342748816026413, 0.24334339369179456, 0.2987700513692907, -0.16881666734186482, -0.39428140684912183, 1.0183984463817422, 0.22248095418958608, 0.0566563203330568, 0.581435425980253, 0.001321294862202116, -0.40844440031711876, 0.05239243575834841, -0.11562823142991516, 0.391018719283156, -0.675741349816051, 0.704079541291416, 0.3491659713492175, 0.029678497751460912, -0.18312466391790902, 0.8305193883340323, 0.42122142031707316, -0.7526761149764842, -0.04688468682332292, 0.6012352811533529, 0.5603347630035164, -0.3123614019263738, -0.9818305045374612, -0.591339029135921]
442.0450303112332	(8, 12, 2)	[0.8585341150542647, -0.10260619889067035, -0.2303731292745974, -0.52811181141723, 0.18032219745312655, -0.07684655201893104, -0.15984074549359162, -0.8279270910744108, 0.39856463045346446, -0.3946152855366896, -0.31332104837619057, 0.20202431816593203, -0.37753386908007996, -0.38853417977015303, -0.3138146024145108, -0.15492876152647694, 0.423505633829937, -0.19139013725470963, -0.40388719574062926, -0.002880241551238061, -0.5000129951259541, 0.3697253679254194, -0.7677428718432489, 0.3996799527537948, 0.13000526899723608, -0.6271032041162208, 0.3656435430871275, 0.30687114306307733, -0.3541034585564896, 0.38274364036421193, -0.1514422769178817, 0.5083528446797078, 0.23255669476073215, -0.1480743697135035, 0.6111763707622363, -0.13015145148317103, 0.29985247910033486, 0.3631696278317944, 0.26949071117364776, -0.10730870006459961, 0.3291848827526559, -0.5554185818651906, 0.22344035340658966, 0.24106383209392834, -0.2633935135376401, 0.7310507164286033, 0.023701235775830318, 0.32184803516442745, 0.5522415148348626, 0.058670719597833695, 0.09842421086396505, -0.28587093805023783, 0.9951790695617907, 0.24412303924675272, 0.5621166627604748, -0.40401005298991843, 0.5749776496707821, -0.3775541334974277, 0.030748455556817433, 0.5863517529436181, -0.45208798861593924, 0.3965325289080636, 0.03853101398854409, 0.8460015066522023, -0.5682794563663615, -0.219247689066552, -0.29842848443238196, -0.4266254874782691, 0.3839219474660448, -0.4550424348872082, 0.6658325994801915, 0.37280142362076163, 0.45453573269688996, 0.13484537845173442, 1.1389118225723167, -0.4345430009627424, -0.6642263668298539, 0.545197756387574, 0.08038011656565913, -0.686337431158946, 0.39169432746773997, -0.32831693304150045, 0.5716978070530944, -0.46874778799222094, -0.8163013253556429, 0.5552782787457382, 0.04444983732009185, 0.050630527829009314, 0.9453508665751313, -0.8307584353777384, -0.474110587728817, -0.17311995321891027, -0.10973709226857646, 0.2814648928999267, 0.44912057502009073, -0.2517907108553609, -0.3702121809327648, 1.0254546345362983, 0.3997465731935119, 0.037445887787171644, 0.17574715068815233, 0.21065293993958914, -0.3756143290281801, 0.23577767056388013, -0.026572310961070045, 0.4426274277452379, -0.41762848301707717, 0.5929683276171006, -0.16914170842724785, -0.14640991506062573, -0.18224821813120187, 0.7526646492694677, 0.5736511153887449, -0.7004978583477257, -0.06088959795366172, 0.15612273055284237, 0.6608287352376553, -0.14331258007388037, -0.695728655197908, -0.45861813412594193]
472.9218607971671	(8, 12, 2)	[0.9114631900083459, -0.07024180959005444, -0.24836694347670973, -0.2312583297912847, 0.059248641509075155, 0.2172817229685208, -0.4659657737337092, 0.41301424272091625, 0.47209453720832184, -0.4432972650701071, -0.40310927253951917, -0.3324143954301124, -0.2369279039436008, -0.3418724570961443, -0.4123438785707485, -0.6896273486799034, 0.43719810639084755, -0.2222004532482703, -0.2151902328554407, 0.07907077312880173, -0.18091202022688263, 0.4814195061982898, 0.23156542236609712, 0.3907100945243249, 0.17224707357148636, -0.533401367588737, 0.562087620303976, 0.29737070133375265, 0.06437347534781539, 0.38558550688608934, 0.3917255773354054, 0.11183390476326298, 0.2310405221908183, 0.3004537314172371, -0.03654692523800063, 0.2511801417632631, 0.3360680982166092, 0.2838323448577167, 0.14785175302592657, 0.021910035155188995, 0.06177914655884492, -0.2677866416220851, 0.08864082920852613, 0.6940739994397711, -0.27621101994259667, 0.8121534339062108, 0.3832203870524243, 0.2679253474797275, 0.7170300847018094, 0.26397268510015703, -0.29177867688128156, -0.34420606538321535, 0.7219204978775621, 0.4804215555901574, 0.5423798760732786, -0.6364086548887583, 0.4220695016564897, -0.4741998858146814, 0.6610826917780632, 0.4601914258150665, -0.5944508104922603, -0.21544312024982132, -0.009425180848031484, 0.568949777467537, -0.6610400274126949, -0.26609821962363706, -0.4651443524787462, -0.0013064274235823348, 0.4324867741519215, -0.2476609239652638, 0.40616916736827113, -0.028278303649189818, 0.11425671577632218, 0.13303690885875255, 0.9997404512121797, 0.6504890937876514, 0.44193621089616586, 0.6123426598300414, 0.027292398306453497, -0.2591688805594744, 0.007044035036762627, 0.05984640273995556, 0.7446283358100366, -0.27400234514523514, -0.01206899741402434, 0.5518785504808065, -0.05719848093560749, 0.24654248677516732, 0.7494641749108805, -0.4240133053408349, -0.10712730564060338, -0.4049876562267722, -0.024783670078643044, 0.38295872204744136, 0.49447967368461354, -0.5368575226673443, 0.2653631596294686, 0.5972864689264656, 0.25365103010556966, -0.10406359677346849, 0.10552023802935002, -0.27970800811439434, -0.5336652172863743, 0.44650018235920613, -0.2790090736185053, 0.5098708549571477, -0.8332051314878336, 0.23079333341391134, 0.5988361682808253, -0.14637671737620062, -0.131735952394303, 0.18035364020334094, 0.17779098953734576, -0.5598948142082548, -0.21369128924793807, 0.07608633422096284, 0.4252564966267423, 0.5553041733024037, -0.20244384704266005, -0.4724288846442927]
642.1278005875242	(8, 12, 2)	[0.8882669550763714, -0.24325009303648315, -0.1382612370301084, -0.5307769027267671, -0.07062395428012329, 0.26821055728165466, 0.26353188180093756, -0.469794099297173, -1.9679355927711912, -0.5239722030471796, -0.1500287867466165, -0.08554029219921339, -0.3123073035770507, -0.36336527324946455, -0.4055118428799096, 0.3442477255493126, 0.7042575100232433, -0.23463240476166286, 0.08689641149233289, 0.06081623093692261, -0.1658136937138911, 0.6322637137951502, -0.8099455660980924, 0.6966009525164285, 0.3185816367868276, -0.12237828055278199, 0.44049098590149594, 0.14679731559849563, -0.13230530113793498, 0.2155279895455094, -0.286076527692544, 0.3909266707360634, 0.1580465235876633, 0.01090307676448073, 0.020525547105073264, 0.41582283950853605, 0.5392049773487904, 0.31702407435710367, -0.13047538127475547, -0.026833733219002173, -0.026164363468089646, -0.28097799700029835, 0.11407784009709142, 0.6641628822977763, -0.263042732230749, 0.8594504008325249, 0.4154422624077696, 0.41636246968985063, 0.6446728439927729, -0.08307272037719272, 0.09254222959116712, -0.1630493619871739, 0.6442487063959608, 0.3034804527108239, 0.5401480638971194, -0.6516655735381812, 0.4363719573291657, -0.34604013402663275, -0.22804051507282275, 0.5838962364827738, -0.32436956061869, 0.5214014933106034, -0.14305921439749006, 0.3987538086591933, -0.6741583509886414, -0.26436714910958087, 0.06884428813730539, -0.4727234966391766, 0.9187168540296832, -0.3090870844150034, 0.8187671278267273, 0.3998047868255209, 0.5785217459247514, 0.2661947155420553, 0.6314539577149714, -0.5424924930972901, -0.6143571368821764, 0.6401845012846409, 0.13467893988017254, -0.8148832683745617, 0.37716096156242873, -0.08135242871570925, 0.5144081521155824, -0.19611122242897996, -0.6071717518280711, 0.6688252570865327, 0.030549152874056684, -0.14307884115936614, 1.044493550345124, -0.9327474148572861, -0.25995771058871386, -0.342269075017072, -0.1544214067841839, 0.40339964702468734, 0.2101631315997251, -0.23138947250457698, -0.3806552370247177, -0.0027266798706463563, 0.2154003981414929, 0.2095597192054111, 0.3833327279156513, -0.03918132642264252, -0.270826983797141, 0.0595857734455673, -0.12289572134429738, 0.06701502850436321, -0.5304106883822604, 0.8012695200095163, 0.3922658956825481, 0.03930830398273954, -0.2703921177923048, 0.8299859102816568, 0.5464747514961413, -0.7072557968125577, -0.18755656446506663, 0.7332321616672656, 0.5487142267119935, -0.1867421663650986, -0.8187608157355559, -0.8478807685198688]
911.3827290358171	(8, 12, 2)	[0.8596742903278634, -0.25133409216673896, -0.44903895349857426, -0.46782853563120846, 0.18797267609052476, 0.0586083353626084, -0.3807673518168251, 0.7373665940043805, 0.36926696767366196, -0.49024071484746945, -0.3036901433150865, -0.33927581101480764, -0.2675977541771122, -0.4226787942140786, -0.3147620324417173, -0.47727022152816523, 0.42486021304650595, -0.15094322155991147, -0.2536204460735869, 0.006585371200612597, -0.2861263992791055, 0.39820056985085467, -0.40916193132407924, 0.39144550054308813, 0.18809108894028392, -0.5523561557360722, 0.4531965729218937, 0.3450110051040872, -0.21068893898072266, 0.3594694153141328, 0.0691430067704143, 0.3743054356424672, 0.3368922819688404, -0.1357215815470913, 0.3931148419054784, -0.1917925325072661, 0.3372549161513352, 0.3955919554369022, -0.08164830803838506, 0.18874534025850725, 0.024368871565385197, -0.3585285767843075, 0.14384255654581268, 0.24361862546269936, -0.3133473060907006, 0.8228873902503802, 0.3149619222102826, -0.022203690496856776, 0.04799701487267022, 0.006428653009009688, -0.3037448727775579, -0.3211105449835597, 0.5063868218836347, 0.3261085452000652, 0.5841484255497404, -0.6145580558447536, 0.43445604632189894, -0.4381507100094784, 0.05948244200734426, 0.4734336227620877, -0.5914233454335438, 0.33828122015503814, -0.008385938415146009, 0.6778861018866212, -0.6449137459716999, -0.33532478587730175, -0.22658634780378378, -0.4436992128931889, 0.4400024919003839, -0.42062208770820503, 0.5590378751171408, 0.4705091087215837, 0.32075876180096985, 0.1496983813102011, 1.022447303103502, -0.4513277320689171, 0.22563897372630815, 0.6221317201788273, -0.09082218577168014, -0.5188907952527994, 0.37305682271536555, -0.23640435748533226, 0.7043302515205779, -0.3460464038279727, -0.8227948388120092, 0.5514401978308494, 0.0037850700031680645, 0.07312471110665011, 0.8034708142318545, -0.6021178184319947, -0.11260493099935737, -0.2152053085540573, -0.11189893360012493, 0.3070671458066515, 0.720910348386596, -0.36810876131863896, -0.28918139680702626, 0.8717053208916996, 0.3010264340757799, 0.043336630354101464, 0.021973824883391856, -0.08178530829090735, -0.39526250911993355, 0.24532519003104614, 0.01874440745562206, 0.43402826879343553, -0.6986884901553804, 0.2547523627227748, -0.07835353320174893, -0.11384289682992177, -0.13530736501901222, 0.32571993645195296, 0.2930281239733942, -0.5818396267043873, -0.2562437716325071, 0.35680434509446424, 0.6180401861823701, -0.24458081067064927, -0.5615655810536693, -0.4723200455510423]
839.2990715317377	(8, 12, 2)	[0.8596742903278634, -0.25133409216673896, -0.44903895349857426, -0.46782853563120846, 0.18797267609052476, 0.0586083353626084, -0.3807673518168251, 0.7373665940043805, 0.36926696767366196, -0.49024071484746945, -0.3036901433150865, -0.33927581101480764, -0.2675977541771122, -0.4226787942140786, -0.3147620324417173, -0.47727022152816523, 0.42486021304650595, -0.15094322155991147, -0.2536204460735869, 0.006585371200612597, -0.2861263992791055, 0.39820056985085467, -0.40916193132407924, 0.39144550054308813, 0.18809108894028392, -0.5523561557360722, 0.4531965729218937, 0.3450110051040872, -0.21068893898072266, 0.3594694153141328, 0.0691430067704143, 0.3743054356424672, 0.3368922819688404, -0.1357215815470913, 0.3931148419054784, -0.1917925325072661, 0.3372549161513352, 0.3955919554369022, -0.08164830803838506, 0.18874534025850725, 0.024368871565385197, -0.3585285767843075, 0.14384255654581268, 0.24361862546269936, -0.3133473060907006, 0.8228873902503802, 0.3149619222102826, -0.022203690496856776, 0.04799701487267022, 0.006428653009009688, -0.3037448727775579, -0.3211105449835597, 0.5063868218836347, 0.3261085452000652, 0.5841484255497404, -0.6145580558447536, 0.43445604632189894, -0.4381507100094784, 0.05948244200734426, 0.4734336227620877, -0.5914233454335438, 0.33828122015503814, -0.008385938415146009, 0.6778861018866212, -0.6449137459716999, -0.33532478587730175, -0.22658634780378378, -0.4436992128931889, 0.4400024919003839, -0.42062208770820503, 0.5590378751171408, 0.4705091087215837, 0.32075876180096985, 0.1496983813102011, 1.022447303103502, -0.4513277320689171, 0.22563897372630815, 0.6221317201788273, -0.09082218577168014, -0.5188907952527994, 0.37305682271536555, -0.23640435748533226, 0.7043302515205779, -0.3460464038279727, -0.8227948388120092, 0.5514401978308494, 0.0037850700031680645, 0.07312471110665011, 0.8034708142318545, -0.6021178184319947, -0.11260493099935737, -0.2152053085540573, -0.11189893360012493, 0.3070671458066515, 0.720910348386596, -0.36810876131863896, -0.28918139680702626, 0.8717053208916996, 0.3010264340757799, 0.043336630354101464, 0.021973824883391856, -0.08178530829090735, -0.39526250911993355, 0.24532519003104614, 0.01874440745562206, 0.43402826879343553, -0.6986884901553804, 0.2547523627227748, -0.07835353320174893, -0.11384289682992177, -0.13530736501901222, 0.32571993645195296, 0.2930281239733942, -0.5818396267043873, -0.2562437716325071, 0.35680434509446424, 0.6180401861823701, -0.24458081067064927, -0.5615655810536693, -0.4723200455510423]
462.6183105201861	(8, 12, 2)	[0.8732579377614905, -0.22545869426403667, -0.29274290310828777, -0.46475924042862904, 0.10916815120429853, 0.311901081506121, 0.27832674547412783, -0.5760076364523281, 0.395735330946982, -0.40432472578456075, -0.2671863438079568, 0.2915890742590739, -0.33230659789515843, -0.3907774396648182, -0.3127913320449827, -0.5778104046411173, 0.40555342121562415, -0.1294518397198453, -0.004948441571583565, -0.008413304953929897, 0.037524171242835636, 0.3116892082415755, -0.7979007396071787, 0.5056830029790444, 0.13472087037325686, -0.4901444630575468, 0.46550557019573147, 0.2891873664928663, -0.2272149545523904, 0.3710417093977003, 0.09784187564624552, 0.4158894510239207, 0.28276577183099755, -0.13614062383486344, 0.5959572794579928, -0.19008822223142113, 0.3004819132800659, 0.37509440389113535, -0.14458720829547067, 0.27566686381373734, 0.43833147009441276, -0.38993130824060174, 0.17722546923878285, 0.25040472317656903, -0.3195226955789631, 0.8270658425328846, 0.12595758836220278, 0.25684273005011526, -0.12143164100146847, 0.01012584972317768, -0.09775113794413426, -0.2700504510305066, 0.795206247700073, 0.23315081645387392, 0.5618927728761143, -0.3936595412839143, 0.433819474680139, -0.3963143751484922, 0.4870489100429217, 0.47093886371549787, -0.5167349105026678, 0.45690014718809896, 0.04242155756913077, 0.6351234629884466, -0.6178085755530337, -0.3212814909430512, -0.17314459194365484, -0.41336643520012567, 0.4922389062179912, -0.279987003261637, 0.49772160457859105, 0.519136056110694, 0.3666221190853671, 0.13288763594486855, 1.0623297163609235, -0.26760899358893236, -0.6012915673874261, 0.6200499384052308, -0.11612452384445163, -0.4977760163521382, 0.18444800718533072, -0.3384703455077987, 0.6322001909101946, -0.432068336433382, -0.804065523465552, 0.5715828026759096, 0.007222941541162237, 0.07221364374423955, 0.9542881665803367, -0.7864181650542562, -0.3033492801467234, -0.21750156535851584, -0.14391858522196332, 0.040023710368972065, 0.9120601361939417, -0.28759350221503516, -0.2633642851295901, 0.9311912150295969, 0.3015367305179582, 0.0993999721563934, 0.258699028822782, -0.04795071630100445, -0.38949972466708804, 0.22279115742628158, -0.09275805852108734, 0.4360250662731661, -0.4493161942302414, 0.5279855149381395, -0.04692543582721376, -0.1253209547481073, -0.125278251668997, 0.5943254570975938, 0.4827426824396819, -0.581220383042546, -0.17334534445116473, 0.22097277917705688, 0.584204843215681, -0.16482036115369714, -0.821576732614465, -0.475092435656301]
662.7705565778097	(8, 12, 2)	[0.8573818309414023, -0.1936289291767213, -0.38656831422233784, -0.4750940831550073, 0.15163734592901065, 0.01738116389557904, -0.2987603006145732, -0.17088438865358568, 0.36228174631885685, -0.47455110944386664, -0.31010940323937025, -0.24737261679501424, -0.32000596877990906, -0.41233418380319725, -0.3298346831131011, -0.5293962464327912, 0.4299737651012633, -0.20864343558218393, -0.2689880611067513, 0.006977887615943895, -0.38159963627231475, 0.4073200996356441, -0.42331490581536907, 0.42346800639269505, 0.181699486820483, -0.5597253760995132, 0.42329331193710845, 0.45494098307546144, -0.019352449621975132, 0.37411718800787425, 0.031063356537275794, 0.2738048196287231, 0.3223418628960027, -0.1360374915072926, 0.4325101586039414, -0.15608455591013176, 0.2959730202131164, 0.39405699899299557, -0.05502468600371471, 0.16172308740326677, 0.22433732614271873, -0.41339912639026927, 0.14155094892243536, 0.26888620863006973, -0.32086343993562333, 0.7660781626038243, 0.09462161006193617, 0.22518331544089187, 0.06718395893980503, 0.058625201707732846, -0.04863382145203168, -0.3212232365888936, 0.5023744628973958, 0.22613569838705566, 0.5725614673612804, -0.6662948311158555, 0.4631794121206375, -0.4193274788829115, 0.004379750254761464, 0.49493809079150086, -0.5920248665287273, 0.34067404877756396, -0.034634569824416664, 0.7956597155759937, -0.5103137957716117, -0.33878063589767615, -0.22458034289001466, -0.4426680772269851, 0.44199376529926515, -0.4236623644411076, 0.568290941121303, 0.4813751963223998, 0.35284513961861014, 0.2027773140878291, 0.9938549933696391, -0.43647013985007566, 0.12348234595597221, 0.5892223895887527, -0.0025317102550110257, -0.5792357570298593, 0.3563818723618835, -0.23559292992436234, 0.6817761103090272, -0.36524286771829706, -0.8229448674995242, 0.5569289626004938, 0.003718599808682217, 0.07605327192686544, 0.8630047779482753, -0.5866225962769053, -0.4650513466534955, -0.20192397932161354, -0.11367214149091777, 0.3072338838253205, 0.5536088471942074, -0.24723981175173376, -0.26219592235564115, 0.9805220762516855, 0.28361295096871897, 0.04718521417917341, 0.04898784756906873, -0.09548995355161188, -0.3977901175990192, 0.24605414039903745, 0.0086281832332478, 0.446124675043606, -0.626496898650476, 0.28131163531343595, -0.12893872884620677, -0.10749482965510226, -0.15511321972999748, 0.3398401365106265, 0.34678141519373656, -0.5382992800580392, 0.11408288865682098, 0.28176689655144627, 0.6356489265377206, -0.2352863957649388, -0.7508343046945815, -0.4715652343173254]
703.7091608525775	(8, 12, 2)	[0.8828251793362654, -0.005807325515323147, -0.1105324554836799, -0.465853332609595, 0.10285465090701817, 0.1396621034566192, -0.021450810479223592, -0.03491447455987928, 0.7632715982344916, -0.468929056642396, -0.2965873255513703, 0.3252630398332339, -0.3577470539902003, -0.39084546292351924, -0.3161949674650564, -0.8456428376241166, 0.42402460563705385, -0.12667733022975852, -0.31423365591210567, 0.02137874410883835, -0.4175915452620311, 0.39269243937847065, -0.7435475292534615, 0.47533814081862324, 0.12472623692799899, -0.47086390684083174, 0.4006850972740956, 0.31681679844204247, -0.20988556616037035, 0.33084377449604363, -0.3234464327603368, 0.31300510114871166, 0.21524647679843167, -0.14355511546420088, 0.255532278925369, -0.01791823356272576, 0.31068499753107837, 0.3656775524395845, -0.11008388144372465, 0.13358008726241152, 0.7697537140704869, -0.38239880932508796, 0.17788613501152728, 0.2434172521646196, -0.2741107358167203, 0.8612352854769038, 0.12001104344774047, 0.28516482762298706, 0.5269844048731746, 0.09383106510590278, -0.2423689889644775, -0.31882050407119455, 0.7522127374074453, 0.25103464594929314, 0.581415644278375, -0.5179548953322008, 0.4479371336932841, -0.34756776658866534, 0.39830976991282924, 0.5569210125032548, -0.4924924906362512, 0.25526431512931513, -0.015221278598704773, 0.6711511796291074, -0.6084706603908073, -0.31075086563813986, -0.23157965811784362, -0.42969047872177835, 0.42351825673454313, -0.38182379971830605, 0.5922525379037347, 0.5237540441633403, 0.5346074922977953, 0.13845338944553803, 1.0810600579236411, -0.23692300201341965, -0.21316340032496905, 0.5899767509099743, -0.03438402247592051, -0.6043939778860152, 0.3378045687751299, -0.26968690534862405, 0.6425189595955477, -0.3734675711312324, -0.6912778155609707, 0.5661571342577862, 0.023749578774942662, 0.02057858498554857, 0.8243006146172677, -0.8504087714217418, -0.1389387634691112, -0.1875157190837719, -0.08768637854127503, 0.32956745107397095, 0.436082815827773, -0.30023352369326106, -0.25291128689035014, 0.9322219648820451, 0.29786951411725404, 0.04578990568574389, 0.2131664362881062, 0.008680653150295328, -0.3902185076933499, 0.22351379203089958, -0.045312088452836546, 0.43497491650149, -0.45360785198607456, 0.3380417116975678, -0.060461391720920715, -0.12470234520248569, -0.16401814947536936, 0.7371996240617478, 0.3011974320440299, -0.6133085406594043, -0.245986404439395, 0.1722772454533797, 0.5974788325798697, -0.15692960811243403, -0.6649564907719991, -0.47311115147393173]
465.40661393457015	(8, 12, 2)	[0.8945600423443085, -0.19188382512934576, -0.32309230702279773, -0.4682465332447562, 0.15387905642880018, 0.331712647472294, -0.3052598688581839, 0.21238946378175916, 0.6983952903567079, -0.4778957064086673, -0.27283850752536803, -0.04393689038325388, -0.29957633473918766, -0.37235788613259063, -0.3251056503608901, -0.9884030927903006, 0.42976148362381117, -0.17962305316249277, -0.29429217236994926, 0.00925857898189354, -0.09005617826184359, 0.41989691825528, -0.46927037778617564, 0.47437719214542245, 0.20346273367626316, -0.5720999263694313, 0.4172427701424755, 0.41619454815271, 0.05394268343388908, 0.36287521087242436, 0.00281428597812502, 0.3730062132477238, 0.36848236186869476, -0.12999294550752521, 0.21182738637322884, -0.17598726073752874, 0.3054986753137085, 0.3960520328146484, -0.031504782975808915, 0.03699844187959628, 0.8156507146780521, -0.36406162827310296, 0.15024105390936884, 0.24347869079262094, -0.25599868037566587, 0.8006452329096527, -0.05717511677359585, 0.14210316828360844, 0.24395041200653028, 0.04091355152356552, -0.10507260280563478, -0.233244184936642, 0.41932041494036876, 0.23640382112741543, 0.566513418957368, -0.6223659058640237, 0.4524023824856109, -0.4020620682846256, 0.12465167348380995, 0.5276287759666187, -0.536828178560189, 0.1962824578478604, 0.03871984195941927, 0.8105736746437519, -0.5608809939089899, -0.3266117752236808, -0.2387990313197188, -0.4383468687095038, 0.43648959745588284, -0.4258290514504937, 0.6394737330777284, 0.5117570500745412, 0.42068114346640645, 0.1845515813559174, 1.132162813927108, -0.4571689544793449, -0.47340415261507307, 0.629276713797723, 0.03647741572578707, -0.8226283415810105, 0.4308474743392657, -0.13849526796205017, 0.6856867809199054, -0.2364551438929496, -0.6139872011646644, 0.552733892971514, 0.003628325203232436, -0.01109575823117026, 0.8944892170065266, -0.727290937580291, -0.244344618943011, -0.2754220945499576, -0.11894246798739178, 0.3150145683888957, 0.5497258951727658, -0.2849082692323303, -0.28899913040589903, 0.8078430558423529, 0.20855472940362113, 0.14886781915617237, 0.11699726867644185, -0.06977172148603797, -0.3960044569029433, 0.2332370694076738, -0.04256611624969926, 0.4168229428437884, -0.5865559614305507, 0.41432024458563543, -0.17270459820811915, -0.08414990711978879, -0.11565275316105417, 0.43046152290341055, 0.30835132818796696, -0.5722749201833663, -0.08883892117492412, 0.25917575396049686, 0.5953522847361546, -0.25641812878313763, -0.5603320046576414, -0.456585015647229]
665.8079848143309	(8, 12, 2)	[0.8962833090458308, -0.018882543599267027, -0.3221124876247059, -0.4641273105425683, 0.04286395687222509, 0.3280727435532403, -0.3089946239010664, -0.017864600859573157, 0.724654726942711, -0.4725375634135175, -0.293670658770732, 0.249037436785548, -0.30246530428069834, -0.3662444839786029, -0.32131467083644216, -0.9442199762436567, 0.4951611515828056, -0.16576059006796037, -0.3104632094318306, 0.021969929844137003, -0.16757967745088836, 0.4387108964587692, -0.5127406610631026, 0.45164714923239024, 0.1971794669236792, -0.5153371257862299, 0.4199261196525506, 0.33942353124568736, -0.1114446616631814, 0.3627193238089081, -0.06831050398617508, 0.37493604128795305, 0.19119954759486296, -0.11581414307447302, 0.2505578121546736, -0.09646623045246347, 0.3079928215106332, 0.3733442789948953, -0.08064049011057829, 0.031859795839503754, 0.4380996491041565, -0.37303384102537374, 0.14677794937119984, 0.24130405403014046, -0.2561544142624777, 0.8046916675490381, -0.05592646752890031, 0.18033067643585654, 0.23956258527890315, 0.0369283073358843, -0.27726434024135216, -0.3034392817118478, 0.6020917720245442, 0.2623761415563201, 0.5907653563214725, -0.5955739816202933, 0.4638527695651611, -0.3473121401769954, -0.12514626300731033, 0.5602241542145103, -0.5375211750606903, 0.22594376352074852, 0.030123922150104662, 0.7714904932543245, -0.5947010834139538, -0.3364917809965707, -0.2582600381183462, -0.43672586768577765, 0.435972112452369, -0.43845290635631007, 0.6288651118151772, 0.3642149824507314, 0.5292167302003796, 0.1781975588017883, 1.1007303525418728, -0.23154601560522514, -0.36800190984521725, 0.603946370136974, -0.016608484264324486, -0.7121996528000996, 0.32165076303475715, -0.2441533493869676, 0.6418735938648822, -0.2635058590875955, -0.6513483045641402, 0.5601492788832722, 0.021518957571123487, 0.049383047631843396, 0.8644040771076504, -0.7746537059019285, -0.1802252651507212, -0.29609936093467637, -0.11278575853190181, 0.31367174064065223, 0.30506689905878126, -0.28594307820953513, -0.270286892430957, 0.7415689316522862, 0.2042381179085937, 0.052412666266301686, 0.12081243868352634, -0.0407063848852133, -0.3126421699577202, 0.2371858308931504, -0.04160031701179285, 0.4156385602808907, -0.5681067001618603, 0.2731154158182696, -0.06548438926112365, -0.06583337080904506, -0.11999037504077727, 0.5911313345681464, 0.2987109024800849, -0.5753973207597975, -0.202559930944625, 0.2078217131952903, 0.6109954176378548, -0.15418885625383458, -0.602853991089233, -0.4612613676406208]
868.9255681793693	(8, 12, 2)	[0.8793829176886799, -0.2200773309586477, -0.36062357641782616, -0.46349758381514383, 0.14018968494144726, 0.20281936309146498, -0.31524328469745777, 0.3480382014076647, 0.472012502409805, -0.45819411753362044, -0.3757216885919694, -0.3056156469357296, -0.3135216348770375, -0.39267574934578797, -0.33212107133931446, -0.44035952150026825, 0.4318200872140083, -0.16128204941606128, -0.14187188027674152, 0.01717146937684754, -0.37521095367675383, 0.4017979594633576, -0.5342715783108486, 0.4090393974355989, 0.19105602378731712, -0.4989095286449746, 0.3625700546530747, 0.4300386101623371, 0.008255212923771849, 0.3772632204430373, -0.0004443185006639521, 0.3825664138532814, 0.27826996022670475, -0.12347784176271623, 0.5150016718463204, -0.13962760401525887, 0.320761415578329, 0.39847881935757073, -0.17069372809881464, 0.09981670747335827, 0.3871676672898803, -0.31054244791215, 0.18106770325656604, 0.28647084370825376, -0.20914777618296934, 0.7988955035896274, 0.21959082560003174, 0.07709309669070233, 0.19200631773989066, 0.02456200793620803, -0.04939261776673717, -0.2888962224848171, 0.6173086653556117, 0.3512552249620817, 0.6201558929290849, -0.6272835612213375, 0.4547212930583845, -0.4102458211845043, 0.20133331455827008, 0.5114249990050019, -0.5631299113926382, 0.3195695858930272, -0.06998787673716811, 0.7143959522039997, -0.4734294103731144, -0.33099274810086127, -0.2394916311047433, -0.4394894289641662, 0.4889308452514493, -0.42215286917647415, 0.5600272747547522, 0.4946449899460625, 0.2912580758548867, 0.21399733090912776, 1.1052902468304828, -0.4056048127302633, 0.09863793616021599, 0.5855081013124075, -0.05138386433409865, -0.6450527793234129, 0.3841936557421217, -0.23981215607655582, 0.6659196682239504, -0.2817669593523833, -0.6566445208951092, 0.5555978807124822, 0.0011682369243069415, 0.030168247511506263, 0.8901717211215529, -0.7993403197297778, -0.24642905255854033, -0.24614430059297168, -0.11485005271887737, 0.17084335608009973, 0.5555412842941464, -0.2530388435168546, -0.32729007418700506, 0.8915868764795842, 0.23399199670130444, 0.058451824940371926, 0.14905448648031194, -0.06538241865642641, -0.3939053762345834, 0.248821818491984, -0.0586462328217581, 0.37519594117719607, -0.5911090842760583, 0.39017107576382076, 0.031514502414380266, -0.12715830997021516, -0.012960993308037405, 0.43570309371494464, 0.19633845615997575, -0.6051797352050386, -0.21010173713368702, 0.2555190671610736, 0.6446747503055056, -0.2649816679868946, -0.7626494049374591, -0.5658308018269158]
646.884546086208	(8, 12, 2)	[0.8786471688974692, -0.19400509149867814, -0.3534101612774634, -0.507305073014013, 0.13323404096561006, 0.14245948278484488, -0.20980669602786237, 0.29357899592293846, 0.6029663086221496, -0.45790591044119916, -0.31776506635166324, -0.3945338778741114, -0.31436610004184684, -0.3934495413145758, -0.3191498581673884, -0.6003670579468255, 0.42249784673517066, -0.15702061533327355, -0.15713806323685686, 0.017033090597314022, -0.37454020907918906, 0.3960617876139123, -0.5277318770478225, 0.4207404249620381, 0.1781398226160397, -0.5030661800510565, 0.3851039902073463, 0.4038465341750035, 0.05810685664739401, 0.34615218640377465, -0.17324882133221137, 0.34891518717088316, 0.2669913564601605, -0.12737610944284472, 0.6101110080008653, -0.1243761327203686, 0.3108817827708633, 0.38243935277862556, -0.14050505059474877, 0.10406379213108359, 0.5157965992796141, -0.3906000550769304, 0.18623667808009142, 0.2818787915869138, -0.19727240066064858, 0.855813770550257, 0.20861380754962283, 0.3329109135814898, 0.27178492418089095, 0.08182723230178245, -0.05602691820889006, -0.23960777161190244, 0.6619952131665308, 0.35896027774591016, 0.5846842790612503, -0.548905320255322, 0.4780246714070207, -0.40989917413415655, 0.26534479749967466, 0.51015890280336, -0.558886511835439, 0.3300635205708037, -0.08069926132513733, 0.7027682301843787, -0.5002985556689883, -0.3165251271597951, -0.2418096460788893, -0.43516569844455855, 0.46699568074088293, -0.36412908561090895, 0.5678905343813015, 0.535522989179246, 0.36305199760946966, 0.22592719636680453, 1.1101769840713835, -0.26406410181464285, -0.02438459134877302, 0.5886656974965921, -0.03569602311185757, -0.6422099288150196, 0.39765683691500586, -0.2417859388857768, 0.681667911397674, -0.342943489568876, -0.6536576628600664, 0.5560348950410453, -0.002907083133181558, 0.03164595473476435, 0.8916072383375006, -0.7904170649732583, -0.12227741230149503, -0.16551060965195152, -0.11177782723637644, 0.19150813480106407, 0.5659105299030771, -0.3192059319091344, -0.26802875353673616, 0.8997521692220787, 0.35199105737770364, 0.059898091761526766, 0.21025378847543036, -0.05698393474000209, -0.40745833901722195, 0.23968904432690666, -0.044589211916776554, 0.36850139092025014, -0.5129619725706381, 0.3135131717328639, 0.032430202321180775, -0.12714187876847485, -0.017840379284995406, 0.6332367261996943, 0.19407070898246578, -0.6060031778974061, -0.2514052783742263, 0.1897607402409217, 0.6452549264915438, -0.2189205400638402, -0.6419214742539832, -0.5609722750631332]
1025.5715150155745	(8, 12, 2)	[0.8786471688974692, -0.19400509149867814, -0.3534101612774634, -0.507305073014013, 0.13323404096561006, 0.14245948278484488, -0.20980669602786237, 0.29357899592293846, 0.6029663086221496, -0.45790591044119916, -0.31776506635166324, -0.3945338778741114, -0.31436610004184684, -0.3934495413145758, -0.3191498581673884, -0.6003670579468255, 0.42249784673517066, -0.15702061533327355, -0.15713806323685686, 0.017033090597314022, -0.37454020907918906, 0.3960617876139123, -0.5277318770478225, 0.4207404249620381, 0.1781398226160397, -0.5030661800510565, 0.3851039902073463, 0.4038465341750035, 0.05810685664739401, 0.34615218640377465, -0.17324882133221137, 0.34891518717088316, 0.2669913564601605, -0.12737610944284472, 0.6101110080008653, -0.1243761327203686, 0.3108817827708633, 0.38243935277862556, -0.14050505059474877, 0.10406379213108359, 0.5157965992796141, -0.3906000550769304, 0.18623667808009142, 0.2818787915869138, -0.19727240066064858, 0.855813770550257, 0.20861380754962283, 0.3329109135814898, 0.27178492418089095, 0.08182723230178245, -0.05602691820889006, -0.23960777161190244, 0.6619952131665308, 0.35896027774591016, 0.5846842790612503, -0.548905320255322, 0.4780246714070207, -0.40989917413415655, 0.26534479749967466, 0.51015890280336, -0.558886511835439, 0.3300635205708037, -0.08069926132513733, 0.7027682301843787, -0.5002985556689883, -0.3165251271597951, -0.2418096460788893, -0.43516569844455855, 0.46699568074088293, -0.36412908561090895, 0.5678905343813015, 0.535522989179246, 0.36305199760946966, 0.22592719636680453, 1.1101769840713835, -0.26406410181464285, -0.02438459134877302, 0.5886656974965921, -0.009590460864495168, -0.6422099288150196, 0.39765683691500586, -0.2417859388857768, 0.681667911397674, -0.342943489568876, -0.6536576628600664, 0.5560348950410453, -0.002907083133181558, 0.03164595473476435, 0.8916072383375006, -0.7904170649732583, -0.12227741230149503, -0.16551060965195152, -0.11177782723637644, 0.19150813480106407, 0.5659105299030771, -0.3192059319091344, -0.26802875353673616, 0.8997521692220787, 0.35199105737770364, 0.059898091761526766, 0.21025378847543036, -0.05698393474000209, -0.40745833901722195, 0.23968904432690666, -0.044589211916776554, 0.36850139092025014, -0.5129619725706381, 0.3135131717328639, 0.032430202321180775, -0.12714187876847485, -0.017840379284995406, 0.6332367261996943, 0.19407070898246578, -0.6060031778974061, -0.2514052783742263, 0.1897607402409217, 0.6452549264915438, -0.2189205400638402, -0.6419214742539832, -0.5609722750631332]
509.1748143787752	(8, 12, 2)	[0.8385612742206663, -0.05101351350891381, -0.14935101342566504, -0.47967287151401805, 0.12224128775673795, 0.1466892642292067, -0.08700368497994423, -0.07426079465611136, 0.36182147949654336, -0.4692982439960103, -0.3057543039839718, -0.01952986329140366, -0.350159361095021, -0.4013073163296858, -0.3176494501641345, -0.7216466701431065, 0.424043007727027, -0.17178328163337112, -0.29980393197478683, 0.010699313568418689, -0.31700229475178376, 0.4003109883148648, -0.6678980691336175, 0.4504597661296631, 0.16378337221569875, -0.47099319321576716, 0.420902534142353, 0.36824844078643, -0.1681202468906164, 0.31205930379908375, -0.1162978139351056, 0.33522567358705124, 0.30304164853104404, -0.14310203584703649, 0.35095708508872514, -0.1798945058055858, 0.29771189785189545, 0.3354757358106837, -0.09264520726077743, 0.054009504374143605, 0.6679374786594222, -0.3826846242095248, 0.15103390732840427, 0.24443812899234313, -0.29245551711085305, 0.8275631131378496, 0.10692339422248727, 0.1010573868956842, 0.17953565671558924, 0.038237971757801734, -0.13043015504513336, -0.3121143578561734, 0.6013377439484896, 0.29165212499494847, 0.7608445494645119, -0.5917740786283522, 0.4656759743626559, -0.40229341361431675, 0.15208935896542147, 0.5223267222675206, -0.5523103884192243, 0.3127735747538345, 0.023623783005252738, 0.8199303843514733, -0.5589542771522523, -0.32021030740924894, -0.1765666754340941, -0.43063118759700547, 0.4449350427786038, -0.3873582333431529, 0.6393813289104003, 0.5142714069397578, 0.44281225012661274, 0.207414873887173, 1.0538668951838046, -0.35513944009803705, -0.3165851406736456, 0.6118255643033012, -0.005139646383881065, -0.5689917057747117, 0.37517332993572483, -0.2620196056303442, 0.6885329440758419, -0.39735592139245685, -0.7948008231189279, 0.5553652076742063, 0.01678100527565838, -0.0014504065173320119, 0.868952181083178, -0.819179657610907, -0.4829105924358436, -0.2042409108056231, -0.10743143173315016, 0.30594578154605395, 0.4804133732165465, -0.5101846519489214, -0.31137166229539703, 0.7956407861222399, 0.22335459185487963, 0.10279462385144844, 0.11867894874488533, -0.061964504459423184, -0.3929303430905001, 0.24148069287034654, -0.04225165020355943, 0.4292470379181375, -0.546695359882422, 0.2207400416423197, -0.0786046000466394, -0.1183230302650026, -0.17777977147440496, 0.46847544420896214, 0.38457441639576967, -0.5845805984494825, -0.11100961712081417, 0.19063864815834633, 0.5763092928594664, -0.18951734133105957, -0.6952841519879117, -0.45739456612600893]
1290.86037384037	(8, 12, 2)	[0.8612186465007635, -0.09001111701761368, -0.10411854284307986, -0.5405335185506708, 0.1309825098423401, 0.15021819127027672, -0.05358392543961436, -0.10075418295686381, 0.4462758445641563, -0.44537287479548965, -0.3709691366379023, -0.05316854359201767, -0.3521265766598945, -0.40422163834124963, -0.43156730184826403, -0.72317163196952, 0.4245362546165398, -0.15398618332868588, -0.3451407152056663, 0.017262473769895134, -0.3736543290955014, 0.3891799058032205, -0.742101200611865, 0.45328358804784197, 0.16930206018522864, -0.49167727144885054, 0.3963591590533639, 0.38460085836242136, -0.03748420939818901, 0.37102628779660035, -0.15210364254450848, 0.3767320252898541, 0.27740053069360693, -0.14645516912339282, 0.3395393257901218, -0.1851259207617065, 0.3100780563294064, 0.33841892002072643, -0.15369366164933276, 0.12405393077234156, 0.7437972484108502, -0.43336754411461453, 0.18744495923460852, 0.299365020904813, -0.30096156015546466, 0.816153868477757, 0.11672063097920217, 0.1874471713812943, 0.21609051642408938, 0.05110665302783302, 0.11376368083294386, -0.31176593133365116, 0.6927242860195996, 0.2522049683837463, 0.5961235721251206, -0.6105649025228023, 0.4555346447205532, -0.4040609637414552, 0.14996502381013543, 0.5249396027203627, -0.5314643211635375, 0.3296902407912243, -0.03704981947233282, 0.7173125118282223, -0.555864851340132, -0.3191849858126715, -0.22176251344819947, -0.43226616786009653, 0.43867311585120605, -0.4162183474648262, 0.5055389553162559, 0.4900654852324773, 0.39641882127737893, 0.2053950032377931, 1.0128396995069455, -0.32441512157985286, 0.05773694059129386, 0.6023380257360412, 0.32479646657868455, -0.606266638199695, 0.33936944402326996, -0.2648116533442684, 0.6600846350296051, -0.41466036959845576, -0.7358152159937892, 0.55837128973505, 0.17187316716520284, -0.07193831525481983, 0.8821632127043725, -0.7600286499845011, -0.41253456006177197, -0.17769332040179525, -0.09817182680271037, 0.22143403963070424, 0.4970144343805561, -1.0375454066316367, -0.27810896813593805, 0.8141118078250748, 0.2973812313100625, 0.06861669259618437, 0.1443407660578083, -0.05783401668383516, -0.3895127949384804, 0.23547744487998223, -0.06323832799254259, 0.4161451307532003, -0.45605099560911105, 0.2933149035243457, -0.10393749550540103, -0.11533526479042297, -0.04736042323075401, 0.5357374494605128, 0.35647770716154614, -0.5778505345553261, -0.12412169931837216, 0.21727268636215402, 0.6221095590047917, -0.22818012224469322, -0.7257894748521956, -0.5168184344552029]
1035.4321488229696	(8, 12, 2)	[1.0184189348975135, -0.17748340982381672, -0.2671750438629958, -0.5360611343414625, 0.06158508808486895, 0.15694027336067984, 0.2548104104929376, -0.12904851663876196, 0.4162639540434984, -0.4548557801728059, -0.36820309749271674, -0.10236540465221501, -0.352474243107247, -0.3978267183980404, -0.3603625729445948, -0.7028869925558704, 0.4261522660004694, -0.1595976901588875, -0.28353413453175663, 0.009318924305941454, -0.3414854785709311, 0.37606602421819224, -0.7583188751614607, 0.44731556414862783, 0.1692633305860298, -0.5242277515489161, 0.4093477065128939, 0.3846804260605113, -0.0808122566763064, 0.36860737788075104, -0.14152497965999208, 0.36279319400998306, 0.2933217392044063, -0.1454625633548334, 0.3495384280729373, -0.14798441420742375, 0.3039488278695197, 0.3557730410887247, -0.17729115662456008, 0.12451744042172767, 0.38562742354441126, -0.4288610605365349, 0.17500821208408543, 0.2926375535937948, -0.2963417802040894, 0.8184341196108967, 0.11470836657327244, 0.16986560420729832, 0.19963886013205284, 0.035165198838134855, -0.04609862133219789, -0.31226114160948143, 0.5604928666347839, 0.2858149219420596, 0.5967723348841094, -0.5936563589926052, 0.46536840785517897, -0.41042252253886025, 0.14814858363857544, 0.5444044222920014, -0.5312790410968756, 0.33015740378530667, 0.7424964189531615, 0.7693888856106762, -0.5583274644648463, -0.31892344088598157, -0.21230005410198138, -0.4329819829485545, 0.4728956442545449, -0.41620245680699486, 0.5752909177946937, 0.49017230577286225, 0.4774545010461603, 0.2061047338982636, 1.0172472781314161, -0.3289750027512604, 0.08947235207039084, 0.6018051722461035, 0.13453247066189905, -0.5950786218433507, 0.3696073411628407, -0.24336249453651462, 0.6677643064224709, -0.41057820005582296, -0.7391777456036227, 0.558771626955584, -0.0244609440931852, -0.013900754075152538, 0.9512475431055674, -0.7450072896142239, -0.49452910340946565, -0.1735259639435025, -0.1001192673722506, 0.21227609317467755, 0.49681244143584696, -0.6002420500154642, -0.2783579999917495, 0.7807789931142942, 0.29263829876894315, 0.0887122018876925, 0.1356172938162641, -0.06282510649100514, -0.39473200781667767, 0.24013264576171464, -0.056621441103769675, 0.4223074145588687, -0.521269691269584, 0.16690549353759046, -0.15949384050802776, -0.11457418002920607, -0.12383026125195637, 0.5455201564712474, 0.36414373705037506, -0.5814965523361573, -0.11125730782456382, 0.21672560758593196, 0.6196932163419918, -0.22069015226367913, -0.7099022638334173, -0.5004014676217521]
1166.1092713604112	(8, 12, 2)	[0.8097123633843525, -0.07695052296124713, -0.18983666191045026, -0.48777820695628, 0.11585806007072283, 0.20187747878811424, 0.1977023787908088, -0.1301565822853243, 0.41742331194057336, -0.4547814950353885, -0.28084308740722713, 0.09488048663598503, -0.3501031270073643, -0.4004068587137043, -0.36014491709962027, -0.6709371106456701, 0.42478101567541215, -0.1592797291966806, -0.31690805085040347, 0.014014183539643434, -0.2518612102841583, 0.5441169128061383, -0.771698584976529, 0.32311863625524745, 0.16854804905864393, -0.5428910696629502, 0.37920966419705215, 0.38833487304703, -0.09268719183586702, 0.3685639652387514, -0.12704191277072377, 0.37556662077393915, 0.2853000323051533, -0.13851781862495882, 0.3245553619241117, -0.14818282763986107, 0.2855766094965916, 0.3558410583644559, -0.13049170048077174, 0.09184964578403834, 0.6607395536992939, -0.42966558942407834, 0.17545784273230045, 0.23583764221175274, -0.26258133682438556, 0.8163488913347301, 0.11082375018833124, 0.17840382121951176, 0.16714159021815994, 0.041236104349283424, -0.035719033974991, -0.3109872937698567, 0.5347564891831066, 0.3066807360122553, 0.6745698711555379, -0.603002957836376, 0.46534717369039963, -0.3711091705938844, 0.18801250261662084, 0.5174422291316558, -0.5429641418564346, 0.3301806647909902, -0.06772442232285453, 0.7584267381665799, -0.5597028241653681, -0.30770950713868767, -0.21219907718212183, -0.4329061165862878, 0.4838553660283393, -0.4156195822814817, 0.5434048188725424, 0.48969162091039853, 0.46886324031554444, 0.2051449818463071, 1.0172111861725788, -0.3393743627063326, 0.13251013442899445, 0.6007786940808253, 0.0328281296541572, -0.6248335157857965, 0.356074623049969, -0.2484161847107656, 0.6879531982153179, -0.42729174706689815, -0.7265631739334064, 0.558445685565133, 0.05132866320338164, 0.014227760455568263, 0.9613513391829358, -0.7161317382790792, -0.405839803067195, -0.17236546553103757, -0.09988807254120353, 0.23272417440033322, 0.5475176584592195, -0.4856553192466524, -0.2986175820739118, 0.7870849053311446, 0.29930964846677743, 0.08215318159670108, 0.16219781425267182, -0.013084631528228835, -0.3861997052395852, 0.2004769762047463, -0.05263384397863601, 0.3985138956959439, -0.5306153802044642, 0.2509218360068171, -0.1136072172917038, -0.11177672789968442, -0.14750238331541693, 0.521173685903384, 0.35856932982706596, -0.5788073959104069, -0.12048776158219873, 0.22377175351801773, 0.6170112400438601, -0.21482515423334864, -0.7068242647643385, -0.504783124032105]
522.4607083007355	(8, 12, 2)	[0.9862268333417276, -0.18624356343595638, -0.24726751973505606, -0.5189090648463262, 0.06331718496417472, 0.1587088822542363, -0.12950276521567855, -0.09035520375786375, 0.4209972614436831, -0.4492864947556239, -0.3693969724247696, -0.059168208284367536, -0.34379471362492237, -0.400446111116886, -0.37644709489107453, -0.7168292185930382, 0.4255026947339628, -0.2261166170572998, -0.3445229657498626, 0.01906277083857607, -0.37107225692550627, 0.38819205055784395, -0.7594220475501178, 0.44923296043553895, 0.1692314300337011, -0.5234725515875944, 0.3946521145111953, 0.38795947858180874, -0.02046207614549249, 0.36954329324821455, -0.13767805649161557, 0.364126540926542, 0.28568199836290564, -0.12989100563596492, 0.3399691229736464, -0.1456976825323656, 0.312393219798467, 0.35052949304081565, -0.19305731432343917, 0.12140617239685882, 0.6456899841802459, -0.43437222574473094, 0.18013686583614927, 0.2996915382597555, -0.2850365485100749, 0.81869461265843, 0.11439582728695423, 0.18109392959511367, 0.2163881626563373, 0.05162096532445487, 0.07503694524659917, -0.3110256614475122, 0.5439658906776961, 0.2832864355396671, 0.6132511334831456, -0.6100427578779707, 0.4656321816255975, -0.405014909405719, 0.1370730941472897, 0.5347850504290048, -0.5315329991880047, 0.3296385671310538, 0.42150282189697796, 0.7587733844591479, -0.5555186775829721, -0.3200412027444699, -0.22223016175128577, -0.43268856311343684, 0.4328097149784803, -0.41625882041864726, 0.5873028349511815, 0.4902658021114265, 0.4532911855437547, 0.20554390095595873, 1.0188546389925122, -0.3252165207982951, 0.05450692006904988, 0.602301271249563, 0.10914833960672518, -0.6145400807241049, 0.34758830374955846, -0.2627460485782191, 0.6579069618980329, -0.41167466563552174, -0.7386968820484742, 0.5585176219713023, 0.0029023962652814095, -0.05435294410504514, 0.9356569753890692, -0.7641916889204876, -0.5065451883800458, -0.2476287688549705, -0.10093934496041634, 0.21322325790490432, 0.4968191740489695, -1.0485475424247912, -0.31127042771889846, 0.8201930224155041, 0.3027785838035065, 0.08997348866703056, 0.13490454275324387, -0.061894949784462194, -0.3897823597339639, 0.23953312930919346, -0.06181576213863338, 0.6174248323189975, -0.45883080806917376, 0.2242739082353961, -0.11314832013102796, -0.11472756393534285, -0.03872757901804534, 0.5309569160086149, 0.3719612346025279, -0.5802116326212149, -0.10866554285973129, 0.2167652176073529, 0.624036025353184, -0.21959977360585928, -0.7203828142442608, -0.4968149451377496]
1237.3618037702577	(8, 12, 2)	[0.7749523972494082, -0.11888274898679739, -0.21282469306746152, -0.4986194262279641, 0.08195184598437608, 0.20341048710609844, 0.054155335156251094, -0.10242409414069545, 0.4205352891764987, -0.4488112208401468, -0.29402871828977983, 0.10778642023507073, -0.34539356343490063, -0.4004465008774231, -0.3701901011795041, -0.6677268797630871, 0.425617845575763, -0.19432604838056478, -0.3336258470585809, 0.0158814126360501, -0.2263887010728153, 0.45713297354251015, -0.7677781356446813, 0.31862518279747476, 0.16865636921356494, -0.5188952494723152, 0.3867011166615461, 0.38808785906442944, -0.014219348918405483, 0.3686961326878111, -0.13929616881589627, 0.3727619579066566, 0.2852529561496319, -0.1323424165736558, 0.33267188928415564, -0.1455429299546828, 0.2803404577883786, 0.35213981036432224, -0.1787987410302928, 0.09711691018387907, 0.6576116684478578, -0.43235117894609243, 0.17730624802238826, 0.2939459172496432, -0.2890821112616764, 0.8163607198326356, 0.11185048774798931, 0.17838241201320687, 0.21946360571051565, 0.048537658541035776, 0.06010796723125676, -0.31098147683114974, 0.5351244921492068, 0.29743406092081714, 0.6896679160466462, -0.6019251919217076, 0.4654263161369831, -0.4094580972457401, 0.17576656124738335, 0.5333575217710026, -0.5337238039729455, 0.32987339972788127, 0.12643960684858835, 0.7586176739992916, -0.5593077321335321, -0.31039779346366797, -0.217880522231644, -0.4328777587861607, 0.48326722440794223, -0.41593184490679846, 0.5497822614876506, 0.49026770040531364, 0.4613332701255488, 0.20542357685795692, 1.0174775891472458, -0.32771553138957, 0.1221615409210557, 0.6025060408902936, 0.017256824646574333, -0.6240585030959107, 0.3496878922418314, -0.25822150988290093, 0.6797624048454489, -0.4218948459549059, -0.7304585326572323, 0.5584434296618787, 0.023918744185130257, 0.025418481177586258, 0.9665498418429836, -0.7316516904290927, -0.44268309104032333, -0.2222580703263669, -0.10006780987494607, 0.22371231844948436, 0.5588066148617424, -0.7205496452838602, -0.30494606843370536, 0.818187557160744, 0.3007944456093971, 0.09181636810873264, 0.1469806411680968, -0.054472599110135765, -0.3877132432080896, 0.23704913777047432, -0.053151458495207256, 0.6228185761160111, -0.5101843423000113, 0.24099380746801352, -0.11303813550265245, -0.11417797316392234, -0.09402464361122052, 0.5207176655749645, 0.3626510533077143, -0.5788892150207506, -0.11970929047181665, 0.21727105655003018, 0.6256095311769545, -0.2155605718125154, -0.7090426971379588, -0.5047484669058864]
527.49202759587	(8, 12, 2)	[0.8675469306825818, -0.13328739939062526, -0.3190022961529402, -0.49572774869731195, 0.12260898832340737, 0.11505333369073442, 0.06955235334707216, 0.005431677924446238, 0.4215537082640071, -0.464278022381537, -0.30652469658058623, -0.07143762692730571, -0.3436688962313095, -0.3976984185240219, -0.30708212955765457, -0.8177433373857572, 0.41292506011098146, -0.19052539860291523, -0.3038259086385404, 0.022852965611150907, -0.22004132581086275, 0.3079632697880442, -0.7020666531042971, 0.3857653071116752, 0.1671882543639035, -0.5125810857921353, 0.38960196589015544, 0.3771845614693764, -0.07300434437787624, 0.3538027361497015, -0.16113880040395015, 0.37369576691219997, 0.286577398946147, -0.1301968826467156, 0.34315084732090473, -0.16164145637366073, 0.27832202707142395, 0.3619796677773646, -0.12994834590684284, 0.11496645704105661, 0.6731668286493607, -0.43682828775663074, 0.18064559106845668, 0.3065541481374874, -0.259009142999164, 0.8199395821408405, 0.1136605063383561, 0.30686270741685023, 0.23701492980217917, 0.048427712132598597, 0.007053227551358246, -0.3097198374032944, 0.6466950104103767, 0.2995082307693742, 0.6743108793344142, -0.5927569174166449, 0.4656027270624945, -0.40959979760454046, 0.1768453880665613, 0.5308086734391085, -0.5423122393070212, 0.3207606831648451, 0.11243224684198577, 0.7504160953306607, -0.5589176952205257, -0.3198985717648483, -0.21668027110663865, -0.42741069129892806, 0.4853072403721023, -0.4352228518487843, 0.5520520050382207, 0.4460848882115493, 0.4528176036606191, 0.2048505557701337, 1.0707058975373727, -0.33656112314333725, 0.14822762238705123, 0.6052005770533864, -0.038482379795153614, -0.6435646559610582, 0.35492427973355667, -0.25689201153421315, 0.6824716166332968, -0.40442557648041266, -0.739379053120225, 0.5503062822883447, 0.029200593737556024, -0.042067955509858264, 0.9663639835440874, -0.7633543973205564, -0.36817706765039093, -0.22072596880253828, -0.11399966563532296, 0.22485544691334622, 0.5483800271109641, -0.7221807111190626, -0.3591241729079182, 0.8448803605758745, 0.38114109290390286, 0.08923624527291235, 0.1506900426419719, -0.0544724349284423, -0.38739534639969897, 0.2379867626242837, -0.08771073427398944, 0.4552076849301539, -0.5131371314060331, 0.2054189336581602, -0.02993015833776022, -0.11377034545742923, -0.13269062362731796, 0.5821673382612254, 0.2708684049224442, -0.5924114978349875, -0.11743459309194408, 0.20619019320948087, 0.6328713749678626, -0.20858590679392983, -0.6651813560490952, -0.5386289191558093]
634.4898382695288	(8, 12, 2)	[0.8799609024778287, -0.15223606018377275, -0.13708901705162865, -0.50928506673641, 0.08034712339449894, 0.11718867311026236, 0.0886142431493426, 0.023231412525499304, 0.41616285326621183, -0.4550721851151678, -0.30471120121809564, -0.10439662373661185, -0.3492110376582499, -0.4067913339992864, -0.3166761773939677, -0.6596248359921393, 0.42203259198830906, -0.1848823193768208, -0.31366249704242755, 0.022117809541531062, -0.18047704402848685, 0.30755798628446585, -0.7068427198209486, 0.4357371161106452, 0.17231960993485942, -0.5100688768683036, 0.39456331459770266, 0.38787130088052185, -0.06569564416986806, 0.3582694075493798, -0.14840265185084361, 0.5368170090757007, 0.28990136222147406, -0.12891943423510716, 0.3405208819407835, -0.16039273333664042, 0.2715875141970303, 0.35327472579924313, -0.13444465707671416, 0.1196021337228629, 0.6739037981695734, -0.3836970159135071, 0.18128141472948292, 0.2522077852330486, -0.2555100037415489, 0.8155771357600317, 0.11796796666176565, 0.305244846964126, 0.23324871291854965, 0.04389269140437985, -0.028350316055004703, -0.3164750905360312, 0.651138767114552, 0.29283176042783976, 0.6506479262275193, -0.5961493497147404, 0.46558036606056846, -0.40723889594953416, 0.17159183794900523, 0.5247967002710303, -0.5439480697898408, 0.3264249813797684, -0.05154577996196452, 0.7491723609549471, -0.5597706139205286, -0.32009490369376287, -0.2459877615226174, -0.4252941377771874, 0.4346626757261899, -0.4228961434460978, 0.5515123264337867, 0.56375585955894, 0.38496902461037485, 0.20493986696569427, 1.066222375291632, -0.3343726843916182, 0.04216502164948968, 0.5986926640312453, 0.019159108495954834, -0.6664747854019918, 0.36626798574875935, -0.27026666445724584, 0.6873386004171252, -0.4092533379578358, -0.7408978464928392, 0.5497373770076807, 0.015711767019577785, -0.044365285157344655, 0.9234262736835616, -0.7692015313249683, -0.37297763050540184, -0.21222899602995493, -0.1092823219969072, 0.22459221988288572, 0.5055440040313139, -0.5741715057642118, -0.3548770846044155, 0.8542705647516917, 0.36984489801629267, 0.0887983751594476, 0.15081488636837018, -0.04539584859623502, -0.38611626782470637, 0.23996223462181654, -0.08956484131174552, 0.49246885252267203, -0.5131063598602805, 0.3049829479129028, -0.07430819768795867, -0.11540883467004547, -0.12958550610688033, 0.558297041475087, 0.3296540351628703, -0.587785552464192, -0.13160094283373458, 0.20228826023227217, 0.654706714330952, -0.21153848026096578, -0.7420689486302772, -0.5152602886302501]
1113.8081922851477	(8, 12, 2)	[0.8142400489173698, -0.13786019443561195, -0.2563722474269191, -0.48983495054387066, 0.07928952228163817, 0.1412231169137749, 0.0347124220531991, -0.14124504241724786, 0.4497265916634829, -0.4708639602977353, -0.3196901715760504, -0.11461637965125902, -0.3427220788736864, -0.3921939979143323, -0.3500930773017208, -0.6727992441525553, 0.4260417223173286, -0.1724187067144359, -0.33911002955023106, 0.0666787324322061, -0.33373217766041535, 0.42356453627466206, -0.6938593096904471, 0.4000771469755914, 0.17105906821761435, -0.5342959413777241, 0.40087797522965385, 0.38710687695518475, 0.017238481278714742, 0.3689114325479544, -0.13297929181670862, 0.3756903426827719, 0.31910154265292495, -0.1299491576978334, 0.36884552225923556, -0.14595674680955542, 0.30089228148971986, 0.3557318833111539, -0.13062982063778084, 0.10159370641067537, 0.500741857171498, -0.4165810526652077, 0.17512794119328326, 0.2906567031947162, -0.2908695710742572, 0.8159258297707791, 0.1816696598212379, 0.17075315478302755, 0.22324723571448324, 0.03787587497036444, -0.022311229123104404, -0.30610563452785405, 0.6295618912902544, 0.32269129584772743, 0.6607871275325898, -0.6073373298500457, 0.47883265181462265, -0.3991080173192008, 0.23633048524155859, 0.5021731626788497, -0.5377974407751512, 0.3216563982522022, 0.38806045889462143, 0.7780680128580931, -0.5309731956111127, -0.3113260790260427, -0.2173632749300331, -0.43508279069369293, 0.45952227661857337, -0.40858964050482127, 0.5636647976003047, 0.5193425981399594, 0.41137338552470215, 0.20564629237652793, 1.0342484149877649, -0.31394707597287724, -0.1285712001735573, 0.6011277931693485, 0.16091608414622569, -0.6218787800566293, 0.35897542913857555, -0.23926324975859933, 0.6782458443460684, -0.4128144847017311, -0.7348727809861507, 0.5614313464205772, 0.04648623724416571, 0.009986671260571654, 0.9264487560205562, -0.799608611800563, -0.46639810571277707, -0.18363795726728238, -0.10528698970085343, 0.25449619065108964, 0.5263756377851058, -0.4499840951105696, -0.29747948374699035, 0.8087357448686041, 0.23788888435393574, 0.08190693545132544, 0.07677736744498986, -0.06161721224659156, -0.4268124034002262, 0.23446500428041797, -0.0364223297293236, 0.4793210064247914, -0.507996668448358, 0.2930400980621659, -0.18458292669391005, -0.11591906313852991, -0.12982663456572927, 0.5430411272247239, 0.4371182657638816, -0.5672060077636305, -0.12604768089124058, 0.19804382892465033, 0.6441150133531898, -0.1901540832313832, -0.6866726653794843, -0.501596495763703]
572.3690365532484	(8, 12, 2)	[0.7833419040919261, -0.15287473231639429, -0.19695852461335533, -0.5116143831310395, 0.08030357272902591, 0.1842079268246492, -0.038368213080023555, 0.03465342680935609, 0.42686176622158967, -0.44983520173972286, -0.37005273771770986, -0.0732759913017392, -0.33189488799312533, -0.39747653277984635, -0.3653991322538757, -0.7125638460809953, 0.42570011228427446, -0.18737012668170303, -0.295422215657261, 0.02560103925690228, -0.3468660063174513, 0.39561117356393294, -0.7435839959770197, 0.42750750296342643, 0.1778095582377879, -0.5171540639039126, 0.39357364808057466, 0.38431207962067404, -0.03737758635471851, 0.36562177382512495, -0.15117192696370985, 0.3701662355221235, 0.28679231556322726, -0.13445120122015183, 0.342682927294683, -0.1320064474360182, 0.2650824929020742, 0.3551831901730579, -0.07122542878760321, 0.14198301298197544, 0.5528032520006015, -0.37996961597245965, 0.16446416991325108, 0.2512601359837013, -0.16271604698338002, 0.8159802782334177, 0.14757424593330357, 0.35337225092925467, 0.20089100028699017, 0.04726056159607342, 0.013866777094392645, -0.30854003637611205, 0.6139106215675921, 0.28729528448928654, 0.708422342958453, -0.6006021037709153, 0.37267427079994736, -0.3888190490247724, 0.11944883538213777, 0.5295859471296338, -0.5501969400169217, 0.3062487649708227, 0.12456273072358903, 0.7575706992095896, -0.5581346557145106, -0.32526807818722675, -0.21335852124531973, -0.43021849270067947, 0.45051550041775595, -0.41842405586158066, 0.5421721747885859, 0.4680520707748593, 0.40912254359044836, 0.18817272110093722, 1.0637347599633016, -0.30115882502221175, -0.10795746679525489, 0.6058074374897469, -0.02574550482676849, -0.5732305854511244, 0.3592743333069664, -0.2696738477490875, 0.6879040580233295, -0.3622080736599442, -0.7426677828489534, 0.5585205779015933, 0.1511889695371108, -0.03447704551839854, 0.8721103388094519, -0.7687220478745241, -0.3778844043307673, -0.21475286548366812, -0.10541419416727014, 0.21714051721473923, 0.5479768831145818, -0.7249577737626846, -0.3171340386232224, 0.8207051278147357, 0.3569999345218614, 0.08615927041480623, 0.1213539011317096, -0.042928988816665216, -0.3897205661005102, 0.1886074109101489, -0.07144805047417059, 0.5160445697096698, -0.5175264328528328, 0.4255727287193518, -0.09362159094870333, -0.11553490632383001, -0.056934879210830486, 0.5190483497968691, 0.2831546525177085, -0.5772431277229912, -0.1294394718881755, 0.20585531968233647, 0.6230819508949375, -0.21534386491660767, -0.6509841538586981, -0.5141828858902603]
931.7910182891123	(8, 12, 2)	[0.8684822805944734, -0.14740313392611928, -0.33521218021353205, -0.49285371791231936, 0.11930092285706353, 0.13947030403459854, -0.0817504379921257, -0.07380902542086432, 0.41703857171093955, -0.4673185920725131, -0.32070662450740156, -0.12509013487671125, -0.33738809804255093, -0.39590445094235477, -0.3224836708646588, -0.7439534618548171, 0.42407812553347995, -0.17513046743379465, -0.29876260584053294, 0.018541734625831547, -0.3001291079604025, 0.29310019901510803, -0.7301027229444366, 0.4290249539397858, 0.17211044081910828, -0.5201674979988792, 0.40624866556446776, 0.3808395118364263, -0.04887041293124261, 0.3589820319109129, -0.12848411133034385, 0.36450480921151157, 0.2965680632569719, -0.13755355973671657, 0.3701382697987968, -0.16084558029071044, 0.29767080750150454, 0.36090826119635416, -0.1468809085325006, 0.11972842065757192, 0.49085956024168526, -0.4155291397825359, 0.18178660780863526, 0.227871248892041, -0.22364047548937943, 0.8243169702417327, 0.12485436296720165, 0.24644945749158162, 0.21955563124771352, 0.06007972950193416, 0.017584858677269197, -0.30501420607086605, 0.6067890426964384, 0.2851934741516483, 0.5913008666446886, -0.5877777448368292, 0.4704916798451766, -0.407663389787366, 0.11055804521790638, 0.5254490585420694, -0.5439555887220391, 0.32741517211696125, 0.07607087312063471, 0.7549655828638935, -0.5619809779135785, -0.37696893538660986, -0.22692324644654863, -0.41141429600584645, 0.4693300155575672, -0.412036062941007, 0.6361253367254076, 0.4670853662421398, 0.40846179231124746, 0.19523234892819413, 1.054850167229957, -0.22494236699969092, 0.048847653758391923, 0.6051162811476708, 0.007767767797840042, -0.6258116014182991, 0.35687853528506885, -0.25180433452866574, 0.6690900735279557, -0.40093698991860366, -0.7095636239799576, 0.5568569047318276, 0.12889652245684216, -0.016343881436861555, 0.9242836960793812, -0.756875923430017, -0.43937556062862865, -0.2198482921771195, 0.012333726441960763, 0.23384306558320192, 0.5150432394486225, -0.6607805306370251, -0.3158564008510128, 0.8169884678023805, 0.487321519496113, 0.07779050367504547, 0.16347355330032579, -0.0412104705980328, -0.39248023672358073, 0.20584007094382398, -0.07739819701643347, 0.44590543594923493, -0.5087417974747555, 0.34710409659493935, -0.043085787625546636, -0.1178955415868515, -0.13784166625511127, 0.5685411293569397, 0.37137548505128937, -0.5723354954391617, -0.1589407512585191, 0.20195913201276727, 0.6302146950628461, -0.21111594107808296, -0.7056278486415889, -0.49680716560238036]
982.6147811449372	(8, 12, 2)	[0.8895216649276073, -0.19201438720674796, -0.2760544890478966, -0.49892572318136846, 0.12190560413971599, 0.12986887709255526, -0.1069476142499053, -0.05738719748009465, 0.35122682296709573, -0.4965959678935764, -0.30933126815820117, -0.0846289450216371, -0.3298289535940781, -0.40185418704144066, -0.3257808022963967, -0.6687928609999062, 0.4219233935431572, -0.19011904879861324, -0.340759166370823, 0.03291909879955662, -0.2810667128328626, 0.40259602189855953, -0.6346722102077906, 0.4170555229027644, 0.1701292000563915, -0.5186055564573425, 0.3994778956393282, 0.38939787386262864, -0.04384645336328584, 0.363257612813736, -0.12260919431680067, 0.5016070248607358, 0.2898842279016144, -0.12349731321821907, 0.31389710987261765, -0.14029043302244676, 0.3061781472204392, 0.3651650782853808, -0.1386292355669372, 0.06979588293251336, 0.527512380805814, -0.40040725378525016, 0.14700622596231303, 0.27375980905038017, -0.2558207772863505, 0.818201053784263, 0.12157777967742066, 0.22648727970062071, 0.2483100962443715, 0.04698160222824851, -0.04759074842440663, -0.31781461777528813, 0.6775942919798121, 0.289323184993569, 0.6157080697696135, -0.6048617073959697, 0.4731050549772543, -0.40684576414819873, 0.10825520144586503, 0.5262315664912149, -0.5432057352035561, 0.3653823462644144, 0.2746075252768433, 0.800986647238137, -0.5515064258307938, -0.3113069287251355, -0.21532004411405206, -0.43322796122625357, 0.42674293816961556, -0.4255767467550622, 0.5591654210194557, 0.5270987356782266, 0.4153482586324848, 0.20341501631374329, 0.7799463246434616, -0.2878602348983107, -0.091156531651632, 0.6003808856229652, 0.03572283026069877, -0.6446228304357116, 0.3694596128049467, -0.2640335376991994, 0.6780629192600807, -0.39878999624894196, -0.7371918870510059, 0.48972001094826206, 0.023544210213720565, -2.7346918309960333e-05, 0.9554969023597134, -0.6882409782855522, -0.4049615804202364, -0.19008623205413297, 0.036178208964937786, 0.23210151175083812, 0.5037606145120304, -0.8319522975399218, -0.300591152882244, 0.8599338384070249, 0.3415471706377737, 0.09018820139790656, 0.13942888205593032, -0.05780979997749693, -0.4092350450805038, 0.236610096620199, -0.0688878021145332, 0.4257805967965747, -0.532635389358972, 0.25916634121110965, -0.08466555116589619, -0.12003790946773221, -0.10953424860458222, 0.5362329913570971, 0.3897215960116125, -0.5930151596375043, -0.09824088654889078, 0.20112655606753055, 0.6369561435946248, -0.2042450380528579, -0.6406267537219544, -0.5137649963498886]
496.8557337021624	(8, 12, 2)	[0.8908513483965326, -0.1414068378145228, -0.23146038441389422, -0.4872844394539515, 0.07958668739012287, 0.309480784205958, 0.09235772928818811, -0.09994888686784327, 0.43134444382891807, -0.4466105992566015, -0.3275070029773212, -0.1296842565717312, -0.33936438581025175, -0.3968644911623569, -0.329809972831621, -0.6622195308473061, 0.42537749765637356, -0.17993929598139202, -0.3233550633449599, 0.04226462331361054, -0.2913773419137874, 0.4026875213684695, -0.6891976982909573, 0.42883781334847976, 0.17398974418839316, -0.5190998650658917, 0.4035476569783349, 0.3824027605524543, -0.026343686991348803, 0.3038650768948252, -0.1564884312627559, 0.3851967347380659, 0.29973543817707354, -0.11432846354813436, 0.3402944527878583, -0.14107412477822953, 0.3015778487058839, 0.3663532810360322, -0.14023909014071606, 0.09117823591105174, 0.5364162663024166, -0.3927304809933491, 0.17133581410077073, 0.29312053760562895, -0.230123022235868, 0.8125599531598242, 0.14910250904034003, 0.19398262358742582, 0.260400423386709, 0.044841061032239796, -0.04283176359239751, -0.30308870393002746, 0.5981665179091168, 0.32183009593252887, 0.6497306166900048, -0.5659411919977468, 0.4716996780500697, -0.40400888198214235, 0.2257070348249998, 0.5239389013683815, -0.5400448464221174, 0.3286053941259568, 0.05306625729839906, 0.7556190226913763, -0.5615719160168248, -0.3192577192425321, -0.24919200558548824, -0.42837705683840793, 0.4537710473335508, -0.4136116229324367, 0.5688495072229064, 0.48284544180995653, 0.4566116967941563, 0.2031731226287354, 1.0265908487656534, -0.3248855853173846, -0.018512669423783712, 0.6081992378877744, -5.769660103966366e-05, -0.5991307277580722, 0.37218432250594463, -0.15888896713667644, 0.6779327071324444, -0.3764384734299017, -0.737013809137297, 0.564593600953332, 0.014767083241373635, 0.004161634630755033, 0.9067731896276587, -0.7692090088910516, -0.3421956525349682, -0.20849311811281943, -0.10700949395294479, 0.24180071556046212, 0.5058486070406479, -0.3957860342051351, -0.4579158515527388, 0.8387731722128625, 0.5133535860351226, 0.08961762654195486, 0.1155407316405361, -0.05763327420306531, -0.3894626580365203, 0.19416091647429184, -0.05879565023568541, 0.4393116612269472, -0.4793451944959911, 0.5034231151534755, -0.13200040700409707, -0.11539321523640739, -0.09800626402655202, 0.5391320522287508, 0.30655685365815466, -0.590872868154914, -0.005639458203818837, 0.15199319121822602, 0.6257910209156076, -0.21168003018163997, -0.6832916206048029, -0.5976811720489629]
989.9143371230502	(8, 12, 2)	[0.8895216649276073, -0.19201438720674796, -0.2760544890478966, -0.49892572318136846, 0.12190560413971599, 0.12986887709255526, -0.1069476142499053, -0.05738719748009465, 0.35122682296709573, -0.4965959678935764, -0.30933126815820117, -0.0846289450216371, -0.3298289535940781, -0.6005705726441435, -0.3257808022963967, -0.6687928609999062, 0.4219233935431572, -0.19011904879861324, -0.340759166370823, 0.03291909879955662, -0.2810667128328626, 0.40259602189855953, -0.6346722102077906, 0.4170555229027644, 0.1701292000563915, -0.5186055564573425, 0.3994778956393282, 0.38939787386262864, -0.04384645336328584, 0.363257612813736, -0.12260919431680067, 0.5016070248607358, 0.2898842279016144, -0.12349731321821907, 0.31389710987261765, -0.14029043302244676, 0.3061781472204392, 0.3651650782853808, -0.1386292355669372, 0.06979588293251336, 0.527512380805814, -0.40040725378525016, 0.14700622596231303, 0.27375980905038017, -0.2558207772863505, 0.818201053784263, 0.12157777967742066, 0.22648727970062071, 0.2483100962443715, 0.04698160222824851, -0.04759074842440663, -0.31781461777528813, 0.6775942919798121, 0.289323184993569, 0.6157080697696135, -0.6048617073959697, 0.4731050549772543, -0.40684576414819873, 0.10825520144586503, 0.5262315664912149, -0.5432057352035561, 0.3653823462644144, 0.2746075252768433, 0.800986647238137, -0.5515064258307938, -0.3113069287251355, -0.21532004411405206, -0.43322796122625357, 0.42674293816961556, -0.4255767467550622, 0.5591654210194557, 0.5270987356782266, 0.4153482586324848, 0.20341501631374329, 0.7799463246434616, -0.2878602348983107, -0.091156531651632, 0.6003808856229652, 0.03572283026069877, -0.6446228304357116, 0.3694596128049467, -0.2640335376991994, 0.6780629192600807, -0.39878999624894196, -0.7371918870510059, 0.48972001094826206, 0.023544210213720565, -2.7346918309960333e-05, 0.9554969023597134, -0.6882409782855522, -0.4049615804202364, -0.19008623205413297, 0.036178208964937786, 0.23210151175083812, 0.5037606145120304, -0.8319522975399218, -0.300591152882244, 0.8599338384070249, 0.3415471706377737, 0.09018820139790656, 0.13942888205593032, -0.05780979997749693, -0.4092350450805038, 0.236610096620199, -0.0688878021145332, 0.4257805967965747, -0.532635389358972, 0.25916634121110965, -0.08466555116589619, -0.12003790946773221, -0.10953424860458222, 0.5362329913570971, 0.3897215960116125, -0.5930151596375043, -0.09824088654889078, 0.20112655606753055, 0.6369561435946248, -0.25379207102185664, -0.6406267537219544, -0.5137649963498886]
1621.6310450191088	(8, 12, 2)	[0.8789001087615784, -0.18013295359892395, -0.2829301745933386, -0.4997764240404465, 0.10040651869103552, 0.12763581744317734, 0.00045762910471647267, -0.12113011984027734, 0.42547061390804297, -0.45578816987388027, -0.328322616124547, -0.09969877775829537, -0.3381052444049522, -0.39782545368946676, -0.3224113368771758, -0.7211389694440731, 0.40841149536021243, -0.18280689643544348, -0.31391732128929123, 0.024552133417888974, -0.27100547777716777, 0.3857079442784516, -0.6781924557362989, 0.4106635582327926, 0.17428802607717334, -0.5157522266528192, 0.4065812125849824, 0.33008922146261976, -0.03719897175218781, 0.2913189625027124, -0.13902110749151583, 0.4698432841411137, 0.2914514427821304, -0.10491012014951519, 0.4643888859462503, -0.14820905476156604, 0.2965685112051351, 0.3624259730392012, -0.11774397918150446, 0.1372663414054186, 0.6267004698522061, -0.39711080666311244, 0.1788569394562849, 0.2581693126670756, -0.1854300519287541, 0.8126260257413063, 0.0973494490501537, 0.22522775552536733, 0.196602315923826, 0.051148440127204264, -0.01634321313606895, -0.3089959390458495, 0.657247879999703, 0.2943725474620358, 0.6043921519515351, 0.23614426316611725, 0.47868096437250546, -0.3982433430192834, 0.11923980238147078, 0.565987443605779, -0.5424587950851222, 0.33580262418989526, 0.1363638167370984, 0.75844136410259, -0.5547252585738792, -0.3199189648416398, -0.22729972681135596, -0.43297294485026155, 0.42358817398251253, -0.4133506570872324, 0.5686194557613782, 0.4615227799960957, 0.40564246016605376, 0.2019407485705622, 0.8907135282816585, -0.33219193768974997, -0.022848968917554363, 0.6036264872239034, 0.032541968761306, -0.608253259800178, 0.38242737397978144, -0.25473466549108736, 0.5239828235928334, -0.39388082703175464, -0.7232548729865828, 0.5372442856452947, 0.012266674431194332, -0.018632096228549392, 0.9033813457922341, -0.7245226483360838, -0.4187445502409866, -0.2080196181563331, 0.022943086285443573, 0.2281071345946507, 0.518569146244382, -0.36943003300099986, -0.33379264197589253, 0.8314879429654234, 0.34361784179339494, 0.07966559344986696, 0.12929997745049834, -0.05421926947849213, -0.3918610568877857, 0.22526706161345963, -0.07952988648530604, 0.43630457569093106, -0.4959279932140657, 0.2755378818569528, -0.09807209390494208, -0.11804202549337164, -0.0782039478979267, 0.5282124624783744, 0.33018902532461736, -0.581344046393436, -0.13501866620859762, 0.2006372360535584, 0.629151671049587, -0.20541331591355877, -0.6786584771989319, -0.514861770357095]
720.3431438315499	(8, 12, 2)	[0.8789001087615784, -0.18013295359892395, -0.2829301745933386, -0.4997764240404465, 0.10040651869103552, 0.12763581744317734, 0.00045762910471647267, -0.12113011984027734, 0.42547061390804297, -0.45578816987388027, -0.328322616124547, -0.09969877775829537, -0.3381052444049522, -0.39782545368946676, -0.3224113368771758, -0.7211389694440731, 0.40841149536021243, -0.18280689643544348, -0.31391732128929123, 0.024552133417888974, -0.27100547777716777, 0.3857079442784516, -0.6781924557362989, 0.4106635582327926, 0.17428802607717334, -0.5157522266528192, 0.4065812125849824, 0.33008922146261976, -0.03719897175218781, 0.2913189625027124, -0.13902110749151583, 0.4698432841411137, 0.2914514427821304, -0.10491012014951519, 0.4643888859462503, -0.14820905476156604, 0.2965685112051351, 0.3624259730392012, -0.11774397918150446, 0.1372663414054186, 0.6267004698522061, -0.39711080666311244, 0.1788569394562849, 0.2581693126670756, -0.1854300519287541, 0.8126260257413063, 0.0973494490501537, 0.3309162046431949, 0.196602315923826, 0.051148440127204264, -0.01634321313606895, -0.3089959390458495, 0.657247879999703, 0.2943725474620358, 0.6043921519515351, 0.23614426316611725, 0.47868096437250546, -0.3982433430192834, 0.11923980238147078, 0.565987443605779, -0.5424587950851222, 0.33580262418989526, 0.1363638167370984, 0.75844136410259, -0.5547252585738792, -0.3199189648416398, -0.22729972681135596, -0.43297294485026155, 0.42358817398251253, -0.4133506570872324, 0.5686194557613782, 0.4615227799960957, 0.40564246016605376, 0.2019407485705622, 0.8907135282816585, -0.33219193768974997, -0.022848968917554363, 0.6036264872239034, 0.032541968761306, -0.608253259800178, 0.38242737397978144, -0.25473466549108736, 0.5239828235928334, -0.39388082703175464, -0.7232548729865828, 0.5372442856452947, 0.012266674431194332, -0.018632096228549392, 0.9033813457922341, -0.7245226483360838, -0.4187445502409866, -0.2080196181563331, 0.022943086285443573, 0.2281071345946507, 0.518569146244382, -0.36943003300099986, -0.33379264197589253, 0.8314879429654234, 0.34361784179339494, 0.07966559344986696, 0.12929997745049834, -0.05421926947849213, -0.3918610568877857, 0.22526706161345963, -0.07952988648530604, 0.43630457569093106, -0.4959279932140657, 0.2755378818569528, -0.09807209390494208, -0.11804202549337164, -0.0782039478979267, 0.5282124624783744, 0.33018902532461736, -0.581344046393436, -0.13501866620859762, 0.2006372360535584, 0.629151671049587, -0.20541331591355877, -0.6786584771989319, -0.514861770357095]
984.6034855467599	(8, 12, 2)	[0.8932097829792363, -0.1979161300412584, -0.27759911909659307, -0.4916167540467755, 0.12643515502277367, 0.14760946663627317, 0.16115496698836645, -0.0661181656673903, 0.3851625147523207, -0.45778924361882234, -0.32827975968469103, -0.20415425787197072, -0.3377107469411406, -0.3883951484153627, -0.3220631347390304, -0.7112782815942957, 0.4215168209017544, -0.1947930076835058, -0.3186713874504244, 0.1418713759363027, -0.2846747465909303, 0.3625040162235232, -0.6540107989674177, 0.4217933867188784, 0.17413935700069194, -0.5152170873746367, 0.39981116920119136, 0.3830747389644701, -0.02431813432392457, 0.32979121433734276, -0.13262089523048037, 0.4395822783328192, 0.28624015826837906, -0.11622448671805975, 0.3631071023999883, -0.1373147671580224, 0.3091480103231212, 0.3602760420358656, -0.1293745141941031, 0.1359488162815488, 0.6143343020864483, -0.39570293033592774, 0.16135610082389512, 0.2624063270773554, -0.26719081390524874, 0.7757963513324522, 0.15266940599745535, 0.19435452904101963, 0.2181116424579848, -0.12386670836830323, -0.0020883277264737467, -0.2955576215759351, 0.6477304080539811, 0.29913937134751584, 0.615850713182243, -0.09969098863681114, 0.4775197110098698, -0.40768915901260816, 0.10904061022997774, 0.518533961924085, -0.5418707888959778, 0.3436331692282791, 0.13229402575443824, 0.8093167341405904, -0.5572489321653226, -0.3393254481937522, -0.21228327596486687, -0.4299663953465744, 0.4513088925997041, -0.414378076469096, 0.5909399558573369, 0.4751957210364193, 0.426817019299097, 0.20578195789300985, 1.0992790419644098, -0.32412180125634776, -0.013294467320926734, 0.6042968751556804, 0.04709568671454044, -0.6277441259668257, 0.36245909459852405, -0.23637707187652127, 0.6186964188293242, -0.38181481442811216, -0.7406159439155863, 0.5277830612612096, 0.11203708701387957, -0.023217986176287675, 0.9650288606864733, -0.6968368992879245, -0.43258699165552306, -0.20070732191217078, -0.020961214569388285, 0.2177845416719537, 0.5021996679856615, -0.5430386155716254, -0.3082803904269717, 0.8377177830597763, 0.3199500238329504, 0.08790204363848646, 0.12064374593794819, -0.05219640943725724, -0.4001114708362454, 0.2284150745360958, -0.07369729376970716, 0.4230190848392207, -0.4883390221527199, 0.34542159197731137, -0.07334333935031974, -0.11804618330252936, -0.081722181001086, 0.5299581741731954, 0.390707202441024, -0.5910319271271979, -0.0957011894250962, 0.21519878815171067, 0.6305034847293134, -0.20792043810857083, -0.6775207368560228, -0.5207863861322033]
906.070585917622	(8, 12, 2)	[0.8987201105571684, -0.15210057433475546, -0.2945413280374152, -0.49216687794350744, 0.02117528861506343, 0.13921136288019498, -0.03131596063953775, -0.05283108632203995, 0.4150290866497652, -0.6023321278583316, -0.3237780144789007, -0.08775830884400564, -0.3033460366830076, -0.38147180066397524, -0.3321224405270295, -0.6844804966773385, 0.4277459015331919, -0.1815157087037078, -0.7153363876931005, 0.02163390727295034, -0.3206786294747959, 0.399229563559202, -0.6678355537089953, 0.41576443282030967, 0.1699937659166486, -0.5191675294108457, 0.4035543812670734, 0.3924327663683417, -0.015753532806951645, 0.3705463892332033, -0.1456069977704965, 0.3501088860391472, 0.33580534593493505, -0.12426042276206428, 0.34770164215580135, -0.14554657171087887, 0.2924782134758462, 0.3542207410817959, -0.11141760991891737, 0.08784347001286698, 0.5314710913242328, -0.4061384734636813, 0.14836374966708388, 0.27606571790021456, -0.25678503690896987, 0.8140996986617115, 0.3348791904427298, 0.2925429529077641, 0.22485760000139227, 0.04843706639254545, -0.012583579606496226, -0.2933183188445226, 0.6772667511830913, 0.2946111202666542, 0.6198072169199736, -0.6085573194679459, 0.4721258587271165, -0.40573285979771306, 0.14146134852307762, 0.5245314216988911, -0.5418010251484914, 0.3426599098155392, 0.2363371736876525, 0.7760577730381404, -0.5833801978208122, -0.3186662943155401, -0.2035223182117216, -0.42723632259379407, 0.4131563662554687, -0.41286151941221005, 0.5645070243320772, 0.517870439103119, 0.4525531171096858, 0.20430322184012356, 0.9161408986590822, -0.2789654432492272, 0.0019515321466369168, 0.6018272349748972, 0.022409329485428467, -0.6212126073688041, 0.3719633571577266, -0.24390789511805813, 0.6791316070713831, -0.3829069313818193, -0.7274947664321785, 0.5648354709012713, 0.00014423339252544326, -0.002677046150618658, 0.9463257131343837, -0.8094183914446642, -0.4041333033657274, -0.18570496738324738, -0.07479736190767935, 0.22887551829132113, 0.49937129890680654, -0.7198983561324038, -0.3229385441862812, 0.842896986470204, 0.3765897553225869, 0.08313360493301027, 0.13766696060896294, -0.05890799039489156, -0.40199049285948957, 0.20137814762587833, -0.05738432139908055, 0.4710452285390777, -0.49101359553387947, 0.30953446271030827, -0.13220844035615037, -0.12282122421888238, -0.09440063043524588, 0.5383237137274123, 0.3258381158074558, -0.5933410393811267, -0.12361761604945362, 0.20456363628411522, 0.6370157738264355, -0.21936366051141915, -0.6887758539057327, -0.518980515964285]
871.4211203297768	(8, 12, 2)	[0.8755171331513503, -0.17246808838418076, -0.33251659538127964, -0.4970949318678171, 0.1138035032847169, 0.14509084877008457, 0.07782168384950734, -0.06275510816544116, 0.3727278287999109, -0.3503324911939575, -0.32600406521092906, -0.09707352797679199, -0.3334869086572511, -0.3936026335927132, -0.33345045503248644, -0.6962032313578548, 0.41981424722570165, -0.21383820258897965, -0.3292334982693882, 0.0430339103213451, -0.2591615356065792, 0.3540456033335573, -0.7040409630323088, 0.47792884871870644, 0.17273341638487713, -0.5148764334520587, 0.3967985360959515, 0.3775109054318723, -0.024548698039640125, 0.3329510374576993, -0.13656806341775524, 0.4403026648599794, 0.2827057211058661, -0.12025078292336984, 0.388281251633854, -0.13388758192013261, 0.30869201793225426, 0.3594083435559737, -0.13381605972293886, 0.1275387755609135, 0.6327699410410023, -0.3972744320742036, 0.17790169084749344, 0.2643161095243493, -0.25511331905818857, 0.7852765648856671, 0.171305469975294, 0.2209478796628792, 0.22452478392217298, 0.03816262273450202, -0.006800358260846927, -0.3102006147326142, 0.6547930977219516, 0.27699502211104476, 0.6340747355603343, 0.1275673576645222, 0.4726652131341117, -0.40627159850024536, 0.1234707876740319, 0.5202026555192497, -0.5439100335331104, 0.3457294128798847, 0.18172430060406314, 0.7845045224377614, -0.5589567842555269, -0.30119816060916593, -0.22672779450022829, -0.42720342120202504, 0.44266747484217467, -0.41635611895166574, 0.5690343789336499, 0.5185343181325128, 0.42121801035881146, 0.20174558750342267, 1.0441392498442956, -0.06820972697319944, -0.030339399806343, 0.5975170537553404, 0.04254654977056474, -0.6320406015172163, 0.355736095214142, -0.2665117087611414, 0.5738885350802543, -0.3719211554118529, -0.7380033661737606, 0.5319713994243529, 0.10987749345020892, -0.016235777424071753, 0.9576461596293424, -0.6945491054651257, -0.4170428539390899, -0.2077691557993108, -0.012769514682827231, 0.24386122788285836, 0.5070711291027001, -0.5086379873290391, -0.3833437029870561, 0.8401827648721335, 0.36776678088006043, 0.08070278923466788, 0.14043451298502627, -0.05233919497240782, -0.3980397637687294, 0.22895530468660408, -0.07300646622027712, 0.4526966477275431, -0.5187059321308305, 0.32052803625340937, -0.08919367362449888, -0.1169824887130721, -0.09693124796117465, 0.5302331953313395, 0.3970345912805538, -0.5842278278325388, -0.1190545168606528, 0.17027784091878698, 0.6277280717417514, -0.2083525727447585, -0.6529102654446823, -0.5190659055717443]
853.3365276689735	(8, 12, 2)	[0.8816747645535792, -0.1629240347053505, -0.27376245055812515, -0.49910992433840723, 0.12023584622012387, 0.3939376356782156, 0.014527962357495823, -0.0460166307724377, 0.3936298971174444, -0.45953985347725923, -0.32939627656605247, -0.10836427179065547, -0.3356278028595449, -0.44456256847159625, -0.32358842458163695, -0.6998788696144421, 0.4263673903371508, -0.20542727729490984, -0.31642375073275525, 0.0631380677451483, -0.2837294525367634, 0.3801070361817048, -0.6316488570415526, 0.37187541348482883, 0.1726368602827768, -0.5133841184490409, 0.40144534998734666, 0.3222269718069646, -0.018306426354444537, 0.30595791573068787, -0.14204187550604602, 0.40451460601590605, 0.2868781734286336, -0.12042793403771324, 0.39075407860060996, -0.1433247976707511, 0.3077552625830722, 0.33864691586016926, -0.12454952349344477, 0.10841671920736888, 0.5797537146321006, -0.4043246841642939, 0.16905489025346404, 0.27122957185769253, -0.258393420738755, 0.8144574681463693, 0.09337557685420006, 0.3044825780892395, 0.23732024242107672, 0.03575769373802222, -0.021410045604361785, -0.31109720687757425, 0.6454753171154933, 0.28945036318136014, 0.6115777814434412, -0.6391635012311219, 0.47385274958986534, -0.41237640722749924, 0.1527594045608482, 0.5324339028737527, -0.555313046953146, 0.3367618404780825, 0.1387671807013529, 0.7833050052501, -0.5454931814892876, -0.31461277783260666, -0.22085668164910843, -0.43293852105753444, 0.44806584070658406, -0.4126170713955283, 0.5872238622902632, 0.4916637707982356, 0.42340267520631203, 0.193492419344632, 0.9704195969210258, -0.30337642783875535, 0.030195848292943493, 0.6135375087648863, 0.0019315262391456887, -0.630959825940409, 0.34314653648420956, -0.2104465922783072, 0.6329798465169331, -0.40730468631847505, -0.7338885484669746, 0.5692292409303644, 0.040883383089324155, -0.012599894014258648, 0.8804853418672587, -0.7414352229786381, -0.4199215341338904, -0.1990133252694065, -0.008265409163133845, 0.22889334183176002, 0.515243594735807, -0.5554807192509571, -0.2945695035872033, 0.8566043983628571, 0.31569305950313614, 0.08709079971765638, 0.13458457630985868, -0.05579628894948947, -0.3845047111069549, 0.22170639972528752, -0.0615017558272673, 0.45917695218667526, -0.5040901104389702, 0.3153767668200931, -0.0878338553776134, -0.11561126364762124, -0.09346764719733255, 0.5329704430850795, 0.35265218921455427, -0.5715026171455809, -0.14255125388048023, 0.20203282975570092, 0.598694752621878, -0.20949578970281235, -0.6850803714105775, -0.5150841431959571]
664.7263235161364	(8, 12, 2)	[0.8868970954625364, -0.1456309931329525, -0.27414619037800503, -0.48959395626466545, 0.11645703858208181, 0.13912813119839126, 0.012604357662492936, -0.03347919415552621, 0.41254514626329003, -0.4762096338261438, -0.32358145819724865, -0.10354048424774542, -0.3343543920255268, -0.39921354712318663, -0.32904589484473556, -0.715866124676997, 0.42242946137755205, -0.18035533686256885, -0.3166068410727091, 0.004843176413030476, -0.3624314756387232, 0.3682211913592237, -0.6891651240408354, 0.4135809767696174, 0.1711514768494499, -0.5187841647014049, 0.40568835067271325, 0.37700238652024004, -0.050738987202758296, 0.31689045839055924, -0.16594782791528262, 0.42166196580717413, 0.28784432554275136, -0.1182960043428662, 0.24811226930795982, -0.16448256903533343, 0.2987050046981448, 0.3657869794545905, -0.12708129660751039, 0.10639603664400386, 0.5180957050524828, -0.3937570942589167, 0.17236784037681308, 0.24632167995088639, -0.2704639737143077, 0.8039456246192505, 0.14591488300676395, 0.2664730846573214, 0.22034680066259174, -0.07540809590816612, -0.011748036613414689, -0.3041722844662152, 0.6672173821599239, 0.30511222077194616, 0.6153901187988693, -0.2975228028321158, 0.4756132231826122, -0.40318378499883567, 0.1728983950774802, 0.5531297412856376, -0.5493955540237574, 0.3438702619807249, 0.2449153437840534, 0.7664546406815478, -0.561338993980543, -0.3472459603356924, -0.2179367349413539, -0.4274542968667371, 0.4326519699469404, -0.41618543789990775, 0.5670776459680117, 0.4771732691207552, 0.4178300295433652, 0.20760232916532925, 0.9150700944872372, -0.2975859733511198, -0.068283966262358, 0.7694941185664719, 0.03415008686983024, -0.6076617411429159, 0.3773834583457014, -0.197367185506564, 0.6345902792731544, -0.4083263963178348, -0.752601449868212, 0.5437251474661005, 0.02068133990739726, -0.0013013802094632362, 0.9145870695681944, -0.7572762631767619, -0.4257724364378029, -0.20987847248558456, -0.0483263406004234, 0.22833507434026643, 0.5064164307118912, -0.5146732557484842, -0.3261428016660582, 0.8352981803302295, 0.342740694435974, 0.08711080232870774, 0.13764689484131312, -0.050822187589648925, -0.39324687833685745, 0.23193530864268655, -0.06864973798273774, 0.4477276397741356, -0.5155269309213144, 0.30028974767494027, -0.1259746653587521, -0.11818939815018724, -0.11190886983977491, 0.5174169947384373, 0.385370902629289, -0.5781529252578906, -0.06780087578962374, 0.20075164788218908, 0.6305620071452991, -0.20920319559490658, -0.692526868719299, -0.5189395529626658]
576.8698898920821	(8, 12, 2)	[0.8868970954625364, -0.1456309931329525, -0.27414619037800503, -0.48959395626466545, 0.11645703858208181, 0.13912813119839126, 0.012604357662492936, -0.03347919415552621, 0.41254514626329003, -0.4762096338261438, -0.32358145819724865, -0.10354048424774542, -0.3343543920255268, -0.39921354712318663, -0.32904589484473556, -0.715866124676997, 0.42242946137755205, -0.18035533686256885, -0.3166068410727091, 0.004843176413030476, -0.3624314756387232, 0.3682211913592237, -0.6891651240408354, 0.4135809767696174, 0.1711514768494499, -0.5187841647014049, 0.40568835067271325, 0.37700238652024004, -0.050738987202758296, 0.31689045839055924, -0.16594782791528262, 0.42166196580717413, 0.28784432554275136, -0.1182960043428662, 0.24811226930795982, -0.16448256903533343, 0.2987050046981448, 0.3657869794545905, -0.12708129660751039, 0.10639603664400386, 0.5180957050524828, -0.3937570942589167, 0.17236784037681308, 0.24632167995088639, -0.2704639737143077, 0.8039456246192505, 0.14591488300676395, 0.2664730846573214, 0.22034680066259174, -0.07540809590816612, -0.011748036613414689, -0.3041722844662152, 0.6672173821599239, 0.30511222077194616, 0.6153901187988693, -0.2975228028321158, 0.4756132231826122, -0.40318378499883567, 0.1728983950774802, 0.5531297412856376, -0.5493955540237574, 0.3438702619807249, 0.2449153437840534, 0.7664546406815478, -0.561338993980543, -0.3472459603356924, -0.2179367349413539, -0.4274542968667371, 0.4326519699469404, -0.41618543789990775, 0.5670776459680117, 0.4771732691207552, 0.4178300295433652, 0.20760232916532925, 0.9150700944872372, -0.2975859733511198, -0.068283966262358, 0.7694941185664719, 0.03415008686983024, -0.6076617411429159, 0.3773834583457014, -0.197367185506564, 0.6345902792731544, -0.4083263963178348, -0.752601449868212, 0.5437251474661005, 0.02068133990739726, -0.0013013802094632362, 0.9145870695681944, -0.7572762631767619, -0.4257724364378029, -0.20987847248558456, -0.0483263406004234, 0.22833507434026643, 0.5064164307118912, -0.5146732557484842, -0.3261428016660582, 0.8352981803302295, 0.342740694435974, 0.08711080232870774, 0.13764689484131312, -0.050822187589648925, -0.39324687833685745, 0.23193530864268655, -0.06864973798273774, 0.4477276397741356, -0.5155269309213144, 0.30028974767494027, -0.1259746653587521, -0.11818939815018724, -0.11190886983977491, 0.5174169947384373, 0.385370902629289, -0.5781529252578906, -0.06780087578962374, 0.20075164788218908, 0.6305620071452991, -0.20920319559490658, -0.692526868719299, -0.5189395529626658]
709.683435884344	(8, 12, 2)	[0.897970628411747, -0.1545905749966209, -0.30168541924708386, -0.4970087686511112, 0.11266051222279759, 0.16293430075527693, -0.031092503451540125, -0.09800465498482112, 0.41015133057168834, -0.5653317281209356, -0.3175677262732657, -0.11383758444137307, -0.3369210380094726, -0.4871515033765503, -0.3294188134211934, -0.7106257673745136, 0.41831922046089337, -0.18300677605476592, -0.3236227182933538, 0.05116324189894031, -0.30829741738217303, 0.3423724578091149, -0.6902918612660649, 0.40692871341681686, 0.17069889464200785, -0.4827403807496706, 0.4025181120897011, 0.45213975353162367, -0.02138982112737921, 0.31113065393390876, -0.1389154336081323, 0.40896929191335524, 0.3036632726911298, -0.12102968670606881, 0.35318917787726284, -0.1443316697569358, 0.2984808175003946, 0.3344501137777894, -0.11729794174099134, 0.0886095878401957, 0.5477627999317284, -0.44133098045021063, 0.1742597980044607, 0.2638789055794864, -0.11476371349251557, 0.7821116051823316, 0.20255809689374604, 0.22443743511955422, 0.22743965960869145, 0.04799192666147457, -0.013138024237016765, -0.30590652288729975, 0.5489853135109516, 0.30161585353014053, 0.622396893708316, -0.49148477426189996, 0.45104858843884155, -0.43587580419896627, 0.11524187221370141, 0.5229294977196999, -0.5423173039166075, 0.34344807765010915, 0.1222825421581815, 0.7729520618884668, -0.5592643903690597, -0.3412938355150162, -0.22704113334820047, -0.4333320730328504, 0.46141875300420715, -0.4169038861919987, 0.568885262179345, 0.5189124345075017, 0.44004068493043574, 0.20149616930811845, 0.964890613677428, -0.11232573809411894, -0.03621665001412016, 0.5899353182278351, 0.02328602290835037, -0.6307063709824225, 0.43255870424353293, -0.2520692861397063, 0.5697878931985801, -0.3939541469279674, -0.7279402157631055, 0.5259045021165731, -0.027832610262486786, -0.032245548186469346, 0.9278963031601977, -0.7488508466368606, -0.4314851301480636, -0.18822298432394258, -0.0799482012765515, 0.23627721513260136, 0.512655933798817, -0.5969008116073676, -0.32313011387405044, 0.833118051267651, 0.3210524374859653, 0.08175720841125393, 0.133226080400295, -0.05808809080142172, -0.39017711861971344, 0.22535037140230138, -0.03246249794941117, 0.43696829078588895, -0.510913977975277, 0.29242957552294013, -0.08100194926645572, -0.1182409148636128, -0.11514457201761111, 0.5527423190258102, 0.34833753525006106, -0.5786427787141747, -0.10157168542436533, 0.19024540639491028, 0.6343568189898027, -0.21004883369031224, -0.6864446529187352, -0.4868291960559738]
1475.4930615034357	(8, 12, 2)	[0.8810727763183067, -0.151522274923766, -0.2792354224829029, -0.4991854940884631, 0.09310542017365826, 0.1711184875927659, 0.04988255175080935, -0.08947921561264367, 0.4034548641201248, -0.549400946787825, -0.32001060638832, -0.105047863046455, -0.33812116443710905, -0.38053504496869983, -0.3285554420348162, -0.7092054705374696, 0.42663930821788465, -0.17909598725197934, -0.36063727352263647, 0.015007531952385456, -0.27736369682725864, 0.3435196797676501, -0.6644882222266566, 0.41781350551550467, 0.17767295633386918, -0.5189265026630323, 0.40523599109795067, 0.36790179498396575, -0.028667015255547025, 0.32949288312849434, -0.14284051767167544, 0.44521025906146344, 0.27886211947252926, -0.12383830797928654, 0.3474193137465742, -0.15312026649967322, 0.29827360865657787, 0.3578531846610827, -0.12043735472991933, 0.1270257574896555, 0.5560697379311219, -0.40392594963201034, 0.16109781602412285, 0.26378102480557736, -0.2381512788169696, 0.812353399602648, 0.14125681127768744, 0.25077679128311386, 0.2344092928384391, 0.05956729720263238, -0.014717235825209975, -0.3120908759217131, 0.645987760334395, 0.3017380252586033, 0.6153779965659368, -0.5652519996405194, 0.4769572246902253, -0.4180366582980911, 0.139269327396138, 0.5172230117561925, -0.5379256307619464, 0.12137185704725448, 0.14075390586315134, 0.7861379424730404, -0.5703005494911446, -0.3183260434949224, -0.2243795348071455, -0.42991011318760347, 0.5210675772524533, -0.4120619416463308, 0.5523519321022536, 0.5153017339785023, 0.42787479895452335, 0.1996453210845661, 0.9408078440584481, -0.3035914778281249, -0.013569437276702456, 0.6040086701654481, 0.004058549612461476, -0.6377114237875384, 0.39973984080467917, -0.19158078035766055, 0.6294788921861691, -0.4079065513574413, -0.7248967592282014, 0.5638699544263023, 0.11269125807854852, -0.009425840352299732, 0.9012614183801553, -0.7501981940408798, -0.3892467480509598, -0.3236014004118679, -0.004351276964538211, 0.26434701085512236, 0.5123739040653331, -0.6731574220161349, -0.3024593355740116, 0.8512342913857522, 0.32710307992057597, 0.08371244986016996, 0.13318009676835596, -0.04098341116374607, -0.3975917696936362, 0.22063774403516023, -0.06094050569932837, 0.444153590678497, -0.513661333050021, 0.3040532783966621, -0.07880178682952253, -0.11647493823848387, -0.0885397692275175, 0.5205319538246133, 0.3609511822952539, -0.5625468073657476, -0.11944703808361065, 0.19715818546966424, 0.6090545495387898, -0.21078300224345878, -0.6801623310268057, -0.514721117628758]
673.0119582283409	(8, 12, 2)	[0.8781191033184614, -0.11902928890044939, -0.285984525505493, -0.4957028151762535, 0.11722760759637521, 0.09645677934686314, 0.020722394284637194, -0.08871783796891042, 0.43076776126620525, -0.4699017216485171, -0.32446002273173585, -0.11399164224460681, -0.3325776697591445, -0.412554631984834, -0.3259593456089812, -0.7068428466253143, 0.4422275352399301, -0.18316199791961488, -0.3166846367775353, -0.010139525540751204, -0.2901508919178082, 0.3826483096915314, -0.6801166346973431, 0.40002506992452114, 0.17394675869530674, -0.5154106869078655, 0.40412386171342823, 0.37825823688553767, -0.0220227624468682, 0.358380927916076, -0.16129989600407157, 0.42055831760846735, 0.30917069055610574, -0.1203369472044287, 0.4140089229626933, -0.14476866630854046, 0.30657867577450065, 0.362062014609753, -0.11574254509114924, 0.1149864559268073, 0.5888363085290387, -0.4144112511199381, 0.17466568116509615, 0.2577073440353967, -0.2727806577908812, 0.7873756781002665, 0.06403215845653484, 0.20315181615984024, 0.23334111928019247, -0.04609692981117981, -0.013277980868639577, -0.3048012303740355, 0.6416374874898888, 0.30672235220342764, 0.6137989948675249, -0.49613776668086823, 0.4746640453317909, -0.40841374943544595, 0.1375760671698421, 0.5276840450912674, -0.5412294435365821, 0.3456517436214772, 0.16014612852951599, 0.7761092872209913, -0.5545011447842919, -0.3145875697078132, -0.22655021042165413, -0.4321102991375111, 0.4368829408098735, -0.4142452199512602, 0.6103814589910096, 0.4856503276427314, 0.4137074038639362, 0.19826611395869223, 0.9858676391893179, -0.3005940811258073, -0.03228417873480164, 0.6075976172262997, 0.01721618317170296, -0.6377102161707232, 0.3508249246274446, -0.18854829081441438, 0.6330345058095666, -0.4037626817895319, -0.7315488920297073, 0.543414438005412, 0.048615482934970075, -0.0033685414165472854, 0.9132936333433491, -0.7434933510801264, -0.4257653932893756, -0.2096245936570904, -0.05100794265678337, 0.24173966115832693, 0.6351924582022905, -0.5665735135343408, -0.3029550664166964, 0.8334834747365767, 0.3625952884005339, 0.06984644674049013, 0.13255427244833348, -0.052024909525924326, -0.39846663665032755, 0.22031629331137453, -0.06678897886566712, 0.44754914876582347, -0.5443853336455402, 0.3024938256584578, -0.08423276112795713, -0.11798537919891364, -0.07519256225739104, 0.5392920858589355, 0.38493131127854674, -0.5711698104952386, -0.1087257920100194, 0.1962978740015995, 0.6162799123885434, -0.2099924966322148, -0.6010463029393885, -0.50823728749069]
473.1367658704238	(8, 12, 2)	[0.8846002758571189, -0.1531718784261837, -0.3034611275393966, -0.4981338400878217, 0.0991586025956292, 0.1510883230128242, 0.05175106255753463, -0.09250050427701752, 0.4179081209297472, -0.5272603271312806, -0.32230356334004473, -0.10846542533114838, -0.3336587406862638, -0.4038929231821555, -0.32606638298257873, -0.693767528850392, 0.4244232605667394, -0.19294027000216138, -0.34291719931321724, 0.09517111051034025, -0.29422953538053, 0.33599588952200937, -0.6723457205724065, 0.4956211891546281, 0.17341013967618849, -0.4947085265971964, 0.4038632307256661, 0.37647067328328887, -0.027964913726423866, 0.3310645385228384, -0.14906308880982522, 0.4163363873189254, 0.293437182739359, -0.12068740032371303, 0.3620374442794075, -0.14506297573600344, 0.30126487792388784, 0.3352446670741589, -0.10730541109323166, 0.10442986935389706, 0.5874154938067787, -0.4291518744640157, 0.16743288825024266, 0.26351001799055696, -0.17639821555840948, 0.7855650019517529, 0.13916328719472812, 0.2838188683510029, 0.2332083820640452, 0.04176849597905259, -0.023730453253542186, -0.3271925461574485, 0.6521546537799416, 0.298550613902458, 0.6133740376213707, -0.5417315678666834, 0.4721676500606712, -0.4107755005551328, 0.11210444531142934, 0.4990104026544608, -0.5397927252030061, 0.2985385037957831, 0.13119043719957404, 0.7764280776264215, -0.561070366176489, -0.32810101909132444, -0.22261608338005004, -0.4311128401120168, 0.4809574402763267, -0.4088878803754825, 0.603555828588752, 0.4995417256307375, 0.423633472563033, 0.2003615224309947, 0.9505658845513711, -0.39521039375573885, -0.023650640303592763, 0.5977698941281564, 0.008587507503578382, -0.6364093772764747, 0.33452722420896835, -0.2477766479224067, 0.6173690393495899, -0.4094876521978637, -0.7291033350620367, 0.5500375182970407, 0.04387174171758355, -0.019242903349885564, 0.92216553668693, -0.7435662060772417, -0.3982644807894818, -0.21887933115913455, -0.0349554914889276, 0.18392950143016973, 0.5004174612588379, -0.5476007259457929, -0.3215431587894644, 0.8515576675996158, 0.34359867366639113, 0.083315361413421, 0.13228065063621358, -0.03896490053804123, -0.3994129484298811, 0.2422120592057467, -0.05264629931418627, 0.4378895239898711, -0.5129067366465825, 0.2989050521370153, -0.08539056848326412, -0.11772176871523163, -0.09872891448771424, 0.5361947314990789, 0.44909344896462033, -0.5728886074859627, -0.11233599060057585, 0.19414765672390227, 0.6135416976623007, -0.21995840886654372, -0.6714208566237767, -0.5179360901137365]
409.22024426956057	(8, 12, 2)	[0.8782891846750112, -0.11501516751463507, -0.27033876949081537, -0.49505281897721715, 0.11436361973649337, 0.14582523265420363, 0.047406449847355564, -0.06241595445418858, 0.38566326363962145, -0.38689418964816513, -0.32823564930921667, -0.11637196196300328, -0.33146500981550925, -0.4016036286048157, -0.33174558408308635, -0.7089821717438696, 0.4248081858637524, -0.18296247647390682, -0.3285372138628496, 0.02663565355025478, -0.2970752432594229, 0.3713720728512355, -0.7380807809541019, 0.3971492787069994, 0.17383783831103167, -0.5178792881720382, 0.40188181316647126, 0.3426903940186891, -0.025131132027797123, 0.3201901004498275, -0.15717259369229497, 0.41996344451484147, 0.2875591630481722, -0.1095115815928219, 0.3893274943328073, -0.15586975126787694, 0.30817001382055337, 0.3672454811920325, -0.13562029526851574, 0.11872536824720857, 0.5415453852979613, -0.4075960511847256, 0.1813014251648016, 0.26338919541319716, -0.27108131150181997, 0.7929391065834116, 0.04599477082788854, 0.24854427109539382, 0.2440064634760514, -0.007122698864487603, -0.015184942089847067, -0.30573093831151554, 0.6176945996905764, 0.30309890234403736, 0.5398309846306069, -0.5976378506435607, 0.47426882761036343, -0.4103808529469319, 0.12218471835006639, 0.5278587362199241, -0.5425581865662672, 0.34048588895760573, 0.10016240158041839, 0.7827514569177665, -0.5575862053066657, -0.3185686205451391, -0.22755740166292657, -0.42792982290826204, 0.4371752944285597, -0.4157843482143682, 0.5734487623896275, 0.6061648773121376, 0.4143773030394869, 0.20355706400155751, 0.9559894284398767, -0.26108678946868674, -0.027257122927788126, 0.61315231494988, 0.01874704825826584, -0.625284451899367, 0.3612521090444128, -0.2022152306229922, 0.6148864927304759, -0.39192279172388794, -0.7350230370575865, 0.5460690172585538, 0.009377193729067482, -0.0007878265540904004, 0.9181598118713318, -0.7543843235424887, -0.40469324209453256, -0.2117334917866116, -0.03946857794650821, 0.2328904290510592, 0.5369612794281532, -0.5553794264063749, -0.3123314959446365, 0.8334857765806042, 0.2779732612307068, 0.07887602110845143, 0.13280525695548973, -0.05399722925230577, -0.39879325819895856, 0.24414939113642675, -0.06857527053197696, 0.4610205921920621, -0.5274434842761226, 0.3103504319521102, -0.11425034479251053, -0.11958363600070143, -0.09798616212883435, 0.541633191616156, 0.38152048235098934, -0.5818887968766887, -0.10654627652643428, 0.19341183799903527, 0.6227613581816197, -0.21018675052843602, -0.7229843533915807, -0.5082789203723282]
622.2623291949005	(8, 12, 2)	[0.8823371063108927, -0.14988721539441677, -0.2899041812822993, -0.49195378747791985, 0.10726288062556646, 0.14582617669918177, 0.0035366019251132494, -0.0822953814367013, 0.4481490868347081, -0.460968770197749, -0.32360916930987, -0.11399537805352855, -0.3334708749779537, -0.44934057865211857, -0.328783743884693, -0.7114900408912685, 0.4294664074100778, -0.18687835647550616, -0.31992124541103495, 0.002076915854737611, -0.3109730138192404, 0.3568072305966911, -0.6661103462426026, 0.4136925802764438, 0.17867918204266706, -0.5205421735587525, 0.4057870083172536, 0.38236868628838583, -0.025057985274256008, 0.33488388770297534, -0.15399497361577513, 0.439963878981002, 0.2915045407828344, -0.12295509679694819, 0.44313614708526683, -0.14930565563977466, 0.3403467793516544, 0.35755080544396656, -0.12127184866268667, 0.12278377663584228, 0.5798191440138942, -0.4259735026334986, 0.169619069769349, 0.264686777135649, -0.23657649554314256, 0.7909286582890257, 0.21602638911804664, 0.20343852296850873, 0.23176171748177024, -0.049342368516495656, -0.016399659355200186, -0.30853592993188045, 0.6268341580255915, 0.2951592702809087, 0.6115678337397374, -0.49448443045636103, 0.4766635268633576, -0.41064708286529633, 0.1314340793681485, 0.5223296116284571, -0.5263032519801073, 0.26271080786180223, 0.1457497033391017, 0.7754882675599055, -0.5811948821929127, -0.33078979500774774, -0.22144961534734492, -0.4304729648150482, 0.45461541548482026, -0.4053540740047742, 0.5636645966333359, 0.5109564786916098, 0.42782527874871373, 0.20417667834796066, 0.9667613691502369, -0.27948200426576664, -0.03393378449110866, 0.7597175150632803, 0.021668374451204713, -0.5943787298740034, 0.3772178065700172, -0.2143185215128176, 0.6214236280267121, -0.40350355732161824, -0.7316986804858296, 0.5514936596063642, 0.042854226525626295, -0.0033116812219092825, 0.9142318020745072, -0.7544948656465578, -0.46718015271383173, -0.20142199650663412, -0.006375103188377109, 0.2402383809058087, 0.5584447497146166, -0.5208070918259257, -0.3092213847937245, 0.8410460903760153, 0.3541161756328109, 0.08493331174369678, 0.13136890294330028, -0.05632873270464893, -0.3957930921274319, 0.22134758514260935, -0.0626736118543632, 0.4376054314099522, -0.5133046698685526, 0.31380427717034637, -0.08788836877448966, -0.11902533707770022, -0.0918422181805889, 0.5446924692123705, 0.3270313565895957, -0.5729843841691384, -0.09281122102495581, 0.19826081430150486, 0.6356602585879991, -0.21067376290758313, -0.6871312912136216, -0.5137956051466988]
606.6655246688497	(8, 12, 2)	[0.8698792401203489, -0.13969286528712954, -0.29503200812366714, -0.4955658813785659, 0.11225840907194969, 0.12398186284978778, 0.048981572738498014, -0.0964810793569546, 0.4193756891078794, -0.4651798779813627, -0.3231338668376294, -0.11986647382025861, -0.3306127121428793, -0.4028768542590222, -0.33054849303626727, -0.7101882744621517, 0.42472121553704184, -0.1846516798331838, -0.33136078102579103, 0.06931889837876008, -0.2893303101509328, 0.3845691070572104, -0.6889804243514139, 0.42417132589166956, 0.17418373252527775, -0.493938883006324, 0.40265751729482036, 0.37293023805063913, -0.034124733384315056, 0.2909221385484588, -0.15618900643194436, 0.4066826748562572, 0.29103582600096506, -0.10708562533145913, 0.37568745157317185, -0.14414695258409077, 0.3007310660109758, 0.377540020172915, -0.14079761403404825, 0.11663059657728805, 0.579225621067447, -0.4173678917766014, 0.17138841191827076, 0.2634585784852321, -0.2605746549997773, 0.7886156779390666, 0.1275800508508505, 0.23894767920878, 0.19320327201312074, -0.01754957980594094, -0.011795267094292197, -0.27098672971780446, 0.6385557091618447, 0.29755271385616844, 0.5939531501619381, -0.5076342510043651, 0.4763613802977791, -0.4110761530360773, 0.12035499410827451, 0.5150770144389964, -0.5416168430311129, 0.35175925642306216, 0.0857422204280417, 0.7806852376609127, -0.5568616685066496, -0.33985865292436024, -0.22062026132940368, -0.43029562697022616, 0.4512824780965856, -0.41396910055496544, 0.5897515562808313, 0.5069517688855987, 0.4151024707937454, 0.20045726586038523, 0.9783557106683725, -0.341542518980958, -0.028000932073549162, 0.6117352865713349, 0.017340919571509992, -0.6245524887022301, 0.3979824147035838, -0.22122301559928442, 0.6341312706301353, -0.39925092857155636, -0.7353112345097867, 0.5452087058806543, 0.05104673452326753, -0.017137842225145514, 0.9128522943056361, -0.7456471133664392, -0.4228179545832689, -0.2372952978692054, -0.029998654423166557, 0.22720558319807385, 0.6182747949929732, -0.48799755745613876, -0.3123277963141952, 0.8507214291682843, 0.3587726441250613, 0.0774512870894117, 0.13280980751490704, -0.0528510709953806, -0.36863137027593623, 0.22628837630090842, -0.06079741115004698, 0.4468871460162963, -0.5288470128566688, 0.3062143062244105, -0.09534431328670298, -0.11908117700953837, -0.10269589778623128, 0.5463812165592343, 0.39317917937871305, -0.5792630301427167, -0.10741025150315785, 0.19865317152924444, 0.6226634059904222, -0.22110353224997653, -0.6740823519459724, -0.517664184703978]
873.2051204694629	(8, 12, 2)	[0.8823246586644572, -0.15057929961641206, -0.28691245219308076, -0.4901606534528644, 0.11256446081583613, 0.14652379601295518, 0.02237195591480321, -0.07613133384031871, 0.42706531480416665, -0.4500505744268041, -0.32464526902459784, -0.11688445239508947, -0.3318613572587741, -0.446920756931597, -0.332462768267463, -0.7109509146540839, 0.4284009190810577, -0.1849870996414681, -0.32981553482537557, -0.001350509633588958, -0.29909597927439013, 0.36091866972035525, -0.6815998030213231, 0.40608006101544053, 0.17891488417349213, -0.5188388174186135, 0.4053144275715223, 0.3588335377630538, -0.033626064115789604, 0.33549323284975663, -0.1550412718740399, 0.4254163171130431, 0.2918147032916398, -0.12468246366282026, 0.4282453843721329, -0.15191179441277347, 0.3159153059576768, 0.3655574845419087, -0.12014701873602966, 0.11752479305760913, 0.5748269183435614, -0.4249885504266425, 0.17007887528223475, 0.26457737609558135, -0.2494915321286991, 0.7905601050588181, 0.21403843955950197, 0.20104806715664714, 0.23354862367944176, -0.025587507386324787, -0.01648139176941351, -0.3090432798231228, 0.6179767680788779, 0.3229737088593687, 0.615684393148729, -0.40707264739027277, 0.47364454774220144, -0.42432118984641903, 0.12061031673133403, 0.5473992036046944, -0.5222157604373612, 0.3334384205387414, 0.148018227967544, 0.7742453721075219, -0.5640271584970545, -0.3231800881769806, -0.22112133258839956, -0.4284599736200536, 0.43261307548172717, -0.41830512666209274, 0.5674915447048224, 0.46932492858364033, 0.4125183131471284, 0.20335547254847397, 0.9652220767154726, -0.26725451447976123, -0.028279464523079445, 0.706637963027344, 0.02217676605829637, -0.6186255586183271, 0.3699881594132229, -0.20520779043854295, 0.6201002673372036, -0.4042258093316508, -0.7280201507969335, 0.5481869885233414, 0.008880292589231821, -0.004469376842303692, 0.8965782149649058, -0.7526696006230864, -0.45960256766580526, -0.20811497438990167, -0.04115730328454532, 0.23452719805860647, 0.5441841345014464, -0.5448846975883915, -0.3111396171303807, 0.839778429135786, 0.2672152434910007, 0.08516071165226861, 0.1311050583362554, -0.05633946340910879, -0.4164739227093749, 0.2305190837970174, -0.048660741494137176, 0.4369404739829046, -0.5136008159129481, 0.3139923850369433, -0.10339729653135753, -0.11787115250918932, -0.09461785096428099, 0.5439235382741652, 0.40433334155542255, -0.5819784991607749, -0.09599839275514223, 0.19733470600956493, 0.4064466156700454, -0.2106661430342306, -0.7036127319066331, -0.5112307941652621]
602.3547776262164	(8, 12, 2)	[0.881920241760603, -0.12622085927677812, -0.2847792506743071, -0.4188098277246593, 0.11548240079122257, 0.11707367287535725, 0.035986819857956584, -0.09383997966685435, 0.406737169079302, -0.43755778452560595, -0.3259064541356179, -0.6040934651457524, -0.3310598929728374, -0.45468491539208394, -0.33060377705815785, -0.7121837007610472, 0.42702420982012085, -0.284972154168869, -0.24998445449539244, 0.03613831496717861, -0.2923204647043094, 0.34648087503852393, -0.7083848883392674, 0.40647827592374136, 0.17458881712438826, -0.5111814645908019, 0.40455674775995615, 0.35941908154837093, -0.04588093176822671, 0.32714434289473027, -0.15754607996448117, 0.41417446935718405, 0.28563116237590586, -0.12089727951378931, 0.41342360913570775, -0.14602621694164714, 0.31867850232092165, 0.36246531052520525, -0.12628308425830273, 0.1192684855881731, 0.49763564937915694, -0.41054609436782497, 0.16939758089808293, 0.26548996444272016, -0.2627678770782235, 0.7927337932556217, 0.09992582254943205, 0.25573044949009754, 0.23157067399029352, 0.029237250229878543, -0.009941257871435438, -0.30452055947817785, 0.6238489381127109, 0.2982698193810171, 0.6204587658982952, -0.4122264494516186, 0.5168102761136026, -0.4316731545202778, 0.13743533305285388, 0.5337672522955506, -0.5358755647364726, 0.3461019911482925, 0.14015561283908176, 0.80039701483894, -0.5612259063377512, -0.32124094392031843, -0.2259061333870462, -0.42790904052753276, 0.43502352611769574, -0.4140260071410125, 0.5678298987043937, 0.4932780467525537, 0.41883910452125583, 0.19844282226324045, 1.0418404923996978, -0.2753444991557462, -0.03470277352219641, 0.6135799480216281, 0.02154011925823045, -0.6181351584905375, 0.3571047432067997, -0.20248140235968987, 0.6244120065504154, -0.39530912847013616, -0.7264043643965342, 0.5701997017680354, 0.039315863108922405, -0.014753347940898463, 0.9107187575434967, -0.7471184023396863, -0.4281861038661291, -0.20878680999345528, -0.040241404722943415, 0.234732524047699, 0.5523904073351417, -0.523999934261083, -0.31070238777646914, 0.8402264341607582, 0.29993711847822496, 0.07919236476072794, 0.1397579940203458, -0.030744231515618885, -0.38564457019367615, 0.23245463804460564, -0.041020537928077465, 0.4482844600209087, -0.5265927500733648, 0.30746244780778914, -0.09449304104812034, -0.11959184727531083, -0.12705101421775228, 0.5439192933079572, 0.427929526639054, -0.5851483399761347, -0.11078031951484588, 0.19532825635677617, 0.6202289082065601, -0.2108921984789691, -0.6574091647169001, -0.5122414378690966]
1314.4175895691935	(8, 12, 2)	[0.880506030728336, -0.1520055505652871, -0.28037013694551843, -0.49351402099641467, 0.12151288733493579, 0.13393455319346015, 0.005995619998777699, -0.08668478069450254, 0.4075225966196169, -0.48258253576008114, -0.3220762416065116, -0.11414888575985471, -0.33301550324787305, -0.4158697455256108, -0.3270718863573882, -0.713329840973618, 0.42030964504765767, -0.4214810293495328, -0.4003429374725026, 0.02385472100751118, -0.3031834633422544, 0.35316338521599644, -0.6914046295138151, 0.40795928655243224, 0.17561283141811676, -0.5244274252927793, 0.40402215133486796, 0.36767500636388883, -0.028556908228368708, 0.36191199305648, -0.15463209743429454, 0.42301589843966153, 0.2704429324420613, -0.12308845935955569, 0.36453220204733505, -0.15256646249486797, 0.3198005362946389, 0.3702056961798761, -0.1216304337317198, 0.11784088213170266, 0.5819040339891506, -0.41397779988335054, 0.1709441038426959, 0.26467410904796035, -0.2531790964831577, 0.7529149023733815, 0.17467283504517797, 0.23265504604133344, 0.22101297143204895, 0.009612298967560162, -0.014938824443907936, -0.3088947506472412, 0.6175472815212569, 0.30101973956565686, 0.5929726979172462, -0.4616882756717282, 0.4732617666186696, -0.4109631536759975, 0.12378894130686102, 0.4648364269690769, -0.5448542775749133, 0.32285092245140445, 0.130786415794663, 0.7806764067206514, -0.5571879465060755, -0.35479724500022625, -0.22064901538885198, -0.501901338781436, 0.4415081690187698, -0.4106103588453353, 0.6043562187898368, 0.5164156922777418, 0.42532187243433356, 0.20379136638017512, 0.9708860572606938, -0.3237830676954651, -0.034573536238856124, 0.8478002379626539, 0.01568460907149734, -0.6085230070302813, 0.3693255781229136, -0.14760292571925812, 0.6249689045165198, -0.4034112099818137, -0.7321014531426027, 0.542297613252582, 0.03755750150240855, -0.01781190340589068, 0.9099880655691494, -0.7424138611520533, -0.4451297393107233, -0.23773240459862274, -0.049428743348362406, 0.23823521177668214, 0.536940939757969, -0.5792189496694766, -0.314854532791802, 0.8314412589512595, 0.3441290045669051, 0.08345246203510044, 0.15852411493934948, -0.054158309881148996, -0.39630452832410407, 0.22514286146487397, -0.0456870444647149, 0.4428843221869606, -0.5093209372213947, 0.31443702980092386, -0.09483658723678655, -0.11793260730919286, -0.05356268954314239, 0.5247154500035169, 0.386177678843719, -0.577519543450698, -0.10224638452441076, 0.1946746145240669, 0.6080309469089511, -0.2075332686799295, -0.6899363716674991, -0.510088955300388]
678.36805668185	(8, 12, 2)	[0.8824226559685936, -0.12770992556827837, -0.2882655873045573, -0.4708703328944999, 0.11276543566969645, 0.13050461731499527, 0.052741172944659534, -0.0918213012115568, 0.42936272566363404, -0.46174686999445497, -0.3227973149686334, -0.2273653559845923, -0.2847663147569448, -0.43400431588853244, -0.32921134708922234, -0.7115504882680979, 0.42616526015831363, -0.21488142014716455, -0.3475047366287861, 0.013356798369175943, -0.29463280254040597, 0.3759374247004882, -0.6924089898834712, 0.4095625082799212, 0.17660468005217742, -0.5137927970308981, 0.4042549105662121, 0.3606171108633179, -0.03372319930942819, 0.30778076104145696, -0.12730160022715048, 0.4203297964912304, 0.28468426456446333, -0.1221265218073878, 0.39266904739083264, -0.15023493206997193, 0.32950936612379716, 0.3610095272672845, -0.14742926438149737, 0.11928391513326551, 0.5663168245209956, -0.42524665722905525, 0.17103094927412613, 0.2654685485725276, -0.2644490009343039, 0.7931865156809608, 0.10700274446308201, 0.2297399002250209, 0.2291844847752444, -0.013871438476898656, -0.017545426000169013, -0.27095945918339054, 0.630476182481189, 0.30469745701501844, 0.6132610640373504, -0.40903323310749906, 0.48326294610950393, -0.42084090079580777, 0.1272175512328873, 0.5128675265083362, -0.5402603755566011, 0.3373956143287673, 0.13664953185091458, 0.7897352365551841, -0.5803394564847872, -0.3372943489673927, -0.223978317127394, -0.4285739600101808, 0.4368534580686641, -0.33347730882874393, 0.580793806668585, 0.5086705032891087, 0.4193281344546612, 0.19978502463175357, 1.0358745458846026, -0.29186707064455947, -0.02755056069299136, 0.607243721742731, 0.02150433997561862, -0.6195460913192097, 0.4000031212766651, -0.2110660921062116, 0.6281634405135715, -0.40049978632537825, -0.7360792270202208, 0.571836766347654, 0.046981224742385766, 0.00038320197662139455, 0.9061524158173591, -0.7528425032317573, -0.44836842672280075, -0.21304851755648288, -0.028182274306043753, 0.23338110164596282, 0.5897043056934379, -0.5197612623810981, -0.3075581315111916, 0.8477983569550617, 0.29419219431203775, 0.07898291297857395, 0.1321690079368753, -0.03528905001935668, -0.3980629974335223, 0.23016691812829887, -0.048265658231198605, 0.44720554814397784, -0.5238761389280728, 0.3118339826061981, -0.09908318174783562, -0.11963720767200932, -0.10790066398083391, 0.5369081726509795, 0.32500135443121064, -0.5803995819572815, -0.11590245716656676, 0.1977316132411116, 0.6158942789190996, -0.2143763509162624, -0.697637377071668, -0.5150083864092814]
759.8053052877364	(8, 12, 2)	[0.8824226559685936, -0.12770992556827837, -0.2882655873045573, -0.4708703328944999, 0.11276543566969645, 0.13050461731499527, 0.052741172944659534, -0.0918213012115568, 0.42936272566363404, -0.46174686999445497, -0.3227973149686334, -0.2273653559845923, -0.2847663147569448, -0.43400431588853244, -0.32921134708922234, -0.7115504882680979, 0.42616526015831363, -0.21488142014716455, -0.3475047366287861, 0.013356798369175943, -0.29463280254040597, 0.3759374247004882, -0.6924089898834712, 0.4095625082799212, 0.17660468005217742, -0.5137927970308981, 0.4042549105662121, 0.3606171108633179, -0.03372319930942819, 0.30778076104145696, -0.12730160022715048, 0.4203297964912304, 0.28468426456446333, -0.1221265218073878, 0.39266904739083264, -0.15023493206997193, 0.32950936612379716, 0.3610095272672845, -0.14742926438149737, 0.11928391513326551, 0.5663168245209956, -0.42524665722905525, 0.17103094927412613, 0.2654685485725276, -0.2644490009343039, 0.7931865156809608, 0.10700274446308201, 0.2297399002250209, 0.2291844847752444, -0.013871438476898656, -0.017545426000169013, -0.27095945918339054, 0.630476182481189, 0.30469745701501844, 0.6132610640373504, -0.40903323310749906, 0.48326294610950393, -0.42084090079580777, 0.1272175512328873, 0.5128675265083362, -0.5402603755566011, 0.3373956143287673, 0.13664953185091458, 0.7897352365551841, -0.5803394564847872, -0.3372943489673927, -0.223978317127394, -0.4285739600101808, 0.4368534580686641, -0.33347730882874393, 0.580793806668585, 0.5086705032891087, 0.4193281344546612, 0.19978502463175357, 1.0358745458846026, -0.29186707064455947, -0.02755056069299136, 0.607243721742731, 0.02150433997561862, -0.6195460913192097, 0.4000031212766651, -0.2110660921062116, 0.6281634405135715, -0.40049978632537825, -0.7360792270202208, 0.571836766347654, 0.046981224742385766, 0.00038320197662139455, 0.9061524158173591, -0.7528425032317573, -0.44836842672280075, -0.11175536129487475, -0.028182274306043753, 0.23338110164596282, 0.5897043056934379, -0.5197612623810981, -0.3075581315111916, 0.8477983569550617, 0.29419219431203775, 0.07898291297857395, 0.1321690079368753, -0.03528905001935668, -0.3980629974335223, 0.23016691812829887, -0.048265658231198605, 0.44720554814397784, -0.5238761389280728, 0.3118339826061981, -0.09908318174783562, -0.11963720767200932, -0.10790066398083391, 0.5369081726509795, 0.32500135443121064, -0.5803995819572815, -0.11590245716656676, 0.1977316132411116, 0.6158942789190996, -0.2143763509162624, -0.697637377071668, -0.5150083864092814]
460.08430190482034	(8, 12, 2)	[0.8760012122952026, -0.15833952684616082, -0.3003160390887102, -0.4874333529291939, 0.11026334635961707, 0.1441716534388756, 0.05422985620312787, -0.08415853817509285, 0.41104679040462355, -0.4831320223420784, -0.3243156131270899, -0.09511418876010544, -0.3228560833835615, -0.411585081118453, -0.32851169685518955, -0.710524494950072, 0.42385323985196266, -0.18060923779396929, -0.29012472715367205, 0.0443271430113443, -0.2958896449981316, 0.35626226267057154, -0.7061140520077377, 0.405833329172341, 0.1764971981165911, -0.4989122307465252, 0.4039381247032694, 0.37088587851734606, -0.03467565175809254, 0.32470221910370095, -0.1525253741567511, 0.5083325079445319, 0.28264737387752076, -0.12240747762749613, 0.3797680704402442, -0.14981720351359387, 0.30902476006570806, 0.3532008396646594, -0.12045080113670682, 0.11542410713036112, 0.6543608904216058, -0.41204507315596667, 0.1724362960424858, 0.26295383355599206, -0.2485175141639856, 0.7868133365549025, 0.13953913754567512, 0.27681286243703895, 0.2316054622675141, -0.026382798121529844, -0.0112600449161661, -0.27854255062940225, 0.6250315971473573, 0.3011729280628381, 0.6041277442038667, -0.5226646791218439, 0.4854399422305192, -0.40526277918933434, 0.10604251587038395, 0.5156421242943119, -0.540402038143651, 0.33303087077951066, 0.13227157654007407, 0.7855565412264081, -0.5594068791941875, -0.4150748552369386, -0.2659503485405868, -0.4280495822154251, 0.4380754798522123, -0.4146082694409225, 0.5742216680873123, 0.486145793658213, 0.4159991049576784, 0.20114177774938513, 0.981418698453482, -0.3181903333225291, -0.02197776248381561, 0.6398482771422415, 0.02549581449668093, -0.6267135779635473, 0.4147250626567043, -0.15598861382929607, 0.6599338294405466, -0.39999065361077035, -0.7324005338042907, 0.5340603619555649, 0.03532323257259704, -0.02296201200207792, 0.8469226891554573, -0.7473693274809423, -0.41853833528520606, -0.21095831253623956, -0.021491540675008993, 0.3021482388720742, 0.551190089599563, -0.547259196583564, -0.31814756722194837, 0.8483143485478404, 0.3265783064015275, 0.08082168656124906, 0.13234681121066139, -0.04686443208105377, -0.4036568722372959, 0.23352440830084337, -0.05689871947738699, 0.43976549782441743, -0.5322470344331538, 0.3111656431851983, -0.09479543141882128, -0.12950832212620195, -0.09344204871630303, 0.5355356319417331, 0.36047252909934513, -0.5747730958823914, -0.11511310807915663, 0.19852878953440387, 0.5606580738459418, -0.19692671529290862, -0.6636429118391918, -0.5100189334056507]
1148.6077372663171	(8, 12, 2)	[0.8766430536762387, -0.14618722369297593, -0.2896785046803256, -0.4967567021725778, 0.0993356564272953, 0.1669308582951881, 0.02089056002235919, -0.07327963315554194, 0.409175497223679, -0.48199503620238765, -0.32532185728891155, -0.13596209492781608, -0.3120253680119218, -0.40764373893824873, -0.33853001354720486, -0.7117505082263662, 0.42139472720762694, -0.5494567180610279, -0.23711617789334924, 0.029821731056524258, -0.29772211679498667, 0.3541363710703242, -0.6893750839750957, 0.4073278462924343, 0.17382765423048277, -0.5076295305368494, 0.4042225183562238, 0.3942276025393511, -0.03535596406341855, 0.33157149895873445, -0.15581595276157603, 0.4487353639866908, 0.29400297441245254, -0.11295989138701736, 0.546913142226985, -0.14838412293954073, 0.30555753836018407, 0.10410589210627885, -0.1348463270880745, 0.12326936907066093, 0.5781611642795431, -0.330361987795306, 0.1730391160378259, 0.26424125547244165, -0.2657331448577374, 0.8019556063668506, 0.2014561652305826, 0.27195999284308775, 0.22755951792110676, -0.032037627481879834, -0.012141745128980547, -0.29176934453423214, 0.623600047128263, 0.3004772853878122, 0.6114856077361871, -0.5005232523473955, 0.48102925265061514, -0.41097985849713403, 0.11216950074287159, 0.5034547911467796, -0.5274539363421461, 0.3582869671804445, 0.13656223816763904, 0.7865166540805469, -0.5525028260792967, -0.3461083933687682, -0.22251403312712884, -0.4298589723749501, 0.4617118665579072, -0.41368791261159793, 0.5725230245379087, 0.5316676960931163, 0.41789520793397167, 0.20167817924743492, 0.9764228220418386, -0.31682094404907, -0.02399924207086954, 0.6263321939498997, 0.023656379472139683, -0.6279627553910538, 0.44101322930787973, -0.21320976840036943, 0.6342749438145828, -0.39882705523290174, -0.732877990018517, 0.5551357487957426, 0.03718295288423087, -0.0185720538009119, 0.8144624975625856, -0.7442000360522504, -0.4323031143651096, -0.19814819911763387, -0.03224916937407271, 0.22996740780189368, 0.5723223670393529, -0.5157002081790588, -0.3136399287180403, 0.844867107521396, 0.29287600587616475, 0.0847133900563284, 0.15846472186403185, -0.036487636217700466, -0.3883390318089923, 0.22382078944827688, -0.05812047085842687, 0.43970283419250034, -0.5129424527491998, 0.3150491021919995, -0.0979211594189327, -0.11852778388792068, -0.10819635420798786, 0.5340701480352276, 0.37675526962383543, -0.5879948500745985, -0.10994682143483704, 0.20932431122991807, 0.5303113343012135, -0.19062308771938916, -0.6685371555204727, -0.5079187944964477]
757.460934098842	(8, 12, 2)	[0.8909123402616681, -0.1475093415613601, -0.2820794293731947, -0.4980008037188641, 0.10529451366984025, 0.11142342828539892, 0.021380410590333, -0.07217034048152254, 0.4090291919479517, -0.5114166746655947, -0.3252905575437701, -0.1232330332117991, -0.3116095272694324, -0.4193508774900926, -0.3342371033249751, -0.7119019611421831, 0.42135679833939016, -0.5609415730047204, -0.3295530390587712, 0.03776008963917711, -0.293506310791389, 0.3540782725349518, -0.7092953169893639, 0.4023501439240293, 0.1732837200002952, -0.5151508802901902, 0.4023543821255411, 0.37608445639163335, -0.030443787822346132, 0.33350013131503786, -0.17319179338293902, 0.44861865190079786, 0.29486957279678594, -0.11850218073521875, 0.348564518259027, -0.14892868874505477, 0.3133723589675779, 0.2746999004575171, -0.15696769385925818, 0.10401763598858565, 0.5959805317630861, -0.3431938541303047, 0.17203464126067594, 0.2643772550031317, -0.2676822749989256, 0.793180439343936, 0.19395819716150392, 0.27005346282269693, 0.2275625461832029, -0.02410822394799181, -0.01154466548755585, -0.31010990128527965, 0.6218489661140484, 0.3042703317121757, 0.648201254598273, -0.4936295617699305, 0.4790048878870341, -0.41150908549325843, 0.11488535421396992, 0.4872706559966338, -0.5338135824129155, 0.3447761212713782, 0.13645999044945797, 0.7866315485013935, -0.5520277846350745, -0.3850719186513583, -0.21951398800993724, -0.4344893438637994, 0.47192214275722805, -0.47836998133176484, 0.5858056838805162, 0.49825019747752497, 0.41878870543169666, 0.20152933805185497, 0.9690890910374319, -0.2968340851215056, -0.030166290791321198, 0.622889083089616, 0.024428436012372177, -0.6271212453650716, 0.40282344193570085, -0.202244436644001, 0.6371679879304389, -0.3963183710977009, -0.7313871193743561, 0.5369977774998625, 0.04295163522702259, -0.018570415890671436, 0.8047809943700649, -0.7506278813558127, -0.4338703000712011, -0.20789522348848685, -0.03115228733244726, 0.2344690187396653, 0.5747478096432104, -0.5146695385046212, -0.313801023721067, 0.84527548554639, 0.4162837046696811, 0.08279657428327886, 0.15981227078444235, -0.04230948236512251, -0.3847602834219726, 0.22261644279839654, -0.05640299133956411, 0.44112965935783416, -0.513283318987361, 0.31486755963843993, -0.09818852592294858, -0.11851921287321264, -0.1014427358502176, 0.5431320047642352, 0.3772900318174481, -0.5810574227810754, -0.1028860166909952, 0.20844504161155514, 0.6210444715049819, -0.21040151737688417, -0.718960300510848, -0.5084506134054557]
836.46384611694	(8, 12, 2)	[0.8811905358258112, -0.14034358802380387, -0.2825037697386344, -0.48854780674990494, 0.11440361140516607, 0.12762663430015575, 0.0410063934651807, -0.0844319229279429, 0.4144781432053245, -0.44410561596449843, -0.32421609864108886, -0.18752858337329487, -0.3235173250560776, -0.43403592206447805, -0.3295483278023424, -0.7127297087034307, 0.42661126182082537, -0.18443225542389344, -0.3411497691743397, 0.025971774627103074, -0.29647884446529277, 0.36142544039372587, -0.6769520951108302, 0.41149644428108956, 0.17663910691842033, -0.4961281865199544, 0.4082062785964541, 0.35938224594172075, -0.02664609009957911, 0.3260222913882747, -0.15030191367665074, 0.4474729360500919, 0.3160397303238923, -0.12086496667544304, 0.37548789075042416, -0.15484235951680414, 0.3093024691208698, 0.2714290488869755, -0.13211152989678251, 0.10998203251388572, 0.6249146251097869, -0.44771771927462733, 0.17260451570310467, 0.26408648399239937, -0.23642244842154508, 0.7857289391691918, 0.14700425710483275, 0.22930126143937618, 0.2311626479188274, 0.0023390002175835796, -0.01568402105817146, -0.2861603409212372, 0.6198853122908865, 0.3274333960874346, 0.6053721543825101, -0.42974879020402523, 0.4836073206419088, -0.4167503808621895, 0.12274138797363594, 0.5218916297042555, -0.5325414486051073, 0.3047408738914316, 0.10043290129298345, 0.7798822333890884, -0.5600138262240568, -0.33064901376437406, -0.2243631309451896, -0.4381842285113911, 0.43648571838478967, -0.35623360868481446, 0.586752909200861, 0.5132655818491301, 0.4163862175452712, 0.20138411678818563, 0.9713592088640304, -0.39722277272552015, -0.02819549072112818, 0.6436715626024734, -0.154419095467024, -0.6236332367009494, 0.3669826355161065, -0.20725371684344793, 0.6171281488659193, -0.4000266056254424, -0.7360149424040837, 0.5633295046255008, 0.04067320613485062, 0.032119148927964795, 0.910128121877035, -0.7470140734813954, -0.43621946459180566, -0.2603103391657707, -0.029792202135559442, 0.23927169236939136, 0.558506886022992, -0.5288159321143157, -0.42359893006798505, 0.8447638590039817, 0.3098655445338719, 0.08014758999845192, 0.10975368627398845, -0.05526180418328084, -0.4051836751543869, 0.22904453172115075, -0.04836204615915659, 0.44919308730310925, -0.5301904901713091, 0.30933132383428474, -0.10875709666743089, -0.12347907327494122, -0.10671117066241259, 0.5275359712291314, 0.3743846290821914, -0.5818880696359553, -0.11310254282851628, 0.1977553364290058, 0.6218934731828257, -0.2157351741110403, -0.6885353442295481, -0.5122566956632814]
788.5922002477994	(8, 12, 2)	[0.8822480735656109, -0.13791743178556481, -0.29228223564773304, -0.4817437129790412, 0.10561699519252347, 0.14599745054632285, 0.029608252498965613, -0.0916433838449832, 0.4065205527717364, -0.518636456476689, -0.31990749286567177, -0.12402660338491626, -0.32464548937842613, -0.4171673262788177, -0.3320751476377528, -0.7093636936586383, 0.4250388102984837, -0.4962639620613183, -0.3208986084346939, 0.02896443657859797, -0.3017497686961297, 0.35252602467121674, -0.7418390036150286, 0.4002695260985175, 0.17755301876786642, -0.5049125594841605, 0.4044658158861015, 0.37538294408758516, -0.026665916420801006, 0.31820585598777995, -0.11541827292129289, 0.3861094298908385, 0.29140194711325995, -0.11800784306290657, 0.41261303438385427, -0.14842363922925875, 0.32407873412456606, 0.3083237789093229, -0.07691152014618259, 0.1142299085402124, 0.5865264835398144, -0.4100342790671136, 0.17254202256659198, 0.26431361545204024, -0.24912460828123037, 0.7887368922642193, 0.17055514896306154, 0.2657224089945395, 0.23264955981154042, -0.008447427526415939, -0.014640173672238108, -0.28920303264457226, 0.6302438230241079, 0.3025968270634471, 0.6177372162885939, -0.49078374031303895, 0.4821873693222753, -0.4178990535512566, 0.11486107264790178, 0.5091326563974563, -0.5321377217924257, 0.33854524373293343, 0.17998739364369398, 0.7876567382393489, -0.5663244048073698, -0.3625460865882623, -0.2173881734941735, -0.42886992170742294, 0.47798654934514906, -0.3935611686900638, 0.5853346895367526, 0.5116860304054203, 0.4205482043625275, 0.2016861907953531, 0.9905865106685772, -0.322819760708946, -0.028328838836460254, 0.562730071590958, 0.028194068739661664, -0.6286159490253106, 0.419823281168781, -0.20371844696690355, 0.6432331989258976, -0.3962455154255666, -0.7256537331369937, 0.5424149768841049, 0.0421209136135714, -0.01744601181089037, 0.8730922503662178, -0.7485195722506908, -0.4446185745076601, -0.20771893545844552, -0.02134927523040761, 0.2454967380157848, 0.5741973046352359, -0.5635872926330114, -0.31189214088719275, 0.8460887017309795, 0.2955526588589336, 0.08018649371011213, 0.1327137439059476, -0.04212674710540732, -0.3947653180623891, 0.22737289231055452, -0.04876542306375148, 0.4251954105120848, -0.5236930194046051, 0.3132053464916106, -0.10315863551331607, -0.11953573468934968, -0.10111161178491246, 0.5466084934433081, 0.34679842683236717, -0.5807594627946816, -0.10603661406833846, 0.20396592391340684, 0.5546372081018051, -0.1763617139894164, -0.7044284633405222, -0.5098367647199845]
1033.0009794430398	(8, 12, 2)	[0.8807615000927758, -0.14474754379410312, -0.2942555889093157, -0.47752482122955414, 0.110031164840366, 0.1256031132888263, 0.06135892210347288, -0.08428303489065143, 0.41494977348630235, -0.5134425894625553, -0.31545020290303094, -0.15626349524558894, -0.3274688878303711, -0.6173464286176699, -0.32968034821754694, -0.7048000709536275, 0.42409797220353934, -0.2130867487514448, -0.3059382798722287, 0.034645389095966546, -0.29771352834638753, 0.36063657746003475, -0.9149000291294552, 0.4130290264152006, 0.17559472012240995, -0.5115449551707808, 0.4079467964785535, 0.3592216772631129, -0.030938451517303563, 0.3243351525429245, -0.1364653059919155, 0.4437892422433033, 0.2823215995244307, -0.11651528074683282, 0.39227262585423034, -0.15554098429051486, 0.30603211688749216, 0.33947270734993806, -0.12963941368686455, 0.11171243806741663, 0.6314056831721618, -0.41811883686385704, 0.17211502012412191, 0.2640810654347198, -0.2385299343820575, 0.7362466584718949, 0.13528167546967917, 0.2142088246314866, 0.22923574071451724, -0.0012034168481817355, -0.012990582660996772, -0.28201239130967404, 0.6209753289441358, 0.3077290582061702, 0.6037508554057571, -0.4522808562881521, 0.48273139540549115, -0.41771683793163655, 0.12321484870674948, 0.5363995579233118, -0.5366300940902762, 0.33204205254936914, 0.12580725205885837, 0.7809986097240885, -0.5686869097914489, -0.3374658522410549, -0.23093917034527248, -0.4410281555417245, 0.43247730267331275, -0.39263265449175894, 0.5874396301668197, 0.547181855530109, 0.3663915199214528, 0.20225984550277631, 0.9637621032595773, -0.3630098776487197, -0.055507393439353715, 0.6357191445220423, -0.04000657962228567, -0.625539530754294, 0.4132054750148771, -0.1829803606120964, 0.638455742282574, -0.4001965910871273, -0.7268037458445527, 0.5633623317314836, 0.041092968070813696, 0.02259139050100789, 0.9135859001599478, -0.7110241575647409, -0.43161978111231186, -0.16093282606247142, -0.029827001179792412, 0.2410449874672922, 0.5754278419422171, -0.5140787159118702, -0.3864540717405117, 0.8549419404519586, 0.3095046070079999, 0.07995649227303178, 0.12874146391541155, -0.03644814697008685, -0.4089914402992874, 0.23188270117868684, -0.09462490430171983, 0.4845932399707895, -0.5235062117985861, 0.31134281265443203, -0.10308411879583382, -0.11970530965280222, -0.10399505488474255, 0.5313838625228845, 0.3747223711776896, -0.582387109060307, -0.11368590616665726, 0.1951083431044166, 0.6135371231652154, -0.19718111298178695, -0.7189324584742371, -0.5124852015133832]
896.5970903817253	(8, 12, 2)	[0.8760012681515161, -0.1444896480306625, -0.2922705354224445, -0.4738031611178053, 0.1100765021675516, 0.13332545568056695, 0.09565038381028398, -0.08369813030775104, 0.41849995128400785, -0.5046566091549166, -0.32773140347703583, -0.15763921007235399, -0.32773208709805346, -0.5538973800064693, -0.3296440218676153, -0.7059269384469788, 0.42379593930894577, -0.22831598543724735, -0.3054411498868747, 0.023895136917448552, -0.298994985506667, 0.3997360922284026, -0.866352327802812, 0.408511605255309, 0.17664238303713167, -0.5182659042347938, 0.40586516197429556, 0.38613627348716195, -0.030850193113426322, 0.32172325971221627, -0.12943166588824617, 0.4473480581017781, 0.2952106450068044, -0.11886058728302588, 0.40252540522498476, -0.15191231631745633, 0.3067367587708913, 0.3483043266926502, -0.14759398546502767, 0.11122221553873422, 0.6310392158447949, -0.40488932868476557, 0.1721200511984309, 0.26387883947760343, -0.23947343391763304, 0.7573252676411641, 0.13555413787695397, 0.21935540988801625, 0.22950899270597966, -0.009252592405903839, -0.01460631634345732, -0.2839732121257739, 0.6248948638539791, 0.3071507028181307, 0.6218619535394305, -0.46866909156696246, 0.48234233401257476, -0.4142493315390115, 0.1262016620266297, 0.5341552157081102, -0.53460393055663, 0.2939428079372764, 0.1825256564285641, 0.7855147013491516, -0.5706834903659397, -0.33851935721916154, -0.22582956890557654, -0.43796146442794476, 0.42630989509054174, -0.3741972707698055, 0.5779217463571766, 0.5290488987430851, 0.41296816124017793, 0.20187092384189737, 0.9728141870976086, -0.36504501070436407, -0.05903526301469998, 0.6356252156905201, -0.0025967255636163145, -0.6208409383376514, 0.3631845730775553, -0.18747326369183887, 0.6376752216569358, -0.40021157671230906, -0.7281992084905942, 0.5555019495572319, 0.0378624488014981, 0.016979177183806073, 0.9112148854566038, -0.7261317655910717, -0.43114033487475495, -0.1782193931116617, -0.0299507540926479, 0.22813994048223338, 0.5720130613758894, -0.2529175523881019, -0.3907464093307199, 0.843748740314437, 0.30963709186286825, 0.08288842437906402, 0.1270908300347788, -0.04485581096940936, -0.40189061792453085, 0.2233596816467275, -0.09213216373619987, 0.4679972162508822, -0.4290610658357889, 0.3095541126076252, -0.10424633067496687, -0.11796973507344395, -0.10405826105188559, 0.5305832196087233, 0.3740487470454453, -0.5812323583066992, -0.15083159245492855, 0.20015228587941072, 0.612285710406056, -0.2123763914324972, -0.7306777018844682, -0.5185984586603515]
1620.3387093962494	(8, 12, 2)	[0.8817032319669824, -0.14560348628066136, -0.29041757628706777, -0.4665688219118294, 0.10824483787028222, 0.12515982606605672, 0.04965127801398768, -0.0841185596911094, 0.4175191650012405, -0.47781272587846774, -0.30066774365183224, -0.16004244500368583, -0.32628022981094945, -0.47977805545989083, -0.3300357794905437, -0.709337168955026, 0.44216303825105485, -0.20710195357836797, -0.321177233012202, 0.02860842267874894, -0.2927620944039082, 0.35922625504458006, -0.8292019011619574, 0.40939175666925975, 0.17536763228581262, -0.5065006038997197, 0.4129349268805936, 0.36486811851260953, -0.028684653426809224, 0.32357303234330614, -0.12390481964287797, 0.44011201172712255, 0.3165984287585563, -0.11536987696136351, 0.4054630396289491, -0.15380904419522903, 0.3053740088106673, 0.2912728691562409, -0.12328957225519332, 0.1128246531288738, 0.6372462244236348, -0.42610185228878916, 0.172152481582241, 0.3153348367655589, -0.2604727041837685, 0.7855916902948307, 0.1514446607260039, 0.2455408579498818, 0.22801799068606762, -0.02959573755480964, -0.012860766841112092, -0.2829125894292661, 0.6215889945141952, 0.3003941105865712, 0.6267280838267685, -0.4997594694183145, 0.4797031301396644, -0.4177223863883294, 0.09353645015975266, 0.5238638511603729, -0.5368140635536744, 0.3343733342794162, 0.12597181363380547, 0.7810029755469198, -0.5730009318655124, -0.3464907940892257, -0.23893303403903626, -0.4359666026952784, 0.4467477935298361, -0.4088282378029508, 0.35802035213556277, 0.5221526906052617, 0.5992002604928854, 0.20051031997443597, 0.9687434145433459, -0.32682195072599973, -0.034214694015629404, 0.6316277872733793, -0.010266074099860426, -0.619813683336331, 0.37515775544969504, -0.184610362097524, 0.6359283667859283, -0.4003205430881229, -0.7318057713035806, 0.5586973458451044, 0.040333315220850575, 0.0015435944357604526, 0.9187277122576063, -0.7245477846273345, -0.4372040732537751, -0.14341282971743022, -0.029280197321540313, 0.23893027020218252, 0.5646240699765289, -0.5265466516296172, -0.37605585614164455, 0.8501559784861967, 0.2987969894896172, 0.08208663653844844, 0.12747367167207982, -0.03517045698482422, -0.4107571063478698, 0.23217961994968028, -0.04910687470218742, 0.48154647220404595, -0.52533239004806, 0.3098726756385175, -0.09710196411721846, -0.1209214700237161, -0.10263550430699857, 0.5327355940911677, 0.37308309899405645, -0.5793992125632694, -0.10850426624381201, 0.202743098736632, 0.6111860966110634, -0.20661581264980594, -0.672472426164997, -0.5112134414643708]
798.2824749708303	(8, 12, 2)	[0.8762173376112015, -0.14564049379592076, -0.2919123523747302, -0.489657678705033, 0.11724866521644721, 0.12410307935333945, 0.04115355087385143, -0.08909678953174834, 0.38466101229174493, -0.48804645259284424, -0.3200047769666452, -0.1757583909690957, -0.3166334863539276, -0.4762567112000523, -0.328277402809456, -0.7111465957156572, 0.42782382511690453, -0.570278314569445, -0.32734274509814426, 0.034192092749750456, -0.29623171855439107, 0.3623599063469703, -0.6939991425808033, 0.4097113844905204, 0.17541021831639625, -0.5099778345933635, 0.40689243728185515, 0.3674132006389019, -0.028105947762701942, 0.32495193197730105, -0.21301221749040494, 0.46730072201692374, 0.296230218747293, -0.12362434599099759, 0.43644692827738896, -0.15057182710991485, 0.32452085985054996, 0.25689986027313766, -0.1220076344029976, 0.1135292996116634, 0.6328947545727507, -0.41288588281659494, 0.1726714227208147, 0.26469900930006196, -0.25582537905651753, 0.7902704155723718, 0.16999483505325924, 0.28755427891409346, 0.22818167786497087, -0.03255644020174912, -0.014071234246054283, -0.2895307893148432, 0.6213415549502915, 0.30556873084698205, 0.6325819991626765, -0.4923365067485365, 0.4828923704222224, -0.4170787382062615, 0.09505370723491925, 0.47633242174228496, -0.5368598629505313, 0.3412250159983894, 0.1461706838195007, 0.7858819567209592, -0.5698053006216042, -0.3447442150194178, -0.22346181066750243, -0.42946516250051253, 0.44049843239908487, -0.40309655006388984, 0.583685248287966, 0.5575277831361956, 0.3363108745016452, 0.20223131484988166, 0.9868314740055489, -0.3733053239601778, -0.03292887827333769, 0.61768632667658, 0.02748828504567445, -0.6242054491636049, 0.37143287515721723, -0.2004437249712313, 0.6530054829767767, -0.3972032129213678, -0.7533995901581767, 0.5467976259380385, 0.04287087761987038, 0.055065487929603654, 0.885828651054516, -0.742799723865531, -0.4302089109584318, -0.18487843393831974, -0.03173158872201099, 0.23821628949617835, 0.5731574361463374, -0.5266559133977216, -0.3496049647692615, 0.8483034156981842, 0.3216587127857713, 0.09053870215862034, 0.1358916597598432, -0.048563917947739885, -0.39860480851388286, 0.22905500813766308, -0.05350010913380105, 0.45648921367845663, -0.6419037553555693, 0.31243528196120646, -0.10196666278540582, -0.2937159500267009, -0.10680752525041565, 0.5346774122011066, 0.4403475545420348, -0.5821516257140603, -0.10667883948440379, 0.1952382734257258, 0.6099033564278372, -0.2093538086635753, -0.7148545952656616, -0.5098301348723155]
1251.6638457198135	(8, 12, 2)	[0.8770316138893682, -0.13877236468615478, -0.2959064525342885, -0.49457419860618146, 0.10558819176158865, 0.1454206662554739, 0.056017521513850865, -0.08432745386251336, 0.4078770817121458, -0.4701657949883395, -0.32075320333004276, -0.1423365960316123, -0.3207477042837664, -0.4298630266419428, -0.32867087456569755, -0.7082378698874352, 0.38537704989363775, -0.34108896709718245, -0.2877473783213143, 0.027474134753013895, -0.29764522627031637, 0.357929135444873, -0.78567359408334, 0.4071923503663402, 0.17684661162009382, -0.5063774711410907, 0.40244454090073795, 0.37850088328393783, -0.05070107128706738, 0.32362681910291324, -0.0972289899096164, 0.4643011032388762, 0.39074460966872415, -0.11806927722063576, 0.3988900801707549, -0.15023007666748564, 0.31229099318052805, 0.2717072241536431, -0.13890914732138615, 0.11448397692395731, 0.6249831619507749, -0.4250429853991701, 0.17233844465006412, 0.2640516807995521, -0.2515370111986606, 0.7888494181868906, 0.09703360749766667, 0.26027640229294724, 0.22653831451077663, -0.07195442455313589, -0.01515612233852372, -0.28680254981615444, 0.6280741464157836, 0.3038740973028457, 0.6159765936817034, -0.4741649146645922, 0.4853288733225823, -0.4098973164753376, 0.11877174390390859, 0.5292090261200404, -0.5517820039402783, 0.3485524581344917, 0.11586730084790413, 0.7884948382966752, -0.5500569785097497, -0.35572423846978185, -0.22102553242041298, -0.41909811794773044, 0.4377243394302104, -0.38848167498380065, 0.5851309404653794, 0.5343820008197411, 0.4132269427087746, 0.2024161169858228, 0.9892979476873773, -0.3099280344436598, -0.028352327542868764, 0.6279953915784182, -0.04439265182129104, -0.6285836309871905, 0.3554386534147183, -0.19539386705188053, 0.6427287605110956, -0.3988182584232933, -0.7311959652276238, 0.5454655564379532, 0.04334879192101877, -0.009397984349594624, 0.8904260984435698, -0.7278153667165644, -0.432917838513777, -0.19906513351331642, -0.03202640270280352, 0.24274036655393413, 0.5659150456389607, -0.5035786035625693, -0.33091750900042877, 0.8450359055922373, 0.2985782790967564, 0.08158231586776347, 0.1323865308521041, -0.04949077562882226, -0.4003384704497661, 0.23156274983498248, -0.060268598960930675, 0.44655755803011377, -0.5314591272989792, 0.3104940434811706, -0.08277943042406048, -0.17386363020823742, -0.10519510734708795, 0.5412872919908236, 0.3526804698681301, -0.586398200231724, -0.10803262411017735, 0.2071524072308456, 0.5606248709111922, -0.19799721758621616, -0.689712606812391, -0.5127521785234948]
700.7647342923287	(8, 12, 2)	[0.8821470545981522, -0.13484246248974283, -0.28736786867052877, -0.48145877092506656, 0.10522522867139755, 0.1328820658865699, 0.03364611429115874, -0.08610724888149598, 0.3879360611334451, -0.4976273155881309, -0.31434504191183466, -0.15368756924026092, -0.32063115382041074, -0.4317008100741515, -0.32986917439091384, -0.7110313387256085, 0.4311969356867646, -0.25970858586701273, -0.32066529565190843, 0.028328938363717273, -0.29569667986733994, 0.3580892458307967, -0.7117986286343966, 0.4074001321459922, 0.1747405402116744, -0.5041468503090099, 0.41276192958859265, 0.3713311512030826, -0.02846281923049737, 0.32525821890932666, -0.16749871906520936, 0.4646401699630448, 0.3160651102429503, -0.11528660644158699, 0.3673736932625487, -0.14952338763548634, 0.3215976231748406, 0.16626798332116857, -0.12319817643079521, 0.11713838942586623, 0.62344153697645, -0.33177904603329134, 0.12102934799763088, 0.25623792615432445, -0.2522188904818754, 0.783915113848808, 0.16068269976493738, 0.23837510173959006, 0.23131624841025, -0.022804401706900956, -0.016631461597107405, -0.29478243538883797, 0.6219945617184255, 0.3006411997725317, 0.6158718230041813, -0.49315025872570756, 0.4817323442779876, -0.41532396950407124, 0.11405838346992853, 0.5025020407586658, -0.5417359681378431, 0.3419579929733112, 0.10843841029231488, 0.7845397528329728, -0.5700546443078356, -0.3461508940092113, -0.23929386341652378, -0.43674931888787094, 0.4432054914965064, -0.39083217909378243, 0.5620129260023137, 0.5196930535765065, 0.5246412719449257, 0.20153922093194743, 0.9804625770895132, -0.3298714317112681, -0.0072197381163311425, 0.630948264955738, 0.01336694306302134, -0.6230939597060768, 0.43483925510345556, -0.20285908993701174, 0.6384506288615934, -0.39378270621702643, -0.7263992652524185, 0.5579948789623534, 0.03540839898682289, -0.0034089289165171663, 0.8499203993326067, -0.731083107435464, -0.437152002792799, -0.2077421743077167, -0.031205096341787596, 0.24191417864010523, 0.5630771398035593, -0.5271787809674521, -0.3260638873951055, 0.8492163614774026, 0.2981250200995456, 0.08156209408069845, 0.1225701168418875, -0.048847952305252205, -0.41064443685891044, 0.22986026684871755, -0.10189372250060695, 0.4399014945107942, -0.3839321851229488, 0.3087048987263629, -0.0944912817032953, -0.2748918629165628, -0.100910294664946, 0.5380505011528012, 0.36911424879833704, -0.5814758079435052, -0.09452511973241925, 0.20966281513671173, 0.5904869875582942, -0.19603011873991624, -0.6897418003617745, -0.5115660243694453]
979.594662761462	(8, 12, 2)	[0.8744665761739168, -0.13918388395912662, -0.29727077333403573, -0.48854670574893433, 0.10484002931548915, 0.14034177800206646, 0.04630334005786074, -0.0849029058865465, 0.40937660638184525, -0.4768568636778865, -0.32103393721914275, -0.14805692365714979, -0.32127284624167574, -0.5274316893301938, -0.3287605350164969, -0.7168292877894381, 0.40313187985251586, -0.35835710485001937, -0.28189121699507785, 0.02590337090338887, -0.2994648176474527, 0.37807375391649006, -0.7624690815655566, 0.40708763283190624, 0.1765915371241292, -0.5094038030564512, 0.40280076209150956, 0.3787415358685313, -0.05353941350491042, 0.3213534665797017, -0.12323942810442264, 0.46427755298821066, 0.3562080449304938, -0.11755190769325313, 0.3850903747140517, -0.15039736538688275, 0.31568347474799086, 0.5222626060766137, -0.13364689718607234, 0.11237083797362918, 0.6653519883774679, -0.4103087885498321, 0.1659040963886255, 0.27431368837214043, -0.25090402086842994, 0.7773347210862116, 0.13052041219195096, 0.2570762049646383, 0.22806034540044592, -0.08063702915509852, -0.014059625614206595, -0.29504398734611287, 0.6249722464279801, 0.3074192655914723, 0.6150638023207438, -0.4727120085939643, 0.48650868582914586, -0.41306366699214697, 0.11876407606196908, 0.49991794919549815, -0.546407426681803, 0.3442467919738437, 0.15675338010134252, 0.7856509739267361, -0.5576635557263848, -0.35019023994812537, -0.2180986100713463, -0.41725800822529524, 0.4378480975790595, -0.39053807503450977, 0.5857621029222709, 0.5357335683045807, 0.4095233447963714, 0.2020623434311018, 0.9831054361150087, -0.3296248500053625, -0.05816592076747101, 0.6260018434051928, -0.03125710455464715, -0.6274739341083319, 0.355150310269038, -0.19800797775435172, 0.6420623308284584, -0.3995758061195979, -0.7308555593428182, 0.5501098686665861, 0.03976135383568558, 0.005115758283548755, 0.910510139820321, -0.7344568510506665, -0.43748584834199805, -0.19813698153337925, -0.030735962419863018, 0.24531256180228841, 0.563854281737999, -0.5067081961199525, -0.3434642563575996, 0.8450772751619221, 0.2977674790500947, 0.08132983014738196, 0.13358956764349603, -0.07390877512958524, -0.3918697387673365, 0.22730395588250712, -0.07454336030363216, 0.44669463845659235, -0.4689271776283526, 0.30938768345233986, -0.09988684960047892, -0.13885260682782757, -0.10367970691226779, 0.5335614610948886, 0.35950834308814694, -0.5855810141669792, -0.11984018186128546, 0.20386111184986194, 0.6234735976833135, -0.20122775450872785, -0.7121751661401607, -0.5117568157095129]
778.9619416767462	(8, 12, 2)	[0.8796653400363135, -0.15211010158135344, -0.3153272775890172, -0.47007676670555776, 0.10760511863609096, 0.14355934400246637, 0.057508841511691264, -0.08445913078231947, 0.3919614480229933, -0.4529458994117611, -0.32223468423150325, -0.14456590926577123, -0.3249763252088522, -0.4735848279264042, -0.3296967625815152, -0.7115249414551005, 0.42386257728992266, -0.2165505067245688, -0.30817883334989843, 0.02850089571421509, -0.296373510871229, 0.37486133624736867, -0.7541029950916481, 0.41060199432112443, 0.17634992991436432, -0.5065298134503828, 0.4122414995840188, 0.3664548341622951, -0.025972762823681654, 0.3238775672698679, -0.16195991386969327, 0.4469902101930555, 0.31365742854589856, -0.10484240230583539, 0.3933880809693242, -0.1524746072496174, 0.30350336456242694, 0.28943239897725415, -0.12770093729754886, 0.1178973585669076, 0.6585660634394672, -0.42369159145987056, 0.11285349460456728, 0.3050898721758597, -0.28554517914422284, 0.7769769644752589, 0.14739224909993343, 0.23429738747270437, 0.22808371954950163, -0.02939878214779416, -0.015052808637356679, -0.2876413286815201, 0.6199421568107104, 0.307893111999923, 0.6117758589200765, -0.5110684821208124, 0.48223967056958134, -0.41681520777075765, 0.10329339919741327, 0.5156431368098475, -0.5383454461749879, 0.3174659387050222, 0.14169817844443225, 0.7854486456848131, -0.5604977239592612, -0.3503069486704677, -0.22604720844828374, -0.42516417380508853, 0.4406846918579194, -0.3928138524586788, 0.5353130319442359, 0.5261185728663895, 0.4228686969854806, 0.2016830245560973, 0.9761743466437224, -0.31745695410198166, -0.014507219957230644, 0.6129373893492478, -0.012327641151597485, -0.620436410287054, 0.35864322094696305, -0.20390643006888784, 0.6343190770434249, -0.4000213556826875, -0.7332464084465918, 0.5483198098770663, -0.19016342982462206, -0.025526353326394732, 0.9094815526035561, -0.7301004787682164, -0.4363399459079351, -0.1996612890789617, -0.031252981777186384, 0.23680686942126933, 0.5619311355739411, -0.6515601062891913, -0.30051465739035255, 0.8462167446931685, 0.3184507873302985, 0.08053322911982867, 0.13010231804271596, -0.04933076145387504, -0.40603877512587655, 0.2321895701952169, -0.05751173415776835, 0.45082009349469737, -0.5390155441204981, 0.3096211404089254, -0.09964614604724331, -0.15675418290696655, -0.10391380737225778, 0.5329923194661351, 0.3866611952104806, -0.5819217656416835, -0.10773041979603486, 0.20604187852960698, 0.5871827902319073, -0.19472418016846266, -0.7139006871172534, -0.5386407233828782]
1021.3773886234868	(8, 12, 2)	[0.8833391495069973, -0.1417498292491433, -0.284668609094247, -0.4480131430460427, 0.10931821125568754, 0.13203364882979762, 0.045160523280536866, -0.08302954357338531, 0.39829772077463715, -0.5103633443609523, -0.3173230658742375, -0.14592619164166706, -0.32144544259225966, -0.43383928784746556, -0.3297207285131221, -0.7095025572855113, 0.4165333027304176, -0.47118122673221524, -0.3268999890776186, 0.030660448865860186, -0.2968230560952492, 0.32342956025285363, -0.7746997906223091, 0.40898459287384387, 0.18062057744290044, -0.5080840032788337, 0.40887425357413676, 0.36587595380945687, 0.007465003539616308, 0.32129080403839205, -0.17001039831380257, 0.4640947462576046, 0.3119094058223416, -0.11749399378491236, 0.401593539459657, -0.1502996253067082, 0.3069561048736459, 0.24966279732772886, -0.13185435121409272, 0.12216950101074063, 0.6197622458549304, -0.35706832394535803, 0.1545304237786336, 0.28769834499256236, -0.26347031493555617, 0.7822684080920397, 0.18788379211943756, 0.23696196976387068, 0.22842261386953977, -0.025162153099802548, -0.019502215627680352, -0.2868935434704562, 0.6222752686234304, 0.31215718978052304, 0.6175901038539686, -0.48776546066236454, 0.4824892997212058, -0.41898454191282786, 0.10752142327254836, 0.5089548783614734, -0.593604723387607, 0.33921850707358703, 0.16581172263660102, 0.7788349564363445, -0.5539311473156913, -0.3456821198793501, -0.24308520688488394, -0.4271620803943217, 0.4488846859893611, -0.3869863405571226, 0.5236526443276944, 0.5138485771916316, 0.43965317391223996, 0.20184598556045305, 0.9717449364126242, -0.358859679212424, -0.13297929570950617, 0.6408423592279995, 0.010727066258601177, -0.5632314600318695, 0.4635062341509021, -0.13444356961165999, 0.6389524154361768, -0.39726173038335955, -0.7359419196850622, 0.5521216302864724, 0.03451347639526268, -0.003588365270387625, 0.8704049614117978, -0.758754461539972, -0.43517110265086706, -0.2139132786649617, -0.031646334347790725, 0.24244052615862846, 0.5746909703553291, -0.5317865760534896, -0.3027704030580729, 0.846492868463362, 0.30188410339518257, 0.08133472919546621, 0.12690741434279057, -0.05040604058090424, -0.4019507871456251, 0.23129523700820429, -0.07141376954821833, 0.43186700128867256, -0.5102811543033727, 0.3105162141905751, -0.09483787026816583, -0.2122000983900852, -0.10114984689243772, 0.5342724284183558, 0.3954581833905268, -0.5817769282564984, -0.10434126672600086, 0.20552662957574536, 0.5852114071031798, -0.19133893129935864, -0.6858078739528818, -0.5112664990808722]
729.1546072400619	(8, 12, 2)	[0.8785995927262147, -0.14146319981820887, -0.2957743635106486, -0.47260603462621625, 0.10772782679726818, 0.14218696054473737, 0.0552145520065238, -0.08406545932835412, 0.3991963696403766, -0.4626499490937608, -0.32028287180485854, -0.15058594964509892, -0.32302813147754, -0.46595282656353065, -0.32907592859383167, -0.7108624364522248, 0.41516370665154617, -0.25035515975787537, -0.2975394134864463, 0.029093453568840633, -0.297208670954736, 0.370744040652179, -0.7697996687887012, 0.41056828209531465, 0.1761266470046012, -0.5056393180207828, 0.4066489451218549, 0.3656889724194319, -0.041956529716040816, 0.32433248415918825, -0.12244182806902207, 0.4587895128700364, 0.2924460628270602, -0.11502807860873734, 0.40564363912494, -0.15212546269690555, 0.3073419308566377, 0.469020781513762, -0.13504715649752508, 0.11548811569340889, 0.6426243146276566, -0.4054954976357956, 0.1628369324267335, 0.26210201059194504, -0.27153605759292343, 0.7855114052711607, 0.1314470399174091, 0.23055654709196077, 0.22780840771013824, -0.0414697520622717, -0.0040669310069240475, -0.2915853692105705, 0.623694501884681, 0.3088010790699124, 0.6097097042443084, -0.5092719275181643, 0.48290663908246845, -0.41561398253056586, 0.11506413609929998, 0.5137848906736443, -0.5486541447631891, 0.3301217838541364, 0.11777741725598574, 0.7872454126480821, -0.5443992225275863, -0.3503708847942261, -0.23068762213249, -0.4235472642265259, 0.43947713221939394, -0.4004068124000061, 0.5200133493757958, 0.547868279645167, 0.4576851056833152, 0.20192210329358284, 0.9651711978450076, -0.32133773601889903, 0.017827421628080695, 0.635372701709944, -0.013183181328837203, -0.6187792753707805, 0.3517091273554643, -0.19161322266893335, 0.6367716434181436, -0.4004233668625809, -0.7314981860415485, 0.5017421420990743, -0.10147869463311696, -0.008929015622812736, 0.8980910821127519, -0.7310640707473236, -0.4342905357360619, -0.198831003250829, -0.030588035174237214, 0.23692489212019543, 0.5732118283816107, -0.6036848609602677, -0.3177977706836936, 0.845921233336096, 0.31369118256638207, 0.08113068857596598, 0.12693758471154012, -0.06623385963745278, -0.3967546151336794, 0.23448842906341585, -0.0485245813252706, 0.45322020235470073, -0.46675575749986087, 0.3097232155373991, -0.09927848026347594, -0.1333896892387994, -0.10363219164444178, 0.5329155148828791, 0.3580449779536393, -0.5814399109876117, -0.11576439198612573, 0.20586355107113105, 0.59391427303656, -0.18877166997614056, -0.6950730353245302, -0.5177062228205811]
1063.2784575877217	(8, 12, 2)	[0.8801776074464607, -0.14192613589252162, -0.2889795513025985, -0.4680437005542929, 0.10707898311234915, 0.08486133168110217, 0.03614707437652335, -0.0831817792300087, 0.3913103412398164, -0.471226642442954, -0.32890010208098913, -0.13799105246970472, -0.31741875802076897, -0.47641753266273196, -0.32970937637753694, -0.7088975563108586, 0.41543902222522333, -0.20069912797299155, -0.320295927209523, 0.009346290476780404, -0.29711566394462535, 0.35806583558511595, -0.7189932825343178, 0.4093221906973879, 0.1497388677850815, -0.5081737138747796, 0.4112765171290627, 0.3691335582473423, -0.03830109923733499, 0.32891826255655066, -0.15150776003094527, 0.4478197367863514, 0.29516205042880533, -0.11388141533930823, 0.45030425687557507, -0.15111928735732436, 0.3207233362284488, 0.27872128528172885, -0.12261593567328859, 0.13283471645926764, 0.6245425211598034, -0.4190531381236244, 0.147456934041873, 0.280787859794617, -0.25966265107067527, 0.7987321893029081, 0.1418938122858205, 0.259911299414361, 0.22968045317247013, -0.027625900627581485, -0.01717200381672132, -0.28882027789940995, 0.6188439228902649, 0.3175846765789541, 0.6251350689371339, -0.4757067658121244, 0.48182548577221007, -0.40879561772171236, 0.043231548358996646, 0.5714699736953381, -0.5408969886239048, 0.3292971408133598, 0.11587459379178787, 0.7855525525885151, -0.5661464254583122, -0.34541532502238753, -0.21922357595835873, -0.4345883150291876, 0.45592930354157485, -0.39501108717325367, 0.5757999444560219, 0.5299845284201211, 0.4322874120627071, 0.2017350327345261, 0.9804987757226732, -0.29585813550581475, -0.14413153241397364, 0.6175739157095014, -0.001458727740586695, -0.6248832625544288, 0.35413438356888316, -0.19291639808850722, 0.6266113333673955, -0.3991067948796065, -0.7597385899404885, 0.5538573018177666, -0.05979878784760105, -0.038795847165311245, 0.873030990052976, -0.7359933885368809, -0.4358011487058275, -0.20022814681751178, -0.033162276487466495, 0.238797044215233, 0.5655925334838161, -0.5203664098108405, -0.3186401316743466, 0.8406146642581753, 0.35176716834875765, 0.089806637222376, 0.12642241589435446, -0.05781802218957023, -0.4019487344086218, 0.2293314748269884, -0.08717309453296818, 0.4560070441188191, -0.47382303530953207, 0.31868018097491846, -0.07834415727658045, -0.20388128057251098, -0.10484512817501483, 0.5340042907702433, 0.3765103947187698, -0.581819747236784, -0.11059735383774373, 0.20714399067118666, 0.563865153740824, -0.19291785906230702, -0.6929334733431548, -0.5092750561032172]
1099.6239836140337	(8, 12, 2)	[0.8819415234401969, -0.14169539688392646, -0.28578698185945106, -0.46203171260772036, 0.10872750016357653, 0.10417801028093077, 0.035347076053764595, -0.08348293856541929, 0.39352283115094466, -0.5015403170170931, -0.32019654464174263, -0.1392507866648442, -0.3206352235761391, -0.4461749557894713, -0.32940485283234133, -0.7089373872160135, 0.4200307165063556, -0.45673951399524526, -0.31577695416960894, 0.010741966335114317, -0.2970489465935741, 0.3599265937053184, -0.7363594620252493, 0.409075833426335, 0.15068610003383617, -0.508167755230438, 0.4058125760177125, 0.3691403192704075, -0.0450995058657011, 0.3305703214027838, -0.16070268762891576, 0.45666537901065035, 0.297955241787059, -0.1170981069552666, 0.4238201104754532, -0.15062883617306289, 0.3155134300333824, 0.2569817859957866, -0.12636865913878056, 0.1283852316806443, 0.6254608451169007, -0.42715672085680156, 0.14786032349274122, 0.2792951555089287, -0.26055330174608626, 0.801274571407731, 0.13038280826898166, 0.25665753678108966, 0.22802571543379543, -0.02892230870871796, -0.018598193969289124, -0.28692997572258444, 0.6181048818988436, 0.3117480025333513, 0.6258338556496272, -0.4900376490809785, 0.4829788278939777, -0.4083426125784298, 0.03079650581564269, 0.5273114382271124, -0.5835490396846857, 0.3251868501930549, 0.1334120211633354, 0.7785871976742169, -0.5625108671900652, -0.3456361083975958, -0.21573432236405823, -0.43508823376955486, 0.4416350179488572, -0.39510583514692943, 0.5758288588779721, 0.5131812302934106, 0.42701478634952045, 0.20168428459920126, 0.9780729089677865, -0.33877518907531445, -0.09204198310292039, 0.6407034773459146, 0.007646717190933586, -0.5995311185042941, 0.4247495715281952, -0.12859439304970566, 0.6237177424026451, -0.3988991078828271, -0.7622328018298457, 0.554818028544591, 0.004925880691520765, -0.03504584960278959, 0.873608859117939, -0.7374273460067947, -0.43553126652221136, -0.19758342940030962, -0.030675162412210466, 0.2521670132772708, 0.5659049591217807, -0.5300473271953787, -0.31187506498258155, 0.8478933133118802, 0.29306164352187797, 0.09160082967620774, 0.13117769013728373, -0.058797576457381026, -0.400526720886111, 0.22932497153337122, -0.05989076217714641, 0.43980035554527314, -0.5214507313970864, 0.3176686224861843, -0.0925479928210392, -0.20664025365842048, -0.10368739182241046, 0.5348703781034928, 0.37671043171912993, -0.5817373529213734, -0.10586788892623199, 0.20648251985582067, 0.5658624974781559, -0.19283560555504775, -0.6926969847048777, -0.5087930686240207]
939.3481794993298	(8, 12, 2)	[0.8828172222954365, -0.13323342141622765, -0.28737704619592447, -0.4593840313658811, 0.10774948311826625, 0.1341773122255739, 0.03762300406254734, -0.08361989431204662, 0.39222330035953906, -0.491104191969992, -0.28376755562055844, -0.14263897208204523, -0.3206798160817135, -0.48647392640369136, -0.3304574395671927, -0.6998570916414607, 0.4206694730517329, -0.24050118925488023, -0.32199245117242487, 0.018774221629341427, -0.29729149067136634, 0.360028923092821, -0.7260985479724955, 0.4092383777946808, -0.05944502453942052, -0.504295435509278, 0.4063621273871866, 0.3710722991292846, -0.059491724052443164, 0.32819734914445975, -0.1603910245842271, 0.45803359319465003, 0.3041407095346451, -0.11704277167461284, 0.41018035626409155, -0.15065959596139777, 0.31454116710361996, 0.3231873199617784, -0.12546012691485897, 0.1277795002922096, 0.6253723196006524, -0.4169793528637007, 0.16206522154114283, 0.29339359675990756, -0.26799949346803037, 0.7921859142391392, 0.14724285743344998, 0.2528620766163969, 0.22889091221601213, -0.02872149803846841, -0.017684420923600893, -0.28825377812374187, 0.6190379360965892, 0.3096996441936289, 0.6162844577521478, -0.4909106421155825, 0.4824337718567313, -0.4154578926122937, 0.0282612398468147, 0.508429157747966, -0.5889164474820706, 0.32531181316126645, 0.1697779011884008, 0.7808316285929358, -0.6311995634707743, -0.34626473062614316, -0.21772384506492598, -0.4365666818679508, 0.4450308328396537, -0.3431935404610893, 0.57889730534716, 0.5160161000035722, 0.41785058758390076, 0.2020089855077019, 0.9836596203806376, -0.32997025291993476, -0.08538311682982372, 0.6261981718854802, 0.0077785867132602205, -0.5947611556205009, 0.4062812714024657, -0.20481768858818686, 0.41478735663786503, -0.3989313790037132, -0.7404981387773182, 0.5475450750335514, 0.012576592204479197, -0.01829134586095302, 0.875958448069937, -0.7357482250892812, -0.44759731893259314, -0.20601157649966764, -0.030679207497053225, 0.2550536595963412, 0.5659548780078785, -0.5334888018654712, -0.3016089974183551, 0.8465415808784701, 0.30865043644327433, 0.0874243678881617, 0.13070028955194013, -0.05284673700142559, -0.4008779395153855, 0.2298697755578966, -0.056174681486929216, 0.44447824650458007, -0.5220245297045646, 0.31304454377916757, -0.09438642518938883, -0.16809049177729007, -0.10364113119015163, 0.5430320451745827, 0.36334595648044105, -0.5822486987287729, -0.1027778257535416, 0.20627381026811684, 0.553625276071548, -0.19644462117480638, -0.7125812904640813, -0.5091107094101537]
877.9412499765401	(8, 12, 2)	[0.878755822021417, -0.1325621586842198, -0.28574541369166073, -0.47314215760457257, 0.1089243707164333, 0.14254032413634277, 0.05552701163458686, -0.0832595711515633, 0.3964018073427189, -0.480977907577123, 0.7128588242334046, -0.202675070673857, -0.3205233471624682, -0.437266646261808, -0.3291179497831418, -0.7081465469209608, 0.4145346806203767, -0.2815256293309063, -0.29054212742247043, 0.025465665996527314, -0.2959971477451942, 0.3580764142208939, -0.7666040650159608, 0.40910125991591084, 0.17895267487626038, -0.5052352224157696, 0.40022913679757427, 0.38615975157558674, -0.020380600337515126, 0.32297453246428537, -0.15140253066922504, 0.45186278714856354, 0.30671832225793505, -0.11560269710380658, 0.41205803661086093, -0.1385412598371505, 0.3070511818888264, 0.3445476773883588, -0.13091611726814015, 0.1311047949919735, 0.6213288075734769, -0.37900328442277137, 0.1603749907377408, 0.2840284361382777, -0.26237048603012547, 0.7889948877093157, 0.16038103286382288, 0.304534259351912, 0.23056481160117626, -0.027199236409766993, 0.031101847960801773, -0.2925296531528339, 0.6252017111904691, 0.30828972611335914, 0.6129313190619237, -0.4792962908025182, 0.448184764174415, -0.407487738748963, 0.10936138634261204, 0.5104723651286833, -0.5425616434032375, 0.35960652745665334, 0.1362758836229443, 0.7850974988629966, -0.5605536240633153, -0.3446862261858223, -0.23079684376940496, -0.4295192220401408, 0.44822706838886406, -0.3951695563839687, 0.5505191439964603, 0.5103506256520491, 0.4378098877644066, 0.20188529551498724, 0.9749662088067363, -0.3252203506165058, -0.004720289650010895, 0.6286140945306323, -0.017833394345301005, -0.6276802199994833, 0.37764946784731285, -0.19942475230845177, 0.6503584342007241, -0.39492366473361384, -0.7496917752578731, 0.5410720060629048, 0.012555664648662236, -0.007977821326299442, 0.9058186708881559, -0.7501833059757168, -0.44882360573850083, -0.1970189330911864, -0.03164787087310654, 0.23669012271832032, 0.5642262749675423, -0.5180530455458056, -0.3127439467195175, 0.8447995098798735, 0.31515041477835964, 0.08023208237125112, 0.12773413224738714, -0.06274035463714753, -0.39778148537357094, 0.23210439133223143, -0.08018646433663879, 0.4501228637397603, -0.5307709367653786, 0.313460700346975, -0.09800195368856379, -0.23757471307178624, -0.1042889868410162, 0.533103261077245, 0.3826879710348543, -0.5822406754123887, -0.10054339328501104, 0.2034355946047499, 0.5827195141048772, -0.19401958644162, -0.695186721899145, -0.5290308523654373]
475.290421326265	(8, 12, 2)	[0.8829281647901239, -0.12852835209086794, -0.28723205102681126, -0.45971188853515965, 0.10777164395732665, 0.1341232594948965, 0.03847663856356232, -0.08353110762332504, 0.39221639631574234, -0.48787241965802525, -0.2834562703065343, -0.14309867892487863, -0.32065230082078927, -0.48836376728139197, -0.8040010531070647, -0.7015262534135341, 0.42286194211309663, -0.23975068924381387, -0.32106193517905757, 0.021399247506644074, -0.2975171752674473, 0.3599629824434566, -0.7260975542318735, 0.4092823415698167, -0.07539755216716884, -0.5044357652357415, 0.40983788985862624, 0.37017451277019586, -0.06186839607775154, 0.3261168273837567, -0.16043248231751434, 0.46529359981817636, 0.30681708328880536, -0.11751256369439096, 0.4031575323175752, -0.15065587493903423, 0.31570587159240737, 0.32633551740793043, -0.1255311314545859, 0.1254959394896893, 0.6258850183724641, -0.42285433393493116, 0.15962897346802232, 0.29399475369927486, -0.2693008972424024, 0.79234560394131, 0.14839402015660133, 0.2527872915565946, 0.23220223478418908, -0.028148702540170448, -0.01766853810035261, -0.35881947197155833, 0.618996773556694, 0.3089405126914096, 0.6118718482744869, -0.489352701617113, 0.4822668435595892, -0.4084888808988083, 0.040490076942805826, 0.516638618875759, -0.5895072364892842, 0.3309844680208573, 0.17372743310267705, 0.7765680512792342, -0.648605455649826, -0.34681094089244047, -0.21999214838742995, -0.43570022209977965, 0.4437065543819188, -0.34295448226376873, 0.5745836635832801, 0.515840591606601, 0.41759792210253016, 0.20189697665028927, 0.9821946659509853, -0.32988153887879074, -0.05072024906947609, 0.6269337285446249, 0.007587270287867573, -0.5947472046954441, 0.39151900995445904, -0.1874302449004332, 0.5072493179218535, -0.39891437462251944, -0.7391723451937652, 0.5476715177396789, 0.023177890098232165, -0.02056342131231607, 1.4483580105640759, -0.736708771239631, -0.4472504190992403, -0.20764437912253772, -0.030674616933604328, 0.24909812770084877, 0.5641488115981864, -0.53104935557419, -0.30517970731276856, 0.8463458356119097, 0.3000764095193157, 0.09390400507833009, 0.13083622219722021, -0.052903759711076, -0.39535485996796665, 0.2294292046170282, -0.05618201701971579, 0.4444976429205355, -0.5198265453520728, 0.31304914428911335, -0.09281688230786335, -0.16794887266348962, -0.10255007819336028, 0.5413936369479625, 0.3635206129087525, -0.5824678400278333, -0.10409838828964728, 0.20615084481880372, 0.553760046952035, -0.19640680583313022, -0.7087144640224784, -0.5094606382132553]
805.4664558663496	(8, 12, 2)	[0.8790743113498344, -0.1301764337386711, -0.2936805951964649, -0.4738948102287357, 0.10738869587972548, 0.06382145115678704, 0.04794827686820723, -0.084086692462819, 0.39085718479861037, -0.49827147434685604, -0.32357138456127776, -0.14330621755024378, -0.32189947180653034, -0.4817398553197242, -0.32948452839755266, -0.7113167621227056, 0.41890303544498103, -0.250751667314104, -0.3207771283050484, 0.030171687374979543, -0.29654051569203, 0.3544808946196047, -0.7172378068841789, 0.40128929320167483, 0.06135005091144431, -0.7727858200094885, 0.4080895649265827, 0.3558175861038244, -0.038108822015014567, 0.3203469393931585, -0.17329207534195168, 0.4585999156579005, 0.30254428081704243, -0.12226389269017547, 0.417282794844314, -0.15054017083209795, 0.30823367305552446, 0.36292613642090876, -0.12950539265192884, 0.20172056984449982, 0.6283992729834761, -0.40851156089119955, 0.1643942322721281, 0.27676422616735824, -0.26361171270320133, 0.7762799609910407, 0.1362807030796496, 0.28203138750988677, 0.22873496869600063, -0.03365100466948371, -0.020995220965228337, -0.2827310791422966, 0.6225828822108561, 0.3035606866734243, 0.6194674295171281, -0.48313412436941355, 0.5565938444873949, -0.41394722940974094, 0.0896492730174357, 0.5258684278523154, -0.5877461816127628, 0.33436781925609366, 0.15062473248088962, 0.7794083384092072, -0.5802845122008847, -0.3437631760848372, -0.22961728718445065, -0.43319407583176645, 0.44346077894792185, -0.38803040272364014, 0.5679304518462596, 0.5186516181824957, 0.4272178709436011, 0.25320611274253346, 0.976347563886108, -0.3502518602413044, -0.050949272166341084, 0.6316349386173986, 0.02433342531167584, -0.5810671455217946, 0.3732957930738966, -0.14300107471030193, 0.6471540247220898, -0.3988886081586458, -0.7366615119207496, 0.5635131839484757, 0.009944155459335406, 0.020392591501915594, 0.8731536818690633, -0.7383167087597986, -0.43791365873839433, -0.26175930636963973, -0.027586295973889813, 0.23977607848275784, 0.5710222863775026, -0.539587645532522, -0.3149061083575071, 0.8493784060646469, 0.302940005049858, 0.07891153032914498, 0.1261124858252295, -0.042035379069124135, -0.3984646562305391, 0.22994798581406206, -0.057582471014144695, 0.44199917362350927, -0.5292377746699303, 0.31179469790381215, -0.09171962079736601, -0.18550942603225262, -0.10439350050918143, 0.5355417075199023, 0.3703962654488209, -0.5916700229494176, -0.1072715211022054, 0.20571036023735248, 0.589710605651617, -0.19348590668007992, -0.7117896702679931, -0.5126114662938405]
961.8720275034118	(8, 12, 2)	[0.881407004188608, -0.13636268505479118, -0.2912147488406689, -0.463708784200782, 0.1081266289259546, 0.1324195427870172, 0.036572944243013356, -0.08378204870360047, 0.39632278847276714, -0.4968168411359666, -0.31273763229167684, -0.14009718040354313, -0.32078471960650207, -0.45172829980732554, -0.32937104656894495, -0.7075703160592092, 0.4195761280905836, -0.30973741928513515, -0.2989669307853601, 0.0407983353007052, -0.32014248850407256, 0.3732191562702795, -0.7177194453428479, 0.36120824777454025, 0.015988752219842126, -0.502661042607468, 0.3984811499345035, 0.3649734676261397, -0.02337066653092539, 0.32617872970559875, -0.1419301840980635, 0.4585701524497052, 0.30448521666783346, -0.11769834915158739, 0.4129134907349805, -0.1462623697704349, 0.30509723369322866, 0.3148344799623912, -0.12378997590796982, 0.1334743357272933, 0.6288429502535877, -0.389175244526054, 0.15327425317752624, 0.2842942947681466, -0.26227471754137155, 0.7935038731928196, 0.12762365664988928, 0.27655171428171876, 0.22698322223454667, -0.023741544462930995, -0.003345292182051131, -0.2911625700870347, 0.6227177747702337, 0.3089388554704651, 0.6146648067430253, -0.4804990885221623, 0.4696042478575183, -0.411771874502912, 0.1243659836938681, 0.5141953590520055, -0.5743859508801715, 0.3411123537707932, 0.13782195477199516, 0.780728060983302, -0.5960170872472347, -0.3497159356725696, -0.21512727707781473, -0.4296227142749394, 0.4521122111603177, -0.3798799787697382, 0.5720086112506564, 0.518749171724286, 0.4286920967772073, 0.20207739101709762, 0.9788824564251841, -0.3452749848575479, -0.05133970407968123, 0.606539342726937, 0.003332090796444361, -0.5954751925013791, 0.27742240356718695, -0.19712787411523183, 0.6217908226365426, -0.3987908213614927, -0.752476245061463, 0.5524984216232534, -0.05185323728078784, -0.01224172690620241, 0.8881687834302212, -0.7391551604057769, -0.4382774022114048, -0.19953870720829772, -0.029986306129208086, 0.2539487344521666, 0.5672878180292532, -0.5709371843113539, -0.30809948112080227, 0.8465744220760124, 0.3137920381905464, 0.07939134913902918, 0.12359269808520323, -0.05513546296744172, -0.39692429873578505, 0.23211468726451032, -0.0677394679732203, 0.45261035462252897, -0.44850964457773557, 0.31487437095094717, -0.09592912903261837, -0.16950889911121636, -0.10317237789187206, 0.5372814221020893, 0.37101741781823805, -0.5831340545142479, -0.11076363490862902, 0.206285621428951, 0.6153422841237591, -0.219939438165971, -0.6986716389810411, -0.5220178449668197]
836.3547927441913	(8, 12, 2)	[0.8827638246170666, -0.13750756408126577, -0.28910330346749347, -0.4708750531792627, 0.1080809135048176, 0.14717835507909097, 0.030308429373297082, -0.08310710799993451, 0.39013619359700824, -0.49520735690944717, 0.23255397871317052, -0.16197268297436493, -0.32099504103105136, -0.4485165838749342, -0.4525677596993237, -0.7043945230498349, 0.42117169691224177, -0.2561271605523321, -0.3219988077791807, 0.02329198559257454, -0.29776482726388664, 0.3537475010210063, -0.7470424165306135, 0.3764499854798836, -0.0154094765495702, -0.49882222535687004, 0.3992890447169687, 0.3739648836843691, -0.004847114118452796, 0.3237352597443928, -0.15631696947174217, 0.47078005909670706, 0.3053843076402101, -0.12256320745609701, 0.40823209010204414, -0.14511139444360382, 0.3169884975307094, 0.28152714949863084, -0.1279205915892071, 0.13141888278627056, 0.6258122709966113, -0.403822718163931, 0.15648756069840877, 0.278990513535573, -0.2697340196023053, 0.7774793616900703, 0.14948858640799983, 0.24812140110654643, 0.22662853381782433, -0.025991534662486413, -0.01771198304617895, -0.2881162562734023, 0.6211738336309574, 0.3093990425965251, 0.6123750361288776, -0.4844928565810548, 0.45809585794302665, -0.41497520790445064, 0.04945929521609958, 0.5209572084429838, -0.5916194391523427, 0.33605617517163977, 0.1315480707553543, 0.7819959888143859, -0.5546992083669755, -0.3469803662621122, -0.40728362379395366, -0.4340238572991933, 0.4473290697133123, -0.3957663926574102, 0.5623244908576193, 0.5507346512874344, 0.4288471848280542, 0.2016846521600347, 0.9790020035671645, -0.3352196996645699, -0.05165644542931611, 0.6369985344835363, -0.00536980323689237, -0.6021676023673869, 0.386425776709729, -0.19519395233314513, 0.5204388887834355, -0.42667939364625124, -0.7668949049906806, 0.5243332325223888, -0.03751699277161337, 0.0005464767707246201, 0.9951139661503843, -0.7388998980705704, -0.44315497604511606, -0.18158722895073998, -0.030925884813937266, 0.24689708979272956, 0.5649424845036842, -0.5305133415332601, -0.3091462707961036, 0.8456887571763059, 0.29931270920864556, 0.10035639272884378, 0.13041875508647555, -0.05380599275076698, -0.3978731022630926, 0.19443289034930425, -0.06501677410951943, 0.4473104928913793, -0.5141845970509908, 0.3198280644852283, -0.09636956208394779, -0.16622855962612412, -0.1028633903893713, 0.5384623015904767, 0.3759126621929062, -0.5823481721513628, -0.10551843009121932, 0.20752626630292617, 0.5725031687846913, -0.24198866482171014, -0.7069765830252677, -0.5228212459200346]
828.4778902376348	(8, 12, 2)	[0.8827638246170666, -0.13750756408126577, -0.28910330346749347, -0.4708750531792627, 0.1080809135048176, 0.14717835507909097, 0.030308429373297082, -0.08310710799993451, 0.39013619359700824, -0.49520735690944717, 0.23255397871317052, -0.16197268297436493, -0.32099504103105136, -0.4485165838749342, -0.4525677596993237, -0.7043945230498349, 0.42117169691224177, -0.2561271605523321, -0.3219988077791807, 0.02329198559257454, -0.29776482726388664, 0.3537475010210063, -0.7470424165306135, 0.3764499854798836, 0.014707250759008535, -0.49882222535687004, 0.3992890447169687, 0.3739648836843691, -0.004847114118452796, 0.31134070214182846, -0.15631696947174217, 0.47078005909670706, 0.3053843076402101, -0.12256320745609701, 0.40823209010204414, -0.14511139444360382, 0.3169884975307094, 0.28152714949863084, -0.1279205915892071, 0.13141888278627056, 0.6258122709966113, -0.403822718163931, 0.15648756069840877, 0.278990513535573, -0.2697340196023053, 0.7774793616900703, 0.14948858640799983, 0.24812140110654643, 0.22662853381782433, -0.025991534662486413, -0.01771198304617895, -0.2881162562734023, 0.6211738336309574, 0.3093990425965251, 0.6123750361288776, -0.4844928565810548, 0.45809585794302665, -0.41497520790445064, 0.04945929521609958, 0.5209572084429838, -0.5916194391523427, 0.33605617517163977, 0.1315480707553543, 0.7819959888143859, -0.5546992083669755, -0.3469803662621122, -0.40728362379395366, -0.4340238572991933, 0.4473290697133123, -0.3957663926574102, 0.5623244908576193, 0.5507346512874344, 0.4288471848280542, 0.2016846521600347, 0.9790020035671645, -0.3352196996645699, -0.05165644542931611, 0.6369985344835363, -0.00536980323689237, -0.6021676023673869, 0.386425776709729, -0.19519395233314513, 0.5204388887834355, -0.42667939364625124, -0.7668949049906806, 0.5243332325223888, -0.03751699277161337, 0.0005464767707246201, 0.9951139661503843, -0.7388998980705704, -0.44315497604511606, -0.18158722895073998, -0.030925884813937266, 0.24689708979272956, 0.5649424845036842, -0.5305133415332601, -0.3091462707961036, 0.8456887571763059, 0.29931270920864556, 0.10035639272884378, 0.13041875508647555, -0.05380599275076698, -0.3978731022630926, 0.19443289034930425, -0.06501677410951943, 0.4473104928913793, -0.40704818314664054, 0.3198280644852283, -0.09636956208394779, -0.16622855962612412, -0.1028633903893713, 0.5384623015904767, 0.3759126621929062, -0.5823481721513628, -0.10551843009121932, 0.20752626630292617, 0.5725031687846913, -0.24198866482171014, -0.7069765830252677, -0.5228212459200346]
658.9375345927627	(8, 12, 2)	[0.8763926113020524, -0.1417737472583497, -0.28775237563718353, -0.5110703808572763, 0.10672232514719751, 0.12339707976020911, 0.02391440838391586, -0.08409756237750708, 0.3927169261005564, -0.4654886836180411, -0.2751907305356022, -0.17340490198080524, -0.3212302789108691, -0.4829362626479518, -0.3392295101199459, -0.7085940862768499, 0.4155876342866775, -0.2580908667108579, -0.36542742421176777, 0.032183484128291466, -0.2968620545152835, 0.3848460238724989, -0.713214765102732, 0.40909793488979856, 0.17690484011157592, -0.4668080811286127, 0.4120748770005103, 0.3689360774301113, -0.025254248537633407, 0.3242514231411921, -0.15220626170565738, 0.46118840336874406, 0.2998134547274602, -0.11413176349837428, 0.40435834678828175, -0.15150730119611253, 0.3123280688392822, 0.2628658983094831, -0.12603819609369027, 0.13331494760818874, 0.6234862971551156, -0.4255083345810692, 0.1492220681519372, 0.2934412152393413, -0.24424874513612171, 0.7872589109177993, 0.1546985211346705, 0.2522075151296491, 0.23092889765495556, -0.02245067158964111, -0.029680272994771793, -0.30678854957985613, 0.5686775910096263, 0.3082730139387988, 0.44563954153496976, -0.48300447227448434, 0.5609856776927257, -0.41807321490348925, 0.062361585040549505, 0.5386397614735298, -0.5484822375914424, 0.32910730990363535, 0.14424209461599075, 0.7849283238852635, -0.5586450017263818, -0.34569143433075183, -0.20363709586109355, -0.4402476965258759, 0.45072555623113253, -0.329042120298803, 0.5581799393878305, 0.5120020710201921, 0.42878514997911027, 0.193336231972449, 0.9756680459180179, -0.3207696642764258, 0.08589507964841823, 0.6336756765258662, -0.010743340656277014, -0.6035782996180197, 0.37217927444477195, -0.18711379640857095, 0.7824932475909492, -0.3897277922460535, -0.7394266697562591, 0.5473732689866913, -0.020279889316562657, -0.020148959551521708, 0.8238897681714874, -0.6826738797449501, -0.4357977761514486, -0.20265191908619754, -0.03135678869940262, 0.24535236583024783, 0.5692400582381414, -0.5265275246931047, -0.31123636757731643, 0.8485096713402016, 0.33682861608816617, 0.08974647103670119, 0.12879488555530988, -0.043121869897092144, -0.397213096255931, 0.23461876682107063, -0.04951176652449925, 0.4483449014891341, -0.5225694054289599, 0.3190822315436731, -0.09211975751009667, -0.17959339069810018, -0.10336228936020665, 0.5411121310623368, 0.3858985218705034, -0.5761493357725282, -0.12169325588217456, 0.2064817622677933, 0.559815725621391, -0.2040766401145685, -0.7113776199036841, -0.5082157632966274]
776.0038631087048	(8, 12, 2)	[0.863982301184313, -0.13647302147954135, -0.28913639153121234, -0.47800815703526284, 0.10786370249343873, 0.15175858966770878, 0.046686002827691156, -0.08362322227671763, 0.3947291772136905, -0.49377003072034675, -0.17634489698734246, -0.15774160715564564, -0.3204759359392978, -0.4709353520338201, -0.3299593309265622, -0.7100226776905719, 0.42010483194377146, -0.24674239268741052, -0.317732141381079, 0.022319148176516927, -0.2979176140265942, 0.3549332240976906, -0.7302160529154079, 0.41242869158501566, 0.03238018061053313, -0.5786865462487962, 0.41667110335298874, 0.3685249548207438, -0.02407606690162908, 0.3225256514183195, -0.15723919466979838, 0.4541912963037325, 0.2941039182448298, -0.2857278643102701, 0.4125986418315754, -0.15158490106381584, 0.31219648305103204, 0.33825047478248393, -0.12172883202730098, 0.14030786848467328, 0.6263283597006795, -0.40669144659512335, 0.1609177645714089, 0.2796258495599246, -0.26570599673929596, 0.7930028171517792, 0.15051550738335479, 0.23362043094954582, 0.22845480887432085, -0.021008400091725832, -0.0006590939162970898, -0.28842684718369427, 0.6208837127271835, 0.30836512263450616, 0.566521070513318, -0.48209039347246874, 0.4632351485173075, -0.4110703841416574, 0.019498692205068006, 0.5189422939961131, -0.5672353207021049, 0.3328461802392227, 0.1621194843522092, 0.7844288779708051, -0.5781986314729217, -0.34653829061490865, -0.22349081646382907, -0.5138269756298477, 0.44254934444235106, -0.3872948259616318, 0.558471701024196, 0.5149790507533618, 0.4255702686821764, 0.21038287926089427, 0.976979019498261, -0.33695647043533283, -0.09859840188822017, 0.6309458997282068, -0.0755165182904372, -0.594077877438822, 0.3857759881078877, -0.16476724677498644, 0.6123094966896295, -0.45269107240731493, -0.7597332366451683, 0.7608122805849353, -0.016813639911470658, -0.009389605443797999, 0.9915708424676843, -0.7385083301399455, -0.4380874292831797, -0.24029422475442008, -0.02875026167391379, 0.25305086036634733, 0.5663013379154038, -0.5237579219680264, -0.31275875620401045, 0.8432602684433902, 0.3061234104004732, 0.08501624795432816, 0.13037093593438615, -0.048575618388742, -0.3987546767760644, 0.23129710684567006, -0.06196628925351867, 0.4442217976116361, -0.5113762869106686, 0.311116280372263, -0.09337642608080456, -0.1835090050263846, -0.10456130829338689, 0.5358432847313765, 0.3890345832101311, -0.5821550912634563, -0.11013565168939639, 0.206307266773395, 0.5809652674359364, -0.19410314613859497, -0.704409657510817, -0.5167749189424377]
1012.4587800838826	(8, 12, 2)	[0.8796697325934772, -0.13687983301036216, -0.2891221759148029, -0.470827778274866, 0.10815199022549851, 0.14696347971301651, 0.03014384665783148, -0.08358705841090025, 0.17077015384844352, -0.4933197485585573, -0.7669788594779753, -0.1402393576402027, -0.32117514640432215, -0.45707848849393606, -0.46340591584562485, -0.7045108417694348, 0.4211845424622132, -0.26057580202846886, -0.3224376137076245, 0.02603510530771232, -0.29777823341816856, 0.35239957694772295, -0.7481426486719939, 0.3954495180441686, 0.018070907272933617, -0.5089342864676513, 0.4023595270627345, 0.373665975858604, -0.00395185946380832, 0.308484309493875, -0.1563232217260353, 0.47068602220085565, 0.3053849431541196, -0.1225614745097213, 0.41195261288825774, -0.144469260097003, 0.31717733991189695, 0.31681924060298383, -0.12778168563566872, 0.16963694745272484, 0.6256999381643356, -0.40384547434932094, 0.15652659456711726, 0.27986521597776237, -0.27138883050436385, 0.7766421541721298, 0.1494881881390964, 0.26781200921505144, 0.22660023220636583, -0.026973194485997738, -0.015974332467002632, -0.21960154108033983, 0.6213694046659982, 0.31188516419433604, 0.6668969049961974, -0.4845971141222282, 0.4578688333045082, -0.414902789974393, 0.04818723968731364, 0.5381085788292723, -0.5933392995203909, 0.3344479925963345, 0.13095771861528102, 0.7819958189241019, -0.6157233711770943, -0.34536675742823214, 0.6344517920178967, -0.43474638733677307, 0.4473982437570042, -0.39451192396431417, 0.5619636935737935, 0.5162559914865914, 0.4300226960975591, 0.24160585262095077, 0.9778830298822904, -0.3354083419959457, -0.03911456288739376, 0.6349836274324362, -0.004831645772285853, -0.5981660720097097, 0.37512122947127624, -0.19564036929216458, 0.5488677428546096, -0.4243616169411456, -0.766689524941852, 0.5531588869769928, 0.007573258984930394, -0.00046581785463328286, 0.9961334683681866, -0.7392888186340721, -0.3580034566901496, -0.1682935051103707, -0.0304305142099109, 0.2472593375258753, 0.5659199112606764, -0.5289418238459794, -0.31054412150560684, 0.845822857789836, 0.29553038600465764, 0.10559146185271151, 0.1304695333989989, -0.05781990023354604, -0.3980269035295358, 0.19804860536276545, -0.06061534517196272, 0.4473269666432945, -0.37354660334420414, 0.3463478885581616, -0.09526636153896326, -0.16815845194918536, -0.10298917915525391, 0.53594972669989, 0.3756067752277799, -0.5817919934052573, -0.10536484723877713, 0.2052602673679385, 0.5715251025366689, -0.2427826988646322, -0.7069647234116929, -0.5222010765889084]
708.3302005459428	(8, 12, 2)	[0.8744530004970729, -0.1406044906945205, -0.28911616847351784, -0.47503171195045335, 0.10606404999434144, 0.16143835401336817, 0.03808169469878766, -0.08478120827848587, 0.39432361102954916, -0.4927800363771282, -0.2732656566940489, -0.15574562982214973, -0.3242691393934024, -0.46895333089173546, -0.3257044683289452, -0.70425721738039, 0.4184515917402869, -0.25834658824738055, -0.3142442316660238, 0.025335906902756524, -0.299487646344634, 0.35235239962266046, -0.7198123795415863, 0.4044546480404637, 0.04255521892635499, -0.5470571606098401, 0.40863634538569055, 0.368555208823416, -0.030606462692950503, 0.3259590586111338, -0.15199214157814023, 0.46265741711627845, 0.28699363160203695, -0.14632285033709932, 0.4135437731119302, -0.15192847715107732, 0.3076068313351845, 0.27951140100498684, -0.12515894665854888, 0.13651309196822203, 0.6284416618909608, -0.39761097826434744, 0.14328713201869664, 0.24139131396462793, -0.18205092023605599, 0.776186810197134, 0.15474339780203894, 0.25823715190676055, 0.21925040233118603, -0.0393144665729651, -0.01042107500017169, -0.29233008227420804, 0.6208967767604266, 0.30855283610734247, 0.446621771357943, -0.4793976061535637, 0.5107363739236, -0.4149079416643799, 0.07331999011163673, 0.5225646993012315, -0.5537804132228258, 0.32685243856166823, 0.1450886941165836, 0.7796791628027612, -0.5913728013050601, -0.34652468273817744, -0.1983993834302062, -0.4484565815651495, 0.44604503218509345, -0.39464666082089966, 0.5416185810194977, 0.5166187916883617, 0.43236356434636997, 0.20558125630972907, 0.9765391523854869, -0.33180364235277515, 0.03392854965649944, 0.626679950441021, -0.0109929146488364, -0.6043349516959359, 0.37169424732986506, -0.18485214251731463, 0.47968277164579787, -0.4001441717227703, -0.7500159302227909, 0.5900400659493389, -0.013960428732175525, 0.002338976196516941, 0.9647816759206653, -0.7147108075158692, -0.43672183441894813, -0.23208635162887287, -0.03170784986840055, 0.24999808956502018, 0.5660408577440934, -0.5264374838914017, -0.3120708707659504, 0.8445856352639615, 0.3092495938017691, 0.08532421209484183, 0.12437333110997066, -0.11352390270481627, -0.3996317958613847, 0.20752570625315328, -0.06203622398096959, 0.44472376261960583, -0.5969413336886233, 0.3123723586239683, -0.09095567196315783, -0.18137293851067757, -0.10376233544257332, 0.5348531799524148, 0.3542069873971045, -0.582964066007771, -0.11118632116977091, 0.2063477685931629, 0.5298567381572853, -0.20530066655245147, -0.7027665006520443, -0.5146196090629487]
1197.0390117885647	(8, 12, 2)	[0.8752350511598989, -0.14078546783852472, -0.29022105573668905, -0.4736250216355603, 0.10581730071647294, 0.16403713110867568, 0.027964171800212864, 0.023647678801726066, 0.3968671046545368, -0.4974048308476992, -0.17979585827907968, -0.15111876415977274, -0.323790542959468, -0.4836661638879632, -0.384953021270022, -0.7037591594158455, 0.41717914124370736, -0.26380445846871736, -0.3055494756539954, 0.02538058199212088, -0.300211281296252, 0.35675020975413757, -0.7260939691241922, 0.40351233559814054, 0.04446435263655488, -0.49488642216357126, 0.39738453111112176, 0.3712156232598803, -0.03072303759953078, 0.3257710323345589, -0.15493159634831744, 0.4704370159903391, 0.29324209954600705, -0.1460308940354627, 0.4140277178249827, -0.14993667576006878, 0.3153572115712592, 0.2668105584993761, -0.12724979662031832, 0.13196856899040774, 0.6271533800862884, -0.41577355266289157, 0.14059340666391695, 0.24912425078179248, -0.207248507833495, 0.7856766214672544, 0.13959501183442627, 0.251650195052154, 0.23280269413063365, -0.0352559462420014, -0.02386861353597812, -0.2874125250873199, 0.6268631057758458, 0.3075158160577813, 0.44947922942495566, -0.47982221186205515, 0.5070497203705562, -0.41501064232206947, 0.07091798422949738, 0.5151596075581565, -0.5550084771353304, 0.32684391107611077, 0.15314157409008416, 0.7793052777409024, -0.593816651021311, -0.3472746959590678, -0.20085785291270303, -0.44722605378068964, 0.44555557584552563, -0.3763863461896621, 0.5469088930333066, 0.516497810609075, 0.4333330311264238, 0.20365344679243352, 0.9765327026404772, -0.33170719126450193, 0.04595206960907544, 0.6322497260213447, -0.004373679768342511, -0.6009989537499986, 0.3696304533649693, -0.17931999244182448, 0.5381379842713575, -0.40676435951165685, -0.754685790768896, 0.5433222166056889, -0.019269773246402087, -0.0015017469538376564, 0.8910115443018011, -0.73722791242518, -0.43599854791376785, -0.22827192353523582, -0.03163452224368408, 0.2412618946531011, 0.5667043725212054, -0.526524591125142, -0.3113441910987976, 0.8470447179037526, 0.3094099815769828, 0.09148522098717557, 0.1260254215586329, -0.09003155010428598, -0.3996311016362224, 0.20331381516277108, -0.05839030304387668, 0.4445136341037363, -0.538481490729359, 0.3153199727135386, -0.08963531733601451, -0.18132484423364456, -0.10276082415123301, 0.534120351956142, 0.3648392202446991, -0.5730845793672027, -0.110531258815836, 0.20613221803923518, 0.5370369457546, -0.20860979040120287, -0.7027722232611952, -0.5172658473267995]
672.4276398397213	(8, 12, 2)	[0.8764078441774679, -0.14069698765612051, -0.2889456236978141, -0.5005341883244454, 0.10601774377592746, 0.16399175297810473, 0.04134061797138301, 0.01401269024668704, 0.24860687540234985, -0.4844953936360918, -0.3225928084335679, -0.15520792631161157, -0.3228631417145283, -0.48332806690395985, -0.43922402747605727, -0.7052075395613702, 0.42016796684795255, -0.26567087312061244, -0.3119242955266834, 0.02452242227601887, -0.2998775181635089, 0.34920946799932706, -0.7329270217501334, 0.40095727850886614, 0.028551791771639436, -0.4976995298267043, 0.39642327970395774, 0.37518577753012566, -0.02959737417636815, 0.41600529061410774, -0.15141361086344315, 0.4618770523155112, 0.30491490632328666, -0.14837188133942025, 0.4144180925326407, -0.1491758932897754, 0.31132235693243715, 0.27712967131565874, -0.12442101530595875, 0.13473638945998087, 0.6260966304426687, -0.4131108260278959, 0.1364378121520837, 0.2444695107565529, -0.20701352014962324, 0.7840582504448474, 0.12827804259503484, 0.2709464079214587, 0.22683438287288915, -0.028810613414402466, -0.0127874482503858, -0.33552499720166473, 0.6219838887567638, 0.3075905404214426, 0.5917010471570958, -0.4829426725947103, 0.4853765522370533, -0.41484041820054, 0.05516458865692872, 0.5141954440137884, -0.5558157254127375, 0.33458876011061206, 0.14639685629088067, 0.7806781995181112, -0.5914933451564989, -0.34632026479641137, 0.26955345071607284, -0.44474472376257224, 0.469221329583957, -0.38551342221958745, 0.5482489843636412, 0.5162487677910793, 0.4329072737208463, 0.23171634100575808, 0.9765591044957814, -0.3294667527697938, 0.04732830369812774, 0.6358718136261642, -0.012968131124094912, -0.6008865946994015, 0.3720672171384022, -0.17923110399444955, 0.5343115989431427, -0.4071503510079991, -0.7474966759604237, 0.5600264654175112, -0.018864453939774768, -0.005366652359780928, 0.8727463662453991, -0.7215879870705832, -0.41584828890718806, -0.23245514717883836, -0.03061654647807537, 0.24749139605558265, 0.5672313569872005, -0.5237401922475009, -0.3096568957788914, 0.8442604716320312, 0.3097110399705855, 0.09399110527899732, 0.13111287527346258, -0.0763898530156184, -0.399627944745692, 0.23134928204099248, -0.05817517764051319, 0.45322786251875125, -0.5219811731328564, 0.319994650854338, -0.09108844607396588, -0.17857036127410186, -0.09875847138355003, 0.5340296903444021, 0.3769828710098621, -0.5738329236175587, -0.11083318082234137, 0.10035605511574, 0.5474905773221161, -0.2257482155198559, -0.7091440219354257, -0.518715650673785]
833.5466335895362	(8, 12, 2)	[0.8765745721801919, -0.13779022172132585, -0.2899172906730968, -0.4836228533582412, 0.10592670042904719, 0.16038670783286774, 0.03052826726822824, -0.0435707200419453, 0.26244452949030245, -0.4852088684733199, -0.49053785876459394, -0.15632174156764275, -0.3197154583361371, -0.5354012352235117, -0.417116049152613, -0.7057846292215919, 0.4185755973584083, -0.26523966336661786, -0.3443523896849017, 0.10964280387269601, -0.2978105693870551, 0.3537783652235378, -0.7341553000280224, 0.4241727811273915, 0.026663366183526452, -0.5253268694058646, 0.40179969945395405, 0.3702321558926466, -0.0315487073690431, 0.3605800272068868, -0.15740020485395936, 0.4574962296617109, 0.3044086307621459, -0.1559303828682207, 0.4143183608353703, -0.14871831738013366, 0.3185398954754099, 0.28194624099234145, -0.12421956469503771, 0.1429722066104113, 0.6256044370381267, -0.413563105373092, 0.13263813500784283, 0.24107334899549, -0.22285940033789958, 0.7834537470008918, 0.123993502169698, 0.270223683815982, 0.22703733219202088, -0.018133636355562366, -0.011285184634820315, -0.3351897885435528, 0.6245679533067253, 0.31185209098042194, 0.6179323281132253, -0.4839663293306805, 0.48852537013845826, -0.414854261561451, 0.0542353787876061, 0.5096018722156533, -0.5941910823012198, 0.3353974388423848, 0.14555551244677506, 0.7818212358067117, -0.6388492030747572, -0.34632818062913867, 0.2056409194402284, -0.44097845234722144, 0.4418107443205773, -0.3856356759793115, 0.5476606761120953, 0.3015137034737605, 0.4304409528018299, 0.23133648267455797, 0.9774430775625553, -0.3291717752235491, 0.0022387381390493177, 0.6293528121123909, -0.01689238554420638, -0.6008121371292064, 0.37133047047158085, -0.18047591047405823, 0.5333164432345695, -0.3951233640270265, -0.7467978608545723, 0.5574452837616521, -0.011894934722011297, -0.005617520960240981, 0.8780125386747932, -0.7351197205912285, -0.3945845968556982, -0.23325603425516514, -0.029072578461261118, 0.24644969613282014, 0.5658372130440609, -0.52536959955819, -0.31021425864375807, 0.8448594936268712, 0.3105444468476272, 0.091043186604782, 0.13176435655207366, -0.055469599527736405, -0.3985701981619027, 0.22636301253576835, -0.06146568901618901, 0.4527004791935008, -0.48606014858692315, 0.3176800896304773, -0.09278163801212236, -0.17846608184559568, -0.09938204334292462, 0.535632979279547, 0.3739349212441952, -0.5813888970891149, -0.11063586237142922, 0.20182982234767313, 0.6441777271811213, -0.2332432506373111, -0.708244519320186, -0.5229257166995356]
848.3198339729677	(8, 12, 2)	[0.8755631916634978, -0.14172229071347547, -0.2881466640407558, -0.4897921036147382, 0.10641558656647648, 0.15963990954201265, 0.036569845891631196, -0.0023299809890333523, 0.38338364953557247, -0.49381175911012937, -0.29002296122825105, -0.16038743610845263, -0.32388183978312035, -0.47865237653122855, -0.4046834607129726, -0.7047892724832661, 0.4204156739279583, -0.266359289323822, -0.30773479548504135, 0.02553827658962925, -0.3002172491031214, 0.36266324686276197, -0.7345450479624849, 0.4087412226755693, 0.02112135572425799, -0.48646567985772504, 0.40400834373308964, 0.3692405993123822, -0.002588912429605121, 0.3259483419017076, -0.15419312597364163, 0.45720963998435193, 0.30002828241547763, -0.1304547010063486, 0.41236530015530026, -0.21780277468148837, 0.31461114554337616, 0.29728029067674244, -0.1268099071472977, 0.13463968611834035, 0.6275856872220072, -0.4160944842763544, 0.14649517362874726, 0.24169715533322253, -0.21881115818109678, 0.7882080906859051, 0.12718818414281902, 0.11358046862266515, 0.21750120217207866, -0.02584538642457996, -0.021190551722613384, -0.2897359675397241, 0.6316860758701356, 0.34111777481746497, 0.4267153814620607, -0.4809758400877917, 0.4964849549652661, -0.5644571655423416, 0.08744184946463628, 0.5208000723289534, -0.5656512741593607, 0.32855726620890774, 0.15246514126913585, 0.781044808737276, -0.5793847685939119, -0.3460704088534135, 0.20206082784018636, -0.43666476474364696, 0.4511258979555885, -0.3799313616127798, 0.5473555506065749, 0.5803489016205758, 0.4329820349416684, 0.22981868198958322, 0.9769349174371581, -0.3317703333517374, 0.05482396782195374, 0.62873047622869, -0.01548589277247122, -0.60368141131855, 0.36791089712460784, -0.1709635287607806, 0.6039915269045829, -0.42247436930917126, -0.7496022046183364, 0.6156997462177707, -0.018948676641590487, -0.0010604705763701053, 0.9257033926165297, -0.7260185281822391, -0.39011487061868805, -0.2129854715520043, -0.03164776863743333, 0.24841681306528626, 0.5669850401424497, -0.5257706391547556, -0.3117655591200577, 0.8433030874574706, 0.30847201976264804, 0.08539348834897337, 0.12713827265097918, -0.05259139512597352, -0.39974116757376105, 0.23561379642409844, -0.06209175536963898, 0.4356676653388309, -0.6107201908414356, 0.31424935875924154, -0.09199869227003156, -0.18051163453028446, -0.10244584315646196, 0.5407500449325509, 0.381921591196368, -0.5831561792788295, -0.11088789698903419, 0.19342958944089486, 0.5559706940793894, -0.22538967745361158, -0.7058366938740338, -0.5161494067595107]
1464.2657624881012	(8, 12, 2)	[0.8192802037754298, -0.14008740237419354, -0.28976386699014983, -0.4988989094900333, 0.18958616419077307, 0.15637417843827192, 0.04883081156852964, 0.025518121073882877, 0.30098374883710977, -0.503533467829812, -0.272959701905372, -0.15434057439465607, -0.3242586452579142, -0.4865723178198915, -0.3547925528987849, -0.7050237814852276, 0.41601944779273503, -0.25912718831405834, -0.3068406297634888, 0.02533968801223838, -0.3009696648247175, 0.35056911509186545, -0.7527463121605638, 0.40550312033572034, 0.03227411479553299, -0.5188215561900757, 0.40492389760021025, 0.37268735950944143, -0.028197347000259075, 0.32179752703044984, -0.14907235958838788, 0.46362026499956804, 0.2955413102421438, -0.18501977608448758, 0.4107458909995182, -0.14886043308049574, 0.31259860816853197, 0.2933848997619472, -0.12432288317441788, 0.14013000900896844, 0.6265701788080723, -0.41126523690159494, 0.15662776113447147, 0.2617247444841977, -0.21359051392127607, 0.7836599065383335, 0.15357961690812283, 0.2674023402938281, 0.2260634779476892, -0.034322282509982684, -0.012079443559292738, -0.3284773816292992, 0.6244110688343197, 0.30937073790665914, 0.5572298420697418, -0.47985308853999553, 0.5093637182995259, -0.4146724058616356, 0.0976593676710697, 0.5981663397505534, -0.5113432733827179, 0.3330137077153784, 0.15303858053710248, 0.8028809507296438, -0.5775903116069112, -0.3394820853266392, 0.1343528167403378, -0.44862601830503857, 0.4465520188567784, -0.381691466930295, 0.5486423161892225, 0.502740631512192, 0.3745871968540239, 0.20331728765928989, 0.9765931203120202, -0.3298055223040087, -0.008057760811132797, 0.6337516956642433, 0.004185640278383006, -0.6019484361929087, 0.3719786911090018, -0.19073622225277626, 0.5295096408803096, -0.4209343147017624, -0.7471128889161635, 0.5503804936337502, -0.015567437095293037, 0.02691559572448224, 0.8862734335891636, -0.7309085287531071, -0.4223748195742707, -0.22688549591584958, -0.030264559810835423, 0.24859125610116756, 0.5656778100737785, -0.5222871515069024, -0.2521631478906559, 0.8443065188404985, 0.31046394552704487, 0.0801342515844247, 0.1302071704157645, -0.057252346732493145, -0.3990184098464437, 0.21299830601745517, -0.058252082921097646, 0.4528046707175601, -0.5191948671994487, 0.31969279625579966, -0.0945121612665116, -0.1875706865622355, -0.10351011823821035, 0.5339381577464668, 0.37265213475805103, -0.5772142024439264, -0.10697485367165892, 0.09454527721588925, 0.5525904108029303, -0.22861690448370606, -0.7054018320577801, -0.5168709352018795]
1174.6238149143862	(8, 12, 2)	[0.8767548449355864, -0.14019313306363368, -0.3050404726488595, -0.4843480165226406, 0.10604234166536906, 0.16119519610624533, 0.02220226596330939, -0.018723888010594, 0.3598051610289348, -0.48721457913797145, -0.18412951788807191, -0.15979183339615485, -0.32342506009662697, -0.4767924994941489, -0.3854678773625807, -0.6725923360078663, 0.4173121400919389, -0.25817518510172555, -0.33241100276625396, 0.02524733758873765, -0.29952038545448856, 0.35721075780070155, -0.7421114873421061, 0.40231275016304074, 0.03543001354237575, -0.533848346561918, 0.40025069152329784, 0.3694799336608633, -0.016772861203531178, 0.296567918112216, -0.15285569875277333, 0.4684280512163459, 0.29951345122454187, -0.15915894040452197, 0.4117823330885382, -0.15411936245879687, 0.31374453090672827, 0.30772402234072155, -0.15452073865020782, 0.12332207164082237, 0.6265447655221359, -0.41068992699799695, 0.14627286468446407, 0.28029045418585935, -0.1702720713573005, 0.7818441778464924, 0.15658368669431347, 0.25000943964073513, 0.2286678189346626, -0.027152477897567206, -0.025002144590015506, -0.35474756305672495, 0.6035848774846824, 0.18162761357564847, 0.43037134287375045, -0.4838818943669128, 0.46690902271301793, -0.4148821439211679, 0.05054314902870244, 0.5250814770784619, -0.5659433479313553, 0.33287795458827385, 0.14194586936670267, 0.7865221535533664, -0.5777319904223744, -0.3468158724121514, -0.0173582231272979, -0.4627945494090345, 0.4468342090384222, -0.39651975101802206, 0.5489632229398786, 0.5167370693299511, 0.43228128313282227, 0.2059360954852769, 0.9769511874136196, -0.3332890301816565, 0.001412007126577599, 0.6288291840683125, 0.004333351423367757, -0.5953474064301804, 0.3687450860440076, -0.1837666041072633, 0.7440098128876379, -0.4354394737768177, -0.7550678794447692, 0.552793652157324, -0.016519141717969907, -0.017317115391641907, 0.9906439992060204, -0.7264555395746318, -0.43581972065248736, -0.23301771383475867, -0.03233650637867128, 0.24561801876659486, 0.5656247538647589, -0.529329498160987, -0.31211136526433175, 0.8435045791002194, 0.3042648102730858, 0.0880452462641132, 0.12623276187325136, -0.047670698919839445, -0.4010422564757131, 0.21194125729202623, -0.05956933172646917, 0.44596499129073025, -0.5396220995987099, 0.32324386831237295, -0.08863835449180175, -0.1860445957628093, -0.10214243487453245, 0.534239199303662, 0.3842620356624885, -0.5850891380064345, -0.11105488468424786, 0.18501654790251643, 0.5917366678767524, -0.22129565752784736, -0.7059342628899032, -0.5107871073039393]
494.87310928026847	(8, 12, 2)	[0.8766565223754715, -0.12036208403262358, -0.26846625406621316, -0.504145505025844, 0.10616472852167946, 0.16855969471150117, 0.049685808068672364, -0.09263324887387174, 0.3077491106604566, -0.4878792660424269, -0.34541326667505867, -0.1628956183125954, -0.33205355643022266, -0.4973296182603695, -0.42269412684990154, -0.7066297937275408, 0.41860247119764954, -0.26145723873324306, -0.3225454865844833, 0.10424954487911522, -0.29941046193496085, 0.3539452438196049, -0.7259147887991868, 0.4167162322920093, 0.15903980532078132, -0.5058102730348646, 0.405586175912022, 0.3719004387449655, -0.029556392260091786, 0.3595337545622378, -0.10586692248603267, 0.45653721571728384, 0.29962180453587256, -0.16862360958224434, 0.4124178260891918, -0.15343498555367785, 0.31367213165419944, 0.28194566163639617, -0.0010609983366610676, 0.14113670216814903, 0.6252330647628997, -0.41271436331356787, 0.13860347734041525, 0.2367806459114683, -0.1235338861380384, 0.7840938925531136, 0.16564520864283072, 0.2680996035536207, 0.22665198843191534, -0.027362114743664318, -0.016641275750466266, -0.3261246536831981, 0.6536861323384602, 0.30994604916153495, 0.6169532993172385, -0.4819916809278042, 0.5120708974635639, -0.4145850016562388, 0.01438918221611965, 0.5093302205940453, -0.5530299207555918, 0.3461168055778868, 0.14666900906513658, 0.7868127470541886, -0.5909219106279352, -0.34556977443524395, 0.098386485177245, -0.4471641035957528, 0.4468505828038658, -0.3894794772380916, 0.5494841280109846, 0.362014267961001, 0.43239073945750117, 0.26370891185404083, 0.9775310208355364, -0.3303910047372892, 0.010285049616065162, 0.6319240230907076, -0.0057213047378144605, -0.6008135243832681, 0.3689798999470568, -0.18519012501413118, 0.5319995578111371, -0.3991790908569641, -0.7508174571680486, 0.5564285700479059, -0.01661632551085566, -0.007343036479082158, 0.8645135192975534, -0.7296294181560602, -0.4398901392755368, -0.2260139054069256, -0.029642116677787305, 0.24746413973314, 0.5663828236891846, -0.5247509690168923, -0.30980367114003043, 0.8464549145498994, 0.317491188080907, 0.09222268301845052, 0.13129753357352525, -0.06941256236488538, -0.39838435282422013, 0.21634590704908527, -0.06123706364227896, 0.4524925766432805, -0.5025400117728287, 0.3243637322052156, -0.10594667378189239, -0.17733831307449555, -0.09570008039104985, 0.5349312867229765, 0.3752886987367741, -0.5839732497666464, -0.11021100684203361, 0.19348473127541166, 0.6044455577004418, -0.2307709034354027, -0.705332017774263, -0.5157441521016729]
912.0741231002787	(8, 12, 2)	[0.8763838618166444, -0.14065901408000764, -0.303953859112419, -0.48398896633239746, 0.12800827162303047, 0.15781734050519922, 0.07866705110981306, -0.044089764677013005, 0.3597915643713677, -0.49133498272430565, -0.2245301231718823, -0.14944954618310063, -0.32328391804789747, -0.47247201474040407, -0.38646790983247536, -0.6773049327371947, 0.416159462542289, -0.24076476115323592, -0.3253512470631464, 0.02709829994894324, -0.29941778355779697, 0.35786569299776994, -0.7422213486352124, 0.4020555233700625, 0.02470118867000345, -0.5019286505330103, 0.3998346639726682, 0.3708133643475399, -0.017404980914161382, 0.4437381248588835, -0.16012417092923792, 0.46501927763742923, 0.2919119803539007, -0.1581290474385738, 0.41056593986941564, -0.15433679087457444, 0.3133110313396537, 0.3179188180225181, -0.13046428055432488, 0.13800426090114065, 0.6262185556496156, -0.41716768275646365, 0.14700811716116446, 0.26768712996787064, -0.3761658799675366, 0.7820259949285413, 0.030372224643605658, 0.26035904369481333, 0.22908116337342832, -0.026255865815581588, -0.020093366466565912, -0.37467896973184883, 0.6075901755635156, 0.24390192553666523, 0.500374305682349, -0.48188242260228087, 0.5102739119364503, -0.41542688337762995, 0.05413029602665247, 0.5218088903484641, -0.5628173187665798, 0.34534140142843, 0.14335648890853608, 0.7864140774155931, -0.5778100822276346, -0.34672990860294345, 0.25242818256117067, -0.4595813650177337, 0.4477695553758204, -0.38345123249112284, 0.548135011801508, 0.5192537284222903, 0.3913040968273909, 0.20601146842734536, 0.976134777365505, -0.33331134763838743, -0.02102974030539443, 0.6289166901353133, 0.004107618105938993, -0.6057710402478312, 0.3679542409751126, -0.18325992780654038, 0.5154512491918821, -0.4393000599323468, -0.7538210512164729, 0.5524573090167051, -0.018838734281958203, -0.017605618292298866, 0.9212588478064203, -0.7260318620762167, -0.43076557626279044, -0.23320631478570059, -0.032609427234390906, 0.24635483109240375, 0.5663051899699745, -0.5229998679691631, -0.3148446599444875, 0.8462389401670285, 0.30524172299629215, 0.09287720092326629, 0.13077159717094253, -0.056364104735145054, -0.39974492590854216, 0.18192543154838559, -0.0587142324255865, 0.44598099754943665, -0.5416678049255844, 0.32160290299981587, -0.09341389654028265, -0.18663193824201604, -0.2137032410404998, 0.5345641650414402, 0.3870888061146533, -0.570880614195951, -0.11115569538361757, 0.18321639433375334, 0.5474598473863427, -0.17174385287038124, -0.7046445062331498, -0.5165931524465098]
545.5112497245839	(8, 12, 2)	[0.8752692601319635, -0.12030930698033239, -0.1428688278180213, -0.49546505806955865, 0.10632153881555173, 0.16332438326139734, 0.041343231555871704, -0.03241655726296258, 0.3205731070009352, -0.48815656590223666, -0.33112980964370653, -0.15881905988759631, -0.2539978809650538, -0.4914784409122244, -0.39221796329923403, -0.5435532134226626, 0.41762541173602175, -0.25081575590845245, -0.32101352918952486, 0.09646326607604055, -0.29928222903218615, 0.35372866833317385, -0.7358937362259788, 0.40894339716833694, 0.1373957420584115, -0.504497708057541, 0.40267830541058247, 0.37067546645061616, -0.021641442571610277, 0.3590224339414082, -0.0954487615762351, 0.4570569333801366, 0.30253390366053223, -0.16509949883976996, 0.41637955798563414, -0.1555466489485297, 0.31353515160139966, 0.3107016576350253, -0.15326438485246072, 0.12884877477076218, 0.6260625624716611, -0.4123978249730278, 0.13779759823022808, 0.2613033888741211, -0.23359774279227866, 0.7842353188456197, 0.15646578325191596, 0.1866716902596801, 0.22735884692761846, -0.024457004442869648, -0.005160218395840873, -0.3239129162540638, 0.6509437186780143, 0.347911180844461, 0.621751547682413, -0.48203832459884377, 0.5064206170452746, -0.42327940981308537, 0.060198544981515056, 0.5099152620250583, -0.5457398140649459, 0.3340102815091462, 0.1410871747636448, 0.7841770640697185, -0.5778740550965894, -0.34493458632963064, 0.01911454149540556, -0.44433210407599666, 0.44857130470754625, -0.38907268872895856, 0.5491388832916618, 0.35807740927937237, 0.4007542512311505, 0.21891887781466468, 0.9758721515802029, -0.33117909969960685, 0.021834998429126583, 0.6289457583851128, -0.06419026007701938, -0.5945948430662849, 0.3744113028495045, -0.18205879656057616, 0.5463879279584809, -0.3992653853889233, -0.7672419029099129, 0.579822199345509, -0.016822985211606217, -0.009445171848927247, 0.8669954774417703, -0.7284803279532639, -0.4172045396743697, -0.2262821826813897, -0.029924124822836178, 0.24639614999761722, 0.5661993934056243, -0.5277251302679533, -0.3069000307565011, 0.8384902689435979, 0.31463816312870585, 0.0891322148622108, 0.12941795761319383, -0.05648312516570695, -0.3984966164009098, 0.214579791009334, -0.06486600255327434, 0.4494421116181569, -0.5244006224035823, 0.32350742112834335, -0.09805788144387312, -0.1877547149304295, -0.09557411779465597, 0.5351979508271624, 0.3738327904511064, -0.5818771592030839, -0.11118619332806139, 0.18787641514154893, 0.580306053817728, -0.223242462784289, -0.7052442615519604, -0.5153755315319261]
925.1937141390251	(8, 12, 2)	[0.8766773797178297, -0.14052543450827057, -0.30309466553111486, -0.48422774605853613, 0.12647087137426594, 0.15798166927024432, 0.05411621645056962, -0.02389134305133648, 0.36009125920308543, -0.49103657886742746, -0.20685714383606102, -0.14298056206440402, -0.3232393695724958, -0.4760991206546123, -0.4061145358695873, -0.6746838363302563, 0.4174154720148102, -0.26136564298700277, -0.32810620810682184, 0.026653656762119886, -0.30002965216985633, 0.3574449944794844, -0.7375263736855854, 0.4010307324195592, 0.02777612290245654, -0.47325139461133003, 0.3998080856580786, 0.3707893011786655, -0.01744558593486051, 0.2994891223006942, -0.15860595268720998, 0.4645966047808769, 0.2928624083494164, -0.1642616700614992, 0.4116988586264526, -0.15592306161098052, 0.31391694378905316, 0.31913107384653844, -0.12163795499230354, 0.1367348987711951, 0.62694382750821, -0.4171273137272661, 0.14879843170839138, 0.27632622055388434, -0.2683860872885203, 0.7859306931710529, 0.18105615506173753, 0.28195148007034543, 0.22884608056542335, -0.026595846092349325, -0.06884692579273907, -0.27051444990517237, 0.6081553772778214, 0.2501445222443, 0.44224240560342415, -0.4834766737347286, 0.5056872277522072, -0.4222036912585937, 0.05771980403793017, 0.525387738165762, -0.5642564118574913, 0.3300034439525823, 0.143496758483686, 0.7861508550767329, -0.5763938037674591, -0.34623744076631635, 0.2389751873191842, -0.4556411149054329, 0.4476696507516274, -0.3824143141549224, 0.5485580595390988, 0.5192407547112216, 0.43382044352025567, 0.2238796651304402, 0.9762447094213176, -0.33308193595182245, 0.0008997899621918479, 0.6288628504882134, 0.00591317401336911, -0.6079408370150052, 0.36794051380518694, -0.18420512658660962, 0.5772192033419393, -0.43167189029116404, -0.754310679560624, 0.5520220353954125, -0.017355406918276813, -0.0165357527124629, 0.9454853739059501, -0.7252355404267639, -0.43586296033180866, -0.23319519547377912, -0.032418641950170815, 0.2478703871487107, 0.5664790487383017, -0.37152971710226257, -0.3151005258582656, 0.844563342518612, 0.30520820717477454, 0.0912202546744253, 0.12874446711044935, -0.0559914861165971, -0.4008641147736866, 0.21186560704859117, -0.05852046517062099, 0.44517650987622265, -0.541965063981622, 0.32124368335267633, -0.09044010754419411, -0.18629576516970137, -0.2322592662986888, 0.5344979482341848, 0.38570180535785087, -0.5795257717211594, -0.1106564101931203, 0.19112663645889652, 0.5532598732229478, -0.21015681695629632, -0.7044876660266045, -0.5171931242490072]
646.0745745540069	(8, 12, 2)	[0.861328212639258, -0.12878714629990126, -0.2914559637865868, -0.4963869934165476, 0.11620723288175906, 0.15596716877392605, 0.046167339285630944, -0.002109036910089533, 0.3702956647938388, -0.49692001943740355, -0.30904572266608543, -0.16748704998480268, -0.3232792023246762, -0.4688382367407862, -0.406577806852794, -0.6963742480410521, 0.41744831479283023, -0.25646859859875776, -0.24528498578674285, 0.037806199921151966, -0.3035438902719889, 0.355802109456633, -0.7336011253612156, 0.4159091629473775, 0.04144916884624522, -0.5112743665554184, 0.400551367816753, 0.37288537155607293, -0.02452106254056812, 0.3248508758552953, -0.06239797172038898, 0.4654530514545284, 0.30061999808796025, -0.16900640371479211, 0.4106341080988559, -0.15818181382004493, 0.3134250150807009, 0.3264842480264439, -0.07249885256840741, 0.16452868792647782, 0.6235952658291675, -0.42729224422141693, 0.0868492637304637, 0.2563512548903269, -0.22430256405314633, 0.782814082240034, 0.1517867435178179, 0.19400550012295237, 0.2302025835799193, -0.02903637549664506, -0.027369848136786168, -0.3149295540340422, 0.6280655270122248, 0.32788218752547277, 0.5274059543353343, -0.48069505226777115, 0.5045118887489078, -0.4843578874512011, 0.059080363769926515, 0.5113149492480005, -0.5719180525849391, 0.3309765443957084, 0.14658139630100694, 0.7903207450582231, -0.6042775234200528, -0.3465054316421476, -0.05069739132362812, -0.44539591930727646, 0.4487143726032956, -0.38038472277044505, 0.5558066861120854, 0.4600947517046944, 0.4318801310914055, 0.2016649278490893, 0.9780000657179223, -0.3318818966886158, 0.02069069942366537, 0.6295413380526984, -0.009925332849609135, -0.6011769022123906, 0.4489178259854002, -0.18349051502654254, 0.6284926973345604, -0.4055017650795549, -0.7464321875191328, 0.5638887893928497, -0.020722868320607542, 0.004687500857962662, 0.8674124380319655, -0.7281378801867455, -0.41031854574370996, -0.2189557718327278, -0.03197952255313831, 0.2511035413640762, 0.5834528110723971, -0.523477362938852, -0.30848405165786125, 0.8444209092798762, 0.3184680710150878, 0.09154780119506294, 0.12979051046958706, -0.08299900394218859, -0.399441974372655, 0.19398672610107473, -0.062020422134628904, 0.44634413882842483, -0.5540151397023833, 0.3259634897727093, -0.1049389105359028, -0.17886360739215532, -0.10056595627997503, 0.5347105068520351, 0.3818391255411917, -0.5765689955059198, -0.1107275078687748, 0.18929867018228957, 0.5971122075477658, -0.24764406451263177, -0.7066204755913388, -0.5494876741251407]
759.9774897508191	(8, 12, 2)	[0.8699121324963663, -0.12921957941110068, -0.28085521979126554, -0.49512661690430465, 0.11435030840915822, 0.1554276443715352, 0.04593827375533226, -0.023224257963324627, 0.2992653246629036, -0.49421225208002817, -0.3046584179347818, -0.16734632068489963, -0.31880421955769395, -0.46843106408671925, -0.40522693652653485, -0.6568073005121651, 0.4178092178174841, -0.25643163993925805, -0.29257715260793954, 0.004511321054207852, -0.3009022789085425, 0.35277218546015143, -0.7346214686401903, 0.41545277478662207, 0.024918106136083282, -0.5076606776084166, 0.40084084900500805, 0.3706651418225653, -0.02425934038486279, 0.2728112421446893, -0.09058229136303525, 0.4625607273857743, 0.30000342143888503, -0.17030362797842274, 0.41585274769013003, -0.15670419511013875, 0.3844896315659557, 0.32789494470446384, -0.11389349927500081, 0.15720533571280676, 0.6261752059232386, -0.4172974027052276, 0.12612872619783574, 0.25119771762507886, -0.2253821602221637, 0.7828730375523103, 0.15222620984043625, 0.24508020779204276, 0.22820917425893678, -0.02514659953629433, -0.010992931479136533, -0.31591383098461007, 0.6689326513790039, 0.3314120049837841, 0.48641299590238246, -0.48208430904502503, 0.5048417955328663, -0.4884080289784514, 0.059872982152121605, 0.5114971409940842, -0.571830944349186, 0.3338689603818905, 0.14666070018821528, 0.783480417763664, -0.5809814801219574, -0.34652011392038157, -0.0656406870426374, -0.44010474839866487, 0.44895641605752806, -0.38758782644809675, 0.5522311537125029, 0.44374916946896403, 0.4239919516588742, 0.20376772484942754, 0.9773719428000864, -0.3311943498958196, -0.003242756688667619, 0.6108779405690026, -0.04036741391081417, -0.5974659122932957, 0.36717365829606907, -0.1836400771196729, 0.6280740731688806, -0.3974567725658567, -0.6575782755133447, 0.5779875598986379, -0.016194091836009405, 0.010800921437160589, 0.8679999180640092, -0.7286088091914616, -0.4226275719918475, -0.2210577440694212, -0.033125988020169694, 0.24682533534674464, 0.5658386698954255, -0.5283740956477515, -0.30848379977548207, 0.8438439571641554, 0.31707718108550004, 0.09145130567991638, 0.13011417167774939, -0.08605693348584877, -0.398125724950113, 0.2073396297221069, -0.06255779352342217, 0.44965464573996483, -0.5405990394140608, 0.3259723155495281, -0.09482458549341545, -0.18535999485797644, -0.09805024465517477, 0.5360543461603512, 0.3751896608803937, -0.5766649712471607, -0.11076180660816695, 0.1867411686410299, 0.608378663998023, -0.224222514582911, -0.7056737571952788, -0.5290111506308112]
667.6494885198039	(8, 12, 2)	[0.8624193842247674, -0.129062538106678, -0.29191445864352394, -0.4923819909476476, 0.1137920702104255, 0.15414067441932292, 0.04589664075887215, -0.02602566570597712, 0.29843236740084955, -0.4914997820690832, -0.30966305784005616, -0.1657652789487265, -0.31361692902774935, -0.46797643689389834, -0.40883253640502193, -0.72002732586478, 0.4176955462868725, -0.25393444161249173, -0.3072591566974011, 0.03191514756372291, -0.2996663205380026, 0.3529655352426246, -0.7052782723722373, 0.41583687085797066, 0.03180636659839896, -0.5048841372695695, 0.4031449726989765, 0.3710561830265979, -0.02143507323539338, -0.6174383914495039, -0.13298888292397046, 0.4574439263747657, 0.2988013292083375, -0.16758480657482105, 0.4180223556564252, -0.15266816698680843, 0.37218447306164015, 0.3098294110675187, -0.11123175758055878, 0.13652175435543432, 0.6261608472943143, -0.38661292291669014, 0.13685814972959642, 0.2493850747210435, -0.17210956441163697, 0.7828933941179392, 0.1506836139757484, 0.256623267293086, 0.2269084578839064, -0.025463234071911717, -0.018244549518722713, -0.3197222314260807, 0.6616084500127611, 0.3321511701334311, 0.6439346947238298, -0.4694129576400653, 0.49715504702598357, -0.45238996228777156, 0.06448787642783141, 0.5118203967664063, -0.5693850085591143, 0.33396760598268865, 0.1460216607901949, 0.7844777258597881, -0.5871730240506866, -0.3438953107125454, -0.09714113148883288, -0.44949827577727225, 0.4485986090626634, -0.38737981076743455, 0.5481932833385564, 0.4746551786155502, 0.4160934198530544, 0.20629183640480778, 0.9740891295650551, -0.3309621367230231, -0.007804123352099026, 0.6251540514204765, -0.07067652831085099, -0.5976239247715882, 0.3732958680479946, -0.18280766750900837, 0.5966112052169078, -0.4129292194173175, -0.6675521897487087, 0.5814087138450108, -0.016415705274368045, 0.016124141034243387, 0.8307950513820757, -0.7348769501634268, -0.42524043262752237, -0.22526309331603497, -0.032764643394489194, 0.2655126884872508, 0.5658078750642327, -0.5267337015213536, -0.308108196854806, 0.8437438548891931, 0.28597679935144504, 0.09768848094874014, 0.13210667543612103, -0.08867000343302088, -0.3979702750672723, 0.09442953715608074, -0.06308025434135492, 0.4476041607091295, -0.5322937710481302, 0.32607595221603447, -0.0973414318576012, -0.18501931157680948, -0.09658344113649127, 0.5357453689649628, 0.3749136097619632, -0.578166160490503, -0.11019950605049722, 0.18699061821052868, 0.5977441391298305, -0.22431722646193236, -0.7056802572070167, -0.5241229633847605]
725.8009455364615	(8, 12, 2)	[0.8651792953683395, -0.13555041259504777, -0.18832132745231084, -0.4818755668476309, 0.11661091680239555, 0.1531886164724748, 0.017736106465583094, -0.04143996016704986, 0.3659208435566042, -0.4903067204755251, -0.2418442714982653, -0.1681167313849179, -0.3231274636203821, -0.4754729642501592, -0.3815320323670907, -0.599841046145397, 0.4182719663400994, -0.2589162155746723, -0.302468444800265, 0.019293944596389324, -0.306662205175863, 0.3571219309520873, -0.7375047767284033, 0.4211592421451439, 0.028955139802079647, -0.5034625533250897, 0.39855879935899946, 0.37248809616723055, -0.02296457092917432, 0.3572546532508955, -0.14560569111075042, 0.45696852620890993, 0.2976863629174431, -0.16395738489419753, 0.4133418036401075, -0.16604256040495025, 0.3164444443434017, 0.31739861603195, -0.1245623295607545, 0.1361356597046506, 0.6254787273245297, -0.41474652269836326, 0.11156422794691173, 0.2719802984594265, -0.2916794492140943, 0.7831768258858168, 0.18934029506938588, 0.2652726657148416, 0.22824908732735197, -0.024773378276885777, -0.024274929459403627, -0.33785039070800865, 0.6409978420014503, 0.3168420960676961, 0.5183718327600819, -0.49727248446941363, 0.4934000157209495, -0.4219436563567334, 0.06805700082133245, 0.5250355615799238, -0.5584035173142348, 0.33401154774387753, 0.14608249394336834, 0.7887351900866297, -0.5792305677388405, -0.3464413882269746, 0.14735663407280047, -0.452837597966915, 0.45180535733369254, -0.38288077118227076, 0.5482595808288021, 0.3629666114227743, 0.4382896931129816, 0.21943363458055654, 0.9769099984679577, -0.3312417145403468, 0.0050505900639739535, 0.6269101890425647, -0.01398987908326037, -0.5918551598774909, 0.36896295589850253, -0.18655194909608372, 0.6073822424610856, -0.4150101746509433, -0.7382347595654709, 0.5624879427519189, -0.015954012593897095, -0.021532874364420515, 0.942565565570023, -0.7298010920422149, -0.43105995134797, -0.22520067870464106, -0.01646913994296617, 0.24425027768828697, 0.5671001689574088, -0.4771617383007747, -0.3042528918569892, 0.8367101978136189, 0.3225385314597698, 0.09907275016393143, 0.12857288404372494, -0.07023076615592405, -0.3950026198909528, 0.19885437105573545, -0.06240192490110649, 0.44739886313965194, -0.5505791865041648, 0.3229825654439405, -0.10620826239769267, -0.17604110346469234, -0.09733669743736101, 0.589457361392887, 0.38256909656567517, -0.5832195581337665, -0.10932939090703123, 0.17903259850831618, 0.5858168581226517, -0.21848195411299312, -0.70695583457182, -0.5156636591678998]
886.1355158475083	(8, 12, 2)	[0.8617367051341248, -0.125070275722308, -0.28851289704259453, -0.49433855386107034, 0.11295045724456863, 0.1615214711643058, 0.03861030316604772, -0.05765126764880207, 0.33185969510027813, -0.4983868321299202, -0.22233533628486796, -0.16294454261242414, -0.3156421973995947, -0.4720127769503052, -0.4081304355600399, -0.6650520259882142, 0.41776329035789445, -0.2553086243781323, -0.28819968718546546, 0.029092820410575978, -0.30140020985454324, 0.35355412289608645, -0.7280984050165681, 0.41731822201209173, 0.032474358193887304, -0.4405438156335323, 0.40347367909535636, 0.3710499699929656, -0.020295416316110326, 0.608677569485973, -0.13458608228397267, 0.4587509503402169, 0.29956897133203086, -0.16692817491102815, 0.41374809679747704, -0.13461201214254162, 0.36029629678888914, 0.4582706918610648, -0.11075252051905878, 0.17664643030350272, 0.6250378285252447, -0.4149319532368021, 0.11632603086122043, 0.24954383511666872, -0.2318315563771423, 0.7828733816901973, 0.15115357039456476, 0.2581070969401248, 0.22766081019303785, -0.024723198721669372, -0.0198093375223084, -0.31826320167676486, 0.6486957290652742, 0.33164033993022457, 0.24975826255425493, -0.4997587193081302, 0.506368444793554, -0.4463636970134351, 0.05898916148072967, 0.520941904947254, -0.5729943531653547, 0.33184079905252795, 0.14681936992965902, 0.7842278746716517, -0.5868080471250713, -0.34611683911721, -0.07641317888127458, -0.4499773853436817, 0.4482183652932992, -0.3859444932902852, 0.5500752463373827, 0.6040468942474136, 0.4209275385996101, 0.21411575779081032, 0.9757100664580423, -0.33082580217849106, -0.0017587506468442807, 0.6253658301728823, -0.032969767505349135, -0.6071385492698751, 0.3835900520716309, -0.1836291457701045, 0.6229913729137626, -0.41475752158492907, -0.749270333322781, 0.5762192138148933, -0.016610349142818337, 0.007483049425027581, 0.873363358628821, -0.7343453256583663, -0.40712880799988704, -0.22203814233107264, -0.03402784905884594, 0.24818950972203194, 0.565290509604355, -0.5422626431815307, -0.3074664407354692, 0.8463956704254832, 0.28357589116563403, 0.10139940794793079, 0.13202690333348502, -0.08805228261435513, -0.39766459088372025, 0.04284026796671875, -0.06150938811896196, 0.4410216616058024, -0.5309520992139497, 0.3316329830136194, -0.1011407931649344, -0.18455718139132377, -0.09646196887041783, 0.5357198054079687, 0.3752650347400676, -0.5824777621831777, -0.1105945827043847, 0.16732377348762328, 0.5984164375164036, -0.2252237937626572, -0.7059424399893913, -0.5190858792217682]
576.502019537384	(8, 12, 2)	[0.8704047397386276, -0.1292079114825035, -0.2770560908726978, -0.4960543577489933, 0.11357967012302457, 0.17770341733509923, 0.04550141261472456, -0.017940506977866193, 0.4392262942293801, -0.4947778948424958, -0.28678935774767644, -0.16229298593746672, -0.31947478634645227, -0.4670348079925306, -0.4052374848092629, -0.6545780993580912, 0.4177638723130759, -0.2565691225110864, -0.2938610308421812, 0.06202406720491992, -0.30110255092143545, 0.3531833680708659, -0.7525708053750669, 0.41588939167434336, 0.05470548373087088, -0.5066362248546038, 0.40088378182909323, 0.3715311194618933, -0.023862543464915523, 0.34922098867448426, -0.08834445915366528, 0.40598822221798553, 0.30294695232019214, -0.16252047513441725, 0.4095350521199874, -0.15824301238905014, 0.38509399823472196, 0.3211806741501714, -0.12652009313651638, 0.1567638916314299, 0.6247237863128174, -0.37202133154440914, 0.11766026852245035, 0.252474014310479, -0.21172544466334492, 0.784150447493716, 0.15214972679719763, 0.24395576125238058, 0.22819168156446745, -0.02494602869191582, -0.011442848358183415, -0.33633363425588925, 0.624763571776551, 0.3182844424783391, 0.4851515452755755, -0.4804392319464776, 0.5053024591023363, -0.3975967949970802, 0.07079243165181034, 0.5794624142117126, -0.5693026993074374, 0.33198614241898733, 0.14676968159878437, 0.7849214430110215, -0.6043854171717539, -0.3462252350593491, 0.013247520817039213, -0.4436372687491475, 0.44893386287942805, -0.3892945686694118, 0.5569121948846466, 0.44376590516117204, 0.42742940658698814, 0.21445667452706146, 0.9765183498354025, -0.33119766125439654, 0.026706509424180097, 0.6307742109592156, -0.05316498951396988, -0.5997836869385774, 0.3525815820827926, -0.19450500924476166, 0.7085322465205324, -0.34592025943890886, -0.6611425272487436, 0.5719612336067007, -0.016516608378961763, -0.00494093215229997, 0.8752725905242241, -0.7280760304238654, -0.415574193787722, -0.2250880178635554, -0.03383233339716058, 0.24455573706234413, 0.5713161507719985, -0.5299382788875928, 0.05226256535019447, 0.8437581147616005, 0.31905224887044104, 0.09146505646307969, 0.13040831198262465, -0.08605478023736782, -0.39894984701428293, 0.2121156539053868, -0.0599770521942691, 0.45807904773193187, -0.5274925674624531, 0.33581249155270954, -0.09937140334977511, -0.18369819109387212, -0.10044112437486748, 0.5364418056069041, 0.37416984104595863, -0.582548633896386, -0.11038729318308357, 0.16628141359175017, 0.6420654579851548, -0.22571069644249167, -0.7057186504385741, -0.5290248735856103]
495.7981820346856	(8, 12, 2)	[0.8686005731626483, -0.1370724632014819, -0.31295606578896823, -0.4915790002619708, 0.1229175771606112, 0.1536518360716583, 0.02830456664208124, -0.024028173938825555, 0.3487630548579089, -0.4929514436378871, -0.27058221405036303, -0.15729350910649006, -0.33397343872249846, -0.47683354268454725, -0.4130962577411603, -0.6565090533581175, 0.41744528697406186, -0.25580254582340284, -0.3052703120958512, 0.05367018968965493, -0.32532087192461295, 0.3541058867835643, -0.7340588575679405, 0.3940283052186381, 0.032628418197728964, -0.5074569920393613, 0.4015281198182681, 0.37190582018178486, -0.018990886920349597, 0.4234488014254294, -0.09952523542073104, 0.46677610090670235, 0.296871604199476, -0.16660719911403882, 0.4072790969243229, -0.16016273551589064, 0.32172385399166453, 0.31903971199496, -0.12480556909272333, 0.14263466576890474, 0.6242015868924512, -0.42618125134959467, 0.11225209015624607, 0.2569194333678271, -0.2511532436669491, 0.7833026862663816, 0.1562381053176329, 0.2524008015720593, 0.2297243723909678, -0.027208268861899983, 0.28407238541052215, -0.21977808347863603, 0.6342705010773649, 0.31930112486998674, 0.517969222903923, -0.49509020124303144, 0.5028186509591712, -0.4462890429940342, 0.05095142969131531, 0.5160175732085376, -0.5667294338459867, 0.3348406677317435, 0.14542951912036198, 0.7867421249520354, -0.6000011891912597, -0.365866994921231, -0.03324040242727287, -0.44859923982829586, 0.4488085591700003, -0.3817479894742588, 0.5487310024752194, 0.47025424085853496, 0.43187188305094165, 0.20688887798067704, 0.9781604900007028, -0.3157908198406452, 0.0054424817931259094, 0.6288290631860557, -0.012309688549006655, -0.6000537521974867, 0.3662043842295211, -0.170203696357203, 0.6046329167933185, -0.40068502829695635, -0.7440567256108503, 0.5547308252109258, -0.01815364008219424, 0.023463509823109227, 0.85562741421206, -0.7281318667107991, -0.44071523949933844, -0.22390205961235957, -0.02859549290631492, 0.2619838613673461, 0.5676915401593702, -0.5100392781978298, -0.30900277814049737, 0.8355801671021693, 0.31024848608054195, 0.0976865885682674, 0.13144791281624502, -0.0110132648750417, -0.3971920004748064, 0.20196215026562006, -0.06209433622073542, 0.4425036086259542, -0.5314820960970094, 0.3267220987823495, -0.10474409187531787, -0.18359708133673772, -0.10036104660076035, 0.5646289320668326, 0.37480939836623406, -0.8214264526699234, -0.10954657815212247, 0.18491185842815966, 0.6027111683428115, -0.2147216161694953, -0.7060138710362516, -0.5351740495733478]
