-204.87719685166522	(8, 12, 2)	[-0.8530476288940432, -0.9770056971058114, -0.7416577351106124, 0.999441536981772, 0.14908725810851808, -0.11198268949029355, 0.8081861832781787, -0.4809541982863912, -0.1553022090900411, -0.12680453046771367, 0.42437969301274125, 0.9735857430370525, 0.3468048402447086, 0.48759262415423654, 0.8149806954838301, 0.6852842340682423, 0.8164783543680907, 0.689572536206891, -0.9502845399121858, 0.44702711488229707, -0.025277149706267377, 0.08121572051682735, 0.6813627774878641, 0.8783727968073936, 0.1727893974396364, -0.9946353146092037, 0.07064696599743714, 0.723037013273379, -0.5141732557766618, 0.6728129462724366, 0.02765301516590979, 0.08618965705743031, -0.1882929813238634, 0.05548357384198699, -0.08094968791116419, -0.20614992987389757, -0.13015351218420546, 0.7945323814637353, -0.6531360611574657, 0.9679719293881128, 0.35743848757018415, 0.38131855685319693, 0.1207705082095627, 0.6508454580741094, -0.7170385627814004, -0.6423680414462511, -0.2160423834130707, 0.12181051088920647, 0.9385038054788908, -0.13726321334352942, 0.2585104205726516, 0.10952109602144078, 0.973011723628388, -0.2680419204778266, 0.2708802828651491, 0.11470944009921746, 0.14789836891895392, -0.7197223437890075, 0.8385286186141729, -0.742683972138241, 0.020015417929299284, -0.18239795574834283, -0.8855460296225435, 0.13529325289909955, -0.2145380945380151, 0.9804140459960966, 0.5056083863293144, -0.10696088170373574, 0.6849263448293288, 0.2084500512086518, 0.8835319494385143, 0.42878239665016205, -0.48152932525784276, -0.7693389496697529, 0.6692483525806814, 0.16022755049052684, -0.25727627732160796, 0.09532833656346273, 0.8275758257655692, -0.6283225076649994, -0.5378319615908391, -0.79470134594343, 0.8105766902970319, 0.5787202612411211, 0.2939357797239073, -0.4225882255149449, 0.04780984744885264, -0.8516598624775571, -0.33744105615928977, 0.47783059888018675, 0.5023256022586404, -0.9716724372463661, 0.75676784672207, 0.7035887853688105, -0.27480460443166566, 0.47090112886393354, 0.7473105852615538, 0.43037911081215974, -0.10952255415631851, 0.32250750937826766, -0.6685246267815588, -0.6856445553716357, 0.02695478839672716, -0.6724033875997439, -0.1969841365045053, -0.8374252592328073, 0.0043574070481509075, -0.6812892421803634, 0.5401746537736689, -0.8403155108391664, -0.426569881381488, -0.6914044117820106, 0.2801487423153861, -0.33672431710622486, 0.780650339747186, -0.4220339173217229, 0.9506056382872601, 0.3016947043416023, 0.9256499973445069, 0.09502938700713703]
729.1561033042877	(8, 12, 2)	[-0.8530476288940432, -0.9770056971058114, -0.7416577351106124, 0.999441536981772, 0.14908725810851808, -0.11198268949029355, 0.7492971854188493, -0.4809541982863912, -0.1553022090900411, -0.12680453046771367, 0.42437969301274125, 0.9735857430370525, 0.3468048402447086, 0.48759262415423654, 0.8149806954838301, 0.6852842340682423, 0.8164783543680907, 0.689572536206891, -0.9502845399121858, 0.44702711488229707, -0.025277149706267377, 0.08121572051682735, 0.6813627774878641, 0.8783727968073936, 0.1727893974396364, -0.9946353146092037, 0.07064696599743714, 0.723037013273379, -0.5141732557766618, 0.6728129462724366, 0.02765301516590979, 0.08618965705743031, -0.1882929813238634, 0.05548357384198699, -0.08094968791116419, -0.20614992987389757, -0.13015351218420546, 0.7945323814637353, -0.6531360611574657, 0.9679719293881128, 0.35743848757018415, 0.38131855685319693, 0.1207705082095627, 0.6508454580741094, -0.7170385627814004, -0.6423680414462511, -0.2160423834130707, 0.12181051088920647, 0.9385038054788908, -0.13726321334352942, 0.2585104205726516, 0.10952109602144078, 0.973011723628388, -0.2680419204778266, 0.2708802828651491, 0.11470944009921746, 0.14789836891895392, -0.7197223437890075, 0.8385286186141729, -0.742683972138241, 0.020015417929299284, -0.18239795574834283, -0.8855460296225435, 0.13529325289909955, -0.2145380945380151, 0.9804140459960966, 0.5056083863293144, -0.10696088170373574, 0.6849263448293288, 0.2084500512086518, 0.8835319494385143, 0.42878239665016205, -0.48152932525784276, -0.7693389496697529, 0.6692483525806814, 0.16022755049052684, -0.25727627732160796, 0.09532833656346273, 0.8275758257655692, -0.6283225076649994, -0.5378319615908391, -0.79470134594343, 0.8105766902970319, 0.5787202612411211, 0.2939357797239073, -0.4225882255149449, 0.04780984744885264, -0.8516598624775571, -0.33744105615928977, 0.47783059888018675, 0.5023256022586404, -0.9716724372463661, 0.75676784672207, 0.7035887853688105, -0.27480460443166566, 0.47090112886393354, 0.7473105852615538, 0.4315497514023083, -0.10952255415631851, 0.32250750937826766, -0.6180821859884473, -0.6856445553716357, 0.02695478839672716, -0.6724033875997439, -0.1969841365045053, -0.8374252592328073, 0.0043574070481509075, -0.6812892421803634, 0.5401746537736689, -0.8403155108391664, -0.426569881381488, -0.6914044117820106, 0.2801487423153861, -0.33672431710622486, 0.780650339747186, -0.4220339173217229, 0.9506056382872601, 0.3016947043416023, 0.9256499973445069, 0.09502938700713703]
205.55396425825768	(8, 12, 2)	[-0.34800976049274374, 0.115427963548148, 0.9433761611376477, 0.01235558661693692, 0.9405645144793835, -0.11642261952789551, -0.001982383199048199, 0.6410797944287765, 0.20996682975375447, 0.6850242087551646, -0.5783842696679494, -0.13126909859985886, -0.28821485437288863, 0.023083442479259808, 0.15841394199194592, -0.1264329986393209, 0.0441398026342979, 0.8976370843788781, 0.7006257741163454, 0.14057385392722815, 0.019481715025161966, 0.33028097202831463, -0.9940440386101312, 0.016781737825466908, 0.11019570145316204, -0.9818453476382718, 0.45565776298953586, 0.6606206971013857, -0.2193415220681531, 0.5547533777676297, -0.5959022878828488, -0.716315501208161, 0.37198617259497796, 0.24667768061118905, -1.0499650460724645, 0.6421702340780402, 0.21857713013763874, -0.887360007121086, -0.8978768174418494, 0.4108922183782404, 0.7290126644955484, 0.020583283489095106, 0.14419202760610617, 0.14975127182907325, 0.6210855355067035, 0.7177222287508129, -0.517319108327797, -0.2848133360948767, -0.49574580130554813, 0.1859620965903182, -0.17365270104942088, 0.49461639475867303, 0.2613769228095902, 0.2654425311206322, 0.030040571762828837, 0.6583407527243235, 0.5850888427732901, 0.9735325419363599, 0.23761011235440815, -0.35956219348739826, -9.883953086091413e-05, -0.5609591059403569, 0.33942760145293727, -0.5617429336868488, 0.41872698946748727, -0.6920972036129818, 0.08630861123153702, -0.37138492558510827, 0.5759496200487106, -0.07583965869702047, 0.602948599570565, -0.08812215730566009, 0.7526759928226462, -0.20136211320610142, 0.0041468370694466294, -0.49723542958659184, -0.8363727375690091, 0.17207079263825031, 0.012349171776090212, -0.704348707204021, 0.868652013016227, 0.5647627453938832, -0.06681531019702092, 0.13136199373775312, -0.709791026279059, 0.04876889897564227, -0.28907771945314653, -0.19245312007044602, 1.0335944520801839, 0.6639424143647484, 0.74475089117315, -0.9909149228700037, 0.8052062360997836, 0.9302965766387592, -0.8537852193630148, -0.7695432556681372, 0.46096663150721157, -0.23374427047719357, -0.5073531790834505, 0.4453021334761247, -0.3360597886543656, 0.5397795343875132, 0.6197325151001992, -0.6767173918525706, -0.0917403442881813, 0.2912624517399358, 0.027372762360720837, -0.024690559199074702, 0.273709747398715, 0.25135960183093586, 0.9531068012701381, -0.8310113098446947, -0.1310103108396737, 0.5194238009793324, 0.8331156874769303, -0.2802456278492862, 0.4575992861010148, -0.05982390771244672, -1.1470280365099765, -0.3043360965087376]
158.93267282901684	(8, 12, 2)	[-0.34800976049274374, 0.115427963548148, 0.9433761611376477, 0.01235558661693692, 0.9405645144793835, -0.11642261952789551, -0.001982383199048199, 0.6410797944287765, 0.20996682975375447, 0.6850242087551646, -0.5783842696679494, -0.13126909859985886, -0.28821485437288863, 0.023083442479259808, 0.15841394199194592, -0.1264329986393209, 0.0441398026342979, 0.8976370843788781, 0.7006257741163454, 0.14057385392722815, 0.019481715025161966, 0.33028097202831463, -0.9940440386101312, 0.016781737825466908, 0.11019570145316204, -0.9818453476382718, 0.45565776298953586, 0.6606206971013857, -0.2193415220681531, 0.5547533777676297, -0.5959022878828488, -0.716315501208161, 0.37198617259497796, 0.24667768061118905, -1.0499650460724645, 0.6421702340780402, 0.21857713013763874, -0.887360007121086, -0.8978768174418494, 0.4108922183782404, 0.7290126644955484, 0.020583283489095106, 0.14419202760610617, 0.14975127182907325, 0.6210855355067035, 0.7177222287508129, -0.517319108327797, -0.2848133360948767, -0.49574580130554813, 0.1859620965903182, -0.17365270104942088, 0.49461639475867303, 0.2613769228095902, 0.2654425311206322, 0.030040571762828837, 0.6583407527243235, 0.5850888427732901, 0.9735325419363599, 0.23761011235440815, -0.35956219348739826, -9.883953086091413e-05, -0.5609591059403569, 0.33942760145293727, -0.5617429336868488, 0.41872698946748727, -0.6920972036129818, 0.08630861123153702, -0.37138492558510827, 0.5759496200487106, -0.07583965869702047, 0.602948599570565, -0.08812215730566009, 0.7526759928226462, -0.20136211320610142, 0.0041468370694466294, -0.49723542958659184, -0.8363727375690091, 0.17207079263825031, 0.012349171776090212, -0.704348707204021, 0.868652013016227, 0.5647627453938832, -0.06681531019702092, 0.13136199373775312, -0.709791026279059, 0.04876889897564227, -0.28907771945314653, -0.19245312007044602, 1.0335944520801839, 0.6639424143647484, 0.37156709674306976, -0.9909149228700037, 0.8052062360997836, 0.9302965766387592, -0.8537852193630148, -0.7695432556681372, 0.46096663150721157, -0.23374427047719357, -0.5073531790834505, 0.4453021334761247, -0.3360597886543656, 0.5397795343875132, 0.6197325151001992, -0.6767173918525706, -0.0917403442881813, 0.2912624517399358, 0.027372762360720837, -0.024690559199074702, 0.273709747398715, 0.25135960183093586, 0.9531068012701381, -0.8310113098446947, -0.1310103108396737, 0.5194238009793324, 0.8331156874769303, -0.2802456278492862, 0.4575992861010148, -0.05982390771244672, -1.2521993099435422, -0.3043360965087376]
861.1260059125423	(8, 12, 2)	[-0.6557443949917079, -0.6733606796227255, 0.3983586093588878, 0.23010842574133142, -0.10290940859770592, -0.20130308217997228, -1.1575419800777607, -0.2817862069326027, -0.02173626461111744, 0.23960464723297215, 0.32215055191533737, -0.46391313325575123, 0.3234047540069955, 0.21712867021999777, 0.5112162941540455, 0.701172539612362, 1.032875451825366, 0.5786149957050932, -0.841883273061491, -0.25721496561966795, -0.048853156197687736, -0.18779916504518568, 0.1255282308421659, 0.6483674346320156, 0.5876289719347938, 0.5735636176918939, 0.24460638563920262, 0.4451061809893892, -0.49867656386574855, 0.6317967053236447, 0.022944721025438625, -0.4001459533493696, 0.13102779490352878, -0.20610220777740318, -0.5120095062806023, -0.2503676555842615, 0.6042171132834722, 0.7525794928144376, -0.42862929042693565, 0.9480537657594741, 0.4643744820129769, -0.4202588369228928, -0.48777415647671185, 0.48922449147475766, -0.07837996141522752, -0.10448473103523226, -0.1937914807089046, 0.42670549740898567, 0.8743700498361762, -0.1767756254086047, 0.2927229580804363, 0.10797724734333186, 0.9035057222340845, -0.37731665083510185, 0.010778950000578186, 0.4957213577131986, 0.10767343949337585, -0.3652982477580422, 0.32621036426210354, -0.05664214976133697, -0.9398687160047247, -0.02403655700338661, -0.9173687946085247, 0.5391687755689465, -0.18595409468111201, 0.5736180422248213, 0.28414257471050863, -0.015660629342991284, 0.6457372653011885, 0.23926177924934022, 0.44575759100879797, -0.4032612124951297, 0.9637882741760478, -0.8175071510563197, 0.2644481943495327, 0.12646307174112686, -0.2913872993131383, -0.5586821379867037, 0.9296129048432142, -0.4860066939322015, -0.09093613992428518, -0.12336821858397284, -0.7102731863415307, 0.22896369045587733, 0.29258018143502157, -0.5043275917519926, -0.0774086568154094, -0.26058720566572857, 0.6647131265830946, 0.0986818629707295, 0.45345931211696344, 0.2134710923384957, 0.4551723024283939, 0.376730368262735, -0.39462912433096464, 0.27561837779450293, 0.8298360521971011, 0.35088385590733595, -0.8504289595306617, -0.5900815544594521, -0.932900872868797, 0.33633573568574304, 0.2471921374834176, -0.9352034627824536, 0.4045352034252952, -0.3940024672799909, -0.18948559578157892, -0.9001753480554765, 0.26379842126104935, -0.8005872176035972, -0.34562415626167836, -0.6747039283654832, 0.51070162928591, -0.5731487631633387, 0.2516151512113135, -0.5266534580391791, 0.9895445784960868, -0.05073014468201982, 0.9602304456136186, -0.18429019352359188]
525.7301760038958	(8, 12, 2)	[-0.39309657363731715, -0.5719938985004538, 0.37708570690188015, 0.2296324109562191, 0.5482492344701939, -0.16013576578885602, -0.18410405647791217, 0.060404367178176266, -0.05853711117221541, 0.6264960900170452, 0.3870565136465899, -0.6129738437221739, 0.4095969058094168, 0.055115187354230696, 0.1946995924803051, -0.6170121396990591, -0.38750259919883684, 0.37769176369503277, 0.15839819497509144, 0.39050527630707493, 0.04876378170101113, -0.1908814679148148, -0.2447565053917195, -0.005448348234957323, 0.23037302958463216, -0.8561320734698954, 0.3169600813226421, 0.44588265955216605, -0.35623943729270424, 0.5304625276484196, 0.24413604860691182, 0.6388887635060176, -0.20500502483261251, 0.09739652640192886, -0.4756080634754571, -0.3399569241450344, 0.5934182641836578, 0.22140226330068247, -0.28921771991977907, 0.9431562962888117, 0.5469716187694488, -0.4894092191892139, -0.4209619025172316, 0.23860562375598063, 0.19689881219385924, 0.35289165647728193, -0.026956714619203348, -0.9239500149634848, 0.164930009670482, -0.22686835357523696, -0.019046366739979115, 0.24199590238334645, 0.8551500309709879, -0.09434219534418209, 0.06798874895804302, 0.1821594592441977, 0.27338409948513975, -0.17805281838582426, 0.3263113829621077, -0.07646694800192566, -1.0640425672239906, -0.1194859267606141, -0.9349200067365722, 0.4218698629548807, 0.4243446202525183, -0.09156126522081576, 0.09240569204616732, -0.3369034964318358, 0.4799018600889189, 0.12403238739517142, 0.4292504278870558, -0.4711598074938349, 0.9106906167657419, -0.49864995586928434, 1.144603633269608, -0.42804554270829226, -0.6699916375597257, -0.596844449767052, 1.0827469074322875, -0.12112706841912624, 0.07368277756083025, -0.2607262556374864, -0.8615517544013653, 0.21180224260919128, -0.6377462702442875, -0.5349120265587034, 0.051710735514917505, -0.10779733284329776, 0.6714028422663925, 0.1693686550056887, -0.07843755433226085, -1.1983467073282963, 0.8494598637354005, 0.5485939256523295, -0.44275092391852183, 0.18960147750278677, 0.4699501506919528, -0.049768118873504213, -0.4892976514687789, 0.6843457270948741, -1.1873601730658931, -0.17592772744285295, 0.32658858609845337, -0.3304294990239436, 0.14754167763319548, -0.37165749223363675, -0.12548622724557393, -1.0120957862432485, -0.6535504645922559, -0.9922065287490591, -0.3182437240527453, -0.6713241647567302, 0.4411577902108122, -0.2758064906388461, 0.8879551683873329, -0.4566611577362306, 0.32976106838888813, -0.09192230718511438, -0.8381795682695332, -0.16633797097530756]
962.3067461962974	(8, 12, 2)	[-0.39309657363731715, -0.5719938985004538, 0.37708570690188015, 0.2296324109562191, 0.5482492344701939, -0.16013576578885602, -0.18410405647791217, 0.060404367178176266, -0.05853711117221541, 0.6264960900170452, 0.3870565136465899, -0.5674210134101659, 0.4095969058094168, 0.055115187354230696, 0.1946995924803051, -0.6170121396990591, -0.38750259919883684, 0.37769176369503277, 0.15839819497509144, 0.39050527630707493, 0.04876378170101113, -0.1908814679148148, -0.2447565053917195, -0.005448348234957323, 0.23037302958463216, -0.8561320734698954, 0.3169600813226421, 0.44588265955216605, -0.35623943729270424, 0.5304625276484196, 0.24413604860691182, 0.6388887635060176, -0.20500502483261251, 0.09739652640192886, -0.4756080634754571, -0.3399569241450344, 0.5934182641836578, 0.22140226330068247, -0.28921771991977907, 0.9431562962888117, 0.5469716187694488, -0.4894092191892139, -0.4209619025172316, 0.23860562375598063, 0.19689881219385924, 0.35289165647728193, -0.026956714619203348, -0.9239500149634848, 0.164930009670482, -0.22686835357523696, -0.019046366739979115, 0.24199590238334645, 0.8551500309709879, -0.09434219534418209, 0.06798874895804302, 0.1821594592441977, 0.27338409948513975, -0.17805281838582426, 0.3263113829621077, -0.07646694800192566, -1.0640425672239906, -0.1194859267606141, -0.9349200067365722, 0.4218698629548807, 0.4243446202525183, -0.09156126522081576, 0.09240569204616732, -0.3369034964318358, 0.55344767840879, 0.12403238739517142, 0.4292504278870558, -0.4711598074938349, 0.9106906167657419, -0.49864995586928434, 1.144603633269608, -0.42804554270829226, -0.6699916375597257, -0.596844449767052, 1.0827469074322875, -0.12112706841912624, 0.07368277756083025, -0.2607262556374864, -0.8615517544013653, 0.21180224260919128, -0.6377462702442875, -0.5349120265587034, 0.051710735514917505, -0.10779733284329776, 0.6714028422663925, 0.1693686550056887, -0.07843755433226085, -1.1983467073282963, 0.8494598637354005, 0.5485939256523295, -0.44275092391852183, 0.18960147750278677, 0.4699501506919528, -0.049768118873504213, -0.4892976514687789, 0.6746067811419498, -1.1873601730658931, -0.17592772744285295, 0.14114016041887492, -0.3304294990239436, 0.14754167763319548, -0.37165749223363675, -0.12548622724557393, -1.0120957862432485, -0.6535504645922559, -0.9922065287490591, -0.3182437240527453, -0.6713241647567302, 0.4411577902108122, -0.2758064906388461, 0.8879551683873329, -0.4566611577362306, 0.32976106838888813, -0.09192230718511438, -0.8381795682695332, -0.16633797097530756]
725.2709821997519	(8, 12, 2)	[-0.7676335231120146, -0.6304730972721933, 0.559975366247742, 0.012806828141231075, 0.9596584179057202, -0.10233628497763167, -0.49392666969246357, 0.5807148998368667, 0.20796913297915826, 0.1581839276969192, -0.6843407940987335, -0.3440224684916968, 0.5444398567658314, -0.04159244612357881, 0.11759505770338101, -0.14800034597304143, 0.8323530088306652, 0.7689938904886585, -0.6307602430258927, 0.12040678843320118, -0.006753340894718223, 0.20895119171310184, -0.946086036465577, 0.0276731173717482, 0.11269750903910904, -1.0356469185246857, 0.33671873111740946, 0.6660091508296062, -0.5228292949403004, 0.554636763544103, -0.03662006459532885, 0.09156793568079413, 0.0028043311949617067, 0.2425810572663815, -0.9306523084340499, 0.25758473089879663, -0.27645825944554864, -0.47653783193317545, -0.7481705414075321, 0.8369190654285685, 0.763195259734447, 0.026078692320293292, 0.1442790595321381, 0.14245138677421365, 0.8971124394447645, -0.08538059355790201, -0.49933522832891925, -0.45860664354250014, -1.0939761362303873, -0.021489502087100723, -0.18812255865485134, 0.3917567595299929, 0.8368077485336918, 0.016632695696596478, 0.02855347625757967, 0.7768420252858572, 0.175166585943498, 0.917185667473103, 0.595114508438729, -0.2740218004300673, 0.14860718270347362, -0.06857083138144804, 0.17253066616604912, -0.38860736009005586, -0.026148878484554605, -0.8301374947135822, 0.08551012740335649, -0.46470796828851857, 0.6038511546784125, -0.08539245917806869, 0.7413816440801589, 0.008557941253517394, 0.8820472935706297, -0.28796192913134566, 0.03361199028202472, 0.21652841162884273, -0.7451455192738958, 0.08964282223548042, 0.0801048139936357, -0.5914998791145261, 0.17172699347986997, -0.4690956332073355, 0.24820053476438583, 0.3620619352741658, 0.05847467603879264, 0.1384844874119559, -0.23025346839391259, -0.23306562306104567, -0.7658024836178957, 0.5939750645964461, 0.5339635591815601, -0.9975007211203963, 0.7284109443345537, 0.8969033831841784, -0.4712974189880553, -0.688632281079566, 0.4856694028277, -0.17532985728675782, -0.29734702815596276, 0.4543063457905518, -0.3229895500950153, 0.5828582373706099, 0.2613872697392321, -0.839304602762355, 0.1416957954386589, 0.45484266034262555, 0.0213889368496575, -0.13604033880649788, 0.3268103999904002, 0.37205385525219326, 0.9009435987908602, -0.7182289858326117, -0.08226720152629358, 0.49071253809506166, 0.8079604545887314, -0.3361810278082612, 0.9367193403697895, -0.11629131273458955, 0.12667110416888128, -0.17221453552134464]
1079.6949263989711	(8, 12, 2)	[-0.36877017471565016, -0.5341155319867645, 0.7023626535455418, 0.21940953187778262, 0.4709084395239505, -0.14137908953788011, -0.16942579594248156, 0.19900721855536438, -0.02975307170610702, 0.6318355026357493, -0.45269142264844764, -0.4007275254530916, 0.42477210596023696, -0.019873503829774097, 0.20618258272882434, -0.5776955116708624, -0.2719084871077242, 0.650106133744758, 0.20214901050169615, 0.37867394548947625, 0.04173546264562619, -0.3037112980402237, -0.1362956835939826, -0.07158631476417224, 0.2307506427842715, -0.8513298454572005, 0.37879997772713436, 0.5686491451147148, -0.2524025744054208, 0.5439034456458303, 0.29973173567237943, 0.9172523326012973, -0.28258033038906066, 0.15332579104938304, -0.47235000404178795, 0.9271593038625795, 0.6291453923183176, -1.0386042266010977, -0.34627455509505967, 0.9752310240887492, 0.6386040796918463, -0.4043580148418082, -0.15814189493965025, 0.20594289383727957, 0.19768700309393353, 0.5173629582784484, -0.028410829915402447, -1.0284371413781979, -0.06877756930524648, -0.07716849073230386, -0.06005838351125099, 0.24973246753945882, 0.5724229509759855, 0.14777004942900399, 0.05946123658586305, 0.21404643293018077, 0.24643765870751738, 0.13920096720680997, 0.33199543654877883, -0.09664779307458865, -1.2599448187941102, -0.07372859646792444, -0.8799472470423342, 0.40665431034083444, 0.41923983131072606, -0.09911934401367709, 0.09058750866408524, -0.34546128513838303, 0.5344796669611963, -0.009820821536746668, 0.43449768225957375, -0.46880883701838794, 0.9021974213774268, -0.3911313042218666, 0.8963045825111395, -0.4358666527323078, -0.6317920776727783, -0.5108998844690696, 0.22234139503042094, -0.05935770066667907, -0.08578301382286446, -0.24072850265019727, -0.793140984443321, 0.21305006140789487, -0.6344629935201977, -0.42379225216509575, 0.027061339737557435, -0.15473527825857825, 0.6395766649920954, 0.3727947079668939, -0.04110466084839631, -1.2206166794133033, 0.8649691487449721, 0.5694086602807676, -0.4628786704237716, -0.8403716988590096, 0.46843492217987515, -0.055424384658817674, -0.4901988534928235, 0.6404531454160863, -0.5232830006963829, -0.16275957513035352, -0.03387991758640835, -0.32799174221922645, 0.10581475290171351, -0.09420256023260482, 0.004778859428185511, -0.8932744587146576, -0.5986746435098931, -0.7937128863005767, -0.06807889607858975, -0.6791908271571683, 0.2986582009957686, 0.1329368102412679, 0.8959626886970425, -0.4678812329885077, 0.4025621651250703, -0.1925747668200594, -0.9735466827465219, -0.15725627332815512]
854.0116606197355	(8, 12, 2)	[-0.3722681328877003, -0.5680674717670811, 1.0702403376529839, 0.26262498636248943, 0.49033376048718097, -0.12592019091386764, -0.1869102054798894, 0.22025685673939407, -0.06361328598017688, 0.6249587318870313, 0.03928870694907799, -0.37098401984077833, 0.3918213655070703, 0.0577932382355556, 0.17815504800660614, -0.563102959135367, -0.13838096982483145, 0.5935448221901714, 0.15785667060759287, 0.41230075144321954, 0.03981005952337598, -0.15082484853501316, -1.054538165324367, -0.019946232401269682, 0.2333520944062259, -0.7609370639025289, 0.32900495877734437, 0.5247846956333877, -0.35302150363582785, 0.5416358665806347, 0.24504676768470837, 0.7855940787522648, 0.03465381658969913, 0.10735595612797066, -0.35247887854230114, 0.15241734799083204, 0.6537179484059196, 0.22394545774694707, -0.4640931993528302, 0.9418397691124025, 0.7384310454969975, -0.4340519254182127, -0.5750764499780863, 0.2080878045926351, 0.19921182489554196, 0.6562549974493022, -0.12753846873198693, -0.549003337166603, -0.3086898279268408, -0.20003301366959797, -0.13708364236556905, 0.24252168623709414, 0.8981629381309884, -0.08836936264192402, 0.059034988638843426, 0.15196260860187386, 0.20768875754624025, -0.20715842615095242, 0.2621019626815521, 0.072125987782374, -1.0516671892550609, -0.04501898871369353, -0.6822821412844147, 0.4402910114611899, 0.4222229333612143, -0.11230838986677175, 0.0881583201241992, -0.3335612311199877, 0.5587143456010912, 0.15379042529268433, 0.4415136337441362, -0.3609663950501314, 0.8012799723929926, -0.46854965033108253, 0.774132317663078, -0.4273064239050374, -0.8184527992334493, -0.3192200282592861, 0.039187678290046574, -0.0976316396305364, -0.08029320913711123, -0.24091018254958788, -0.6248240599556805, 0.20531478620310217, -0.6681676613504327, -0.7734864246418043, -0.011584357834289724, -0.09037272337946428, 0.7272510909611775, 0.41715150007088914, 0.16332421161533145, -1.2035591888676074, 0.8706452932198965, 0.5471097365779833, -0.3711221637311706, 0.38299573571755774, 0.4700236644298899, -0.0579657995270167, -0.5646040990979801, 0.9472900475463477, -1.1620740109051197, -0.15067338308945466, 0.10266095339569832, -0.4039513304148142, 0.2063670180877647, -0.26039526829472515, 0.07394261488153062, -1.0000788291669869, -0.2372334079456765, -0.7826628187367545, -0.11112510384932922, -0.7006441945303398, 0.4917918545484298, -0.3539352268946155, 0.7976081296770546, -0.47459798056423647, 0.44878835913778564, -0.12140835621938903, -1.027810821519701, -0.21584536800640003]
1145.2885018998795	(8, 12, 2)	[-0.3722681328877003, -0.5680674717670811, 1.0702403376529839, 0.26262498636248943, 0.49033376048718097, -0.12592019091386764, -0.1869102054798894, 0.3251923230190968, -0.06361328598017688, 0.6249587318870313, 0.03928870694907799, -0.37098401984077833, 0.3918213655070703, 0.0577932382355556, 0.17815504800660614, -0.563102959135367, -0.13838096982483145, 0.5935448221901714, 0.15785667060759287, 0.41230075144321954, 0.03981005952337598, -0.15082484853501316, -1.054538165324367, -0.019946232401269682, 0.2333520944062259, -0.7609370639025289, 0.32900495877734437, 0.5247846956333877, -0.35302150363582785, 0.5416358665806347, 0.24504676768470837, 0.7855940787522648, 0.03465381658969913, 0.10735595612797066, -0.35247887854230114, -0.0417865545952813, 0.6537179484059196, 0.22394545774694707, -0.4640931993528302, 0.9418397691124025, 0.7384310454969975, -0.4340519254182127, -0.5750764499780863, 0.2080878045926351, 0.13243055691432198, 0.6562549974493022, -0.12753846873198693, -0.549003337166603, -0.3086898279268408, -0.20003301366959797, -0.13708364236556905, 0.24252168623709414, 0.8981629381309884, -0.08836936264192402, 0.059034988638843426, 0.15196260860187386, 0.20768875754624025, -0.20715842615095242, 0.2621019626815521, 0.072125987782374, -1.0516671892550609, -0.04501898871369353, -0.6997367252806055, 0.4402910114611899, 0.4222229333612143, -0.11230838986677175, 0.0881583201241992, -0.2503243394679133, 0.5587143456010912, 0.15379042529268433, 0.4415136337441362, -0.3609663950501314, 0.8012799723929926, -0.46854965033108253, 0.774132317663078, -0.4273064239050374, -0.8184527992334493, -0.3192200282592861, 0.039187678290046574, -0.0976316396305364, 0.15611811661728492, -0.24091018254958788, -0.6248240599556805, 0.20531478620310217, -0.6681676613504327, -0.7734864246418043, -0.011584357834289724, -0.09037272337946428, 0.7272510909611775, 0.41715150007088914, 0.16332421161533145, -1.2035591888676074, 1.0820276764598198, 0.5471097365779833, -0.3711221637311706, 0.38299573571755774, 0.4700236644298899, -0.0579657995270167, -0.5646040990979801, 1.1023838578480591, -1.0891340139309158, -0.15067338308945466, 0.048451442326850266, -0.511737376333609, 0.2063670180877647, -0.26039526829472515, 0.07394261488153062, -1.0000788291669869, -0.2372334079456765, -0.7826628187367545, -0.11112510384932922, -0.7006441945303398, 0.4917918545484298, -0.3539352268946155, 0.7976081296770546, -0.47459798056423647, 0.44878835913778564, -0.12140835621938903, -1.027810821519701, -0.21584536800640003]
1027.6240710011443	(8, 12, 2)	[-0.3722681328877003, -0.5680674717670811, 1.0702403376529839, 0.26262498636248943, 0.49033376048718097, -0.12592019091386764, -0.1869102054798894, 0.3996095775276033, -0.06361328598017688, 0.6249587318870313, 0.03928870694907799, -0.37098401984077833, 0.3918213655070703, 0.0577932382355556, 0.17815504800660614, -0.563102959135367, -0.13838096982483145, 0.5935448221901714, 0.15785667060759287, 0.41230075144321954, 0.03981005952337598, -0.15082484853501316, -1.054538165324367, -0.019946232401269682, 0.2333520944062259, -0.7609370639025289, 0.32900495877734437, 0.5247846956333877, -0.35302150363582785, 0.5416358665806347, 0.24504676768470837, 0.7855940787522648, 0.03465381658969913, 0.10735595612797066, -0.35247887854230114, -0.0417865545952813, 0.6537179484059196, 0.22394545774694707, -0.4640931993528302, 0.9418397691124025, 0.7384310454969975, -0.4340519254182127, -0.5750764499780863, 0.2080878045926351, 0.13243055691432198, 0.6562549974493022, -0.12753846873198693, -0.549003337166603, -0.3086898279268408, -0.20003301366959797, -0.13708364236556905, 0.24252168623709414, 0.8981629381309884, -0.08836936264192402, 0.059034988638843426, 0.15196260860187386, 0.20768875754624025, -0.20715842615095242, 0.2621019626815521, 0.072125987782374, -1.0516671892550609, -0.04501898871369353, -0.6997367252806055, 0.4402910114611899, 0.4222229333612143, -0.11230838986677175, 0.0881583201241992, -0.2503243394679133, 0.5587143456010912, 0.15379042529268433, 0.4415136337441362, -0.3609663950501314, 0.8012799723929926, -0.46854965033108253, 0.774132317663078, -0.4273064239050374, -0.8184527992334493, -0.3192200282592861, 0.039187678290046574, -0.0976316396305364, 0.15611811661728492, -0.24091018254958788, -0.6248240599556805, 0.20531478620310217, -0.6681676613504327, -0.7734864246418043, 0.08635459402442852, -0.09037272337946428, 0.6828379628184036, 0.41715150007088914, 0.16332421161533145, -1.2035591888676074, 1.0820276764598198, 0.5471097365779833, -0.3711221637311706, 0.38299573571755774, 0.4700236644298899, -0.0579657995270167, -0.5646040990979801, 1.1023838578480591, -1.0891340139309158, -0.15067338308945466, 0.048451442326850266, -0.511737376333609, 0.2063670180877647, -0.26039526829472515, 0.07394261488153062, -1.0000788291669869, -0.2372334079456765, -0.7826628187367545, -0.11112510384932922, -0.7006441945303398, 0.20587502266182206, -0.3539352268946155, 0.7976081296770546, -0.47459798056423647, 0.44878835913778564, -0.12140835621938903, -1.027810821519701, -0.21584536800640003]
1407.2318856688337	(8, 12, 2)	[-0.3708782321505147, -0.5738059709545433, 0.4403688782032057, -0.09325987361865622, 0.5238968218513224, -0.12328149249654347, -0.18629699715664416, 0.1614488012411996, -0.06053075573121925, 0.6280017844003004, 0.474145616979791, -0.3958196101605241, 0.3423194398395213, 0.05769856845048601, 0.1734585460238428, -0.6432488302325089, 0.12100480056720925, 0.3699281840355956, 0.17351126343194345, 0.41143077428758446, 0.005968455885873934, -0.12869338446993983, -0.09204398760534249, -0.21538413381945148, 0.31571672835413284, -0.8127700400987895, 0.31979066369962544, 0.4925665267906636, -0.30565442762209666, 0.5413313130518479, 0.24579313929125807, 0.629373960454885, 0.036011100718838895, 0.1042017400119795, -0.46864325566947773, -0.47989728565834866, 0.6533208366817193, 0.21333617114333767, -0.337156474894178, 0.9261908591413631, 0.6606513932452747, -0.4218201507848684, -0.6976144459621423, 0.23174060673446037, 0.15351927183569783, -0.5838447693187663, -0.13191782100573848, -0.673019770108948, -0.3366960183099587, -0.1959534275386047, -0.1306569018442152, 0.2402308662127125, 0.8786807816201281, -0.014305377362838503, 0.06026432345144261, 0.1856444488976466, 0.22431316368678564, -0.14518363868663772, 0.2668101590153556, -0.05451177953635378, -1.0912348436785744, -0.05160704610437941, -0.6418474463046537, 0.4432982474300542, 0.3999942211358603, -0.1344559901745574, 0.08895676103509506, -0.33798223929127963, 0.5623310550983942, 0.13124205572760672, 0.4400276119279724, -0.32656731489557744, 1.1272769295286325, -0.46889466152109227, 0.7865400066609212, -0.525172066088306, -0.7467012339407446, -0.5496363851775079, 0.2719882364476362, -0.10652648978912413, 0.1660375325743621, -0.24312911947515733, -0.6771898954019949, 0.20944306447433486, -0.657964883116278, -0.6299582475552348, -0.023237378014690974, -0.09366858232919997, 0.7810419667370498, 0.5477664654552872, 0.10838645351090162, -1.2038976095365528, 0.9842314332319387, 0.5197320482868156, -0.5136480598795887, 0.2701323004680376, 0.4699742744045668, -0.08655555577206883, -0.5312282793978861, 0.9823353142836984, -1.0863933183000967, -0.1627825494339859, 0.1308576182468897, -0.51646855702444, 0.1828393555758684, -0.17814576709769117, 0.052411511356386394, -0.9478173795786115, -0.31606500010404076, -0.781259871753619, -0.14440079452511484, -0.6876150940605338, 0.36759581572450756, -0.3248696790457458, 0.8141106116097049, -0.46276209923910805, 0.4575020765191351, -0.09447336397600367, -0.9937886045492653, -0.21592489575344417]
894.1277723497418	(8, 12, 2)	[-0.3722681328877003, -0.5680674717670811, 1.0702403376529839, 0.26262498636248943, 0.49033376048718097, -0.12592019091386764, -0.1869102054798894, 0.3251923230190968, -0.06361328598017688, 0.7096194933647301, 0.03928870694907799, -0.37098401984077833, 0.3918213655070703, 0.0577932382355556, 0.17815504800660614, -0.563102959135367, -0.13838096982483145, 0.5935448221901714, 0.15785667060759287, 0.41230075144321954, 0.03981005952337598, -0.15082484853501316, -1.054538165324367, -0.019946232401269682, 0.2333520944062259, -0.7609370639025289, 0.32900495877734437, 0.5247846956333877, -0.35302150363582785, 0.28016387208579563, 0.24504676768470837, 0.7855940787522648, 0.03465381658969913, 0.24498353553994529, -0.35247887854230114, -0.0417865545952813, 0.6537179484059196, 0.22394545774694707, -0.4640931993528302, 0.8952614859408943, 0.7384310454969975, -0.4340519254182127, -0.5750764499780863, 0.14355087261038735, 0.13243055691432198, 0.6562549974493022, -0.12753846873198693, -0.549003337166603, -0.3086898279268408, -0.20003301366959797, -0.13708364236556905, 0.24252168623709414, 0.8981629381309884, -0.08836936264192402, 0.059034988638843426, 0.12129760466607165, 0.29763531940136967, -0.09485279601419655, 0.2621019626815521, 0.072125987782374, -1.0516671892550609, -0.04501898871369353, -0.6997367252806055, 0.4402910114611899, 0.4222229333612143, -0.11230838986677175, 0.0881583201241992, -0.2503243394679133, 0.5587143456010912, 0.15379042529268433, 0.4415136337441362, -0.30989686688448614, 0.8012799723929926, -0.46854965033108253, 0.774132317663078, -0.4273064239050374, -0.8184527992334493, -0.3993313152375462, 0.039187678290046574, -0.0976316396305364, 0.15611811661728492, -0.24091018254958788, -0.6248240599556805, 0.20531478620310217, -0.7357434424938425, -0.7734864246418043, -0.011584357834289724, -0.09037272337946428, 0.7272510909611775, 0.41715150007088914, 0.16332421161533145, -1.2035591888676074, 1.0820276764598198, 0.5471097365779833, -0.3711221637311706, 0.38299573571755774, 0.4700236644298899, -0.0579657995270167, -0.5646040990979801, 1.1023838578480591, -1.0698361786220654, -0.26579795315768673, 0.048451442326850266, -0.511737376333609, 0.2063670180877647, -0.26039526829472515, 0.0446197791774123, -1.0807470463713353, -0.2372334079456765, -0.7826628187367545, -0.11112510384932922, -0.7006441945303398, 0.4917918545484298, -0.3539352268946155, 0.8451493818246693, -0.47459798056423647, 0.44878835913778564, -0.12140835621938903, -1.027810821519701, -0.21584536800640003]
1252.7271230410388	(8, 12, 2)	[-0.367442255612653, -0.48775846181203786, 0.44561616925338843, 0.08045818700563673, 0.5488601592055499, -0.14110493037078395, -0.06026330000903596, 0.023042220009444753, -0.0551590420605379, 0.6279534462982795, 0.40647328994515064, -0.4074103279989312, 0.35096794961465005, 0.05756551231484787, 0.19844905522320563, -0.9337716854302341, 0.10487414684480606, 0.3372614400572388, 0.08906288848800883, 0.3510594257350642, -0.19398433811260057, -0.1973240658004973, -0.22123288744755398, -0.29688281592266036, 0.2355195636823444, -0.8550439736258394, 0.3997059374779635, 0.5031945925140145, -0.2995457289755903, 0.46048463917549287, 0.24758506973188205, 0.6098195502659363, 0.02527999210476911, -0.0187435830813612, -0.4760326116897245, -0.5356359699674816, 0.777215724331512, 0.3829159937955115, -0.3362905795981926, 0.862047174539336, 0.6697521641334794, -0.41465799076771803, -0.42877867359570443, 0.22830601251160024, 0.1964025055763502, -0.6908400358054749, 0.049857547129353, -0.8447330315078897, -0.37569642709493656, -0.2314578433868877, -0.07721874415771968, 0.22187698501258873, 0.8612001923147776, 0.12727334909051194, 0.06747309456792219, 0.1804125887521188, 0.2954118499353373, 0.26187180761680673, 0.2672349776343532, -0.08755980321003079, -1.1631211224761793, -0.11853290479361374, -1.0642281359071248, 0.4295114535053254, 0.42359193113274696, 0.04958034305886611, 0.08889504167255058, -0.4085737408683814, 0.4833307405815087, 0.08671190502744572, 0.4760614613732516, -0.3297555426338692, 1.0697620226190723, -0.42226371893062525, 1.1583037322625018, -0.6143549015238134, -0.751640247039582, -0.6218145755589971, 0.8860314756540104, -0.12183248718888134, 0.08951944315731696, -0.1927278460346461, -0.7711633916117565, 0.21114741843657256, -0.6566743837283034, -0.25690150095291225, 0.051145098734067446, -0.10769549565190714, 0.6965211659318642, 0.15796349322383726, 0.2003361135361225, -1.1995526334154425, 0.8702507362735912, 0.5247014093093454, -0.5266400502986044, 0.09175365215816689, 0.4696606565885455, -0.050126130456314144, -0.4872191850684714, 0.6795813540685222, -1.0734930736714063, -0.17665449401058342, 0.1616496102329131, -0.3300472639425672, 0.07130519314825517, -0.09214220615903468, 0.018925917568302614, -1.3457748216976153, -0.6347422145478768, -0.80205517395938, -0.23784241551927293, -0.6852196736330778, 0.3882710870152098, -0.27506950805398267, 0.9119423200614242, -0.46376116508422643, 0.37747973080487546, -0.07563502853583923, -0.9931639300996832, -0.22104558657037657]
740.5193653314416	(8, 12, 2)	[-0.37266443932316756, -0.5680532508644603, 1.0343821300697924, 0.2670988813464932, 0.4748083355529059, -0.12358728904005817, -0.18027355640175075, 0.2801925320032304, -0.002481234175897115, 0.6269359420886339, -0.18005755404663837, -0.3840148079591243, 0.39187089680022047, 0.07445854695403964, 0.18041395621360184, -0.5709489327594998, -0.1878446946462962, 0.6111800910893018, 0.17014302503581585, 0.44299869048630747, 0.05048097853912517, -0.36842233605461566, -0.7012266606859989, 0.03211607253075533, 0.23183352392242487, -0.7442348336819886, 0.35104925233851936, 0.5272758925922968, -0.17494449136935403, 0.5389455614035947, 0.21764835069203028, 0.8180787050687642, 0.057309045122035454, 0.09727246081606075, -0.497616607290043, 0.14028864794193768, 0.6476527289029902, 0.29072932787892397, -0.4691854409365811, 0.9477266195446011, 0.737585636331233, -0.4330966482737602, -0.4015899401905304, 0.20831813392284979, 0.19671008420496378, 0.61726216464067, 0.14626514910157828, -0.746362876228849, -0.2779246568242536, -0.1993255396900442, -0.10664508790069625, 0.24506095116323637, 0.6811456087414904, -0.028795648894225617, 0.0636001246287922, 0.1631242062324259, 0.21655428822328024, 0.03468092171768794, 0.25611973405321187, 0.05633710930954487, -1.0477727149684912, 0.08638481012298056, -0.7299793073354102, 0.43605260239313903, 0.43653601632456424, -0.1855351438511785, 0.08936071877990061, -0.2932464892767342, 0.5547713822590294, 0.018100849037633468, 0.41647325946386415, -0.4724654686869543, 0.8033722554760467, -0.5036119983006673, 0.5598577118142942, -0.4294693063551167, -0.6680890498089304, -0.2649945053526521, 0.10874199468677614, -0.0866677468544019, -0.13074868508517454, -0.24080685043803002, -0.6019219866034258, 0.41165879727260624, -0.639096476949809, -0.6960910973783496, 0.08054520225065652, -0.11489081455460674, 0.6272924455540768, 0.3898981384889092, 0.40365170779358206, -1.2043984432974046, 1.3363353861096103, 0.5496080691908924, -0.36712958092543185, 0.27914962781861286, 0.4688008430049388, -0.05746441858535281, -0.5634912955194693, 0.9225543984394488, -1.196018244529985, -0.14978081391929285, -0.03833644849072399, -0.2824582172274593, 0.19617711243353664, -0.25941420208835453, 0.014415126986744128, -0.9643791531571221, -0.33642842491827335, -0.7914963368775361, -0.14632333493941257, -0.6731006074204606, 0.4095638261103004, -0.36975067272552536, 0.8589064061609952, -0.4699371586421981, 0.4361838252408308, -0.13091358607547227, -0.9873774906131663, -0.19507743082818826]
1069.4840752545033	(8, 12, 2)	[-0.3060925483520287, -0.7583274109514464, 1.114939941263185, 0.19626219848006382, 0.5762216395007365, -0.11915272543236244, -0.18107300505202722, 0.4942485853899442, -0.04153141231237513, 0.6133219816060684, 0.12815993387483393, -0.3857030573138129, 0.3740351430559319, 0.07470619982020983, 0.16551694542756126, -0.6000791484512265, -0.18644095389692045, 1.0019978906824338, 0.1725135796615392, 0.14145134492180328, 0.11381184912758481, -0.08612596157156283, -0.6443909041600199, -0.08099885155579001, 0.24681286118098794, -0.7521417065586065, 0.3692523355451744, 0.46537797926510915, -0.17753642349760157, 0.5452224058732116, 0.1099280438085864, 0.5434310364001824, 0.7315406102185704, -0.17201989131201803, -0.6375576059295398, -0.36479470668263414, 0.6338348184122926, 0.298985828264445, -0.46379251492699075, 0.8965289351811558, 0.7244076038284669, -0.4092465570564231, -0.3568297986757759, 0.21350558138615156, 0.33533599831118754, -1.0838791411368205, 0.3346673809806851, -0.12130746199071185, -0.25724568391457703, -0.20333804874327982, -0.12655221492673852, 0.2243072849308779, 0.7243718732954847, 0.02479557841499852, 0.06406941643541454, 0.15960830614666113, 0.22912359890107376, 0.3275032827760959, 0.24150121691145468, 0.11319550283481919, -0.5201726786836935, -0.03712226359208898, 0.17716903743401313, 0.43718740001839385, 0.42923048346396403, -0.11471499494342015, 0.08161938046111551, -0.40848865929846934, 0.7068130634029101, 0.014864591670512494, 0.6216376787439115, -0.2946248928824585, 0.8389717078801152, -0.461042188982751, 0.5474506490124131, -0.478096229725975, -0.800438053739871, -0.6364688987775975, 0.16693418218848588, -0.0860640277622076, 0.14648357218176844, -0.25477835502381224, -0.7226813635903283, 0.2841144812264742, -0.6402353182853033, -0.6863662620005806, -0.09034444474146922, -0.11321893415208008, 0.6074385323427544, 0.7039423430074937, 0.3599037232713363, -1.1037127295656322, 1.142688398957172, 0.5506884585692123, -0.3859218491369316, -0.5810124054259677, 0.4706087408898953, -0.07205943664391916, -0.41110766704997115, 0.9127438428729823, -1.193139709328818, 0.1532056605628897, 0.06471960553516724, -0.435949022786803, 0.1876927225819188, -0.2703194110517781, 0.04839407173851855, -0.9964637999814583, -0.15664148783516657, -0.7662444997561638, -0.1603158621050413, -0.6463106879394527, 0.4096712847458135, -0.34688922653897963, 0.9591113127883949, -0.47164482178131817, 0.4484841349699463, -0.08718803434613182, -0.9821087674867715, -0.1911281157826683]
1131.22246555095	(8, 12, 2)	[-0.3060925483520287, -0.7583274109514464, 1.114939941263185, 0.19626219848006382, 0.5762216395007365, -0.11915272543236244, -0.18107300505202722, 0.4942485853899442, -0.04153141231237513, 0.6133219816060684, 0.12815993387483393, -0.3857030573138129, 0.3740351430559319, 0.07470619982020983, 0.16551694542756126, -0.5056029449810306, -0.18644095389692045, 1.0019978906824338, 0.1725135796615392, 0.14145134492180328, 0.11381184912758481, -0.08612596157156283, -0.6443909041600199, -0.08099885155579001, 0.24681286118098794, -0.7521417065586065, 0.3692523355451744, 0.46537797926510915, -0.17753642349760157, 0.5452224058732116, 0.1099280438085864, 0.5434310364001824, 0.7315406102185704, -0.17201989131201803, -0.6375576059295398, -0.36479470668263414, 0.6338348184122926, 0.298985828264445, -0.46379251492699075, 0.8965289351811558, 0.7244076038284669, -0.4092465570564231, -0.3568297986757759, 0.21350558138615156, 0.33533599831118754, -1.0838791411368205, 0.3346673809806851, -0.12130746199071185, -0.20409953431455788, -0.20333804874327982, -0.12655221492673852, 0.2243072849308779, 0.7243718732954847, 0.02479557841499852, 0.06406941643541454, 0.15960830614666113, 0.22912359890107376, 0.3275032827760959, 0.24150121691145468, 0.11319550283481919, -0.5201726786836935, -0.03712226359208898, 0.17716903743401313, 0.44757608045095604, 0.42923048346396403, -0.11471499494342015, 0.08161938046111551, -0.40848865929846934, 0.7068130634029101, 0.014864591670512494, 0.6216376787439115, -0.2946248928824585, 0.8389717078801152, -0.461042188982751, 0.5474506490124131, 0.08108511415382702, -0.7728622411729708, -0.6364688987775975, 0.16693418218848588, -0.0860640277622076, 0.14648357218176844, -0.25477835502381224, -0.7226813635903283, 0.2841144812264742, -0.6402353182853033, -0.6863662620005806, -0.09034444474146922, -0.11321893415208008, 0.6074385323427544, 0.7039423430074937, 0.3599037232713363, -1.1037127295656322, 1.142688398957172, 0.5506884585692123, -0.3859218491369316, -0.5810124054259677, 0.4706087408898953, -0.07205943664391916, -0.41110766704997115, 0.9127438428729823, -1.193139709328818, 0.1532056605628897, 0.06471960553516724, -0.435949022786803, 0.1876927225819188, -0.2703194110517781, 0.04839407173851855, -0.9964637999814583, -0.15664148783516657, -0.7662444997561638, -0.1603158621050413, -0.6463106879394527, 0.4096712847458135, -0.34688922653897963, 0.9591113127883949, -0.47164482178131817, 0.4484841349699463, -0.08718803434613182, -0.9821087674867715, -0.1911281157826683]
1188.2510164173682	(8, 12, 2)	[-0.30081322613576744, -0.5674777900747957, 1.0028605475614523, 0.16449772931162834, 0.26310292283388387, -0.12248859648307897, -0.16327260354492343, 0.290451423046263, -0.040492810733225866, 0.6151467701467046, 0.48660348630096883, -0.3847162036815207, 0.3460468262612018, 0.071254289199202, 0.16681979139103856, -0.5273786922654985, -0.06349504182130433, 0.40837920068760813, 0.17560937307038305, 0.024031256377129884, 0.03728107363760407, -0.078504371016698, -0.18602049902933326, -0.3266453407286557, 0.28841372752288585, -0.8026944456307072, 0.3408878022332697, 0.49363694565357535, -0.2797331602439247, 0.5454723595468071, 0.20126129997504105, 0.5465763473543267, 0.12226453233062484, 0.11264407195075454, -0.43391171263854045, -0.24644076729675668, 0.6459997160168887, 0.27059192396788473, -0.3861336643249316, 0.9305117799270826, 0.7346845337602659, -0.3668338065450318, -0.3596277486163308, 0.21331058888591178, 0.34528918686459803, -0.6371117958384575, 0.28317604856942025, -0.4992757712040499, -0.40125898364433077, -0.19901229252044458, -0.12679468152407655, 0.22073765031673992, 0.7450736902844982, 0.025634389033259375, 0.06390726647443737, 0.17018010274893206, 0.21628876159981053, 0.20438287947807013, 0.2587987119426789, 0.032262009344319144, -0.40698970769349996, 0.15181747637244367, 0.05142059931942422, 0.4418007703686744, 0.4224883898423479, -0.11907899536653328, 0.08505763295792909, -0.28729294356730184, 0.5215861850800456, 0.12165373445361592, 0.4765332451553537, -0.30831938585816393, 0.9819724686259209, -0.46829567461837035, 0.8090558210830509, -0.4525428782791091, -0.7527013869727306, -0.7016858588864447, 0.2668976552114004, -0.10937604852812144, 0.1331853022827747, -0.2263081757434827, -0.7400965707514828, 0.28567329576001516, -0.6374279269391466, -0.698072312541604, 0.012005216165218657, -0.10960963501523768, 0.6989427469490036, 0.6444590096338312, 0.3727917464197767, -1.1164783851397229, 1.1561022554095095, 0.5377874326124815, -0.37792559032939005, 0.29472085732480835, 0.4695246214294206, -0.07213969561965716, -0.47807060372190907, 0.8742360325337598, -1.2084053264191157, 0.15499873234553344, -0.06414486577127879, -0.4219667051563017, 0.3445343682192065, -0.2560666952471493, 0.05831299289460469, -0.9963878467043299, -0.3887286943779831, -0.7911973616631057, -0.1543728794661795, -0.6800812066827278, 0.3997380032344734, -0.2406105860414917, 0.9610623926462232, -0.46110918980059173, 0.4477593138802448, -0.128214135413853, -0.9797690700149225, -0.2053570326094505]
631.9030596678242	(8, 12, 2)	[-0.37004532893345166, -0.32248026698555987, 1.170474103037729, -0.014126653030337444, 0.4743619043529898, -0.05274093214450981, -0.24624743603874039, 0.3355946847802619, -0.093230819971688, 0.5908260548272879, 0.11726253001672668, -0.3960906912013864, 0.35903146500070154, 0.07867286665671207, 0.17208660768023423, -0.2906290421766754, 0.03603916791805571, 0.32064402525130636, 0.16182711554117868, 0.3651392203634439, -0.038407030081677146, -0.03767618006584919, -0.5784525808718507, -0.2789115607217079, 0.3221767937052198, -0.8048787380482539, 0.32077837771331646, 0.5127361733005577, -0.37585029992923996, 0.3778867613008034, 0.1938976302037913, 0.7527943679004512, 0.059519626806355544, 0.04386177765200068, -0.39841136697587587, -0.34665901619228545, 0.6572802957284366, 0.25942831770560887, -0.34429124914975046, 0.9888486182239901, 0.6992401128098565, -0.41858336781492816, -0.43279939311254656, 0.2243178423375979, 0.2926064127406155, 0.7772511455489364, -0.154209479791989, -0.5903389884085494, -0.3905507400161181, -0.12852191724532552, 0.04825715128143204, 0.2266096086131672, 0.9428963863285222, 0.018881539275627413, 0.08694586334565638, 0.1785695235220846, 0.23364308089817687, 0.40980397226243837, 0.19720825920774343, -0.10423244329261726, -1.4020543672021366, -0.16853930362830966, -1.4634193128801611, 0.2958490328608331, 0.4229249658052331, -0.06802111281784559, 0.04109323332855912, -0.36872781173915864, 0.584540197078274, 0.0895563887621389, 0.5336780171854243, -0.3488232919419227, 0.6227878325526996, -0.4819385498509492, 0.8148043711381492, -0.6496486817376737, -0.7802730636827597, -0.504735093915881, 0.2448694745088311, -0.10684836976943621, -0.04620020372736321, -0.20082043745500772, -0.6582389760443309, 0.2137133117600539, -0.6426405809902281, -0.7172131455984561, 0.05004552713549927, -0.058645663598153916, 0.7125109116710051, 0.3509481751228241, -0.1216227320525975, -1.2924625548614317, 1.150873232564577, 0.5267627223087696, -0.39837750287499674, 0.18865185160944714, 0.4723602303484359, -0.06902590464906255, -0.5626158161821881, 0.8840057117568441, -1.105067298536095, -0.04235269892859937, 0.05218516628712074, -0.43917625632067125, 0.25077730074219207, -0.14934837790507288, 0.014330424293950629, -0.9757433679034399, -0.23541655892100596, -0.788331778864664, -0.13818710474968068, -0.6905034064157523, 0.25268214156787594, -0.3221115183286605, 0.8288557661676627, -0.5351213123980472, 0.3973032726468288, 0.027702344623722994, -1.0138936097207756, -0.22421949019563092]
979.3451384385666	(8, 12, 2)	[-0.3670442747736968, -0.7740065203357623, 0.8084061273258594, 0.08074243645645889, 0.5118176808859061, -0.09810185934541835, -0.22167884340773847, 0.24377268744493283, -0.30314240193003905, 0.6482684838694333, 0.03267589889252232, -0.5300514018996815, 0.06699442569650865, 0.06894042697424206, 0.16376357709773343, -0.5872902951393393, -0.05179733927953162, 0.3515228029762354, 0.061047754590293046, 0.42760806574335536, 0.141555991824026, -0.43526583335900015, -0.6039138690471195, -0.29827797335380546, 0.23965507068821057, -0.7469483667165886, 0.4649267968674955, 0.42122518424970323, -0.28700117954711896, 0.4446458181845891, 0.18381511804713335, 0.6729213368483877, 0.44242709260010615, 0.12376631788973382, -0.4954282468592416, -0.11074033691213281, 0.6700130495213187, 0.2985072991575475, -0.35679119630194683, 0.9353320691827934, 0.6594182038612197, -0.41504262210763215, -0.4373321191388917, 0.21532642505365834, 0.25067424641634783, -1.3435809084892236, 0.33065800799666023, -0.5382164807887663, -0.32031034839151873, -0.19478209433798052, -0.12498697554380571, 0.22686850713465778, 0.7320174033297977, -0.09533579778080578, 0.06556290635649677, 0.18296306607712814, 0.1872587222752313, 0.0690832806248049, 0.34066137283432607, -0.1187687361462299, -1.0268237672334009, -0.04261389385227306, -0.38567058376420504, 0.36126951632289245, 0.4277709549924566, -0.1426600218355339, 0.08197512673830143, -0.3796548653912761, 0.5882370490483944, 0.11118752561157161, 0.40348839619639304, -0.39323150165780846, 1.1418671902348008, -0.4884061851798073, 0.7566147011670091, -0.5472255685602437, -0.7697999189755109, -0.11573008387892636, 0.19194739832545366, -0.27199378230316174, 0.08720496746751859, -0.17519390361463838, -0.5699628217352273, 0.37741785912629555, -0.4209624387441352, -0.6944649212445524, -0.023051098555151778, -0.10641314473000635, 0.8305588067667509, 0.46288083402331115, 0.304118773234878, -0.8010753008743423, 1.1775146212075174, 0.5547679077342254, -0.37993616251680734, -0.13775099235877097, 0.4753232433783686, -0.21846775010043487, -0.4807035542578798, 0.9366940885412226, -1.2787387844078157, 0.1027582434220132, 0.08659527688178971, -0.49412500169658946, 0.30101738359754077, -0.1617657872759715, 0.016367734689856764, -1.0167871040033616, -0.28768432208572986, -0.7779043493717942, -0.1277893191159168, -0.6697470984613517, 0.3693477450322749, -0.36170253294527993, 0.8541195885038969, -0.6809047199454823, 0.4809165227646921, -0.09635600256976452, -1.0477231521347476, -0.11755644859261088]
1284.291360795598	(8, 12, 2)	[-0.3681842829389708, -0.7214975253481821, 0.8397800974920621, 0.17898932770760856, 0.4253064343078405, -0.12030124941732556, -0.12742315786489034, 0.2498278435114643, -0.23287753273106032, 0.6091865401180508, 0.0334620527301872, -0.36011873006388406, 0.04512266921546064, 0.07260424815160123, 0.1667198479491083, -0.5643249900063945, -0.23503039785021831, 0.2992222449156534, 0.1621544675624757, 0.4224277662963283, 0.10405106294966036, -0.10073597421640862, -0.5390346161655604, -0.2790850126780847, 0.26613207100453196, -0.7764304426922823, 0.48874025810344934, 0.48017436830185084, -0.3065078519613108, 0.5579852075582935, 0.20136682382092977, 0.8005257057759012, 0.4438801074025627, 0.156385431239053, -0.4794240296188757, -0.05422250584171551, 0.6404418891500309, 0.28289046059420736, -0.39726454819770163, 0.9306661889094845, 0.7044455359979418, -0.4075039253407072, -0.4038432993736125, 0.21523513544307804, 0.26667228957348293, -0.5496067737537165, 0.30786174090623997, -0.6123543205119827, -0.3887567354950045, -0.18814251320518635, -0.11151544726140619, 0.23076866398985496, 0.740718021812284, -0.05656318941734714, 0.06543529112461018, 0.1776851538741596, 0.21401808615761264, 0.19642669186866857, 0.27254820588811507, -0.1505252539343944, -0.5126383410796865, -0.019653486501397754, 0.17067787957262281, 0.45849223529232475, 0.43725267883929203, -0.449310457008606, 0.08251178867433726, -0.3806946264325061, 0.5297124477260007, 0.03707776595638955, 0.44669885498079803, -0.39447821058848187, 1.0514171763351234, -0.48451038066528357, 0.7768502770090737, -0.5181845968710135, -0.7694127691627898, -0.12709409383891712, 0.23784236407695433, -0.0768170489321264, 0.03258165953092501, -0.23430835384779972, -0.7109793756433451, 0.3260310465096441, -0.5472219892361407, -0.6428380182595971, -0.00977838641768906, -0.10683812911117845, 0.8336671613542395, 0.4844032585446932, 0.3817940165969441, -1.175464421482999, 1.1757963059143244, 0.5579874947485398, -0.42539375554181585, -0.11834909487574605, 0.5274727096878913, -0.21605147119303222, -0.48826004406430795, 0.900583268822705, -1.2204651704519072, 0.07017042419631873, -0.026531184032176226, -0.4698461282317826, 0.3007886189610827, -0.2861823050280144, 0.027565852967100023, -0.8848949577617278, -0.2907020615925643, -0.7803400070132621, -0.12222058510291989, -0.6736276939558378, 0.38125883177937225, -0.361024837234112, 0.9199570994945031, -0.44359543756954073, 0.6374756288917898, -0.11936389745472388, -1.0411423259763979, -0.1639479559638833]
1876.48623526092	(8, 12, 2)	[-0.30991897518923844, -0.6128615139885378, 1.121944044146452, 0.17920487914566247, 0.5621740041541617, -0.3173691364918835, -0.1427184237577932, 0.2927795351858563, -0.0591767490422413, 0.6739570013050385, 0.12865651123806665, -0.39687740814605355, 0.3485067710199483, 0.09311761380853144, 0.1728254659688835, -0.5299367493570368, -0.1014069147523447, 1.075397672543191, 0.13925456111494597, 0.23230680941152854, 0.03559577487185099, -0.046092675973701897, -0.72169456452774, -0.4280400581241072, 0.2604504308730591, -0.9076877832024584, 0.3410827082280022, 0.45049580620644714, -0.29475851701344447, 0.5561608887294531, 0.09918270015650733, 0.6132076077019706, 0.5885934909474225, -0.06334935003933265, -0.615234608316697, -0.2283352386788165, 0.6801453883983655, 0.2776473356441313, -0.3933860126257839, 0.915004701698596, 0.6271004925064972, -0.4301858002861221, -0.5162436769920056, 0.23782299524043166, 0.32970566498017456, -0.22158116037794273, 0.6749862478193069, -0.5031012432796858, -0.322341683293093, -0.1990150167326591, -0.07008443777736174, 0.22784388756993315, 0.7632934856207777, 0.5350358728322598, -0.12385595420710643, 0.1679246406351136, 0.2429256905005368, 0.1645924852944616, 0.3149674874941766, 0.03296958044838137, -0.461706738603288, 0.16974403078734093, 0.051622089504216234, 0.4421877242957349, 0.4174010412832635, -0.08775857345969712, 0.08307899369913752, -0.40500918189232493, 0.6786342573135153, 0.15163088113774884, 0.48909034774374394, -0.29406954383433287, 0.8847514755499746, -0.4653948929903554, 0.8454260131146897, -0.0313523010228145, -0.7861593585752005, -0.6512042401714182, -0.025373190058665174, -0.15048435587142153, 0.07544919213852844, -0.2563614253044199, -0.7740714321443767, 0.2846775632499148, -0.6671584479134737, -0.6399720867684134, -0.02507533350822033, -0.11072522776820695, 0.7147240105266952, 0.5482378774108668, 0.25063735898949746, -1.1500829581992504, 1.1372090236182089, 0.5391252820292808, -0.384161432161125, 0.2684128996028382, 0.4695281952189655, -0.06819412035268228, -0.46897072697537984, 1.012454464954128, -1.1933018787859784, 0.08064818650071465, 0.06519894961997523, -0.38961413315099014, 0.2291821968530115, -0.2193498250332268, 0.03261072599313392, -1.086420839707943, -0.16461064273523465, -0.7891266136435728, -0.18187290736632855, -0.7068547517349556, 0.42715908306811623, -0.2566468224365567, 1.1954287982462144, -0.4451284261144622, 0.5132680904861586, 0.011189139446483504, -0.999584244795384, -0.19489645177462342]
1660.5983817592376	(8, 12, 2)	[-0.30991897518923844, -0.6128615139885378, 1.121944044146452, 0.17920487914566247, 0.5621740041541617, -0.3173691364918835, -0.1427184237577932, 0.2949782341365401, -0.0591767490422413, 0.6739570013050385, 0.12865651123806665, -0.39687740814605355, 0.3485067710199483, 0.09311761380853144, 0.1728254659688835, -0.5299367493570368, -0.1014069147523447, 1.075397672543191, 0.13925456111494597, 0.23230680941152854, 0.03559577487185099, -0.046092675973701897, -0.72169456452774, -0.4280400581241072, 0.2604504308730591, -0.9076877832024584, 0.3410827082280022, 0.45049580620644714, -0.29475851701344447, 0.5561608887294531, 0.09918270015650733, 0.6132076077019706, 0.5885934909474225, -0.06334935003933265, -0.615234608316697, -0.2283352386788165, 0.6801453883983655, 0.2776473356441313, -0.3933860126257839, 0.915004701698596, 0.6271004925064972, -0.4301858002861221, -0.5162436769920056, 0.23782299524043166, 0.32970566498017456, -0.22158116037794273, 0.6749862478193069, -0.5031012432796858, -0.322341683293093, -0.1990150167326591, -0.07008443777736174, 0.22784388756993315, 0.7632934856207777, 0.5350358728322598, -0.12385595420710643, 0.1679246406351136, 0.2429256905005368, 0.1645924852944616, 0.3149674874941766, 0.03296958044838137, -0.461706738603288, 0.16974403078734093, 0.051622089504216234, 0.4421877242957349, 0.4174010412832635, -0.08775857345969712, -0.382956676372302, -0.40500918189232493, 0.6786342573135153, 0.15163088113774884, 0.48909034774374394, -0.29406954383433287, 0.8847514755499746, -0.4653948929903554, 0.8454260131146897, -0.0313523010228145, -0.7861593585752005, -0.6512042401714182, -0.025373190058665174, -0.15048435587142153, 0.07544919213852844, -0.2563614253044199, -0.7740714321443767, 0.2846775632499148, -0.6671584479134737, -0.6399720867684134, -0.02507533350822033, -0.11072522776820695, 0.7147240105266952, 0.5482378774108668, 0.25063735898949746, -1.1500829581992504, 1.1372090236182089, 0.5391252820292808, -0.384161432161125, 0.2684128996028382, 0.4695281952189655, -0.06819412035268228, -0.46897072697537984, 1.0959164128169485, -1.1933018787859784, 0.08064818650071465, 0.06519894961997523, -0.38961413315099014, 0.2291821968530115, -0.2193498250332268, 0.03261072599313392, -1.086420839707943, -0.16461064273523465, -0.7891266136435728, -0.18187290736632855, -0.7068547517349556, 0.42715908306811623, -0.2566468224365567, 1.1954287982462144, -0.4451284261144622, 0.5132680904861586, 0.011189139446483504, -0.999584244795384, -0.19489645177462342]
924.548162727811	(8, 12, 2)	[-0.3468111349034676, -0.6603878011737668, 1.0579642088342556, 0.29819353333577714, 0.6476456342697552, -0.11955229509753965, -0.17171596164681907, 0.38601324227883144, -0.07955726683612534, 0.594963454573169, 0.1241453497590645, -0.39403258834707156, 0.35522120746695135, 0.07124419347985855, 0.20161846047423493, -0.5056194278728032, -0.010859270497775436, 0.9496323891400198, 0.16509586489083564, 0.2421313350779444, 0.011334537135930446, -0.18192017712972533, -0.7107323160483133, -0.01015608167193971, 0.2510402517385501, -0.8741214472695462, 0.37228807832003286, 0.4811015936408047, -0.22923226249751466, 0.48193886192129093, 0.1066406709899007, 0.6664487851900254, 0.13492346565165833, -0.0501978789221266, -0.4927560180017439, -0.09668449492895209, 0.5334154328117838, 0.43303866678231323, -0.3962694137027696, 0.9546265447093211, 0.7171774188546315, -0.4203401134405961, -0.40428239776237473, 0.20898023848250288, 0.20274777429773283, 0.22899981016501592, 0.11543992066002645, -0.5594422454828368, -0.20958079118535883, -0.5159138711559208, -0.2221262367862082, 0.24925014735985984, 0.7702862658490264, -0.032413143989030724, 0.134418897044924, 0.17068914266623503, 0.23046320388594876, 0.2591329363766948, 0.3213582830421187, 0.1070640915285561, -0.8829278151349518, -0.28675381126440247, -1.2180886899948846, 0.44456936995855073, 0.43917158331234435, -0.15383821991513594, 0.07636113446564084, -0.40023025403218426, 0.6257790473060838, 0.08676442715170732, 0.49278142246410306, -0.1876321349357621, 0.9290830150266592, -0.4658149759291335, 0.6377110968193859, -0.5158771308629675, -0.6535244226510283, -0.5703137969180371, 0.05624917954354737, -0.09470028791309844, -0.07954263194644544, -0.2232242229655886, -0.7442397461460043, 0.2651090232243223, -0.6366662702305389, -0.6841915655611875, -0.010329939131257388, -0.11590293296627928, 0.7182684208635328, 0.48882537333693576, 0.2145534989766793, -1.1360840174588498, 1.303835304649479, 0.05252651120221889, -0.3905935801350801, 0.1706160457226419, 0.46157056079138936, -0.058104716531684024, -0.41697817988547037, 0.8868292169343829, -1.1595947286600474, 0.11511391481529555, 0.30496517292497066, -0.3283795578295704, 0.2289902553691743, 0.37790289915275177, 0.04878894817020765, -0.9232891002530097, -0.21849832021155022, -0.7894758720218229, -0.20876557834371912, -0.678313515496367, 0.39267593613696805, -0.37853969808439714, 0.9727823671097588, -0.47846752823768374, 0.48526347515706714, -0.055195832588909616, -0.9955807810310344, -0.23624644896913327]
1733.1122349733284	(8, 12, 2)	[-0.31602580875089664, -0.5288331919838523, 1.1001477342583046, 0.20260819679258907, 0.605892092923736, -0.31698664548949296, -0.1902387920134732, 0.31635522068703237, -0.07936867760605995, 0.6135505551096426, 0.12423643609534815, -0.5108015146910152, 0.3708129386057593, -0.20489738421836623, 0.18261984467920292, -0.5344009979665242, 0.029067205776820537, 0.2447348366271708, 0.1645306438096147, 0.215007987303938, 0.15415147371118523, -0.18693083488745874, -0.6551400057678435, -0.15182054433556658, 0.24884826565732138, -0.8673266414124255, 0.3706631553011132, 0.48475995771996844, -0.0503443548788812, 0.5083018540274108, 0.09405764293659678, 0.6168104791776996, 0.2486756120733987, -0.06784783335033304, -0.4908854192424587, -0.037491775774322667, 0.5018129615373579, 0.4000552335244625, -0.4489253433005368, 0.9251071218358397, 0.7066513210646688, -0.48523987829623877, -0.41025156101419746, 0.21400210498911693, 0.24407040738204566, -0.21744809598934414, 0.2522835600755717, -0.4863074069364186, -0.24161461998594053, -0.19561100536619613, -0.06970481381819743, 0.2394577108264614, 0.7639799736852327, 0.11604173711402983, 0.06213734473440833, 0.173258591215931, 0.23017118450709198, -0.14469303950920337, 0.32053595279433195, 0.1409334530444876, -0.7290900731072536, -0.32076677342357374, -0.7070894956656293, 0.3722083309410043, 0.4267622519732882, -0.10476983839719042, 0.03591091200338277, -0.40185530201466235, 0.6635684574717888, 0.09848397276920312, 0.4912073723090283, -0.22928707599790354, 1.0710619963127557, -0.47083791474904035, 0.7211771640814733, -0.2267633311494598, -0.6279908054533203, -0.5799243611145446, 0.04550099941206554, -0.08687527565756806, 0.16518189284297108, -0.2195876572758407, -0.7401896076620448, 0.2851180958643028, -0.7073078175634719, -0.6561817822916993, -0.019737918312894655, -0.11470335682275856, 0.7072614042462871, 0.4930929476666529, 0.2562775887953238, -1.2043743758047267, 1.3395775077138279, 0.11457598043891702, -0.38591800599211407, 0.2565805015983508, 0.4816830600453194, -0.05876231447751987, -0.4110294861212421, 0.9830126629174416, -1.16971968553815, 0.11638602048465092, 0.2972822616977142, -0.35971082409804217, 0.2285046505513118, 0.4281766423790369, 0.035104840002199246, -0.9208018083263516, -0.22048554901837616, -0.7393666631740695, -0.08040919227139637, -0.6350419672934877, 0.3909472696418405, -0.3575110399182139, 1.0801988497688835, -0.52719159862902, 0.48550217935287293, -0.12850294255774172, -1.0411990427088929, -0.23323445505468046]
2207.3762570095982	(8, 12, 2)	[-0.3195245811711343, -0.4554456519178398, 1.0099090997192637, 0.26767717683177916, 0.4337165383269946, -0.390312459556735, 0.06488224341288645, 0.27516843708594707, -0.10172762281110141, 0.6125431747263932, 0.11956931646172066, -0.4037055360431782, 0.13394313982014805, 0.07298169743503097, 0.053035507005178666, -0.4109560823979006, -0.08590961551131059, 0.7810734629544859, 0.14965105411314042, 0.307207585697132, 0.07956242691179008, -0.14237965019306567, -0.7170005304601805, -0.019204839496622605, 0.24333425612892687, -0.7843568883260998, 0.31455392658099074, 0.48310772458354184, -0.2642618334078524, 0.6026466198908343, 0.1405713634843765, 0.6648992200559971, 0.07182688577058935, -0.3156461187873674, -0.4578935616405116, -0.340496092015932, 0.5690068184563752, 0.303642673462667, -0.38028623441566745, 0.9474082418173427, 0.7161368029478431, -0.6056989337812453, -0.40756552735220974, 0.21701063462238937, 0.32181001757702743, -0.4744079467022981, 0.3170994928028061, -0.5730187408852285, -0.2810113543710175, -0.575581256462786, -0.1617849645178171, 0.22943799481282828, 0.815835304450628, 0.05432174979418076, 0.07914720579509818, 0.1740303306014515, 0.22880497688328108, 0.22600971393111569, 0.2702279507593062, 0.15932693914755874, -0.7742561461708595, 0.23841332837868406, -0.7056967472475624, 0.4604917760593882, 0.4387341127427629, -0.39142669691254856, 0.06599551852491992, -0.3374725280943425, 0.470461070091713, 0.11584971735191188, -0.26306191713553184, -0.3048407092523313, 1.0070646831528989, -0.5527311841481797, 0.8058048137983589, -0.5090311834164912, -0.6723531638081865, -0.5698039424910397, 0.20169641317679432, -0.09518352375510447, 0.00564611895537688, -0.22371427790145212, -0.7135709872719546, 0.2832414389974837, -0.6125619430380558, -0.6308285437772582, -0.009354071719977762, -0.08090163863758262, 0.7076057870598422, 0.4973800969144787, 0.26563055865512264, -1.2644714383071591, 1.2192037934718083, 0.07575651323784331, -0.43004683350408157, 0.019613921940313195, 0.5144892187787069, 0.03024552073881983, -0.5866446483950273, 0.9028599386949673, -0.9584052891793583, 0.1121683562024279, -0.09046943841507342, -0.4900290049538702, 0.2740313090258022, -0.33462577986267983, 0.053303624994697325, -0.9245358401400492, -0.2609448613849191, -0.7838976639960579, -0.1924314314389189, -0.675956219029741, 0.3855477489882357, -0.37632109482641396, 0.9464593833347577, -0.4862987686332116, 0.5570168126696977, -0.08304843740433686, -1.0436651450609458, -0.2260481951784125]
1334.3066751526364	(8, 12, 2)	[-0.3690724065696971, -0.4867295982239746, 1.0698786718752429, 0.22800077796446558, 0.6149979245650746, -0.12927212136227326, -0.17464023172888563, 0.3763103591721022, -0.07697837653570963, 0.6038743466220649, 0.12060056328188493, -0.39107392232165045, 0.3843875433754401, 0.07251260424085405, 0.171325351505579, -0.5090197624844774, -0.04660142640417908, 0.4194878561521189, 0.16294682454470796, 0.25088741886716615, 0.1837108761770006, -0.12104958513877015, -0.7354050489039446, -0.38459472621314006, 0.3179969116132457, -0.903519943986332, 0.3732598584439084, 0.47515299933772476, -0.03335712551233133, 0.4728832687467172, 0.10732322488981999, 0.9170941936618919, 0.1873995950539073, -0.06622327138242398, -0.587162672329636, -0.23440646031638074, 0.7576546178007875, 0.3083873824178275, -0.3964929653047064, 0.9533584201670153, 0.6639410398778598, -0.43302403775799775, -0.4678320541287941, 0.3982576974851466, 0.23490528445157824, -0.014885350631965204, 0.28582873667785724, -0.5541744986311778, -0.22316465797203386, -0.3379210616755657, -0.19140492492177402, 0.22324026094985266, 0.7292636953061269, -0.05517406047580473, 0.1822170097881209, 0.17063994130492388, 0.2307339315419676, 0.1963026463632109, 0.2340077448712173, 0.04273411741625546, -0.9138930286107817, -0.36343973766698107, -0.9632024346418923, 0.43132128444451584, 0.43983139239455377, -0.17216692253648452, -0.34932702469181165, -0.35570174987862013, 0.6256786094296269, 0.022510297189634446, 0.4946134262011046, -0.30496248777451385, 0.9000204677213685, -0.458621542179173, 0.8093163796576603, -0.4875763551822572, -0.8270984248257097, -0.9882725939054939, 0.03095451305571799, -0.1218091658626625, -0.026315326949531037, -0.3182978311469804, -0.7418621539864203, 0.27990492430412023, -0.8244011011208752, -0.6789564433230881, -0.011129171278125878, -0.0909206347696715, 0.6187584274523706, 0.5346059400891066, 0.12667096838539724, -1.1400743407264482, 1.1060480363275003, 0.4052010518449417, -0.38416033087337087, 0.22938265811891023, 0.4591520979864534, -0.050544586123118435, -0.4636643411907429, 0.8838592329094618, -1.1830822896294992, 0.058692740735359517, 0.2288850191093582, -0.4062953005515988, 0.18995246408354016, 0.10297388672784336, 0.03277389608495644, -0.9419237449365633, -0.22142179242859056, -0.664801716878858, -0.13736561905971412, -0.6792471310992165, 0.4001463465777118, -0.3132638845690955, 1.0817614033310579, -0.4538207664030007, 0.48171494385073216, -0.05880180964111362, -1.0662978615848453, -0.22448935094895592]
775.5220200092689	(8, 12, 2)	[-0.21325003191799707, -0.8538544060455757, 1.1529150291039305, 0.2014711159844178, 0.5417993385004461, -0.29346287327818626, -0.21211367637517592, 0.25253949581134477, -0.09032322636737877, 0.5972895992934751, 0.11265485895019126, -0.5302956683270831, 0.3959071726446892, -0.004956241875519796, 0.2508946133506773, -0.42624822532523976, 0.03339523410642247, 0.34277209182743895, 0.1650346931601504, 0.13865651741863183, 0.14639320823538762, -0.09707487585130234, -0.5344235572571108, -0.1669531171741424, 0.2486334841585384, -0.8542679651315439, 0.3699319349948828, 0.5347884838562426, -0.0607347610328996, 0.5133494415528711, 0.11993938799401682, 0.6842135080948506, 0.811725571224919, 0.045285333736088784, -0.4884238877167653, -0.20614448344836978, 0.7219054152304482, 0.3118037034391252, -1.0213019763330513, 0.95004009376066, 0.7211732293419083, -0.49067607280569686, -0.3775213838874847, 0.2175861084758437, 0.2872959558424883, -0.22718450288341213, 0.31454396346345675, -0.5806972321741347, -0.24822061921359928, -0.19804792591555115, -0.08083299694609428, 0.24113264679614016, 0.7497553569343055, 0.101292734402242, 0.1792793555511686, 0.16722876902572673, 0.2279019857973862, -0.08651992640216156, 0.2850368047626895, 0.020910227717878774, -0.7901638270878555, -0.38385710868860706, -0.975806067065528, 0.2932690333224267, 0.444438615048134, -0.09547536003046528, 0.07506092646867918, -0.4091139809751973, 0.6640713843254736, 0.1151919633674604, 0.43047709933192824, -0.29406104294656565, 0.9533504408980278, -0.4708714777039566, 0.6521969064104183, -0.6435273511715816, -0.7475497715170448, -0.6286737296376452, 0.01194319590603372, 0.26552787018685664, 0.21303033187757164, 0.2687877347817682, -0.6329267205892097, 0.19239796291523423, -0.586299619440983, -0.6203654515051218, -0.019644379572742378, -0.10308302961475738, 0.6913627796884889, 0.4304825653123015, 0.026303085159413653, -1.2459467170451468, 1.1706711929481846, 0.4037074637040691, -0.3638985059419685, 0.19755580027840308, 0.6642596100853508, -0.04320906620633637, -0.4036358894406882, 1.0626977910389812, -1.0902162090161305, 0.14028621334268787, 0.3509532991802488, -0.3612257636227616, -0.045660988967741734, 0.08601587581300946, 0.0190295555284297, -0.9003764714137793, -0.2550542554709169, -0.6191652900500945, -0.14364361672480377, -0.6716428068678251, 0.37345402398455735, -0.3505476827580478, 0.9634887015686906, -0.4001723431332817, 0.4775154967512647, 0.008958085565021423, -0.9942972307545963, -0.22258581067225458]
1028.9868593751162	(8, 12, 2)	[-0.32575112333664874, -0.7494299362170248, 0.9728355451972172, 0.10010502795033319, 0.5290165656188831, 0.18386389610920606, -0.13841487446563275, 0.3321136580877866, -0.0031022204685551558, 0.6079761911698874, 0.1352694895554786, -0.3945248087092849, 0.3659804887058133, 0.09105842219779745, 0.16775416154014408, -0.5082168183173612, -0.49368791262410694, 0.9234158421403097, 0.11085442479388471, 0.4327658635333431, 0.08800639982964766, -0.5069929100490872, -0.5878596202305615, -0.28250768703248946, 0.3136883232911014, -0.7805551869016086, 0.31138273170904174, 0.4888113310332788, -0.19185783492482444, 0.45904257750688454, 0.09762889136930367, 0.6578124967909315, 0.45806335183034386, 0.0872814637926743, -0.5069907947863237, -0.11513829769937442, 0.7351381464389757, 0.3892126871915984, -0.28101138231667644, 0.9106173730403311, -0.2997048179181514, -0.46325949282622086, -0.4562171670667562, 0.22974465161349295, 0.21448229775770444, -0.43871039044225335, 0.14682047537181958, -0.5843010003744062, -0.5773545569803358, -0.43338768330694577, -0.1271035518902588, 0.47046804412398346, 0.8697828194164086, 0.06923595963572376, 0.04902698546756552, 0.1698329016614109, 0.2512775135639675, 0.2777478529635673, 0.31916507549413886, 0.04163463614587104, -0.6165574368425364, -0.09288031887918713, -0.5767483586555513, 0.38060236068304404, 0.3403666671950186, -0.11479713652270288, 0.2705420192257054, -0.22905542128293646, 0.6264223860235804, 0.1140168400883983, 0.3425432213886869, -0.4118219760167978, 0.8793116520029197, -0.48481641669613357, 0.7764688315756662, -0.527720883929504, -0.7273018526273596, -0.5739598885178123, 0.111320728445499, -0.20138568071114388, 0.02932515054180771, -0.2529077742920164, -0.7572134166712192, 0.32167505164720245, -0.6513956044697122, -0.6843542840253445, 0.009395652841579416, -0.06309443519704319, 0.7485929482647882, 0.5141342838504566, 0.16802638046612084, -1.1605899289192738, 1.1368419794301041, 0.6093495870919852, -0.38396720558294944, 0.10294300555777208, 0.49472900519746343, -0.036121477711106874, -0.4083848742811631, 0.984810503916297, -1.0164112366633673, -0.1683796206758264, 0.0865571483343622, -0.4451868306888498, 0.2661231062369347, 0.3269070842007076, 0.0723847010000553, -1.067047759211604, -0.2011658542959322, -0.7952946598586539, 0.2035340299626, -0.6858409277030914, 0.4312427342562455, -0.3647389393933855, 1.1743940064033493, -0.4698684005224902, 0.4635188845678917, 0.19558963253803757, -0.9943622757440894, -0.19835785069575498]
1220.4406149937454	(8, 12, 2)	[-0.24944752557673117, -0.8461848923050173, 1.058935932139274, 0.1982369952495104, 0.5282857718831473, 0.09246708129698955, -0.1642555338198193, 0.2873372387990708, -0.08787898480338632, 0.5993054253560506, 0.11372812035694906, -0.5281507847034265, 0.39488097146489787, 0.001980829190519548, 0.24641917772909028, -0.42596940169854824, -0.022739280477543394, 0.33495824130702634, 0.16510579150473065, 0.13730972055413343, 0.13347486106995762, -0.21531391290457297, -0.5368463611007352, -0.12754816216425707, 0.24858787053918185, -0.8568686194230584, 0.35310564782354953, 0.48671890312727295, -0.07508187640895136, 0.5329225928388147, 0.058500990196743485, 0.6751828069424292, 0.9655239405746159, 0.02457042535912759, -0.48841750265328715, -0.2146710752133531, 0.7425105377924437, 0.38640685999616187, -1.1099948135255342, 0.9500577346352752, 0.7182616571108922, -0.46145393182715017, -0.3704794880399646, 0.21731662542388697, 0.23203229351562601, 0.10678899918922019, 0.18844088282095445, -0.7319500523168236, -0.31188320729153524, -0.2546588085190769, -0.20335019511329222, 0.2225940540285883, 0.7495023640314027, 0.33584888413315594, 0.1400026207806562, 0.16722988354995383, 0.15777122594068838, -0.08726514449336856, 0.41571699808988266, 0.019978287269097752, -0.7879533687920415, -0.3817658820519453, -1.0963148517482604, 0.3217640337705864, 0.44460084825634827, -0.09645060802233868, 0.07160697051377742, -0.4103799731822893, 0.645769340903581, 0.113518639912731, 0.43068065790809634, -0.2503611377767756, 0.9431515921345449, -0.46888419115190844, 0.649686312415592, -0.6797763861681765, -0.684110947692482, -0.7528418371609533, 0.014864077471402136, 0.26892645412266397, 0.08370259038952324, 0.25579093375090234, -0.6329442713057791, 0.22022315918201388, -0.6031547443469935, -0.6425055304913581, -0.02917400454204551, -0.11040056362801834, 0.7160233971587059, 0.4363182530065955, 0.10788306282345707, -1.2430423795817782, 0.9822640310215087, 0.11823227209639654, -0.3653403500894654, 0.1984517427544212, 0.5571904192334327, -0.04317387386449448, -0.4016642797069639, 1.063680197637944, -1.1505151825998923, 0.13613906057767122, 0.2765335556345821, -0.36308667284564083, -0.03462465663913846, 0.08424404890880288, 0.025322440683808893, -0.8995085583089067, -0.25618512468557153, -0.6844149533561231, -0.14113099758372336, -0.6709872694670753, 0.37394189323897964, -0.45096127591500146, 0.9748732954996349, -0.476194431701542, 0.47976044879270835, -0.004494179067996403, -0.9940130286690474, -0.23025090034560874]
1049.1390966437502	(8, 12, 2)	[-0.31632532492771004, -0.6127279907457558, 1.0692967935558877, 0.2307030533697335, 0.5184646722882212, 0.021345543726217275, -0.11958582366432036, 0.33945741295093934, -0.29728780122877463, 0.61009497624427, 0.07512271107300518, -0.5439674364660354, 0.31208900334821965, -0.15491120587204796, 0.1402112012082103, -0.509146964185473, -0.010825585024574477, 0.717371268788285, 0.16476880695368196, 0.26377532551775024, 0.08990182324911695, -0.5051561898712681, -0.7067268883253007, 0.029772015657092532, 0.2666005461400046, -0.7642159833566426, 0.3079420926863588, 0.46344599611327303, -0.26132391023696383, 0.49388522730576817, 0.05259125474432712, 0.5578048516579214, 0.08309735737649421, -0.34337801508541693, -0.631208993478349, -0.13376318872528445, 0.597531833743656, 0.40273353180002913, -0.47404253320108625, 0.9229466265317643, 0.41560270882130823, -0.48220451192698083, -0.42951741740465793, 0.22403017093615046, 0.23822717558937423, -0.08420466350434491, 0.9244646495939307, -0.5471977573216495, -0.24998896113589567, -0.24799745191854677, -0.02902777896098399, 0.26920332188025226, 0.835785966092103, 0.09444241679756306, 0.07807687414672981, 0.1797798758025907, 0.17265233512413714, 0.12069328955753966, 0.3422202009653466, 0.039012680839380316, -0.718878906583138, -0.25526456164335215, -0.9864103236247526, 0.40411132919201426, 0.4330971152624615, -0.12188762413552591, 0.020563443844720974, -0.38473620212333237, 0.636743869857184, 0.11005248884471143, 0.42710686214334553, -0.22156213702166838, 0.9937118715342105, -0.5021328546727202, 0.8129114448185722, -0.6196806646829462, -0.701651901658131, -0.6241756990525185, 0.11378021289164242, -0.1616046909733215, 0.08306291318223602, 0.22432351307712584, -0.6997376019929473, 0.32285109662223377, -0.5961274383331838, -0.5411228886704216, -0.010566034167724076, -0.061459275192856586, 0.7069253409500572, 0.49622087618979677, 0.21479094125892614, -1.350646152452562, 1.2572302255089054, 0.13017790183185898, -0.4046847723343375, 0.19957171096591786, 0.4818505214720932, -0.03627302183406233, -0.4465493260845123, 0.7277744106778163, -1.1642808837050727, -0.04256146160142831, 0.1179806092973048, -0.359846639306567, 0.27114788998551026, 0.27297353237851507, 0.21939303825410722, -1.009670439280283, -0.14260157486155003, -0.3927998055810372, -0.09786298782959253, -0.6833048767278239, 0.42321114030397644, -0.3891712674957572, 1.0917142086179066, -0.4768943703977544, 0.43591453492042453, -0.02399261106893666, -0.9600156015799128, -0.23107713802310353]
1206.5696075888623	(8, 12, 2)	[-0.31632532492771004, -0.6127279907457558, 1.0692967935558877, 0.2307030533697335, 0.5184646722882212, 0.021345543726217275, -0.11958582366432036, 0.33945741295093934, -0.29728780122877463, 0.61009497624427, 0.07512271107300518, -0.5439674364660354, 0.31208900334821965, -0.17545992295547044, 0.1402112012082103, -0.509146964185473, -0.028975842177527217, 0.717371268788285, 0.16476880695368196, 0.26377532551775024, 0.08990182324911695, -0.5051561898712681, -0.7067268883253007, 0.029772015657092532, 0.2666005461400046, -0.7642159833566426, 0.3079420926863588, 0.46344599611327303, -0.26132391023696383, 0.49388522730576817, 0.05259125474432712, 0.5578048516579214, 0.08309735737649421, -0.34337801508541693, -0.631208993478349, -0.13376318872528445, 0.597531833743656, 0.40273353180002913, -0.47404253320108625, 0.9229466265317643, 0.41560270882130823, -0.48220451192698083, -0.42951741740465793, 0.22403017093615046, 0.23822717558937423, -0.08420466350434491, 0.9244646495939307, -0.5471977573216495, -0.24998896113589567, -0.24799745191854677, -0.161879420085882, 0.26920332188025226, 0.835785966092103, 0.09444241679756306, 0.07807687414672981, 0.1797798758025907, 0.17265233512413714, 0.12069328955753966, 0.3422202009653466, 0.039012680839380316, -0.718878906583138, -0.25526456164335215, -0.9864103236247526, 0.40411132919201426, 0.4330971152624615, -0.12188762413552591, 0.020563443844720974, -0.38473620212333237, 0.636743869857184, 0.11005248884471143, 0.42710686214334553, -0.22156213702166838, 0.9937118715342105, -0.5021328546727202, 0.8129114448185722, -0.6196806646829462, -0.701651901658131, -0.6241756990525185, 0.11378021289164242, -0.1616046909733215, 0.08306291318223602, 0.22432351307712584, -0.6997376019929473, 0.32285109662223377, -0.5961274383331838, -0.5411228886704216, -0.010566034167724076, -0.061459275192856586, 0.7069253409500572, 0.49622087618979677, 0.21479094125892614, -1.350646152452562, 1.2572302255089054, 0.13017790183185898, -0.4046847723343375, 0.19957171096591786, 0.4818505214720932, -0.03627302183406233, -0.4465493260845123, 0.7277744106778163, -1.1642808837050727, -0.04256146160142831, 0.1179806092973048, -0.39517527110385897, 0.27114788998551026, 0.27297353237851507, 0.21939303825410722, -1.009670439280283, -0.14260157486155003, -0.3927998055810372, -0.09786298782959253, -0.6833048767278239, 0.42321114030397644, -0.3891712674957572, 1.0917142086179066, -0.4768943703977544, 0.43591453492042453, -0.02399261106893666, -0.9600156015799128, -0.23107713802310353]
886.9851444394758	(8, 12, 2)	[-0.21325003191799707, -1.0638382500256152, 1.1529150291039305, 0.2014711159844178, 0.5417993385004461, -0.29346287327818626, -0.21211367637517592, 0.25253949581134477, -0.25135442970354727, 0.6078552517781365, 0.11265485895019126, -0.5116025239706483, 0.3959071726446892, -0.004956241875519796, 0.2508946133506773, -0.36452279345065064, 0.03339523410642247, 0.34277209182743895, 0.1650346931601504, 0.13865651741863183, 0.14639320823538762, -0.09707487585130234, -0.5344235572571108, -0.1669531171741424, 0.2486334841585384, -0.8542679651315439, 0.3699319349948828, 0.5347884838562426, -0.0607347610328996, 0.5694561564752715, 0.11993938799401682, 0.6842135080948506, 0.811725571224919, 0.045285333736088784, -0.4884238877167653, -0.20614448344836978, 0.7219054152304482, 0.3118037034391252, -1.0213019763330513, 0.95004009376066, 0.7211732293419083, -0.49067607280569686, -0.3775213838874847, 0.2175861084758437, 0.2872959558424883, -0.22718450288341213, 0.31454396346345675, -0.5806972321741347, -0.18065316915431964, -0.19804792591555115, -0.08083299694609428, 0.24113264679614016, 0.7497553569343055, 0.101292734402242, 0.1792793555511686, 0.16722876902572673, 0.2279019857973862, -0.08651992640216156, 0.2850368047626895, 0.020910227717878774, -0.7901638270878555, -0.512003353980942, -0.9924335961538381, 0.2932690333224267, 0.4739557548337814, -0.8747724585596062, 0.05589030425313182, -0.4851305561209742, 0.6700448215052581, 0.1151919633674604, 0.43047709933192824, -0.29406104294656565, 0.9533504408980278, -0.5261992614834211, 0.6521969064104183, -0.6435273511715816, -0.7475497715170448, -0.6286737296376452, 0.05034856431006056, 0.26552787018685664, 0.21303033187757164, 0.2687877347817682, -0.6329267205892097, 0.19239796291523423, -0.4108093791532289, -0.6203654515051218, -0.12286731391502859, -0.1165561844985859, 0.6913627796884889, 0.4304825653123015, 0.026303085159413653, -1.2459467170451468, 1.1706711929481846, 0.4037074637040691, -0.3638985059419685, 0.19755580027840308, 0.6642596100853508, -0.04320906620633637, -0.4586712323837352, 1.0626977910389812, -1.0083003798771433, 0.14028621334268787, 0.3509532991802488, -0.3612257636227616, -0.045660988967741734, 0.08601587581300946, 0.0190295555284297, -0.9003764714137793, -0.2550542554709169, -0.6191652900500945, -0.14364361672480377, -0.6716428068678251, 0.37345402398455735, -0.3505476827580478, 0.9634887015686906, -0.2652181841942106, 0.4775154967512647, 0.008958085565021423, -0.9942972307545963, -0.08887672952274661]
1024.0933636717207	(8, 12, 2)	[-0.17262238370905056, -0.7072771084271071, 1.1677309894195724, 0.2307203112381259, 0.4791374933130526, 0.054988157211722594, -0.23861457342207898, 0.44533922569740714, -0.341868883849878, 0.6097178214032866, 0.08115168419267589, -0.3843016121061469, 0.3944631619053107, -0.13085842244990792, 0.2252137721471891, -0.4893235295301466, -0.3746955822532045, 0.7712097272368803, 0.16183811966778258, 0.2687439151492015, 0.09717860579404528, -0.4714003334830264, -0.7249899761944608, 0.0028719408743057284, 0.32334463263501845, -0.8303820684616862, 0.3043492158371955, 0.46233857636689163, -0.21637540210933298, 0.5061707103218211, 0.044019114880926864, 0.5886364956179307, 0.03154610186040729, -0.019128756293194216, -0.5551115375812985, -0.19427671053634957, 0.6424888745176723, 0.40326661397723645, -0.792435748889863, 0.9185048234363539, 0.548507407939651, -0.5529067129260569, -0.42835657089517426, 0.2249907401481878, 0.23495213879883586, -0.17325483281773474, 0.5972386426819385, -0.5244582251560532, -0.24650566083297448, -0.24807127410192648, -0.13471186840862637, 0.35131275799020323, 0.823941441285489, 0.09929573464258501, 0.08069074824223237, 0.1355389978263426, 0.16002019173734794, 0.33787694286804215, 0.11172418550274837, 0.013199835329027597, -0.7167483214981677, -0.31326716407261856, -1.0619339521419644, 0.3420445832031161, 0.4387169767948908, -0.12136097908270414, 0.04580215302384516, -0.39288864044468275, 0.7487485874150943, 0.11166283782120874, 0.4185064752605659, -0.3218231704705761, 0.9427239628592538, -0.4963687346697922, 0.7676048622897812, -0.6291658515423502, -0.69383932642597, -0.7805041475074745, -0.042594069364999015, -0.16419491320491228, 0.09098944233713845, 0.23210753807895346, -0.6332102132464763, 0.3086395708578532, -0.5531515955117053, -0.5872770003404792, -0.010310032308833338, -0.05756060658176289, 0.7028192061812049, 0.5524619121754283, 0.1911646861114023, -1.3243054463525947, 1.21358482599493, 0.3081019052383385, -0.41409502827109673, 0.18676083302855406, 0.4813681684450467, -0.03659181408885556, -0.4185072529951879, 0.6614610699019833, -1.1588721153424666, -0.0494507062839815, 0.08358643674047171, -0.40893448821742306, 0.24366017036789805, 0.26971415361030804, 0.13815877418644842, -0.9863269649758392, -0.24661143967312713, -0.41137691244050323, -0.016648628393974227, -0.6730478933142425, 0.4088492008377175, -0.30420652535316106, 1.100268441612221, -0.4769196347955997, 0.44239291009066295, 0.09810410089897612, -0.9600744421241267, -0.22730292274237063]
868.0138043717834	(8, 12, 2)	[-0.19274119531679645, -0.7484381204863843, 1.1470169302030726, 0.20624344757562663, 0.39773701761660496, -0.32360836499916085, -0.20457378527212627, 0.412698157384788, -0.14392006934706836, 0.6123878790443087, 0.08445501339029435, -0.39048921868340747, 0.45237490336588, -0.08254189951468062, 0.23363584311241065, 0.03992848267818461, -0.007536433647256091, 0.8228891637477895, 0.1594835294362191, 0.26893551177569464, 0.09719324602988166, -0.4519331166660657, -0.6633639977998973, -0.46781442481127455, 0.2788972876208138, -0.7790365285795385, 0.33447603173507434, 0.45669603536520853, -0.1696889407735599, 0.5226067238781679, 0.056138977225075666, 0.7918086400665793, 0.20355546771908725, 0.163637336091998, -0.5841078576519296, 0.3869342012674126, 0.7656289058429337, 0.31015207176278914, -0.6344734258448284, 0.970427284213067, 0.42101489122893976, -0.5429438600779926, -0.41414904953193615, 0.22512262870018668, 0.265320673841602, -0.22053814213299355, 0.27389384866615707, -0.5244423690942487, -0.268660024474092, -0.2078453184189808, -0.16263203876692872, 0.18641915669056192, 0.7820168807523801, 0.06817705650038575, -0.09950570998918093, 0.14685543442215987, 0.18783154664721535, 0.30024031132809637, 0.31048439999304456, 0.041623366691119865, -0.7577015949210816, -0.009233521690447444, -0.6395834519196469, 0.34411037926648175, 0.43992640927699406, -0.11031920682060214, 0.049852787696452176, -0.39403646446415164, 0.7321087260970155, 0.033708439687620245, 0.47426478787329157, -0.32281043358226946, 0.9256811278597923, -0.4976862430497801, 0.7831106644787279, -0.6375680491195775, -0.7088283044217608, -0.6983260200647347, 0.1002470532090411, -0.052383836593884625, 0.16204197068695841, 0.19245519860211102, -0.65080468535251, 0.2910034475551644, -0.5693791906651972, -0.6006021813032624, -0.01601271288950544, -0.05348501319075957, 0.7055670538320624, 0.6177112618721473, 0.09208954829408918, -1.2035517227787844, 1.1586843395685744, 0.38786459506283055, -0.39656989314050695, 0.19051846488550797, 0.4942607384874023, -0.03705725162484172, -0.4046007464324174, 0.750847783340181, -1.0332157798726775, -0.026572255752011595, 0.2686132800755454, -0.38222246736708765, 0.2435275922750648, 0.19254345457190453, 0.08659726878836294, -0.9842504057731208, -0.24811788117807393, -0.5846167011998388, -0.07961123499577769, -0.660979141889222, 0.39756579674116876, -0.2958148048348967, 1.0808028659326754, -0.4695318881825927, 0.457050517186279, 0.09129561043425166, -1.0563673298565224, -0.22665704905203177]
1103.0521327624815	(8, 12, 2)	[-0.3289070206491437, -0.7163593121450117, 1.1080361637546, 0.11738997136884599, 0.5150851351834139, -0.014238035037686836, -0.14015296440428807, 0.3125970150264737, -0.3714206856339455, 0.6279150278501329, 0.11177433652881787, -0.5283337035522926, 0.44727388040331306, 0.010338955588128834, 0.19082529892531258, -0.4372561339491765, -0.012426673882289428, 0.7042240254722357, 0.16945077673366532, 0.3898931073641866, 0.10289756746746906, -0.2509583474514575, -0.6910363649583502, -0.021820285212215074, 0.2688045860197085, -0.6341430614057417, 0.31021362327676877, 0.5829174030953188, -0.3060942867512002, 0.46063885587949505, 0.04455099510038975, 0.5182026464173008, 0.03569146987880761, -0.43472496225717483, -0.6149144456537164, -0.14363969754036368, 0.7229694158482912, 0.40132876803086026, -0.6074645468452564, 0.8957367829518839, 0.588648062284312, -0.4688025645759504, -0.4296746907283663, 0.2156374844887982, 0.34332246899970303, -0.11723765619152723, 0.49998037887132074, -0.59110833395389, -0.38212498081047075, -0.2286506473150331, -0.07188626133962275, 0.30225565218499484, 0.9346936386114022, 0.09832148934051937, 0.053500953596487814, 0.18364766001585495, 0.17775682659491043, 0.1137819382539963, 0.30489803755452494, 0.10425677883959959, -0.7020404776410175, -0.24965777644172027, -0.9928092102915078, 0.3480535281076912, 0.44476688905284767, -0.11710426431836451, 0.1476821911207166, -0.37251930419857493, 0.6117972592424469, 0.10911092248224905, 0.42336467742558226, -0.45434236921986887, 0.7598048966501713, -0.5774868229955813, 0.7923078623763289, -0.398246908972731, -0.5082668489096779, -0.6301060291709022, 0.11113903658802685, -0.1269536925824725, 0.07999310939026257, 0.07404113082464545, -0.6351930731055708, 0.3743673740374941, -0.5267751545828585, -0.561356229047281, 0.01441029611870702, -0.08517175299781093, 0.7040881215785967, 0.6185584511101478, 0.33854010333478535, -1.2865701904100735, 1.2121177433946182, 0.18807824236806087, -0.19540399724654528, 0.20055307780908174, 0.46800623715359224, -0.03064052734741299, -0.4573251314069074, 0.9092039742860252, -1.1322641932462387, -0.03118129912076162, 0.17048824878492141, -0.3753908287390685, 0.2789154558020193, 0.2717794737482173, 0.2476475017487833, -0.8708843272330518, -0.13951372045842197, -0.5279323101191954, -0.07504777560593118, -0.6829258374750581, 0.42082884743811205, -0.2906728294397826, 1.0416231225142465, -0.470904662316177, 0.45822820185191593, -0.007889991612664807, -0.9685350099814398, -0.22246275508296123]
1108.3636995786312	(8, 12, 2)	[-0.23741239616660553, -0.21381698233224378, 1.0660295699114288, 0.22626895892094986, 0.28583509949974106, -0.13701660143906805, 0.1764087612345188, 0.33728972277938574, -0.08242893171999426, 0.5948939543984726, 0.1082838336451019, -0.35630438893185923, 0.4844155383192636, 0.07652872719719246, 0.21676540227191948, 0.5148861511377906, -0.05035330552490627, 0.5326967680519766, 0.16242901608940222, 0.20349785427231026, 0.16118116489501905, -0.09484935666073985, -0.7455859014376363, -0.23746249238873443, 0.2762126261491243, -0.8481870145426674, 0.3498992637067464, 0.4945179285749112, -0.18387301604361445, 0.5238625875001733, 0.11758518239875346, 0.8058418235668163, 0.5121121110288099, -0.08476193128711039, -0.41910047239677045, -0.15382782152267713, 0.7263185344931936, 0.4282353404506485, -0.5929628017208937, 0.9381175649687716, 0.6665961587743007, -0.5711660765814637, -0.38982035363825995, 0.2580773222373254, 0.23334067811803585, -0.27992494323247114, 0.6940247031845942, -0.4661515676631082, -0.2771264647125923, -0.20174598858657822, -0.03997335574988789, 0.3306358657400725, 0.6579076129803723, -0.15831934355762595, 0.07103358707033769, 0.16587439020999786, 0.16664572304399794, 0.14016272704975227, 0.336423670528527, 0.060524148931365804, -0.7198620814152676, -0.3678262620215484, -0.9371575368645179, 0.29977078754395753, 0.36070897301095717, -0.10479327204214375, 0.014675555145382269, -0.39761511019251716, 0.6412583085905799, 0.061313454062403114, 0.4264303637424179, -0.2612623351942095, 0.9984278336128256, -0.4670612209404189, 0.8380484142683486, -0.4994428932258741, -0.6749154652260362, -0.6440144546139184, 0.15913342505087158, -0.24954583867665062, -0.010315404961225495, 0.044621000893980176, -0.6672151809338775, 0.21521301144750712, -0.6900405099846255, -0.8561144044134753, -0.024364529213861903, -0.08724501379626547, 0.6922451393914677, 0.16910964556179264, 0.08115386329194264, -1.1774473230274203, 1.1225231650245782, 0.35095670834927695, -0.1936681876875419, 0.1929812954991123, 0.48663672704584254, -0.040604226475792135, -0.4415789488106382, 1.1296319667392805, -1.1035923260749545, -0.09848443639405469, 0.14075829669097475, -0.3582114263387217, 0.22351474644803054, 0.08141742731562682, 0.28960015200162803, -0.9331928780957813, -0.24802905578968285, -0.643663635298787, -0.14002534909143272, -0.6767911075318692, 0.33503251685383256, -0.37975767867328447, 1.057849684495627, -0.5926052112709009, 0.477501643210656, 0.05118826084209042, -1.05519431801534, -0.22508958688119038]
991.7441402373659	(8, 12, 2)	[-0.3289070206491437, -0.7163593121450117, 1.1080361637546, 0.11738997136884599, 0.5150851351834139, -0.014238035037686836, -0.14015296440428807, 0.3125970150264737, -0.3714206856339455, 0.6279150278501329, 0.11177433652881787, -0.5283337035522926, 0.44727388040331306, 0.010338955588128834, 0.19082529892531258, -0.4372561339491765, -0.012426673882289428, 0.7042240254722357, 0.16945077673366532, 0.3898931073641866, 0.1589173570616843, -0.2509583474514575, -0.6910363649583502, -0.021820285212215074, 0.2688045860197085, -0.6341430614057417, 0.31021362327676877, 0.5829174030953188, -0.3060942867512002, 0.46063885587949505, 0.04455099510038975, 0.5182026464173008, 0.03569146987880761, -0.43472496225717483, -0.6149144456537164, -0.14363969754036368, 0.7229694158482912, 0.40132876803086026, -0.6074645468452564, 0.8957367829518839, 0.588648062284312, -0.4688025645759504, -0.4296746907283663, 0.2156374844887982, 0.34332246899970303, -0.11723765619152723, 0.49998037887132074, -0.59110833395389, -0.38212498081047075, -0.2286506473150331, -0.07188626133962275, 0.30225565218499484, 0.9346936386114022, 0.09889754661987926, 0.053500953596487814, -0.020661611491415266, 0.17775682659491043, 0.07651990003647453, 0.30489803755452494, 0.10425677883959959, -0.7020404776410175, -0.3768868184061518, -0.9928092102915078, 0.3480535281076912, 0.44476688905284767, -0.11710426431836451, 0.1476821911207166, -0.37251930419857493, 0.6117972592424469, 0.10911092248224905, 0.42336467742558226, -0.45434236921986887, 0.7598048966501713, -0.5774868229955813, 0.7923078623763289, -0.398246908972731, -0.5082668489096779, -0.6301060291709022, 0.11113903658802685, -0.1269536925824725, 0.07999310939026257, 0.07404113082464545, -0.6351930731055708, 0.3743673740374941, -0.5267751545828585, -0.561356229047281, 0.01441029611870702, -0.08517175299781093, 0.7040881215785967, 0.6185584511101478, 0.33854010333478535, -1.2865701904100735, 1.2121177433946182, 0.18807824236806087, -0.19540399724654528, 0.8492971384857364, 0.46800623715359224, -0.03064052734741299, -0.4573251314069074, 0.9092039742860252, -1.1322641932462387, -0.03118129912076162, 0.17048824878492141, -0.3753908287390685, 0.2789154558020193, 0.2717794737482173, 0.2476475017487833, -0.8708843272330518, -0.13951372045842197, -0.5279323101191954, -0.12152442969865909, -0.6829258374750581, 0.42082884743811205, -0.2906728294397826, 1.0416231225142465, -0.470904662316177, 0.45822820185191593, -0.007889991612664807, -0.9685350099814398, -0.22246275508296123]
1177.462876160165	(8, 12, 2)	[-0.2992878066425764, -0.568772620582185, 1.1352307253070153, 0.14018632574367274, 0.5241380928299072, -0.31618459366745333, -0.1292894761223572, 0.14667512141589392, -0.37848536057259446, 0.613124249829738, 0.07530458156284367, -0.5863961058646302, 0.3161812924072446, 0.047633228952554646, 0.16939520239255434, -0.45879789889100636, -0.05746228340840853, 0.4743685124784609, 0.2486776641338737, 0.28545902073696794, 0.09649627139846903, -0.339216751800796, -0.6821334868943743, -0.023365448035046723, 0.2659389402682375, -0.7622653202256484, 0.29827474517067093, 0.5202830917332338, -0.06357530823674218, 0.5515200137800057, 0.04541896150164572, 0.5285382541145552, 0.622558602475118, -0.22488037135649425, -0.6214782138161585, -0.1314140287253477, 0.7422712843228153, 0.408888977535509, -0.861264028868314, 0.9004967098526296, 0.5495048924804745, -0.46751560769565464, -0.42184951168681156, 0.22447487939400004, 0.23284349737645396, -0.215723260394503, 0.7096337874257572, -0.5404375038463436, -0.24403893150438205, -0.31095265813046197, -0.1258765528460001, 0.3023972008955852, 0.8233830428091647, 0.13332356541205004, 0.05275808526745781, 0.12486573698120743, 0.17548800788800875, 0.11157553095722204, 0.44237653204047145, 0.08305520190712079, -0.5939621655615775, -0.051447931522275364, -1.1007691401102473, 0.3236380426834884, 0.43169251474324244, -0.15680705741004142, 0.15259533395695984, -0.37106990673573753, 0.8592867087011433, 0.13947667892925458, 0.44724371959182596, -0.4349111609276836, 0.9605585785975198, -0.5094799006697542, 0.7801424956582035, -0.40513998857501654, -0.6905675647229625, -0.34090922859319234, 0.10270665397727176, -0.07459381922266989, -0.08377435154371042, 0.3272264869098097, -0.6512424272436886, 0.3940188434409365, -0.6322342992220973, -0.547026864002095, -0.014074858050143671, 0.023095396958980108, 0.7187207573428614, 0.588256149975495, 0.2584769335990684, -1.3375967853465287, 1.2377186362690757, 0.13324086850856975, -0.5037445156431504, 0.20042545799752337, 0.4823202314449408, -0.03311379855993632, -0.31129781580997584, 0.6664378004124343, -1.1398101878009161, -0.02592626082273193, 0.041543930910254157, -0.36880713245921753, 0.2713549280397346, 0.2713370639089089, 0.21720077313023822, -1.0952558294228498, -0.14813131122570453, -0.38216807062296854, -0.09045265417839826, -0.6856470130182601, 0.4171944130233506, -0.39317480015112094, 1.05473426193851, -0.4891515246609255, 0.5242696892787753, -0.02176881568352942, -0.9735653483306196, -0.23199960719151488]
1521.7939545538288	(8, 12, 2)	[-0.22938078480873653, -0.2409937259013087, 1.0491066069118076, 0.2329586797343221, 0.2742357054894798, 0.3812732884071849, -0.057793432488677826, 0.36546863373840177, -0.4511762076666313, 0.5807516540078835, 0.15535259239055274, -0.6045965218247108, 0.47141449345435116, -0.13104631966778485, 0.09428503602624856, 0.25931310069408153, -0.02710066642923046, 0.5310131862579524, 0.1663765166120888, 0.12280375706989402, 0.15258240868663703, -0.5945281834168149, -0.6715798904313244, -0.39427645977679704, -0.3693634878176882, -0.7451169450031969, 0.31005187573872733, 0.5030359761189814, -0.12719904375389013, 0.5211441989759701, 0.12815803683523147, 0.687803500885398, 0.47790207939155793, -0.511267903740435, -0.5651692961848157, -0.15597863165619183, 0.6573411666589913, 0.3703842527049258, -0.4869146380880218, 0.9405594893374762, 0.309472862322121, -0.4704951306751136, -0.40538266629640485, 0.2481387840848652, 0.2756307070206454, -0.24957908073215745, 0.6976621034014086, -0.5179536174036775, 0.2611948457154952, -0.2592119821825011, 0.10214921434919776, 0.273476210811043, 0.6165040239216462, -0.20565808810412928, 0.05774798267280907, 0.1678963992851046, 0.16584965189474338, 0.017596796971043105, 0.3363347702894674, 0.05374567947531858, -0.79623420339828, -0.3363325160352062, -1.0337379412919108, 0.3937024624378671, 0.5863324051759835, -0.17118085650421522, 0.02666967479228493, -0.5076063724304922, 0.6411904788771052, 0.05059292463212696, 0.5483536000117191, -0.2258839948070228, 1.0109852443335456, -0.4967535850417544, 0.8421544213028476, -0.6016437908442959, -0.714408266622246, -0.6302919113524326, 0.16148486741738272, -0.21753983090617737, -0.0019289550268589244, 0.05312575660749178, -0.6694670603126057, 0.38008914881375344, -0.5024597144552932, -0.6552059025854936, -0.000979770537726854, -0.07389283999312685, 0.6752333351696309, 0.3528463817916089, 0.09301091865086061, -1.3308804375842882, 1.1193610873708686, 0.3266386170991097, -0.2903255897416971, 0.17847178716134418, 0.8880546653989456, -0.04108938074722437, -0.4771156605899975, 1.1548167504377895, -1.0799075685578883, -0.08796922565521167, 0.12578490802658754, -0.4601950465392298, 0.21430660262542864, 0.19593264269968644, 0.27371598078254733, -0.9957468445205553, -0.21323991574334228, -0.5595179311228694, -0.1357336713492895, -0.6834274827858283, 0.34562833641719376, -0.4065331943345659, 1.1014765552757209, -0.475739585704272, 0.4774133458673313, 0.054148764024244685, -0.9273593839459733, -0.2251020066901283]
1340.272299463396	(8, 12, 2)	[-0.2992878066425764, -0.568772620582185, 1.1352307253070153, 0.14018632574367274, 0.5241380928299072, -0.31618459366745333, -0.1292894761223572, 0.14667512141589392, -0.37848536057259446, 0.613124249829738, 0.07530458156284367, -0.5863961058646302, 0.3161812924072446, 0.09419280154257867, 0.16939520239255434, -0.45879789889100636, -0.05746228340840853, 0.4743685124784609, 0.2486776641338737, 0.28545902073696794, 0.09649627139846903, -0.339216751800796, -0.6821334868943743, -0.023365448035046723, 0.2659389402682375, -0.7622653202256484, 0.29827474517067093, 0.4424791618269361, 0.041417022951404925, 0.5515200137800057, 0.04541896150164572, 0.6770297550409143, 0.622558602475118, -0.22488037135649425, -0.6214782138161585, -0.1314140287253477, 0.7422712843228153, 0.408888977535509, -0.861264028868314, 0.9004967098526296, 0.5495048924804745, -0.46751560769565464, -0.42184951168681156, 0.22447487939400004, 0.23284349737645396, -0.2996434129013435, 0.7096337874257572, -0.5404375038463436, -0.24403893150438205, -0.31095265813046197, -0.1258765528460001, 0.3023972008955852, 0.8233830428091647, 0.13332356541205004, 0.05275808526745781, 0.12486573698120743, 0.17548800788800875, 0.11157553095722204, 0.44237653204047145, 0.08305520190712079, -0.5939621655615775, -0.051447931522275364, -1.1007691401102473, 0.3236380426834884, 0.43169251474324244, -0.15680705741004142, 0.15259533395695984, -0.37106990673573753, 0.8592867087011433, 0.13947667892925458, 0.44724371959182596, -0.4349111609276836, 0.9605585785975198, -0.5094799006697542, 0.7801424956582035, -0.40513998857501654, -0.6905675647229625, -0.34090922859319234, 0.10270665397727176, -0.07459381922266989, -0.08377435154371042, 0.3272264869098097, -0.6498327734141707, 0.3940188434409365, -0.6322342992220973, -0.547026864002095, -0.014074858050143671, 0.023095396958980108, 0.7187207573428614, 0.588256149975495, 0.2584769335990684, -1.3375967853465287, 1.4401936004530231, 0.13324086850856975, -0.5037445156431504, 0.20042545799752337, 0.4823202314449408, -0.03311379855993632, -0.31129781580997584, 0.6664378004124343, -1.1398101878009161, -0.02592626082273193, 0.02064614768290637, -0.36880713245921753, 0.2713549280397346, 0.2713370639089089, 0.21720077313023822, -1.0952558294228498, -0.14813131122570453, -0.38216807062296854, -0.09045265417839826, -0.6856470130182601, 0.4171944130233506, -0.39317480015112094, 1.05473426193851, -0.4891515246609255, 0.5242696892787753, -0.02176881568352942, -0.9971418387194195, -0.23199960719151488]
1496.3811313302892	(8, 12, 2)	[-0.22700673626169776, -0.36661873303946624, 1.1285225532642702, 0.1829669360427304, 0.6092359307922857, 0.021916537455502566, 0.012866521813649445, 0.24509013036255903, -0.19705013094314272, 0.5095025079486327, 0.10981870600870171, -0.40825737404621604, 0.4032317401485016, 0.1221502424557789, 0.37793640135836537, -0.07110058887044302, -0.04725342748995258, 0.6472251588652096, 0.1620813789318541, 0.18365252329897838, 0.1380568787377798, -0.31703066236960814, -0.7226784633478557, -0.21473739993768817, 0.27085602752295024, -0.8417455261692403, 0.32914093253669385, 0.33263931252586443, -0.1790139880320565, 0.5138211662684304, 0.07741152041386433, 0.43978116284689545, 0.27820413704256225, 0.014439282425736957, -0.6083483615145858, 0.061567586227250504, 0.7156816204100237, 0.33364997454884826, -0.9771647700486715, 0.9426541345505535, 0.5860312972486226, -0.5266213369499781, -0.40114141512413437, 0.24987622599435594, 0.2272997025945354, -0.023423298455467118, 0.7896879234033303, -0.573942387777332, -0.5098833456346437, -0.19057205640568872, -0.10030690308065099, 0.3303554584124412, 0.627970664063288, -0.2044907171211463, 0.11875705765891509, 0.22747293498850008, 0.12123358294558767, -0.13231379491616926, 0.31394751240450597, 0.03136723219114583, -0.7162824938982132, -0.248598847967195, -0.956191370717195, 0.8536053156332265, 0.47118085743327853, -0.06940453045818629, 0.006928736757925357, -0.42648079058178695, 0.7073243516208263, 0.0764415748776463, 0.4267383637261401, -0.284269517929051, 0.9521164718643392, -0.5138338586330276, 0.8793172716267821, -0.5088089526975019, -0.6730309389315828, -0.7741751931178641, -0.03605778278260474, -0.2782316520400927, 0.22698018094445074, 0.1536249366226139, -0.637888295572973, 0.2516798416678805, -0.6207917126653779, -0.6677025459142194, 0.006797796363454858, -0.03435441850678127, 0.6908614766552527, 0.3937060079680941, 0.1434107414113558, -1.3652411332376093, 1.2489771504075975, 0.1367154736356008, -0.24966322590751255, 0.19331108840780098, 0.45090225335687956, -0.03967193829810167, -0.44036778356760564, 1.0923741572621894, -1.114181283777953, -0.09592689822293365, 0.19055258271444048, -0.4561064174582388, 0.13536714025934965, 0.09602704853965566, 0.32958340482635673, -0.9613037661079629, -0.24730333652255818, -0.5333826721486631, -0.01013109778943097, -0.664674425988946, 0.41053196210465165, -0.3330193953147389, 1.0044440032186286, 0.059835087874254955, 0.4905766305972416, -0.0886855666879626, -1.0336186221950738, -0.24278516538909647]
1170.555713389855	(8, 12, 2)	[-0.22801956419026412, -0.4120541773723877, 1.1137510759256488, -0.2237987733553231, 0.7208777972816218, -0.19762822880642988, -0.1825434373280701, 0.29990721787459235, -0.29279883508695326, 0.5425059632584098, 0.14133059743594845, -0.45419072898840035, 0.44108396763849705, 0.08306963835484356, 0.30986328877464, -0.10277368801023756, -0.030028915683300468, 0.6015982483118493, 0.1655595843099742, 0.18556176427659357, 0.1410369652676232, -0.3352258411917409, -0.7082469951521931, -0.2401959582340391, 0.10616658496528136, -0.8610394723027526, 0.35880656741569045, 0.4188404490681074, -0.12548250885638873, 0.5137270194790583, 0.07401865118994724, 0.45910667708315944, 0.3618905115685624, -0.015732800526103846, -0.6054147130188963, -0.16809768519674903, 0.7085124673950738, 0.33585814199672465, -0.8188956127522146, 0.8455630655245157, 0.550706784824276, -0.44499113894350734, -0.5790323084057705, 0.24891114509487186, 0.23183115165593607, -0.21516031864513424, 0.4647692341772407, -0.48384098318808083, -0.4480750142553014, -0.21226681236659833, 0.011487639201196942, 0.28624203816588717, 0.6370323938673058, -0.17647000759167517, 0.0638644025623141, 0.21808396489366158, 0.13731810713200032, -0.024269450349424376, 0.3186500402684071, 0.05525536821187107, -0.8264322347422635, -0.2785274907957955, -0.9562937040909385, 0.7614395413421295, 0.5773813273192007, 0.010758943316436675, 0.019597404550114578, -0.43205012910122775, 0.6890810922017128, 0.07280075636796249, 0.4564925800565732, -0.2845683629607838, 0.937696343890196, -0.5072839631682241, 0.6856395407102257, -0.5379485991295306, -0.6912643212406989, -0.7693091837549569, 0.09658161807038018, -0.28576922888351364, 0.2553727389937185, 0.20598391142207395, -0.6307635263619146, 0.2532573501857635, -0.6344066274655096, -0.6649032287406058, 0.006716585483854599, -0.0033798027732516722, 0.6588100870807023, 0.388854399883502, -0.09240888770255579, -1.3471496978883972, 1.1923405195664638, 0.14532858909110852, -0.24536185152306356, 0.09684264972426775, 0.4414925530692881, -0.13325560443363682, -0.43780881878845473, 1.1991551692497016, -1.1085207667673669, -0.06411998958986459, 0.20156685367766605, -0.3480647460285104, 0.20949460191196767, 0.11854602927720301, 0.33006383024667035, -0.9591676718717113, -0.21580611966052343, -0.6002104528842673, -0.028409750622726687, -0.7104074841412917, 0.3951605055820291, -0.37206133841983446, 1.0378843317979143, 0.11024802026561809, 0.48428351927818464, -0.10919681905151435, -1.0150610259699093, -0.16925521778418268]
992.9559143148396	(8, 12, 2)	[-0.22801956419026412, -0.4120541773723877, 1.1137510759256488, -0.21526304701121962, 0.7208777972816218, -0.19762822880642988, -0.1825434373280701, 0.29990721787459235, -0.29279883508695326, 0.5425059632584098, 0.14133059743594845, -0.722071057562547, 0.44108396763849705, 0.08306963835484356, 0.30986328877464, -0.10277368801023756, -0.030028915683300468, 0.6015982483118493, 0.1655595843099742, 0.18556176427659357, 0.1410369652676232, -0.3352258411917409, -0.7082469951521931, -0.2401959582340391, 0.10616658496528136, -0.8610394723027526, 0.35880656741569045, 0.4188404490681074, -0.12548250885638873, 0.5137270194790583, 0.07401865118994724, 0.45910667708315944, 0.3618905115685624, -0.015732800526103846, -0.6054147130188963, -0.16809768519674903, 0.7085124673950738, 0.33585814199672465, -0.8188956127522146, 0.8455630655245157, 0.550706784824276, -0.44499113894350734, -0.5790323084057705, 0.13260183699453734, 0.23183115165593607, -0.21516031864513424, 0.4647692341772407, -0.48384098318808083, -0.4480750142553014, -0.21226681236659833, 0.011487639201196942, 0.28624203816588717, 0.6370323938673058, -0.17647000759167517, 0.0638644025623141, 0.21808396489366158, 0.13731810713200032, -0.024269450349424376, 0.3186500402684071, 0.05525536821187107, -0.8264322347422635, -0.2785274907957955, -0.9562937040909385, 0.7614395413421295, 0.5773813273192007, 0.04121973124327019, 0.019597404550114578, -0.43205012910122775, 0.6890810922017128, 0.07280075636796249, 0.4564925800565732, -0.2845683629607838, 0.937696343890196, -0.5072839631682241, 0.6856395407102257, -0.5379485991295306, -0.6912643212406989, -0.7693091837549569, 0.09658161807038018, -0.28576922888351364, 0.2553727389937185, 0.20598391142207395, -0.6307635263619146, 0.2532573501857635, -0.6344066274655096, -0.6649032287406058, 0.006716585483854599, -0.0033798027732516722, 0.6588100870807023, 0.388854399883502, -0.09240888770255579, -1.3471496978883972, 1.1499939334845999, 0.16854140979237212, -0.24536185152306356, 0.09684264972426775, 0.4414925530692881, -0.13325560443363682, -0.43780881878845473, 1.1991551692497016, -1.1085207667673669, -0.06411998958986459, 0.20156685367766605, -0.3480647460285104, 0.2194072114043235, 0.11854602927720301, 0.33006383024667035, -0.9591676718717113, -0.21580611966052343, -0.6002104528842673, -0.028409750622726687, -0.7104074841412917, 0.3951605055820291, -0.37206133841983446, 1.0378843317979143, 0.11024802026561809, 0.48428351927818464, -0.10919681905151435, -1.0150610259699093, -0.16925521778418268]
1836.679568776803	(8, 12, 2)	[-0.20865392868695043, -0.4098173453297236, 1.1209725547266272, 0.16300135895709178, 0.585488344507256, -0.1110545736979398, -0.15261815974099222, 0.3131680736551886, -0.4358129583553201, 0.6137832706469405, 0.06375220877274615, -0.5838052227962545, 0.4560339364215559, -0.14632255751282966, 0.18281319775994725, -0.2150529017394378, -0.0613928996055266, 0.31455035541867604, 0.16778951011638113, 0.3022006268811494, 0.1432166209311152, -0.2515234067805556, -0.7326806617023012, -0.12072292407076715, 0.26596277341264085, -0.7384842498986179, 0.3776525753691059, 0.48144773756723674, -0.15687140505252833, 0.5642328844595172, -0.009702719707022307, 0.5432899395584366, 0.4157500884723613, -0.0402274476143039, -0.6139138256273454, -0.09165646659569124, 0.7610150377186519, 0.34392073537600737, -0.9184271895527467, 0.9131309882838736, 0.3674955188592757, -0.5262172463927342, -0.42058919053110616, 0.21815263570006752, 0.3391667256494962, -0.2812884273359265, 0.25805616636861933, -0.5888320813876028, -0.2742891081959459, -0.3891255215327716, -0.15209299002444215, 0.2971112107795045, 0.8020464562693159, -0.03752155156363768, 0.060240394829517076, 0.07652991493042349, 0.20358050291968938, 0.08829425427225643, 0.36241055247897525, 0.073275986300674, -0.6801723359850751, -0.3351585974013199, -0.9786785986246107, 0.3095064397397098, 0.44251858068674804, -0.14511923605581348, 0.1448005245161186, -0.5776135992907458, 0.9167162911981561, 0.11475288623008197, 0.4517648126768864, -0.4012756925148804, 0.7966651058601572, -0.4685772140180542, 0.6130779908983003, -0.45015637602130754, -0.7422775054282321, -0.864399679056073, 0.09420687014050597, -0.1283572344772722, 0.06713538354838042, 0.25382847499604044, -0.6329369314153083, 0.3107127651765905, -0.5315895625002562, -0.748852092224111, 0.0036359857486614293, -0.04686844086647579, 0.7176848150599597, 0.5623326051125666, 0.24745938621242042, -1.1917466158338768, 1.248155977219965, 0.16289722287016906, -0.29845841514044325, 0.6718963560947366, 0.4577493518375089, -0.03086582885537812, -0.44686787013005175, 0.8344895178051248, -1.1361295876253132, -0.022211158952807494, 0.1821467859411686, -0.38255415062982523, 0.2788833930631056, 0.2728137878074214, 0.2289820937825662, -0.9279205533163764, -0.15118926892968296, -0.47837248645733316, -0.04002919517717973, -0.7532897110939192, 0.42144442693825235, -0.3924702687627313, 1.0531014238963774, -0.528385704538616, 0.5749259622222052, -0.09312688696594777, -0.9495090137673438, -0.06128457552278577]
1305.5572773611907	(8, 12, 2)	[-0.22687699652633833, -0.6087239125598606, 1.110912084895647, -0.2767445229441082, 0.41991120674228066, 0.08077750765965164, -0.15315239993301766, -0.17044524530063038, -0.277337962790876, 0.5968436359951049, 0.23324666994189558, -0.5067920898768549, 0.45274476487860776, 0.08354531035321405, 0.26981638957191456, 0.10587982847658624, -0.0314864883270446, 0.6011726103305726, 0.20493271123887358, 0.1686477902974277, 0.028106965805744337, -0.3256546203359315, -0.6549235437064097, -0.28797997924299784, 0.11056407941009755, -0.8165862869359084, 0.3437918633905188, 0.44448926564182245, -0.1527410233380401, 0.49221989120106224, 0.12466171359642815, 0.5246523996792446, -0.21684691862460492, -0.2256747728153578, -0.5263880033797009, -0.11347023880980737, 0.7218681624812036, 0.3334099116102611, -0.7141890098381496, 0.9451850983419384, 0.5562986361718942, -0.42813124287263254, -0.43994785136962883, 0.246221541681917, 0.2741893261764484, -0.20607387935901317, 0.5160437566698484, -0.48369443670343243, -0.4521681434103793, -0.1852229840427138, -0.0013729700640448539, 0.2464493174711234, 0.5989953999504483, 0.17710685493468098, 0.14428285183789916, 0.27180636421756255, 0.16976297962512368, 0.11199983414876749, 0.3750301573756772, 0.07450256451884046, -0.6518461634559957, -0.2891916666811612, -0.9430870074433997, 0.8203670469115887, 0.5900924321708861, -0.030466149791137764, 0.1452095949244036, -0.4108485895564981, 0.6882758190446525, 0.12647082389664133, 0.4422212590076171, -0.31037964374785165, 0.8016526447175026, -0.5830327434296445, 0.7459137353479962, -0.600156694324725, -0.43424740513366966, -0.7861272672273543, 0.10535302754959593, -0.18863069646370278, 0.2995261978428687, 0.23407187090930803, -0.8086807783331611, 0.2991015992232238, -0.6483973582769916, -0.7218131213545933, -0.017065892439777925, -0.00734509754902276, 0.6445678796843434, 0.5896621593742273, -0.057223856907268944, -1.3211428030154568, 1.2410747409063925, 0.12111393200039973, -0.3753993503714909, 0.17108391582549448, 0.45681721218960425, -0.1490632410092343, -0.43094902832431853, 0.7604771640153775, -1.1969545229525413, -0.07830151631681115, 0.21955086684364786, -0.33403459861490403, 0.24920829009390483, 0.14431380131096602, 0.33637842529325507, -0.9888121039213368, -0.2589717471263903, -0.5946358780576523, -0.056302138648258906, -0.7402665443766853, 0.3183303990926397, -0.3723370573878649, 1.8112261457351784, -0.5689652143457163, 0.33588126114174177, -0.09607980947740916, -1.1202388992114483, -0.22536686230378283]
1168.8049948672929	(8, 12, 2)	[-0.22687699652633833, -0.6087239125598606, 1.110912084895647, -0.2767445229441082, 0.41991120674228066, 0.08077750765965164, -0.15315239993301766, -0.17044524530063038, -0.277337962790876, 0.5968436359951049, 0.23324666994189558, -0.5067920898768549, 0.45274476487860776, 0.08354531035321405, 0.26981638957191456, 0.10587982847658624, -0.0314864883270446, 0.6011726103305726, 0.20493271123887358, 0.1686477902974277, 0.028106965805744337, -0.3256546203359315, -0.6549235437064097, -0.28797997924299784, 0.11056407941009755, -0.8165862869359084, 0.3437918633905188, 0.44448926564182245, -0.1527410233380401, 0.49221989120106224, 0.12466171359642815, 0.5246523996792446, -0.21684691862460492, -0.2256747728153578, -0.5263880033797009, -0.11347023880980737, 0.7218681624812036, 0.3334099116102611, -0.7141890098381496, 0.9451850983419384, 0.5562986361718942, -0.42813124287263254, -0.43994785136962883, 0.246221541681917, 0.2741893261764484, -0.20607387935901317, 0.5160437566698484, -0.48369443670343243, -0.4521681434103793, -0.1852229840427138, -0.0013729700640448539, 0.2464493174711234, 0.5989953999504483, 0.17710685493468098, 0.14428285183789916, 0.27180636421756255, 0.16976297962512368, 0.11199983414876749, 0.3750301573756772, 0.07450256451884046, -0.6518461634559957, -0.2891916666811612, -0.9430870074433997, 0.8203670469115887, 0.5900924321708861, -0.030466149791137764, 0.1452095949244036, -0.4108485895564981, 0.6882758190446525, 0.12647082389664133, 0.4422212590076171, -0.31037964374785165, 0.8016526447175026, -0.7308129872422893, 0.7459137353479962, -0.600156694324725, -0.43424740513366966, -0.7861272672273543, 0.10535302754959593, -0.18863069646370278, 0.2995261978428687, -0.20020224806887255, -0.8086807783331611, 0.2991015992232238, -0.3743205264508438, -0.7218131213545933, -0.017065892439777925, -0.00734509754902276, 0.6445678796843434, 0.5896621593742273, -0.057223856907268944, -1.3211428030154568, 1.2410747409063925, 0.12111393200039973, -0.3753993503714909, 0.17108391582549448, 0.5940496489918595, -0.1490632410092343, -0.43094902832431853, 0.7604771640153775, -1.1969545229525413, -0.07830151631681115, 0.21955086684364786, -0.33403459861490403, 0.24920829009390483, 0.14431380131096602, 0.33637842529325507, -0.9888121039213368, -0.2589717471263903, -0.5946358780576523, -0.056302138648258906, -0.7402665443766853, 0.3183303990926397, -0.3723370573878649, 1.8112261457351784, -0.5689652143457163, 0.33588126114174177, -0.09607980947740916, -1.1202388992114483, -0.22536686230378283]
921.8081052560484	(8, 12, 2)	[-0.2245900473206896, -0.5765421287661514, 1.1806228207373777, 0.13785365368332123, 0.579142897606928, -0.19178154354505814, -0.15167077791219097, 0.3322558371040371, -0.38221532909215317, 0.6075913407820234, 0.06127545895721604, -0.5886243804946515, 0.3809426077157341, 0.09516764496139196, 0.2322349080402844, -0.4126352455320713, -0.03365787010280697, 0.4846459175125758, 0.24387028387940737, 0.2992043544202604, 0.14312174919896284, -0.38872655461336775, -0.737115455065844, -0.12162204526973774, 0.12607294439771405, -0.7820072472931681, 0.32618202371026034, 0.4694387401417847, -0.1597693150133526, 0.5609390581624857, 0.06648579577199848, 0.552514657263306, 0.3944104815186456, -0.015567352175863317, -0.6030789567111831, -0.15713545965112485, 0.762124019911804, 0.36825923839798086, -0.7346445442211411, 0.9073261691439932, 0.3619153373968257, -0.49531327673327663, -0.4805347610709537, 0.33431289153498944, 0.25708231324560765, -0.26438768012710323, 0.6024727648411115, -0.5234557998688034, -0.38305777670484065, -0.4435330254185873, -0.12313972367386225, 0.2966433222736805, 0.7361254059831591, -0.03891855860534625, 0.07121737124673713, 0.0743982926761453, 0.20201339688807507, 0.07670288387982739, 0.3791738533626432, 0.07532701581265101, -0.6998756158118242, -0.1950574690882542, -0.9635852303209579, 0.31812405548614997, 0.45675952088488553, -0.14359193400271303, 0.14506095324419963, -0.4281138003768125, 0.931108073551592, 0.10664133329737836, 0.45180422812353577, -0.4063619035466507, 0.7843798878287679, -0.4858443056365578, 0.614063782030861, -0.45015295236763914, -0.7167698628666573, -0.6056016971698766, 0.09159917304673801, -0.12632664457906603, -0.31985588414703253, 0.20185045704437993, -0.6352724299085306, 0.30749673396776317, -0.5289314404285755, -0.7673236606383484, -0.001354912903537838, -0.36481656615972374, 0.7182108562302404, 0.5825998847862901, 0.3029268740434411, -1.3177734224111244, 1.3610839730258246, 0.16346742055049, -0.37731024345829234, 0.49112720417714806, 0.4588256155608596, -0.033283345272903136, -0.8905973145277837, 0.6092525351226865, -1.1624555016305926, -0.016390601018886133, 0.17953847326784989, -0.3831689220784342, 0.28039612110332696, 0.21513606106841204, 0.2707116591588005, -0.9225490836485393, -0.14902759558914014, -0.49427028130557393, -0.3116256353000473, -0.6650550515536624, 0.4199095427713255, -0.39145914945554333, 1.0536617792947318, -0.22454871338053417, 0.575335222320654, -0.0037323692537905295, -0.9554052770946123, -0.09351668124531615]
872.467142898545	(8, 12, 2)	[-0.2245900473206896, -0.5765421287661514, 1.1806228207373777, 0.13785365368332123, 0.579142897606928, -0.19178154354505814, -0.15167077791219097, 0.3322558371040371, -0.38221532909215317, 0.6075913407820234, 0.06127545895721604, -0.5886243804946515, 0.43564266936998186, 0.1900311532970254, 0.2322349080402844, -0.4126352455320713, -0.03365787010280697, 0.4846459175125758, 0.24387028387940737, 0.2992043544202604, 0.14312174919896284, -0.38872655461336775, -0.737115455065844, -0.12162204526973774, 0.12607294439771405, -0.7820072472931681, 0.32618202371026034, 0.4694387401417847, -0.1597693150133526, 0.5609390581624857, 0.06648579577199848, 0.812918626793195, 0.3944104815186456, -0.015567352175863317, -0.6030789567111831, -0.15713545965112485, 0.762124019911804, 0.36825923839798086, -0.8487825284123262, 0.9073261691439932, 0.3619153373968257, -0.49531327673327663, -0.4805347610709537, 0.33431289153498944, 0.25708231324560765, -0.26438768012710323, 0.6024727648411115, -0.5234557998688034, -0.38305777670484065, -0.4435330254185873, -0.12313972367386225, 0.2966433222736805, 0.7361254059831591, -0.03891855860534625, 0.07121737124673713, 0.0743982926761453, 0.20201339688807507, 0.07670288387982739, 0.3791738533626432, 0.07532701581265101, -0.6998756158118242, -0.1950574690882542, -0.9635852303209579, 0.31812405548614997, 0.45675952088488553, -0.14359193400271303, 0.14506095324419963, -0.005276310054207145, 0.931108073551592, 0.10664133329737836, 0.45180422812353577, -0.4063619035466507, 0.7843798878287679, -0.4858443056365578, 0.614063782030861, -0.45015295236763914, -0.7167698628666573, -0.6056016971698766, 0.09159917304673801, -0.12632664457906603, -0.31985588414703253, 0.20185045704437993, -0.6352724299085306, 0.30749673396776317, -0.5289314404285755, -0.7673236606383484, -0.001354912903537838, -0.36481656615972374, 0.7182108562302404, 0.3578338066581045, 0.3029268740434411, -1.2824156236333377, 1.4977644078183887, 0.16346742055049, -0.37731024345829234, 0.49112720417714806, 0.4588256155608596, -0.033283345272903136, -0.8587746828132243, 0.6092525351226865, -0.8188120946180355, -0.016390601018886133, 0.17953847326784989, -0.3831689220784342, 0.28039612110332696, 0.21513606106841204, 0.2707116591588005, -0.9225490836485393, -0.14902759558914014, -0.49427028130557393, -0.11431976466258988, -0.6650550515536624, 0.4199095427713255, -0.39145914945554333, 1.0536617792947318, -0.22454871338053417, 0.6344852198776492, -0.0037323692537905295, -0.9554052770946123, -0.09351668124531615]
1479.6527466411123	(8, 12, 2)	[-0.2241469001158508, -0.5748949059171959, 1.155507596369844, 0.1784560619260366, 0.5347833793503313, -0.21059090306479142, -0.13492965976919483, 0.28564481016401055, -0.3753459436512873, 0.6084468099162252, 0.08549392414908336, -0.7090630174120902, 0.33280649593370426, 0.13467000297738402, 0.08007700960742876, -0.12931280565454673, -0.1939203337807215, 0.4778196198814321, 0.2378350459213342, 0.425925515959355, 0.1680032852669068, -0.3570600205062049, -0.6238737685817439, -0.00891992205792097, 0.18912023906216574, -0.8441857648101492, 0.30839524524530737, 0.5239235114164398, -0.17125370834724984, 0.5439850494119016, 0.10096795416149408, 0.5278393216128869, 0.6694107130570291, -0.2576518714228652, -0.7239666682080985, -0.2987367384904019, 0.7496363270089459, 0.4138291393939897, -0.997570567622122, 0.9081498308278323, 0.5651955874269197, -0.4427115944808997, -0.440415777914283, 0.2399984028652045, 0.2238341989110361, -0.2362190248989866, 0.5639695581209481, -0.5723427674760239, -0.9244318439412076, -0.29763117213300483, -0.13585425581166896, 0.30286177025468836, 0.7800160636759615, 0.015617321273505867, 0.08717038142884799, 0.055055809574723585, 0.3015747056871283, 0.11319652121995902, 0.43902425367284825, 0.07834980972725189, -0.5937954534932655, -0.09767447942564148, -1.0052620779328278, 0.43048946303402597, 0.4639380350955171, -0.10810039138142295, 0.1524916105559113, -0.39314453269775207, 0.8466224917965163, 0.0666909016055791, 0.23665545437480962, -0.3638705301201295, 0.9355033641066353, -0.5937069509596047, 0.7480216980831969, -0.40361928906203504, -0.9475390765337438, -0.2966687187104954, 0.08557425880968386, -0.20354449795474172, -0.3447748612123325, 0.255606702785483, -0.7070817888123261, 0.34795824691151195, -0.6246954866940614, -0.711142003564544, -0.0026500110048665124, 0.14553528531511717, 0.7163161679096803, 0.3869195398836372, -0.11808271156069375, -1.3031261324324288, 1.2891746909218762, 0.10691291362975375, -0.5900275005906983, 0.2185910267521986, 0.4851127847759368, -0.07387327621959076, 0.09699542315751597, 0.7374731620258173, -1.1195477408289662, -0.022431139485938466, 0.09061055068402069, -0.5457835128271313, 0.23389912742848096, 0.2626496331718742, 0.31085947167574446, -0.6291452079968519, -0.15094048135568983, -0.5316281291750687, -0.010741963403466684, -0.6899362788841795, 0.4164446667157803, -0.354524371127944, 1.0605308082806895, -0.6254729736048574, 0.5612839459687642, -0.10157093386065494, -1.02975678233553, -0.22848119313760548]
1517.8827949514946	(8, 12, 2)	[-0.15622640591271153, -0.5148140470065764, 1.1107243032092253, -0.031102726232522446, 0.5269356514490868, -0.058788411195185575, -0.1951565004728766, 0.43946981674810204, -0.28533890580282895, 0.6057339795280198, 0.25241459885432016, -0.48969668510840736, 0.33241626847888717, 0.09819778386066019, 0.2070214096671877, 0.06039191867427952, -0.057172617687941185, 0.311692530278247, 0.14583068631611473, 0.25117722599534437, 0.09235553054117207, -0.31578678824254314, -0.6948920793606798, -0.3288430553180525, -0.07909579427583474, -0.689890236774228, 0.3450555291609954, 0.4477640659370105, -0.15403413146367004, 0.5615756241249211, -0.016563406584613555, 0.6506832402503674, 0.3731231121380624, -0.010995157232952784, -0.6118368182131644, -0.10831479564608464, 0.7513422174275243, 0.31571228465563356, -0.795322827413852, 0.9044376068665608, 0.43959625855652557, -0.4872225062912639, -0.4849544209225526, 0.18300874372533765, 0.2370467192032045, -0.1794552157321671, 0.45399812791596494, -0.5009352649028375, -0.37541668981309506, -0.2635511792925807, 0.10097174456709734, 0.23355096430265268, 0.6697591888755199, -0.21284638876540063, 0.07985639188573959, 0.17699370732638053, 0.19642498010269185, 0.0545159717526239, 0.4355503449911402, 0.06628532377588663, -0.6696033029805216, -0.21762002696826127, -0.9468991738797973, 0.29914320869357014, 0.427915704786181, -0.15787922453182315, 0.09899345026867398, -0.4810585187438862, 0.7558242162205941, 0.09678438555965588, 0.4242744568975222, -0.3088275400171048, 0.9364593440079156, -0.4888302978709071, 0.7017070821396341, -0.5968361828771391, -0.6567420346103062, -0.7832161932154464, 0.12652850279783523, -0.047921289914194976, 0.042074221242530394, 0.2365779412770646, -0.6717221687184007, 0.24666037248360506, -0.5373213595637824, -0.7213531138276696, 0.1223699008815586, -0.03887979781897982, 0.6600694816010957, 0.5064672570554442, -0.10287658031049932, -1.224704279755108, 1.3362679592674163, 0.13967968590130492, -0.3905964130904084, 0.3987970678620434, 0.4795492173635987, -0.007032903716220397, -0.43523112306333367, 1.02922619144858, -1.2012816999850287, -0.05757883997471089, 0.19132968877420403, -0.3145767347970009, 0.26066061428121434, 0.07139694318005708, 0.29937618139382605, -1.0139205400738718, -0.1756365789926182, -0.6624750377467441, -0.026308981461800943, -0.7445593463424015, 0.5367283696099219, -0.3523063136513333, 0.9925411827739856, -0.5516803526135051, 0.5610013094045293, 0.10351021815520223, -0.9794340012559308, -0.19086438221015453]
1282.685217587678	(8, 12, 2)	[-0.2101712459481192, -0.4033198131823901, 1.0817818394511642, 0.03891446210645888, 0.27845653614343663, -0.12516471580021132, -0.18051876166994632, 0.27588031466910234, -0.43864857907923555, 0.5946521789681493, 0.12477443161008706, -0.6066250665042598, 0.7942078744302377, -0.14463367806032953, -0.26256270604826865, -0.39114443034096896, -0.04522373582672934, 0.40048694777632377, 0.16654100246574097, 0.11253928266325708, 0.14580246349140535, -0.7469962242932245, -0.8302830581712889, -0.2522105821195255, -0.6087710093437094, -0.7369213058601805, 0.34171425046092646, 0.4963240642641697, -0.13158204810237772, 0.5897290178926877, 0.2043582485436607, 1.0440665260536004, 0.7287862100149849, -0.5487321770841566, -0.43837172072265995, -0.20714550754975206, 0.7262914247403052, 0.2578722961310046, -0.46160710489573165, 1.041138046789318, 0.37469961046439504, -0.4962554945736454, -0.11540589328020151, 0.2217631281245726, 0.30634765687633136, -0.24611359941599456, 0.4552497257280833, -0.5857071328052434, -0.30375243638097, -0.4081544625892589, 0.06118214843877412, 0.3017984821223665, 0.7906629193730461, 0.07504790975466463, 0.03048114252259016, 0.16263751142028862, 0.06198013028077684, 0.12956006543987297, 0.33818398153101037, 0.07099882755761647, -0.9944994176009285, -0.13504898761851747, -0.83344904442113, 0.10554672148816385, 0.45048478368154093, -0.16427174705742223, 0.08736988884564081, -0.5582902040145294, 0.6281854451497273, 0.054309237693640766, 0.5429170093599955, -0.2787545189699298, 0.7915090713996411, -0.4881007400740143, 0.6125612721343964, -0.6534598040319772, -0.7248681493663723, -0.8913306199340277, 0.09349442785719395, -0.08479816305470131, 0.062095024657008856, 0.20210635905627056, -0.6335604453475757, 0.2979485833125423, -0.6380682848759365, -0.6890813512004664, -0.0005896987215023011, 0.08591239473826365, 0.6707093213760194, 0.4549339712986734, 0.06898135789577084, -1.1432392180899789, 1.2724424201992552, 0.29392434156368347, -0.2934286127098722, 0.10300101438075779, 0.46162879726165945, -0.03205134994775648, -0.4839647982940098, 1.2882451464047697, -1.1478103221169442, -0.09723012168386196, 0.15260189719009068, -0.40707789459272276, 0.22688166329409418, 0.405275348491344, 0.16443554518095557, -0.9866293038962575, -0.19819192161251759, -0.5076121061987589, -0.28109854289298947, -0.6891456199095884, 0.4519934334109202, -0.441108942779455, 1.1059784276358224, -0.5259397963752164, 0.5989755589616381, -0.02237237541681858, -0.9505837679072837, -0.07079554948208705]
1238.2264090631988	(8, 12, 2)	[-0.2101712459481192, -0.4033198131823901, 1.0817818394511642, 0.03891446210645888, 0.27845653614343663, -0.12516471580021132, -0.18051876166994632, 0.27588031466910234, -0.43864857907923555, 0.5946521789681493, 0.12477443161008706, -0.6066250665042598, 0.7942078744302377, -0.14463367806032953, -0.26256270604826865, -0.39114443034096896, -0.04522373582672934, 0.40048694777632377, 0.16654100246574097, 0.11253928266325708, -0.017339092601327377, -0.7469962242932245, -0.8302830581712889, -0.2522105821195255, -0.6087710093437094, -0.7369213058601805, 0.34171425046092646, 0.4963240642641697, -0.13158204810237772, 0.5897290178926877, 0.2043582485436607, 1.0440665260536004, 0.7287862100149849, -0.5487321770841566, -0.4398998506789358, -0.20714550754975206, 0.7262914247403052, 0.2578722961310046, -0.46160710489573165, 1.041138046789318, 0.37469961046439504, -0.5882712339044656, -0.11540589328020151, 0.2217631281245726, 0.30634765687633136, -0.24611359941599456, 0.4552497257280833, -0.5857071328052434, -0.46636063601527944, -0.4081544625892589, 0.06118214843877412, 0.3017984821223665, 0.7906629193730461, 0.07504790975466463, 0.03048114252259016, 0.16263751142028862, 0.06198013028077684, 0.12956006543987297, 0.33818398153101037, 0.07099882755761647, -0.9944994176009285, -0.13504898761851747, -0.83344904442113, 0.10610706645165854, 0.45048478368154093, -0.16427174705742223, 0.08736988884564081, -0.5582902040145294, 0.6281854451497273, 0.054309237693640766, 0.5429170093599955, -0.2787545189699298, 0.7915090713996411, -0.4881007400740143, 0.6125612721343964, -0.6534598040319772, -0.7248681493663723, -0.8913306199340277, 0.09349442785719395, -0.08479816305470131, 0.062095024657008856, 0.20210635905627056, -0.6335604453475757, 0.2979485833125423, -0.6380682848759365, -0.6890813512004664, -0.0005896987215023011, 0.08591239473826365, 0.6707093213760194, 0.4549339712986734, 0.06898135789577084, -1.1432392180899789, 1.2724424201992552, 0.29392434156368347, -0.2934286127098722, 0.014511177912997539, 0.46162879726165945, -0.03205134994775648, -0.4839647982940098, 1.2882451464047697, -1.1478103221169442, -0.09723012168386196, 0.15260189719009068, -0.40707789459272276, 0.22688166329409418, 0.405275348491344, 0.16443554518095557, -0.9866293038962575, -0.19819192161251759, -0.5076121061987589, -0.28109854289298947, -0.6891456199095884, 0.4519934334109202, -0.441108942779455, 1.1059784276358224, -0.5259397963752164, 0.5989755589616381, -0.02237237541681858, -0.9505837679072837, -0.07079554948208705]
1036.3619204669162	(8, 12, 2)	[-0.2101712459481192, -0.4033198131823901, 1.0817818394511642, 0.03891446210645888, 0.27845653614343663, -0.12516471580021132, 0.0902175510046859, 0.27588031466910234, -0.43864857907923555, 0.5946521789681493, 0.12477443161008706, -0.6066250665042598, 0.7942078744302377, -0.14463367806032953, -0.26256270604826865, -0.39114443034096896, -0.04522373582672934, 0.40048694777632377, 0.16654100246574097, 0.11253928266325708, 0.08600414266193741, -0.7469962242932245, -0.845535005225286, -0.2522105821195255, -0.6087710093437094, -0.7369213058601805, 0.34171425046092646, 0.4963240642641697, -0.13158204810237772, 0.5897290178926877, 0.2043582485436607, 1.0440665260536004, 0.7287862100149849, -0.5487321770841566, -0.4398998506789358, -0.20714550754975206, 0.7262914247403052, 0.2578722961310046, -0.46160710489573165, 1.041138046789318, 0.37469961046439504, -0.4951853590977062, -0.11540589328020151, 0.2217631281245726, 0.30634765687633136, -0.24611359941599456, 0.4552497257280833, -0.5857071328052434, -0.46636063601527944, -0.4081544625892589, 0.06118214843877412, 0.3017984821223665, 0.7906629193730461, 0.07504790975466463, 0.03048114252259016, 0.16263751142028862, 0.06198013028077684, 0.12956006543987297, 0.33818398153101037, 0.07099882755761647, -0.9944994176009285, -0.13504898761851747, -0.83344904442113, 0.10610706645165854, 0.45048478368154093, -0.16427174705742223, 0.08736988884564081, -0.5582902040145294, 0.6281854451497273, 0.054309237693640766, 0.5429170093599955, -0.2787545189699298, 0.7915090713996411, -0.4881007400740143, 0.6125612721343964, -0.6534598040319772, -0.9566812048180169, -0.8913306199340277, 0.09349442785719395, -0.08479816305470131, 0.062095024657008856, 0.20210635905627056, -0.6335604453475757, 0.2979485833125423, -0.6380682848759365, -0.6890813512004664, -0.0005896987215023011, 0.08591239473826365, 0.6707093213760194, 0.4549339712986734, 0.06898135789577084, -1.1432392180899789, 1.2724424201992552, 0.29392434156368347, -0.2934286127098722, 0.014511177912997539, 0.46162879726165945, -0.03205134994775648, -0.4839647982940098, 1.2882451464047697, -1.1478103221169442, -0.09723012168386196, 0.15260189719009068, -0.40707789459272276, 0.22688166329409418, 0.405275348491344, 0.16443554518095557, -0.9866293038962575, -0.19819192161251759, -0.5076121061987589, -0.28109854289298947, -0.6891456199095884, 0.4519934334109202, -0.441108942779455, 1.1059784276358224, -0.5259397963752164, 0.5989755589616381, -0.02237237541681858, -0.9505837679072837, -0.07079554948208705]
1308.4542852077361	(8, 12, 2)	[-0.18556732156735362, -0.5156149929040098, 1.0895997125702797, 0.008580035471555435, 0.44947393649139405, -0.04486377213848208, -0.17895074150740045, 0.4701588438827706, -0.3331307725690341, 0.6059420802828416, 0.10875115576609698, -0.5165660488550107, 0.2553337425780296, -0.09400757295341737, -0.017938667277789894, -0.26095732396213955, 0.03866719347006718, 0.3867748708939464, 0.32067057356670364, 0.2708173435692056, 0.06833615685204945, -0.36542511757830887, -0.6179947623457472, -0.23432631181026392, -0.07596455956505643, -0.6567809112995519, 0.35101115986348097, 0.4448483365215725, -0.14299240036819214, 0.4973610183471195, 0.03669333131524015, 0.6498843603609425, 0.3851984239028517, -0.17992916534956738, -0.5451350568680471, -0.12365760523287271, 0.7524882575335279, 0.32721896161017205, -0.6496417922510517, 0.7610266075548043, 0.4316493445792786, -0.4834442074261163, -0.1712132145567638, 0.17709693381927538, 0.3239776969370326, -0.21791346252436902, 0.43705616357636323, -0.5725867206991047, -0.39428621739493885, -0.2900325997158554, -0.026507467878607277, 0.2673179187404977, 0.8135731871646181, 0.09050389028901784, 0.07408501850396478, 0.14425080171572843, 0.14187878775843465, 0.038320341134336834, 0.4248406271668052, 0.051616116851531654, -0.8198774639451628, -0.22487911885291842, -0.9017368587400131, 0.2537154284724959, 0.29727508553592374, -0.16570676259462697, 0.12862542373013505, -0.539102682605996, 0.9386074746729861, 0.09274458004784306, 0.4978773066133763, -0.3080851142200736, 0.7851285448810488, -0.5029796445940938, 0.6408944165707786, -0.4986788565039405, -0.6509754870347633, -0.7698901154193282, 0.11791804712687907, -0.12546713838833096, 0.11180687147231949, 0.14130515328857424, -0.6714764780102059, 0.24318016273416415, -0.5413388009542335, -0.7059202765942678, 0.038020986692527826, -0.14794322289720493, 0.6914415594373527, 0.49196912592384096, -0.07159595031690023, -1.2116726575026862, 1.3189331486119347, 0.20225983224674654, -0.376449949219721, 0.5543598368941274, 0.48096183422349753, -0.0487124211123854, -0.25113758156404736, 0.935885608188582, -1.2048571413102336, -0.06263915823916254, 0.13878555405371584, -0.3339247086255879, 0.2697686145891713, 0.07737496216129447, 0.20387042562639313, -1.287177418787971, -0.14636664016388318, -0.5373740202540934, -0.254489671682697, -0.6908613198208872, 0.507963017719904, -0.3728255444088298, 1.0746746141500658, -0.48216601112115504, 0.5549429744174984, -0.08131181190526647, -1.0935540200144127, -0.06050186890164483]
1125.2544485560088	(8, 12, 2)	[-0.18556732156735362, -0.5156149929040098, 1.0895997125702797, 0.008580035471555435, 0.44947393649139405, -0.04486377213848208, -0.17895074150740045, 0.4701588438827706, -0.3331307725690341, 0.6059420802828416, 0.10875115576609698, -0.5165660488550107, 0.2553337425780296, -0.09400757295341737, -0.017938667277789894, -0.26095732396213955, 0.03866719347006718, 0.3867748708939464, 0.32067057356670364, 0.2708173435692056, 0.06833615685204945, -0.36542511757830887, -0.6179947623457472, -0.23432631181026392, -0.07596455956505643, -0.6567809112995519, 0.35101115986348097, 0.4448483365215725, -0.14299240036819214, 0.4973610183471195, 0.03669333131524015, 0.6498843603609425, 0.3851984239028517, -0.17992916534956738, -0.5451350568680471, -0.12365760523287271, 0.7524882575335279, 0.32721896161017205, -0.6496417922510517, 0.7610266075548043, 0.4316493445792786, -0.4834442074261163, -0.1712132145567638, 0.17709693381927538, 0.3239776969370326, -0.21791346252436902, 0.43705616357636323, -0.5725867206991047, -0.39428621739493885, -0.2900325997158554, -0.026507467878607277, 0.2673179187404977, 0.8135731871646181, 0.09050389028901784, 0.15979932214965398, 0.14425080171572843, 0.14187878775843465, 0.038320341134336834, 0.4248406271668052, 0.051616116851531654, -0.8198774639451628, -0.22487911885291842, -0.9017368587400131, 0.2537154284724959, 0.29727508553592374, -0.16570676259462697, 0.12862542373013505, -0.539102682605996, 0.9386074746729861, 0.09274458004784306, 0.4978773066133763, -0.3080851142200736, 0.7851285448810488, -0.5029796445940938, 0.6408944165707786, -0.4986788565039405, -0.6509754870347633, -0.7698901154193282, 0.11791804712687907, -0.12546713838833096, 0.11180687147231949, 0.14130515328857424, -0.6714764780102059, 0.24318016273416415, -0.5413388009542335, -0.7059202765942678, 0.038020986692527826, -0.14794322289720493, 0.6914415594373527, 0.49196912592384096, -0.07159595031690023, -1.2116726575026862, 1.3535188278883328, 0.20225983224674654, -0.376449949219721, 0.5543598368941274, 0.48096183422349753, -0.0487124211123854, -0.25113758156404736, 0.935885608188582, -1.2048571413102336, -0.06263915823916254, 0.13878555405371584, -0.3339247086255879, 0.2697686145891713, 0.07737496216129447, 0.20387042562639313, -1.287177418787971, -0.06527935153449949, -0.5373740202540934, -0.254489671682697, -0.6908613198208872, 0.507963017719904, -0.3728255444088298, 1.0746746141500658, -0.48216601112115504, 0.5549429744174984, -0.08131181190526647, -1.0935540200144127, -0.06050186890164483]
1860.764445258549	(8, 12, 2)	[-0.18356802597510383, -0.5225308864361936, 1.0605105160126955, 0.0036741726885082295, 0.4459410680177272, -0.0663861033142566, -0.13149500358983812, 0.4600220826016439, -0.36924249653966856, 0.6065103983148957, 0.0228606585250683, -0.47385732294797545, 1.3607406953823085, -0.044040865511853045, -0.10571425405579488, -0.2516202849196012, -0.009852268256084748, 0.15066974048542575, 0.2886538906331455, 0.16515398429065156, 0.10882840425618459, -0.36555543439275806, -0.636652234288523, -0.16048304317843692, -0.4150989801336258, -0.7367914518282923, 0.347567209814121, 0.47515564465518556, -0.14164486322007927, 0.676586247850612, 0.15725266059658546, 1.1372734204479482, 0.4317832589789573, -0.26424027861860866, -0.47341116152809115, -0.13855688263226915, 0.7548036050530826, 0.2750588792842046, -0.5637745789577396, 0.9269581008481234, 0.44430598442790775, -0.48740285212283574, -0.17037540250774336, 0.15042477097148896, 0.3200233168071888, -0.23937428805925912, 0.5198875701084017, -0.5626651862625683, -0.39740183939821216, -0.29082639227609525, -0.07843716484942631, 0.2668280637323885, 0.8052325358776949, -0.12159210292928258, 0.05051418178323842, 0.2618995183358467, 0.07879670818447138, 0.06681830212844915, 0.34314231961259933, 0.02515609980766783, -0.82383412413827, -0.15615892921614322, -0.8681805122589323, 0.23070902955131525, 0.3259441718213001, -0.16767589126769, 0.13032968569830344, -0.4801850941675925, 0.708345729788263, 0.07922630932215116, 0.5043436650656195, -0.41534566859229716, 0.7813203705802602, 0.04024570416628248, 0.5318978728223619, -0.531332760368082, -0.7244347825220272, -0.7862355049242141, 0.041123327829694266, -0.10281143595229429, 0.06942704533618652, 0.18548310892603465, -0.6604197548788463, 0.2729008284271052, -0.4970085147222461, -0.6971548614259027, 0.01930546821227943, -0.0399997496174509, 0.69459387112699, 0.4899582665518405, -0.04828115309405116, -1.2416478981615033, 1.3694455270261412, 0.13812088471246545, -0.3793147983818866, 0.5632897108981967, 0.608651464389078, -0.04251824035300324, -0.36433325560968044, 1.151086037138064, -1.2113957439204042, -0.06289277495229584, 0.11296399156392115, -0.32565043548231665, 0.23727428794482533, 0.08795016224150701, 0.20741463697991286, -1.102822114000919, -0.10941828010330992, -0.5149558283472133, -0.26971558655218697, -0.6903079525113122, 0.4366858476687737, -0.3752075176632372, 1.0768629093714452, -0.49708816453488464, 0.5546851162374045, -0.0602475354477593, -1.0781711396520337, -0.12177298552873426]
1447.1210836086293	(8, 12, 2)	[-0.18556732156735362, -0.5070140154842806, 1.0895997125702797, 0.056635875360922926, 0.44947393649139405, -0.04486377213848208, -0.17895074150740045, 0.4701588438827706, -0.3331307725690341, 0.6059420802828416, 0.31640276802889683, -0.5165660488550107, 0.2553337425780296, -0.08868302414687569, -0.017938667277789894, -0.26095732396213955, 0.03866719347006718, 0.4957123309057634, 0.32067057356670364, 0.2708173435692056, 0.06833615685204945, -0.36542511757830887, -0.6179947623457472, -0.23432631181026392, -0.144882241269925, -0.6567809112995519, 0.35101115986348097, 0.4448483365215725, -0.14299240036819214, 0.4973610183471195, 0.03669333131524015, 0.6498843603609425, 0.3851984239028517, -0.17992916534956738, -0.5451350568680471, -0.12365760523287271, 0.7524882575335279, 0.32721896161017205, -0.6496417922510517, 0.7610266075548043, 0.4316493445792786, -0.4834442074261163, -0.1712132145567638, 0.17709693381927538, 0.398047533789102, -0.21791346252436902, 0.43705616357636323, -0.5725867206991047, -0.35296960881109757, -0.2900325997158554, -0.026507467878607277, 0.2673179187404977, 0.8135731871646181, 0.09050389028901784, 0.23527020505937413, 0.14425080171572843, 0.2409720652951895, 0.038320341134336834, 0.4248406271668052, 0.051616116851531654, -0.8198774639451628, -0.28458326986271176, -0.9017368587400131, 0.2537154284724959, 0.29727508553592374, -0.16570676259462697, 0.12862542373013505, -0.539102682605996, 0.9386074746729861, 0.25118599325406643, 0.4978773066133763, -0.3080851142200736, 0.6745409270376679, -0.5029796445940938, 0.30420217872802396, -0.4986788565039405, -0.6509754870347633, -0.7698901154193282, 0.11791804712687907, -0.12546713838833096, 0.11180687147231949, 0.14130515328857424, -0.6714764780102059, 0.24318016273416415, -0.5413388009542335, -0.7059202765942678, 0.038020986692527826, -0.14794322289720493, 0.8702736255935137, 0.49196912592384096, -0.07159595031690023, -1.2116726575026862, 1.3128543432953474, 0.20225983224674654, -0.376449949219721, 0.5543598368941274, 0.48096183422349753, -0.0487124211123854, -0.25113758156404736, 0.935885608188582, -1.2048571413102336, -0.06263915823916254, 0.13878555405371584, -0.3339247086255879, 0.2697686145891713, 0.07737496216129447, 0.20387042562639313, -0.7376708534539057, -0.0628243943086257, -0.5373740202540934, -0.254489671682697, -0.6908613198208872, 0.507963017719904, -0.4050612828315623, 1.0746746141500658, -0.48216601112115504, 0.5549429744174984, -0.08131181190526647, -1.0935540200144127, -0.06050186890164483]
857.0954785785614	(8, 12, 2)	[-0.18748532120729117, -0.5059014235819675, 1.0890784810597165, 0.042456391935656486, 0.47753606823950545, -0.042764607609202115, 0.10145853070961758, 0.3661061640525876, -0.4177188946521288, 0.609413580562609, 0.31639728890995455, -0.5489396862644366, 0.9472524557146446, -0.10527395306960895, -0.2151560839080665, -0.36926302846178477, 0.03619804291168558, 0.23695993418113842, 0.29303692545455845, 0.19512560692637132, 0.07023326235438583, -0.38378484610179603, -0.6101222687967661, -0.25553312632674086, 0.3375128005259518, -0.7910063166322797, 0.35162794266721736, 0.40099757553333715, -0.1652502840047343, 0.5615919582235477, 0.13191209509284982, 1.1616002418396585, 0.3721533489106575, -0.17477188394604792, -0.4795817430089726, -0.19780217424918323, 0.7341736424151497, 0.1730152858393374, -0.5499919587447106, 1.0971479097561931, 0.41302293736120443, -0.48221745120419246, -0.13717300979241456, 0.19905911188993267, 0.369098005863531, -0.22947431445667643, 0.47709425761271346, -0.5814882401977213, -0.46344960722942447, -0.3626716606345012, 0.008849368138281452, 0.30336229896157, 0.786505182092828, 0.0746524568969487, 0.03502111750924556, 0.16090508285470037, 0.20011260166509331, 0.030985883395805672, 0.41786943826929135, 0.058077102968494256, -0.8992820258533737, -0.31002557473168724, -0.8960918444227153, 0.14591988983561788, 0.4567690967238909, -0.16562848414460318, 0.1210931898214504, -0.585605893296678, 0.7175492571822006, -0.13309305980908612, 0.5488285275552249, -0.3085793893633562, 0.7485356986573485, -0.4963100442233669, 0.35751986102272404, -0.5325600284482391, -0.6512595241149319, -0.7586316216777128, 0.11784007586767463, -0.13144085538669495, 0.1448960098171716, 0.09990841306018439, -0.6553114418787285, 0.23911255374823526, -0.41958406874576704, -0.6978209116874396, 0.03735622684973686, -0.13598144976512094, 0.827693795963576, 0.4982518816202615, 0.01702289660573443, -1.2270492460099496, 1.311595033719095, 0.12445941365516869, -0.3761707271897692, -0.08875561206927537, 0.48382292587818326, -0.033194754010462735, -0.3296355545365347, 0.9306984799091327, -1.1907180699587638, 0.023919616999665022, 0.1367926343070586, -0.4052095072020741, 0.25935438077013334, 0.025332907309298578, 0.2062651264421128, -0.7550564719857845, -0.22136361501451585, -0.5099769933876818, -0.2535519356603243, -0.7373917662703612, 0.4664982619222535, -0.41079621947130807, 1.1286521279881667, -0.49468978444530015, 0.5450753349733336, -0.08608766430655736, -1.0699099612133876, -0.10634530593304807]
1123.0694216107381	(8, 12, 2)	[-0.19607752361141104, -0.5327794494496807, 1.0909081122916677, 0.04058229569111835, 0.5303291382835217, -0.12012738062246195, 0.03625835574987246, 0.18854615141442832, -0.3264800860467951, 0.6014795914483032, 0.2767735168638021, -0.5085530315720477, 0.38638594531206943, -0.13081527245506677, -0.044438764629192995, -0.4094908319594467, -0.05432385750294816, 0.4779886679884332, 0.25733811808925094, 0.04620599194539965, 0.05422450098888738, -0.6260435261733738, -0.7121212830308993, -0.24376554030432884, -0.07894018972273256, -0.6826627521519949, 0.35306217065285217, 0.44168686265934165, -0.1393748627949454, 0.5391297319950275, 0.13331970716392325, 1.0573624768816916, 0.5992360141915043, -0.34068040579064457, -0.44533235569697427, -0.10826984347465707, 0.7500366956616965, 0.12468628113308972, -0.6232707299056046, 1.0924907568022624, 0.4337044359570349, -0.4844348159346693, -0.17925731023701147, 0.2583580796615718, 0.36309409719025976, -0.33244950141774865, 0.4455603422569291, -0.5749046043053936, -0.499038778793436, -0.36103266076578433, -0.014224273197068711, 0.3006705370610013, 0.8248876326748262, 0.06387074203064959, 0.2023902401752207, 0.1463083212980115, 0.23656474160213872, 0.03047225188192882, 0.43673797666238034, 0.12436849547589054, -0.8347760283200771, -0.4159431049766661, -0.8777853501958628, -0.0325164271511433, 0.34228629151096757, -0.20119182157942977, 0.18222648951867465, -0.5134821463148689, 0.8529963944165292, 0.2647260591619041, 0.5228491880403688, -0.28127534168941865, 0.7111483975390549, -0.5013238123630904, 0.6079518233066143, -0.4273199828235154, -1.11714121367029, -0.8169913090963603, 0.11416171818454286, -0.12431073676232496, 0.04369671189132078, 0.21100010898775268, -0.689347268932066, 0.24655967058082004, -0.600959717842383, -0.7077543016575494, 0.0051125476778696305, -0.07749407000330327, 0.7977752896728183, 0.5007550074864963, -0.04665225111876566, -1.2132399128288194, 0.982650107451873, 0.21175116268283023, -0.34954357607152, 0.40053276535446697, 0.5631625265094199, -0.03462085255213973, -0.4232307147937356, 1.0732875736121419, -1.1703703678949242, -0.08344439551290682, 0.1462400015173381, -0.32524207808116445, 0.4563079179221948, 0.15189116087894083, 0.17951500364372053, -0.9179713643548809, -0.07682129190330875, -0.5476423638973512, -0.25817265023401803, -0.7017437572107458, 0.5130626746089688, -0.3956610545357869, 1.0773458109367224, -0.49823239168619443, 0.5520511888677552, 0.007590470255568901, -1.0647455616915729, -0.06489314082020865]
1081.8132612863062	(8, 12, 2)	[-0.18748532120729117, -0.5059014235819675, 1.0890784810597165, 0.042456391935656486, 0.47753606823950545, -0.042764607609202115, 0.026186519691059715, 0.3661061640525876, -0.4177188946521288, 0.609413580562609, 0.31639728890995455, -0.5489396862644366, 0.8940598439434908, -0.10527395306960895, -0.2151560839080665, -0.36926302846178477, 0.03619804291168558, 0.23695993418113842, 0.29303692545455845, 0.19512560692637132, 0.07023326235438583, -0.38378484610179603, -0.6101222687967661, -0.25553312632674086, 0.3375128005259518, -0.7667961543728942, 0.35162794266721736, 0.40099757553333715, -0.1652502840047343, 0.5615919582235477, 0.13191209509284982, 1.1616002418396585, 0.3721533489106575, -0.17477188394604792, -0.4795817430089726, -0.19780217424918323, 0.7471022088378707, 0.1730152858393374, -0.5499919587447106, 1.0971479097561931, 0.41302293736120443, -0.40928477727603885, -0.13717300979241456, 0.19905911188993267, 0.369098005863531, -0.22947431445667643, 0.47709425761271346, -0.5814882401977213, -0.46344960722942447, -0.5471406110795916, 0.008849368138281452, 0.30336229896157, 0.786505182092828, 0.058349032876169465, 0.03502111750924556, 0.16090508285470037, 0.20011260166509331, 0.099666231851984, 0.41786943826929135, 0.058077102968494256, -0.749081775981004, -0.31002557473168724, -0.8391783743434492, 0.14591988983561788, 0.4567690967238909, -0.16562848414460318, 0.1210931898214504, -0.585605893296678, 0.7175492571822006, -0.13309305980908612, 0.5491467562200063, -0.3085793893633562, 0.7485356986573485, -0.4963100442233669, 0.35751986102272404, -0.5325600284482391, -0.6512595241149319, -0.7586316216777128, 0.11784007586767463, -0.13144085538669495, 0.1448960098171716, 0.09990841306018439, -0.6553114418787285, 0.23911255374823526, -0.41958406874576704, -0.6978209116874396, 0.03735622684973686, -0.13598144976512094, 0.827693795963576, 0.4982518816202615, 0.01702289660573443, -1.2270492460099496, 1.311595033719095, 0.12445941365516869, -0.3761707271897692, -0.08875561206927537, 0.48382292587818326, -0.033194754010462735, -0.3296355545365347, 0.9306984799091327, -1.1907180699587638, 0.023919616999665022, 0.1367926343070586, -0.4052095072020741, 0.25935438077013334, 0.025332907309298578, 0.2062651264421128, -0.7550564719857845, -0.22136361501451585, -0.5099769933876818, -0.2459217904900223, -0.7373917662703612, 0.4664982619222535, -0.41079621947130807, 1.1286521279881667, -0.49468978444530015, 0.5450753349733336, -0.08608766430655736, -1.0699099612133876, -0.10634530593304807]
1110.4888563505142	(8, 12, 2)	[-0.11823310012765541, -0.5245206481167426, 1.1011270699137958, 0.11092893665982002, 0.20223741950864924, -0.1325167808345034, -0.18023206955796264, 0.279172153052263, -0.4056520203235652, 0.6347479001779146, 0.11914021267438715, -0.614552111133046, 0.4887550453549586, 0.1449983047977314, -0.11776205897175993, -0.41837832288937654, 0.29062072514632853, 0.43275065107508587, 0.20936527929615356, 0.15086448030276936, 0.12373168004190563, -0.6701420397578669, -0.8499009719555827, -0.22392952063843546, -0.5425357852723479, -0.6933682017218121, 0.33917482055517, 0.5440368968207343, -0.16885802192315746, 0.5263908715253499, 0.08592024588324074, 1.153754783608617, 0.3649764716324952, -0.3724480900125753, -0.5554845662365002, -0.2612813866864728, 0.7541374348432297, 0.37775129659758766, -0.5917521522806136, 0.6403125706325479, 0.384276209579022, -0.534273303526494, -0.2365399643710671, 0.20989205535544087, 0.3191754623105179, -0.22324072067267683, 0.5000131261618873, -0.5936877030643437, -0.42450196001345103, -0.3026788215825654, -0.1572125403798163, 0.3059293447731966, 0.7687912352123254, 0.1208156173819244, 0.18194118299879875, 0.2296092770662368, 0.09682198980314283, 0.15925350773131955, 0.35333566885189, -0.02647121576349011, -0.8986197180118672, -0.06984482953326121, -0.8209548323639447, 0.3983211282936453, 0.4357736997683478, -0.1268811531391285, 0.113147551447399, -0.3573938279576538, 0.7400124171208956, 0.07645714194463822, 0.48008985559912587, -0.2734163493216374, 0.7920842295435429, -0.5054870054969075, 0.6090843748814798, -0.5461385970280211, -1.0785619981944115, -0.7307030807341341, 0.10805527152185686, -0.09269206176951676, -0.017198333050454012, 0.18330187336519893, -0.6628814824608076, 0.2451231630929092, -0.5729834435822853, -0.7335677206918472, 0.001259860625684766, -0.2269304973075421, 0.6875952457290812, 0.6281310878091886, 0.07324759168949257, -1.4017359686275854, 1.1668909131361502, 0.25519953254868466, -0.3336354840621051, 0.1294292007969609, 0.47140190468653237, 0.13796676294669402, -0.4238626249926223, 0.7876943961552155, -0.8051175391941228, -0.2420535954753871, 0.16657838609045494, -0.36199382642588507, 0.23857365331780858, 0.5068990925440419, 0.22528821220022527, -0.5498426208150318, -0.2177891035683348, -0.43135925647966, -0.2907975156730156, -0.6939669282312728, 0.46197864822477813, -0.3582176837136956, 1.1024605681852928, -0.6134756260197041, 0.6020312020274668, 0.046173684374185384, -0.9860746032133192, -0.09730654708576769]
1351.9227841349348	(8, 12, 2)	[-0.22284289706022528, -0.38483459962053695, 1.0893259100522454, 0.026136967020824263, 0.47235179992324583, -0.03222340380205341, -0.19826224659204766, 0.39530490484573966, -0.320552666081959, 0.6078647097936889, 0.2452777279787112, -0.6009821276631331, 0.9535779312843954, -0.11012377368045669, -0.1937973165305467, -0.3378096751384275, 0.07139757653962103, 0.32088678570437335, 0.3391638856271575, 0.16862304683553062, 0.0592235683350425, -0.4042702216837541, -0.600209755582275, -0.2485279406919607, 0.1664509956194089, -0.7125485936623468, 0.35554469036377934, 0.43416792785966535, -0.12087427380101087, 0.5728644336933981, 0.13138145550453068, 1.0934157135694236, 0.39303188779071796, -0.17846422982545665, -0.40179666716490503, -0.19800671182631563, 0.729253708378432, 0.3373363410838232, -0.6375725899160207, 1.0674150352674638, 0.3613692853180638, -0.6314525768173318, -0.15140638390701294, 0.18108189168728978, 0.2163730053129578, -0.8557440151861002, 0.5962658671314874, -0.6427733417984473, -0.44928551009043993, -0.38574561106447774, -1.2008492196046774, 0.30706119350351946, 0.7907015809775354, 0.1049914646788759, 0.06164592800178115, 0.16312286728427314, 0.196092395679557, 0.05369753099016278, 0.3925037422806586, 0.05901423280185662, -0.8656427307006554, -0.19223627229208495, -0.8644346409892437, 0.15642079964302366, 0.4046945400947339, -0.17400754817700834, 0.10509253201198593, -0.5668513541369781, 0.6947109775017398, -0.09174278619104376, 0.5527137410605036, -0.307583528277882, 0.8026028035842779, -0.3875754935550522, 0.5358538601705205, -0.5296517265769133, -0.8160812710081483, -0.7699432038406993, 0.12295891341151774, -0.14801842518825567, 0.1282754158965504, 0.09427522889349348, -0.6586451347424923, 0.2593030158885018, -0.4035981177814612, -0.7004757442068311, 0.03371303029494379, -0.1102815242703202, 0.6763837579849326, 0.48670959119084845, -0.02381504139873933, -1.1152781883300895, 1.3345818149613093, 0.18756988940566427, -0.38200913911495493, -0.005221530795193441, 0.48225451826609406, -0.037137116420718985, -0.33238533371360496, 0.9140365974502664, -1.1911524976934749, 0.02041370613048729, 0.13819085979388035, -0.3400926521345838, 0.28823270190716144, 0.16030472688740724, 0.24611277784009178, -0.8547878879004394, -0.22995070320789407, -0.5384337259037889, -0.1620128980335182, -0.7138679355798763, 0.46956026888470764, -0.36189410833335384, 1.0683207053913066, -0.18866748520859744, 0.5702557414527599, -0.264412056400578, -1.079606078012081, -0.0917363139015887]
1521.0469342608296	(8, 12, 2)	[-0.11051588250767028, -0.5139368567482546, 1.1115616304114175, 0.038890016923289084, 0.45834438592069415, -0.10606055629305199, -0.1161383912839178, 0.4930197285463851, -0.332960328863317, 0.5918844231357823, 0.09190073484102018, -0.5262006815087445, 0.5680839320825359, -0.11236395720343542, -0.013442100579619599, -0.30136867040581705, 0.059182972910832715, 0.3743860480763719, 0.27131421331775696, 0.2289434811778887, 0.09475507959521728, -0.4713083279849534, -0.6562332054988025, -0.2791607328119623, -0.022081982881272832, -0.7095353329135203, 0.3523412312763388, 0.45338106017889945, -0.15760294780397005, 0.5370239400439042, 0.03823565704994447, 0.6393825200909105, 0.5449503506766037, -0.2615338740346581, -0.35044227203623013, -0.134864871735014, 0.7431285247519034, 0.2761830836606731, -0.7645296176287033, 1.0671434160323774, 0.4223829243129491, -0.5667693272786277, -0.14272521646605868, 0.16825663367327345, 0.3515265646748065, -0.24630336958854254, 0.4297263855481588, -0.5790562461687353, -0.48679164404635916, -0.3135528366047924, 0.007432071928557528, 0.2892841251227448, 0.8228022437741028, 0.03287507093750298, 0.2982851076286258, 0.1463603292202537, 0.2304733658781078, 0.03679102841564217, 0.4238132540322832, 0.042581059879215656, -0.8856121683061133, -0.39842764885988396, -0.9006215073748086, 0.003309016883372741, 0.3360324649510904, -0.14364559945354183, 0.12726460601268408, -0.5386309188759446, 0.7757008417144406, 0.18514273919278615, 0.5242843813760713, -0.3683229171871258, 0.8838010915832524, -0.5019532972685704, 0.5038641633136254, -0.49323642099031767, -0.6930122916801202, -0.7834861275427952, 0.14534616528464347, -0.12579918210044, 0.11536355427000564, 0.16398855699982048, -0.6754814227516024, 0.23878332295362864, -0.49766115555341184, -0.7113769488358456, 0.001143157875175188, -0.14238903610025028, 0.8313411669653982, 0.4927407429372859, 0.023838353057148876, -1.2245981312328502, 1.193874388671997, 0.20329442904926526, -0.3743182678307281, 0.36648918655225554, 0.4804135339493854, -0.030647032268298277, -0.30077144541648687, 0.8434316852587325, -1.1985646952979134, -0.08211258044620078, 0.046730580983543775, -0.35155034045544187, 0.27843273506600313, 0.11670822705452513, 0.1635219099904106, -0.8411924673004183, -0.09784374829749974, -0.5464622232883714, -0.255300648388342, -0.6422352898139996, 0.540280906813116, -0.3304054908631143, 1.0714605657556304, -0.7380450459253609, 0.5669160252691668, 0.005365934441945899, -1.0693437810099287, -0.0652487536405047]
1343.0739341318185	(8, 12, 2)	[-0.02107506168644034, -1.025554604020233, 1.122688863028096, 0.10064836321177449, 0.22195903971219388, -0.13324297443862979, -0.0743172479622135, 0.2710704918116684, -0.378793148762541, 0.6366823834808307, 0.11581952429601874, -0.6103273705723664, 0.35225855208153894, 0.08843602374950774, -0.041497242414281155, -0.2966525523832819, 0.014618867939287725, 0.4340912802539051, 0.22793857445288163, 0.11835244902434673, 0.026615830582460625, -0.41835496913480125, -0.7183599446056451, -0.22408966227349728, -0.4506294590693587, -0.7003197330233774, 0.332394513435838, 0.5574470998065143, -0.16772846110159026, 0.5192493047393404, 0.138379208820709, 1.0638974007679172, 0.36414051432615624, -0.3759311306992343, -0.5310761035913931, -0.2703471436614264, 0.8596752785773466, 0.37551587296668093, -0.5922398177968254, 0.9038487498511728, 0.4027134269303824, -0.5444675714348841, -0.16316563144457571, 0.20206182244451265, 0.3172434342149392, -0.25621685353552925, 0.5069463547834138, -0.5832588086717352, -0.4182752125334601, -0.32629291200761024, -0.08885324965057576, 0.3127237073762829, 0.7832060604996934, 0.11522256341129146, 0.18748010702111043, 0.21822516083369614, 0.12865310463173443, 0.21228050852421, 0.3765656316656628, 0.048681178242790765, -0.8974784538661362, -0.05982179520223098, -0.9014574407599895, 0.42882339551681176, 0.43556803061862903, -0.1425088317673563, 0.1043100406049444, -0.36025318649618593, 0.7503910198036946, 0.11552297920701274, 0.49395986342913856, -0.44779703830994666, 0.8140090048758232, -0.5127593520421846, 0.6128014201963804, -0.5627014548511824, -1.0342696360864598, -0.7313622284749147, 0.11106455822889583, -0.09390857345260506, -0.017881456910836244, 0.18388391096126994, -0.6788258648978887, 0.2451250534549584, -0.5786328619166133, -0.7095667520359773, 0.0009289130262043223, -0.1834312161645188, 0.6920895692152975, 0.3970594633127464, 0.04169487825283816, -1.389356165922377, 1.1590870666855908, 0.23250017323030728, -0.3375836325724882, 0.10832667890449782, 0.504586979598264, 0.10482564363196711, -0.41402213852486286, 0.8004984797972133, -1.2500953350056703, -0.16534524681661023, 0.15849077765249478, -0.3624936341127832, 0.23108443589489594, 0.4542360767631443, 0.19613251266624895, -0.8733584081157761, -0.20889191293595158, -0.44757714351311556, -0.29333729276993403, -0.6951783779960813, 0.4610048274520556, -0.3309558553481795, 1.0994916479433112, -0.595243753143767, 0.5960248639517142, 0.0441472994204842, -1.0352758992534714, -0.09218537467141193]
1189.35148355191	(8, 12, 2)	[-0.10922658481979566, -0.5238495533384939, 0.9550052788850616, 0.27652581591195907, 0.3422393040698558, -0.06339154100272729, -0.1903879767769108, 0.2513636753140328, -0.3295430883033923, 0.6660620779769242, 0.1492964640626726, -0.5405901622566922, 0.787849285691191, -0.2441957118711513, -0.2078953891004104, -0.3189578459949654, 0.04259782919158091, 0.45043989767109194, 0.263340009646101, 0.13706961570259943, 0.06199555946972933, -0.44878092763468735, -0.6969668894950518, -0.23309654771666866, -0.08773644572956818, -0.5070308416146039, 0.33272069405158267, 0.4851446420520449, -0.12395318221197452, 0.46387526223876524, 0.14421997843257803, 0.6467212604768315, 0.3715365827255912, -0.36569158685246705, -0.5570606764957791, -0.17159911896403723, 0.8450736468402785, 0.37411209168778364, -0.6520992388418205, 1.236597720761391, 0.4585993323401838, -0.5846396760674966, -0.004037752641267739, 0.3105623792211383, 0.5481697348965047, -0.2634598087150513, 0.43529526714160227, -0.6237863810956971, -0.4351912261690211, -0.27806166782996833, -0.15555290115842857, 0.17384104489896116, 0.867551510258406, 0.128568298943388, 0.1778196168981195, 0.14113249068672878, 0.13463328826873155, 0.035913640299011215, 0.3687026247991981, 0.0714322432219273, -0.9905224220874789, -0.12428680949839958, -0.7532101321736151, -0.31829258875960353, 0.4420856197120102, -0.20574375724506777, 0.16581689074012473, -0.36193270530254407, 0.8102428955948773, 0.06603994025223767, 0.7522626324224974, -0.2793715617903438, 0.8197589410319505, -0.6359632632051803, 0.6306594782003164, -0.47413674489279123, -0.7495461309591611, -0.740563159752076, 0.20274990288132125, -0.10535697146378536, -0.027300352251735296, 0.16530826920240516, -0.6791656945692613, 0.2476768373131693, -0.5034825758975328, -0.7311607183308321, 0.005852087776421294, -0.034197203847988585, 0.6747023751559766, 0.4997946988841704, -0.002351420064599541, -1.2481978667996763, 1.2106331200081382, 0.25694749562928065, -0.30822923705989075, 0.06358447041964987, 0.5239392081089822, 0.0004277011252627888, -0.4182660620224189, 1.2681250224978469, -1.2464266044365642, -0.05898167486639311, 0.14402771887900448, -0.21539394888652133, 0.2526703695341317, 0.02301552437289006, 0.24048692096252539, -0.8313083337913365, -0.18528630640557506, -0.5171177008287222, -0.3471952973823007, -0.6959092039231866, 0.46168099131450907, -0.36799471389275756, 1.077006899274092, -0.6158068308575058, 0.5924014798745189, -0.018044149537811978, -0.9914283311892551, 0.05674770617969842]
1555.3815101187076	(8, 12, 2)	[-0.12041161706885171, -0.7140325107547649, 1.1283745605911781, 0.2639223303971064, 0.20879917013538327, -0.10995216221332912, -0.1762666276658279, 0.43314179771141037, -0.3292040513275571, 0.6569438005044771, 0.10499155139245782, -0.553419163037119, 0.7268527220622147, -0.24416290907140994, -0.004614942607110484, -0.36719398173384477, 0.025163587805459253, 0.4147058924565498, 0.254877935607193, 0.22900066546532474, 0.048590128111659, -0.4504269959840405, -0.6952564542686447, -0.23708858307548356, -0.10413870483498491, -0.5179998614667611, 0.33892161551679345, 0.542865702315172, 0.10980726678286146, 0.5550057364809536, 0.11962378237028848, 0.8206532185702995, 0.4300220277931632, -0.3657353655772976, -0.5718124795115539, -0.09406449441239403, 0.8490492219218236, 0.3846654764271389, -0.6567760735435758, 1.0673330428175936, 0.44959537382537434, -0.5889661952444716, -0.05289458657221238, 0.25858456104436817, 0.2972215805932906, -0.24969539933678553, 0.533150953360708, -0.5686613325807968, -0.44708365389925847, -0.27826254361265135, -0.07698415569008074, 0.16599515763812278, 0.8109651089248495, 0.15019880470449187, 0.25418650282596356, 0.12407377298521834, 0.12388484969595524, 0.14510328042688397, 0.4840333150749665, 0.0428156441264847, -1.0923542662317356, -0.27369796662758483, -0.8732085708981867, 0.0933186511339405, 0.41355618502883046, -0.16933733370527376, 0.10067724857022266, -0.4150157127298296, 0.8124885906136103, 0.08113319569099682, 0.51369253498067, -0.3303983695745303, 0.8774714816270408, -0.5792658432865835, 0.6377776965823486, -0.46748699298648877, -1.0082645694528112, -0.6640626482244967, 0.11390356121053857, -0.11182593889169935, -0.0011871981365910167, 0.1715472810482374, -0.6786218833936718, 0.3170495093298016, -0.5153811895053697, -0.7195379763557183, 0.01397900582881154, -0.04847289627849186, 0.7302712555060678, 0.47784369688638706, -0.1766935330588587, -1.3179309144921068, 1.189179585694605, 0.21928039761651386, -0.32248606978776223, 0.22596549732508392, 0.5300268608898117, 0.017078424327820328, -0.41342614519536725, 1.099037185542343, -1.2316552375527567, -0.077295338390448, 0.1158134046108647, -0.2871025947445587, 0.40404293330621455, 0.4169343053125872, 0.22370205414667282, -0.8386002223474411, -0.17131084255872994, -0.5191134102231242, -0.3334462339388955, -0.6956581947588371, 0.4523327608791023, -0.2915113449830095, 1.076983889097571, -0.6071462407962797, 0.573879905979119, 0.023184054120261456, -1.0127181444836055, -0.0815404397465313]
1580.6812641491028	(8, 12, 2)	[-0.1801694633183794, -1.025554604020233, 1.122688863028096, 0.10064836321177449, 0.22195903971219388, -0.13324297443862979, -0.0743172479622135, 0.2710704918116684, -0.378793148762541, 0.81286663954088, 0.08321485141114841, -0.6392705613486923, 0.35225855208153894, 0.08843602374950774, 0.15617683464003124, -0.2966525523832819, 0.014618867939287725, 0.33680567714486764, 0.17220853575804287, 0.11835244902434673, 0.026615830582460625, -0.41835496913480125, -0.7183599446056451, -0.21139585914409395, -0.4506294590693587, -0.7003197330233774, 0.332394513435838, 0.5574470998065143, -0.32743195858780594, 0.5192493047393404, 0.138379208820709, 1.0638974007679172, 0.36414051432615624, -0.2258249465478251, -0.5310761035913931, -0.2703471436614264, 0.8596752785773466, 0.37551587296668093, -0.5922398177968254, 0.9038487498511728, 0.5346347997400736, -0.5444675714348841, -0.1894424856696283, 0.20206182244451265, 0.3172434342149392, -0.25621685353552925, 0.5069463547834138, -0.5832588086717352, -0.4182752125334601, -0.32629291200761024, -0.08885324965057576, 0.3127237073762829, 0.7832060604996934, 0.11522256341129146, 0.18748010702111043, 0.21822516083369614, 0.032196335705438284, 0.21228050852421, 0.38100292618710846, 0.048681178242790765, -0.8974784538661362, -0.05982179520223098, -0.9014574407599895, 0.42882339551681176, 0.43556803061862903, -0.1425088317673563, 0.1043100406049444, -0.36025318649618593, 0.7503910198036946, 0.10867433947836977, 0.49395986342913856, -0.44779703830994666, 0.8140090048758232, -0.5127593520421846, 0.7155222325350363, -0.5627014548511824, -1.1114389437386694, -0.7313622284749147, 0.11106455822889583, -0.09390857345260506, -0.017881456910836244, 0.18388391096126994, -0.6788258648978887, 0.2451250534549584, -0.5786328619166133, -0.6624241920613742, 0.0009289130262043223, -0.1834312161645188, 0.6920895692152975, 0.3970594633127464, 0.040226173879365605, -1.389356165922377, 1.1590870666855908, 0.23250017323030728, -0.3375836325724882, 0.10832667890449782, 0.504586979598264, 0.10482564363196711, -0.3237141542500089, 0.8004984797972133, -1.2500953350056703, -0.16534524681661023, 0.15849077765249478, -0.3624936341127832, 0.23108443589489594, 0.4542360767631443, 0.19613251266624895, -0.8733584081157761, -0.2553187364011685, -0.44757714351311556, -0.29333729276993403, -0.7281628293091198, 0.4610048274520556, -0.3309558553481795, 1.0994916479433112, -0.5068369895058658, 0.5960248639517142, 0.0441472994204842, -0.8177314690142818, -0.09218537467141193]
1405.9857562310985	(8, 12, 2)	[-0.1801694633183794, -1.025554604020233, 1.122688863028096, 0.10064836321177449, 0.22195903971219388, -0.13324297443862979, -0.0743172479622135, 0.2710704918116684, -0.378793148762541, 0.81286663954088, 0.08321485141114841, -0.6392705613486923, 0.35225855208153894, 0.08843602374950774, 0.15617683464003124, -0.2966525523832819, 0.014618867939287725, 0.33680567714486764, 0.21769523569453242, 0.04043707072954983, 0.026615830582460625, -0.41835496913480125, -0.7183599446056451, -0.21139585914409395, -0.4506294590693587, -0.7003197330233774, 0.332394513435838, 0.5574470998065143, -0.32743195858780594, 0.5192493047393404, 0.138379208820709, 1.0638974007679172, 0.36414051432615624, -0.2527501257579692, -0.5310761035913931, -0.2703471436614264, 0.8633778274058077, 0.37551587296668093, -0.5922398177968254, 0.9038487498511728, 0.5346347997400736, -0.5444675714348841, -0.1894424856696283, 0.20206182244451265, 0.3172434342149392, -0.25621685353552925, 0.5069463547834138, -0.5832588086717352, -0.4182752125334601, -0.3833856588459135, -0.08885324965057576, 0.3127237073762829, 0.7832060604996934, 0.11522256341129146, 0.18748010702111043, 0.21822516083369614, 0.032196335705438284, 0.21228050852421, 0.38100292618710846, 0.048681178242790765, -0.8974784538661362, -0.05982179520223098, -0.9014574407599895, 0.42882339551681176, 0.43556803061862903, -0.1425088317673563, 0.1043100406049444, -0.36025318649618593, 0.6540274933669977, 0.10867433947836977, 0.49395986342913856, -0.44779703830994666, 0.8140090048758232, -0.3275594702300564, 0.7155222325350363, -0.5627014548511824, -1.1114389437386694, -0.7313622284749147, 0.11106455822889583, -0.09390857345260506, -0.017881456910836244, 0.18388391096126994, -0.6788258648978887, 0.2451250534549584, -0.5786328619166133, -0.6624241920613742, 0.0009289130262043223, -0.234993871899022, 0.6920895692152975, 0.3970594633127464, 0.040226173879365605, -1.389356165922377, 1.1590870666855908, 0.23250017323030728, -0.3375836325724882, 0.10832667890449782, 0.504586979598264, 0.128686186266512, -0.3237141542500089, 0.8004984797972133, -1.2500953350056703, -0.16534524681661023, 0.15849077765249478, -0.3624936341127832, 0.23108443589489594, 0.4542360767631443, 0.19613251266624895, -0.8733584081157761, -0.2553187364011685, -0.44757714351311556, -0.42111950586776403, -0.7281628293091198, 0.4610048274520556, -0.3309558553481795, 1.0994916479433112, -0.5068369895058658, 0.5960248639517142, 0.02382916383522999, -0.8177314690142818, -0.09218537467141193]
1290.9337930525426	(8, 12, 2)	[-0.1801694633183794, -1.025554604020233, 1.122688863028096, 0.10064836321177449, 0.22195903971219388, -0.13324297443862979, -0.0743172479622135, 0.2710704918116684, -0.378793148762541, 0.81286663954088, 0.08321485141114841, -0.6392705613486923, 0.35225855208153894, 0.08843602374950774, 0.15617683464003124, -0.2966525523832819, 0.014618867939287725, 0.33680567714486764, 0.21769523569453242, 0.04043707072954983, 0.026615830582460625, -0.41835496913480125, -0.7183599446056451, -0.21139585914409395, -0.4506294590693587, -0.7003197330233774, 0.332394513435838, 0.5574470998065143, -0.32743195858780594, 0.5192493047393404, 0.138379208820709, 1.0638974007679172, 0.24453048753237633, -0.2527501257579692, -0.5310761035913931, -0.2703471436614264, 0.8633778274058077, 0.37551587296668093, -0.5922398177968254, 0.9038487498511728, 0.5346347997400736, -0.5444675714348841, -0.1894424856696283, 0.20206182244451265, 0.3172434342149392, -0.25621685353552925, 0.5069463547834138, -0.5832588086717352, -0.4182752125334601, -0.3833856588459135, -0.08885324965057576, 0.3127237073762829, 0.903232303275027, 0.11522256341129146, 0.18748010702111043, 0.21822516083369614, 0.032196335705438284, 0.21228050852421, 0.38100292618710846, 0.048681178242790765, -0.8974784538661362, -0.05982179520223098, -0.9014574407599895, 0.42882339551681176, 0.43556803061862903, -0.1425088317673563, 0.1043100406049444, -0.36025318649618593, 0.6540274933669977, 0.10867433947836977, 0.49395986342913856, -0.44779703830994666, 0.8140090048758232, -0.3275594702300564, 0.7155222325350363, -0.5627014548511824, -1.1114389437386694, -0.7313622284749147, 0.11106455822889583, -0.09390857345260506, -0.017881456910836244, 0.18388391096126994, -0.6788258648978887, 0.2451250534549584, -0.5786328619166133, -0.6624241920613742, 0.0009289130262043223, -0.234993871899022, 0.6920895692152975, 0.3970594633127464, 0.040226173879365605, -1.389356165922377, 1.1590870666855908, 0.23250017323030728, -0.3375836325724882, 0.10832667890449782, 0.504586979598264, 0.2618773038901131, -0.3237141542500089, 0.8004984797972133, -1.2500953350056703, -0.16534524681661023, 0.15849077765249478, -0.3624936341127832, 0.23108443589489594, 0.4542360767631443, 0.19613251266624895, -0.8733584081157761, -0.2553187364011685, -0.44757714351311556, -0.42111950586776403, -0.7281628293091198, 0.4610048274520556, -0.3309558553481795, 1.0994916479433112, -0.5068369895058658, 0.5960248639517142, 0.02382916383522999, -0.8177314690142818, -0.09218537467141193]
1197.3557461250393	(8, 12, 2)	[-0.1801694633183794, -1.025554604020233, 1.122688863028096, 0.10064836321177449, 0.22195903971219388, -0.13324297443862979, -0.0743172479622135, 0.2710704918116684, -0.378793148762541, 0.81286663954088, 0.08321485141114841, -0.6392705613486923, 0.35225855208153894, 0.08843602374950774, 0.15617683464003124, -0.2966525523832819, 0.014618867939287725, 0.33680567714486764, 0.21769523569453242, 0.04043707072954983, 0.026615830582460625, -0.41835496913480125, -0.7183599446056451, -0.21139585914409395, -0.4506294590693587, -0.7003197330233774, 0.332394513435838, 0.5574470998065143, -0.32743195858780594, 0.5192493047393404, 0.138379208820709, 1.0638974007679172, 0.24453048753237633, -0.2527501257579692, -0.5310761035913931, -0.2703471436614264, 0.8633778274058077, 0.37551587296668093, -0.5922398177968254, 0.9038487498511728, 0.5346347997400736, -0.5444675714348841, -0.8500616103471155, 0.20206182244451265, 0.3172434342149392, -0.25621685353552925, 0.5069463547834138, -0.5832588086717352, -0.45938576847215223, -0.3833856588459135, -0.08885324965057576, 0.3127237073762829, 0.903232303275027, 0.11522256341129146, 0.18748010702111043, 0.21822516083369614, 0.032196335705438284, 0.21228050852421, 0.38100292618710846, 0.048681178242790765, -0.8974784538661362, -0.05982179520223098, -0.9014574407599895, 0.42882339551681176, 0.43556803061862903, -0.1425088317673563, 0.1043100406049444, -0.36025318649618593, 0.6540274933669977, 0.10867433947836977, 0.49395986342913856, -0.44779703830994666, 0.8140090048758232, -0.3275594702300564, 0.7155222325350363, -0.5627014548511824, -0.9916858406955592, -0.7313622284749147, 0.11106455822889583, -0.09390857345260506, -0.017881456910836244, 0.18388391096126994, -0.6788258648978887, 0.2451250534549584, -0.5786328619166133, -0.6624241920613742, 0.0009289130262043223, -0.234993871899022, 0.6920895692152975, 0.3970594633127464, 0.040226173879365605, -1.389356165922377, 1.1590870666855908, 0.23250017323030728, -0.3375836325724882, 0.10832667890449782, 0.504586979598264, 0.2618773038901131, -0.3237141542500089, 0.8004984797972133, -1.2500953350056703, -0.16534524681661023, 0.15849077765249478, -0.3624936341127832, 0.23108443589489594, 0.4542360767631443, 0.19613251266624895, -0.8733584081157761, -0.2553187364011685, -0.44757714351311556, -0.42111950586776403, -0.7281628293091198, 0.3969221874617026, -0.3309558553481795, 1.0994916479433112, -0.5068369895058658, 0.5960248639517142, 0.02382916383522999, -0.8177314690142818, -0.09218537467141193]
1255.9176040995947	(8, 12, 2)	[-0.10929115158877276, -0.40865737259993884, 1.090325949881828, -0.0003378878759763695, 0.23256526293667482, -0.3214006506741382, -0.10011760775046755, 0.29820788156316824, -0.3233604951418681, 0.3292479443934188, 0.11450007884695644, -0.577968818086984, 0.33523901207755225, 0.052185706134655174, -0.0014817212041215375, -0.4371276362816107, -0.0158783011551209, 0.40046248652978045, 0.2729474147064612, 0.06737803910028729, 0.0357152962665991, -0.282624078513095, -0.7040410074239929, -0.08591653261465282, -0.49153892494130735, -0.5910156577977436, 0.32248727065604993, 0.5663403282998812, -0.17732997828832855, 0.5562803083887524, 0.06361785841512677, 0.9331480104785492, 0.4226804003513485, -0.41756971051741937, -0.6381190906498275, -0.24378006996939108, 0.8389448774741673, 0.3665864496422084, -0.5972150908000231, 0.9120944540781327, 0.4130836860150317, -0.5365214203707994, -0.16996537207591905, 0.15990785901325444, 0.29858659153729755, -0.4617471381857968, 0.45310654374192993, -0.8743561221298338, -0.48647780926058165, -0.27538907739674107, -0.13437648083671405, 0.27517847787438193, 0.7846037121767895, 0.09294695150426877, 0.16065325780123127, 0.09068184920423802, 0.20791622692494524, 0.02867913600191698, 0.38821988451792344, -0.014008795404425095, -0.8727047089675928, -0.05611067431818023, -0.7551922714637591, 0.1088506587390066, 0.6156871477087886, -0.12032570805430505, 0.12736650278214723, -0.43687021638530416, 0.6157372421194023, 0.09836761719488786, 0.5004337149630522, -0.4372690496881198, 0.921590968780192, -0.6034150591515648, 0.5747194936544481, -0.5634814152042511, -1.0013842775990696, -0.7127640401818452, 0.10611523642121204, -0.03069340864271245, -0.02149490985295171, 0.17319289984701702, -0.6432651650514174, 0.2188921416502792, -0.8351607244590217, -0.6880140559887307, -0.026922792751386124, -0.009029847192738506, 0.68190381835955, 0.5087034872510526, 0.003387081000910258, -1.0383137469674983, 1.1802360298232712, 0.22873575554621964, -0.35306122767928827, 0.11652968842138949, 0.5171054776797038, 0.08100382209274042, -0.3437888603868727, 0.9161125571585965, -1.2137390679315785, 0.04127948583484321, 0.0805017064836219, -0.5045105390884991, 0.21526290740505177, 0.19685484716702195, 0.1781635575135828, -0.10686027893906558, -0.2342214893037768, -0.481148668446327, -0.289992292650564, -0.6998788337562086, 0.4715955674882284, -0.24496467003879452, 1.0504239224390552, -0.6074007080335121, 0.5864807189718567, -0.0024763820903857953, -1.0064591701223693, -0.09871288805504971]
1326.0490292443092	(8, 12, 2)	[-0.10929115158877276, -0.40865737259993884, 1.090325949881828, -0.0003378878759763695, 0.23256526293667482, -0.3214006506741382, -0.10011760775046755, 0.29820788156316824, -0.3233604951418681, 0.3292479443934188, 0.11450007884695644, -0.577968818086984, 0.33523901207755225, 0.052185706134655174, -0.0014817212041215375, -0.4371276362816107, -0.0158783011551209, 0.40046248652978045, 0.2729474147064612, 0.2700874252621115, 0.0357152962665991, -0.282624078513095, -0.7040410074239929, -0.08591653261465282, -0.49153892494130735, -0.5910156577977436, 0.32248727065604993, 0.5663403282998812, -0.17732997828832855, 0.5562803083887524, 0.06361785841512677, 0.9331480104785492, 0.4226804003513485, -0.41756971051741937, -0.6381190906498275, -0.24378006996939108, 0.7600810497733398, 0.3665864496422084, -0.5972150908000231, 0.9120944540781327, 0.4130836860150317, -0.5365214203707994, -0.16996537207591905, 0.15990785901325444, 0.29858659153729755, -0.4617471381857968, 0.45310654374192993, -0.8743561221298338, -0.48647780926058165, -0.27538907739674107, -0.13437648083671405, 0.27517847787438193, 0.7846037121767895, 0.09294695150426877, 0.16065325780123127, 0.09068184920423802, 0.20791622692494524, 0.02867913600191698, -0.19348554130176987, -0.014008795404425095, -0.8727047089675928, -0.05611067431818023, -0.7551922714637591, 0.1088506587390066, 0.6156871477087886, -0.12032570805430505, 0.12736650278214723, -0.43687021638530416, 0.6157372421194023, 0.09836761719488786, 0.5004337149630522, -0.4372690496881198, 0.921590968780192, -0.6034150591515648, 0.7053379713296731, -0.5634814152042511, -1.0013842775990696, -0.7127640401818452, 0.10611523642121204, -0.03069340864271245, -0.02149490985295171, 0.17319289984701702, -0.6432651650514174, 0.2188921416502792, -0.8351607244590217, -0.6880140559887307, -0.011745731758730312, -0.009029847192738506, 0.68190381835955, 0.5087034872510526, 0.003387081000910258, -1.0383137469674983, 1.1802360298232712, 0.22873575554621964, -0.35306122767928827, 0.11652968842138949, 0.6511417697026447, 0.08100382209274042, -0.3437888603868727, 0.9161125571585965, -1.2137390679315785, 0.04127948583484321, 0.0805017064836219, -0.5045105390884991, 0.21526290740505177, 0.19685484716702195, 0.1781635575135828, -0.10686027893906558, -0.2342214893037768, -0.481148668446327, -0.289992292650564, -0.6998788337562086, 0.4715955674882284, -0.24496467003879452, 1.0504239224390552, -0.6074007080335121, 0.5864807189718567, -0.008394025706703452, -1.0064591701223693, -0.09871288805504971]
1478.1750670178326	(8, 12, 2)	[-0.10929115158877276, -0.40865737259993884, 1.090325949881828, -0.0003378878759763695, 0.23256526293667482, -0.3214006506741382, -0.10011760775046755, 0.29820788156316824, -0.3233604951418681, 0.3292479443934188, 0.11450007884695644, -0.577968818086984, 0.33523901207755225, 0.052185706134655174, -0.0014817212041215375, -0.4703242416878972, -0.0158783011551209, 0.40046248652978045, 0.2729474147064612, 0.06737803910028729, 0.0357152962665991, -0.282624078513095, -0.7040410074239929, -0.08591653261465282, -0.49153892494130735, -0.5910156577977436, 0.42184298604421694, 0.5663403282998812, -0.17732997828832855, 0.5562803083887524, 0.06361785841512677, 0.9331480104785492, 0.4226804003513485, -0.41756971051741937, -0.6381190906498275, -0.24378006996939108, 0.8389448774741673, 0.3665864496422084, -0.5972150908000231, 0.9120944540781327, 0.4130836860150317, -0.5365214203707994, -0.16996537207591905, 0.17092190479074174, 0.29858659153729755, -0.4617471381857968, 0.45310654374192993, -0.8743561221298338, -0.48647780926058165, -0.27538907739674107, -0.13437648083671405, 0.27517847787438193, 0.7846037121767895, 0.09294695150426877, 0.16065325780123127, 0.09068184920423802, 0.20791622692494524, 0.02867913600191698, 0.38821988451792344, -0.07989671463864113, -0.8727047089675928, -0.05611067431818023, -0.7551922714637591, 0.1088506587390066, 0.6156871477087886, -0.12032570805430505, 0.12736650278214723, -0.43687021638530416, 0.6157372421194023, 0.09836761719488786, 0.5004337149630522, -0.4372690496881198, 0.921590968780192, -0.6034150591515648, 0.5747194936544481, -0.5634814152042511, -1.0013842775990696, -0.7127640401818452, 0.1970915570162009, -0.03069340864271245, -0.02149490985295171, 0.17319289984701702, -0.6432651650514174, 0.3361517555742309, -0.8351607244590217, -0.6880140559887307, -0.026922792751386124, -0.009029847192738506, 0.7484923923224237, 0.5087034872510526, -0.20867614420111366, -1.0275260633727763, 1.100075199314151, 0.22873575554621964, -0.35306122767928827, 0.11652968842138949, 0.5171054776797038, 0.08100382209274042, -0.3437888603868727, 0.9161125571585965, -1.3513077536060445, 0.04127948583484321, 0.0805017064836219, -0.5045105390884991, 0.21526290740505177, 0.19685484716702195, 0.1781635575135828, -0.10686027893906558, -0.2342214893037768, -0.481148668446327, -0.289992292650564, -0.6998788337562086, 0.16184845815748317, -0.24496467003879452, 1.0604620153254347, -0.6074007080335121, 0.5505705519930979, -0.0024763820903857953, -1.0064591701223693, -0.09871288805504971]
1149.5230767876733	(8, 12, 2)	[0.043586120827142125, -0.726668752194525, 1.1067803152094575, 0.06591288088909208, 0.27722161713547355, -0.25600369721974375, -0.056029053783566006, 0.29415305128391017, -0.36947114481776444, 0.656630234640722, 0.058278458231338044, -0.6034115518524462, 0.3205216515086431, 0.045481279785134617, -0.07139255598842914, -0.35323165155664776, 0.006598721427678843, 0.3591139876368385, 0.27283656786019417, 0.07976668464204066, 0.06315720401161735, -0.25301832614480907, -0.7049021238233045, -0.13864102708316806, -0.4558309373579528, -0.6004290851817886, 0.34559373942164184, 0.5254871064886808, -0.12148130326192313, 0.5521076516522321, 0.10218615703724934, 0.9959845417105891, 0.38872563758643947, -0.39512880787096477, -0.5624796628258674, -0.23798133964322427, 0.8829954028176121, 0.3620111217243567, -0.622477428960704, 0.919275765327631, 0.44595323136066584, -0.537327132283939, -0.1805872391393788, 0.17145118804816953, 0.283671653686967, -0.4671587517480943, 0.4823056514388939, -0.844538450623094, -0.48686735694487915, -0.26253737051608106, -0.1763729674326141, 0.2749446873434656, 0.8544420927815838, 0.08819029439203047, 0.100004621608697, 0.12321436534005575, 0.21562034046667347, 0.17225982877246837, 0.1299206966278703, 0.05327388681556193, -0.8781013809941731, -0.14588799424217197, -0.7414762553787002, 0.051379031044137984, 0.5775149400148334, -0.10996725778345134, 0.1204849630408533, -0.39252772102162864, 0.8762324956451273, 0.0799570380749766, 0.5150815323287438, -0.16678184004539726, 0.8737242089341172, -0.47343659487594875, 0.6097080441801824, -0.5716553077366064, -1.013042925522273, -0.7418325392686557, 0.2182796174781893, -0.07489480967415837, 0.05784746047097364, 0.16940556730613754, -0.6680578382998085, 0.20045311402119653, -0.8574424030772673, -0.6802079910925537, -0.02547144638071045, -0.034167344654033406, 0.7140090308535989, 0.46392950549565654, 0.02178437613160088, -1.1679249538169592, 1.1774387734186869, 0.2208857725642582, -0.3717460309257789, 0.11926790159967345, 0.5417304236985894, 0.28450657680024216, -0.3388583452588337, 0.47627147153913185, -1.1506285362850517, -0.07243359652740669, 0.08705630083982324, -0.44252493393396314, 0.22785629088905338, 0.2738597390634008, 0.1821238071067199, -0.17183857938162084, -0.31255999951096936, -0.47205604761867015, -0.28160209398223535, -0.6887178817670477, 0.42017751869685727, -0.23000897637041223, 1.0715027913313333, -0.5243277367597867, 0.678858277359281, 0.008042975272295527, -1.0098876126494092, -0.09523330552786384]
1219.4737766141927	(8, 12, 2)	[0.043586120827142125, -0.726668752194525, 1.1067803152094575, 0.06591288088909208, 0.27722161713547355, -0.25600369721974375, -0.056029053783566006, 0.29415305128391017, -0.36947114481776444, 0.656630234640722, 0.058278458231338044, -0.6034115518524462, 0.3205216515086431, 0.045481279785134617, -0.07139255598842914, -0.23423949012325235, 0.006598721427678843, 0.3591139876368385, 0.27283656786019417, 0.07976668464204066, 0.05816259254949857, -0.25301832614480907, -0.7049021238233045, -0.13864102708316806, -0.4558309373579528, -0.6004290851817886, 0.4256105582836042, 0.5254871064886808, -0.12148130326192313, 0.5521076516522321, 0.10218615703724934, 0.9959845417105891, 0.38872563758643947, -0.39512880787096477, -0.5624796628258674, -0.23798133964322427, 0.8829954028176121, 0.3620111217243567, -0.622477428960704, 0.919275765327631, 0.44595323136066584, -0.537327132283939, -0.1805872391393788, 0.17145118804816953, 0.283671653686967, -0.4671587517480943, 0.4823056514388939, -0.9127553616821094, -0.48686735694487915, -0.26253737051608106, -0.1763729674326141, 0.2749446873434656, 0.8544420927815838, 0.08819029439203047, 0.009088597388041145, 0.12321436534005575, 0.21562034046667347, 0.17225982877246837, 0.1299206966278703, 0.05327388681556193, -0.8781013809941731, -0.14588799424217197, -0.7414762553787002, 0.051379031044137984, 0.5775149400148334, -0.10996725778345134, 0.1204849630408533, -0.39252772102162864, 0.8762324956451273, 0.0799570380749766, 0.5150815323287438, -0.16678184004539726, 0.8737242089341172, -0.47343659487594875, 0.6097080441801824, -0.5716553077366064, -1.013042925522273, -0.7418325392686557, 0.2182796174781893, -0.07489480967415837, -0.013944463443709282, 0.16940556730613754, -0.6680578382998085, 0.20045311402119653, -0.8574424030772673, -0.6802079910925537, -0.02547144638071045, -0.034167344654033406, 0.7140090308535989, 0.46392950549565654, 0.02178437613160088, -1.1679249538169592, 1.1774387734186869, 0.2208857725642582, -0.3717460309257789, 0.11926790159967345, 0.5417304236985894, 0.28450657680024216, -0.3388583452588337, 0.47627147153913185, -1.1506285362850517, -0.07243359652740669, 0.07569586637367308, -0.44252493393396314, 0.2589628286808251, 0.2738597390634008, 0.1821238071067199, -0.17183857938162084, -0.31255999951096936, -0.47205604761867015, -0.28160209398223535, -0.6887178817670477, 0.42017751869685727, -0.23000897637041223, 1.0715027913313333, -0.5843282796506534, 0.678858277359281, 0.008042975272295527, -1.0098876126494092, -0.09523330552786384]
1228.2931672575667	(8, 12, 2)	[-0.029104272899810484, -0.7360119375366013, 1.1097181262470168, 0.013856174729518283, 0.24877308342750104, -0.23119923877311083, -0.0739561185963444, 0.33939548318360896, -0.3152677755305764, 0.31937408857122374, 0.10841010023445052, -0.6303914719784821, 0.6011160849768069, -0.06642260464404336, -0.07182064229456551, -0.40763367511211257, 0.2570459683240429, 0.352221672387788, 0.27815739745941026, 0.03587831204890271, 0.04583977510560943, -0.35146287130568943, -0.6739055729113087, -0.20185910284796404, -0.0021604211656738315, -0.6203391156726161, 0.35192524893712573, 0.5555836599433668, -0.12487317618209018, 0.5599956693380096, -0.24902811585013668, 0.9232184031579326, 0.4693850041891754, -0.38936829285841223, -0.6121045345269736, -0.36680265618242675, 0.6523506400120014, 0.30530738085635056, -0.6160366757875875, 0.9324334695184981, 0.42326677241153143, -0.5327017054365664, -0.1732959730080554, 0.17794365816360933, 0.3848365385389274, -0.381863457393233, 0.4782234661194686, -0.9375279766158925, -0.48178062740304917, -0.3019533435921757, 0.02434245603459123, 0.3034773492924875, 0.8101638362742076, 0.09683583544981894, 0.1552146262238515, 0.11482695160018817, 0.21154996355377473, 0.07746253272705941, 0.3181978346498333, 0.017565950390956223, -0.7199680676036972, -0.18850655269169833, -0.7919534736048085, 0.2743813088196929, 0.5709578303986906, -0.13112358024822302, -0.31904827000615177, -0.395867132750153, 0.8428889324095534, 0.12737031580274574, 0.7133232658876945, -0.5030143716877072, 0.8457898887581541, -0.5201331706471816, 0.647606891664235, -0.5433739472327932, -0.9187942143936588, -0.7172761628483212, 0.07873211809988986, -0.06917731100072967, 0.10666170461546619, 0.059320458404451555, -0.6568461000427721, 0.22659565593049402, -0.6155847764079393, -0.5726954532931957, -0.01775174805448792, -0.005408205782015969, 0.7419549655929533, 0.4229552921698145, -0.3103703270436352, -1.1726243913958099, 1.1451041818782461, 0.20485743576092164, -0.3772779965218768, 0.11071415187264033, 0.5666684811455444, 0.25587106037139906, -0.2674629386867833, 0.8657140430457132, -1.1392304275766678, 0.026006380785807096, 0.13922894279979403, -0.27195228603457355, 0.20711314972454642, 0.4394438771634277, 0.283779404917047, -0.7623819172381793, -0.18278096591349854, -0.5107020967196, -0.3451403158988947, -0.6846901338311555, 0.40377087124917765, -0.27335394313037453, 0.9604972360277887, -0.8345424596422386, 0.611145671485719, 0.025249666937895154, -0.9711601390652951, -0.08527497075241766]
1130.363764397831	(8, 12, 2)	[-0.042876119752202194, -0.5701298444175703, 1.1200932869110858, 0.0017862148631374738, 0.43741197791093034, -0.11361530268399561, -0.026341157364357312, 0.3327342324715913, -0.38436138626494454, 0.5650655717148453, 0.08164821627040166, -0.3868018037354818, 0.6761286039877112, 0.03980872412089849, 0.02586121708116762, -0.30512671954891524, 0.02499153867076593, 0.3999179448942145, 0.22660808546069047, 0.12671241362325422, 0.031210682624829438, -0.48440441794791755, -0.6760735981964442, -0.22255145974889656, -0.43631128803353, -0.8173256522850004, 0.3283056051583775, 0.5618996266960363, -0.2140685211765048, 0.5209066360211633, 0.1730564309537488, 0.8162809277027072, 0.39693130454341696, -0.30078041820333484, -0.5977579423312553, -0.2555201610804237, 0.5720813346811725, 0.45901672093136314, -0.6137407582962653, 0.8999764130499627, 0.5487714078797246, -0.5256890670312063, -0.48591362491076256, 0.20257553275395174, 0.3033702403254143, -0.27804577419065557, 0.5295747985906906, -0.431168332670647, -0.4540177424831841, -0.36276601940554254, -0.12021850230835857, 0.21627275871053717, 0.9255670827818897, 0.20835648921251584, 0.2360925697635074, 0.20908675584538391, 0.09118475510436472, 0.19235129378985075, 0.39917094119099167, 0.06008898110505917, -0.8331365706141846, -0.07568471793989776, -0.749281669115534, 0.4250558992107176, 0.5957823814565877, -0.1449577449288568, 0.094657110463646, -0.3695830570745403, 0.680647183810016, 0.13320161006102316, 0.49977737821937795, -0.36129095046161547, 0.8405496586682145, -0.26718691141932227, 0.6603782279768194, -0.5397912751952336, -1.0554890837965694, -0.6622119510578585, 0.14911483116723329, -0.08621023861269066, 0.04117116596433705, 0.19080687164745586, -0.6311666493466791, 0.2303467268014181, -0.6216123434194476, -0.6697339293575659, 0.015569731922710744, -0.15941516416958226, 0.7532326188275417, 0.4715691478024487, 0.04892814031692195, -1.253237197819021, 1.2151912109085534, 0.1709047933938379, -0.35599650707173797, -0.005825083568716499, 0.4249137706115172, 0.2570441846756764, -0.32493203604998205, 0.8866076954724862, -1.0879523464032244, -0.35598193358078695, 0.1654443490250509, -0.4593951026673191, 0.3753386469426598, 0.3002801775936646, 0.2324811407004611, -0.8383233296192436, -0.23041133897369098, -0.4821019589531944, -0.3863196829093969, -0.7118581491441232, 0.4014324357240774, -0.37168567900884275, 1.0657236619087198, -0.6630987421155344, 0.5974151180491359, 0.06129871929598584, -0.9738793954511523, -0.0880097480006692]
1146.1304670333056	(8, 12, 2)	[-0.08170739214069572, -0.5605635209125307, 1.1243581358290777, 0.04796566622445374, 0.23920006844493868, -0.11493228626875018, -0.08023060757112457, 0.3208746464580378, -0.3509992266254061, 0.5503370081802479, 0.09480919173957625, -0.5267897332864615, 0.4978502804662803, 0.028462103592095143, 0.042798920920664126, -0.27648803966378166, 0.021583536770569463, 0.3443561755239191, 0.30548166362525975, 0.054615772252479954, 0.0879244421642843, -0.2882101853984117, -0.4990226778372351, -0.17712883842118732, -0.4231066852492613, -0.6753560291913172, 0.4108467517479813, 0.55567398423316, -0.12879892237006907, 0.5489574529656259, 0.1496979186854114, 0.845778664755374, 0.41694591079553145, -0.2897613547912179, -0.6374686842353388, -0.2500215554541494, 0.6938050179829606, 0.49151806570769185, -0.6151515871840312, 0.941648838809902, 0.4738971499471587, -0.5142920668966844, -0.1655988093225747, 0.20195746514505472, 0.27584960704500616, -0.32343591920926484, 0.47790784151946064, -0.6280506593724073, -0.44177992152855255, -0.3473877877136343, -0.1072075130949868, 0.27658515527854416, 0.5617426382988107, 0.161161094245382, 0.2645404607566352, 0.18886741386255537, 0.1494190142862787, 0.17721183421811035, 0.4391128738413996, 0.017169738446775842, -0.8270269390106298, -0.1794222227121328, -0.7976678659557175, 0.36851476005186146, 0.5302249650328988, -0.18502244089133996, 0.12520225216985953, -0.43544488745927357, 0.6598139177606747, 0.05912978298690869, 0.496721344782681, -0.3625174691432018, 0.8904439062301424, -0.4485711416363376, 0.6398312549871223, -0.5591741825478515, -1.0257339324927532, -0.6648181002542854, 0.1495378581731699, -0.1094983116313262, -0.05789812617128541, 0.18917298450203204, -0.6593562667320155, 0.25606694072117153, -0.6080056094207789, -0.6813847196560379, -0.0006290126304149268, -0.3071703867679121, 0.8428753924469441, 0.4997077011423916, 0.027388515675211632, -1.0330346520247022, 1.1888077936616788, 0.1849758290509537, -0.35675313194694924, -0.016955656092277293, 0.472637111243978, 0.13218673559691063, -0.42817104870915695, 0.8244645314998041, -1.0888242639596202, -0.32640517880474207, 0.09629331088127431, -0.4008119934310451, 0.2089789508091658, 0.17877378148387538, 0.20302579729556455, -0.9498979656852018, -0.18365459079968524, -0.4744090947378676, -0.3311962494307211, -0.7533653804774126, 0.4735262646011489, -0.2960943484691352, 1.0799904369103042, -0.6091140636768926, 0.5906938583973741, 0.04531706203110125, -0.9375100648452187, -0.08712563032508344]
1186.8233322456726	(8, 12, 2)	[0.022237295791541982, -0.7816798739521226, 1.118120744337967, 0.06025227405994033, 0.24622220229530334, -0.20046909728400408, -0.06437802240189602, 0.30323763597868214, -0.31587651362069075, 0.295910878578184, 0.07468555332778566, -0.5581291703965663, 0.2856984995886146, 0.04575341658662583, -0.017240678086044195, -0.2933098333965222, 0.23478110959203552, 0.08328295785066699, 0.2885173829202067, 0.12690383402667232, 0.16008728162577893, -0.3067420688600377, -0.6268708346038536, -0.25069380700865973, -0.40444857811699064, -0.6123558138234294, 0.33247739576264307, 0.5581799764232152, -0.12566224656308547, 0.5558341196360573, -0.31559071087640334, 0.9739671245018202, 0.354707160665986, -0.3846117534988686, -0.5615210401617354, -0.26438247140089743, 0.8173721223525102, 0.30879649548534494, -0.5997208574118643, 0.913130727537916, 0.5994163703297258, -0.5345597135632665, -0.23142903096535133, 0.17049664593267025, 0.3022760428663391, -0.3817212907236166, 0.5065897952196879, -0.4099909728481813, -0.4732573576365326, -0.1711006098168407, 0.05427426691059756, 0.2719679763816635, 0.8531383227377601, 0.11989340484359848, -0.045594473055864525, 0.10314012031722625, 0.21790193478745323, 0.2163667634477509, 0.12424827473165373, 0.024157062011224726, -0.6877640012176537, -0.11456316574624395, -0.7647597160140841, 0.2297698922863756, 0.6212998761511033, -0.1767011613238506, -0.173957422630745, -0.3871022201994943, 0.6555693932256559, 0.12868496059498738, 0.45924050426136026, -0.4898694327804481, 0.9379055079300953, -0.32927370870795547, 0.6476299684319268, -0.5585809582788575, -0.9957733237821008, -0.7174347988101927, 0.07713303694739262, -0.06599164149321221, 0.016352106070775863, 0.08684574000913162, -0.6373303104754531, 0.22099591824539616, -0.8605632956645964, -0.6295450121431806, 0.06819075687896066, -0.16914499492619223, 0.5575763313695841, 0.41255825388441414, -0.04385520675908313, -1.2413002122179078, 1.3135198734852342, 0.2062342781236709, -0.366062816798834, -0.050141149109060666, 0.5372795494442173, 0.12293514701750576, -0.3437684954906573, 1.1803818587275603, -0.8725062792450453, -0.11324960955796542, 0.07576909630910839, -0.4133926303520642, 0.2904654871124412, 0.42051492772248356, 0.321904590878147, -0.1775124510936137, -0.3049983030435485, -0.48352274748796686, -0.2843683315307175, -0.671426983723312, 0.3888644822476601, -0.24955408083474212, 1.0814279910850493, -0.7043118881169, 0.6112727944529792, 0.02171628312194916, -1.0127707438446618, -0.09381690248673134]
1265.0004663948762	(8, 12, 2)	[0.022237295791541982, -0.7816798739521226, 1.118120744337967, 0.06025227405994033, 0.24622220229530334, -0.20046909728400408, -0.06437802240189602, 0.30323763597868214, -0.31587651362069075, 0.295910878578184, 0.07468555332778566, -0.5581291703965663, 0.2856984995886146, 0.04575341658662583, -0.017240678086044195, -0.2933098333965222, 0.33019719538553866, 0.08328295785066699, 0.2885173829202067, 0.12690383402667232, 0.16008728162577893, -0.3067420688600377, -0.6268708346038536, -0.25069380700865973, -0.40444857811699064, -0.6123558138234294, 0.33247739576264307, 0.5581799764232152, -0.12566224656308547, 0.5558341196360573, -0.29233205881584773, 0.9739671245018202, 0.354707160665986, -0.3846117534988686, -0.5615210401617354, -0.26438247140089743, 0.8173721223525102, 0.30879649548534494, -0.5997208574118643, 0.913130727537916, 0.5994163703297258, -0.5345597135632665, -0.2614629968035914, 0.17049664593267025, 0.3022760428663391, -0.3817212907236166, 0.5065897952196879, -0.4099909728481813, -0.4732573576365326, -0.1711006098168407, 0.05427426691059756, 0.2719679763816635, 0.8531383227377601, 0.11989340484359848, -0.045594473055864525, 0.10314012031722625, 0.21790193478745323, 0.2163667634477509, 0.12424827473165373, 0.024157062011224726, -0.6877640012176537, -0.1417536049868757, -0.7647597160140841, 0.2297698922863756, 0.6212998761511033, -0.1767011613238506, -0.173957422630745, -0.3871022201994943, 0.6555693932256559, 0.12868496059498738, 0.45924050426136026, -0.4898694327804481, 0.9379055079300953, -0.32927370870795547, 0.6476299684319268, -0.5585809582788575, -0.9957733237821008, -0.7174347988101927, 0.07713303694739262, -0.06599164149321221, 0.016352106070775863, 0.08684574000913162, -0.6373303104754531, 0.22099591824539616, -0.8605632956645964, -0.6295450121431806, 0.06819075687896066, -0.16914499492619223, 0.5575763313695841, 0.4171349374825733, -0.04385520675908313, -1.2413002122179078, 1.3135198734852342, 0.2062342781236709, -0.366062816798834, -0.050141149109060666, 0.5372795494442173, 0.12293514701750576, -0.3437684954906573, 1.1803818587275603, -0.8725062792450453, -0.11324960955796542, 0.07576909630910839, -0.4133926303520642, 0.2904654871124412, 0.42051492772248356, 0.42415670001491734, -0.1775124510936137, -0.3049983030435485, -0.48352274748796686, -0.2843683315307175, -0.671426983723312, 0.3888644822476601, -0.24955408083474212, 1.0814279910850493, -0.7043118881169, 0.6112727944529792, 0.02171628312194916, -1.0127707438446618, -0.09381690248673134]
1093.4483552541383	(8, 12, 2)	[-0.12381805885441644, -0.5455254461478029, 1.1263204927411874, 0.13699526807787507, 0.30593059538901207, -0.22845906887712078, -0.09322252615374164, 0.3688133213098929, -0.3471448877194428, 0.5544726461250147, 0.06481335008242659, -0.6179467935656112, 0.31802908453004375, 0.04547322699087453, -0.10579914430442393, -0.44084519522397897, -0.015175004927413653, 0.3342778921530368, 0.27793179983136257, 0.04487430973592332, 0.06373468953005149, -0.3619139694954276, -0.7047025545057032, -0.14021162090634182, -0.466304362440418, -0.6983718193988944, 0.33603651326282763, 0.5594186108504204, -0.24578040108084878, 0.5380934854126662, 0.09780609455175687, 0.8762110976219551, 0.3626326847417207, -0.2564727051216432, -0.6371258944043627, -0.4732309117260897, 1.0262721820949783, 0.3539002258617413, -0.606837848707004, 1.115137585079006, 0.5153571989291061, -0.5401134211530336, -0.4589388039522757, 0.14277661908374437, 0.2893761585073445, -0.39725323643871513, 0.4836840284630152, -0.6827330564845003, -0.48938944285665315, -0.33984899546783154, -0.25820022860679, 0.2930648516008213, 0.8263336122102126, 0.24610231808186278, 0.15355611097073707, 0.14281148090935464, 0.1335835481638, 0.1779565617618255, 0.24145819972947785, 0.04926154091433834, -0.8640603021114607, -0.06561090357804726, -0.7162100151902739, 0.1495152934324505, 0.6372293201277361, -0.020851937761793726, -0.21845396656834754, -0.4297048227546067, 0.8732703703177198, -0.0034997336617536845, 0.6005765209719474, -0.4582564380819174, 0.8453917446977579, -0.38584273056395285, 0.4827796881820634, -0.5624641698390203, -1.0109401079054847, -0.5428192133003211, 0.18619899883024632, -0.07468579369112319, 0.0874676984214785, 0.23261254580245277, -0.5704664640903921, 0.3122088587670764, -0.8488888535781197, -0.7241570876713572, 0.0025400283222291576, -0.043769660951738745, 0.04682697344227325, 0.4526834725961181, -0.20506133446134647, -1.4897642889901934, 1.171005474851869, 0.19664299645001823, -0.34559482690651216, 0.37526481005535417, 0.5078332368197643, 0.28022915509747925, -0.36612798504050204, 0.5004566236881499, -1.1342450237660464, -0.1073190526046296, 0.1874986031424154, -0.5335779794228862, 0.33791872508881987, 0.14922495724875207, 0.18349386900585124, -0.5173775933047052, -0.25331778553625356, -0.5529235316268313, -0.3994636801425548, -0.7101002781186624, 0.3078983349243063, -0.22493173284089868, 1.0530771753566863, -0.6166040625270229, 0.6169209618520475, 0.01496248792425642, -0.8847896853131993, -0.09346109152964373]
1169.3871472684166	(8, 12, 2)	[0.06607658833490504, -0.6636025453000355, 1.1207775265092792, -0.0213451728250883, 0.17105180962500943, -0.1744337609259572, -0.0917336367405553, 0.3218046253487316, -0.37367098768170454, 0.38961292696771027, 0.23679878655972722, -0.6180220812411854, 0.3259590896398006, 0.03642526057819977, -0.10564217752243166, -0.31391908187476825, -0.025861474089901488, 0.30266982688941435, 0.27315342315372165, 0.28333199652138563, 0.06658910039440448, -0.39145002369077503, -0.7065334931841301, -0.20229493670724605, 0.06867658597279025, -0.6159805120984081, 0.33392519419840794, 0.6017209280127814, -0.2538970564135523, 0.5343939667535218, -0.10264801621812397, 0.9139742493249342, 0.3497151629063355, -0.24392746954911115, -0.5981702417090154, -0.32230324813315514, 0.7862141932777825, 0.36865541931632834, -0.6264432209161563, 0.8878443565794958, 0.43631700081243074, -0.5577386235175825, -0.11124529429321262, 0.1357149884979169, 0.3454121783567272, -0.39656013895382597, 0.47816211215883214, -1.0264993323279343, -0.4922831343847001, -0.28234447346189917, -0.17580137309810343, 0.29275482525829943, 0.8302937823324656, 0.18850583266932197, 0.16649832142128412, 0.1184039536260249, 0.30593888092786364, 0.1773036278513427, 0.370106699315246, 0.04002084137417305, -0.81614376521839, -0.07968204836939069, -0.7129970687058, 0.15038833755488926, 0.5121724217314619, 0.0532121022900916, -0.1899797720386074, -0.42901749836139447, 0.707743851182413, -0.02278368045922422, 0.6189291541994196, -0.4195694368396996, 0.7339231996727695, -0.4038747267031707, 0.513477394442845, -0.5345697627224177, -0.8685146273381976, -0.5034104904625198, 0.1770479345453298, -0.17985583408286382, 0.06880479219939895, 0.17716976309756538, -0.5926490304911888, 0.1914551844554262, -0.851678372033963, -0.7215908704753172, 0.003997147398166205, -0.03511885488421378, 0.5164255939327493, 0.45062254818967046, 0.23143092425146608, -0.8702218870879888, 1.1698621723805604, 0.22348284348804848, -0.31427964116670953, 0.3287399631749305, 0.49007323705008554, 0.26189468436968033, -0.2854253800608212, 0.4821348223873318, -1.0962313340696053, -0.10930498422728398, 0.11784171978759268, -0.4753249302917245, 0.28072412142806275, 0.1089495019845697, 0.2764970512306959, -0.1410894086819457, -0.24963458177751444, -0.4946583904497591, -0.426587501482834, -0.7049358412488693, 0.17138564240125986, -0.3571884154794073, 1.0850637180390477, -0.5150036199925465, 0.6286306037800417, 0.025756940573659955, -0.8993088527625501, -0.24338601422251693]
1322.7384426627948	(8, 12, 2)	[0.013939942879740501, -0.7430058006422016, 1.111580614903327, 0.36623383065920556, 0.42227940315590284, -0.20311429301670897, -0.07717974392105614, 0.24723234208968548, -0.29682689396383705, 0.4243704269377064, 0.03553923560960087, -0.6784292042205623, 0.4277072608749514, 0.01963393019258791, 0.013873877309986127, -0.43834408477377945, 0.13060425590697017, 0.24509254192078456, 0.2265318005916068, 0.326774231610144, 0.09665971065403275, -0.3755762458837227, -0.6842697646300785, -0.20385723153509017, -0.4557513087660318, -0.5656506286277441, 0.3455658324339993, 0.5682261415390025, -0.1597630784788904, 0.37518529734726863, 0.02467505050001082, 0.9304351164247078, 0.371899449314939, -0.36848023994018586, -0.7830853551622692, -0.33888360930095235, 0.7396843032624338, 0.37247011298729715, -0.5921809141543211, 0.957458676858687, 0.41332387241975693, -0.31580285591383533, -0.33406060409073846, 0.15324611671445107, 0.27328952703410914, -0.45014290337819435, 0.35191879323001607, -0.47204402337935925, -0.5256088513390959, -0.37657357911632944, -0.05284155757322777, 0.2723807814579867, 0.8336238038902463, 0.09993023414659102, 0.01787768511535439, 0.09833042907746349, 0.20695620883827123, 0.15078325024308303, 0.09877472976549244, 0.018866859942740438, -0.6612068309644832, -0.14074977454482973, -0.7434528595628332, 0.24656434513174552, 0.5972659954099488, -0.15586354923082313, -0.09897428975134745, -0.479358615378976, 0.5967116506583268, 0.11417920036134231, 0.5080749321160439, -0.3539780993051127, 0.8685047312462183, -0.43164469554632673, 0.6813683984621117, -0.5811025552079198, -1.0080021628323506, -0.7498092008316894, 0.1466627621109073, -0.09504293564570881, -0.025354784097815275, 0.2613815443984424, -0.6389797583068767, 0.3289759493591634, -0.6648304488993725, -0.7271332638909087, 0.05837656284416331, -0.10534263258692976, 0.08616785098921732, 0.45778794461058825, -0.14098377574369936, -1.1374196641878864, 1.2278415337913007, 0.19621151245416762, -0.33539730171813875, 0.010427374146120619, 0.5074798247516487, 0.26455864226182946, -0.11305548106440211, 0.8669524955467599, -0.9343480993571492, -0.13499827028221903, 0.13560343833917887, -0.43577113381524585, 0.3284624884702924, 0.3380028629798182, 0.039223877167156, -0.2275813082615199, -0.24473555686101153, -0.49218642820208924, -0.3411775536760053, -0.6810347399061774, 0.3866531692476057, -0.3081819678852588, 1.0964645995362254, -0.8262247040946766, 0.5441778891335161, 0.017975856832781977, -0.8628963798325439, -0.11804612766955033]
1083.7675998858858	(8, 12, 2)	[0.025251898892414776, -0.6483092338508003, -0.05610052043930397, 0.11899932217018475, 0.17892056945155838, -0.18987631006891692, -0.16252078155064814, 0.2990541202397329, -0.4160587805166506, 0.40258056520928903, -0.07769172250293166, -0.6014602166820542, 0.5704846587838445, -0.008847107210814421, -0.07736420785942606, -0.367328728205317, 0.01282111120229621, 0.43903404907032334, 0.24448059435755382, 0.1770002621635267, 0.12134268482059524, -0.3413905465765901, -0.6985628020170329, -0.20752809084537951, -0.3590071476105893, -0.6379127914953858, 0.30683793475742893, 0.6048435413032015, -0.20251775344167378, 0.5559524869235014, -0.07832016644940826, 0.9351853813361072, 0.39379935528667676, -0.3165127849118074, -0.6222958083296382, -0.27211830321336666, 0.7967057780351182, 0.36337707075815573, -0.6459675473558533, 0.9020333584541463, 0.4545436993352802, -0.4745595857603958, -0.14886461562691505, 0.21890105814440386, 0.3145069185964825, -0.38201865582359523, 0.12156083865100131, -1.0398545878656373, -0.5259176702750012, -0.1261121029268103, -0.07666537716935654, 0.3428884399648721, 0.8627501270317661, 0.1321494879457079, 0.13145935437980463, 0.13157694655377064, 0.22534319606930286, 0.2407485121267529, 0.29045662370004965, 0.027376739474117538, -0.76967388163329, -0.2593760334545826, -0.5832751996489958, 0.3445780208614615, 0.5641262769396002, -0.17159406681781278, -0.18594958936430162, -0.40749979042887424, 0.7008929026786462, 0.055836699314984695, 0.6043868819104866, -0.43114485711501566, 0.8219434062848776, -0.3691837227623473, 0.6060544251125748, -0.5990561893931675, -1.0371607354385344, -0.6700238598798132, 0.22175970584595248, -0.0008277882024625566, 0.06708985464858068, 0.15889153207613074, -0.677022181850093, 0.2454402659979258, -0.8381275078619133, -0.6268153722103699, 0.02439020386424439, -0.03844567375113239, 0.17554748761360572, 0.42469622300823145, -0.0201683798495724, -1.3777240690429622, 1.2296172626010042, 0.19641283056740666, -0.3371134767128855, 0.0019040019143311687, 0.5171973978962424, 0.19373080115339475, -0.6836482786235498, 0.6684185947197931, -0.8733619298469992, -0.1092214840336471, 0.1502306367021778, -0.4165874829233623, 0.2837312200678388, 0.16465397052508982, 0.37570897572607503, -0.057049926035896925, -0.14328448744123917, -0.49054918291848465, -0.2790592678731922, -0.6701497716943768, 0.3635433580423228, -0.3207105393483272, 1.0965164264515002, -0.7071327030701936, 0.6172766003453678, -0.00851160022588978, -0.9462432210192673, -0.1100712108848293]
1143.984454181741	(8, 12, 2)	[0.016337960943111345, -0.8086865561452069, 1.1174606892120962, -0.021094990557374474, 0.191628472258673, -0.20063840720857815, -0.04875896855539463, 0.3187359001299644, -0.3937324068422934, 0.43200003603951675, 0.17770182194880926, -0.4834494204472588, 0.306714846786626, 0.08575583750755116, -0.07245846430062858, -0.29876679106985515, 0.18491060999816022, 0.302929383183015, 0.27407702650600085, 0.22348600310587036, 0.02957587675894345, -0.5758832623652743, -0.5826636947133043, -0.24748029420747228, 0.15222906772616285, -0.6100519441119888, 0.3101386608928156, 0.5563645132021301, -0.20825340387516394, 0.5341782280293197, -0.16802135272702154, 0.9646871270747682, 0.3586258156380908, -0.313424285122442, -0.583718670019712, -0.2783857774691918, 0.8597581248112662, 0.36895899735193527, -0.6205034221379943, 0.9088482522175138, 0.6117115845357578, -0.5510837281725459, -0.26230250650203113, 0.13481353744850783, 0.2534212693634096, -0.4240780797330286, 0.5439995032200223, -1.0998894458691235, -0.47940950044933833, -0.2713654076398684, -0.17477743881358032, 0.23740145198714033, 0.8335538618211917, 0.1002039536163042, 0.16782428672807903, 0.13120264068719292, 0.25599826721111363, -0.24819700621642077, 0.47190018687975105, 0.03019065058738178, -0.8150679256738691, -0.1179713690476325, -0.7444432903519219, 0.23779979929227218, 0.6195698867058005, -0.06077737989459665, -0.2539337874233476, -0.5339467619065976, 0.7124141008345458, 0.017545911797547234, 0.6025091910773411, -0.3825153809819839, 0.9055304315252344, -0.4290975892985338, 0.60260945317869, -0.38225219520353326, -0.8876922068780927, -0.727335524247612, 0.16302533917433118, -0.18068835560056368, 0.08228987605437445, 0.18426975401000828, -0.5762885668595905, 0.21994058222283158, -0.7816084552483804, -0.6925943245203627, 0.06814452255246425, 0.005381749793289349, 0.5963184323333803, 0.4712966498716247, -0.8280943185335286, -1.3260789629794734, 1.2254195262108056, 0.22878545306960332, -0.36582531494677945, 0.14647661137870846, 0.5129287603325626, 0.2225613374542102, -0.30417647951967686, 1.005768290036702, -1.0656793800679176, 0.14828355785290548, -0.048839840937854345, -0.4626044966891303, 0.28475199833427023, 0.35246243631456475, 0.30886902786672377, -0.2037321418588262, -0.28602920178598684, -0.47680097858323917, -0.3093243573335746, -0.409177952735234, 0.4576781664192371, -0.2338550476514365, 1.0861934494401333, -0.5997953168694685, 0.5933285214999177, 0.027038322169432832, -0.9456992919303688, -0.16222747702951823]
901.7223016772236	(8, 12, 2)	[0.023847748118575735, -0.7118073192631937, 1.1251066497803826, 0.11377208644097558, 0.3292479862787139, -0.1648851211289143, -0.048192413348193255, 0.32549785084313826, -0.37243629403155387, 0.8258639015229754, 0.09100233198990895, -0.5718817596231546, 0.30226644886072174, 0.09473827802745122, -0.0941192101462291, -0.3869203996701524, 0.08218187824477914, 0.22209063243973737, 0.24190052587549044, 0.20977649763865103, 0.05855412648795685, -0.7114026738406459, -0.7281867442397741, -0.17616841974647043, -0.03988908156534665, -0.5893978934059299, 0.30993803814066984, 0.6292644159807448, -0.1608949741733852, 0.529824086702682, -0.19878482202368455, 0.9216625053036288, 0.36739653864984834, -0.3524459571581975, -0.6326469412262514, -0.25103157133337145, 1.0319131684805019, 0.3598495635526018, -0.6228788012530833, 0.8642372631731904, 0.2693465858526675, -0.5552277419233057, -0.2975514403297992, 0.12826279548888483, 0.2686532717804146, -0.2748027014047081, 0.5575774533235488, -0.6669668601873961, -0.47968999444590454, -0.2817394234356741, -0.15674765439430688, 0.2703974356098374, 0.8658363109015709, 0.20165350644809912, 0.1311425147127181, 0.19146476752162483, 0.2422475976618536, -0.20709852363224493, 0.1516874486373229, 0.047664632540569754, -0.8847136166917762, -0.00671797248990047, -0.7460804993842581, 0.1778244907738138, 0.6301581007690796, -0.18046096246814008, -0.19468886077363984, -0.5489541435865191, 0.9821380307815665, -0.034602081292815126, 0.5568212616364374, -0.4302761039324011, 0.9760148861792952, -0.404084586542584, 0.5979816882984954, -0.6118721924362931, -0.9809997721476047, -0.7195236686109443, 0.1646697619717873, -0.1750954336989047, 0.025921001446284876, 0.1870583745621817, -0.6726550080145395, 0.2271855581108977, -0.7847915134575776, -0.7045024237575126, 0.08315051301916426, -0.11093701726497504, 0.5952892500356227, 0.47275241507355875, -0.871972499111205, -1.0165544878346142, 1.2221352889014054, 0.22225353106560497, -0.3658038566949798, 0.4469941839365759, 0.4871439618442289, 0.2813994702286055, -0.3546557457976013, 0.8920915320328602, -1.1129672892568858, -0.13210156465852899, 0.1890062114911495, -0.3948213173128497, 0.2694230291750392, 0.3788956785674176, 0.2857246239673882, -0.2854618912296021, -0.2864515470536746, -0.47852829505310523, -0.3449891910082914, -0.5089000775234706, 0.3223337067314676, -0.23515622040070108, 1.0554795667982155, -0.6023238005666312, 0.662655653730944, 0.025379257773619317, -0.9012465445987006, -0.1603048643811666]
1244.2551232545973	(8, 12, 2)	[0.022125776576208206, -0.7082593177821512, 1.0644614521300575, 0.2105396242150125, 0.18394994309661383, -0.17634017557731171, -0.07809577370420549, 0.46073916425793926, -0.3390568379350116, 0.3604382700269323, -0.018532979769668268, -0.5985868211638656, 0.4210780209031347, 0.036381788653018804, -0.059989060775569585, -0.32667355914258345, 0.15511538450977863, 0.27995637949272717, 0.9320267540986964, 0.2787866677887645, 0.018080813681349686, -0.38442497985439716, -0.62712116185737, -0.07927856913804071, -0.09964222587028, -0.6945584577758581, 0.3490331772939582, 0.6196093606943051, -0.23390115190238722, 0.44368010768823557, -0.08504200335227316, 0.8919545069239461, 0.3921330130813598, -0.30164133969318724, -0.6896439909229458, -0.3211273861536508, 0.7834279638900552, 0.3687556211446408, -0.6701104215457657, 0.8890342777850871, 0.4180778892613637, -0.5397104104434891, -0.2959976485447313, 0.1554253814975833, -0.5071205993733569, -0.41652285359232694, 0.49660947486488355, -0.9027717297977644, -0.4437039070372423, -0.40482056871937716, -0.2559894597180012, 0.270333449562085, 0.821429851165824, 0.1555658697897928, 0.007623879589122723, 0.10209767403591408, 0.2902264150706783, 0.1683536908495711, 0.31778110104240875, 0.05834892633179696, -0.8163886297592583, -0.0609943122359185, -0.7825141046190958, 0.15176387233954866, 0.5136817239035295, -0.111769781370039, -0.14773354942398575, -0.4394768761126672, 0.5314375579605864, -0.013813949456202172, 0.6622711144999658, -0.4211780133309177, 0.8543699759505845, -0.40555217409741784, 0.562130550974603, 0.39815219276253044, -0.9325699383019346, -0.5470583592359267, 0.18096110952375685, -0.08386120698904392, -0.04463832148653324, 0.19636420070245914, -0.5881663880781883, 0.2385350033675143, -0.6709847058899054, -0.6972041501499804, 0.0199928689899492, -0.22259833867079484, 0.27470005319070284, 0.4516795220859287, 0.28781027385898333, -0.9346176137139962, 1.1746142864050184, 0.2005537674573696, -0.28557468481590687, 0.30294689462606206, 0.4913943540935689, 0.26458441784765396, -0.36527407354983243, 0.6830608092687315, -1.098864694416276, 0.11597681235770176, 0.10335454728358791, -0.4619696603270488, 0.40409791106350734, 0.1151133640649426, 0.21502235763613542, -0.41845802224304585, -0.2175044111081179, -0.5004214241348738, -0.3340909346327264, -0.7081090625251635, 0.40918112385379657, -0.36766707968289397, 1.074949820956697, -0.6594428778536743, 0.5343080406709383, 0.022323067253522733, -0.8916829381839085, -0.08059723828759918]
1296.3327549080686	(8, 12, 2)	[0.016337960943111345, -0.8086865561452069, 1.1174606892120962, -0.021094990557374474, 0.191628472258673, -0.20063840720857815, 0.015405955519157799, 0.3187359001299644, -0.3937324068422934, 0.43200003603951675, 0.17770182194880926, -0.4834494204472588, 0.306714846786626, 0.08575583750755116, -0.07245846430062858, -0.29876679106985515, 0.11639842550508207, 0.302929383183015, 0.24405357190107518, 0.22348600310587036, 0.02957587675894345, -0.5758832623652743, -0.5845815431000706, -0.24748029420747228, 0.15222906772616285, -1.1172112702836245, 0.3101386608928156, 0.5563645132021301, -0.20825340387516394, 0.5341782280293197, -0.16802135272702154, 1.1828851800727416, 0.3586258156380908, -0.313424285122442, -0.583718670019712, -0.2783857774691918, 0.8597581248112662, 0.3136429426743419, -0.6205034221379943, 0.7803990605407392, 0.6117115845357578, -0.5510837281725459, -0.26230250650203113, 0.13481353744850783, 0.2534212693634096, -0.4240780797330286, 0.5439995032200223, -1.0998894458691235, -0.47940950044933833, -0.2713654076398684, -0.22990215822875068, 0.23740145198714033, 0.8335538618211917, 0.1002039536163042, 0.16782428672807903, 0.13120264068719292, 0.25599826721111363, -0.24819700621642077, 0.6474371357971387, 0.03019065058738178, -0.8150679256738691, -0.1179713690476325, -0.7444432903519219, 0.23779979929227218, 0.6195698867058005, -0.06077737989459665, -0.2539337874233476, -0.5339467619065976, 0.7124141008345458, 0.017545911797547234, 0.6025091910773411, -0.3825153809819839, 1.1769290561359693, -0.4290975892985338, 0.60260945317869, -0.38225219520353326, -0.8876922068780927, -0.727335524247612, 0.16302533917433118, -0.18068835560056368, 0.08228987605437445, 0.06434834876866341, -0.5762885668595905, 0.21994058222283158, -0.7816084552483804, -0.6925943245203627, -0.39498865404288264, 0.005381749793289349, 0.5963184323333803, 0.4712966498716247, -0.8280943185335286, -1.3260789629794734, 1.1837344516857733, 0.22878545306960332, -0.36582531494677945, 0.14647661137870846, 0.5129287603325626, 0.2225613374542102, -0.30417647951967686, 1.005768290036702, -1.0464699945486593, 0.14828355785290548, -0.048839840937854345, -0.4626044966891303, 0.28475199833427023, 0.35246243631456475, 0.30886902786672377, -0.2037321418588262, -0.28602920178598684, -0.47680097858323917, -0.3093243573335746, -0.409177952735234, 0.4576781664192371, -0.2338550476514365, 1.0861934494401333, -0.5997953168694685, 0.5933285214999177, 0.027038322169432832, -0.9456992919303688, -0.16222747702951823]
1637.202732668075	(8, 12, 2)	[-0.17748454961708215, -0.8032768703310588, 0.7822700448755063, 0.3417742329288767, 0.1384564535050427, -0.20134390527365764, -0.2837954092816555, 0.28055733759419815, -0.4012465041362283, 0.51528554743033, -0.07602938918936925, -0.6279331431634304, 0.4463757913568247, 0.02291161687526307, -0.12224383906699034, -0.4428235088939488, 0.013007994238377927, 0.43316932447919804, 0.24737933467993792, 0.2453494202831249, 0.07702230983003042, -0.3742361532517026, -0.6889689573075185, -0.019396431123605173, -0.36604372256000506, -0.49715249762281144, 0.5362556937856003, 0.5803593157505658, -0.19834349899781223, 0.5794631883943615, 0.046253586342013216, 0.9375735810877939, 0.43664834330816366, -0.3417457532704414, -0.7512254317273412, -0.28525113127694934, 0.8508817246534768, 0.35987037883223705, -0.6070456957661029, 0.852953950393897, 0.45709203577502727, -0.4036832425892503, -0.2892078563289434, 0.17631022641779612, 0.28977617987006116, -0.4097369931129307, 0.3692326510231392, 0.859736735636923, -0.514984613488956, -0.377549282580591, -0.054593508948410724, 0.33347496351360445, 0.8507186860625432, 0.10596427088047429, 0.25872091984325596, 0.06676009987033246, 0.15923861644578702, 0.09487399426378627, 0.01938974761793444, 0.011081168211372587, -0.7309499549548354, -0.18642190218464522, -0.7234321866740157, 0.18758694260253342, 0.593177358912641, -0.14248815075250698, -0.10997075382988307, -0.3534018444207452, 0.7190103359393982, 0.2848714164506776, 0.6282370806887086, -0.42012599448179977, 0.8028888668325389, -0.4117369691876015, 0.6455819368315444, -0.5932174016625624, -1.0235792562621882, -0.6950249088620724, 0.16945670424866338, -0.10037701143860184, 0.059717177637296816, 0.32818265095136284, -0.6453448640879599, 0.2489184666766699, -0.8828981206124773, -0.6338682086042717, 0.008167262002616877, -0.01915250514501779, 0.559316935111741, 0.4171832384854858, -0.0015419647932215508, -1.2666511911391714, 1.1599680209208487, 0.19413332382781526, -0.42279393832505935, 0.02420628967368433, 0.5275647748237872, 0.25906519691494323, -0.08408657692982419, 0.5082495480107232, -1.0256154846366077, -0.11021109218368125, 0.13904377259083278, -0.4704905741555414, 0.25306645718648063, 0.12478982174868349, 0.08258492383597768, -0.0785733887054455, -0.13526742003354802, -0.3377813102057792, -0.22670079147567312, -0.6935259301480976, 0.4827376084263917, -0.30804883312756676, 1.0930489295928194, -0.6662666429457583, 0.5030120481261965, 0.02008056902294624, -0.8737145214805155, -0.11364256781087666]
1245.541748626692	(8, 12, 2)	[-0.17748454961708215, -0.8032768703310588, 0.9201374399015512, 0.3417742329288767, 0.1384564535050427, -0.20134390527365764, -0.2837954092816555, 0.28055733759419815, -0.4012465041362283, 0.51528554743033, -0.07602938918936925, -0.6279331431634304, 0.4463757913568247, 0.02291161687526307, -0.12224383906699034, -0.4428235088939488, 0.013007994238377927, 0.4762381692160358, 0.24737933467993792, 0.2453494202831249, 0.07702230983003042, -0.3742361532517026, -0.6889689573075185, -0.019396431123605173, -0.36604372256000506, -0.49715249762281144, 0.5362556937856003, 0.5803593157505658, -0.19834349899781223, 0.5794631883943615, 0.046253586342013216, 0.9375735810877939, 0.43664834330816366, -0.3417457532704414, -0.7512254317273412, -0.28525113127694934, 0.8508817246534768, 0.35987037883223705, -0.6070456957661029, 0.852953950393897, 0.45709203577502727, -0.4036832425892503, -0.25454905943276745, 0.17631022641779612, 0.28977617987006116, -0.4097369931129307, 0.3692326510231392, 0.859736735636923, -0.633261899291512, -0.377549282580591, -0.054593508948410724, 0.33347496351360445, 0.8507186860625432, 0.10596427088047429, 0.25872091984325596, 0.06676009987033246, 0.15923861644578702, 0.09487399426378627, 0.01938974761793444, 0.011081168211372587, -0.7309499549548354, -0.18642190218464522, -0.7234321866740157, 0.18758694260253342, 0.593177358912641, -0.14248815075250698, -0.10997075382988307, -0.3534018444207452, 0.7190103359393982, 0.2848714164506776, 0.6282370806887086, -0.42012599448179977, 0.8028888668325389, -0.4117369691876015, 0.6455819368315444, -0.5932174016625624, -1.0235792562621882, -0.6950249088620724, 0.16945670424866338, -0.10037701143860184, 0.059717177637296816, 0.22310373150023194, -0.6453448640879599, 0.2489184666766699, -0.8828981206124773, -0.6338682086042717, 0.008167262002616877, -0.01915250514501779, 0.559316935111741, 0.4171832384854858, -0.0015419647932215508, -1.2666511911391714, 1.1599680209208487, 0.19413332382781526, -0.577871976043287, 0.02420628967368433, 0.5275647748237872, 0.25906519691494323, -0.08408657692982419, 0.5082495480107232, -1.0256154846366077, -0.11021109218368125, 0.13904377259083278, -0.4704905741555414, 0.25306645718648063, 0.12478982174868349, 0.08258492383597768, -0.0785733887054455, -0.13526742003354802, -0.402306596864069, -0.22670079147567312, -0.6935259301480976, 0.4827376084263917, -0.30804883312756676, 1.0930489295928194, -0.6662666429457583, 0.5030120481261965, 0.02008056902294624, -0.8737145214805155, -0.11364256781087666]
1042.855985993998	(8, 12, 2)	[-0.027279772842689787, -0.6992498585347315, 0.7720055718646042, 0.40867900822740955, 0.19204796646816347, -0.2102647843028423, -0.2766347485042878, 0.22038923932992535, -0.2815254809363471, 0.5060398851061934, -0.23725649257424464, -0.6157794165684977, 0.2846301483169432, 0.02203004827575639, -0.13375975218627192, -0.39305373719252357, 0.01617275154335665, 0.43626866366879463, 0.2678263539222886, 0.2539426375302532, 0.0773783957221324, -0.3495550854020953, -0.6428709010630501, -0.026660998255765567, -0.12499241041622605, -0.49903571618724996, 0.49635425205800227, 0.6722742411897241, -0.210200282427043, 0.5191766389369847, -0.1414329040254615, 0.9291342412053336, 0.47653958275871067, -0.2960858021004727, -0.7653549447542787, -0.27125640942035073, 0.8435061325914666, 0.3529294732728892, -0.6465779740341774, 1.17604504311517, 0.3728913083670462, -0.4015551023805928, -0.17533619339175843, 0.23560753783782545, 0.28912960327877213, -0.32781964760601434, 0.6211732291565085, -0.7620731438328753, -0.508897168982187, -0.4053147060826858, -0.07726373411164547, 0.33505451830336863, 0.9009983704671793, 0.13762544650382555, 0.2704019891614452, 0.1661651031752948, 0.1571277983557462, 0.12946429503869708, 0.18263970337120677, 0.054344992215095554, -0.876987256084525, -0.19669476413770054, -0.7391478889951256, 0.15917405135395035, 0.6013128827144293, -0.11364840091151382, -0.1328284450389502, -0.3311275689121082, 0.7335462438352296, 0.30680921603885836, 0.5421748733948647, -0.37271059379896027, 0.8803661074516309, -0.3943536499416314, 0.6297650320323614, -0.8460378199439407, -1.0231509954978801, -0.6480088510785633, 0.17955299937100244, -0.09435127434977593, 0.07935361029423751, 0.4640650692858647, -0.6548858799652081, 0.24954002378454299, -0.742221875519788, -0.6193657227647803, 0.021175914244709857, -0.05039099939020822, 0.5613233162728817, 0.537818248034571, -0.22379327967433282, -1.2929837479414306, 1.364488205174228, 0.14151705758017444, -0.4436070341679015, 0.019875342120579828, 0.7805049356015794, 0.2527084723636837, -0.3067329099790271, 0.49305397044923327, -1.0497366293014254, -0.22279104458245402, 0.10010708389325496, -0.46077580765437404, 0.236709355364244, 0.1066894037853299, 0.15566229102265808, -0.5337413040627521, -0.18586634542053326, -0.4228021855312013, -0.25816402061250066, -0.5774140051464558, 0.47373696677848987, -0.2805969829854971, 1.1191617103632119, -0.8013901603959934, 0.5980822706528957, -0.0617523101974633, -0.9165069191201305, -0.12215431837834559]
1834.0203712253056	(8, 12, 2)	[-0.1967908669648859, -0.9311053335758199, 0.8109789416400514, 0.45147978467611694, 0.14588826677063055, -0.20100653137786154, -0.1340035736999173, 0.3096460010523125, -0.5084873385830746, 0.4236636192839536, 0.15604726265526522, -0.5958275423353909, 0.30502345091125915, 0.05260137000751497, -0.09439950558955307, -0.34750440677801747, 0.02066389941114954, 0.37211326632377767, 0.2689632331279115, 0.2395307311339337, 0.05617427984617715, -0.5325542322781147, -0.6740132224551617, -0.28416302628395884, 0.22301633916212965, -0.4842469787252361, 0.5106589360962054, 0.5529720755521309, -0.19848024870795422, 0.5284186089815294, -0.09193265508929255, 0.3852382228202984, 0.34860728562148363, -0.3444964112972051, -0.7724445869011948, -0.2772291322169561, 0.8534894248024094, 0.40873863720345943, -0.575073847068831, 0.8536071647234047, 0.7410953317525741, -0.46726064094102615, -0.27416164102116236, 0.12608708064978505, 0.045408369392637704, -0.41372542203514856, 0.3139145323874291, -0.44605766747014663, -0.48295304527783184, -0.1746151896896027, -0.045884070774902364, 0.34995692712568993, 0.8506421638183088, 0.09969473145981297, 0.25290446859012466, 0.08012299473505238, 0.1393196102669296, -0.0022257149350562444, 0.3569094319260602, 0.033085861422272836, -0.7677698747778386, -0.18139214211544183, -0.7477387465633658, 0.21606754021493724, 0.6139681817691816, -0.11921591582405061, -0.17142868631975286, -0.4457500814095351, 0.7145606046660001, 0.3412528889612407, 0.6059075751855734, -0.4282618647076759, 1.0628015078511834, -0.43140704240780064, 0.6609142068121779, -0.4144397634634657, -0.8558731793179507, -0.6953368640594012, 0.16339039408927591, -0.14803297991597844, 0.082646800168456, 0.2514262474705552, -0.632162604426962, 0.24949321144201161, -0.8392240198432561, -0.6286415622244114, 0.07132051594124299, -0.009019382688218999, 0.5854204243267689, 0.4603819364334915, 0.01732391986732873, -1.2697149414698787, 1.168127481675486, 0.17441692572892598, -0.36484179934062644, 0.12343466267170032, 0.5961528890922778, 0.17167362496506736, -0.27210425894538676, 0.9313684583512752, -1.0646325538674362, 0.36602579653302475, 0.022264291569554524, -0.4645389132990075, 0.2853888940795001, 0.2053041984357437, 0.049039574878971315, -0.10768599141985402, -0.24350989037214088, -0.4582388238995961, -0.29738343672445144, -0.6506803767962545, 0.4987841570835525, -0.23005086772014763, 1.0869670219554504, -1.0312620071329375, 0.4986555172438709, 0.02173468735581596, -0.8607478495627767, -0.11790553034313114]
1117.85771306414	(8, 12, 2)	[-0.10629096014034078, -0.8054173746314883, 1.0903450867531144, -0.016177115558817762, 0.23966089919504024, -0.16071956118703948, -0.14487447206506476, 0.3020450035247397, -0.4013582688146053, 0.45098742288436666, -0.1263906294923594, -0.6260109264920352, 0.3441772001708484, -0.009033244916843458, -0.1637016424687582, -0.35102130152460004, 0.39972560443381494, 0.44274245410067753, 0.32244890347042715, 0.2143003340443613, 0.0328872611036966, -0.5137350918916862, -0.7261122798223436, -0.21001024398220802, -0.19081054823685492, -0.7512456672236454, 0.41294215550300023, 0.6071563881856505, -0.22243557156764646, 0.5283624302438563, 0.12242620117012087, 1.0271135963541478, 0.4157251380021306, -0.3109452256843644, -0.63323437341576, -0.25545368225517445, 0.8805020211602935, 0.4139486338227426, -0.8173473409163852, 1.1927797722556055, 0.46126221826482844, -0.46676896101988546, -0.20198593275321947, 0.17218966835746702, 0.2642522417923015, -0.30034184439959244, 0.3511151970173441, -0.3382133162404233, -0.4641068311754822, -0.25413386199046856, -0.02740633961323813, 0.26010756804074225, 0.8031353754037197, 0.10764772736837108, 0.20971572672452904, 0.15824689338449405, 0.2634061049670776, -0.03320273427915672, 0.0554642998645328, 0.2207130685744395, -0.7348779100765997, -0.07835846529651877, -0.7292736598801853, 0.2467000478129363, 0.6015980021948356, -0.1455667255301815, -0.2823546131918977, -0.4587051363319815, 0.8742182803617116, 0.09390888216738938, 0.604568662997844, -0.42834325741781343, 0.9834705859528963, -0.39885765806910894, 0.6030293075348869, -0.47041029176149707, -0.9853680674728951, -0.7081914208425665, 0.16207641914621274, -0.15673034066872168, 0.3140315553934556, 0.21786882569824184, -0.6772459413454426, 0.2514496620181765, -0.7964189153654521, -0.6708570881976489, -0.0018374308997619257, -0.2910346879406602, 0.42818446825735496, 0.4411908941892591, -0.3660269895145737, -1.2989314871255644, 1.2138794627102558, 0.19325848409863922, -0.40040144148069706, 0.11565353273153132, 0.4815480411573263, 0.24280249134640117, -0.2970317481223173, 1.0163960210082332, -1.1460142022465971, -0.06013795143768487, 0.08368578896143351, -0.5359944948552093, 0.263181731344691, 0.27912001670152226, 0.23736862240211998, -0.3101934763883487, -0.31423598012194964, -0.48939517679822986, -0.2530949970883864, -0.42455004205372343, 0.3444996972105899, -0.23436584643093106, 1.095055152873452, -0.653755719428989, 0.583278825145179, 0.03485633014546146, -0.8302282014660389, -0.1503923447031573]
1323.4739781909664	(8, 12, 2)	[-0.040136580888668685, -0.6958556918827521, 0.9477725385558013, 0.4068480967433214, 0.18280597045804015, -0.2571963018378878, -0.16887131599139024, 0.4083410326268446, -0.26465934471969915, 0.5193815911880971, -0.06540592900643483, -0.6496911020032007, 0.4026122822325659, 0.02062711341883578, -0.20755671916251095, -0.3890886539633732, 0.11835338953710536, 0.3487695816642469, 0.3235389955636695, 0.2458504820027523, 0.08587819928639479, -0.36542865681869724, -0.6540057915467666, -0.05737289139858079, -0.19646911218641513, -0.5688644692222213, -0.05510856698244323, 0.6670648362069286, -0.17025965647676403, 0.5179133804820973, -0.05830943709684393, 0.9166097478837636, 0.4543647404485866, -0.31801071672815884, -0.7327200731231557, -0.4828157451165006, 0.8494386071143382, 0.3597600452717681, -0.6305635814914524, 0.8795582187432777, 0.45731871969743043, -0.3976566358423451, -0.18214561582406777, 0.21759325457813028, 0.3290134185892318, -0.3937160613676702, 0.3983353231715976, 0.9691254801129658, -0.2163012934880275, -0.37627397901903953, 0.05432147117769032, 0.3315487587195342, 0.8511625339829312, 0.1112190907185594, 0.17244059408636528, 0.08369063497988055, 0.1861201557009309, 0.17883729063212625, 0.10708890909360147, 0.029506292261783078, -0.8129325297032914, 0.05682323550095472, -0.7280552427887028, 0.009057790687957867, 0.5919162451386432, -0.12078343394778232, -0.26595966549556244, -0.354328490620911, 0.79632687381154, 0.3088951997756238, 0.5861163821026942, -0.40775732566322365, 0.8490853010515137, -0.3911812551719237, 0.6004809764160004, -0.7040821357171214, -1.0231908163835166, -0.4874184919428346, 0.16226524398765269, -0.13528256979010655, 0.07575010447572314, 0.2137849047865978, -0.6842863559048904, 0.2538493423916727, -0.6962596908091153, -0.6473034421512459, 0.014733915418969859, -0.036806592041646664, 0.559032961039384, 0.5181800246286691, 0.018423060069785446, -1.2872742066646232, 1.3216939826149845, -0.12193763172085784, -0.4329765841437349, 0.06645259630786585, 0.5319693692151235, 0.25240853873261976, -0.08928389262196706, 0.870558048738487, -1.055743137638405, -0.25016765307279715, 0.14542496731464769, -0.47742530175282405, 0.23356287629723935, 0.20218281726407206, 0.15629957061894093, -0.24419712212489308, -0.146528346427205, -0.4399790126526686, -0.26594823395933237, -0.6765775370287213, 0.4842900666897339, -0.3612346510585729, 1.1269493343054953, -0.7958348606326722, 0.4303455874335821, -0.030047878544298225, -0.8999841818715938, -0.13350067060372986]
2231.694107234319	(8, 12, 2)	[-0.03820327788152239, -0.7388737342878369, 0.716769943579249, 0.28364785714040447, 0.15312799203746236, 0.0614197234457895, -0.09699493399599818, 0.3254372740463923, -0.45353637367951355, 0.46476025363129153, 0.32999436057282927, -0.43694490476110226, 0.2910797289768547, 0.05837852249242824, -0.09098803271086815, -0.354523341561052, 0.08103748808519658, -0.09538128121774225, 0.2967889635644426, 0.2745443205709733, 0.04974433477413309, -0.5219459484988023, -0.5899342123810218, -0.17497258530313634, 0.13876476897971873, -0.48937380781770384, 0.44950394179273934, 0.5352591015725426, -0.2061259132482675, 0.5197754845011704, -0.17686252058746907, 0.34468393896467703, 0.35094581430166993, -0.3653881878405366, -0.6249121830607032, -0.27110867287122087, 0.8974384993868185, 0.39580836188529916, -0.5708247972019797, 1.1235215850184892, 0.6752444684822366, -0.43107362041587965, -0.27978968194124465, 0.14609213025780704, 0.03018116423724755, -0.42219767190826973, 0.676035188160911, -0.563312211478921, -0.6107739692006969, -0.2757042365911469, -0.08749614218739266, 0.32566312715684903, 0.8758297927802378, 0.10485315749850202, 0.2558932584186645, 0.005409200595285907, 0.18440662415291076, -0.1659559812970348, 0.27434940907194216, 0.03393184079476893, -0.7676525623609156, -0.1699223601292488, -1.020399456737085, 0.1667827783582432, 0.6346044671167174, -0.058518319138977155, -0.16894682963114335, -0.3684925533567086, 0.8106244727552643, 0.36395672506378923, 0.5767859759417964, -0.40979038559892766, 0.8997563137079481, -0.43473557523801604, 0.6301635328437429, -0.6818184078355353, -0.9466494759650319, -0.6841804056037455, 0.14690269953633697, -0.14974838335722132, 0.10059232277376567, 0.8237188737386167, -0.6410555851435993, 0.2493690127736386, -0.8099367019447945, -0.6339540929044049, -0.01972175210349525, -0.03500582153520923, 0.43334435795222437, 0.4666763401470455, -0.01154713370410304, -1.590653233475975, 1.417104334018676, 0.17715453479415239, -0.3622126798080026, 0.12257518004879597, 0.6646175655219801, 0.1827658535652151, -0.2806790097653304, 0.9000604352635722, -1.0557189265898328, 0.21922100486098067, 0.08001743556678678, -0.4001251035064337, 0.2846949576405439, 0.3155966161540076, 0.009855057989764743, -0.11281680816634077, -0.18049536364213262, -0.47032454597083767, -0.30109086065255924, -0.5922044827004993, 0.3726437515827721, -0.24561054481010244, 1.077832127870344, -0.9017291859574226, 0.8263314494184069, 0.09020146995308953, -0.8773344617479663, -0.11951737074813892]
1768.6503879467693	(8, 12, 2)	[-0.012860720596965136, -0.725288549535086, 0.9334830832386767, 0.400212809576836, 0.18750617586222676, 0.011481960936051694, -0.12646488606506362, 0.30411551480437427, -0.3279107599705482, 0.45994726043125483, 0.3930939769085684, -0.44031650091514085, 0.3575461235029812, 0.06412241681590744, -0.08975311168132938, -0.4942836107974249, 0.08208652969554937, 0.09240342577201013, 0.27920493712363265, 0.22148405243908667, 0.06675233584319072, -0.4766672783100843, -0.5640556565416894, -0.17355524495919816, 0.048078612144438426, -0.5876511362779655, 0.4348814911230532, 0.5938451684674007, -0.21648366668170102, 0.5292870007309316, -0.17780708137564044, 0.37762240975968586, 0.5542690362537583, -0.3096885611786601, -0.2230855685996631, -0.28409538500611314, 0.9022331111210017, 0.3723058680919049, -0.5957645419813499, 0.9848263870222389, 0.2749756927989406, -0.4954892143815582, -0.26076127474632654, 0.20028186777111884, 0.31969034539764557, -0.3502466252832478, 0.6829321281890882, -0.7884179867753723, -0.6159523041946245, -0.3409332409364563, -0.12072970549241185, 0.33907663885585165, 0.8760239962781241, 0.13525808804248532, 0.26003746128014493, 0.013023334880786414, 0.14581799324312497, -0.1983140688884226, 0.27649521946343136, 0.033732760601553544, -0.777518694458622, -0.18920181072827313, -1.0736806538859294, 0.1661600955293142, 0.6502113342250138, -0.09556167180730349, -0.1718874618950377, -0.3652839552140483, 0.83350972220696, 0.29054043668989815, 0.5701571943183481, -0.4228161380212144, 0.9007624282982217, -0.41881247288857265, 0.6135047062136553, -0.684551939369719, -0.9634344354039028, -0.6295520087965611, 0.16043391400483367, -0.09693767409152713, 0.0835713745116623, 0.4304101384475723, -0.6933407313809203, 0.24549988043192436, -0.7916676813500428, -0.6373242712354117, -0.039725102090650465, 0.15323537904759837, 0.4241170985784248, 0.46312630102337804, -0.03155588332480022, -1.4033037279534586, 1.3753277154841723, 0.263092192689666, -0.3282555701007162, 0.11587275200701411, 0.5503706065757619, 0.25225388770626433, -0.3094288933628475, 0.6663794825063807, -1.055029431746286, 0.19265112885024324, -0.5225351826083772, -0.47517581625865823, 0.26131863155506224, 0.3227481437336101, 0.06571666778938806, -0.2948228568314204, -0.16375408270677694, -0.4426391768752661, -0.2842214500994217, -0.5892634473306689, 0.37518734373120566, -0.24092711756327595, 1.1017113097255355, -0.7598548092743272, 0.44812827168801445, 0.07453737976529273, -1.054098643916064, -0.1447742696118236]
1620.7936475292465	(8, 12, 2)	[-0.040136580888668685, -0.6958556918827521, 1.0194205852060556, 0.4068480967433214, 0.18280597045804015, -0.2571963018378878, -0.16887131599139024, 0.4083410326268446, -0.26465934471969915, 0.5193815911880971, -0.06540592900643483, -0.7565439115392157, 0.4026122822325659, 0.02062711341883578, -0.20755671916251095, -0.8749913615726852, 0.11835338953710536, 0.3487695816642469, 0.3235389955636695, 0.2458504820027523, 0.08587819928639479, -0.36542865681869724, -0.6540057915467666, -0.05737289139858079, -0.19646911218641513, -0.5688644692222213, -0.05510856698244323, 0.6670648362069286, -0.17025965647676403, 0.5179133804820973, -0.05830943709684393, 0.9166097478837636, 0.43882011437039675, -0.31801071672815884, -0.7327200731231557, -0.4828157451165006, 0.8494386071143382, 0.3597600452717681, -0.6305635814914524, 0.8795582187432777, 0.45731871969743043, -0.3976566358423451, -0.23180792310086154, 0.21759325457813028, 0.3290134185892318, -0.3937160613676702, 0.3983353231715976, 0.6312748836216787, -0.2163012934880275, -0.37627397901903953, 0.05432147117769032, 0.3315487587195342, 1.1202238646146854, 0.1112190907185594, 0.17244059408636528, 0.08369063497988055, 0.1861201557009309, 0.17883729063212625, 0.10708890909360147, 0.029506292261783078, -0.8129325297032914, 0.05682323550095472, -0.7280552427887028, 0.009057790687957867, 1.0632988915283421, -0.12078343394778232, -0.26595966549556244, -0.354328490620911, 0.79632687381154, 0.3088951997756238, 0.5861163821026942, -0.5558669664071474, 0.8490853010515137, -0.3911812551719237, 0.6004809764160004, -0.7040821357171214, -1.0231908163835166, -0.4874184919428346, 0.16226524398765269, -0.13528256979010655, 0.07575010447572314, 0.2137849047865978, -0.6842863559048904, 0.2538493423916727, -0.6962596908091153, -0.6473034421512459, 0.014733915418969859, -0.036806592041646664, 1.1220026511725636, 0.5181800246286691, 0.018423060069785446, -1.2872742066646232, 1.3216939826149845, -0.12193763172085784, -0.4329765841437349, 0.06645259630786585, 0.4692136298193656, 0.25240853873261976, -0.08928389262196706, 0.870558048738487, -1.1365259166631927, 0.7905550964355308, 0.14542496731464769, -0.47742530175282405, 0.23356287629723935, 0.20218281726407206, 0.15629957061894093, -0.24419712212489308, -0.146528346427205, -0.4399790126526686, -0.32599199744469487, -0.6765775370287213, 0.4842900666897339, -0.3612346510585729, 1.1269493343054953, -0.7958348606326722, 0.4303455874335821, -0.030047878544298225, -0.990727734095463, -0.13350067060372986]
1550.1853853565342	(8, 12, 2)	[-0.040136580888668685, -0.6958556918827521, 1.0194205852060556, 0.4068480967433214, 0.18280597045804015, -0.2571963018378878, -0.16887131599139024, 0.4083410326268446, -0.26465934471969915, 0.5193815911880971, -0.06540592900643483, -0.7565439115392157, 0.4026122822325659, 0.02062711341883578, -0.20755671916251095, -0.8749913615726852, 0.11835338953710536, 0.3487695816642469, 0.3235389955636695, 0.2458504820027523, 0.08587819928639479, -0.36542865681869724, -0.6540057915467666, -0.05737289139858079, -0.19646911218641513, -0.5688644692222213, -0.05510856698244323, 0.6670648362069286, -0.17025965647676403, 0.5179133804820973, -0.05830943709684393, 0.9166097478837636, 0.43882011437039675, -0.31801071672815884, -0.7327200731231557, -0.4828157451165006, 0.8494386071143382, 0.3597600452717681, -0.6305635814914524, 0.8795582187432777, 0.45731871969743043, -0.3976566358423451, -0.23180792310086154, 0.21759325457813028, 0.3290134185892318, -0.3937160613676702, 0.3983353231715976, 0.6312748836216787, -0.2163012934880275, -0.37627397901903953, 0.05432147117769032, 0.3315487587195342, 1.1202238646146854, 0.1112190907185594, 0.17244059408636528, 0.08369063497988055, 0.1861201557009309, 0.17883729063212625, 0.10708890909360147, 0.029506292261783078, -0.8129325297032914, 0.05682323550095472, -0.7280552427887028, 0.009057790687957867, 1.0632988915283421, -0.12078343394778232, -0.26595966549556244, -0.354328490620911, 0.79632687381154, 0.3088951997756238, 0.5861163821026942, -0.5558669664071474, 0.8490853010515137, -0.3911812551719237, 0.6004809764160004, -0.7040821357171214, -1.0231908163835166, -0.5227502679543115, 0.16226524398765269, -0.13528256979010655, 0.07575010447572314, 0.22539923141770427, -0.6842863559048904, 0.2538493423916727, -0.6962596908091153, -0.7146346593791574, 0.014733915418969859, -0.036806592041646664, 1.1220026511725636, 0.5181800246286691, 0.018423060069785446, -1.2872742066646232, 1.3216939826149845, -0.12193763172085784, -0.43982581171523094, 0.06645259630786585, 0.4692136298193656, 0.25240853873261976, -0.08928389262196706, 0.870558048738487, -1.1365259166631927, 0.7905550964355308, 0.14542496731464769, -0.47742530175282405, 0.23356287629723935, 0.20218281726407206, 0.15629957061894093, -0.24419712212489308, -0.146528346427205, -0.4399790126526686, -0.32599199744469487, -0.6765775370287213, 0.4842900666897339, -0.3612346510585729, 1.1269493343054953, -0.7958348606326722, 0.34479056019681, -0.030047878544298225, -0.990727734095463, -0.28180380853921627]
1591.3987529527662	(8, 12, 2)	[-0.039953046965107764, -0.6995211200080175, 0.9714649350382826, 0.40119342687270565, 0.1817477024288249, -0.34724793398340964, -0.2134530303301627, 0.40738178588166896, -0.18359015914402166, 0.48878087757501143, 0.25896318626015463, -0.6322488706493218, 0.43673343960972694, 0.0329793347201228, -0.06398375905722752, -0.41691459663829494, 0.11444000779397562, 0.32911334704822964, 0.3072047064431144, 0.24170995738789705, 0.08234638100180199, -0.340153569564901, -0.6668463993801784, -0.04648069488864741, -0.21104771593779711, -0.6405024967626058, -0.006064673424937259, 0.6333273829119724, -0.1683563138687324, 0.48566989314308434, -0.12741536135077605, 0.45850149643158505, 0.4551566683031102, -0.3163341445974151, -0.6767810295982919, -0.40513921237541095, 0.6801331699580698, 0.35870160398148404, -0.6209588308763045, 0.8858438526539074, 0.4260404553964393, -0.44727271277383784, -0.32558437107327054, 0.17345369282481943, 0.1596744206409389, -0.41505813372295186, 0.7201384811241246, 0.7331676094091681, -0.5206158028119177, -0.4240895687389385, 0.06741656216521903, 0.32863293677991645, 0.8506212839564133, 0.11187254516423017, 0.1996159886319197, 0.15394327945227065, 0.2632642180406529, 0.1583143425512437, 0.6241441156826365, 0.026944613028885633, -0.7902816735063032, 0.049062637539182996, -0.672934346463119, 0.04305811319278417, 0.5919659592411052, -0.13163034118976866, -0.2714798071091574, -0.36638925434860503, 0.7427092532708415, 0.2978147171387338, 0.5910489066051842, -0.4077577247878785, 0.8512725711534175, -0.3962977042108937, 0.6084183393096045, -0.6929917943107933, -1.0233881238643254, -0.4236602253331402, 0.16183795357616323, -0.09842040331138222, 0.06479493717742918, 0.19740506504634248, -0.6520608517538479, 0.2534692944447338, -0.7214215564002022, -0.644368049577957, 0.03046687819732529, -0.031060164040142245, 0.5585425122945321, 0.5186951131801116, 0.026282510025665593, -1.368911783030702, 1.3197616279901911, -0.02691878090184696, -0.3916877430204395, 0.09017334199985821, 0.6595389568003331, 0.22597973896697798, -0.33260976345060483, 0.3366110625709041, -1.0504447109747248, -0.2665340792452647, 0.14256003954956864, -0.4680557796939226, 0.15814421509247925, 0.16087922096890153, 0.1682882036102134, -0.12494268607567838, -0.14893580861287042, -0.4395920164551043, -0.27574630790746935, -0.6462456839283292, 0.4646513468524104, -0.5633371985770542, 1.1200364419214646, -0.8044865754194271, 0.5346922239936647, -0.04630980993386933, -0.9023993847429969, -0.06651695944995106]
