-1119.071569318527	(9, 12, 2)	[0.12822265403835842, -0.6946583208189558, 0.08799281865202269, 0.976367910443152, 0.16846002850662378, 0.5931635236317636, 0.40881472395489005, -0.2233273468889041, -0.15943728632411225, -0.2682535523369294, 0.642004712314084, -0.9788716495320924, -0.860765070221345, -0.6075620284534222, -0.8703340015214849, -0.23929564803334835, -0.752346059495663, 0.18527070386358302, 0.6551811906886709, 0.9833668385934826, -0.094302887097937, -0.5270413867995789, -0.6682002856662357, -0.3851107677842869, -0.3307320001706413, -0.96226876980738, 0.5129238076828884, -0.10458822360298758, -0.3555507284872039, -0.8838794642971546, 0.356786750198685, 0.9684116892014005, 0.5662620926762707, 0.427122938270746, 0.40039944432709595, 0.5531909886615991, 0.24449925043455156, 0.1971700386718409, -0.4512021904575232, 0.9898414326839509, 0.7821481832539323, 0.6428327305441004, 0.40694797084520773, 0.5489285823013295, -0.053715065931967176, -0.02725566789987477, 0.03649842603010889, 0.7969778289321756, 0.5535626269144669, 0.8064256589785042, -0.7240988358135629, 0.563292785008126, 0.5518023662560481, -0.4022620580260323, -0.488490845577801, 0.17278546825054852, -0.460458195820139, -0.09687208201186537, -0.8477647890547353, 0.9110236958095943, -0.005936380133973129, 0.06962819717299507, 0.19458508006896436, 0.2767680419375649, -0.8099968398513462, 0.6447328727811277, 0.9891038570730013, -0.6305800819074407, 0.09131386208913694, -0.30848628228577457, 0.8886297442205793, 0.9984835117023572, -0.49300985566563593, 0.03555286349079734, -0.20848337623327495, 0.13232707665737053, 0.5480357403124858, -0.451848550329943, -0.09466281271910426, 0.19357229054783565, 0.2234727127431857, 0.426837761421363, -0.15871817263010746, -0.2852525532333827, 0.22307738487336137, -0.6269152195285814, -0.6504400319681627, 0.9814085326224755, -0.5615144148287223, 0.2472030961002687, -0.8130109422692577, 0.8534486169219959, 0.8905106323096892, -0.5924386635756296, 0.16371763296114117, 0.4802630599165991, -0.21609147534246165, -0.35708738336734935, 0.9457455406935866, -0.13673065982971977, 0.8239560336829328, 0.4587102030127175, -0.8226544746490492, -0.21851178913712488, -0.29225196328408765, -0.6888412657870961, -0.2777557231391319, 0.9587770734978978, 0.9750777037192644, -0.062451073967671134, -0.24521000121206127, -0.20891302555870372, -0.03135312684536351, 0.16321951755944752, 0.0646232876905306, 0.38423718441069044, -0.5157388649888168, -0.899953788057424, -0.36378494277350004, 0.67398674457726, 0.24826667522007284, 0.6108651239117759, -0.29716659131867806, 0.3089127347758023, 0.1872440597626086, 0.1740176567513172, -0.8711352250166551, -0.7380720502577798, 0.25641520125267014, -0.5820865203653045, 0.7581143240687518, -0.4267699902458393]
-969.0685720594429	(9, 12, 2)	[0.12822265403835842, -0.6946583208189558, 0.08799281865202269, 0.976367910443152, 0.16846002850662378, 0.5931635236317636, 0.40881472395489005, -0.2233273468889041, -0.15943728632411225, -0.2682535523369294, 0.642004712314084, -0.9788716495320924, -0.860765070221345, -0.6075620284534222, -0.8703340015214849, -0.23929564803334835, -0.752346059495663, 0.18527070386358302, 0.6551811906886709, 0.9833668385934826, -0.094302887097937, -0.5270413867995789, -0.6682002856662357, -0.3851107677842869, -0.3307320001706413, -0.96226876980738, 0.5129238076828884, -0.10458822360298758, -0.3555507284872039, -0.8838794642971546, 0.356786750198685, 0.9684116892014005, 0.5662620926762707, 0.427122938270746, 0.40039944432709595, 0.5531909886615991, 0.24449925043455156, 0.1971700386718409, -0.4512021904575232, 0.9898414326839509, 0.7821481832539323, 0.6428327305441004, 0.40694797084520773, 0.5489285823013295, -0.053715065931967176, -0.02725566789987477, 0.03649842603010889, 0.7969778289321756, 0.5535626269144669, 0.8064256589785042, -0.7240988358135629, 0.563292785008126, 0.5518023662560481, -0.4022620580260323, -0.488490845577801, 0.17278546825054852, -0.460458195820139, -0.09687208201186537, -0.8477647890547353, 0.9110236958095943, -0.005936380133973129, 0.06962819717299507, 0.19458508006896436, 0.2767680419375649, -0.8099968398513462, 0.6447328727811277, 0.9891038570730013, -0.6305800819074407, 0.09131386208913694, -0.30848628228577457, 0.8886297442205793, 0.9984835117023572, -0.49300985566563593, 0.03555286349079734, -0.20848337623327495, 0.13232707665737053, 0.5480357403124858, -0.451848550329943, -0.09466281271910426, 0.19357229054783565, 0.2234727127431857, 0.426837761421363, -0.15871817263010746, -0.2852525532333827, 0.22307738487336137, -0.6269152195285814, -0.6504400319681627, 0.9814085326224755, -0.5615144148287223, 0.2472030961002687, -0.8130109422692577, 0.8534486169219959, 0.8905106323096892, -0.5924386635756296, 0.16371763296114117, 0.4802630599165991, -0.21609147534246165, -0.35708738336734935, 0.9457455406935866, -0.13673065982971977, 0.8239560336829328, 0.4587102030127175, -0.8226544746490492, -0.21851178913712488, -0.29225196328408765, -0.6888412657870961, -0.2777557231391319, 0.9587770734978978, 0.9750777037192644, -0.062451073967671134, -0.24521000121206127, -0.20891302555870372, -0.03135312684536351, 0.16321951755944752, 0.0646232876905306, 0.38423718441069044, -0.5157388649888168, -0.899953788057424, -0.36378494277350004, 0.67398674457726, 0.24826667522007284, 0.6108651239117759, -0.29716659131867806, 0.3089127347758023, 0.1872440597626086, 0.1740176567513172, -0.8711352250166551, -0.7380720502577798, 0.25641520125267014, -0.5820865203653045, 0.7581143240687518, -0.4267699902458393]
-460.2917367621549	(9, 12, 2)	[0.5074043849344064, -0.1330712753933615, -0.7730757671212555, 0.22592847907908772, -0.04717013575679893, -0.5072758901152639, 0.5913887814703037, 0.4738224954969094, 0.3209422954396517, -0.09413568288301746, 0.08549286646103565, -0.4338514245885123, 0.06461616356988809, 0.17550263807330002, -0.06267387389145929, -0.043082860168151535, 0.015069538991619058, 0.704259178825811, 0.3520263336058973, -0.5606795220434488, -0.24095345352182596, 0.4209664586888992, -0.6064179018860971, -0.051587628585039555, 0.5086110132813246, 0.7019825570710392, -0.08931257409082455, 0.718655352877284, -0.15052488916692686, -0.3113682431093695, -0.35209534246843754, 0.1508860063371338, -0.12864698648127698, 0.3883995447192798, 0.08125725815489176, -0.49928899151197514, 0.18493631082469209, -0.34182812178021477, 0.5020783519974978, 0.34145767181227654, 0.08743105254404993, 0.5087529851785287, -0.5048141907955659, 0.001695262798677698, 0.04222907040421972, -0.27596797472718965, 0.17157695090106387, 0.024730681799880583, -0.7518282198190573, 0.2051384787947087, 0.516554950495562, 0.19392432828900555, -0.6732122176962587, 0.5370114892007909, 0.021079478962989062, -0.5507305104927545, -0.47578694530869675, -0.05040166404428187, -0.7142800154934151, -0.3312688308584519, -0.7976892934491847, 0.42512680087965715, 0.5886191846301694, 0.4079116252973659, -0.4415207542044284, 0.3600244124792243, 0.057158936783632985, -0.4287912450566047, 0.26288125029076764, -0.10113470373511854, 0.3686568979341968, -0.428515412754042, -0.45294273761438236, 0.18135080821352745, 0.32465639537909335, -0.3823888058178647, 0.17992178438931739, 0.5149970940336055, 0.461794069167348, 0.6356322719330298, -0.17857671174594122, -0.4743994416257582, -0.621591417758116, 0.2790081843269381, -0.25137518354275534, 0.23362571235845822, 0.7759026347947989, -0.18906689663346907, -0.16574255473872113, -0.3653106400520374, -0.47471357065270015, 0.8351902274149493, 0.22543108248634267, 0.7877965506421463, -0.7104442666348693, 0.17788374834252046, 0.13211821641965035, -0.7640902221324253, -0.1058415637003819, -0.07721742069971844, -0.17383152300593693, -0.02808156131995146, -0.07320326314132608, 0.4107112602861457, 0.3860276029035475, 0.14349331505078558, 0.08800872982482073, 0.6311385472106906, -0.008222514489584207, -0.2861390321921444, 0.3443441856709145, 0.1645508892025549, -0.09779216851922118, 0.4893944251031293, -0.18446230632458013, -0.09653546975129547, -0.7090085976781174, 0.3851325994014422, -0.3324102043619736, -0.4094950805894808, -0.11600188222057721, -0.15786568355386657, -0.2571974370817729, -0.3888456318818747, -0.17283071596356542, -0.10425608701357367, 0.44442870250876587, 0.11123873736192821, 0.11360205068784018, 0.33864206107181727, 0.49784677725218335, 0.14337080253330792]
-122.31048186350105	(9, 12, 2)	[-0.0775922389854819, 0.20493466833213697, -0.32717575962455087, 0.29837392840017557, -0.6825209399464527, 0.08574238884588278, 0.4440489521534308, -0.5068490202990871, -0.32975303625392793, -0.672126150916136, -0.3914829060726214, 0.3515007226531575, -0.07300173362027927, -0.029697049749210946, -0.37399934343564656, 0.23720164399104887, -0.3473766485117164, 0.09372941402938222, 0.44094611716310744, -0.06715812684858385, -0.04290573591609031, -0.12975101011567922, -0.42783606671635627, 0.040698679875621466, -0.018654919713344518, 0.3263886841118257, -0.3280917390386531, -0.5916008414533915, -0.257565816701942, -0.09455663406649854, 0.6741107627819014, -0.16059888797020133, 0.38406375246953145, 0.007888888063278247, -0.0805680749030632, 0.030575813127073723, 0.10024902020798118, -0.09279293943650077, 0.28255858489473284, -0.22234025989208822, 0.09522964217312337, -0.2908039956148136, -0.14097016493743136, 0.24173573705679888, 0.28022248833276475, -0.641927242307184, 0.21852110131834626, 0.08595537306678215, 0.7809491226530872, 0.05665238475521605, 0.050347420274836546, -0.4195780474012114, -0.3534590585813071, 0.29053433194963796, 0.38744921973147095, -0.32785253480510296, -0.6231987421660155, -0.20842600844986875, 0.37892579869066517, -0.4178940488864527, -0.6000657759905238, 0.18022977095391207, -0.1581248695382298, 0.5607664792277673, -0.21675608028973647, -0.42452368607461777, 0.10353754110867329, -0.29216955387244137, 0.30299601800415404, 0.32294031357055636, -0.016836012209692303, -0.03925413744183895, 0.32007965541348604, -0.11760854427751179, 0.1911895794756584, -0.1264602667869726, -0.4609245349233394, -0.4246974811988488, 0.18138754502964563, 0.1465533691782439, -0.278830931307977, -0.10935624653775398, -0.6002379142497705, 0.15040135322501125, 0.4415169464763519, 0.4579033190630532, -0.09576762348871176, 0.056905608648973954, 0.14005647301167426, 0.4248446172118687, -0.7154670534993081, 0.51217171741663, 0.29237906692723387, 0.3187599999450361, -0.20036495850079106, 0.6784494934520929, 0.44976842677133444, -0.17421340859915696, -0.800959670122982, -0.7480940741875254, -0.424354902038147, -0.4734398915981902, -0.25232788256675653, -0.3104533661722718, -0.21106562920759864, 0.07901436837419273, 0.5420266760070331, 0.19406348411900465, 0.013054893786542177, -0.1984881295316833, 0.04359121192916475, 0.5819588468012693, 0.17365771048622522, -0.11042643913977485, 0.43989351567492335, 0.3652979086856378, 0.01477383479690364, 0.35092690127931625, 0.3917982115029074, 0.20153949804609553, -0.2738273209635446, 0.5341204982807513, -0.07441674902180481, 0.1909673167874541, 0.18434334440317157, 0.28302109578253937, -0.13712651384553667, 0.07175775337177306, 0.2949606550154199, 0.08977834675006313, -0.5670034095086518, -0.047649861232030376]
-375.50273801297936	(9, 12, 2)	[0.12822265403835842, -0.6946583208189558, 0.08799281865202269, 0.976367910443152, 0.16846002850662378, 0.5931635236317636, 0.40881472395489005, -0.2233273468889041, -0.15943728632411225, -0.2682535523369294, 0.642004712314084, -0.9788716495320924, -0.860765070221345, -0.6075620284534222, -0.8703340015214849, -0.23929564803334835, -0.752346059495663, 0.18527070386358302, 0.6551811906886709, 0.9833668385934826, -0.094302887097937, -0.5270413867995789, -0.6682002856662357, -0.3851107677842869, -0.3307320001706413, -0.96226876980738, 0.5129238076828884, -0.10458822360298758, -0.3555507284872039, -0.8838794642971546, 0.356786750198685, 0.9684116892014005, 0.5662620926762707, 0.427122938270746, 0.45815672683138187, 0.5531909886615991, 0.24449925043455156, 0.1971700386718409, -0.4512021904575232, 0.9898414326839509, 0.7821481832539323, 0.6428327305441004, 0.40694797084520773, 0.5489285823013295, -0.053715065931967176, -0.02725566789987477, 0.03649842603010889, 0.7969778289321756, 0.5535626269144669, 0.8064256589785042, -0.7240988358135629, 0.563292785008126, 0.5518023662560481, -0.4022620580260323, -0.488490845577801, 0.17278546825054852, -0.460458195820139, -0.09687208201186537, -0.8477647890547353, 0.9110236958095943, -0.005936380133973129, 0.06962819717299507, 0.19458508006896436, 0.2767680419375649, -0.8099968398513462, 0.6447328727811277, 0.9891038570730013, -0.6305800819074407, 0.09131386208913694, -0.30848628228577457, 0.8886297442205793, 0.9984835117023572, -0.49300985566563593, 0.03555286349079734, -0.20848337623327495, 0.13232707665737053, 0.5480357403124858, -0.451848550329943, -0.09466281271910426, 0.19357229054783565, 0.2234727127431857, 0.426837761421363, -0.15871817263010746, -0.2852525532333827, 0.22307738487336137, -0.6269152195285814, -0.6504400319681627, 0.9814085326224755, -0.5615144148287223, 0.2472030961002687, -0.8130109422692577, 0.8534486169219959, 0.8905106323096892, -0.5924386635756296, 0.16371763296114117, 0.4802630599165991, -0.21609147534246165, -0.35708738336734935, 0.9457455406935866, -0.13673065982971977, 0.8239560336829328, 0.4587102030127175, -0.8226544746490492, -0.21851178913712488, -0.29225196328408765, -0.6888412657870961, -0.2777557231391319, 0.9587770734978978, 0.9750777037192644, -0.062451073967671134, -0.24521000121206127, -0.20891302555870372, -0.03135312684536351, 0.16321951755944752, 0.0646232876905306, 0.38423718441069044, -0.5157388649888168, -0.899953788057424, -0.36378494277350004, 0.67398674457726, 0.24826667522007284, 0.6108651239117759, -0.29716659131867806, 0.3089127347758023, 0.1872440597626086, 0.1740176567513172, -0.8711352250166551, -0.7380720502577798, 0.25641520125267014, -0.5820865203653045, 0.7581143240687518, -0.4267699902458393]
-242.01523261012005	(9, 12, 2)	[0.6063563308736595, -0.2907496796535426, -0.5607375392016045, 0.3882833718290768, 0.2688740187509013, 0.20041108123749202, 0.37269701076289113, -0.20914651464598413, 0.0023476643442435913, 0.01222742060167624, 0.3211472627614801, -0.4801746851696891, -0.7053012543173222, -0.20029166068951662, -0.5140266418088477, -0.23492857863182504, -0.23959594305733647, 0.6615199287015847, 0.09226677172571726, 0.4113662971448334, -0.36476295545016446, -0.49660911486642034, 0.3931758189503309, 0.3416136820383059, -0.51489027371731, -0.22652844518546333, -0.22415842668050978, 0.06653802642073081, -0.1262877967660175, -0.7553038106738845, -0.08763379754745884, 0.6872786630067629, 0.4089951239425856, 0.17486091247600322, 0.18675722596594724, 0.512373355875047, -0.06809144853693137, 0.3011277374439418, 0.016739634738646633, 0.003423068458405426, -0.3282258402783652, 0.49944448178854917, -0.06943963721672214, 0.3375941367002461, -0.08243840950340015, -0.43218477922205123, 0.06479250876475952, 0.4674992468415465, 0.17963380454535852, 0.5675916013411488, -0.0349377760452137, 0.2649276116944012, 0.30027319752919196, -0.7268457887939365, 0.02010390341836288, -0.16246848587076035, -0.42714640820411737, 0.024985836762161054, -0.3105550519484005, 0.5339303378667078, -0.1836084385043056, 0.23808902987783875, 0.18311039326056136, 0.29419353570652995, -0.5593895355037295, 0.2953769024073218, 0.5551092583101604, -0.24155782498786477, 0.020653041274998778, -0.42326230827308553, 0.6406883423877368, 0.7418659167935965, 0.1310732404484987, -0.04668516069058873, 0.15602901814826006, 0.11982473194700259, -0.05255673601800473, 0.076608703857346, -0.0801700597826293, 0.21483266441214874, -0.1934055462715139, 0.38048174832670845, 0.46311650289031653, -0.1431269853449518, 0.06619452298412322, 0.5187189998029197, -0.03809717047461221, 0.22730282332352877, -0.27734451296952123, 0.7254519944202774, -0.6062454744142415, 0.7614293793851267, 0.20602556670564554, -0.5844580972985521, -0.4085582116145639, 0.5903575536003427, -0.14618454598988348, -0.04163819199364499, 0.7953491676375242, 0.4244520617490548, 0.761113939006055, 0.4919901735669422, -0.3342030584288424, 0.08573024671899288, -0.4828683018590746, 0.6759882599861831, 0.01827767383312267, 0.83111100595892, 0.6343704662383847, -0.08801855842642048, -0.2346326009069052, -0.2563689113477811, -0.21039852659975988, 0.411998201921491, -0.26063960669812597, 0.3498549719220918, -0.24488264827812767, -0.6515490690120768, -0.22277311175530357, 0.6570158693881203, 0.5723613811287565, 0.4299031996817089, -0.05822259927610765, 0.18848689821590975, -0.1534539877225898, 0.02929885267712168, -0.613321063221044, -0.32792030747580286, 0.39377473102934535, 0.6162671892277961, -0.11987203570743879, -0.05029456954971437]
-301.0901403988818	(9, 12, 2)	[-0.3709285604380449, 0.32580251985541087, -0.7619802450185983, 0.3651628519027467, -0.45508345787492444, -0.4732749634011599, 0.5827488798465575, -0.06710241683601532, 0.05887863038409621, -0.06734924375571424, -0.0692471878608347, -0.6288655061341902, -0.41828217981892357, 0.15498700065923432, 0.192433247024988, -0.4730520998340514, 0.04498712858700805, 0.8536620760265083, 0.14835428243565507, -0.22252216876063935, -0.15969087470832494, 0.5778602886382663, -0.4056153235322978, -0.31837769732510024, 0.09640804165033134, 0.39404960679738277, -0.40015214902876484, 0.6492637751962606, -0.22296930321987082, -0.21607122510645835, 0.11349297202831136, -0.22296210887517415, -0.57250183548228, 0.3017825326591227, 0.29361266344782866, -0.41739610542447025, -0.09354525278366525, 0.46453827100835515, 0.0227923911588645, 0.3439484160931092, -0.05239745967384164, -0.5330666984728527, 0.08349076566852288, 0.2420951607002016, 0.2537632564465246, 0.28186225712938273, -0.5536867016698793, 0.24221829092665353, -0.4770035796678907, 0.2908757058413991, 0.35244800404261617, 0.2971516369173486, -0.435757723134524, -0.1909700263350018, -0.007632897444053766, -0.7002180479114501, -0.6183643174701114, -0.1893339384399535, -0.6190587072030121, -0.3582358547619682, -0.7372537696917444, 0.669967140769193, -0.5228445886164357, -0.26411487814020584, -0.6144780893499329, 0.037997594828023784, -0.0947162423439038, -0.3571400548829498, -0.3863775538262299, -0.09312289185932843, 0.5495090190828065, 0.1814394613914119, -0.12698777009539736, -0.20658211114718086, -0.2477666738831876, 0.2813550203637977, 0.13176922491796228, 0.37567966075319037, 0.5348246690191973, -0.19721736953714564, 0.6225310468445083, -0.5207865011593502, -0.24005542751665407, 0.5868274164440076, 0.13985691536774914, 0.3605244863727516, 0.5806185996870684, 0.29785715846531996, 0.5252440046040707, -0.1913541296868487, -0.6452236448604329, 0.34489915194692833, 0.018946723021342454, 0.8450935605804588, 0.0894927244232605, 0.4064657365561843, -0.08515983693686474, 0.12823243908989823, -0.8239423239082041, 0.01961029660319321, 0.2431471909627964, -0.046045386757008235, 0.11041662224128088, -0.03707971534524135, 0.5675848778804418, 0.24040529751968892, 0.1209294202120845, 0.17825838550608264, 0.25153256371318233, -0.2877078933145609, -0.19831455214416455, 0.10133714950851694, -0.031667916547303304, 0.4375345126276497, 0.15361076966679668, -0.6681881206198653, -0.07964470341214132, 0.4915467680178484, -0.3721417970398994, -0.6312094538727617, -0.12881334517985943, -0.1731205946209662, -0.4975387572050828, 0.6527057067905897, -0.23804950867911845, -0.9143036460783639, 0.6387453490815724, 0.04810132399931514, 0.4152349193414588, -0.6048619278769334, 0.27172623745092106, 0.2948203800829921]
-249.05176212262452	(9, 12, 2)	[0.12822265403835842, -0.6946583208189558, 0.08799281865202269, 0.976367910443152, 0.16846002850662378, 0.5931635236317636, 0.40881472395489005, -0.2233273468889041, -0.15943728632411225, -0.2682535523369294, 0.642004712314084, -0.9788716495320924, -0.860765070221345, -0.6075620284534222, -0.8703340015214849, -0.23929564803334835, -0.752346059495663, 0.18527070386358302, 0.6551811906886709, 0.9833668385934826, -0.094302887097937, -0.5270413867995789, -0.6682002856662357, -0.3851107677842869, -0.3381750372686306, -0.96226876980738, 0.5129238076828884, -0.2592101950262311, -0.3555507284872039, -0.8838794642971546, 0.356786750198685, 1.1286656683468324, 0.5662620926762707, 0.427122938270746, 0.45815672683138187, 0.5531909886615991, 0.24449925043455156, 0.1971700386718409, -0.4512021904575232, 0.9898414326839509, 0.7821481832539323, 0.6428327305441004, 0.40694797084520773, 0.5489285823013295, -0.053715065931967176, -0.02725566789987477, 0.03649842603010889, 0.7969778289321756, 0.5535626269144669, 0.8064256589785042, -0.7240988358135629, 0.563292785008126, 0.5518023662560481, -0.4022620580260323, -0.488490845577801, 0.17278546825054852, -0.460458195820139, -0.09687208201186537, -0.8477647890547353, 0.9110236958095943, -0.005936380133973129, 0.06962819717299507, 0.19458508006896436, 0.2767680419375649, -0.8099968398513462, 0.6447328727811277, 0.9891038570730013, -0.6305800819074407, 0.09131386208913694, -0.30848628228577457, 0.8886297442205793, 0.9984835117023572, -0.49300985566563593, 0.03555286349079734, -0.20848337623327495, 0.13232707665737053, 0.5480357403124858, -0.451848550329943, -0.09466281271910426, 0.19357229054783565, 0.2234727127431857, 0.426837761421363, -0.15871817263010746, -0.32104669589542034, 0.22307738487336137, -0.6269152195285814, -0.6504400319681627, 0.9814085326224755, -0.5615144148287223, 0.2472030961002687, -0.8130109422692577, 0.8534486169219959, 0.8905106323096892, -0.5924386635756296, 0.16371763296114117, 0.4802630599165991, -0.21609147534246165, -0.35708738336734935, 0.9457455406935866, -0.13673065982971977, 0.8239560336829328, 0.4587102030127175, -0.8226544746490492, -0.21851178913712488, -0.29225196328408765, -0.6888412657870961, -0.2777557231391319, 0.9587770734978978, 0.9750777037192644, -0.062451073967671134, -0.24521000121206127, -0.20891302555870372, -0.03135312684536351, 0.16321951755944752, 0.0646232876905306, 0.38423718441069044, -0.5157388649888168, -0.899953788057424, -0.36378494277350004, 0.67398674457726, 0.24826667522007284, 0.6108651239117759, -0.29716659131867806, 0.3089127347758023, 0.1872440597626086, 0.1740176567513172, -0.8711352250166551, -0.7380720502577798, 0.25641520125267014, -0.5820865203653045, 0.7581143240687518, -0.4267699902458393]
-402.8793890821162	(9, 12, 2)	[0.12822265403835842, -0.6946583208189558, 0.08799281865202269, 0.976367910443152, 0.16846002850662378, 0.59322774562253, 0.40881472395489005, -0.2233273468889041, -0.15943728632411225, -0.2682535523369294, 0.642004712314084, -0.9788716495320924, -0.860765070221345, -0.6075620284534222, -0.8703340015214849, -0.23929564803334835, -0.752346059495663, 0.18527070386358302, 0.6634814341794216, 0.9833668385934826, -0.094302887097937, -0.5270413867995789, -0.6682002856662357, -0.3851107677842869, -0.3307320001706413, -0.96226876980738, 0.5129238076828884, -0.10458822360298758, -0.4567147971898306, -0.8838794642971546, 0.356786750198685, 0.9684116892014005, 0.5662620926762707, 0.427122938270746, 0.40039944432709595, 0.5531909886615991, 0.24449925043455156, 0.1971700386718409, -0.4512021904575232, 0.9898414326839509, 0.7821481832539323, 0.6428327305441004, 0.40694797084520773, 0.5489285823013295, -0.053715065931967176, -0.02725566789987477, 0.03649842603010889, 0.7969778289321756, 0.5535626269144669, 0.8064256589785042, -0.7240988358135629, 0.563292785008126, 0.5518023662560481, -0.4022620580260323, -0.5541492486327506, 0.17278546825054852, -0.460458195820139, -0.09687208201186537, -0.8477647890547353, 0.9110236958095943, -0.005936380133973129, 0.06962819717299507, 0.19458508006896436, 0.2767680419375649, -0.8099968398513462, 0.6447328727811277, 0.9891038570730013, -0.6305800819074407, 0.09131386208913694, -0.30848628228577457, 0.8886297442205793, 0.9984835117023572, -0.49300985566563593, 0.03555286349079734, -0.20848337623327495, 0.13232707665737053, 0.5480357403124858, -0.451848550329943, -0.0906037193845443, 0.19357229054783565, 0.2234727127431857, 0.426837761421363, -0.15871817263010746, -0.2852525532333827, 0.22307738487336137, -0.6269152195285814, -0.6504400319681627, 0.9814085326224755, -0.5615144148287223, 0.2472030961002687, -0.8130109422692577, 0.8534486169219959, 0.8905106323096892, -0.5924386635756296, 0.16371763296114117, 0.4802630599165991, -0.21609147534246165, -0.40161759749935216, 0.9457455406935866, -0.13673065982971977, 0.8239560336829328, 0.4587102030127175, -0.8226544746490492, -0.21851178913712488, -0.29225196328408765, -0.6888412657870961, -0.2777557231391319, 0.9587770734978978, 0.9750777037192644, -0.062451073967671134, -0.24521000121206127, -0.20891302555870372, -0.03135312684536351, 0.16321951755944752, 0.0646232876905306, 0.38423718441069044, -0.5157388649888168, -0.6755051000033194, -0.36378494277350004, 0.67398674457726, 0.24826667522007284, 0.6108651239117759, -0.21985801315250675, 0.3089127347758023, 0.1872440597626086, 0.1740176567513172, -0.8711352250166551, -0.7380720502577798, 0.25641520125267014, -0.5820865203653045, 0.7581143240687518, -0.4267699902458393]
-129.41698047775188	(9, 12, 2)	[0.7438724016481127, 0.21293682915696477, -0.6224397777677486, 0.30448230630466233, 0.34400995343935403, 0.02528225559945356, 0.022837903182359044, 0.35947917436998833, 0.026772076880258004, -0.039516095012394115, -0.005226472401602317, -0.4241328206176711, 0.02766800364111613, 0.14611303906876577, 0.1278443600923507, -0.017478895810735095, 0.000540132489367684, 0.5314190108806066, 0.04126728566837216, 0.23482354008472908, 0.16137660956487643, 0.33946981716968594, -0.09193462586596705, -0.05692622409545954, -0.4872901535579561, 0.7584676597466551, -0.2867853907844665, 0.2532083332610769, -0.002185847582068766, 0.31026379532723003, -0.32732210458100985, 0.6448070273437209, -0.046019691200183725, -0.10220665210363003, -0.27252651437984865, 0.08936453934964447, -0.10120333012705322, -0.25718261922644375, 0.13850818755998115, 0.4385170565743416, 0.4741533319299837, 0.30244811374284347, 0.4482116070399749, 0.22510729211647434, -0.01379083121825837, -0.20707500511337829, 0.03942671629058287, 0.33552441802703364, -0.34038178380570433, -0.20114196293352954, -0.09688492565512138, 0.15404267420511866, -0.3451445886039563, 0.09283609896307052, -0.051722728180473826, -0.2594424795161003, -0.9099963935345833, -0.19339145127568555, -0.1325302661689966, 0.4122669647423709, -0.4005217307406699, 0.3917734122952043, 0.0891341446380696, 0.6187206802573927, 0.011396745316483811, 0.22129603647763008, 0.21905002937331125, -0.41420979061920277, 0.016267189565299607, -0.3237185747393567, 0.3327634845877884, 0.12373088225477252, -0.15922077533564982, 0.027500132149392786, -0.24359650620656, -0.09448947138613056, -0.6335265090971846, 0.2857541425162882, 0.34247170268242877, 0.8626348164087575, -0.38898813340675165, 0.008690236671548758, -0.4538699075138497, -0.008379375641574028, -0.0532749763332418, -0.24751019111083467, 0.5241380169619279, -0.2710243478033604, -0.41123758002080824, -0.06014814161331415, -0.7467917517285264, 0.7900482171687173, 0.2991300678327403, 0.24241473040606148, -0.08638906524758275, 0.23513914162370783, -0.08283441748916749, -0.16828658144208258, -0.22118064023293987, 0.14857600493480225, 0.534311707319872, 0.011193268561140586, 0.010269113047895406, 0.003454904644250731, -0.09014097296503883, 0.2197975354835042, -0.030619278434820308, 0.7655567585572947, 0.15686049563118307, -0.1104650801021196, -0.24892168189024552, -0.12426272864415303, 0.011502594732570821, 0.1440996162357891, -0.09453722425847672, 0.0011733380973950741, 0.13124632252624277, -0.062371863686674286, -0.3490281840445684, -0.32780185897981007, 0.10314648586587424, -0.3086807456381531, -0.3108863265346074, 0.0077491489602015615, -0.3371021052151463, -0.4475198243588625, -0.2871445350301435, -0.39161209583627926, 0.22474968367713508, 0.3390545550412523, 0.17308589543556568, 0.10121377782604256]
-425.753151908886	(9, 12, 2)	[0.12285472350969168, -0.36465603952682174, -0.5606344441213117, 0.28733577033199653, 0.09535529249442692, -0.18424615255045745, 0.3842616162269793, -0.25862458258189863, -0.037796300677330266, -0.15675230203205343, -0.2710600065334575, 0.03967661380822501, 0.22809626096819113, -0.09729891889942961, -0.3890332788886863, 0.10363095060458354, 0.7689775354366776, 0.6252473551308335, 0.13172680298496228, -0.5629775285709603, 0.07651114302441074, 0.2870226513833328, -0.29226985995099924, 0.014108504763746418, 0.6089657604301058, 0.6330831356766251, -0.1634843361440575, -0.34158422631053253, 0.11203531960779586, 0.08918134666769306, 0.11268542047042429, 0.2846927119891293, 0.14730088552115858, 0.26669149164158307, 0.12954544497052542, -0.2050499017798925, 0.0963348526051058, -0.3750397985742253, 0.16575470758815408, 0.04796323934029116, -0.08056390364205432, 0.028392958053414383, -0.4179899689058132, 0.08612172483232179, 0.13890972232613177, -0.1107935182601221, 0.03570143437655418, -0.03355901137311892, 0.1413541554501895, -0.09254425320131497, -0.012806732278065752, 0.02711579771783753, -0.66855818598005, 0.43437494176553115, 0.160577931718541, -0.4833831135259531, -0.2998038044960395, -0.05746247796096683, -0.7188930133175154, -0.2769592756576958, -0.4078384390489028, -0.25632942547288307, 0.20727983399105418, 0.5680140454404967, -0.13010745627558035, -0.28998772734765704, -0.0015996388991472849, -0.15060530256167104, -0.1054779300083791, -0.03721584561536383, 0.29767522367502036, -0.3246098968077912, 0.11326417429956545, 0.0250579470677018, 0.05960534510133253, -0.015718621224628852, -0.21763358771031466, 0.04714002756715635, 0.1927308855114814, 0.41583133555022456, -0.1934251251305804, -0.36626816558165254, -0.6992554690887869, 0.11501805680328811, -0.08874811008240956, 0.4306822170302044, 0.2465548593646828, -0.2571050273109616, 0.04627892941463681, 0.025043352716338386, -0.2635326719625861, 0.20408950986069657, 0.28292076801861576, 0.7558904874484839, -0.2873100149632977, 0.34625102517526984, -0.1488744194213054, -0.34230329744294524, -0.6960088733131092, -0.13242929841074358, 0.436379691360861, -0.254962779290422, -0.29017694241054814, -0.21063453367982693, 0.28366228819267947, 0.3265658970561366, 0.2765224976792692, 0.48081049792128794, -0.07999204375511013, -0.2943203726230145, 0.21152666787200247, 0.16124792813915095, 0.14346984642437993, 0.1109230355982235, -0.3180640190532963, 0.01901473924396823, -0.06914080273518627, 0.5959422061943493, -0.06415210451173683, -0.46736008427060083, -0.16590958379167547, 0.1060946875348721, -0.19372423941768177, -0.2102303728053885, -0.1723938357659613, -0.07433226144486549, 0.24450278003162199, 0.18305498639378046, 0.293419671995674, -0.383413473847177, 0.12752898560066436, 0.1547858229677844]
-455.2216409427058	(9, 12, 2)	[-0.5239461435830468, -0.007254252148379742, 0.10256642878179875, 0.7494385708864675, -0.12872690084781047, -0.22217222744500023, 0.5141175470632176, -0.16701676037001528, 0.029004355995699192, -0.045295498745264895, 0.16239554849690752, -0.7719527411372765, -0.6170313210299951, -0.26682059477542086, -0.05234797792712593, -0.4441487020126553, -0.6359123278424532, 0.31421539852140945, 0.8002461239124529, 0.916532326973851, -0.6410009568883587, -0.17335373106999868, -0.51154963302516, -0.3435501283982861, -0.23894692341024523, -0.2767402917824115, -0.32837015334152597, -0.05613560528747752, -0.3593867160466151, -0.8181620753386203, 0.27721666315974935, -0.5170318704627836, -0.48170590084340364, 0.3146202721009128, 0.40321803089033814, 0.11487720790292694, -0.12869691217013468, 0.7332131925137316, -0.45798562012947047, 0.5699195520266294, 0.03439553654020361, 0.47122036308625126, 0.3255918510472405, 0.2917427181759513, 0.09119347179177469, 0.1287362241953424, -0.6874432484791237, 0.5689845717615281, 0.1649653007901182, 0.05255152101686066, -0.34310616699794133, 0.49813344283288086, 0.36317442492125407, -0.5807322714471566, -0.5679738762492834, -0.15255985395667768, -0.663306563769805, -0.3099748378790034, -0.4099472280839004, 0.32178808026619593, 0.018110710577959394, 0.16345696982343422, -0.40677905552919014, -0.3532274256256293, -0.36474107548351753, 0.747723713029342, 0.546989457119853, -0.321699602843756, -0.029342529905806713, 0.4536006539101818, 0.6556471058780311, 0.91678972831795, -0.2804586726271652, -0.005442811433449688, -0.26688391028793734, 0.3042619142505608, 0.7519523494392975, -0.48863470892047556, -0.02906543030648623, -0.42842076019723263, 0.39687647924887903, -0.2852735766663521, -0.15937083310894876, 0.004662228546014002, -0.30811387333621315, -0.3420298387897353, -0.8104327204459929, 0.7549760648805112, 0.3804400513288432, 0.20055029311573427, -0.7383347171496759, 0.41053867723920096, 0.29983181062877473, -0.48837982761884, 0.5561927813105425, 0.4721822379697339, -0.17216088205508268, 0.16510356266415555, 0.03285420675704734, 0.26673590358055843, 0.8034682473517193, 0.14900838374671121, -0.287685631970758, -0.1888330643147933, 0.37562173167690727, -0.1497766421684195, 0.22465433268328333, 0.1418698498922649, 0.9322100298238987, -0.2787816618729626, -0.267378996513632, -0.23828950029017987, -0.45330112772976605, 0.023087472839447988, 0.31902180995901563, -0.354206768996697, -0.3250754735734672, 0.17088710351166542, -0.11191194814200095, -0.5317549654208806, 0.014449935471723043, -0.1500907323489573, -0.32810043611564715, 0.7323370606583567, 0.13095263148387495, -0.28538058515316983, -0.4757264189387783, -0.39784588767430923, 0.37684032558948394, -0.7430336748198515, 0.5785518970741157, -0.10388480352681057]
-206.44650903594794	(9, 12, 2)	[-0.29892437498362945, -0.023724720742803847, 0.17222360495389974, 0.6551372050138183, -0.2206716905123164, -0.5689320981461078, 0.554807652426719, -0.14601288029805343, 0.05871086533409231, 0.1946813437659755, 0.19575331258863468, -0.3307259213577389, -0.5028423688016086, -0.1557417842182184, -0.13560815219262223, 0.3661081006719181, -0.1639778970633619, 0.6375795516981353, 0.4776728317539272, 0.5050993839058543, -0.19643332952998335, 0.3655897742690465, -0.3415625835417525, 0.3179313264712394, -0.23710328899372107, -0.1905079766864301, -0.3595880742018302, 0.01741890972210325, -0.3461588937113823, -0.6659730224854384, 0.17614545532030537, 0.025088508963253042, 0.15282755966292946, 0.2862050664680022, 0.10452987431980003, -0.2014685476412067, -0.34490215363450166, 0.6383661421554317, -0.5645985223835048, 0.32780294059623477, -0.28411320827538505, 0.14468202356940446, 0.11485705868859662, -0.3295133914066006, -0.2628135095066575, 0.33768693749530293, -0.5522759566765081, 0.5944350247543364, -0.09736340776285189, 0.09908601363538466, -0.12868856888944658, 0.04610197104562339, 0.14631961698725496, -0.46975647006399535, -0.5008775823252685, -0.4042053502207369, -0.3223805971597481, -0.7239063229832008, -0.438536147982512, -0.32945102824903977, 0.009294823389266307, 0.2224057276531236, 0.1369778177017666, -0.4021414316976928, -0.08871772824704668, 0.13058665317050566, -0.005193546589228432, -0.3453168833067789, -0.4116876557611352, 0.6001651412617465, 0.3069102838450205, 0.3584979865900745, -0.2862661497612032, -0.4382396846104538, -0.31431003622873505, 0.19932220850951773, 0.46070876073880596, -0.5808656677507825, 0.49809341099142557, -0.2862686256261393, 0.05537102830128994, -0.06578870656505333, -0.13268323951760821, 0.10963374745418977, -0.36151974510545615, 0.22366175142696149, -0.5029186071532141, -0.050023801202833396, 0.8545847472758575, 0.1955712067071928, -0.6794859547752228, 0.128166083547183, 0.22647313088514257, 0.024381646740613702, 0.2674162570758089, 0.48713036773894325, -0.134642781934614, 0.24020076736244667, -0.44314085620776733, 0.32298753144562115, 0.40715313638696515, -0.4868899335634824, -0.06189956359443649, -0.07233209139102563, 0.25322466198575794, 0.19250413930821936, -0.012673067829978079, 0.021646846225473124, 0.24039780025701854, -0.12111804253285527, -0.3088248729681038, -0.10633357799551676, -0.09179019851336478, 0.06025249874854585, -0.018704589265164558, -0.6160213349203528, -0.11052629847126738, 0.18685377506995327, -0.04590634265305216, -0.3437093571881622, -0.036466771200491056, 0.13339708834928865, -0.5267701817044811, 0.7700267441745071, 0.059412431858862975, -0.3611640120461988, 0.12859141945897365, 0.10260014566801136, 0.4143196142328038, 0.10548230232724169, -0.27064138041998737, 0.09834500344026142]
173.93583158211118	(9, 12, 2)	[0.029988531944522265, -0.1796373078738073, -0.25850309180113107, 0.47574449612539815, 0.2117616285429071, 0.29808776710781804, 0.054029831026447026, 0.013704914844120114, 0.10552391775266663, -0.0016276592569160267, 0.028175869414308545, -0.6821961226218486, -0.23750529924918803, -0.1592740277145395, -0.11008923502909289, -0.1888888066462687, -0.10375264969736234, 0.5661249448234996, 0.42323707721211806, 0.5020723284799181, 0.09596445488646296, 0.06218999601334019, -0.4837046376204476, -0.11248094310300609, -0.13407684739495118, 0.5344547788126464, -0.035767892150270014, 0.5759379682601993, -0.008129859950389017, -0.5607090651069329, 0.18747598685511857, 0.3684692016684521, 0.02974156952782156, -0.013180597518090448, 0.1790852946354024, 0.11422078481792572, -0.13761804097411912, 0.23409423990190745, 0.005718800189021326, 0.49752746773507406, 0.44086940509172184, 0.3438927803093762, -0.07854030233148043, -0.14406973796526948, 0.07406664368339237, 0.10154330449469509, -0.10973614477494362, 0.6594103846399847, -0.26372629545921034, -0.05587874283299968, 0.2273134860947785, 0.20325073215480524, -0.12207641610549058, -0.04880202806681347, -0.06437727386851075, -0.286160244804786, -0.6418579456863616, -0.20545208314909552, -0.6939930464223679, 0.5098738777107164, -0.2659800668211167, 0.09618215463323744, 0.05063187138554717, 0.602411242701988, -0.3526518154291747, 0.07651227303059469, 0.199207140314342, -0.25217850012406673, -0.009413640357920458, -0.06146077022269839, 0.4852417005845966, 0.2979389201231296, -0.17682525416090122, 0.0879534787248105, -0.06765525926938526, -0.22338165422140713, 0.06976899191881125, -0.24274851432157885, 0.24002666874699485, 0.0020738450062371128, 0.08918517770292987, -0.04965100838532578, -0.3806727231091005, 0.028378188414563545, -0.007348125435272811, -0.12725266786792133, -0.0029301234903251205, 0.42584124833293685, -0.13638298713173738, 0.03991431445945689, -0.46686686934472277, 0.639764878159206, 0.18067796907805517, 0.16041255275463098, -0.06600682298649488, 0.2931445032683632, -0.15084123402802607, -0.10793428878483943, -0.07573018360325197, 0.050132856895676266, 0.5276626041175979, -0.23341592407343317, -0.25738694036214577, 0.24327113924415505, 0.13182699107150034, 0.017218932268345893, -0.09359507068271415, 0.4785523386512076, 0.7381321239757508, -0.27968706918812225, -0.129415923516873, -0.13980701059351952, -0.18287131237253418, -0.1423733781305005, 0.17033628811276671, -0.23829201953195217, -0.16554835378535726, 0.373658894470649, -0.10915216958176749, -0.3699562464931549, -0.014144969312474772, -0.1709024172842874, -0.38903276053001323, 0.034139789347826334, -0.24540690973114365, -0.1310827719204753, -0.11999518173703952, -0.16772580696940054, 0.22943221892387025, -0.35022555268751493, 0.4932841532581996, 0.013549425975458603]
-151.9863507784055	(9, 12, 2)	[0.3280705510416084, -0.2625118767342709, 0.083469518273558, 0.8345285028126788, 0.22642635656241872, 0.560300307757572, 0.49087674150979577, 0.2127974868449253, -0.14172554461805875, -0.23743972147304926, 0.5627696191408404, -0.8671674371554431, -0.8264652246134951, -0.32225572339818975, -0.3940776044444594, -0.27182174669401793, -0.1478666804470748, 0.40437474133737455, 0.6212308764554351, 0.9633878482935798, -0.11848163891928748, -0.4252969106854974, -0.664493172358836, -0.3603516709436932, -0.3230250902242256, -0.6035424189826812, 0.42054707346809783, -0.07909155100406581, -0.29491949050099014, -0.7021847787337333, 0.27289329218127173, 0.70418938130193, 0.558742900600412, 0.3722316241112855, 0.3408962052441367, 0.46874000237994884, 0.22286505731803663, 0.2575784435304567, -0.28405956680918537, 0.9496866316674548, 0.7529014645879095, 0.6191254243114174, 0.43340315942442315, 0.4888477979526811, -0.03294403125443859, -0.07572017396287248, -0.0022278529248238935, 0.7209533854416963, 0.4601632278018002, 0.33819443704488067, -0.45328112566228596, 0.3448439384952705, 0.21783432289038546, -0.297569107882094, -0.4034571800812514, 0.17892627279742207, -0.438190370860022, -0.1235309285419823, -0.823568353467947, 0.8765743919444542, -0.15467170106469913, 0.119741108060524, 0.08827079582717826, 0.3091098422067462, -0.34400566585865894, 0.5409055673994368, 0.9641952371956449, -0.492874615597535, 0.014355101098218144, -0.2461893026960293, 0.8072267624129925, 0.8512817866787888, -0.3731710237217094, -0.01968200327633972, -0.21570575554756405, 0.13722399815158953, 0.4972281814547618, -0.509943122027619, 0.07533488792865828, 0.11104388634338037, 0.18431649203683975, 0.2361897647745222, -0.16402499265694231, -0.24615792257867375, 0.20896822151270011, -0.5949382506595494, -0.6004548312898357, 0.5943752090771903, -0.5450972485360104, 0.2518016351904738, -0.7307286614586959, 0.6967649235033192, 0.8603310759946177, -0.5275242266314996, 0.0421183225609868, 0.4353904799122453, -0.21521121839819451, -0.2411402998113332, 0.6973534451671275, 0.034406413446670156, 0.7916984158967665, 0.3183434061701724, -0.5027500316724353, -0.10323357884135533, -0.07312479076127312, -0.684758857608024, -0.26291426057274725, 0.8825676761067315, 0.9416908885554311, -0.02033507233891616, -0.2285032994627273, -0.19183754278186954, -0.058388412633070874, 0.1399305738830442, 0.04572018004171921, 0.2654399408686322, -0.507795962871814, -0.4918924045812192, -0.39319196664186107, -0.13300372400527333, 0.2275158956419703, 0.2866877403337438, -0.2223627739647624, 0.35102580814893813, 0.18421032994819903, 0.05612784077275623, -0.6789900913063855, -0.6954041560557136, 0.23665399699082684, -0.5155441474805769, 0.7113351329245363, -0.15111765238629066]
-175.29793017517474	(9, 12, 2)	[-0.0477743232444684, -0.015491259347879262, 0.14920922336206713, 0.689731710721696, -0.22244852642479432, -0.05366460151620657, 0.5132170957003561, 0.1335672573700043, 0.005072766222599256, 0.1925793630030224, 0.28242310600035925, -0.42125616879523764, -0.588351317875802, -0.21085693686853862, -0.12898061536736313, -0.22360525090512487, -0.2212809632516183, 0.5333991057348771, 0.5264743588478171, 0.682337656447298, -0.2869642468629535, -0.053361098245736566, -0.42386518307936855, 0.014513565000734495, -0.0655686266563745, -0.11355029561029156, 0.28584366393770194, 0.005157481354366801, -0.30723749985244136, -0.6992019921633401, 0.24305020571206912, 0.36862377020250414, -0.011911298442500794, 0.3186979522886067, 0.2237117436811055, 0.03920238087535539, -0.13467039978004605, 0.6091455822550729, -0.3823731668082691, 0.6327187836151931, -0.21688018370379647, 0.23392279938348953, 0.259485353003969, -0.23951433291059687, -0.1872364243888247, 0.22282878185382182, -0.41291423801029414, 0.6382943676332579, 0.11888104349724599, 0.1262799647697685, -0.23957038352557702, 0.23427889218651532, 0.16977075651511636, -0.4601928470381179, -0.4658345403776396, -0.34557833909514457, -0.4434022156772336, -0.6249964267359864, -0.5648183773846729, 0.4993474434372115, -0.057676431506237635, 0.19325993674678396, 0.03128376595487341, 0.19154719450609012, -0.3145603405539685, 0.24874815851758386, 0.22993366562466228, -0.2755961471619084, -0.28547542374721957, -0.1019706329807959, 0.4290791185722783, 0.5987662647269429, -0.2863051872711957, -0.2144990269930958, -0.2993748632502738, 0.19887678433032152, 0.48729596030024935, -0.560191349846525, 0.3266946118247873, -0.12612627500786702, 0.13449342016460308, -0.1516656393624553, -0.16001229243425852, 0.04216587039612972, -0.22566146664959583, -0.15711255438295296, -0.6018193184820808, 0.30996967101995, 0.610507160532032, 0.21171875613056934, -0.6896128747562047, 0.3432273263451996, 0.2989958686901711, -0.4746504111624163, 0.25209740070157954, 0.46283309302210557, -0.16009733393007716, 0.17091058882229837, -0.2894134228359084, 0.25604521857260554, 0.6403183629323611, 0.04326568404115419, -0.20535513162985508, -0.11067118898661565, 0.11208088763042472, -0.027060576655966576, -0.20258886161963324, 0.23485286496297292, 0.52731836369158, -0.10738496684923475, -0.265322727165641, -0.15771770610976105, -0.2576538474721228, 0.0917122364363031, 0.04182966431635325, -0.2505303680581896, -0.22508710759586673, -0.06612194170605638, -0.2725242542008185, -0.2998081111767721, -0.01596126430650705, 0.07761740816944439, -0.3948071626847207, 0.632096293593867, 0.10054705247725834, -0.4641788654619974, 0.0052067936310642386, -0.2224203482676353, 0.38155851496182336, -0.1946551855222462, 0.05210303660123542, -0.10693746107788504]
-75.59365179814603	(9, 12, 2)	[-0.1862917942391319, -0.2878823196353958, 0.08978055491666673, 0.7164928618500441, 0.1584356390562995, 0.4174122603335012, 0.3195398240709351, -0.04066097275337988, 0.040567061919510636, 0.0032038574883459787, 0.5484790389376998, -0.6573236728025809, -0.3461739351854902, -0.17732211827040884, -0.21914878752317365, -0.1417693399825418, -0.6110928100172737, 0.41206583894738136, 0.6176191606474019, 0.4498784383166108, -0.2910722244207833, -0.1876965808645369, -0.17245578034067627, -0.05577320643365375, -0.31641314646099694, -0.6440794413832124, 0.170957897349692, 0.4691143315468692, -0.3267639118720114, -0.8161874116704072, 0.1834365210771486, 0.6187493401019576, 0.5439862571972229, 0.13015446564149508, 0.2704168372041135, 0.47017946978777614, 0.1491177899888647, 0.23259457931479532, -0.3923253594238912, 0.47604213274557106, 0.15119420824288815, 0.3771399524430937, 0.2583031179023903, -0.022590502628385342, -0.23169888001950042, 0.15305258636134564, 0.045054051375978746, 0.6849054139923781, 0.27077128070637857, 0.21567853133976378, 0.0492390885646794, 0.31111497824878354, 0.15499892603438786, -0.4763155957920493, -0.1495726959301458, -0.005587003170808777, -0.32176296825326706, -0.23945039347643265, -0.6383451203111243, 0.6629826722241436, 0.03373044860564875, 0.1895677674163423, -0.22518809112403063, 0.27995804410215264, -0.250563469515957, -0.08042931686323587, 0.5077611877040373, -0.3265149616552866, -0.016153333528365524, -0.13544159815336612, 0.678087824194252, 0.43888843044854786, -0.35362504778633974, -0.006610175376916383, -0.17878262158688812, 0.2561126639693574, 0.49659468741125173, -0.5136135857279958, 0.15130751224481093, 0.21041663384865528, 0.05851616492287422, 0.1526653900921764, -0.09837111054252051, 0.023768686924865647, 0.0037870781140196715, -0.17080458302521973, -0.637991906153334, -0.006967690415426386, -0.09179636781928868, 0.2201463555956245, -0.7660171602595631, 0.6550617301886753, 0.42966819806627726, -0.28208826316483754, 0.07133174342750755, 0.4474603632958582, -0.1917904946519774, 0.025839993099278487, 0.3814758864233988, -0.04209847315229968, 0.42889939938478505, -0.35553102279912535, -0.15300314347240673, -0.16688036708231627, -0.010680443155225608, -0.5626657255855785, -0.16975141435605837, 0.38808431291707146, 0.8364143209954401, 0.042442606221205124, -0.19995342900188337, -0.07024446807626125, -0.41244427084487734, 0.2106388290872227, 0.06131362411335135, 0.16756935410512946, -0.1478617362374468, -0.5677181051779487, -0.36007767545894026, -0.044591421496191636, 0.2187861519038656, 0.08525073599921805, -0.2380591500817237, 0.16219432671161038, 0.04092370803495744, 0.009619227058016608, 0.15362415969613197, -0.6323232055037963, 0.0836262223711917, -0.06690017587991928, 0.6260447202193716, -0.14927435113245213]
-391.3375858478671	(9, 12, 2)	[0.1534985373130038, -0.29054497142350866, 0.08788820160448987, 0.7868766729060657, 0.2043998644131001, 0.5011709101014631, 0.4426028923945122, 0.11355635973794329, -0.05046933340360327, -0.1934791740661149, 0.5581546107906473, -0.8315714691543984, -0.5457306086720244, -0.2807339739859342, -0.3405329913458156, -0.2619150889655054, -0.43372260008605895, 0.41467941447728746, 0.6213631627799401, 0.9181715089700875, -0.14583362550967371, -0.16461883297392538, -0.3228655710981686, -0.17224246472154187, -0.31441322419199247, -0.6781161714175018, 0.3241202944247369, 0.052200319715031876, -0.3072180348646658, -0.7297644603359887, 0.24049897722883318, 0.7546437661330903, 0.5305498672636803, 0.30200042541914496, 0.32732529311343656, 0.45671174018041216, 0.14363507477691506, 0.2725453059861225, -0.3990039118312854, 0.8894205526745007, 0.2755862171018616, 0.46526989422872367, 0.39843252436454346, 0.3125766733337106, 0.011937946393213758, 0.12031787595527274, 0.005358314688209919, 0.7089738379710894, 0.38499817923754237, 0.26910523415376986, -0.423070587267722, 0.3979442598308971, 0.170770563443553, -0.4249759644187726, -0.4052753452111736, 0.0822902803651254, -0.359949751200203, -0.24711391446738196, -0.7316499969237307, 0.6563719546794193, -0.08038187037213046, 0.12679295600419296, -0.18887923670135623, 0.26571966175075157, -0.273160711933755, 0.35837408321067515, 0.9068644725026942, -0.35061373177381494, 0.008389516787579508, -0.2167946789058845, 0.7178329262084282, 0.8175019116208825, -0.35685924346550235, -0.008553021299406627, -0.21997045096415785, 0.15281916750452287, 0.498586209999441, -0.5115840193421006, 0.1091905546866924, 0.11396104318341174, 0.16444330229021684, 0.22046491824882805, -0.1430052137404367, -0.041142708616257975, 0.10419751499263023, -0.43250042784782994, -0.5912142204936011, 0.34449223886844144, -0.43137028607360905, 0.23987739402794872, -0.7287828391687234, 0.6944272197310313, 0.5866543143615298, -0.4958435007258158, 0.07835951310374531, 0.4307087231117003, -0.20313838636227388, -0.20776168963376146, 0.4777400346266344, 0.01269121925437481, 0.7348478196524177, -0.1351419111761233, -0.29909647786638366, -0.13500050790086593, -0.09294682531496973, -0.5457533867529123, -0.1371393487938392, 0.5058796101900989, 0.6172241326388398, -0.02635151992868448, -0.22605424785717254, -0.22100687643710518, -0.3336245557052685, 0.14876073542665325, 0.06152336830728271, 0.174859094761882, -0.4384331275982679, -0.45831286154452966, -0.3454583048076745, -0.12480657364451318, 0.20196487289387863, 0.23754659503393566, -0.27123946663789517, 0.2720575808239548, 0.14179749401609223, 0.04115750243516125, -0.2733185062794941, -0.5266067795245878, 0.19784042137178784, -0.3128259262641664, 0.664407416483392, -0.15238861645188298]
20.161279158991988	(9, 12, 2)	[0.03177042174675145, -0.44017023230439123, 0.09235239161061842, 0.7084057937673758, 0.027605704718094967, 0.5076474322961883, 0.4497047228093244, -0.1607157818056541, 0.054463828094610554, 0.16202652314917587, 0.5373103335598296, -0.8550080337793997, -0.4376157659137867, -0.2507290307458448, -0.18892099179609434, -0.17926558577252327, -0.47071441275813153, 0.6479470849738569, 0.6386562718100839, 0.8188635433181733, -0.11538388977226689, 0.23234702260985313, -0.22788638541247078, -0.04376399288401844, -0.2873591596898117, -0.8571268529442535, -0.006351435936041039, 0.2101485315892701, -0.3153223229891635, -0.6500317114028701, 0.2985182817361159, 0.799783581923852, 0.41058835969689994, 0.047017507106177775, 0.26443193661783765, 0.08048838213079892, 0.13371802395910046, 0.2912068440643897, -0.4511731964550362, 0.6779203166318335, 0.6043352859617973, 0.46496476046614515, 0.3639441925221738, 0.17235004425346098, 0.13982104979928778, 0.19959386175812585, -0.16017236758319808, 0.48366395952474345, 0.47239361999545193, 0.23001957827376274, -0.4634883575913117, 0.4845009916931047, 0.1152050616251942, -0.45397886589089487, -0.4858648136292397, -0.06144107654677094, -0.49321588681235534, -0.3572473078540083, -0.7750377475935977, 0.5886575467529134, -0.035860335652420805, 0.19179050870886974, -0.35330318177490483, -0.11081500040593817, -0.21266911266910388, 0.525001514837468, 0.5959391211712216, -0.32616482056754686, -0.09205823017958932, -0.07429166049460455, 0.700363516346205, 0.771279613583605, -0.34127685038255023, 0.00961777559933209, -0.2275741766706431, 0.1015774369236697, 0.559668875470906, -0.5272201658643859, 0.24053074986216547, 0.11728954861019056, 0.19579840957230113, 0.05467552917440384, -0.10840438755671797, 0.16868246020209374, -0.06541416297489011, -0.3271967838132479, -0.4231622712623633, 0.0551482105120695, -0.23657856517016224, 0.14769825427143085, -0.7173023292829757, 0.688295522824895, 0.5223890357430099, -0.41517462911543646, 0.09793050466425587, 0.3834181959953733, -0.20411545972489106, -0.18744734790249845, 0.15081389267817552, -0.03499967053681749, 0.7430552465510661, -0.35632424582280026, -0.28023367616090594, -0.1707916126125047, -0.10814359866412487, -0.2570333366081024, -0.06892694627856649, 0.527045055731201, 0.4790306603633546, -0.10491150071123474, -0.2510452512939399, -0.27043260213538955, -0.45817885735540187, 0.1305561320892351, 0.12153357713784371, 0.04750069554773592, -0.3745761975764704, -0.2414302392671575, -0.23889260870336348, -0.14352029609453237, 0.09662549237671754, 0.38269816318628136, -0.3486656488515486, 0.3669657479299526, 0.06731609807520297, -0.05279263930530062, 0.07620542639198566, -0.4393298632521356, 0.1884643776996256, -0.23440120283137644, 0.5747588155319202, -0.3290110709867873]
-331.26539332355253	(9, 12, 2)	[-0.43801148253221317, -0.22081068601212978, 0.04318011389343203, 0.7441590305201686, -0.04361845198755812, -0.10447553963241951, 0.5135477512845049, -0.09081823287921054, -0.057827116939084745, 0.033398820234479404, 0.21351212272437436, -0.7249463982727568, -0.5851557176944238, -0.28179200733123516, -0.27380378505749103, -0.3504919006697176, -0.5054249596699416, 0.3448411327421469, 0.6458041021103573, 0.8522936127599459, -0.23692354095861146, -0.1593777846044916, -0.4923177348838518, -0.16793503138972263, -0.23003743490493012, -0.3394894792223038, -0.21348808935641098, 0.06257513581404861, -0.37566090265117447, -0.8096533523659459, 0.24487154931086133, -0.038618970091249205, -0.1307543645407113, 0.33461385496508733, 0.25599583737279785, 0.21060437410857746, 0.005266034052452184, 0.585382331712867, -0.40119780897715185, 0.6428988973095563, 0.14260604441947453, 0.45680735915160287, 0.3440437895708587, 0.06142532078790278, 0.08265129080182337, 0.061507042644562346, -0.5911132879425737, 0.5702183310635592, 0.26174950423518206, 0.0817126618920559, -0.2959543973223414, 0.3198022383088092, 0.12110938394077467, -0.49918718978072274, -0.5206474608076084, -0.1354478046200491, -0.6612165479368657, -0.3036205246450476, -0.5996826288284487, 0.49552570828950504, -0.1535523237714178, 0.1489441559637777, -0.07528911262723421, -0.34665745570514767, -0.2864234946139063, 0.634754103794634, 0.5687710999172244, -0.3075148608011191, -0.04342979386011397, 0.213152687596123, 0.7235507190967185, 0.8749174231512067, -0.2735889143110394, -0.023115558993009475, -0.25074985369646724, 0.29125820149776743, 0.6602157546445363, -0.22275245554055106, 0.01500952884109906, -0.2897711986867281, 0.11721219407729529, -0.2577614201677548, -0.1628554381586847, -0.13391722507714898, -0.24815165423208485, -0.370192746495303, -0.5955401832866087, 0.5566348973423086, 0.3703243200160638, 0.189023637608353, -0.7376670640576054, 0.5059204946617897, 0.4876913960002386, -0.48203188661613455, 0.41978928216621825, 0.46638737402613273, -0.1854324374733471, 0.11579901264684513, -0.07621616834666678, 0.15972538356895208, 0.7973316439495914, 0.13944095123056005, -0.48041246775425295, -0.18468999033139194, 0.23624829519922885, -0.39039364409106236, -0.030124650674290522, 0.5292763728208841, 0.6655001909787741, -0.24872156801221135, -0.2612248450589603, -0.2234433629668559, -0.36458846621212987, 0.11070326071337232, 0.25972605831877876, -0.34553952565911844, -0.26994978800954295, 0.012215723750072877, -0.30522103234404135, -0.5097129203403291, 0.06349207816605405, -0.03180327543303791, -0.3020341441811913, 0.587190016398573, 0.08867283728277278, -0.33091131162590914, -0.5939226808223943, -0.45451362538478, 0.30328363659298185, -0.727651039241373, 0.5707097030861216, -0.07790717473008521]
77.65445385011162	(9, 12, 2)	[-0.43801148253221317, -0.22081068601212978, 0.04318011389343203, 0.7441590305201686, -0.04361845198755812, -0.10447553963241951, 0.5135477512845049, -0.09081823287921054, -0.057827116939084745, 0.033398820234479404, 0.21351212272437436, -0.7249463982727568, -0.5851557176944238, -0.28179200733123516, -0.27380378505749103, -0.3504919006697176, -0.5054249596699416, 0.3448411327421469, 0.6458041021103573, 0.8522936127599459, -0.23692354095861146, -0.1593777846044916, -0.4923177348838518, -0.16793503138972263, -0.23003743490493012, -0.3394894792223038, -0.21348808935641098, 0.06257513581404861, -0.37566090265117447, -0.8096533523659459, 0.24487154931086133, -0.038618970091249205, -0.1307543645407113, 0.6032041902029263, 0.25599583737279785, 0.3347515361193063, 0.005266034052452184, 0.585382331712867, -0.40119780897715185, 0.6428988973095563, 0.14260604441947453, 0.45680735915160287, 0.3440437895708587, 0.06142532078790278, 0.08265129080182337, 0.061507042644562346, -0.5911132879425737, 0.5702183310635592, 0.26174950423518206, -0.0226142952780109, -0.2959543973223414, 0.3198022383088092, 0.12110938394077467, -0.49918718978072274, -0.5206474608076084, -0.1354478046200491, -0.6612165479368657, -0.3036205246450476, -0.4120208947609178, 0.49552570828950504, -0.013815855210175065, 0.1489441559637777, -0.07528911262723421, -0.34665745570514767, -0.2864234946139063, 0.634754103794634, 0.5687710999172244, -0.3075148608011191, -0.04342979386011397, 0.213152687596123, 0.7235507190967185, 0.8749174231512067, -0.2735889143110394, -0.023115558993009475, -0.25074985369646724, 0.4070138935719889, 0.6602157546445363, -0.22275245554055106, 0.01500952884109906, -0.2897711986867281, 0.11721219407729529, -0.2180673730885475, -0.1628554381586847, -0.13391722507714898, -0.24815165423208485, -0.370192746495303, -0.5955401832866087, 0.5566348973423086, 0.26357788457807674, 0.189023637608353, -0.7376670640576054, 0.5059204946617897, 0.4876913960002386, -0.48203188661613455, 0.41978928216621825, 0.46638737402613273, -0.1854324374733471, 0.11579901264684513, -0.07621616834666678, 0.15972538356895208, 0.7973316439495914, 0.13944095123056005, -0.48041246775425295, -0.18468999033139194, 0.23624829519922885, -0.39039364409106236, -0.030124650674290522, 0.5292763728208841, 0.6655001909787741, -0.24872156801221135, -0.2612248450589603, -0.2234433629668559, -0.36458846621212987, 0.11070326071337232, 0.25972605831877876, -0.34553952565911844, -0.26994978800954295, 0.012215723750072877, -0.30522103234404135, -0.5097129203403291, 0.06349207816605405, -0.03180327543303791, -0.3020341441811913, 0.587190016398573, 0.08867283728277278, -0.33091131162590914, -0.5939226808223943, -0.45451362538478, 0.30328363659298185, -0.727651039241373, 0.5707097030861216, -0.07790717473008521]
-356.6895571836667	(9, 12, 2)	[-0.05021788047295196, -0.1946889872754698, 0.1268087792352871, 0.6710158197117766, -0.07841889697598851, 0.09089997373648417, 0.39174395056967204, 0.03890930415515946, -0.011094937672920665, 0.053003905365892404, 0.3365857039764564, -0.5690830733405075, -0.7348534676633529, -0.2678614993739075, -0.17090576454090417, -0.14439838419778422, -0.394310672817429, 0.5508487145395096, 0.5950416826030256, 0.5840550465761435, -0.20483804630085425, 0.3338274316709506, -0.3053999909512688, 0.02900744259028003, -0.22417418819128587, -0.4605838460365795, -0.08817472046962203, 0.09892147628705272, -0.2752154529648011, -0.6749906342551637, 0.16803819129119701, 0.3703747344219635, 0.1969637667430887, 0.2506521672617947, 0.3500403292061536, 0.2496127994552053, -0.19527275190086604, 0.5357587964963563, -0.39121166509166627, 0.4924452802572634, 0.4016426439426621, -0.023335809596022626, 0.2537002110523299, 0.14351839707345715, -0.038921336111426744, 0.2793461135534639, -0.24877537947066292, 0.6221840365970404, 0.15006491682888953, 0.3452747128771046, -0.16431755477626422, 0.18917279395128256, 0.16257067872579833, -0.39448935770085175, -0.43282227418828245, -0.17842794433125853, -0.38696683840028406, -0.4518486235672365, -0.7412284692476898, 0.2302895717497517, -0.040171059452237236, 0.2002267124844325, -0.1651521284318251, -0.01115350365292267, -0.27844084203500247, 0.50758487111232, 0.6371033375450027, -0.28314236486946387, -0.2280089297651236, 0.10970555442618801, 0.5236836426100863, 0.5757289748329829, -0.29460602589318746, -0.20257345845136232, -0.27120740931591836, 0.172278588888835, 0.4652995089437687, -0.4946973362158642, 0.2755706703411724, -0.18646990146431705, 0.16442864943427102, -0.016928507328072294, -0.14009720551977978, -0.022644242907838695, -0.14038617743496004, -0.07717896655908812, -0.5730643617147417, 0.20684662506151325, 0.06788105582386844, 0.2018267105162569, -0.6766390580160824, 0.46885455187987674, 0.3284898371105322, -0.2556005174058656, 0.15486822834564626, 0.4401923846213087, -0.1918464558723334, 0.06649865380150623, -0.011433919998041886, 0.18071374983934868, 0.6507173673640707, -0.09196269275742319, -0.3079177434809929, -0.11799499286335816, 0.16318943045228554, -0.2941645896446783, -0.08844692923148931, 0.3232472708709699, 0.6058732943293548, -0.10228419935263536, -0.2924811613808047, -0.18136933974269193, -0.22136354318796206, 0.09221335185857218, 0.05678441181121383, -0.4536983565698815, -0.33788303652549134, -0.26395031192606677, -0.22256476502403583, -0.21387171392637655, 0.12557367938861072, 0.0845073811514465, -0.38067299310124647, 0.5081356080431783, 0.10194509864377754, -0.2941471654396096, -0.011892197308301076, -0.40338368237121486, 0.2899493080247265, -0.4600221226569184, 0.5651757983184726, 0.049654271395877934]
-122.71870794831824	(9, 12, 2)	[-0.10826533781148151, -0.07960553182299579, 0.15322705643857837, 0.6700849900535508, -0.1261013873291963, 0.3823865897208619, 0.4306432786666163, 0.002423690726417349, -0.029852805601415497, 0.1278125307338896, 0.218728297142305, -0.5394965313921674, -0.6242491817099922, -0.1998002241939953, -0.29241455760811524, -0.166974481170826, -0.5856401325100422, 0.44067448135850307, 0.5493735206904172, 0.6220795563690295, -0.22235571563363477, 0.24622699391150865, -0.4133345137845834, -0.03004041114415776, -0.2441497476729505, -0.4407835420314238, -0.20771932995099796, 0.08652767007325744, -0.32191925808326655, -0.6677983960105695, 0.1901287315958834, 0.32508585583076227, 0.18281268675741785, 0.2199496099745262, 0.16893984979413493, 0.31702503876589183, 0.0005991015284465984, 0.42060417669929523, -0.4536954504146024, 0.5167548131086549, 0.18691873744704376, 0.07760148701639918, 0.3622521788353306, 0.09504588720212528, -0.002568814771020481, 0.17361206435287757, -0.3294339377159982, 0.6459223855153088, 0.2634696156437985, 0.30136943288012275, -0.22235121173725125, 0.25686391629811695, 0.1507703390551113, -0.41751186876417834, -0.4482975696208488, -0.12944007648412076, -0.3203289894184273, -0.49613962397234923, -0.6030777970309862, 0.24106965939091038, -0.04826241762955609, 0.2045106792447589, -0.16685802560473165, -0.2601702625862995, -0.2495912513932062, 0.5468847983849997, 0.763076055473237, -0.26051343382029213, -0.1796291285422914, 0.12023986421106897, 0.5844528444084094, 0.5465773402377264, -0.2681873720361213, -0.17947953292781282, -0.2665159030338715, 0.15883290669419728, 0.49502378161534616, -0.39710487817684836, 0.281641734115202, -0.1939222037692497, 0.20292899883515558, -0.07244137457328678, -0.1468009052966531, -0.004910566181229278, -0.2553625595924146, -0.09534006108634543, -0.6498138546563769, 0.2009021987685358, -0.0912571696858256, -0.023176557752619842, -0.736394364561139, 0.43157005815342886, 0.5478601436289343, -0.27779232815221294, 0.2047699169341603, 0.43041833860369544, -0.178443985909709, 0.07620662096969014, -0.09849971595386113, 0.07972387732045025, 0.6833086374668181, -0.1291612504398741, -0.2757115479067271, -0.12268275689214059, 0.10196557437053984, -0.33364954204656616, -0.05717983128777132, 0.3014803248153837, 0.6829953560331357, -0.12439479981904286, -0.289513453166909, -0.22063549125912443, -0.15521472599033054, 0.12400348720211647, 0.09885348013339812, -0.45534950490963816, -0.3253545103306126, -0.2294633031784606, -0.19577070056260876, -0.1701152802118046, 0.11931130287681081, 0.06800278170650692, -0.4137844771261735, 0.501117450703902, 0.06662863556412976, -0.26245663187784324, -0.293846517324075, -0.20737954547918025, 0.26209737917468756, -0.3325976187895229, 0.547538467226019, 0.07027261389795028]
177.54499113207592	(9, 12, 2)	[-0.07793123223072708, -0.29875624419958186, 0.10245885915317221, 0.7301336594724288, 0.14274834389379049, 0.4677826315639997, 0.44727754971801315, -0.025171352496294087, -0.04050737452117102, 0.03340261216047942, 0.24122650569601886, -0.7852469857665083, -0.5253412599524767, -0.22660004569239967, -0.2643866740180681, -0.24277497212102273, -0.3969420424133818, 0.47181041700692394, 0.5820458809105191, 0.6915517586517278, -0.17890768616158081, 0.0935419195529612, -0.32681105641384217, -0.0573230161949034, -0.2648840762326929, -0.49803160932873464, 0.02150832218895285, 0.14096524879247743, -0.3193414352246381, -0.6718335950551901, 0.16862039394649103, 0.5005409188358857, 0.4151528770478784, 0.12044558745775544, 0.30031212258807105, 0.2507694056160334, 0.034898380656630534, 0.1780375782876874, -0.40567325299949364, 0.6768142173211711, 0.26600957207329856, 0.3854923293564407, 0.3781503812901659, 0.2231286786238822, 0.02264109291853203, 0.1696468503554391, -0.3528672284011066, 0.6965551655840958, 0.244673164541992, 0.22797833258533157, -0.38818798969449314, 0.3390706213667741, 0.1525289943889754, -0.3809931388132512, -0.3606541612288875, 0.024210687670883073, -0.4147881983572316, -0.2092832208530633, -0.6872896148518042, 0.5682715289888476, -0.10552123734609725, 0.17487693137186183, -0.09997171795630881, 0.07277182568505182, -0.2714441110394196, 0.20345014012495338, 0.6732909831664193, -0.358908893904908, -0.0874041936743728, -0.13267171611631612, 0.642863413781597, 0.65443749352143, -0.32402922245065213, -0.010998349331449993, -0.22101632485734982, 0.1908100115540586, 0.4638933161724414, -0.436890373018284, 0.12215943092489713, 0.07404200025699961, 0.0589189784543066, -0.0021479380862982136, -0.14106088982317166, 0.213584546707813, -0.000778714939651353, -0.1937212610695811, -0.582990055489902, 0.2747569745956532, 0.08973597945334957, 0.17778702160221277, -0.7151931265500618, 0.6709519367905504, 0.5047433711777456, -0.4172008650630298, 0.08633960829302748, 0.44584321456649323, -0.20090179820328383, -0.09615200676816231, 0.4118744773432082, 0.027612728019132258, 0.6487713297381703, -0.05466530197111984, -0.35298343464289716, -0.11989563448232132, 0.10722389797654781, -0.45876672713773076, -0.13867328683739719, 0.5272202002580066, 0.47408720539024285, -0.046558572913213817, -0.22160392476007748, -0.17829959707438187, -0.3320788335058876, 0.1614190502658825, 0.18956345591727072, -0.16560835093054452, -0.37811825677812333, -0.3533879162528456, -0.26485446652480765, -0.1594560613198474, 0.18437467149800726, 0.1943466290984456, -0.21395964085770403, 0.43249607556415426, 0.11045555386250251, -0.17988883407927, -0.20616785229644755, -0.4929299552536964, 0.27152508521606816, -0.272032019520832, 0.578411270628589, -0.10795426390355356]
-290.1399695251886	(9, 12, 2)	[-0.07549500490848202, -0.32835547584162805, 0.08597996141347272, 0.6948624461507251, 0.00846507873575249, 0.26253917423722456, 0.4991127564252387, -0.11038577903562441, 0.050009163478592945, 0.12788030399647649, 0.3401541658086745, -0.7262086216353774, -0.44536909980551587, -0.24872757698009385, -0.1759967207802744, -0.2131829182705165, -0.4659968717327879, 0.5615412202298643, 0.5316718953340713, 0.7218422684034728, -0.23019709387694942, 0.17904126898001874, -0.27128168161230015, -0.11013241166112576, -0.2469866066190667, -0.6694138316929352, -0.1694125888015042, 0.15354153630218817, -0.24278818095858246, -0.6099362982000543, 0.2965738734514981, 0.5585984581222739, 0.2691465385417997, 0.057699199927276526, 0.307751306861749, 0.07870715507162843, 0.0648265726832367, 0.3863372901914224, -0.37568504589642027, 0.6148822630487912, 0.4811983503771912, 0.431505011746269, 0.3635013817820591, 0.027986662720645948, 0.10061578566446386, 0.19816238823940163, -0.18928575765068006, 0.5123936007663028, 0.3472416802306341, 0.22038621119168234, -0.41029297191563896, 0.4739402364372752, 0.10510303819941107, -0.41276943987606346, -0.4807384733767981, -0.08146938507863236, -0.5126634863431052, -0.27361713326218107, -0.7410599660006926, 0.42499807843429527, -0.09083749202397948, 0.19616079084645932, -0.17136983231628286, -0.06628113090230185, -0.2224508735496042, 0.43297576228426166, 0.5203249194101431, -0.31840086227710573, -0.13857929692580795, -0.011806219311615532, 0.6105244608227312, 0.6678646369646726, -0.3265296225908101, -0.003921762048890864, -0.26620092494712294, 0.15143592309475656, 0.4841277096692195, -0.45723581187149753, 0.2613367128608854, 0.10346794873116869, 0.14723513679603153, -0.022469195178040777, -0.21043687053728002, 0.06841097642056738, -0.060695169652421804, -0.167969188406963, -0.4547616541793293, 0.0274514658847097, 0.08409862274482305, 0.15195551886921366, -0.7075623684684849, 0.6097816425839288, 0.4225995036888398, -0.40733158497835414, 0.0850141729874173, 0.415430201205102, -0.2064343891350032, -0.16765601155282767, 0.14345488520682542, 0.04818119044147886, 0.6439205439868823, -0.17405154995036368, -0.28483161136944524, -0.16159009818330178, -0.029823709227749406, -0.10681629836920872, -0.11030260075733693, 0.5000185234504804, 0.44557734836313034, -0.10658360373935576, -0.25225755621991536, -0.26812959066524644, -0.4408375044854963, 0.11481355091486753, 0.0932953663943738, -0.08246230281321812, -0.3420123170312442, -0.19525172211371017, -0.2029357455604639, -0.18957330393280375, 0.08684642731912114, 0.36623068546636145, -0.3850730762336582, 0.4788964414588906, 0.06993818376877926, -0.2471611010905161, -0.0009008314780726834, -0.17623286015654555, 0.25785386408905575, -0.369262939531247, 0.5650832627456746, -0.14823626430262288]
-50.96017923547083	(9, 12, 2)	[-0.057036410570042925, -0.22464134439232414, 0.008824474927948711, 0.728079876188118, 0.16113510155700303, 0.0639722240078019, 0.4080307363198498, -0.07020390125034762, -0.008351769278486604, 0.11887289698362766, 0.27136174559825776, -0.7377726729696279, -0.4854041255587291, -0.26302768415797373, -0.24403335934924578, -0.1783722697691853, -0.43609538224713285, 0.44668444772450683, 0.5923151268907068, 0.7072041876132817, -0.22649619168832258, 0.11211764045224912, -0.29752176662035723, -0.08992652053286729, -0.2530616383762375, -0.3438505930620552, -0.017995890038208222, 0.12554821079846845, -0.3211113539461372, -0.5641534869556899, 0.220589128611287, 0.5123360259620829, 0.35768312379671374, 0.12035909637007541, 0.31939485232086373, 0.12843072888953028, 0.05334203083617862, 0.36584455857332465, -0.42953592775835225, 0.6290469469345561, 0.20897476891009015, 0.3728186783845441, 0.3003833556026223, 0.0879155392614613, 0.03378738809823535, 0.15213231097198768, -0.33234987268481186, 0.6390097820385734, 0.2162780518495443, 0.2164721473026549, -0.34789084142664584, 0.35638929834970234, 0.21914645913309216, -0.42959401026873956, -0.26292794537456604, -0.018617445684743456, -0.39778609925220876, -0.29484522336147057, -0.6707227297900018, 0.5235247603864795, -0.05545159680896024, 0.1224893279823263, -0.19045256580093822, 0.08321365672247753, -0.23169165834657993, 0.28603153157350236, 0.7079898045161109, -0.37571684036453756, -0.12076950784607876, -0.08294804246150439, 0.6447678252305524, 0.6660689503324025, -0.316677980385909, -0.0707637610653515, -0.22509545533367248, 0.20566714921157198, 0.4849770047752797, -0.5266149071236066, 0.1328856678980492, 0.05595595357339755, 0.10755119058895327, -0.01644195517025812, -0.14530438961930128, 0.07829255939379637, 0.0653199949718983, -0.1288015854094508, -0.4468650960181688, 0.34310539101884246, 0.09171088286361037, 0.2002336433603086, -0.7112356519830023, 0.6195953199406464, 0.4956463605741863, -0.3480684365335898, 0.17618240131154092, 0.44212457561835494, -0.17656780232339175, -0.07851565144916735, 0.33949123009535503, 0.05757344359103751, 0.6747306398168988, -0.09886914987844223, -0.2413907007664856, -0.12467639281751902, 0.11563645222122318, -0.21430897619045247, -0.11011393820419726, 0.46160584099461405, 0.7308221188589205, -0.09271052857394597, -0.243965308667988, -0.1807379035372564, -0.32135957612735144, 0.15444941631205894, 0.10175324503383104, -0.16652669150079494, -0.3019813208274972, -0.36599559043204627, -0.2621088276040835, -0.220203503566877, 0.12139812395301472, 0.20878585053589266, -0.2208426203282196, 0.4431444144660363, 0.09164512435136644, -0.10481924727581783, -0.1828366338898053, -0.4891010720192579, 0.2655088505796528, -0.2943732088281552, 0.5332383603147183, -0.11755667301500003]
-316.4441723140889	(9, 12, 2)	[0.10135655171368733, -0.22474000630981408, 0.011933749511362838, 0.7446765294453483, 0.11145246226088706, 0.12856015894097278, 0.37035212372911963, 0.018547591896534175, -0.015739343001512293, -0.050827372778658474, 0.33726149532021976, -0.750936329306329, -0.48824880392875875, -0.2568941859032404, -0.18805470338086386, -0.18653551213799685, -0.4269888454566724, 0.4618006370339704, 0.5958509379735203, 0.6387974207061379, -0.18914538566451777, 0.10138439513766527, -0.29200115981559754, -0.09856210914271657, 0.04448439375186869, -0.2892334955823627, 0.08932543974892904, 0.09734846223954699, -0.2719006746311016, -0.618396071780566, 0.23107810294192127, 0.4900384785710603, 0.38436475942524095, 0.139912854163723, 0.29637474690795373, 0.23685956285652485, 0.04026222655550059, 0.28055447912762765, -0.3852039544443199, 0.6239907458836976, 0.21675085544772857, 0.33425619310554205, 0.31794515555650443, 0.1961868567897565, 0.011764981615193137, 0.14301463516321355, -0.21649984279157924, 0.6485808552420917, 0.19432519466310613, 0.2153143593784808, -0.3068164900575792, 0.32084131889487283, 0.034312389246279024, -0.3948899625230866, -0.2537888771420582, 0.014787631989323285, -0.43703491677721606, -0.2940824298109358, -0.6921225857531292, 0.5305958573668861, -0.05434403061612282, 0.17038279123613087, -0.4878449660107296, 0.17166960616353844, -0.25512352995481513, 0.24451643284265012, 0.718585606363677, -0.38412290590406806, -0.08846473849360947, -0.0750913257548283, 0.6176866641048606, 0.6701943568743944, -0.30833485057197596, -0.043855525472807196, -0.2258444476868372, 0.19830567998431947, 0.48942563178183823, -0.48666229970195196, 0.12152993854846808, 0.06206794267729823, 0.11818554481010413, 0.09580545281067297, -0.14079942585986707, 0.14955100618891556, 0.04369465362928258, -0.2047585046842493, -0.5348589090376866, 0.17835757154036758, -0.1124759461178498, 0.16270004605719846, -0.7219021999049364, 0.4961259078671096, 0.5235892749331928, -0.4060275651477891, 0.0730231744219183, 0.43075973222935143, -0.19508675556360572, -0.07900152598794685, 0.3563113768074591, 0.0755689571101086, 0.6350407440416912, -0.14184195214071432, -0.22637912986382056, -0.11050893241050819, 0.05206660165428632, -0.4630703069084, -0.10291210553711255, 0.5331170945934148, 0.5621968792768148, -0.05498902820631864, -0.2108818330998571, -0.17959359081944878, -0.3269706667251439, 0.18421099660308687, 0.0759402379535641, 0.05253282297376284, -0.34347003178359836, -0.421694333105724, -0.29363544654312657, -0.1664628179987796, 0.17390067591832187, 0.20567752304499215, -0.1975159211008771, 0.33205208968613387, 0.11375135887198887, -0.09536812747182312, -0.13956331618393006, -0.4877753051638509, 0.2320395251859773, -0.2827679156039924, 0.5821145641333851, -0.07424763463055448]
-322.4542405592109	(9, 12, 2)	[-0.048594454810872184, -0.2765959381768045, 0.07371983851994485, 0.709222371985419, 0.06613510593939252, 0.21269537191261811, 0.4070565790492988, 0.10050646881712164, -0.0010432572844637064, -0.029088269319203705, 0.40193689100221774, -0.7436803892451667, -0.5663600293840936, -0.2865652183165641, -0.22538015677845485, -0.16324430037121598, -0.3655545826917196, 0.579724463869841, 0.5560672569268453, 0.6844623761517179, -0.20079376343896774, 0.06964680227329798, -0.33412813014711695, -0.147326056035701, -0.19520408479364304, -0.49021119906198163, 0.013275040690483379, 0.09046224909417515, -0.31130967700987366, -0.7069708762915876, 0.25166583056770087, 0.5906782688261505, 0.42562423618239653, 0.22172486921419754, 0.2401392513273861, 0.3341926912636072, 0.06945880021954409, 0.3404502939497054, -0.3740861122283435, 0.714363915000984, -0.032500982941693124, 0.40670989316138584, 0.3016845604574483, 0.052076665775228966, 0.01648348769352548, 0.11351701762355719, -0.20582585502685052, 0.6551041565870421, 0.21806136619148753, 0.22564373720004618, -0.38630366346542244, 0.313070081788913, 0.2019150142601611, -0.405701866331188, -0.33009318126846376, -0.08037726571789529, -0.4238985940482093, -0.2876059458298497, -0.7372546632748221, 0.3727259077521317, -0.05171799372701706, 0.15916406270576153, -0.1746457262423512, 0.07822361809203497, -0.23985160084836554, 0.19439585056494973, 0.6287523322014731, -0.35836513419855265, -0.14836272973570291, -0.0982490577982897, 0.6765523508033224, 0.6482653804106782, -0.3252447803345673, -0.04284124317487929, -0.22743566781976327, 0.1719946977155684, 0.4883773829311382, -0.5132479345796304, 0.1931240954096634, -0.018348800251533893, 0.1470087211523793, 0.05655202213312936, -0.1487400537721898, -0.0345263426198735, 0.07851294748358853, -0.2257360072021916, -0.4800458011072092, 0.3140479032898155, -0.08415849961902824, 0.23680331246081615, -0.7227594029946206, 0.5704040628628976, 0.5327597365417711, -0.4089308026252618, 0.13236210150541378, 0.44730533289316327, -0.19332265137750992, -0.15169724189434308, 0.3583343203023266, 0.06076105173542556, 0.6079241916031687, -0.20830851851654603, -0.25169175976353536, -0.09001174826934769, -0.003171033068617289, -0.23845265827208073, -0.11330405201438253, 0.4845915666705243, 0.5303427035060998, -0.07305976897757027, -0.22633765926044197, -0.21529170195682396, -0.3855415857349197, 0.13886602002181245, 0.05925801569609035, -0.015525493471171038, -0.3893856660092763, -0.30201715607362917, -0.2225179687641889, -0.17028228558169806, 0.14838071690323246, 0.20251000738048722, -0.28586577559833054, 0.39485276314833284, 0.07724608327317192, -0.15479747486541673, -0.07901401795685546, -0.3628752740098768, 0.22249518048299194, -0.28985200100301667, 0.49902268006853856, -0.08460620928097254]
-288.21968869010516	(9, 12, 2)	[-0.09737042622182611, -0.28262731794755974, 0.08233175132714883, 0.6931886625475042, 0.04740163335842003, 0.28985167331653383, 0.43423527774561, -0.03702051755325797, 0.021143484113291144, 0.0642744885593132, 0.31870221679191313, -0.7112091635347598, -0.4947008456513775, -0.2356819040389607, -0.22446607805352986, -0.13299482251692923, -0.46728021599681674, 0.49533820517106475, 0.592530868613452, 0.7216559861358397, -0.23297172978404687, 0.20086078940726143, -0.37712496630538206, -0.11158226391257944, -0.2246330944008621, -0.4075120640108784, -0.06624363410916022, 0.09431557017511227, -0.31965698531700293, -0.6592793329289304, 0.2154626233191046, 0.6518585430855635, 0.3249550359210782, 0.15884010416467984, 0.28728496726042946, 0.22388173142466133, 0.03197808694574768, 0.3977045614385982, -0.41584037471043966, 0.6735856643625511, 0.26659940044709063, 0.3573950294597919, 0.3598631953983811, 0.07107924000907942, 0.0131575167339715, 0.15744803665746462, -0.31526623003898724, 0.639807716856795, 0.29415549359994253, 0.23794517383392275, -0.34100961764038606, 0.3679062262170732, 0.16822083827397152, -0.4356858340744745, -0.43511243034661284, -0.08844845260327297, -0.45722830715392726, -0.25284877841956727, -0.6595552697373384, 0.4270918763361129, -0.05034353508185669, 0.1542691890216664, -0.162342917140745, -0.14441820722296098, -0.24917919225168306, 0.32588583382204256, 0.5586721370490308, -0.297410907106718, -0.12954737943964956, -0.017125624727174688, 0.6198806950530216, 0.6954665633187378, -0.3119430684514388, -0.08666846115220489, -0.2454653574089821, 0.16202445026475412, 0.4896971618281081, -0.4525811091017208, 0.20541536296654, -0.026603285594969293, 0.13400386371276876, -0.012361420413380134, -0.14636961345492344, 0.10617154312931383, 0.017528039008391456, -0.09017556667324614, -0.5695408744676488, 0.20716381687212773, -0.034167156288052586, 0.1824882450555112, -0.7172231680063568, 0.571126941525381, 0.5028728826315912, -0.35771084636113865, 0.16139899019176032, 0.4568780040205658, -0.19133975249197924, 0.012764339059248831, 0.16234905667185362, 0.09541362200712512, 0.6756751226380555, -0.1334445243196119, -0.30077036948735486, -0.17874547502524074, 0.027612163277542214, -0.3185693403655166, -0.0868483288144625, 0.4626603184454354, 0.5239596251048266, -0.053956724344987425, -0.23220773268448594, -0.22865624932918902, -0.32703330540141495, 0.1319390591259587, 0.08170598384183164, -0.2523496927569232, -0.3440214306943612, -0.22925953335612592, -0.20134642302106687, -0.2240210674779013, 0.12175724172713949, 0.1814008409257027, -0.320345677893343, 0.4365290177400589, 0.10188651751147186, -0.16308734717661064, -0.11657643770425986, -0.42185474700643394, 0.2709359286139364, -0.3856104052928463, 0.5296194274882093, -0.12878686459814262]
55.75590151283703	(9, 12, 2)	[0.011423916941130853, -0.2790672054658752, 0.07453178719623238, 0.723250994119202, 0.12954523721056213, 0.28703410246625805, 0.41577057081671953, -0.026431691366179927, -0.0009050956006263905, -0.05137183585989339, 0.33621949994608563, -0.7378213210306128, -0.5161895275876581, -0.23011151541049962, -0.24002421584806388, -0.24253484013125876, -0.42398936239004437, 0.4999899805175776, 0.5852938797582653, 0.803666635202991, -0.21407028468311237, 0.0745688908666579, -0.3037429288982041, -0.09365486352520766, -0.260071862667372, -0.4629036277448346, 0.024063680236755647, 0.10461711034305822, -0.30779971230896364, -0.6448731047829375, 0.1823364293996038, 0.5212738221915236, 0.3666035328391033, 0.13141566650113362, 0.4548202722528587, 0.23646234413577913, 0.02743997793694417, 0.2878328008141673, -0.39247473666456, 0.6590590577302716, 0.3784481089859934, 0.35863157690352354, 0.3554017529967204, 0.10708138278287829, 0.01712572965163335, 0.14450087924202887, -0.2634327782195919, 0.6249027452726433, 0.26395830584022156, 0.23031654766131, -0.3292097017708041, 0.3331111401574667, 0.15274468705726704, -0.43678872995159074, -0.33628439625968753, 0.018171226443234895, -0.4137177774474792, -0.32328205503815133, -0.6837030917853038, 0.5243747825640575, -0.17241180441593024, 0.15784276262188288, -0.16192581986645316, 0.06147400717580703, -0.383851589191661, 0.22967598316622778, 0.5800467456898879, -0.3591637375312443, -0.07550979795231927, -0.10588948577076807, 0.6210225167814049, 0.7385167179130188, -0.31186562380722355, -0.018610561060289597, -0.22098148915510288, 0.17575896913656713, 0.4744882977274232, -0.46682075896129094, 0.159632149866136, 0.01485663159482609, 0.16143837320714258, 0.0038660371649962, -0.15245854536431946, 0.10009950211180543, -0.020622114945796383, -0.20710092337782265, -0.5262828002386125, 0.28399613159063797, 0.13845603184928149, 0.18230105659869938, -0.7205970673727498, 0.588129974361838, 0.48591435150146245, -0.4149602119956758, 0.13331721101634397, 0.4402723319062574, -0.17702320365125596, 0.0008220450455860161, 0.4058135428398917, 0.04681075644247023, 0.6480141085517571, -0.10756820002278702, -0.29094139654745893, -0.24072246086075896, 0.04833761622631545, -0.3232519909728379, -0.2370867789258889, 0.5024477067250293, 0.6590563664619097, -0.09674155743870157, -0.24501956552338544, -0.23698828920927714, -0.33813157261037985, 0.14270039215183633, 0.10505018832053747, -0.17577034402405162, -0.37657385437702573, -0.22631588033970002, -0.2691634375646231, -0.18314698917266597, 0.1379741414267918, 0.2121038811721367, -0.23744822177714803, 0.37804368978059644, 0.12245558255231376, -0.21198247484973443, -0.14568636276014585, -0.4642547705766187, 0.20829654260711145, -0.29834653901251545, 0.5068004006858113, -0.10730161136594665]
-220.15675115098372	(9, 12, 2)	[0.055883443679465857, -0.25947466012191256, 0.061439777853266334, 0.6948874339300379, 0.049099400310816936, 0.10879927804469358, 0.3786328568926901, 0.009968745831251069, 0.005392947017148692, -0.02099948634992536, 0.3581159326810442, -0.7099828732557476, -0.4810558600281138, -0.21556438309425832, -0.21762610545643105, -0.08086589358409851, -0.42248642385243657, 0.45878214677558704, 0.5750327051515299, 0.4635591982841783, -0.19957788755672595, 0.1474894929216436, -0.28088411896543564, -0.072316500640325, -0.17140208918545558, -0.3662792204957113, 0.013205341765708048, 0.11081711521292087, -0.289314152372398, -0.6072865686326875, 0.2094769606933613, 0.44594415541703986, 0.291670684016701, 0.16579824984972472, 0.23602195627256056, 0.21840425482477263, 0.04670605261407403, 0.3236748577269205, -0.38665076685342403, 0.6223642132350622, 0.18683132971810723, 0.33553149074285965, 0.31978628105424, 0.04267969748444331, 0.013917117438519803, 0.16786528970027706, -0.353832906995398, 0.6594456130227639, 0.19134022340395532, 0.16592830873445466, -0.21495964801949258, 0.30199550235433753, 0.13220158075809935, -0.47198127066023066, -0.19608436040789173, 0.01972530613803431, -0.46485706971739615, -0.3199283576307359, -0.7065151901940033, 0.3525623410954176, -0.04506869799610615, 0.16865363639145403, -0.25456898117177323, 0.11515090648452331, -0.2488016635475855, 0.29231254510463656, 0.5613323755103131, -0.35046729029516355, -0.09877523145511487, -0.034872727203266105, 0.6003965710897108, 0.6742300248323958, -0.2320396398772548, -0.03883877051924095, -0.18886963389705, 0.20206641247849547, 0.4613247313586535, -0.5139088952874666, 0.1625352030067471, -0.006869017127149312, 0.029433464482090072, -0.01589582830338028, -0.14153956660369493, 0.0971267573899888, 0.0036587603480542196, -0.11510777118339871, -0.5082905881305453, 0.23588529680639087, 0.36261159467737203, 0.22243798789489957, -0.7020843136526465, 0.4765986870567287, 0.4803179888181459, -0.2923754772197127, 0.18429937113241912, 0.44943762181770247, -0.17957676128722325, -0.055787443041868175, 0.360270213153422, 0.17396374989166258, 0.5573700981601822, -0.06785197553308754, -0.23032758645999069, -0.1291452901167808, 0.15329948597279772, -0.3729564323506177, -0.14172582717474072, 0.4405240893060297, 0.5719937557318031, -0.09549767033770719, -0.2191664200760243, -0.17322934839061363, -0.3246220807066844, 0.19381401446343888, 0.12547409452286384, -0.16908637943102195, -0.2832677689160512, -0.15120951183639544, -0.26640550254119266, -0.1813986934833789, 0.135535702854376, 0.14525519438457343, -0.17678046203698333, 0.429994456931049, 0.09657067117551348, -0.2432511350679974, -0.12053591446267173, -0.47920650997242, 0.25645740883240453, -0.29271038340487854, 0.3780380163068675, -0.06674765750884235]
104.46922516009559	(9, 12, 2)	[0.09650492954590502, -0.23672212123574998, 0.048110371715572094, 0.7632278618723246, 0.11189986367907227, 0.23159618497681012, 0.3705525996044789, 0.016374930289761207, -0.019917820598701647, -0.05955270868096732, 0.30815027555824204, -0.7537017252216398, -0.512450341509822, -0.2622213098347816, -0.23451585305993156, -0.21277774350617462, -0.42882608970539104, 0.4564286711471276, 0.5952992275247465, 0.6608647405377454, -0.18848183688662562, 0.10093552288265513, -0.2975769598220556, -0.09681853151961373, -0.12022464257671774, -0.31785140748518664, 0.15479250480238993, 0.10033055690262231, -0.28589737958270856, -0.6292619065186554, 0.2284155177091831, 0.5284296226680771, 0.3769706326780672, 0.14945365902986413, 0.2991196695045628, 0.1985252421129796, 0.030769548496618365, 0.28305269945509726, -0.3923469011687939, 0.6129401176035518, 0.22437317914047863, 0.3432321516009788, 0.3164612309437742, 0.18796204386260582, 0.0181141657572519, 0.13940188314908583, -0.22260120799095184, 0.6439552394794303, 0.21163431251417825, 0.22482510066022027, -0.32315595088752325, 0.3298031428470334, 0.13860285963973856, -0.4165156662879625, -0.43300949152235524, 0.0074031844823756595, -0.3895050615350719, -0.2982580712592753, -0.6795038901013567, 0.5306374071530173, -0.05505091488592203, 0.16917758761485863, -0.17367776607190533, 0.2016049324152754, -0.24514182978418142, 0.23377036606358348, 0.7080824311531773, -0.3811224989577613, -0.08960465189649566, -0.08058016473612992, 0.6293808725576602, 0.6727000052799523, -0.3264092592570981, -0.04555439055315797, -0.22168016419852224, 0.20251499951244284, 0.49793970414105293, -0.501590338479984, 0.11650030278192698, 0.0762361572197739, 0.1245020017250415, 0.04284788920805862, -0.14454214350410274, 0.08810647476759118, 0.04409045543035572, -0.19225086987018275, -0.5254255126410305, 0.25480103820740047, -0.09920424526855665, 0.1824647704666405, -0.7214025982322623, 0.549147417043068, 0.5039513231440875, -0.4064311468835454, 0.08958730413682106, 0.43105913118929784, -0.19178039339203495, -0.07185681322214867, 0.372603411150457, 0.057954784661640245, 0.6340157755363868, -0.11901434331333335, -0.22675799364461244, -0.11224219590522272, 0.11002101790499491, -0.3614254981716197, -0.06339930891884699, 0.476380814820215, 0.5699709388295271, -0.08038517553562959, -0.22311872416293585, -0.18513781002125362, -0.32734868082932145, 0.15602439968930001, 0.07539363389773368, -0.042594942579210864, -0.3391330036816787, -0.36682336005152333, -0.32989941399662076, -0.1898908543222534, 0.15252870912742594, 0.20527100979827856, -0.19172555406677103, 0.39836982639363744, 0.11749758406323968, -0.09880064010169956, -0.14205790775732546, -0.48982570764299616, 0.23762446558559897, -0.2914133032449683, 0.5577210490216891, -0.1065021010173564]
72.74983672219952	(9, 12, 2)	[-0.15376013364763436, -0.27426108917161157, 0.07393941022993958, 0.6886873448598348, -0.003613900548378946, 0.17496253173629003, 0.3931962346544589, 0.0057363113257463735, -0.004331974776215551, -0.03256461497766762, 0.34793288110390275, -0.6817020122856197, -0.5061132010062321, -0.23469332472265314, -0.22574004703980183, -0.1283045259800348, -0.40788562816076024, 0.502618217834429, 0.5693620311912719, 0.5329419734862648, -0.20923994815442215, 0.08864250137202227, -0.36792346144083593, -0.08965609338747058, -0.1990816403782169, -0.29492220384976764, -0.12571967335114315, 0.10092287257362145, -0.29501374653533907, -0.6206044027331468, 0.2004415836647463, 0.5491083944230802, 0.3428413867828133, 0.1424920275705276, 0.24332339627506067, 0.19484694466521432, 0.04602422452522899, 0.3416070235359898, -0.41019258785016777, 0.6585564146789844, 0.1314224726623774, 0.3155372074462989, 0.3329495397720642, 0.047939089111151856, 0.04089457159604281, 0.1629289261480365, -0.3528840528021572, 0.6307348380475866, 0.2399759591368616, 0.17286899585035156, -0.17839891705792774, 0.2765729506820605, 0.15250948077645596, -0.4590838972114462, -0.32269414589680323, -0.018190170112926694, -0.4436728072470735, -0.3351725883233332, -0.701319641939427, 0.4153606511357612, -0.06491148245671391, 0.16447642057210748, -0.18683148476012862, 0.10274361323425943, -0.2654340721456143, 0.34707974782123235, 0.6117891765356668, -0.33891309604424147, -0.1888407212991171, -0.022161023377738093, 0.5710847025884993, 0.6851827968709412, -0.30157929868375594, -0.0519691199744884, -0.23478093633711167, 0.19927696601290126, 0.4769723201120055, -0.49445354122145296, 0.15785647236957306, 0.01504259149563851, 0.0709064602461987, -0.026156104999951794, -0.1478061029275217, 0.06633850812431116, -0.010686156968545132, -0.10416274611563618, -0.5119273292908124, 0.23082140673149965, 0.2035079022931643, 0.21754632437428528, -0.7180689368086931, 0.481702135023258, 0.4762275534720122, -0.3664214364109206, 0.2099156833256114, 0.4523574549548128, -0.18235740681893226, -0.009852379583834085, 0.3056526644577514, 0.10908073488925715, 0.596086589972239, -0.07359633406034541, -0.22768649043221248, -0.16869558355114989, 0.08312292276628933, -0.2526472475567821, -0.1060973753109153, 0.4674348065790066, 0.6082045154107008, -0.07488741821565749, -0.23753105723456988, -0.21624003784957166, -0.3465291320901604, 0.19724581696256188, 0.0645127937861972, -0.15739753107754265, -0.33516601214725866, -0.18844262688826421, -0.26529944177951004, -0.20054139347059666, 0.12618799293482819, 0.14678508445787003, -0.2534704832969048, 0.4555588421482718, 0.09250705282145953, -0.21490916116720313, -0.11839106625454165, -0.4765299084802907, 0.2578467217626157, -0.224611702618288, 0.48727631018367007, -0.13595675769125293]
-247.26522747624745	(9, 12, 2)	[-0.12371574783274726, -0.2463742618485089, 0.056980942771708815, 0.7253563416620303, 0.07728523912356483, 0.2206963421163373, 0.41302165496649335, -0.00737917191047208, 0.010552512061725642, -0.038817086434081646, 0.3960894803331393, -0.7048474141997233, -0.5211691273101828, -0.25434373739920646, -0.24559700278421148, -0.19479791698538096, -0.37757224366509845, 0.45817770890878073, 0.5688493361739178, 0.7667058737783085, -0.20209349592584827, 0.09548328811368104, -0.33404404357474504, -0.11512671867208935, -0.2423271112426863, -0.3914126972911918, -0.0817316551298142, 0.1127323871210748, -0.297525892244372, -0.6737753114651002, 0.24273800658009503, 0.4898597503644009, 0.35367381932897235, 0.1884594935591054, 0.27114674690557283, 0.21400805872711176, 0.03622558646462593, 0.3747629776125927, -0.3941485727456417, 0.6604521442696952, 0.14324029544337985, 0.30681770964323335, 0.32202140640987886, 0.0891863690841607, 0.03863882668697859, 0.15057080440042514, -0.3533227742840066, 0.6115692756791643, 0.23636805966109004, 0.2012660402644269, -0.26927504243860245, 0.29370781189556866, 0.16236020753723598, -0.43381456232487503, -0.3029981447133199, -0.038812900766528075, -0.44234522762914086, -0.3188141358255543, -0.6965178332720544, 0.29498510150986157, -0.07247908680641142, 0.15360649614649557, -0.1621313170792353, 0.10168953473904441, -0.24882235269518252, 0.31050362433646705, 0.6424599818407465, -0.3486295444391081, -0.12715223286525856, 0.054833442688078236, 0.6215691566667162, 0.7024281859376178, -0.2844899386760643, -0.03348682021900506, -0.2175526319971874, 0.18724476145232202, 0.4829629441927683, -0.527749576337225, 0.16568405728075983, -0.009643762775939868, 0.12081934372369084, -0.004045051767627977, -0.15022900528237734, 0.07784818443656052, 0.0646366029642968, -0.13492498059472513, -0.4868948673899235, 0.2526853281044163, 0.08747854967201107, 0.19918331442942375, -0.7211539674608457, 0.516941963394908, 0.4830447949284182, -0.3980199947972081, 0.18201781937467276, 0.45279645867035834, -0.1881615702565381, -0.06541209864423718, 0.3498557373786661, 0.1122614900823519, 0.5933909375092256, 0.017836790538745505, -0.2438366196409092, -0.2034249902120531, 0.11124403114443188, -0.24748252461625597, -0.11192194927625373, 0.47518944808718405, 0.6711354568695255, -0.1087907803926206, -0.21072662513401683, -0.19107380243773997, -0.34054858319249026, 0.14036442984618175, 0.08614007246583061, -0.1792406030899731, -0.31912703263744413, -0.2374735829086521, -0.28349191103149834, -0.24726042085336047, 0.1375894955346054, 0.18989011952939913, -0.34409473971280413, 0.43553911047111477, 0.0926406754769004, -0.14840482010884015, -0.17719240309977574, -0.48245703105676174, 0.23931815758854633, -0.34056635057638723, 0.5344867004204313, -0.10005547341146816]
-368.5250631679699	(9, 12, 2)	[-0.11756555404812255, -0.24802197869602194, 0.05157029756319218, 0.7099165265282056, 0.007683854440381216, 0.18525840135921084, 0.4201839824891571, 0.02219680078230797, 0.002246181566772975, 0.04671736360426865, 0.478482055835339, -0.7216387530388769, -0.501381846146884, -0.27094139930809, -0.2197236328124727, -0.17540102930808152, -0.41692463106966293, 0.5117782820971505, 0.5705585265488009, 0.7475440648935108, -0.2072003482380477, 0.09246086755943377, -0.34763835520084396, -0.08267190588785592, -0.21906775643045873, -0.399174699920971, -0.12390938730022219, 0.1018086558007408, -0.31600103700517335, -0.617508253319377, 0.21015373112989344, 0.5866046588225994, 0.36795148712383596, 0.15023247003877857, 0.24483934111330424, 0.2193529610172587, 0.0423586345796469, 0.3677531152373724, -0.390077944003116, 0.6430368135032897, 0.2227910989529313, 0.3400911450205645, 0.33892737246296367, 0.11332520311528492, 0.05745897779488219, 0.1542392059250201, -0.314515630573247, 0.6603193760973571, 0.2501182087751512, 0.19386405228669465, -0.30031901085783436, 0.319931570785129, 0.13219179024748434, -0.4338389833272444, -0.37796766691594924, -0.06259555216153476, -0.457822493472548, -0.3425196381361307, -0.7172026630807642, 0.4130490115203084, -0.06757796124005921, 0.162791517306399, -0.1647057285490609, 0.05780380619519429, -0.24153937572688738, 0.33932213415102563, 0.5728181926549603, -0.3416576876871344, -0.13587388874210105, -0.01660718032392207, 0.645825221862751, 0.7192060536849787, -0.31991009101759876, -0.048832467927912855, -0.22692825479788303, 0.18052572018560067, 0.496175324923389, -0.48315230676989535, 0.16393384808178307, 0.031093060554631027, 0.11017698761946604, -0.02078841645716046, -0.17808866910570748, 0.05025955801532981, 0.04450450101816378, -0.14901129228747131, -0.5111339269852676, 0.23575214035321512, 0.007981070194098005, 0.21369632381934456, -0.7223346843972933, 0.5365335879301624, 0.4910904548514812, -0.41280787984982203, 0.1879847252157965, 0.44545824275107604, -0.1848374284699172, -0.10787105603153563, 0.335712459337002, 0.06052965044911015, 0.6115356600626496, -0.09457771541436218, -0.25294462189435096, -0.18544314896070113, 0.0800413192194697, -0.3043513640779534, -0.10399756667327627, 0.48728888670588943, 0.5513251213314414, -0.11096406423201662, -0.20921162551831124, -0.20661163561982598, -0.3613484343141012, 0.15029989158228524, 0.0908280452552839, -0.1483791281483565, -0.37595258230846096, -0.265725050814446, -0.29122363462982637, -0.17579268373776383, 0.1126660507119623, 0.1956770345189207, -0.2892410841396995, 0.4449991027979175, 0.10670658962305575, -0.1637180673502009, -0.11913894025317542, -0.383266767788939, 0.26684246198088335, -0.30480953490080176, 0.5491960759864923, -0.09144370158185428]
-112.94883811158635	(9, 12, 2)	[-0.11429469839843981, -0.24970381362328425, 0.05666849544311846, 0.7248329517731752, 0.08149130929888011, 0.20444163692671663, 0.40425013719441816, -0.00392292779367658, -0.0007636436688848646, -0.010375140368099781, 0.37972677225840196, -0.7360057967062433, -0.5025167269468542, -0.2541429143250924, -0.2412651092672824, -0.1845985350226138, -0.38193543759825005, 0.47646143784588807, 0.5760700775152348, 0.6621359060988375, -0.20233813369592163, 0.09697189494075246, -0.32544364051124974, -0.11054445066967553, -0.1768001710066586, -0.29670280950000827, 0.0047186465282960085, 0.11151422257723845, -0.3031385256409833, -0.620431969405931, 0.23868173132747952, 0.5251522073573341, 0.3512434700188323, 0.18833508631488116, 0.2881617429914136, 0.2367892820564294, 0.039095071282522535, 0.37447701003487865, -0.3947238086505676, 0.6590146602770854, 0.2272262072074829, 0.34325519610298466, 0.32755070545559684, 0.10252184695239751, 0.00832272803185127, 0.15328384635206158, -0.3601638382829715, 0.6336436784670924, 0.22862212864567577, 0.210550309587245, -0.27228581919840117, 0.3195378493990607, 0.13493966685841316, -0.4309005512710255, -0.36531148639559735, 0.0037251373334779717, -0.43776075803653786, -0.30218306639742254, -0.6915422843266813, 0.32327256978548724, -0.06971501504389566, 0.1561629473584795, -0.1806526736534928, 0.09718827275911521, -0.2459590391425548, 0.2973161927114293, 0.6324294384625094, -0.35566516346366117, -0.11881851317539159, -0.058884877036166794, 0.6797694637493681, 0.6766246294739113, -0.29900871470815255, -0.03489853826653634, -0.21934401134121653, 0.18609733936162545, 0.4856795225424026, -0.5008502550719063, 0.13984833638142477, 0.0047087379281321486, 0.13385330514510557, 0.032944848051515783, -0.1497415079401321, 0.04591972380205872, 0.06029865361974626, -0.17280323753098834, -0.49608339041634186, 0.23229938884196025, -0.01720946001793989, 0.1769851477724738, -0.720544680695123, 0.554705418126699, 0.5036792220013796, -0.40796584173695716, 0.18767229091559598, 0.4468438837921522, -0.1879419731910003, -0.06781610072725475, 0.30856768660012873, 0.08127374517584515, 0.6146981525601525, -0.007133321482736854, -0.296927021412956, -0.18364814417670566, 0.11208342040651413, -0.2902053436288623, -0.13047857830166115, 0.4964158672423618, 0.655216130217275, -0.07476868343238788, -0.2099516717583936, -0.19509548294806128, -0.3384270775311955, 0.15226969674903468, 0.08656950284107293, -0.17263065075967604, -0.3831197180220413, -0.31237718955908844, -0.26885369014981797, -0.21198891375618578, 0.13778449553646907, 0.2047747734145735, -0.31138892120483097, 0.4383168846233819, 0.10405418708956193, -0.21817946065852598, -0.16425956963475385, -0.42148808422462236, 0.26300822688088754, -0.3323247141155986, 0.5597781276759731, -0.10050406879957993]
-170.80744192793415	(9, 12, 2)	[-0.03516930651211206, -0.2813355050212305, 0.04114225649899918, 0.7151125081196389, 0.0658875479127673, 0.13612526633629102, 0.3966312815329278, 0.011783479702600278, -0.011725136715206641, 0.022682962017260125, 0.3667569117341019, -0.7266101596736495, -0.5056854434938352, -0.2588884647720933, -0.20882753727955444, -0.16389182253395682, -0.4249120466329033, 0.4950643982552549, 0.5725572971193497, 0.6634638972516302, -0.2083220986978223, 0.08781845687299801, -0.32654629568273935, -0.10764484800592639, -0.2313629501388776, -0.34423644049186003, 0.023790051526678346, 0.10198160434689157, -0.3050281888687223, -0.44453396312943255, 0.2277617362660122, 0.5129812372428876, 0.32633715224839493, 0.1440764393129585, 0.30839707887914397, 0.1945558598326822, 0.04025924843386154, 0.34921392415897373, -0.40260395704254265, 0.669272192887057, 0.20207962406853747, 0.33947322682798475, 0.3312625764714348, 0.13768361678504612, -0.1364142793465107, 0.1469995041277709, -0.3244686302899824, 0.6142784336313426, 0.24110765114793675, 0.19209361713209294, -0.3090459978114003, 0.309075499987809, 0.15775685187449787, -0.44081389352381634, -0.3768007024466068, -0.015433867297528353, -0.43762359601635614, -0.32166159641315445, -0.6804625837436438, 0.28743450355125616, -0.07364595179427529, 0.15142196371760544, -0.20123233897107023, 0.08288159028860156, -0.24670801794987846, 0.34320619781640305, 0.7040362532911889, -0.3539815147049194, -0.11697794427925523, 0.006758428755666359, 0.6255958999761022, 0.6804039758145364, -0.30598227431423697, -0.03360712286102269, -0.22221965749217829, 0.18318650305053244, 0.503536870112615, -0.5018338113931127, 0.16688181668201063, 0.0288891447148271, 0.1037181257749789, -0.012221047059746, -0.1905950651832161, 0.0656573207430158, 0.039521936341208125, -0.2163476973284801, -0.4896546830487501, 0.148865567539354, 0.031829539088576476, 0.2034348536645656, -0.7139064734170231, 0.5376034181600535, 0.5089976903568434, -0.39078745728019704, 0.17429033834735908, 0.43772379783660353, -0.1872929142002508, -0.07669075870778022, 0.34239073661321767, 0.06759262405852952, 0.5886387289593833, -0.08738607699387424, -0.2802228121633624, -0.16713097611625582, 0.09080996003790592, -0.32085581148194503, -0.1123914146360487, 0.47968898754627537, 0.6296321510692676, -0.09554310263503395, -0.2521845682163607, -0.18603396208443446, -0.32028601020570735, 0.16399881335222527, 0.1043584398256348, -0.15900940657996182, -0.337397602499854, -0.2381270324658354, -0.26571706975318743, -0.15167246221216826, 0.1297873018551868, 0.17527103049755494, -0.24502289988016224, 0.42731599910322254, 0.10268081453641906, -0.16454378761430366, -0.11341754884142147, -0.4400292109437065, 0.24469825197772158, -0.26318279851873266, 0.517226514354534, -0.09496400462533067]
-313.73500945690637	(9, 12, 2)	[-0.1442372048763997, -0.2726187613076497, 0.059443482492271674, 0.7160357624735816, 0.017791451050267984, 0.24191580436907528, 0.4137997728163585, 0.0018332822468864257, 0.005839722399497597, -0.01710839479234183, 0.37888695539992545, -0.7192937247453084, -0.5190722274990642, -0.26614694686527973, -0.22909216175595049, -0.1873920583867253, -0.4326174141601592, 0.49623835802023347, 0.574586162094551, 0.7494591693540489, -0.2934636702326441, 0.08736069985838452, -0.4110720941448935, -0.11261427119734188, -0.2074019463528895, -0.39540677327404666, -0.062174551537707665, 0.1026994156064793, -0.29951420355827285, -0.6413986219752192, 0.2256736574304612, 0.554093732721491, 0.35484955618470637, 0.18108389565111271, 0.2910231427617184, 0.22025889343621013, 0.04679843999759968, 0.3575162444010439, -0.4005186938554588, 0.663741762462243, 0.1834894267560537, 0.3455395084513425, 0.3248611193863647, 0.09013550740189646, 0.06138322760899971, 0.14126740592092166, -0.3051014068217591, 0.6285967503005371, 0.24001310857654146, 0.19019238048454407, -0.29152259501929423, 0.2888559464650027, 0.1541931472123087, -0.4277041437879602, -0.3691829928989175, -0.18005380614760183, -0.45421567956804443, -0.33787677599778443, -0.696162778536704, 0.28242303599139235, -0.04246226829705298, 0.15584533977388432, -0.2026610162353078, 0.08518523993620832, -0.257220728270078, 0.29258257582702335, 0.6454741589026258, -0.32021083614955326, -0.11074903131813839, -0.0037828997892258073, 0.6133004442573203, 0.6769124597940346, -0.31645604069721917, -0.039450977306877154, -0.21798438806775966, 0.23341063622104596, 0.49937848306454413, -0.5171164308589076, 0.17194284381976127, 0.01900427910900605, 0.11479517202475031, -0.021882108424551103, -0.15252299349282555, 0.05162785885601604, 0.025105066687760476, -0.16659293957576826, -0.5124477357723832, 0.14839918077166497, 0.03146080008209682, 0.2196672405727752, -0.7168666084110662, 0.6456512103734808, 0.5024997430318725, -0.4037530646654628, 0.18850394957137973, 0.44736380465628633, -0.18521983599715988, -0.08589523025694594, 0.34132996548501665, 0.07044416615404746, 0.5844589844439377, -0.10389657279352488, -0.2229756287099249, -0.17342254097948315, 0.07416256732862028, -0.29898401207762204, -0.11614477495772002, 0.4898396211582646, 0.6188435136730432, -0.09995694900854106, -0.22396709109590088, -0.20370719836440987, -0.35545261878816237, 0.15536930675026706, 0.0870478788869155, -0.08244793543005871, -0.3419034299699323, -0.2497466327316929, -0.2673924338297043, -0.18707704543115564, 0.1424015099261009, 0.19034178104691732, -0.28440082862288585, 0.43935936458401476, 0.09988806324585926, -0.16815754893530083, -0.13174378662245073, -0.46517417876302636, 0.2555116083223328, -0.3409966047120182, 0.5314297392510805, -0.07725343805867424]
115.07313239714478	(9, 12, 2)	[-0.08018954971236883, -0.2732976852403633, 0.06173225577765051, 0.7116679257450569, 0.006705888425169829, 0.029890421894092883, 0.4148239980179034, 0.021321127669781854, 0.00558214980878951, 0.04154984307748361, 0.4666909473408781, -0.7189667528278807, -0.5050844619842707, -0.2692791772544571, -0.2231630450343432, -0.15881906161349993, -0.41497305178452504, 0.5065457007205105, 0.5714379277641283, 0.7491782353782306, -0.21060851943534892, 0.08830847937268953, -0.34034328841654304, -0.08961950041070764, -0.22022584321076397, -0.3999684784765684, -0.06123819574753944, 0.10191025516965149, -0.3143907226096139, -0.6300873748626485, 0.21041849730724632, 0.58254486613438, 0.3493305191349281, 0.15123702200268635, 0.34061334839844537, 0.21390116279607485, 0.041531148179427844, 0.35251602861327747, -0.4065842021037357, 0.6689876679301644, 0.2220009751628396, 0.3262052634291891, 0.3392537176419906, 0.0890820813265578, 0.056664813674659434, 0.15459727679433335, -0.3201140146808961, 0.6313396105286241, 0.24449579012783512, 0.18801505835899, -0.292819610987725, 0.3128478320180636, 0.141507257141688, -0.4345093457335635, -0.3921803297888148, -0.049448871577478085, -0.4611264428520244, -0.3385219729033812, -0.6988349426854202, 0.2548391935801115, -0.07383874224727194, 0.15664340287137535, -0.16932222622047527, 0.07228149870840087, -0.2604651706076079, 0.34026982541344913, 0.6764813751574895, -0.33672493153687877, -0.13322225644528668, -0.0006887700487335996, 0.6253948317044038, 0.6953923697293096, -0.31673926233874145, -0.036404915551432146, -0.2331215148035775, 0.18066250298688996, 0.4968616683536462, -0.48636880311196773, 0.17373161838004955, 0.01974290565516085, 0.10468411950566006, -0.022831702711731277, -0.15674994847477833, 0.05332459828424582, 0.036460151046459985, -0.15197190747806566, -0.5098114986021218, 0.23689818692679623, 0.021660512059362067, 0.21500231243625662, -0.718277559834091, 0.5505107042729496, 0.48639987118794215, -0.40986462936766366, 0.19855457405147284, 0.4470150831626273, -0.1849026402681485, -0.08606857910698568, 0.3388030070183976, 0.07204735385323517, 0.5857678867700062, -0.09065744912141786, -0.2277788976617096, -0.1789989893685262, 0.08662830171147805, -0.30958282618943256, -0.11566506408284186, 0.48158162407472666, 0.5748740139294328, -0.10422529657323898, -0.21281078604115705, -0.20418733487465537, -0.35524424701581814, 0.15985080069532184, 0.10175023931051275, -0.15327783639375214, -0.3675225807412041, -0.22899633432389796, -0.28009308192618354, -0.1451990663762791, 0.1163080612143862, 0.1907798659645264, -0.2725611752977386, 0.44341720368180515, 0.10385646309735672, -0.1689169536081637, -0.11442844416740915, -0.39413092913606884, 0.24223176737535496, -0.30501021097113223, 0.5202069679716494, -0.08822056335794119]
-20.082471236845635	(9, 12, 2)	[-0.06891151890503447, -0.250895404789867, 0.061853107682517346, 0.7172837834214353, 0.06545065446962539, 0.2047477196041454, 0.40515515493503584, 0.01942073766762436, 0.012046396288374138, -0.04113158151920089, 0.3848895713702575, -0.717598963846835, -0.43235565701522655, -0.267862766490242, -0.2377524928039197, -0.1796630229922508, -0.3961405320978544, 0.46180276644327367, 0.5703512486106875, 0.7629353881244816, -0.2008080276569241, 0.08813616672438641, -0.3507724192932308, -0.09479173130180878, -0.24317972394073237, -0.3650031567407418, -0.10639592227377967, 0.10298238629605208, -0.2951372027208916, -0.6190614646267394, 0.22345869661013373, 0.5555990926893611, 0.3571850420771606, 0.17577434210472742, 0.25423715116681206, 0.21962612583056995, 0.0502431404594047, 0.3815969747684045, -0.39405727041524, 0.6612475218150717, 0.12285045798134832, 0.3512392294356905, 0.38038079986050133, 0.10258177491911316, 0.04569300767463553, 0.15493728022612047, -0.2995811030093654, 0.6438924930281307, 0.23774416744530233, 0.1881353778439624, -0.28985191803711, 0.30864863961104755, 0.156321371168197, -0.43168068873163057, -0.3113701665843811, -0.009952704332244175, -0.4413754554683038, -0.33430011906965995, -0.7121238617751587, 0.37773732347964745, -0.07113301377322058, 0.15942810803819932, -0.13847432620929093, 0.12542953966648054, -0.23771668115462669, 0.30436812806668345, 0.6084513395558724, -0.343162372450794, -0.1364588365320281, 0.03285042792661991, 0.6522121945022161, 0.6762402101040101, -0.31999432397891264, -0.04631294971532657, -0.17733874886679074, 0.17981199902828365, 0.49234397360441484, -0.5117177173585578, 0.1735228897503585, 0.008347586064151643, 0.11666226153096565, 0.015134505717307147, -0.15526127052123417, 0.032717718441942836, 0.059627948790445584, -0.1478090429687448, -0.5070763441395836, 0.23855505904828134, 0.0175105268831628, 0.19737258411664427, -0.7177903797168336, 0.5459473524281919, 0.5017452462141108, -0.3944980012261689, 0.19397402628310892, 0.44880949239263096, -0.1863030654839969, -0.09406199817314617, 0.33102654537939635, 0.1017521710587382, 0.5921083671198681, -0.1502443401148781, -0.3654196039471511, -0.18267126749196885, 0.08092670256448861, -0.26381476682697724, -0.10044191010077311, 0.49499406671088386, 0.5919325628294602, -0.07935014122448801, -0.21737298631090657, -0.1814774585780659, -0.35939791120639053, 0.146039033577195, 0.07286318204623346, -0.11783892321000211, -0.374288640970058, -0.2802954674890871, -0.27082491522133756, -0.19288412944275823, 0.13677692447043385, 0.19218926844151873, -0.28860275512998396, 0.4629900449246346, 0.10417802216527626, -0.18626488919318518, -0.12192259017293723, -0.4215394384846418, 0.256404332469263, -0.3244861320765193, 0.55301912266376, -0.08626415235280827]
-278.9624332114447	(9, 12, 2)	[-0.06218751315270388, -0.2551822875304086, 0.013812784018396161, 0.7248162339408614, 0.07384688641356923, 0.22609946272590026, 0.4120900958523841, -0.028562888353832923, -8.482212543615866e-05, -0.048835088963317404, 0.4599280123306507, -0.7376588617044113, -0.5207243652560409, -0.28714173976691615, -0.2247204315579541, -0.1880103219756463, -0.4212111518518252, 0.4990358677345287, 0.5753421626831929, 0.7436905215306432, -0.20600694823006035, 0.09430392885565231, -0.3254596353902569, -0.11110622599938108, -0.21318398789973136, -0.38664666465732334, -0.05824925270070169, 0.10513245178571423, -0.2976939452248537, -0.6255205477763168, 0.22395894771947766, 0.5562890197046814, 0.36272592232053413, 0.16259036131059115, 0.26074191031419053, 0.24524264997478307, 0.04740160943086793, 0.3692791223538638, -0.3976429895588325, 0.6495442787987542, 0.15930770802652364, 0.3536997856222299, 0.3305099553239198, 0.09551525241552775, 0.02731977499820052, 0.14659789429559114, -0.2889543577051243, 0.637659200349055, 0.20654327516069398, 0.1872228665144712, -0.2926335836299958, 0.3128212293990439, 0.15907520996118157, -0.4295249377035699, -0.38427923786498686, -0.0134166574489813, -0.4523412723828311, -0.3243099057281492, -0.6945716120709874, 0.41940709151696254, -0.06876077244968731, 0.15767369732684894, -0.16729340820073146, 0.11908445238056566, -0.24799450380261537, 0.3200166223702203, 0.6358253901804034, -0.3441099496524357, -0.1265765742896735, -0.06821806085218475, 0.6337274916347578, 0.6870618708479972, -0.3037182368268944, -0.04138448130330084, -0.22511523151605842, 0.1888616339905316, 0.48687176091584594, -0.5294879032907429, 0.13433665733995323, 0.042447361787389365, 0.1146815425613425, -0.007560538649798538, -0.15886123868803378, 0.04914196314522179, 0.04453956420620989, -0.17900387912705187, -0.5102301486814631, 0.23847352952027098, 0.026443804975534533, 0.1989660847702599, -0.6368437936676823, 0.5281985025730116, 0.4811045824993219, -0.40670514265964347, 0.14391630558441265, 0.4454504641381221, -0.18683496770332678, -0.09108973760347158, 0.33424103417742634, 0.09364639427832488, 0.637596514489074, -0.10464641894618444, -0.2582738267459235, -0.12241935143454467, 0.07885110945027081, -0.27196985740224133, -0.10104616844806612, 0.4225789319752378, 0.5781546337978137, -0.08687834403059931, -0.23503686468374332, -0.1989607181588045, -0.34269711026382244, 0.15378909429419818, 0.06959630506142328, -0.13865929049840975, -0.35990082542699514, -0.3224766367915408, -0.26978115691429205, -0.2002114670104085, 0.13153488438680105, 0.19130706763240385, -0.2380816245789231, 0.4578969166290423, 0.09969326507951878, -0.1715505500326419, -0.13118414249284846, -0.43534199028352877, 0.24613771894925263, -0.3281311956860566, 0.5431110526352028, -0.09683636473563714]
25.3962997307149	(9, 12, 2)	[-0.0872893253742644, -0.27301786433640174, 0.05110103398675806, 0.7176792829589578, 0.047572495774065804, 0.20994135102724426, 0.4056268685523029, 0.009161622553651067, 0.002474169218009728, -0.03275592553644299, 0.37877612481163425, -0.7208227174082854, -0.5198042014498656, -0.2674111006203968, -0.23625080683063698, -0.17323871579932162, -0.4093572190988675, 0.4779607762528819, 0.5646003891922518, 0.7525780051183356, -0.1926469380399767, 0.08125691834648294, -0.3407801754711661, -0.10363202064961834, -0.24397701676376862, -0.4082636608076654, -0.07860120462834493, 0.09974758793185244, -0.31319985873336864, -0.575420614194832, 0.22461735365261393, 0.5633868376097357, 0.3580502712985493, 0.1744083738380545, 0.1967541617520886, 0.21444694677572057, 0.1715972995125795, 0.3707293928951156, -0.4316648943579874, 0.6557858402747282, 0.17863396932531084, 0.34863542645206197, 0.35229442094779284, 0.0936160834364832, 0.013810723691121083, 0.14931297962964998, -0.30108185297906886, 0.6433278040699587, 0.2375628046389373, 0.18134830465048718, -0.3128309094240181, 0.30570971402391967, 0.1845088963413985, -0.4311245551248733, -0.39380652446955894, -0.01977399944292236, -0.4630032305949827, -0.3192787177767309, -0.6886917459097965, 0.3482174449309068, -0.0678152249904605, 0.16912154583131284, -0.18528822741516382, 0.09186680624188454, -0.23824868483102157, 0.3249647565371358, 0.6397780676055467, -0.3352978911265806, -0.11955995352538154, -0.0037431731738219003, 0.642103875880175, 0.6865667975132124, -0.3203264952253383, -0.047263896664146585, -0.21577986976518918, 0.2162283552541184, 0.5003743761211641, -0.4878697770027199, 0.16207834585032396, 0.01315021016257065, 0.11351513199369596, 0.001987362143629126, -0.16549711852507293, 0.04894490215237703, 0.0589564160145076, -0.16534168704591815, -0.5071897955761676, 0.23605431132141347, 0.013116317670547108, 0.20051933059605964, -0.7041393144578506, 0.5571147800292648, 0.4965847796020525, -0.4343434842706906, 0.20197255177196996, 0.4463869290548558, -0.18896629836549989, -0.11035108410960873, 0.2891955773538684, 0.0815802822316134, 0.6114335247342513, -0.13494643301004056, -0.26709917916701686, -0.1315905256221145, 0.05854145097416018, -0.2772764829043054, -0.10023001054493731, 0.4799150119354741, 0.6054518554893009, -0.09328512525286672, -0.22648320683774262, -0.19865970412638834, -0.35816412482708826, 0.15693525552544932, 0.08220122921399642, -0.13915978784167524, -0.35216519131286317, -0.2755869865922286, -0.25708765992483146, -0.18716530354171357, 0.13402695256821653, 0.18702144296710776, -0.25353642265651194, 0.45045106572430205, 0.0964297849687694, -0.18339994078209992, -0.12230868854854823, -0.4382771642883542, 0.25216863452495036, -0.30800177225563247, 0.5298970902313724, -0.08232588747302697]
37.93615646677458	(9, 12, 2)	[-0.09120724604014288, -0.27155213154841085, 0.052299322723457047, 0.7162401927952736, 0.05628794834198304, 0.2331376557040285, 0.4077196551988493, 0.025676652327984044, -0.019806643753884714, -0.014968184017435975, 0.3810494079193969, -0.7106447618661791, -0.5172525468587275, -0.264342627603623, -0.2315504168464013, -0.1928528488563051, -0.37438813107848795, 0.4915137079904095, 0.5726973560875291, 0.7718210127211507, -0.19474597254241807, 0.0852584205525941, -0.3744594901926589, -0.1284101765072629, -0.17808167128138996, -0.3957311028543161, -0.06480635578822591, 0.11012299281628879, -0.29648873764487943, -0.6257233268933242, 0.227418143844465, 0.5537466382326931, 0.3449615994841773, 0.22815773507194, 0.1981048853211933, 0.2132617812063865, 0.04450923644214827, 0.3776316160217707, -0.4013438125329879, 0.6553593313520849, 0.17792524883450156, 0.35088485210915, 0.3557537315225633, 0.09889920179183469, 0.03999167734312377, 0.14602810424777446, -0.3044000691446596, 0.6327728627988014, 0.21299139185725646, 0.18583421851818144, -0.29117778624382373, 0.28834879300314253, 0.14881695666715633, -0.4430297983088954, -0.4844497943341771, -0.0342897206825144, -0.4567432206627711, -0.3341355151109555, -0.6951361384475115, 0.4294114894845564, -0.07052417824288297, 0.15527105761955146, -0.17717105861064086, 0.11613686316437628, -0.2558062886530317, 0.32664316093588736, 0.6498698964048759, -0.3199525555184129, -0.13265027573962102, 0.021561042423573977, 0.6315214739690097, 0.6810169142796554, -0.31492026525041783, -0.044179166244492515, -0.22512632917090056, 0.17602447735664534, 0.5011757767804125, -0.4868430175443006, 0.1645451214499192, 0.017736470306296197, 0.11589496421478501, -0.011920085604878273, -0.1518638340268603, 0.04624497581112011, 0.03223043336337242, -0.16146669182141682, -0.5017948060754358, 0.17001345863171086, 0.06833344510694456, 0.21745943926907887, -0.7191671474298387, 0.5467197402679433, 0.4951892943516693, -0.42192371348303814, 0.15178261274314725, 0.4485858079186279, -0.18073435110635677, -0.10264027813027116, 0.34229936852446485, 0.0777051171335201, 0.6073216611270433, -0.12666980200412137, -0.26703054714876595, -0.145806513466555, 0.05981271696536347, -0.2718471921429083, -0.10478661795647781, 0.5063266079418124, 0.6120750064363734, -0.09875924317751504, -0.23153373729180182, -0.1864082762071287, -0.3496061796986308, 0.14984566846075079, 0.07508992287075617, -0.13127482993186845, -0.34401435657857765, -0.2715088481621645, -0.2630429062292868, -0.19765703146044625, 0.13381204666017743, 0.18128066744186244, -0.24509989391039078, 0.45132787300225263, 0.09508371791364316, -0.17334079367700417, -0.13502644704498556, -0.45131483711847326, 0.2524980017984674, -0.3175812864889557, 0.5379522904802028, -0.08827264695282226]
-296.7542311384972	(9, 12, 2)	[-0.10421919134821474, -0.2592411664659046, 0.15065664267321913, 0.7190176539353468, 0.06510027109259334, 0.15279047455630507, 0.404435259126541, -0.012787623290761945, -0.24022659471141333, -0.03349964539751846, 0.3755154445117634, -0.7254853766782944, -0.515916618458999, -0.26742582543453064, -0.22144163427364721, -0.1831434200728804, -0.39644192164975567, 0.4693245364290457, 0.5747175009474742, 0.7541478933872562, -0.2010310660227419, 0.08806200335005107, -0.34866214918272775, -0.09839736920183383, -0.24178579035110387, -0.3544388438305848, -0.08313659600098228, 0.1025972856191412, -0.3033788156070781, -0.5538073013261867, 0.2256673117381373, 0.5504780171632635, 0.35157180133343047, 0.17622055396012018, 0.2983766109223855, 0.19679933327618715, 0.04676744542857305, 0.378863651278153, -0.39576555989162954, 0.6666873027765777, 0.15828848598396905, 0.34306238166077485, 0.3457396584976889, 0.12444654801779986, -0.038382813874950225, 0.15493010529951595, -0.3024491145033293, 0.6256454279560631, 0.23992156152193947, 0.19167963709084385, -0.2901784786995838, 0.3072276231725499, 0.16023491585730995, -0.4336857241156531, -0.33471713817166493, -0.014736515601148262, -0.44119746070160626, -0.32968274087146177, -0.7087941149053445, 0.3260882509993711, -0.07527080634910549, 0.1600491659916718, -0.17866906496229978, 0.1161784548547847, -0.24185142205329496, 0.3922777758444185, 0.6433700994688966, -0.3449112843780594, -0.1351912721327247, 0.012686297440965543, 0.6462877168197274, 0.7170269347878864, -0.3192722689822971, -0.04279925875529253, -0.20704810913231486, 0.1822339056058549, 0.5020816613325374, -0.5267373107587909, 0.16887295012418668, 0.008952953988435862, 0.11097191529998596, -0.0653220065416534, -0.15937907256593395, 0.051614130040773844, 0.032763683482280516, -0.1992899428271316, -0.5053601023815087, 0.23708758812297676, 0.025851466667667442, 0.17041726512015257, -0.7199603190341086, 0.5430153200911045, 0.5026488213958886, -0.3936901508641252, 0.19122634068589764, 0.4436509048471252, -0.1880315738141216, -0.05648582378728974, 0.34501146035127594, 0.07096019635481053, 0.591444132052277, -0.13988988461854387, -0.36428044228521084, -0.1789367907824663, 0.08546900593091926, -0.29446156292206005, -0.10671166675401164, 0.48625809604626136, 0.6036625075288864, -0.09496753223748176, -0.2395304821289966, -0.18172503427823297, -0.34590021837611235, 0.2543422975307205, 0.0776880089950917, -0.12906347419139927, -0.3570768481579864, -0.2789477091092418, -0.26585538260422126, -0.19029587914479357, 0.1359442206012225, 0.1866416509625029, -0.25012994587856185, 0.45011705669100255, 0.10175458923683137, -0.1827508923487544, -0.12124052453568163, -0.42922692894637615, 0.2531627774970638, -0.3240913881735145, 0.5207368748375121, -0.09980817085399708]
-180.08454989784454	(9, 12, 2)	[-0.08142210556512078, -0.27125769661980653, 0.06071761977555709, 0.7139399739341876, 0.02374474664013001, 0.21184589063009363, 0.3461029176224909, 0.002558528506013344, 0.0021704545681104927, -0.006292150858550341, 0.37975247835487075, -0.7256524056944684, -0.5097297669798013, -0.284216035179764, -0.23215146739899237, -0.19406658333473917, -0.2647509296307997, 0.4766594636353894, 0.5757035369491742, 0.735212756713228, -0.20458923642824992, 0.09158963530182185, -0.3714245959620103, -0.122515857563887, -0.19502532833751238, -0.40458441002571005, -0.09540748538790353, 0.10018918883376075, -0.30071186487318946, -0.6299417985726176, 0.2256162811009798, 0.553700265986743, 0.358140716598439, 0.16388541214092128, 0.2677367944060142, 0.21546105829111908, 0.04909921042634532, 0.3540231567963235, -0.41402687762466944, 0.6670904812198618, 0.17544874047133588, 0.3368457231941856, 0.32584223382654454, 0.096460515349577, 0.03767154334186912, 0.14688976083210675, -0.2830312000333541, 0.6357461702265401, 0.21920729162750852, 0.17063767812536756, -0.3001803800725751, 0.30004915199113075, 0.13626878655023889, -0.4328854147325668, -0.3498254177381505, -0.029404722971035184, -0.4577915752564462, -0.3348095990251212, -0.6939022116203025, 0.44331990016160705, -0.06936416111010836, 0.16344384538837398, -0.18183939385511164, 0.11239003095532757, -0.24150003571264678, 0.3155387901971329, 0.6744363769470639, -0.33871209248854817, -0.11994180507531776, -0.014545286566563786, 0.6303440258350761, 0.6722586149612478, -0.3136352353884975, -0.04222087406584502, -0.1383357823985654, 0.17893871523837523, 0.4974155900776622, -0.4968023099964847, 0.16575373162122095, 0.020600535153319898, 0.10340173116077862, -0.006438124631920917, -0.16183514390080148, 0.0451074132059278, 0.028146348986900542, -0.17744137018244813, -0.5116112886442161, 0.2157030803271638, 0.03709462054964282, 0.20334056020014293, -0.70871870059169, 0.5275282556468117, 0.4876005512271835, -0.4101334395938956, 0.16658199703575327, 0.44709277602720865, -0.19199800063067002, -0.10662671382979694, 0.35162248522361533, 0.08900556031092907, 0.6203189791807819, -0.14520320862229394, -0.27102156269944355, -0.14847506621837173, 0.07717921033292968, -0.27682425286542167, -0.11076445667553539, 0.4693462980751665, 0.6127308658199737, -0.10222085781249257, -0.23142129750005525, -0.19397587937869343, -0.34807849172853367, 0.149107729143593, 0.0734669924488671, -0.1424984400785486, -0.35563839981759043, -0.27370041546882184, -0.26330513508621556, -0.2018173764883569, 0.1410362568204253, 0.18946385964822335, -0.2471231705596234, 0.43532801698046736, 0.09538531202280266, -0.1765862414624746, -0.12029130378608441, -0.4296935638976718, 0.26248536734251265, -0.27818342785036426, 0.5361923199885616, -0.08938931024273135]
-390.04109046887265	(9, 12, 2)	[-0.09136535759558173, -0.27341204885952447, 0.06101857042188462, 0.716523800444477, 0.05963859756497411, 0.20616484825122813, 0.40283692848812, 0.006446784706171266, 0.0064453740887500995, -0.031091241569523233, 0.3936544324677871, -0.71880375308689, -0.5242977905253592, -0.2629800759337182, -0.22039037622550067, -0.199513986555928, -0.4203321612624842, 0.48432873600170423, 0.6466169377792883, 0.7251300611837695, -0.19948231745943457, 0.08977223958670347, -0.34760054344000724, -0.10226452114399173, -0.231557308340554, -0.3922360535138258, -0.07255250748276613, 0.10242515245353917, -0.30299203427839094, -0.5906095566090762, 0.22289322408337423, 0.5641059105096392, 0.33843006584969415, 0.30153803457516565, 0.2552425053880647, 0.21131933063449115, 0.041214708008765935, 0.3767818844180884, -0.4257290190405421, 0.6591167535637343, 0.1416945926185768, 0.34546418517442634, 0.35792687852576816, 0.10619424855168147, 0.025305236923183434, 0.14986698460467013, -0.3009101996224947, 0.6311507287669205, 0.22854022016352749, 0.17645368964335165, -0.3040858665101083, 0.299170995263122, 0.15981171635505506, -0.4329883153167221, -0.3990089194833062, -0.013152901671495704, -0.4516646375541872, -0.334438829096056, -0.6931196330137064, 0.40627163013477535, -0.04479789645477722, 0.1699474383266394, -0.1927914752742324, 0.12091734906352461, -0.2424291267723679, 0.29193829915553754, 0.668400741486243, -0.3404474369477911, -0.11962600440710783, 0.008569092757851716, 0.6226029134812514, 0.665176995127813, -0.32937756291159204, 0.0440191499011208, -0.18979698737262524, 0.17876944299070058, 0.49620027739197414, -0.49389758321181, 0.165837215876578, 0.010732487979636798, 0.10317647610954406, -0.0038273842092242318, -0.1757857937603904, -0.014997796222706656, 0.02803374189513689, -0.1895224007434087, -0.5064098526653273, 0.23327196243347448, 0.04586871015134495, 0.1998045651955831, -0.7133637916427125, 0.5278283723971502, 0.48517777839884957, -0.3969213356042847, 0.2000494967471632, 0.446637074038637, -0.19000624053836018, -0.08613900256508593, 0.4157903283169945, 0.09042964938938163, 0.6195681941119905, -0.13623935085962094, -0.2930426430180227, -0.09229632422311157, 0.07767863780829068, -0.3040906651524718, -0.11553721082277141, 0.4795045996130355, 0.605720759268462, -0.09557988084006529, -0.24239771777260563, -0.19491253316926066, -0.3529247264076959, 0.15185803807495377, 0.07779992964490924, -0.14858390627006668, -0.3627367165738893, -0.26712191411763564, -0.2664286676251838, -0.20481514887043148, 0.13402271366649207, 0.18064299801899802, -0.259773152467647, 0.43646417964043305, 0.09699180486843266, -0.18976498875570252, -0.11556973117510219, -0.4265582117917752, 0.2546516535115234, -0.2696785131842042, 0.5244371104358465, -0.09174892654431067]
-343.08730950982397	(9, 12, 2)	[-0.059489355533971, -0.27007504497552914, 0.053988902632570585, 0.7250564590009506, 0.0575499524263907, 0.21107011894647407, 0.4059818129326598, -0.0003594202179925507, -0.0016983044857263542, -0.014309360829414967, 0.4090916458569281, -0.7232115403532166, -0.5103181634466751, -0.2661857970302088, -0.22189042592833363, -0.19370288712519898, -0.4157836940110585, 0.480661713479515, 0.5907375371964042, 0.7076444093581871, -0.12265008173542793, 0.10206050197489012, -0.34443789052196855, -0.10922818153498928, -0.20424643799913428, -0.395869930704123, -0.03420498031213542, 0.10264527901046638, -0.32158260455378124, -0.6046618759170626, 0.24081588456775524, 0.5501506713675058, 0.35121712680166445, 0.18153636438415258, 0.26354226703154016, 0.2046128532310647, 0.04117433602333596, 0.3693410752663204, -0.4162072476820067, 0.6658667843814484, 0.1763978653471417, 0.3394587211792799, 0.3354808647917779, 0.09734650249443569, 0.008685811101052033, 0.14965032978788084, -0.2901445286182172, 0.6348364444366181, 0.2284282608425704, 0.20407004680470284, -0.30034146916361054, 0.3175298192794107, 0.17225026661044607, -0.4323239908912283, -0.3524122789186837, -0.016580817480942603, -0.4516314148667429, -0.32590432090796073, -0.6969446694052304, 0.3904916552889347, -0.05616598785368159, 0.1655174286944086, -0.18205329062227213, 0.1092136374793605, -0.246792079324204, 0.3161553053527514, 0.6558268602115156, -0.3367014991803905, -0.11820637606639665, -0.0022022908173451824, 0.6288413010308678, 0.6645712296982451, -0.3074180026622483, -0.005073062616939971, -0.21354541314137726, 0.17843149266031788, 0.49831695674335025, -0.5028883918395608, 0.15216575732411186, 0.026193131235684248, 0.1093590373906, 0.0024786392506262515, -0.16829733425886514, 0.026140742113512694, 0.0249660978784111, -0.18093011646077703, -0.5095078814960783, 0.19687995056854296, 0.06254261199626453, 0.20164852365563224, -0.7156382638565386, 0.4620129512194878, 0.49247446475620715, -0.3997463914587809, 0.20013760295225194, 0.44593855467122256, -0.1835462900578393, -0.09229739965301377, 0.3311307901006162, 0.07627687879758199, 0.6236642230281013, -0.1280532777973256, -0.2767342931191049, -0.1398094071802143, 0.07690553486027481, -0.2841104747760988, -0.10822001566879678, 0.4623595120173819, 0.618171695639987, -0.09638435447637864, -0.22883149135563552, -0.19516616990095179, -0.34931695993768874, 0.09433774915448467, 0.08085100358463469, -0.13286786373273043, -0.35472985136345225, -0.27953196276677394, -0.26664260181932653, -0.2063385565308417, 0.13340626773912456, 0.18664889414489183, -0.255540059450081, 0.43988909707829843, 0.10154884454077891, -0.18538637431366872, -0.12020902954801121, -0.4277674727125666, 0.26498983398085046, -0.3142019715431001, 0.526663304436183, -0.09319562442875298]
58.99934962485881	(9, 12, 2)	[-0.11109318118053021, -0.27298402792224663, 0.05813874993809044, 0.7184406073254842, 0.0477952237035078, 0.21406923276420997, 0.3879265807501426, 0.002099575316519461, -0.0031108727597642075, -0.02951603353832303, 0.3879788123711335, -0.7197867658909054, -0.5170692598204021, -0.2773797085894578, -0.2253055698817179, -0.20582674379639357, -0.4060048632096873, 0.48418608472119573, 0.5903136547142083, 0.7349248940961689, -0.1772761985716, 0.08820182877192659, -0.3522866321204684, -0.11493608593135453, -0.2239431791085172, -0.38481442380764574, -0.06220111948242092, 0.10209607778463178, -0.30296999154188914, -0.5752861498205606, 0.2227839326393925, 0.5509843331679765, 0.351891770052254, 0.19163135435725084, 0.26433604427409413, 0.2111512082191398, 0.04834032436332254, 0.36485898256399296, -0.41836160941797873, 0.6557596995950411, 0.1632693412046427, 0.33712881116532195, 0.3378452652940261, 0.09674009565014205, -0.020945743883775778, 0.15180921156782315, -0.28426271724089847, 0.636941355326245, 0.2181130951220221, 0.18736181636058266, -0.3113139282667401, 0.3075590861850368, 0.15796186328266268, -0.43157193401588934, -0.3968008318262879, -0.02057436682792062, -0.45187493208852547, -0.33470395422011207, -0.6989762533396653, 0.42448024480405355, -0.08547816542411471, 0.16852719729108856, -0.18398162838654863, 0.10925361549311115, -0.24463217098556622, 0.3231367095590286, 0.6681165490073164, -0.3383817654091797, -0.11996537855857078, -0.0243887894682459, 0.6317530249249171, 0.6853091797988321, -0.3126753905706227, -0.00917000514691843, -0.19482100025925725, 0.19133076506284175, 0.4951625430535583, -0.4970126824269888, 0.13993477205385982, 0.020166204113170758, 0.10881605119276373, -0.005884982498397544, -0.15679250252284574, -0.0023924717925899765, 0.01705737783728127, -0.1839564845068713, -0.5079680825902987, 0.2300505158633416, 0.06849238965695202, 0.2037359270732151, -0.7120811619021818, 0.5388229640793732, 0.4873957369405925, -0.40696155237780074, 0.19370411580523086, 0.4443641079322528, -0.19096924876215887, -0.09131883137119631, 0.3389549670778595, 0.08195446516295192, 0.5723303432827941, -0.12083992588284892, -0.2856703204196908, -0.15365789328837384, 0.07731223650353765, -0.3001465205077924, -0.11164847454998199, 0.4735178107324927, 0.6035729919969001, -0.09613659909721851, -0.23405071247571285, -0.19777584642601764, -0.3460617818410885, 0.1575888832833237, 0.08438191906640483, -0.14242477079241658, -0.41129571588515673, -0.2694495158982262, -0.26716589373026023, -0.1975326813927082, 0.13096252870788933, 0.1718756333762262, -0.2511337779028655, 0.42888010516589514, 0.09928618072573325, -0.18835946396640835, -0.12034793311806487, -0.43665223533688413, 0.25710455716642033, -0.2922132512895712, 0.5334814532114208, -0.0909006153708314]
-219.36362072944394	(9, 12, 2)	[-0.0883938554081606, -0.26798503110654026, 0.064840230587442, 0.7168670230050513, 0.041462930677557096, 0.19979150706979384, 0.40180467642086615, 0.004998185546259925, 0.007835608083082942, -0.03503604038707276, 0.40272306373274236, -0.7166464842038013, -0.5318068534089939, -0.26426006424603393, -0.2342466267240293, -0.20291224863215063, -0.40856810294307483, 0.4802286532785737, 0.7593072391951036, 0.7222162300773202, -0.19904510512331514, 0.09181196158481666, -0.35488865916914947, -0.12400948541708905, -0.23488586697043506, -0.38147918161787464, -0.09912115943413084, 0.10159804172818021, -0.30074535270044706, -0.6164148502126268, 0.2222889796933698, 0.5687063623544099, 0.354791080793012, 0.17858405281640988, 0.2541433657768092, 0.2126154476202487, 0.04903696954264927, 0.37479267996594184, -0.4239551082023645, 0.6587394782270133, 0.1360532739183939, 0.3359504922942773, 0.36464967123076664, 0.09892156297152001, 0.028153644337202507, 0.15281708878640585, -0.28817407826399044, 0.6368184805758383, 0.2155065501323811, 0.17151648693645868, -0.30294437174660616, 0.2970530437130259, 0.15956452456664802, -0.43295406729384356, -0.3195000847592392, -0.018581140696736387, -0.4573410069050132, -0.33560117090624514, -0.7025143389460522, 0.4320608492348865, -0.10160462756319108, 0.16858421530814882, -0.1820367926829834, 0.11494760313167951, -0.24174291417616672, 0.29108527889804436, 0.6333883811056603, -0.34088952421667823, -0.12254950040590606, -9.01576970268863e-05, 0.6343335768516802, 0.6691962703452541, -0.3174243643094511, -0.005568776311915992, -0.1917392266603205, 0.1788264359202168, 0.49375125889790633, -0.4959257278271588, 0.16606951747338028, 0.0136307289278143, 0.11473299175129527, -0.005506275603180637, -0.16830453934902437, -0.022564982549514466, -0.0022232488608809305, -0.1793515166407414, -0.5161920254566341, 0.24060085229790729, 0.09032976007722221, 0.19974247026266193, -0.7101105870621063, 0.5276579375566981, 0.4826307751998397, -0.4720936987705286, 0.2032135950064986, 0.4474211056035161, -0.19367112441791423, -0.10759622207551858, 0.3534957422685443, 0.09089014121453019, 0.6190889089109759, -0.15121451220182988, -0.29973551412635874, -0.16333745303446298, 0.07058289493938993, -0.28638997901365737, -0.11357316768013778, 0.48260449835102176, 0.6002998625455696, -0.09522558265556992, -0.23130368271667467, -0.1960792044430901, -0.34882708001818497, 0.1480413135972976, 0.07857745881211833, -0.14509713163199767, -0.36593903082487844, -0.2552571096061421, -0.261157077719599, -0.20007158602733177, 0.1349739345568469, 0.18293570647551552, -0.2530140472582625, 0.4530315189681117, 0.09620392617769681, -0.19862376612394445, -0.1132849133977742, -0.4276477680958437, 0.259654529246463, -0.2581437093665703, 0.5367831036075161, -0.08808855657688479]
-25.74156336934209	(9, 12, 2)	[-0.11166106983338599, -0.27093585523705976, 0.056622300161150524, 0.6261004067792099, 0.04851748591599937, 0.22062897425991623, 0.3997558705611119, 0.009213643407075969, -0.0036250934192816903, -0.029304601758726394, 0.39058265660260505, -0.719956944778234, -0.5155379950426879, -0.271833903268693, -0.2249354409338763, -0.20880509135762787, -0.39950877325085354, 0.4859371923738159, 0.5770817759499043, 0.7351943552981599, -0.1878274991944624, 0.08507137489713476, -0.353231281797414, -0.11483927013407381, -0.2166173526853207, -0.387527562777866, -0.032017913542422075, 0.10398569644679083, -0.3028724506259633, -0.6091793138435602, 0.22270680973257737, 0.5572039376412021, 0.35149190077619596, 0.17820957524763764, 0.252375063743904, 0.21168697682265053, 0.046622969921567003, 0.36799221162088414, -0.41812737315863957, 0.6561136407362724, 0.20275250034190662, 0.3417879300344552, 0.33382329805393907, 0.09806493133710718, -0.01968156662211371, 0.15001092437746816, -0.2762936666853165, 0.6287496884619945, 0.22059795144722139, 0.18909686248026375, -0.29874548062265593, 0.3078202899321023, 0.15617052978899065, -0.4304611962413768, -0.3946613877422247, -0.02192094545283637, -0.45269333337330486, -0.33447126059293547, -0.69598638041085, 0.4092468066156651, -0.0845383943621371, 0.16088227213847275, -0.18357532018568168, 0.11011795086981863, -0.2458149348049772, 0.3230389647116044, 0.6636004093393455, -0.33831003773470547, -0.11981125501384737, -0.024024646181621912, 0.6331703197830466, 0.6835282757698495, -0.31152388887266946, -0.013298182821384959, -0.20215612813203282, 0.1958658491772532, 0.49538433054073505, -0.5051292126646555, 0.15120430519369565, 0.020119872430469095, 0.10925445458282002, 0.027079373041270755, -0.15767663545533978, 0.001959557515019552, 0.020176465220175306, -0.17300718278214416, -0.5074445397163806, 0.2232139237843755, 0.08193684327085907, 0.20135265693952842, -0.7127993127631841, 0.5386281455565878, 0.48927982295826566, -0.40665317001195217, 0.18490127017675145, 0.4448687779319456, -0.18978016460389469, -0.0942142368402066, 0.33932668377561437, 0.08231838701999247, 0.5925290541463082, -0.11956257638369241, -0.2761203512293725, -0.14113215382304356, 0.07702314123558289, -0.2870833364311526, -0.11165577384009906, 0.475591600828288, 0.6035636979881268, -0.10453202351685903, -0.2326713992790758, -0.19630131368456036, -0.346291703364562, 0.1573292372942609, 0.07905762251633616, -0.14260144601449415, -0.39933664754334797, -0.2647956378562134, -0.2673736974459857, -0.1893433984550131, 0.13066640296472412, 0.18330502713289765, -0.2522433199844527, 0.41687554476219885, 0.09806688867097428, -0.18281353003657344, -0.1261044301547963, -0.43909129019425214, 0.2563268284863556, -0.30541970856626044, 0.5377515620808008, -0.09095312524903898]
-59.22948218915039	(9, 12, 2)	[-0.08718596366856986, -0.26525995169769523, 0.05548461062556978, 0.7181642464237675, 0.05176664105820712, 0.2067792309858909, 0.40759424647065184, 0.0013967115007088365, -0.04557273197917486, -0.009627425476524105, 0.3963727746170845, -0.7179555229193577, -0.5189205871441407, -0.2709652085492697, -0.22990542573157052, -0.19891255398343843, -0.38180809508792357, 0.48385203982580055, 0.6394302209943168, 0.7321527539488127, -0.19202980095334649, 0.09805589309435346, -0.35062969977800457, -0.11034879942936376, -0.21920949020699484, -0.38254826979819656, -0.04660162430847102, 0.10308049287602297, -0.3011755742074216, -0.6212145408577463, 0.22459561467502193, 0.5589153783462997, 0.34955030795989683, 0.17720536622578437, 0.259662804712348, 0.21164074385956824, 0.04384374530814304, 0.3725596998625083, -0.40871511405395156, 0.6583112064296492, 0.16375420027107432, 0.34097376318392203, 0.3382336490108869, 0.09622639284196069, 0.013539367721905388, 0.14807017347205362, -0.3024910168088921, 0.6333643097408238, 0.2202836514082093, 0.17999609190039623, -0.3031906408907682, 0.3042739956835606, 0.16385688977493784, -0.42879361470413657, -0.3759545981004804, -0.021667093562196822, -0.4506028001369594, -0.3189521139044462, -0.6965432923098187, 0.398684559715716, -0.08766829087749856, 0.16735276612933433, -0.18078735728649697, 0.09894503913140769, -0.244187348740718, 0.303840778364308, 0.6435354225431308, -0.34115060141742176, -0.12332403748661162, -0.007489379295463374, 0.6359905448410119, 0.6869023119014709, -0.3167427682640954, -0.02160696026210349, -0.1992347652618782, 0.208201220255629, 0.4953921388921407, -0.5102429644404733, 0.1566474955402984, 0.01676819683836152, 0.11400171958279852, 0.018421556025536544, -0.16273488110911533, -0.012989796095344196, 0.0231891388177404, -0.18263730221013402, -0.5352533421193609, 0.23267496946353144, 0.05283430505761108, 0.18408606086996, -0.7206541286219752, 0.5210305260047486, 0.49478738766583646, -0.40531298513560304, 0.19014878763671053, 0.4451736196090934, -0.1909666172770343, -0.1007673580778141, 0.3633358334458693, 0.08389949320230886, 0.6175265763922702, -0.116693486606195, -0.28867814099569933, -0.20927577704851952, 0.0782148734828757, -0.2842486847524934, -0.061289837403994, 0.477139600304939, 0.6037238184188023, -0.09266796023891076, -0.23145415442491302, -0.19261505143076946, -0.34969463029887865, 0.1677310684734512, 0.08032766517831663, -0.11159729834749521, -0.3561385073170529, -0.2589055186024368, -0.2652899228613229, -0.18364481928626655, 0.13512312501821003, 0.18654242618427144, -0.2563183036764115, 0.5404227750170991, 0.09803312299449196, -0.1815907051729594, -0.12356152471644831, -0.4332419644537563, 0.26128906970884863, -0.34825371948635647, 0.5361406988948471, -0.09037080588958983]
-173.66049904771756	(9, 12, 2)	[-0.08018088859193555, -0.22085544178408528, 0.05869302806717788, 0.7245259598719398, 0.0521871003403163, 0.20749553729843334, 0.40197283156060504, 0.019751873162678447, -0.009963431718899017, 0.012993367448467224, 0.3847492364504439, -0.721479181198147, -0.518224214004347, -0.2661735863450774, -0.22761079449699287, -0.19287085712813112, -0.4167682983593848, 0.48273516680977924, 0.6418253220523442, 0.7313773611835946, -0.1992514252326638, 0.09495096306724193, -0.3504059730892608, -0.1227889757923894, -0.21832651268774872, -0.386679300078672, -0.0732040591215937, 0.10388008404034677, -0.30625749215970594, -0.5837050810963187, 0.2208758947976313, 0.5563899798099963, 0.3470737229565585, 0.1990885268706807, 0.2599506226198617, 0.20562224420918093, 0.04407304853216608, 0.37009100983720583, -0.40998923832201184, 0.7853887086094034, 0.16696713257540588, 0.34063352887185866, 0.35439122465853456, 0.10279259714255837, -0.024302717917739653, 0.1503552473252766, -0.2947732677323422, 0.6367914399928372, 0.2269193816522082, 0.1847205624002146, -0.29949846682793335, 0.2545242127672624, 0.16421256535176115, -0.4334320847874703, -0.3913789778755913, -0.017028617896447086, -0.4499848508271023, -0.3321633168353071, -0.6900513007607785, 0.38708333333430484, -0.061000456185617516, 0.16365011962156897, -0.1811809150670996, 0.11456587508468503, -0.2441653048029565, 0.30497206683006317, 0.6574628896466126, -0.33894530609580026, -0.12549224889500635, -0.006809091740498533, 0.6347410777902557, 0.6735309520654852, -0.3141537940500297, -0.005242840159156501, -0.19985481570421085, 0.17901825577362196, 0.4965977623827615, -0.4976437829124494, 0.21285480665752876, 0.01610385293174829, 0.1171694535558793, -0.058717895981311836, -0.16768747359381553, 0.019773429660188968, 0.02110102814865187, -0.1826627517403267, -0.5123345224360004, 0.22564883843718359, 0.05775841508406982, 0.20212569692002202, -0.7109029955638332, 0.5309608481962781, 0.48109158247756345, -0.40043436701629065, 0.19204291933894746, 0.44389727544625696, -0.19068197573223505, -0.0909437633772754, 0.3591604751301047, 0.0851761381288704, 0.6081722753915044, -0.13535005037839498, -0.27533927475151276, -0.14832033497234845, 0.07408966501368655, -0.295942180060044, -0.08942052181167476, 0.48132535658199904, 0.6054976091109203, -0.08154353827717986, -0.2326703481737018, -0.19803327037006896, -0.25341813890872744, 0.15410724920790336, 0.07692687447256442, -0.13773600154177784, -0.3771425189787175, -0.2668680398592917, -0.26282790068695916, -0.2001559092017008, 0.13449449515835513, 0.17754208327325316, -0.2635595440088076, 0.4294587807285817, 0.09842126018720873, -0.1822423935050188, -0.029733691740096393, -0.4351108331128456, 0.25989075159916675, -0.30941461014726684, 0.5340942953279693, -0.08833748016267212]
80.22917435376064	(9, 12, 2)	[-0.08018088859193555, -0.22085544178408528, 0.05869302806717788, 0.7245259598719398, 0.0521871003403163, 0.20749553729843334, 0.40197283156060504, 0.019751873162678447, -0.009963431718899017, 0.012993367448467224, 0.3847492364504439, -0.721479181198147, -0.518224214004347, -0.2661735863450774, -0.22761079449699287, -0.19287085712813112, -0.4167682983593848, 0.48273516680977924, 0.6418253220523442, 0.7313773611835946, -0.1992514252326638, 0.09495096306724193, -0.3504059730892608, -0.1227889757923894, -0.21832651268774872, -0.386679300078672, -0.0732040591215937, 0.10388008404034677, -0.30625749215970594, -0.5837050810963187, 0.2208758947976313, 0.5563899798099963, 0.3470737229565585, 0.1990885268706807, 0.2599506226198617, 0.20562224420918093, 0.04407304853216608, 0.37009100983720583, -0.40998923832201184, 0.7853887086094034, 0.16696713257540588, 0.34063352887185866, 0.35439122465853456, 0.10279259714255837, -0.024302717917739653, 0.1503552473252766, -0.2947732677323422, 0.6367914399928372, 0.2269193816522082, 0.1847205624002146, -0.29949846682793335, 0.2545242127672624, 0.16421256535176115, -0.4334320847874703, -0.3913789778755913, -0.017028617896447086, -0.4499848508271023, -0.3321633168353071, -0.6900513007607785, 0.38708333333430484, -0.061000456185617516, 0.16365011962156897, -0.1811809150670996, 0.11456587508468503, -0.2441653048029565, 0.30497206683006317, 0.6574628896466126, -0.33894530609580026, -0.12549224889500635, -0.006809091740498533, 0.6347410777902557, 0.6735309520654852, -0.3141537940500297, -0.005242840159156501, -0.19985481570421085, 0.17901825577362196, 0.4965977623827615, -0.4976437829124494, 0.21285480665752876, 0.01610385293174829, 0.1171694535558793, -0.058717895981311836, -0.16768747359381553, 0.019773429660188968, 0.02110102814865187, -0.1826627517403267, -0.5123345224360004, 0.22564883843718359, 0.05775841508406982, 0.20212569692002202, -0.7109029955638332, 0.5309608481962781, 0.48109158247756345, -0.40043436701629065, 0.19204291933894746, 0.44389727544625696, -0.19068197573223505, -0.0909437633772754, 0.3591604751301047, 0.0851761381288704, 0.6081722753915044, -0.13535005037839498, -0.27533927475151276, -0.14832033497234845, 0.07408966501368655, -0.295942180060044, -0.08942052181167476, 0.48132535658199904, 0.6054976091109203, -0.08154353827717986, -0.2326703481737018, -0.19803327037006896, -0.25341813890872744, 0.15410724920790336, 0.07692687447256442, -0.13773600154177784, -0.3771425189787175, -0.2668680398592917, -0.26282790068695916, -0.2001559092017008, 0.13449449515835513, 0.17754208327325316, -0.2635595440088076, 0.4294587807285817, 0.09842126018720873, -0.1822423935050188, -0.029733691740096393, -0.4351108331128456, 0.25989075159916675, -0.30941461014726684, 0.5340942953279693, -0.08833748016267212]
-110.810773634643	(9, 12, 2)	[-0.09749562288714943, -0.26941705523218495, 0.057855184058926576, 0.7624735477722401, 0.046496309760143614, 0.21430463618286016, 0.33366547925444157, -0.0007227128174247862, -0.016789280606758994, -0.036422359775931765, 0.3695107708729113, -0.7196710758596869, -0.5201831544185722, -0.2684136622993225, -0.22974979247741534, -0.19905928212853552, -0.38983583340002154, 0.48310066590009976, 0.5807437511882023, 0.735745072517708, -0.19930782984666737, 0.0860115358210258, -0.3572206685777024, -0.11253987046185443, -0.22316982258656398, -0.38438083981702353, -0.04457369216195461, 0.11679906107896641, -0.31146187609961523, -0.5962937833440732, 0.22472284092138067, 0.5589192895493539, 0.35359697798480255, 0.18872685174273338, 0.2648628816265903, 0.2046821291763004, 0.045905950651853974, 0.3471271234758489, -0.4097858842262732, 0.6547797583194971, 0.17355887674967668, 0.34114390760322144, 0.3329464824955899, 0.10244064059249987, 0.019220164688268163, 0.14879399123076775, -0.2916701329951572, 0.6353370402622266, 0.21230522604200858, 0.18603167275319105, -0.29663053922199456, 0.3094795487118891, 0.1571725111735561, -0.4305921516310196, -0.400775228590744, 0.0006565235517337897, -0.5156378003307515, -0.30766408475161555, -0.7017927282985075, 0.37188266463150055, 0.07261260233027299, 0.16656551562716362, -0.1794529568683056, 0.10887914076978791, -0.2443521293711043, 0.3211979571623129, 0.6539193494475551, -0.3423271653151646, -0.12336346702529853, -0.018439737528217832, 0.6376957230273107, 0.6740608237530639, -0.31331109893913284, 0.024639332814547773, -0.19460128220632258, 0.18398785051201164, 0.5058836646831275, -0.5409500812402545, 0.1598088333946547, 0.019901616433948045, 0.11109426934295336, 0.0005424086214918722, -0.17485069752506013, 0.02165555896246768, 0.026131837996268142, -0.18517010328759806, -0.5217585822922994, 0.2266419912801219, 0.04758249945930873, 0.201510285856714, -0.6973749836482921, 0.5383635761520803, 0.4931140245582544, -0.40560589538646874, 0.17879569517331528, 0.4464996373022309, -0.18970177765936547, -0.09053857836965752, 0.42275707904070553, 0.07662843076021146, 0.6119444519158691, -0.10500543421492284, -0.2717791961266526, -0.18334473254160508, 0.0766598329690822, -0.2863662135651136, -0.11416445503492778, 0.4731111572104541, 0.6051695694381264, -0.09970167150785922, -0.23713228886247045, -0.19558541244298044, -0.3439865347550315, 0.15971962399673215, 0.08608603997172005, -0.14925796322164842, -0.36347996474285793, -0.27328435396783524, -0.26356087885791035, -0.2005585025480276, 0.1325225899002889, 0.18719501719853088, -0.24366934645627483, 0.441839151953637, 0.09902012955137261, -0.1778432852646727, -0.11691906550083087, -0.4307325120835985, 0.25758960598311575, -0.3057242394003165, 0.535641109928716, -0.09427303413609234]
-33.25900904450472	(9, 12, 2)	[-0.09076844206545552, -0.2985234516998066, 0.05165694716706464, 0.7160288075376472, 0.04442459277050862, 0.2092468449965621, 0.40286155847393135, 0.002891960267391112, -0.021117145805017744, -0.024621927911076757, 0.3903712110185642, -0.7203980496023217, -0.5174304735151742, -0.2698664284286402, -0.21400626138950568, -0.20232746830836518, -0.3974564147387701, 0.4528419229017904, 0.5805479430495739, 0.719985749338281, -0.16311784292858214, 0.09081811902963421, -0.34846331480986875, -0.11197271697677216, -0.21301321809806695, -0.38409169253467623, -0.07487877104036192, 0.10370530210231213, -0.2985778880824043, -0.6157212819532101, 0.222463120089264, 0.5536783113733696, 0.35214254068049383, 0.17458120630434482, 0.26099746076799196, 0.218631404057498, 0.04377424783211037, 0.31667848434367485, -0.42208436547095735, 0.656787984969924, 0.18840775101510865, 0.36436837860756316, 0.345335554679895, 0.11200059968331035, 0.0221478400293611, 0.15061473532125638, -0.2940896045395778, 0.6391517164311402, 0.21237494368499546, 0.18385374044246983, -0.2991204699521074, 0.24157803559679902, 0.15971330074835788, -0.45244977372790707, -0.38398082070452044, -0.026860236870663006, -0.4549755129028354, -0.3336113445868094, -0.7001559547063649, 0.41430062815222873, -0.07372781604165059, 0.1622160276804922, -0.14384680985785694, 0.10108160876862794, -0.251194213865296, 0.3131889836817482, 0.647416810727544, -0.34074238659257783, -0.12196211307279993, -0.022957646596025613, 0.6341744767570917, 0.6838068286782921, -0.3124279239492047, -0.008886829496000706, -0.19111520338828522, 0.18927151384419139, 0.49663035865464616, -0.5085920301707091, 0.15647797833133803, 0.02537856160164461, 0.10927539519800503, 0.06332824235412335, -0.1600745634299076, 0.02068641155051594, 0.030734616832541816, -0.1886048885623319, -0.5459979416296258, 0.2240094736342093, 0.06774668476115074, 0.19700245636846864, -0.7116959479737712, 0.5362369348283927, 0.49293791291157496, -0.40524046029604266, 0.03080382590012662, 0.44644759640232046, -0.1903841773588666, -0.09666577086393575, 0.35189027145887136, 0.08443710746712621, 0.6077771138763117, -0.11942147141169762, -0.27592636998552467, -0.14341730716718182, 0.07962417051113999, -0.17167261672099113, -0.03729587629168503, 0.4802946823861718, 0.5834462450943078, -0.0953768152924639, -0.23106023598438863, -0.19390617695333692, -0.3517106466563193, 0.16386916695488293, 0.07741503652250525, -0.13952052463835402, -0.35836818269293214, -0.2624056273776693, -0.26961420194308305, -0.1960495282794101, 0.1297384373272646, 0.20393419639809438, -0.25654208356651853, 0.4793666922974964, 0.09842732136413637, -0.1844467268111257, -0.12088972461550938, -0.4285765320559247, 0.2585550510901569, -0.28713406882351333, 0.5353720352523765, -0.09008939298148624]
229.84424593133187	(9, 12, 2)	[-0.09076844206545552, -0.2985234516998066, 0.05165694716706464, 0.7160288075376472, 0.04442459277050862, 0.2092468449965621, 0.40286155847393135, 0.002891960267391112, -0.021117145805017744, -0.024621927911076757, 0.3903712110185642, -0.7203980496023217, -0.5174304735151742, -0.2698664284286402, -0.21400626138950568, -0.20232746830836518, -0.3974564147387701, 0.4528419229017904, 0.5805479430495739, 0.719985749338281, -0.16311784292858214, 0.09081811902963421, -0.34846331480986875, -0.11197271697677216, -0.21301321809806695, -0.38409169253467623, -0.07487877104036192, 0.10370530210231213, -0.2985778880824043, -0.6157212819532101, 0.222463120089264, 0.5536783113733696, 0.35214254068049383, 0.17458120630434482, 0.26099746076799196, 0.218631404057498, 0.04377424783211037, 0.31667848434367485, -0.42208436547095735, 0.656787984969924, 0.18840775101510865, 0.36436837860756316, 0.345335554679895, 0.11200059968331035, 0.0221478400293611, 0.15061473532125638, -0.2940896045395778, 0.6391517164311402, 0.21237494368499546, 0.18385374044246983, -0.2991204699521074, 0.24157803559679902, 0.15971330074835788, -0.45244977372790707, -0.38398082070452044, -0.026860236870663006, -0.4549755129028354, -0.3336113445868094, -0.7001559547063649, 0.41430062815222873, -0.07372781604165059, 0.1622160276804922, -0.14384680985785694, 0.10108160876862794, -0.251194213865296, 0.3131889836817482, 0.647416810727544, -0.34074238659257783, -0.12196211307279993, -0.022957646596025613, 0.6341744767570917, 0.6838068286782921, -0.3124279239492047, -0.008886829496000706, -0.19111520338828522, 0.18927151384419139, 0.49663035865464616, -0.5085920301707091, 0.15647797833133803, 0.02537856160164461, 0.10927539519800503, 0.06332824235412335, -0.1600745634299076, 0.02068641155051594, 0.030734616832541816, -0.1886048885623319, -0.5459979416296258, 0.2240094736342093, 0.06774668476115074, 0.19700245636846864, -0.7116959479737712, 0.5362369348283927, 0.49293791291157496, -0.40524046029604266, 0.03080382590012662, 0.44644759640232046, -0.1903841773588666, -0.09666577086393575, 0.35189027145887136, 0.08443710746712621, 0.6077771138763117, -0.11942147141169762, -0.27592636998552467, -0.14341730716718182, 0.07962417051113999, -0.17167261672099113, -0.03729587629168503, 0.4802946823861718, 0.5834462450943078, -0.0953768152924639, -0.23106023598438863, -0.19390617695333692, -0.3517106466563193, 0.16386916695488293, 0.07741503652250525, -0.13952052463835402, -0.35836818269293214, -0.2624056273776693, -0.26961420194308305, -0.1960495282794101, 0.1297384373272646, 0.20393419639809438, -0.25654208356651853, 0.4793666922974964, 0.09842732136413637, -0.1844467268111257, -0.12088972461550938, -0.4285765320559247, 0.2585550510901569, -0.28713406882351333, 0.5353720352523765, -0.09008939298148624]
21.74487939964169	(9, 12, 2)	[-0.09297170139550051, -0.25386864797368974, 0.055844899383733305, 0.7622817227710396, 0.04226831225373648, 0.14388188234082094, 0.4021775069511253, 0.003530498853522776, -0.005160947328471703, -0.026915841492969564, 0.3837743889678177, -0.7088460074495759, -0.5212814732997594, -0.266324358365437, -0.23500356486558, -0.1998877297652496, -0.39534362309854326, 0.5106038266195848, 0.6331526206381168, 0.7296775648361906, -0.19303508019104165, 0.09148954708830392, -0.35270537563884197, -0.11336498958728243, -0.22736792801926742, -0.3874595130524563, -0.08771396843807741, 0.10310080834425589, -0.3044096164192845, -0.5869915705129242, 0.22217806860890876, 0.5568012516623679, 0.34956534266534284, 0.1828787922276836, 0.2586166004938716, 0.20897762873350104, 0.04615796546954858, 0.36938688300079503, -0.4143585489364875, 0.7064242830669871, 0.17419867967559213, 0.3384889224693546, 0.3477607806715672, 0.10199667123996807, 0.014739931888049392, 0.15024686060202788, -0.2955037775573746, 0.6356761870095645, 0.20473703777754304, 0.1787405140112917, -0.29847966180024116, 0.29768292481191294, 0.16070924642408016, -0.4315792694983526, -0.3735880452189077, -0.022714521764398567, -0.4564685088452954, -0.333108008033125, -0.6944234550716302, 0.4017701335472353, -0.11928851289818788, 0.16669611130034392, -0.18087709093998555, 0.10774378350083161, -0.24415416807326945, 0.3053114650502935, 0.6393142138079349, -0.342068311457127, -0.12294053297181465, -0.007542071295505473, 0.6340260072305647, 0.6777184449671037, -0.3155137735712674, -0.018266614636062543, -0.20129699096048306, 0.1836323082402372, 0.4957991344501555, -0.5353499310403486, 0.16910313385212156, 0.024649893202723646, 0.11332432241131592, -0.02640526844002761, -0.17055749154457964, 0.03687191648321188, 0.01777491694345476, -0.18455066185522528, -0.5377450649904691, 0.22941420440439253, 0.07171935223539744, 0.19639220056253576, -0.7177007243509357, 0.5344426450123875, 0.48851875709066256, -0.40768527619722345, 0.19051327735302437, 0.4457882486115318, -0.19047194047719007, -0.09432905507964698, 0.36233513655201854, 0.08557390270840765, 0.6141184025093629, -0.12595864855773037, -0.28809231717936673, -0.13953236839435088, 0.07561702290591812, -0.264971943641923, -0.10827420385849482, 0.5014268709255697, 0.6003388957806108, -0.08979535012824894, -0.23468002433043428, -0.19650268261630927, -0.32338822720743193, 0.15282964208664898, 0.05875388205990155, -0.14101920755040262, -0.3718611350588821, -0.2732219017552266, -0.26420107691874395, -0.19546607121865367, 0.13385948500570158, 0.1842643399046961, -0.2557791447811697, 0.44432550003195337, 0.09875445903808708, -0.19025782670764702, -0.10534301159816992, -0.43987498615473997, 0.2629333835928477, -0.3090959234329244, 0.5361314707415479, -0.09328838426495699]
153.9415679885205	(9, 12, 2)	[-0.09304681553244867, -0.24035025678666216, 0.05744376524816922, 0.7159459454082003, 0.048445975900983373, 0.21245164303992153, 0.3999735952013801, 0.014404487180156921, -0.004005533558797712, -0.011749786220484486, 0.38161935752467, -0.7217232901439331, -0.5178212232664049, -0.2681203428445004, -0.2276199713425591, -0.19919663761688228, -0.3990288663763778, 0.48247728664019984, 0.5955671038967446, 0.7316449268766906, -0.19584044851708038, 0.08756019753278613, -0.34965934588751324, -0.11763459378453975, -0.24172823897666035, -0.3882350475759196, -0.05506085443991921, 1.7490111688819865e-05, -0.3057747915192978, -0.6582873959164068, 0.211137451909629, 0.5598525217860293, 0.3488901922035214, 0.1798718951748399, 0.2669773014396224, 0.21188217417072383, 0.045666288213496393, 0.3726514487031869, -0.41286949813041784, 0.6708847521771399, 0.18262454511624873, 0.3399703892551575, 0.3532944077749768, 0.1054915757961388, 0.19952146455572292, 0.15333624892693087, -0.2892618571220424, 0.6369088274288056, 0.19757987454979242, 0.19492006627019465, -0.298780753397076, 0.29845804224231554, 0.16090973656637836, -0.43228420919634347, -0.36382861136656003, -0.023212418442672227, -0.4612369271676663, -0.3327098546491187, -0.6947999325956308, 0.3958639768104343, -0.10072802018327551, 0.18124085167852327, -0.20017039577888893, 0.1096460777439637, -0.24571543347676844, 0.3150341285947246, 0.6415133364132216, -0.3436162141903985, -0.12767434887239992, -0.024642154052095203, 0.6339928419994895, 0.6749440453175493, -0.3133231449978751, -0.004549876100669535, -0.20429181376566807, 0.19094964938126321, 0.49562542745600613, -0.5314862336449713, 0.1724905264568263, 0.01662192713609696, 0.10507789851037759, -0.013994953161002707, -0.009562896582382158, 0.030024272863232813, 0.01836872317354606, -0.18598767931979632, -0.5233990724793998, 0.262849615287815, 0.06596164381081333, 0.201218170011593, -0.7103109800950136, 0.536426363999967, 0.4906710528862024, -0.40675543690879534, 0.16561867859570856, 0.47841400181500937, -0.18952157490007182, -0.0928777792042259, 0.4357675177132374, 0.08452574949982813, 0.6144572970657175, -0.12270847540675357, -0.2813799725216888, -0.14679301057970776, 0.08020941477247984, -0.2627752586129825, -0.10642017574684401, 0.4738550197061043, 0.6044967176191274, -0.06738871871248373, -0.2340947439958946, -0.19096442407200925, -0.33391278684303816, 0.15103965417221343, 0.07676495040645044, -0.1921352848231945, -0.3663261183322321, -0.28274763131738245, -0.2663507065576523, -0.1999594672724241, 0.13106472894106225, 0.18628765413625875, -0.25708494128924453, 0.4018003143373742, 0.09849616170085562, -0.1847875454883167, -0.1213446909003463, -0.43349371883015114, 0.2575158744627557, -0.2974453251640199, 0.5680212605914964, -0.12026524000392134]
-61.142165588146185	(9, 12, 2)	[-0.10015175785151853, -0.2612288808896997, 0.05373226267102699, 0.7186410942433941, 0.0470821229537864, 0.23625846016909072, 0.4037965462749561, 0.00010102084560308688, 0.03774472208570448, 0.10825823760327255, 0.39061390091671494, -0.7218329180576509, -0.5188044901327384, -0.267433386440343, -0.23683753189944057, -0.1992954280249673, -0.3956502226026668, 0.4883352289423711, 0.6503180193114616, 0.7347162703835639, -0.19352616874016976, 0.09084669190548841, -0.3502784793121116, -0.11551684946124706, -0.21092026319266893, -0.3879593347134754, -0.05609599508425952, 0.10279088090718935, -0.30029882929874296, -0.6002126550077114, 0.22383438513666865, 0.5615270868898723, 0.3509271004020061, 0.17996192808540912, 0.2605047154415363, 0.21501196716402143, 0.04531938434616164, 0.34140342487267805, -0.42141856657105836, 0.6608099154378105, 0.17886229919298635, 0.33746417930819617, 0.34840378682648276, 0.10302433492527022, 0.024378100532302757, 0.14785899448243903, -0.2917863419049793, 0.6363647156589218, 0.18584296148339585, 0.17229255558583717, -0.3005197747860384, 0.28116643728741697, 0.16412337668716398, -0.43199267243449085, -0.3833551861876268, -0.022377432092336627, -0.45185881776959297, -0.3303957195089916, -0.6974688949471723, 0.4248477782079735, -0.09639640545853499, 0.1633648003266227, -0.18277310584106843, 0.1468605056389984, -0.25161139276754346, 0.29684569542503997, 0.6370502889658736, -0.34001704121825294, -0.12137026036451473, -0.012656042833293392, 0.6346924753588572, 0.6795488977222391, -0.3138896154147285, -0.008317800866645166, -0.20201637004223327, 0.18206937011905963, 0.6394703112721702, -0.5379645188362191, 0.17685100818657865, 0.020385719222667933, 0.09832847668961184, 0.023974150648978714, -0.16637332673951066, 0.03308252976710878, 0.01974069986725466, -0.18352514449734675, -0.5703604564066423, 0.22498347192205798, 0.05324150000399383, 0.1962408734145411, -0.7272895097295522, 0.5317812961272775, 0.4894249250796718, -0.4108183611536074, 0.18660703629644326, 0.44578286812731927, -0.1901090660615713, -0.09919152242565846, 0.35945962973594814, 0.08630473980089733, 0.6155529422128635, -0.12177692683607526, -0.27629816015665143, -0.14345621780348505, 0.07733741690027965, -0.2896315949119523, -0.11235783152141939, 0.49314993200802365, 0.5963999182047214, -0.08812089904640245, -0.23137760170986418, -0.1966344260976564, -0.358781230583945, 0.09933358139192697, 0.06943278041633602, -0.14078652396841856, -0.35852283707816096, -0.2692060646857541, -0.26487404881341475, -0.19943614075363453, 0.13437794520311477, 0.1943627019202502, -0.2593300857149874, 0.4258367298517297, 0.098470890162311, -0.19270354909265325, -0.09713999529288782, -0.47646313228845905, 0.2580871835158019, -0.33398680739322384, 0.5345388029885227, -0.09741949635160102]
-451.84792010613876	(9, 12, 2)	[-0.09011510154983673, -0.2739536564380519, 0.048434524959367516, 0.7176224257743928, 0.04324867492686776, 0.2103227603093562, 0.4012771002249721, 0.0028683898109216335, -0.011063179464851943, -0.02206613578809556, 0.3871196058954766, -0.7107650350256741, -0.5191725230506112, -0.2628946082047364, -0.2254809921476499, -0.1012849955602024, -0.40049254420957503, 0.4772031904544098, 0.594921067878193, 0.7246564079972124, -0.19589820773443603, 0.09060689366088681, -0.3506788701930013, -0.1119168775555182, -0.21514737467953382, -0.38755128126569877, -0.06791028109840326, 0.10251728989741049, -0.30480344990043506, -0.5962118187032821, 0.22244826083924701, 0.5576133791921812, 0.35105341346477414, 0.18580457708987447, 0.2623606693062416, 0.21647261781964702, 0.05124224797642143, 0.3497776158052508, -0.41692620978229195, 0.6653398574952303, 0.17717371129800605, 0.34971750504749727, 0.34090746139677935, 0.10494175274148246, 0.016736052503097905, 0.15873977305556985, -0.27071358862899275, 0.6382962169282499, 0.2207900047679085, 0.16034548256596953, -0.2975073595806851, 0.2849603374382992, 0.1636129091006957, -0.4334272450276847, -0.39131648032908706, -0.022758384176729256, -0.4619672866529834, -0.3616499838350923, -0.6930017776542645, 0.32608651530737914, -0.061035815649638336, 0.16332731449309013, -0.17105264932742742, 0.10592212700981504, -0.2465542470040364, 0.3087110941873686, 0.652818948917859, -0.3499547191838243, -0.1283405054871416, -0.018918867875686567, 0.6343850487864523, 0.6854824977488359, -0.31442586890904267, 0.002845194337942541, -0.1897819359869324, 0.18779483889313225, 0.4962942722210508, -0.5403791722813795, 0.16125637334506235, 0.032498206682672975, 0.11064143058134138, 0.01364240285053759, -0.15669923908257488, 0.022170086618808253, 0.02354831497616499, -0.17591306876457447, -0.5435837855379352, 0.22570257009711675, 0.05331046509122855, 0.19703593231392524, -0.7170477496911006, 0.5342782814062914, 0.4898513729606515, -0.40481045531845655, 0.18955418488201498, 0.44563332286531676, -0.19039986561027628, -0.08953187990797319, 0.3688069677491364, 0.0817504481916001, 0.6082624645710397, -0.13002165375449068, -0.2765832682232917, -0.14566589294314122, 0.07610151421819682, -0.20150935374263468, -0.09619623236358685, 0.48144630356972706, 0.595705807073632, -0.08368119125641277, -0.21533636467311368, -0.1955050397479517, -0.3426472108408572, 0.08504412713699186, 0.07848681833340607, -0.1335201016645203, -0.36667909859353665, -0.2773228775496318, -0.25946526857137053, -0.1943330656041634, 0.1317947898153421, 0.20006506383479836, -0.25242940495160204, 0.4625260724493414, 0.09797003861278589, -0.18355818821551687, -0.08631554825566054, -0.4234748534205935, 0.2581488724667773, -0.30138206364180553, 0.5191535193024542, -0.10268993760241768]
240.70528165330907	(9, 12, 2)	[-0.09334734908635786, -0.26668908565678406, 0.05159117323328637, 0.7170981480110858, 0.042904684091187965, 0.2127505898136542, 0.40206022483517645, 0.0015614599295086426, -0.01260283522839856, -0.016827394084657905, 0.38234365564319944, -0.7152645526322762, -0.5178567995305386, -0.2651146563917683, -0.23098418999773002, -0.20662855745561842, -0.3974782486814622, 0.46043892614688725, 0.6201973375062542, 0.7326194782056848, -0.18731651322114018, 0.08178496697751096, -0.3502142742770938, -0.1134001804603515, -0.21305981434347726, -0.38467927582089784, -0.058167906914594315, 0.10296685263701646, -0.3044105141895709, -0.6003986739161793, 0.22146234510852358, 0.557126329311703, 0.35092128325397093, 0.18096130447017827, 0.24483202347699506, 0.20935971347211324, 0.04591927564118854, 0.38929538235719396, -0.41548768384470175, 0.6690222555877356, 0.16977433225779603, 0.340458253863857, 0.35079003650549173, 0.10788589343348834, 0.01819154491506266, 0.1543616657653462, -0.2929127406651134, 0.6355362591628132, 0.21012120604779416, 0.17783623639369367, -0.29894708794422664, 0.33594739556601877, 0.1633687341460216, -0.43694523529998086, -0.38764396501645243, -0.02272618036992617, -0.4594793497573563, -0.3330618219107021, -0.6988770712096908, 0.4013843048292006, -0.04538023151137543, 0.1724320808186263, -0.18222956159969753, 0.10720155413518785, -0.24736042311970743, 0.3136070817814091, 0.6567831761184265, -0.35059655009741986, -0.1228755552325278, -0.01809896811224142, 0.6389495877833856, 0.6715658779052454, -0.3140555914616339, -0.001662869684012037, -0.19763499822634245, 0.17753812256063364, 0.5183547509452527, -0.5530765123232546, 0.16388409713479238, 0.03088257356411922, 0.11053299902563402, 0.012872644010940192, -0.15852919348545783, 0.026798437616313717, 0.023002147933709027, -0.18474762436356698, -0.5382049420777699, 0.23113149591744198, 0.052414010515868664, 0.19667786919833088, -0.711060525708709, 0.5303255511771245, 0.48892599548294213, -0.4152851655145071, 0.23917574991509266, 0.4890250941793056, -0.1905320319622223, -0.09215406334864099, 0.38560429145734737, 0.08555059781228369, 0.6105729971284622, -0.12017405625688565, -0.27402759294462453, -0.16084776128641007, 0.07582965551083722, -0.2673441565171383, -0.1143061136339241, 0.4828560868869419, 0.5951366742887616, -0.08443248850367664, -0.23237696707528313, -0.19619661368199, -0.34998625336373274, 0.14887513193126684, 0.0719597271348156, -0.14079642525379843, -0.3720284099667644, -0.2804848063675164, -0.2996878596613022, -0.19373575456645228, 0.13185874013281043, 0.18172047965125118, -0.2379440944213056, 0.44034861278361004, 0.09132483429596615, -0.1878180192458958, -0.11291315584226486, -0.44967959045277095, 0.2579912190586815, -0.31365555798414513, 0.5030229872853841, -0.10841506713426918]
21.12085535503033	(9, 12, 2)	[-0.0994551707455723, -0.2718923409195905, 0.05687454712000451, 0.721224587907248, 0.04427801760448327, 0.20455621293782067, 0.39719669284974624, 0.0018742504087370861, -0.03830997617641611, -0.0225749406012537, 0.3910535274343334, -0.6916111439988761, -0.5177707410801777, -0.2687103975715532, -0.23609135506721, -0.209941115985532, -0.38368039915220853, 0.48084754706031396, 0.5932674174197398, 0.7271065038453413, -0.15858967164658946, 0.09077009914315383, -0.35313344513340905, -0.11831552391624131, -0.2200445851250784, -0.3859419911710669, -0.06926632863569204, 0.10302339286330194, -0.3023506096597786, -0.6112348564604094, 0.2228471970282912, 0.5584659797092617, 0.3497695478485813, 0.20006371514058285, 0.2559590695548516, 0.21392277280516478, 0.04592310722549113, 0.37066624050189184, -0.41974729575691117, 0.6585442885584719, 0.17437789527262096, 0.340649890010703, 0.3500887139341984, 0.10132402736177162, 0.01641484679424855, 0.1497627436938898, -0.2914117441838862, 0.6377165680908796, 0.2207494187427283, 0.1653421877551461, -0.2999805774079989, 0.3096441461585308, 0.1720114226683412, -0.46311874032189027, -0.39184617527607435, -0.019822154156393906, -0.3773257464811422, -0.33329973446534256, -0.6939457191214582, 0.3034090760870416, -0.06252261546723872, 0.1606230995254829, -0.1800668918373205, 0.10519455297870184, -0.24283697379632477, 0.3069474681493678, 0.6424635478081191, -0.3397709361576469, -0.1481199298510196, -0.0012770789627284574, 0.7012991368140834, 0.6786436227303875, -0.3143162229503355, -0.014254185956364246, -0.19458475958733198, 0.18308443518497786, 0.49613430540025194, -0.5062730647253673, 0.15754367136730235, 0.0157880824224298, 0.11242249841849468, 0.009765354234657665, -0.13137186286604646, 0.025150393676952997, 0.01990808484769225, -0.18289041936173941, -0.5207242182278461, 0.22559408313638576, 0.029241195044553022, 0.17178314198392824, -0.7184220428123935, 0.5320202944840244, 0.48937330706720694, -0.41287318812325824, 0.19528136596754236, 0.41739104977813557, -0.20134077183999785, -0.0882069820828364, 0.34747502289672066, 0.08107754628105097, 0.6145615689945128, -0.1410238166245945, -0.28392607607687287, -0.1438923719842506, 0.07718340060597628, -0.2254006457708969, -0.13105598825345846, 0.4811311223087498, 0.6012897439216102, -0.08695859839009747, -0.23158536374909672, -0.19397990120680283, -0.34433122233360264, 0.026228182759057504, 0.07776512497069824, -0.14111626798627608, -0.35888240489472967, -0.2641074432256324, -0.275869112285826, -0.18616638305334682, 0.12947712691008673, 0.1860704679388916, -0.255266617958208, 0.48247967801609515, 0.09854983221262889, -0.1846708590278272, -0.1190435729342417, -0.4342126203738008, 0.25889654310475874, -0.29095661394604155, 0.5428873375838288, -0.08913624808043591]
-59.902366669965716	(9, 12, 2)	[-0.0901686315921717, -0.2700597214899814, 0.048512073629297874, 0.7194578334970494, 0.04421146034822675, 0.1994980019806435, 0.40090771950115184, 0.003288448202820644, -0.011044012293188923, -0.02752328205649172, 0.38709167625848906, -0.7107301861978907, -0.5183848873080843, -0.2644634137195989, -0.22974021983072296, -0.14293542794198233, -0.4014010323058413, 0.4785860669493258, 0.6339397120531284, 0.7249142169429068, -0.18316725473336756, 0.09159473855222738, -0.3504901409256417, -0.11380416545364147, -0.216742312749768, -0.383441257216424, -0.06722021090297875, 0.10261749326751965, -0.3014843460075414, -0.5994330097709629, 0.22229479271344835, 0.5566621017681219, 0.3506874177535454, 0.1842529890176074, 0.2521425062898539, 0.2114456033908991, 0.05049262330039326, 0.369352643464867, -0.4168370344763011, 0.668474276652754, 0.1770890511734042, 0.346123126650837, 0.34905232650826024, 0.10736413468033927, 0.015062313056213713, 0.1557431925960861, -0.27831435448768826, 0.6367568785366703, 0.22021268215792322, 0.17335577071863972, -0.29739286077362953, 0.2965210006105435, 0.16711359116479838, -0.43440487574254627, -0.3835815608124703, -0.022008354891475415, -0.46069398604460843, -0.3506806221583281, -0.6935154173810535, 0.33177890014485456, -0.06876183006594308, 0.1659596292111519, -0.18149674986022715, 0.09092613101944835, -0.24711668126492936, 0.3115809935256469, 0.6491065732694881, -0.35389792938054093, -0.12680459994870724, -0.01877275468532366, 0.6632544787419523, 0.6809217873134236, -0.31434315411897457, -0.0021532284657478076, -0.19646296917532222, 0.18324101757905942, 0.4960354077554556, -0.5378951254563855, 0.16050673750437655, 0.02777275471875043, 0.11075451530042607, 0.0023488372851639223, -0.15566536465955877, 0.029083367409122044, 0.022719451715782116, -0.1806512887391098, -0.5448293742983535, 0.23199859994126318, 0.0634438644586507, 0.19030306056076074, -0.7168671694921357, 0.5335604945604362, 0.48986874376000533, -0.4193413410306384, 0.1898032949376603, 0.44567861823705635, -0.20516028650331036, -0.0894982642791548, 0.3678437289507575, 0.08175172280005488, 0.6083063906497042, -0.12054860332737546, -0.278473584755625, -0.1452417618502817, 0.07592117857276588, -0.25533798156623355, -0.09710610338520939, 0.48288587507224584, 0.596468345373238, -0.09077388730654759, -0.2181187041823345, -0.1957343768599275, -0.342621935164551, 0.14776343885952548, 0.07856774621952499, -0.1402883193650389, -0.3743846889150276, -0.2688571897354316, -0.28955594132036233, -0.18931168076223392, 0.13242246043762138, 0.18420545287934323, -0.25565401664917775, 0.46195684236480083, 0.09805199090053243, -0.18380494172392348, -0.11318982438032799, -0.46461751456119743, 0.25856572662239297, -0.3002315304166906, 0.5304256423809051, -0.1021218234833321]
-225.81173181057187	(9, 12, 2)	[-0.09091179653765108, -0.2669331461664925, -0.00918857439420196, 0.717688977618026, 0.047841299752315124, 0.1552476521237248, 0.31404284400543764, 0.013089356544404896, -0.0072331287502026, -0.0075275940473556865, 0.3832629536381065, -0.7123913423471481, -0.5179768071668874, -0.26701183807401585, -0.2327449340344459, -0.1995743013534298, -0.3963623704842887, 0.4764913866317524, 0.6131124452053341, 0.7339526244924799, -0.19311966408853704, 0.08988131547444081, -0.350445759350695, -0.11752386116714642, -0.23696734759993449, -0.3942390364590591, -0.07136628627734676, 0.10331081492409132, -0.19945751739322987, -0.5993891966178218, 0.2208297857893429, 0.5579339171877515, 0.3511294396931112, 0.18251033218714846, 0.2624421000847213, 0.2434578939066625, 0.04556110562280736, 0.37064405983860094, -0.47872788853834664, 0.6837369229478346, 0.17759399816934213, 0.34351910284420095, 0.35415122178503905, 0.10510116225084185, 0.002864011843789148, 0.1497283428970281, -0.29415356606818877, 0.6356941505535706, 0.20852086318470278, 0.17976334484358877, -0.29705023613745085, 0.2883181116907847, 0.1607161975667556, -0.43530022426082177, -0.37710290099884786, -0.02372167894216512, -0.45705791617795893, -0.33307555951149187, -0.6410874375329536, 0.3898457534884472, -0.13812838151860113, 0.16300771616626042, -0.18117456704068843, 0.1057842996186328, -0.1517133762092605, 0.31521096735098936, 0.6428994272522506, -0.34235991326736026, -0.12223647333637139, -0.022979536407313164, 0.6341000273174665, 0.679234361433743, -0.3127697210540335, -0.008919117278159854, -0.200370443451965, 0.19565205570432248, 0.49593026280307406, -0.5323233222011856, 0.1679648542853654, 0.019395831319773394, 0.1027920131036733, -0.02469964139019074, -0.17033460741224044, 0.02349367657511322, 0.06822816415245399, -0.1846527042629778, -0.5348782130901402, 0.18222199869916864, 0.0725647034928499, 0.20001730964681927, -0.7174854980345499, 0.5326667572553205, 0.4881600909906348, -0.408670373428076, 0.09550790677000105, 0.44565542557674453, -0.19034981002353388, -0.09409938449479455, 0.36370526484172483, 0.018337681012244953, 0.6128669088621451, -0.11891294422873844, -0.28347505269369727, -0.14213712675768503, 0.07642652237158655, -0.25337324462970945, -0.10593872916515029, 0.4922601098976447, 0.6320640127715316, -0.088411296115748, -0.23419894134263478, -0.1960243650717517, -0.3269712595084539, 0.1629907905059747, 0.06488775173196454, -0.14096901037528353, -0.37098162449882777, -0.27072425173150655, -0.2664370557326798, -0.19549368361024622, 0.13393583255925315, 0.1845606891701681, -0.25724457893509367, 0.44375762013069137, 0.09873055575091827, -0.1896177440138872, -0.11921900400983002, -0.42994734730356415, 0.25895819003571846, -0.30276201604608177, 0.5498308474033788, -0.10780431365693777]
370.8019084633348	(9, 12, 2)	[-0.09153082494586876, -0.31458524597087456, 0.06285396504220819, 0.8373198594984136, 0.043920293350570495, 0.2770027069310281, 0.39953604540720977, -0.009847948381962823, -0.03742678520329179, -0.02407410565032692, 0.43723057030928325, -0.6816471255740211, -0.5187012207883952, -0.2637723896910679, -0.23504665515787498, -0.20447936716251353, -0.39734743085138025, 0.5846754641938494, 0.6044006254106322, 0.7239470044582994, -0.18142596049451223, 0.08946485619776014, -0.3523239308263564, -0.16777649484365997, -0.22313732282725351, -0.3868381635890224, -0.1206584908589432, 0.10286821386103809, -0.3034394354998163, -0.5976611371486287, 0.2689310521694053, 0.5452067313058873, 0.35000107270681907, 0.19187720257478258, 0.2617368971637791, 0.21467932373207466, 0.04494616693453817, 0.3687128547072576, -0.41644564799124506, 0.681184189152646, 0.1628895925957627, 0.3417945139120567, 0.3358986184275787, 0.09164375016047034, 0.013763207836947514, 0.15013101244281216, -0.30998134285851436, 0.6373620150267488, 0.220024044699889, 0.17950203456917935, -0.30724492345633886, 0.29918872379133454, 0.20137590165527805, -0.44503467859128076, -0.37577998618475517, -0.02049858232610313, -0.4210703108434003, -0.33145912808762534, -0.6958871891086894, 0.34596898070194937, -0.06483844016888218, 0.16483526934090642, -0.21791401858937232, 0.10777727579021375, -0.24573068397065798, 0.31301178261605694, 0.6511554717535805, -0.34854887551232, -0.13167716934046675, -0.00802072039164551, 0.6445295734988562, 0.678963585716056, -0.31422182847630836, -0.014098979064195053, -0.19500904477347317, 0.18421629597521505, 0.5035091472643953, -0.5228592313476965, 0.1602110687115658, 0.016073505069393427, 0.1052661924496795, 0.014042153165783609, -0.13902552811594499, 0.028604326503933533, 0.0197610866566474, -0.1859992125281823, -0.5224560711880495, 0.23451801961809696, 0.05928824004995546, 0.197780094083446, -0.7053355760693859, 0.5462100150321711, 0.4899724503881332, -0.40959186064082376, 0.13485000918968504, 0.4346361205519665, -0.2064872562535633, -0.09107249749817922, 0.3549479295666466, 0.08363245187488176, 0.6094136919465293, -0.12948330741274316, -0.33348460177166617, -0.142730773530616, 0.07724530040800118, -0.25077646237862705, -0.10031403461885288, 0.5868079350288354, 0.60151963299703, -0.09081357744578866, -0.23436976114305647, -0.19421133650892106, -0.3433989943597834, 0.09255494259833108, 0.05969729627174617, -0.1411796340538505, -0.3623456652906959, -0.2831370346314054, -0.2507429919548914, -0.19357932097464003, 0.1152338853922931, 0.18411754500275462, -0.25272278692768096, 0.4702072410250293, 0.098353263636873, -0.18560764885102893, -0.12144441487280977, -0.4461427133240898, 0.26425444462958825, -0.29572866358823086, 0.5456529133508708, -0.09291775480054415]
-185.22186478439352	(9, 12, 2)	[-0.0943286452245129, -0.2724322224687442, 0.05873442976138621, 0.7281350423236437, 0.044353530796535826, 0.3135661292817877, 0.3984931276646641, -0.07682684778793304, -0.038119175612755775, -0.022645147027405742, 0.43245811460362305, -0.6789718206349049, -0.51866923326639, -0.2638854550915493, -0.23440591158122348, -0.20963405429686333, -0.39364699823230764, 0.47903377638061806, 0.603373723269927, 0.7254636032650417, -0.18173553378704835, 0.08950306236582949, -0.3530563859165649, -0.12047626999714196, -0.2211054699438439, -0.3870703916920929, -0.07005669496609739, 0.10302123413691283, -0.30429018550998016, -0.609496871376892, 0.2690257607831922, 0.5571699638063271, 0.35057478145660254, 0.1825631249364607, 0.256723690314219, 0.21404014507888336, 0.04521974658151853, 0.3688176986404742, -0.41948978583988106, 0.6588437993924613, 0.16112731349326928, 0.3412685009267474, 0.3493862639976195, 0.08519059816803197, 0.015471977074597805, 0.1497978241129048, -0.29063510885097393, 0.6374008899411285, 0.22063378395343378, 0.17831688644448604, -0.29949071271433236, 0.3023802143119766, 0.16791888570791125, -0.4485640135917831, -0.3889855234631013, -0.020547004049253515, -0.38048956431310954, -0.3358925612381797, -0.6948947281120428, 0.3073151024943187, -0.0633405540046228, 0.16220907795480813, -0.17942659665594468, 0.10731401366691468, -0.24533404933868383, 0.31369500854101046, 0.6519668989095644, -0.347179842206705, -0.14289698346562163, -0.0035864044375579986, 0.679998216213467, 0.6803364867397116, -0.3142445305405114, -0.013736090844167407, -0.19364326847538282, 0.18507104176271585, 0.49612815510233377, -0.5285845303942829, 0.1586402464397364, 0.016127384499130086, 0.11027116827126363, 0.01399920520500147, -0.13959587996281297, 0.02652276882153469, 0.020157552376324786, -0.18482250371603892, -0.5249467147311104, 0.228133116385389, 0.05226718021614117, 0.1959187616802873, -0.6836287710289821, 0.5479827233562377, 0.4901911149071881, -0.4116530593869805, 0.1901225529903748, 0.4263371172898493, -0.20091229323151583, -0.09138955969296951, 0.35440331974242956, 0.08272485905182007, 0.6124337080391519, -0.12982514822773694, -0.2805906053361062, -0.14393599050184164, 0.07716445432560577, -0.22512647177740758, -0.12345154453910073, 0.4781925906528635, 0.6001706502703366, -0.08985711508832471, -0.2332951587186736, -0.1941013693991608, -0.3435185210690681, 0.09508722198919078, 0.06290800330817672, -0.141187303196999, -0.36300686065160137, -0.26693882432455146, -0.2515103302569013, -0.186330191009916, 0.12958043538695616, 0.1841226138218799, -0.252248955728513, 0.47782110653729576, 0.09834795506888724, -0.1855273022436287, -0.1197988567909907, -0.4313648270816959, 0.2603883643783147, -0.29424595379898205, 0.5442061004554313, -0.09197539527914332]
232.81151107044596	(9, 12, 2)	[-0.09100292275902241, -0.34895570163734346, 0.06282115510696776, 0.740398750048004, 0.04536732705886215, 0.2108836783001331, 0.4005421770678803, 0.00043633303123739604, -0.01976340644387646, 0.011707078153715085, 0.38723534505394663, -0.7062201853140437, -0.5194536330619909, -0.26476547472763623, -0.2292395861313919, -0.20028970099609422, -0.37828940839621983, 0.5097366569405042, 0.6074111537388367, 0.7297047184928818, -0.18827376677074242, 0.0870389254846668, -0.35092020494235143, -0.1071349920095863, -0.229549215576852, -0.38615080850848266, -0.06710221927303278, 0.10286871874021143, -0.3016470016920057, -0.6091827187213653, 0.23765657533423787, 0.5550222505862502, 0.3508932201267514, 0.1812631094453524, 0.26760825977572944, 0.21288310763534352, 0.04529680942822271, 0.36711921443063394, -0.4164537971955047, 0.6763705503539821, 0.17798772464992885, 0.3418785796302736, 0.3464429111982394, 0.10691186266323363, 0.06601495871664352, 0.1492292487642471, -0.2922427228129888, 0.6369218909230344, 0.19897274880797994, 0.1829653957620871, -0.3034066167431607, 0.29544752308304567, 0.17240381222055268, -0.43292590137775255, -0.37414776341437994, 0.012544207993194315, -0.44272560815639395, -0.33308535920771615, -0.6955542985487201, 0.24652951278364993, -0.0948112953792355, 0.16310593305763602, -0.1923516049567325, 0.10918035037181284, -0.25130860462880467, 0.3103491200830131, 0.6504092608425127, -0.35493987238678115, -0.12391772205643253, -0.016562529425287797, 0.6353890524762034, 0.6790921696631043, -0.3140444869923852, -0.012539462402251346, -0.1986380651685845, 0.18959627484398428, 0.497695795918285, -0.52036725772923, 0.16389097327422109, 0.017444856936898075, 0.1054151483562357, 0.01948672738280485, -0.130691769538299, 0.02742693242922593, 0.0617945443161481, -0.2312622679759796, -0.5327612702051755, 0.20576990202709622, 0.05939060884216238, 0.1984238700272316, -0.7157004694964391, 0.53292904740992, 0.4896536219509736, -0.408527815771778, 0.147187946059117, 0.44597772181019124, -0.21086828361632878, -0.09174550777516402, 0.36436922055862997, 0.07890895572513176, 0.6103363593295009, -0.11966610417085335, -0.31112317711016557, -0.1434599257124059, 0.07744220000887103, -0.2720472589461831, -0.10527738018216355, 0.503049360151926, 0.5977180302317262, -0.09149293187175273, -0.23432374132758926, -0.19365506246155742, -0.3356169640876986, 0.14766088561113377, 0.066226864870913, -0.13965402265319238, -0.36628761767471063, -0.28418278147884324, -0.257852610500282, -0.19634700027093843, 0.13154037132198287, 0.18345870824393057, -0.25257617237839913, 0.44486541537305324, 0.09844261643711467, -0.18539017534307828, -0.08393488108509083, -0.4473325808606392, 0.25948074969260637, -0.2994654089615746, 0.5490795818706238, -0.0986340045540122]
-52.632679097384994	(9, 12, 2)	[-0.09128119281021796, -0.26670252074090184, 0.055243638520232605, 0.7299654066288437, 0.04657232684131919, 0.17220335405820197, 0.4004917717426084, 0.0015020952435885351, -0.007867385252027017, 0.042131436176869055, 0.3891179280500721, -0.7078698865537001, -0.5177729593369279, -0.26657974218498903, -0.23024821965757586, -0.18184318733749716, -0.3836154551055965, 0.47994198897516505, 0.6302728892686228, 0.7281566444308757, -0.18591989516141016, 0.09117636145511906, -0.35151271091949254, -0.11192496237249205, -0.22404498262238604, -0.3856629821193117, -0.06312592397640368, 0.10277188328781682, -0.29192369120017236, -0.596388409714072, 0.2174073968791163, 0.557388287763602, 0.3508733468589609, 0.34168608059196065, 0.1836197092933215, 0.17359281419260675, 0.046707239465786116, 0.370221988135232, -0.4062901674397968, 0.671032669033842, 0.17620502881659633, 0.3435752885751233, 0.34899700801786615, 0.12341695664402216, 0.02805725218388335, 0.1495203703918575, -0.287140457284078, 0.6364645470923315, 0.21052747175876957, 0.17453606446206724, -0.2993870403558019, 0.29538028496047397, 0.1624858570549806, -0.4472032803735704, -0.37558053793586255, -0.0660942664081593, -0.45686530584833757, -0.33791056164060856, -0.6918647044354835, 0.41859612693448967, -0.08197502937384307, 0.16489758509318503, -0.1854543650683111, 0.105878547485139, -0.23654555637377234, 0.3340206853705131, 0.6465886926630331, -0.3660404257106209, -0.12329316643407424, -0.04046863653476924, 0.6472405067381465, 0.6628708640658715, -0.31367209602930346, -0.008995930900123093, -0.195676309445368, 0.14226026891974947, 0.5111689648810632, -0.5205677975361781, 0.16154044679889953, 0.018050571153934606, 0.10284577728462241, 0.0025055109617076123, -0.1175922248280338, 0.029865819505424013, 0.03991361045070566, -0.1850935111249714, -0.5376425798879901, 0.21009399512036434, 0.06596438291164461, 0.19489146074163755, -0.7182550721825551, 0.5328904375049837, 0.4890367411121003, -0.414168340224354, 0.18218076278042827, 0.4455502201993828, -0.1936204493475888, -0.09119689741000923, 0.36327871476172824, 0.07493207687951053, 0.6112397628168396, -0.1155466304074935, -0.2833120438433984, -0.14527260517427332, 0.07683033464465489, -0.2615655058263571, -0.10645222155505238, 0.4890269519947701, 0.5279148650051364, -0.08943303156599153, -0.22749446465218817, -0.24237482491141824, -0.33143379494443653, 0.16495988439920867, 0.06817623982889263, -0.14160182936465676, -0.3711695872489487, -0.27285079283099034, -0.3665915797404353, -0.19213502229771348, 0.13329736221650443, 0.18608058859621254, -0.25565619511607585, 0.46366505674116476, 0.09828118170279485, -0.1861817687700279, -0.11376353111589485, -0.43025110744433137, 0.259026389436817, -0.30403545664211834, 0.5181683570517066, -0.09678738346795032]
455.9000783842564	(9, 12, 2)	[-0.0899587773784139, -0.33133844702765086, 0.055976365001053886, 0.7275283041591101, 0.045724381883345946, 0.2217231410988269, 0.4006400308657521, 0.00326041351373989, -0.0271572210658467, -0.007986634134884704, 0.3932645247478565, -0.6921329988322038, -0.5186188087111812, -0.26345601994359563, -0.22920759248631561, -0.21109747713975674, -0.3977992055602658, 0.4871706441020129, 0.6381663371456463, 0.7289415805899851, -0.18211622429355118, 0.09170072491978118, -0.350926196877682, -0.1135001305837912, -0.2119183724492163, -0.3848362168192586, -0.06557713215932409, 0.1015735114612643, -0.29495635598050385, -0.5963461926625623, 0.237284537072747, 0.5555370604477183, 0.3505915641989643, 0.1828266782390734, 0.26386933750026165, 0.2147644423352722, 0.045286321705406404, 0.38055583624050926, -0.4168240138702656, 0.6721604614422634, 0.1746358544307231, 0.3411987536354152, 0.3431558667439141, 0.09281533318626013, 0.0514804897175694, 0.15066533111247796, -0.28985730618259625, 0.6367073482796752, 0.20992973548167693, 0.1985345705888148, -0.29835667171719454, 0.3780196741942019, 0.1714352220585884, -0.44036415825383113, -0.3879725209654716, -0.021921328043988646, -0.4541306283032801, -0.33662569210863624, -0.6958028082339157, 0.31858282103060465, -0.07546329662649201, 0.16432403188206363, -0.1442899898718584, 0.10626299461393743, -0.24608466588486944, 0.2986032429542146, 0.6488563213897666, -0.3602802117866728, -0.12812948486061243, -0.011835698209732366, 0.6543369046421997, 0.680042554206969, -0.31403194273521806, -0.013337610724885386, -0.18912326706151977, 0.18804999011651158, 0.4987948114792274, -0.5188409548297128, 0.16385011656152043, 0.018633316062551013, 0.10908362273604534, 0.017213343790974778, -0.14120856836169243, 0.02759879380304617, 0.03660722048182418, -0.19312701187826106, -0.5449081161587765, 0.226952539906254, 0.05878929777113229, 0.2102739229732199, -0.6294163798790666, 0.5072827142156494, 0.48912490293284905, -0.40692591163761, 0.16920454558973966, 0.44601898207040064, -0.19941399125364473, -0.09028923614834775, 0.3731800774692346, 0.0812460802613306, 0.6102846498102324, -0.12480234355883896, -0.28905410932661785, -0.13322299028326678, 0.0761760255716199, -0.26615632128472366, -0.10303831078145088, 0.4883717258005833, 0.5980864514318605, -0.08003629275805037, -0.23304178800501443, -0.19717856679153237, -0.3386760901455392, 0.12060752256859664, 0.06953686301519006, -0.15091034698390446, -0.3661484478180046, -0.27695572165010734, -0.25631692460998756, -0.21327509238842568, 0.12975058894597968, 0.18516587061773412, -0.25234104519259426, 0.4634854748855797, 0.09812793158339327, -0.18633367054006306, -0.08785407247475836, -0.43800366515601025, 0.25966425977231533, -0.2987904075979638, 0.5507274418868419, -0.09521821639866754]
-138.28904405533862	(9, 12, 2)	[-0.09058152224359103, -0.27619847435540473, 0.05121136290289305, 0.7242319869461034, 0.044127992740241845, 0.1975985706893249, 0.28289431844607493, 0.0038768731012895664, -0.011846705301237253, -0.020984418501404898, 0.38875937695870344, -0.7833306151475296, -0.5233289870641492, -0.26483125196844276, -0.23241713253515323, -0.1768521450775427, -0.3981324527642718, 0.47946547556813884, 0.635805794527186, 0.7271993383149103, -0.17300872529264294, 0.09266338057332349, -0.3507053816857305, -0.08022005057503584, -0.3242291833507663, -0.3834854241224446, -0.058218253080204764, 0.09674148742526209, -0.29825207895120964, -0.6039777001257424, 0.22100039820389336, 0.5569509608880738, 0.3502738384374615, 0.18948583736240335, 0.25200264250433535, 0.21144990946593906, 0.04887927120929214, 0.3699528507076292, -0.4187075463902042, 0.6686248605850781, 0.17597800684705828, 0.3411153624746682, 0.3493617350617055, 0.10544268251013253, 0.015039355106678696, 0.1496681909130223, -0.286892213470353, 0.6367513693962672, 0.2196692535291641, 0.17825663612873907, -0.2979342808693173, 0.3068454052773487, 0.16495519768732606, -0.4404636857244395, -0.3821182589568078, -0.020944270822844495, -0.4612521583398544, -0.3455649847883693, -0.6937912549770838, 0.23084776129261864, -0.06879263002441614, 0.16533616491514513, -0.18233927841396347, 0.08919407997931392, -0.24478223247002548, 0.3832438555671539, 0.6512292587311354, -0.3604602856391813, -0.23046004237737316, -0.015975006876855602, 0.6579244939075757, 0.6672887328240036, -0.31441754360730634, -0.013400166244339122, -0.1984824387778038, 0.18312689180970138, 0.4961468877540638, -0.513388266991845, 0.15865661490210692, 0.02178392786983529, 0.11089296589721102, 0.007332215356492279, -0.1275690280103129, 0.02898512919289325, 0.022318869017585452, -0.18245138257316096, -0.572078387297622, 0.23059299248249177, 0.05874576434510752, 0.18115543672080334, -0.716230825436604, 0.533606529038334, 0.48902281452438306, -0.4193541286563818, 0.19031636012669306, 0.444816409997316, -0.19624117692804038, -0.09034207872535335, 0.3697320782714023, 0.08189596852633, 0.6089375435176625, -0.12053902560836639, -0.27929558994621684, -0.1441923614961938, 0.07622765734235745, -0.25192499351793185, -0.10282770326954578, 0.49108711087879675, 0.5965757402710381, -0.09013814087566886, -0.22313713655877992, -0.19873895221110008, -0.34755800477313104, 0.12287989579419586, 0.07571170594330773, -0.1417724781689989, -0.36974164230829965, -0.2669972566130578, -0.27043423666985617, -0.1894467716855934, 0.13250249808143028, 0.1839848486866228, -0.25603283640463037, 0.46374536122740884, 0.0983974430882057, -0.1840054977555395, -0.11627906192058865, -0.4608375546482443, 0.2600166423471386, -0.2984237684717566, 0.5335947705664239, -0.09427921818663293]
354.50557012983637	(9, 12, 2)	[-0.09254283065359789, -0.313466870786457, 0.05256766811323782, 0.7309211046231094, 0.045837629890233454, 0.18922937715564647, 0.37382804220675125, 0.0022488738886000774, -0.016000078976499636, -9.161219422010184e-05, 0.3911716096077306, -0.7101562954069944, -0.5186664378269268, -0.265320386678511, -0.23112866535407434, -0.20343471201058155, -0.39490874683088667, 0.49183728120616055, 0.6122254886274854, 0.730030500985699, -0.17863633499260737, 0.0918575017359885, -0.3504867366903694, -0.08222365839312706, -0.22168384412223274, -0.38716773138340294, -0.06115069484601374, 0.10291884668911717, -0.3000179706455769, -0.6022792827880172, 0.22499407032106064, 0.5566777851163243, 0.3510113117777252, 0.18101460200460848, 0.26545396624001644, 0.2336926697317482, 0.045401780937949526, 0.36402347727126694, -0.4277059764855752, 0.6746350957241642, 0.1759464321411836, 0.3407553661689415, 0.33828408466767856, 0.1047148797254479, 0.026235170004369878, 0.1527419877357753, -0.291226776139949, 0.6367713827788174, 0.20994013491352528, 0.1805737585276877, -0.2997347353666491, 0.3128213481106037, 0.08642066133957421, -0.4431729550024185, -0.3768801865776491, -0.022147240915335653, -0.4871598513886024, -0.3370633660938056, -0.6930878539006109, 0.3216413148457558, -0.09852063232421221, 0.16561190328522377, -0.18199539668494563, 0.10745619044847404, -0.2507549870777279, 0.31110693870679496, 0.6528941959895878, -0.38446218664787485, -0.12498069912952045, -0.054775852674361906, 0.6573853291441194, 0.6724742877326187, -0.3140706314170991, -0.00898674564677856, -0.19616952108662286, 0.18669430985307514, 0.4985443753695572, -0.5228142981529049, 0.14923462276409058, 0.0186757434434917, 0.10834580310593028, 0.01643523493696037, -0.14100173036735672, 0.02750449740050932, 0.030019109536044426, -0.19298669637478733, -0.5323665799603242, 0.20946217889171886, 0.05930546017726084, 0.19370542369228405, -0.713438722448623, 0.5252050504516914, 0.4887097193565394, -0.44628305718690897, 0.16296544513832034, 0.4413151792339886, -0.19527022346354936, -0.0939842358682065, 0.37239446137945253, 0.07222100839089927, 0.6105505253555223, -0.12301489493889094, -0.29651076376956903, -0.14324370804314265, 0.07685968769792904, -0.26215711141458103, -0.10220212199755424, 0.49581374576471393, 0.5930962268309958, -0.08739439416161415, -0.2323225076423384, -0.2054842633051862, -0.3410798856898751, 0.14023762281097188, 0.07027939280192305, -0.14113076042276446, -0.36739519525678, -0.2671210684889209, -0.36721044720297147, -0.19384738041646365, 0.13257097340574403, 0.18652927720028128, -0.2534046792612291, 0.4540873273102877, 0.09845152476470798, -0.18587355157590937, -0.1089680212332064, -0.44598686558866973, 0.2587156556011802, -0.3043119516197776, 0.5456792155624054, -0.09940057657289783]
-60.73773212507186	(9, 12, 2)	[-0.09205091303106208, -0.31036351636256027, 0.055067332849193296, 0.7304721383545463, 0.0461225241764669, 0.18955986917110296, 0.3943872642917193, 0.002186879137680438, -0.05814305556682674, 0.0026293975145911075, 0.39110715099985144, -0.7071709465225828, -0.5185194015419613, -0.26505343668332526, -0.22928255249853244, -0.20169109155454834, -0.38994422611513585, 0.48774142149398214, 0.6122412314279279, 0.7290748843258044, -0.18029330101801017, 0.09142692628906718, -0.350807565766638, -0.11100536146408925, -0.2222542043182773, -0.38706151294353597, -0.06142033991616741, 0.10281193601690233, -0.30094934303637416, -0.5986336749770387, 0.22015894382982404, 0.5564949274622382, 0.3509073124985624, 0.24831643937674555, 0.2479257561613148, 0.22958773768770444, 0.04642228872842935, 0.37104110741387075, -0.4244621541457805, 0.6743188676294234, 0.1776525359117792, 0.3408229120442789, 0.34011459256336385, 0.1217482586412067, 0.0317052633491289, 0.1505726216840596, -0.2882775877218634, 0.6366951218314312, 0.2057440687177058, 0.18055562161648173, -0.3019850190912931, 0.3244880725452314, 0.11841758661861804, -0.44331301057528444, -0.37804647388727736, -0.024585407788499547, -0.45007315389697944, -0.3382886960547239, -0.69300837973807, 0.33968573184924217, -0.08206009429708087, 0.16455653302486253, -0.182369264999936, 0.10647854129370118, -0.24621668068430658, 0.31435787179511576, 0.6504236735784861, -0.37079781180229354, -0.12639112613037604, -0.03996652492569962, 0.6479313419180649, 0.6671930400524866, -0.3140596355810966, -0.010386630231545384, -0.19555047752391733, 0.18617963680811514, 0.503293852127363, -0.5199856261393739, 0.15450977082503803, 0.018622565719995304, 0.10857726402065823, 0.010919904033968737, -0.1311418574014779, 0.028203112054668217, 0.03415414240134178, -0.18786305731543979, -0.5619664104714301, 0.2106310506442007, 0.059433073429059416, 0.18172972046358804, -0.6833568389098789, 0.5196766865861027, 0.4895853230575304, -0.43100414976693213, 0.163663670830796, 0.44222577175132877, -0.19516809590547207, -0.0905591405857161, 0.3709285725653289, 0.07233158043451472, 0.6107888060793596, -0.12217822809864734, -0.2934072173829085, -0.14294080577632207, 0.07676798389329939, -0.264135271343723, -0.10399682029889382, 0.5004856192039984, 0.5927823432186969, -0.08736212122407103, -0.23245507129548887, -0.21331768488681124, -0.33527165315908236, 0.14947794851658294, 0.06913384724443732, -0.14058338892495156, -0.36773500398419956, -0.2714237654558326, -0.3512739703659248, -0.1941132008540483, 0.13253029453632933, 0.1854177525074409, -0.25338858753342564, 0.4573666011997095, 0.09842552041578131, -0.1858479220497692, -0.10587207907343159, -0.44049864514024545, 0.2589004749778354, -0.3042754368260522, 0.5466291878778456, -0.09818490866585564]
283.15186850453983	(9, 12, 2)	[-0.09130880251096722, -0.31120839903971165, 0.05614518305746397, 0.7237817286815338, 0.044526172308947065, 0.22395532868673002, 0.3899044944196238, 0.0028109319068529365, -0.011228057808927916, -0.01152744140429749, 0.39649324086053467, -0.6935170463938232, -0.5185942003562465, -0.26435031768388023, -0.22946835989479145, -0.18304728749585716, -0.379889202625894, 0.4888046188537317, 0.6169140195905269, 0.7128111633046045, -0.18421164161384668, 0.0936861535377023, -0.3506646122563577, -0.11370853827945693, -0.21476199032921106, -0.3858670233635792, -0.04884703038913921, 0.10229380512747208, -0.29448078823970686, -0.594571751143484, 0.23367073231091112, 0.5561425461138375, 0.3511137598207264, 0.1731489708260234, 0.27061976490364725, 0.21457725577199216, 0.04794616665173752, 0.3748820653156453, -0.4213872652589459, 0.6747904761051786, 0.1739993425404813, 0.34008886861038967, 0.38831250344609486, 0.10560326232129126, 0.02070060721204498, 0.151720790746374, -0.2884012791524859, 0.6366362590348098, 0.2044958813394783, 0.18052238370198176, -0.29817090759887543, 0.3656903709693913, 0.16870541768881092, -0.4363763040575538, -0.38614090978234283, -0.03442341951116402, -0.4348264167244574, -0.34121376814882887, -0.684790574461615, 0.3264398290126954, -0.0780476201772986, 0.1651013529582288, -0.18427116965665022, 0.10364939652374187, -0.25924216384979726, 0.3477828703138803, 0.6490586047382659, -0.36280848678859423, -0.1267860218521388, -0.015518932751482962, 0.6526811052535362, 0.6800070390108106, -0.3142137690327379, -0.01360098424064994, -0.1913230793585778, 0.18622380171969818, 0.4991015207546367, -0.5313537881536652, 0.15952974151853366, 0.022737158902666317, 0.11848246808784507, 0.008618263549791538, -0.12327064153270617, 0.04078951047164462, 0.028560502057815143, -0.18781098968825027, -0.5706808430980309, 0.23088204092344655, 0.05983431749878931, 0.19704523315671266, -0.7082776250375047, 0.5328376467541668, 0.48936684590760965, -0.40506716279056876, 0.1724899449631643, 0.44382875126004273, -0.2298677086672143, -0.0911696449915211, 0.3669197761659925, 0.08130039732362719, 0.6092529486122898, -0.12217617695140828, -0.29116132072598216, -0.14262114933130562, 0.07787680713401045, -0.26032255355565653, -0.1062503554166581, 0.49387271058692683, 0.574615977964938, -0.08893116307973122, -0.2312003015844604, -0.19593227239662292, -0.23657544989742693, 0.12513979764823338, 0.06439408918841205, -0.14074832728110484, -0.37179292762083277, -0.2729880797760044, -0.29424378460552925, -0.20753964976480205, 0.13185142719284138, 0.184755003064208, -0.2544083596248491, 0.4596648393647158, 0.09797468101144105, -0.18580020307984252, -0.0948886108937296, -0.4543766928541772, 0.2591362646332633, -0.30157743104498475, 0.5404433436088085, -0.09620250812090744]
-10.5159303539304	(9, 12, 2)	[-0.09168256572365631, -0.2900210119403593, 0.05492249194077711, 0.7330653925481047, 0.04578222005922747, 0.2118674151374926, 0.3878047972600921, -0.0032104548365560065, -0.011023679797736543, -0.0020934589937395723, 0.397589979699413, -0.6959536106463085, -0.5186120199221652, -0.2644287285210993, -0.23034917267354532, -0.19544174425338484, -0.3892028368942594, 0.4858378384076468, 0.6144199374573638, 0.6273948486742973, -0.18315444980721565, 0.09108681938605409, -0.3610473847895618, -0.1210985922661226, -0.2156870945443471, -0.3762623348763751, -0.05054724631077489, 0.10228095155497521, -0.29213969521231586, -0.5893922211317615, 0.23340078262379338, 0.5556693771216952, 0.35103972277915907, 0.17596955770525058, 0.260638556501, 0.22481646846597, 0.04630410836451701, 0.3728575883749917, -0.43333380362662577, 0.6746817772067859, 0.17372842763751964, 0.3411286511382309, 0.386454840786609, 0.0969810734989821, 0.029681597875965866, 0.15169477623383043, -0.2959451086681511, 0.637505852933085, 0.20780518539088186, 0.17955063810088634, -0.298993948984745, 0.33071582659504606, 0.12212023363881164, -0.4373382447863755, -0.377582124734891, -0.05642866342884905, -0.4459085197354255, -0.3407685777384927, -0.6893659365545592, 0.3443023878140703, -0.07994840267380393, 0.165172017860687, -0.17900390922201515, 0.1034725887868358, -0.2405748825514713, 0.34481019640551497, 0.6503489992100712, -0.36401862218602665, -0.1269753317869779, -0.031727423412787295, 0.655986758667602, 0.6776091262791331, -0.31410854423749823, -0.012168561646979405, -0.23020716347177153, 0.1863543031112663, 0.5014329121759342, -0.5287118854038376, 0.16013340913410404, 0.02113594159784444, 0.10858435063404076, 0.010266675949865165, -0.14372240691938792, 0.03499855594631599, 0.02744962560156125, -0.18716543008053993, -0.552705762885035, 0.19838218346735206, 0.05745367804270907, 0.19785053966137284, -0.7112597266444265, 0.5346896570014035, 0.4890029305197201, -0.416106346379099, 0.16639762181451276, 0.4441551559638198, -0.21239064411588437, -0.09208196181682278, 0.370931022977257, 0.07638896487808242, 0.6099301076458822, -0.12393878241057765, -0.29080139549546014, -0.1374512537275969, 0.07432161778960354, -0.25256060160063637, -0.10588517765263541, 0.49292642754821964, 0.589195979793589, -0.08855961786848411, -0.2227506525305236, -0.2023130088676543, -0.25133906031174247, 0.1318206275985101, 0.06491113769682272, -0.14487049897524232, -0.4970746113477902, -0.26898034373190605, -0.2994783016999217, -0.19680426540862947, 0.13221211533725533, 0.1863465347977763, -0.25408595461768857, 0.4612683233618936, 0.1046380717569438, -0.18567987799230376, -0.0885666483503713, -0.4450189310395265, 0.2591353482291156, -0.3026097883552146, 0.5356986882865954, -0.09659794779847457]
-329.6038643629849	(9, 12, 2)	[-0.08191807489396505, -0.2909317709631397, 0.05548583906748121, 0.7303424948887198, 0.046122150417026525, 0.21089581519887235, 0.3952994545236797, 0.0005777997324405667, -0.042150024631814095, 0.0015045192137359518, 0.39760743557840716, -0.7065655786960825, -0.5207340172381354, -0.2648281005425749, -0.24466539665517215, -0.19710702622858237, -0.3840857043748063, 0.4775066993830268, 0.6241791727016481, 0.7287209187504653, -0.18559085833461808, 0.09011791052524967, -0.36177103621976364, -0.12092018941674387, -0.22492378630188986, -0.41627963378403243, -0.0683432135045023, 0.10243941203930855, -0.30313582026019004, -0.6023789232599439, 0.2362620077149601, 0.5449874472037719, 0.3508472866616159, 0.22642397909430328, 0.24518883330893237, 0.19744596356135535, 0.04642254086613609, 0.37009218778001324, -0.41635374155191174, 0.6699666320232013, 0.17848202786578737, 0.34207138799176573, 0.3444672220203654, 0.0692035972816846, 0.03891573754120821, 0.14973775254607946, -0.29311793109455486, 0.6537428718989058, 0.205014870072075, 0.18053800014791085, -0.30248676153870563, 0.37186170201484803, 0.17192603458381628, -0.44423774203229993, -0.36936199717271034, -0.08842855341420264, -0.45041522544928214, -0.33767565788851683, -0.693081760732017, 0.38704188102473513, -0.08374390561176605, 0.16417253775466883, -0.1837877314152526, 0.10696715150961211, -0.24493171594374433, 0.3169169019407932, 0.6614398228921492, -0.3582909816770559, -0.12994875542702966, -0.03238571304083101, 0.6491248737281188, 0.663905349396418, -0.31454929185247915, -0.010497462934201972, -0.03552977763312455, 0.18526246196111673, 0.5097988617810729, -0.4621852351264958, 0.1609549286321338, 0.01558176843863655, 0.10863711992887924, 0.009137043427595198, -0.11130759336792918, 0.028259914539430928, 0.0328283257086994, -0.14616620102387995, -0.48431144010669114, 0.15430265075863125, 0.061798950714896564, 0.17425553508950378, -0.6713361545761423, 0.5133652029765225, 0.4886436168437126, -0.41219316422877017, 0.1645649257474495, 0.4451339430116679, -0.19713207602575328, -0.09075461401906063, 0.3636912463275708, 0.07629030079332298, 0.6111877402038891, -0.11304444129530167, -0.299193556017077, -0.15244346717441448, 0.09589568938007238, -0.26484734382816255, -0.10536469562330941, 0.5056965217835286, 0.5888472149309166, -0.08680444886101651, -0.22871999775067406, -0.19047299760573688, -0.34051378309149893, 0.14133253398230156, 0.06670243318875313, -0.13909052777347902, -0.36617141586744056, -0.27184128941018737, -0.33424204088148535, -0.20715013880007963, 0.12993641094258312, 0.32414473082353845, -0.2534560879359435, 0.46950691453053406, 0.09837295528320575, -0.18563349613425517, -0.11004556870896173, -0.43788205063983854, 0.2942284873982282, -0.30528190813590916, 0.5359567271345267, -0.09554226353434447]
-132.25075584127572	(9, 12, 2)	[-0.0940984692861947, -0.11792543389864193, 0.05300095873969341, 0.7277742263651911, 0.0447658526435734, 0.18500229306232688, 0.37517339485090845, 0.0005539192492798547, -0.04355155375373343, -0.006569372902283202, 0.39041216867996137, -0.6969602446660266, -0.5314466235520515, -0.2649307334195835, -0.23919723800996415, -0.19442088080485825, -0.39511758030796573, 0.4823299731393119, 0.6294152129637286, 0.7272965142903881, -0.18299666590982783, 0.12808555781005743, -0.35252128792839543, -0.10776751498810266, -0.21952532241527412, -0.3831567833064957, -0.06511527094557099, 0.09994665742705168, -0.29323219499864284, -0.5952746469280997, 0.22502798195853052, 0.5553801330125053, 0.19809668372377487, 0.2551143026814818, 0.22077702575848296, 0.20992003718855778, 0.045966149227190556, 0.3746217894452619, -0.4229395128570095, 0.6762146630234651, 0.1734419548409801, 0.34147565422881304, 0.34648735017612814, 0.09854002057636271, 0.03175494021261348, 0.15064241514759985, -0.28894017602824745, 0.6448541644655302, 0.21633027135449917, 0.18024676368050255, -0.3006999184755318, 0.32319845882436127, 0.16854330861745687, -0.44185645097208104, -0.3785480819027387, -0.02772937268368033, -0.4515256536494807, -0.33626031151230384, -0.6913372980149377, 0.359504479556153, -0.08151308379299996, 0.1644789116277508, -0.1806659886174541, 0.09857960210563885, -0.24705621065563196, 0.3096840068715907, 0.6511531619375258, -0.3700354300547345, -0.13002626100037443, -0.04280494954817809, 0.6175222634239724, 0.6682246877261985, -0.31457555594489006, -0.01196639457565845, -0.1961793166663257, 0.17911882489351624, 0.5014497596376224, -0.5169096318215378, 0.15225681578798014, 0.013483110310208997, 0.10665798568294188, 0.009760272012407624, -0.23144082002210975, 0.026958327196636378, 0.027039480146360557, -0.18695924611293424, -0.5488884187938516, 0.2299581984037957, 0.06471283463044336, 0.19300769470113402, -0.6794648885694132, 0.5340291489909803, 0.4887793997354095, -0.4084904961964398, 0.16973392604395524, 0.44201942923730464, -0.20133644589497354, -0.09137190455349317, 0.36636025583015974, 0.07487395204104248, 0.6106510563813348, -0.12288241083398316, -0.28817192067824404, -0.15356662437431337, 0.07657485111789099, -0.2520690429392808, -0.10598544277749039, 0.5240948100721647, 0.5957751211150507, -0.0890100871211628, -0.22709765779764216, -0.20746945147422427, -0.34211417898421614, 0.1529462355101193, 0.06925817799464326, -0.14103290871394997, -0.3673047154871185, -0.28619947737940266, -0.30522948696404406, -0.19930102420908652, 0.13059766182581523, 0.18571090454362785, -0.25713199996247993, 0.4647844944782134, 0.0362740055607985, -0.1851995937894837, -0.11704207439435779, -0.4385155491578515, 0.26243800362564407, -0.29971347374825247, 0.5371814619111018, -0.09337816515045048]
72.88234133229633	(9, 12, 2)	[-0.1087056338313955, -0.28256560714576623, 0.05454467548728633, 0.7253183708626981, 0.04670793894238745, 0.20230962670909014, 0.3966458213118238, 0.005163533499732545, -0.01966237210393538, -0.018414374781823103, 0.40037088259309717, -0.7012845776065705, -0.5184169620015249, -0.26462705749777543, -0.22938106926586843, -0.13376823009617467, -0.39709290200091923, 0.4915261709032141, 0.61958038199776, 0.7090288485791371, -0.18382825228303848, 0.09374748055428994, -0.350900416874144, -0.03402827859094261, -0.21155769298224025, -0.3903599331520931, -0.060324504314927, 0.10141076368768488, -0.211583797386503, -0.6031385024305917, 0.201208418849131, 0.5556236019211018, 0.3504319524890943, 0.13029388711474968, 0.25332161455029106, 0.22028720172921448, 0.04791981213057454, 0.37068238103491563, -0.44700232017481134, 0.6738698711767532, 0.17412678887990862, 0.32361906952419905, 0.3477821047882916, 0.0919257670703196, 0.015447700557001228, 0.15194635918339652, -0.24740667313837839, 0.6366218934766779, 0.20705867771394518, 0.17911655918031166, -0.29917405752669, 0.3021777344150292, 0.16826251164832506, -0.4427435279201263, -0.4243766372656178, -0.020651061962248977, -0.4521599977178093, -0.33616034303785586, -0.6942630917361228, 0.3310143722445247, -0.08062827925080143, 0.1659176570570573, -0.1759893755604357, 0.10012807961589065, -0.2576692207578535, 0.3903237658090369, 0.649041153816169, -0.39585450320809473, -0.13689279199477394, -0.016485648909169363, 0.6543130897292553, 0.6784883478037502, -0.24738851148912522, -0.014942128052517255, -0.19402973130865442, 0.18901230101083782, 0.503767358153209, -0.5284550126989487, 0.1608909468593246, 0.023004982028043824, 0.12513575221188308, 0.005564267513677546, -0.13531452532971064, 0.05219050267287628, 0.054510288272129274, -0.1840960799410651, -0.5458087315177377, 0.22529195711457184, 0.05630379453115816, 0.19400135566010487, -0.7053037169070042, 0.5341085041829594, 0.4891969461729615, -0.4151316138495045, 0.18198789078433267, 0.394369477097007, -0.20116994020475804, -0.09463227873322792, 0.36852754052520537, 0.07207339229223342, 0.6102522793049876, -0.12514002045635506, -0.28145356144120476, -0.1440441632647648, 0.06973753658700851, -0.2542222739961526, -0.10485427723803455, 0.49252090100131635, 0.5883049185543004, -0.08955529560779027, -0.15214205304764042, -0.2011508649553662, -0.3388510506085617, 0.055588971006473975, 0.06822883860147437, -0.14587239069786836, -0.37125841534487564, -0.2740620490386713, -0.278817212127477, -0.198867261297654, 0.13225465189541533, 0.1847917620716545, -0.25308173824239355, 0.520892237460382, 0.09810083543285167, -0.18494683789708524, -0.11227474735739204, -0.4380680803362234, 0.2590559124385309, -0.3010496964293504, 0.5394185677572838, -0.09514079683157743]
-43.46042428603076	(9, 12, 2)	[-0.09156922611467727, -0.19090308360336983, 0.05496059016139447, 0.7230862164616121, 0.04540005328356386, 0.1878568553400595, 0.37978146236235355, -0.0034271637863114387, -0.018024115035465197, -0.00850701363693085, 0.3998187308374101, -0.7134139591299726, -0.5218222341554909, -0.26539740484843455, -0.18305929335711396, -0.18370463637957693, -0.3877076587305554, 0.4893703452248235, 0.6163649320159817, 0.7122672198021718, -0.18080970701460744, 0.10293588414337448, -0.3514160910886349, -0.11302612314538747, -0.21804116471620127, -0.4137702569517284, -0.053033446099418784, 0.10126975858461332, -0.2958338008138452, -0.6177730705133353, 0.2771571771744411, 0.5560036096280604, 0.19232711628334975, 0.19596842685364468, 0.273648080288737, 0.21333498087189634, 0.04761402280564308, 0.3722697036281603, -0.4223353734731924, 0.673354480397112, 0.17319873706340344, 0.33864623193455184, 0.39398040019614466, 0.10363473891502349, 0.01942947763032414, 0.15129052573119936, -0.2911844634446592, 0.6425412271748088, 0.21565097309607972, 0.1874636589468418, -0.2983337485174282, 0.3026760531033455, 0.16812359426296325, -0.4404524539028244, -0.38316465912055564, -0.03527484888937893, -0.43830744488536455, -0.3401301333668086, -0.6726351097326899, 0.3649458639964761, -0.08235201418651406, 0.1648317091684745, -0.18173213088620693, 0.09629617539153174, -0.25709108629017746, 0.3223507836035413, 0.6487191858829515, -0.36356770349892525, -0.12669128337233593, -0.015295412888323659, 0.6389288700866796, 0.6700007873649595, -0.3145260264926957, -0.008892555803536314, -0.19616888906118518, 0.18608833378504375, 0.49923657481904093, -0.5263286329434675, 0.15241111339308544, 0.024251598795641614, 0.10914252303889052, 0.007713340085754394, -0.1325607288973804, 0.03918326180633987, 0.0283876420762436, -0.18716133511878585, -0.5416617572616149, 0.23015355102411078, 0.06401631438247692, 0.19560547155803, -0.6712947222538445, 0.6933311755265483, 0.4890565781548376, -0.40764421652282756, 0.17658215311067035, 0.44180736805399573, -0.24346226666196766, -0.08942936154652563, 0.3680971325619067, 0.08051321681996482, 0.6105948583754952, -0.12189908137153427, -0.28742664823035896, -0.14358042921649616, 0.076166339455602, -0.2566775861849798, -0.10606394930400471, 0.4850631590275224, 0.5931306186107734, -0.0894320318276472, -0.2303722805244856, -0.19752083338248783, -0.34175806197468767, 0.12651559630463383, 0.06472263323393927, -0.14079023493645385, -0.3706899732676556, -0.2667590479308785, -0.3115811819815236, -0.18939044065817567, 0.13235397280243705, 0.18538946422144278, -0.2558810007765203, 0.47232193623246893, 0.11005144441577322, -0.18499086895967462, -0.0681770793309828, -0.45465052812749257, 0.25993545136470864, -0.3082763271264018, 0.54073950358339, -0.10320964678689708]
-168.373724828294	(9, 12, 2)	[-0.2002016687343055, -0.2867377830436005, 0.05509617366859471, 0.7233949653007046, 0.04559040349270185, 0.2043348402694137, 0.3973885831350189, 0.0035619599899301977, -0.011666069278922997, -0.01493123087946643, 0.4431277709323648, -0.6447679065217344, -0.5184027013657504, -0.2644886320620032, -0.228262965407105, -0.13918552843314735, -0.39095631069173575, 0.4725443787436264, 0.622342871323758, 0.6953840620710787, -0.1842362178725969, 0.09395924959689333, -0.3508064122014391, -0.11286953427335165, -0.212593020896129, -0.38506549958718894, -0.08991740695025292, 0.10108882954277834, -0.29928223667771114, -0.543681607024532, 0.22857645830971451, 0.5562101428404675, 0.35071729250859063, 0.1847309699143352, 0.2585417427849697, 0.2187449773327537, 0.04675773536044483, 0.3646632601457541, -0.4217839720376059, 0.676355171264304, 0.16936741774399613, 0.32626976783793754, 0.3497398805551212, 0.09474851477870352, 0.022186376967698717, 0.15139923803600158, -0.2894907270921585, 0.6366289181107269, 0.2082425918791167, 0.19476417171512012, -0.29826381518879985, 0.3007753432545696, 0.16789366444402903, -0.4434572026156861, -0.40475352684456173, -0.006531566038458417, -0.4392493842724212, -0.3384193909289195, -0.6893468344227435, 0.3462009302091789, -0.08314712451479318, 0.16574983663269183, -0.169350455715709, 0.10075013374772902, -0.25855663910665444, 0.341925180695825, 0.6485130642692545, -0.37905559871053435, -0.12641347122227617, -0.014999840969471934, 0.6499694941384232, 0.675672334301905, -0.3144547425599006, -0.01423144400555399, -0.19281897897381828, 0.18599166159897948, 0.502607340181789, -0.523059564675968, 0.16008169533409689, -0.01965061818790407, 0.12186566639092862, 0.005552471168904554, -0.10019394162529485, 0.05640355509981805, 0.03049896058826372, -0.18909666432236333, -0.5571138961186367, 0.31354042113023767, 0.06298572983795293, 0.19492524064509692, -0.711458567565906, 0.5317250370622789, 0.4972219160397787, -0.4101633236623074, 0.17630122217798003, 0.44508643831250905, -0.20885437966254433, -0.09098178952458781, 0.36875993687169856, 0.07812168341109682, 0.6102278724756319, -0.12520107824840454, -0.2844539053637386, -0.1444214686239706, 0.07752877028393855, -0.25789651876382413, -0.10303749002954452, 0.4911141397556956, 0.5890488246309695, -0.08973489737559817, -0.1670953052052772, -0.2005441180382735, -0.34247587730620843, 0.04245214649181536, 0.0706916149358774, -0.1425856167805796, -0.3705461996906326, -0.2682050691640383, -0.27778944501684316, -0.19712740869256762, 0.13226852713955714, 0.1861147601198506, -0.2532843020282818, 0.5045836577000794, 0.09864308613705314, -0.1849444913956596, -0.09802891220238727, -0.4515641874049172, 0.24517598035864951, -0.3264483294884567, 0.5429952011858662, -0.10031685035505236]
-123.73962745302103	(9, 12, 2)	[-0.13498970495853804, -0.2818633403857657, 0.05441051821159922, 0.7279762775542646, 0.0451114064737139, 0.2022159352710129, 0.39283928777462046, 0.004723286160986285, -0.026038615877121148, -0.003937833790377187, 0.39929423555742166, -0.7085519369046578, -0.5743237264347412, -0.26323560428237025, -0.23307048450335008, -0.17874560219743185, -0.3926812954629553, 0.4859648454449011, 0.6206317830442908, 0.7257732206717018, -0.18061378656101443, 0.12106141459661629, -0.35129648032528754, -0.06838697817784484, -0.2334517244805498, -0.373564103426521, -0.06753889457977705, 0.11149236158552223, -0.2591144366705385, -0.5998315890609169, 0.21490121303779042, 0.5557054938446141, 0.30562942795729836, 0.18198073742273305, 0.253104517146526, 0.21446421738633603, 0.0470747799392386, 0.3711184987036615, -0.4245927146095723, 0.6803112033340597, 0.1740654270371231, 0.3324766851756226, 0.3489474583576248, 0.1008538700111085, 0.021720115006376408, 0.15130754245445743, -0.30865773574462396, 0.6370573912712502, 0.20971018755309753, 0.18938510482181042, -0.2998535773381966, 0.308710721439545, 0.16825059157362424, -0.44244881314846213, -0.39470205762201127, -0.024908901600477026, -0.4506978004945087, -0.2264164393843912, -0.7287563177355607, 0.3454732407003601, -0.07966218953960069, 0.16883576068509393, -0.18273176630312465, 0.10079184240470722, -0.2529409557305948, 0.31645034450368076, 0.6494466830088005, -0.39569470158636444, -0.1376778043936368, -0.017035747553969367, 0.6355152651607545, 0.6728967176345662, -0.29218037708821476, -0.013305162491665799, -0.18898221641536567, 0.18206260457757587, 0.5012704875902693, -0.5233441166779667, 0.1572342528290473, 0.017364812088620365, 0.11439484377208003, 0.010269542494786154, -0.13346366559808953, 0.03541639078069331, 0.028363985647555538, -0.184935882790806, -0.529167824158373, 0.26609714990718925, 0.06797476766146214, 0.19256366336830022, -0.6899007943942581, 0.513342574330306, 0.48908985112033215, -0.4026504830953289, 0.17262895661246638, 0.43728178892876335, -0.1983371222538129, -0.0897272973380985, 0.3641794748299772, 0.08032759679594176, 0.610065883689567, -0.15039260377224567, -0.28888709139895524, -0.14326899776773422, 0.07093865801245626, -0.2604253489413364, -0.10508716562678234, 0.4970484820925247, 0.5925834693088596, -0.08116395176434898, -0.216150391003948, -0.20586897723354325, -0.3396811949628702, 0.14129487195430435, 0.0681188660065561, -0.14415656616066702, -0.3687026255490559, -0.2695734047119396, -0.31312552025728907, -0.1953803036805817, 0.13184288981657144, 0.18539610597068504, -0.2539748609304552, 0.45451254261287, 0.10069006142654514, -0.18082593070939043, -0.11451361911685973, -0.4410982324994746, 0.25832614048886915, -0.299661532797112, 0.5394410021425305, -0.09623935549024074]
-380.6023991767295	(9, 12, 2)	[-0.1014328872496092, -0.28445631863565746, 0.05332317448530682, 0.7257892661515972, 0.04550325988601706, 0.21520774086879918, 0.3902844909945685, 0.004936928248020699, -0.017906948575122216, -0.004938413785113446, 0.39827102810878984, -0.7215308179752337, -0.5339802523139248, -0.2654929204359333, -0.25582011058669457, -0.19785767573412585, -0.3926442861363456, 0.47874361889779127, 0.6241254732719232, 0.7269934047978583, -0.18318955584074365, 0.09510939120041834, -0.3554311679692497, -0.10961443469993848, -0.21968681225379913, -0.37673557287566795, -0.06318272331557125, 0.09996565956225635, -0.2906737281461248, -0.5991069602971016, 0.2337483417815234, 0.5517693254289604, 0.3012189965687948, 0.183862869617677, 0.26091362555065317, 0.21053317037057642, 0.04651502241405679, 0.37130166605018006, -0.4529009531920591, 0.674379566273738, 0.20829659452342073, 0.338859607855512, 0.3472238321701516, 0.09586061444280888, 0.02007199696378132, 0.150459449313034, -0.28742240592225565, 0.6448647967387923, 0.210367654546938, 0.1852780841042221, -0.2776509997235661, 0.3289172213340732, 0.17410939532977532, -0.44319818844793624, -0.394063694344495, -0.0370491111163442, -0.4441001087472205, -0.3254866030589656, -0.6873815326161284, 0.382055793542292, -0.07977324214238043, 0.16479674267473074, -0.18582082149909918, 0.09401106265640713, -0.2417841297345696, 0.3337689048660691, 0.6518411187879625, -0.3640974433435987, -0.13412872825880245, -0.01875173826834956, 0.6309573334724636, 0.6663962258697824, -0.3147995155360433, -0.0025041362047303396, -0.19169759434003472, 0.1761903454269896, 0.5119633235090879, -0.5134136612053026, 0.15968989786779222, 0.018482073950563276, 0.10881670413311169, 0.008683242622631076, -0.13417052572589155, 0.03372876688940316, 0.028255637816668053, -0.17189338470789378, -0.5328499681490073, 0.1910616816683034, 0.06432421598381885, 0.19368696893533638, -0.6694036121414815, 0.5356910002752809, 0.5010190783607709, -0.41318491396652274, 0.18058224848607207, 0.42550681721487155, -0.21151429998199806, -0.09206935712000777, 0.2577953075891951, 0.08319821748495822, 0.6121321366809768, -0.13074994250504723, -0.3281444201979643, -0.1485679121777238, -0.06829232055364037, -0.2566340325916663, -0.10770346381213289, 0.5002286964548235, 0.5961690254224542, -0.08714838056826002, -0.21838715156291877, -0.2854465939180384, -0.34140452901381807, 0.13027210231449554, 0.07005135384316113, -0.14682296646023074, -0.35693661488635975, -0.26559047846366407, -0.2981232350556471, -0.16742356827764648, 0.131301379887835, 0.209778947156202, -0.2539275771297769, 0.47400075765587446, 0.10539178267226981, -0.18481656114696327, -0.11601911519347995, -0.4321551887473989, 0.2743181047831029, -0.30378468625359517, 0.5413922667412797, -0.1142142339903734]
145.2452687066271	(9, 12, 2)	[-0.1087641207275538, -0.25949474229372543, 0.05588908712907885, 0.7294814182027388, 0.04554232356721885, 0.20074713424005763, 0.3870081140192205, 0.00038677431548786965, -0.014713655864373, -0.008701208339899626, 0.3990107591892147, -0.7024301671081756, -0.540883346115664, -0.2649435162065832, -0.22966428726128454, -0.189719140750767, -0.3890793018796444, 0.4834937577145673, 0.6140221661167262, 0.7205138572915049, -0.1838188947367028, 0.09372595998212184, -0.35144218781779546, -0.09750539714563837, -0.21898547383464634, -0.3916680788560544, -0.06260112056124063, 0.10205775256659542, -0.2899907075624271, -0.606370605552451, 0.3088071645868122, 0.5537365058317791, 0.32703463933081156, 0.17111222481093832, 0.27035910284463377, 0.21654433174907056, 0.04752319661304025, 0.37171491230632847, -0.4325439858840577, 0.6765852183637774, 0.17303299454168125, 0.3316007028768452, 0.35173897444859586, 0.09460504688203555, 0.025174294392547814, 0.15087228628123636, -0.28862395044186334, 0.6599833198670573, 0.2038834569271048, 0.20876832391435793, -0.3593074522063368, 0.3052021061046349, 0.15733061826593767, -0.4367456110411675, -0.37552066768278847, -0.03584438714037864, -0.45109385349471115, -0.33855967363955203, -0.6910309452230621, 0.3527772609485391, -0.08637152588152963, 0.16509073770592797, -0.1833230744205065, 0.10316263281332025, -0.24536253022067708, 0.3569679660294739, 0.6490873711965202, -0.3711201083061716, -0.19679162622991475, -0.019114466180352056, 0.6963344875302735, 0.6793224922996453, -0.3138111186695024, -0.01089694524966309, -0.19081669117597777, 0.18186697991120707, 0.5001940348798333, -0.5261580014196643, 0.16031562102910119, 0.02107297180601107, 0.11602165240228396, 0.013330731419661377, -0.13019813598148616, 0.04659398568151255, 0.029808893677531378, -0.1788687577281357, -0.5546315441190097, 0.21565758603919127, 0.05818606203940174, 0.19495387218078658, -0.7096118110949006, 0.5324345874923506, 0.5331527619800736, -0.4113875776848587, 0.1688350502489475, 0.4372402054405937, -0.21968367038272718, -0.11155727135409371, 0.2739061504410853, 0.07771166428516664, 0.6099587933020485, -0.12026615603865966, -0.2848627009251145, -0.1458487672372043, 0.07663600797679623, -0.2730853620710253, -0.10656405546837136, 0.4935168444992629, 0.5841518254995456, -0.08835790064394246, -0.22224017980001842, -0.20253359921274822, -0.33911369312310524, 0.12670601961161493, 0.06676020087923788, -0.14856233216961312, -0.3728620888388204, -0.23057693003608215, -0.2484017774266316, -0.19566949788816196, 0.13222273428186646, 0.19834531360872965, -0.3063228921709391, 0.45784001569667726, 0.10614389929368981, -0.18530124502488268, -0.0826032084109179, -0.4442587329174418, 0.26049021389747257, -0.3852341915215524, 0.5382078785124986, -0.10296427565112796]
270.9742963688328	(9, 12, 2)	[-0.09179683933850949, -0.28279242830913254, 0.053105540038793864, 0.7264434364924056, 0.04585261557424141, 0.21216515466693775, 0.3806131379483116, -0.0010544340978090986, -0.020869573057200705, -0.009504829540562669, 0.39466733470973525, -0.7049290327954959, -0.5247035291056155, -0.22979774521998808, -0.23212021398544663, -0.18106773038705723, -0.39164558334673516, 0.4853719015391583, 0.6161754742826563, 0.7100503940743208, -0.19131707997107766, 0.10091945537773245, -0.3521219370138351, -0.10088402407425201, -0.22211438525703728, -0.39760691789599356, -0.06997159028890554, 0.1338267367671571, -0.2941129624105573, -0.610090878307263, 0.23414114245536366, 0.5278335454624632, 0.3464257624492948, 0.19590127292939027, 0.267559422580184, 0.207488315323996, 0.046774676854834045, 0.37257434236812165, -0.4289065998069999, 0.72581283408654, 0.17525243404405622, 0.33502033088028793, 0.3564778165282593, 0.10101396928921945, 0.023682889935514713, 0.15080065139708682, -0.2858105714112866, 0.6042838586522955, 0.2143687088776733, 0.19939276448465143, -0.30080508452839216, 0.3099416392432864, 0.16535570896410706, -0.4415344932884513, -0.35827964020037495, -0.02024382576673145, -0.4286414274635248, -0.29981753542761425, -0.6862566853074688, 0.35424841547894886, -0.07798595647006311, 0.16477770877905532, -0.1790509695590509, 0.10132411602488606, -0.23429289357201025, 0.32112178616841053, 0.6489342285311477, -0.3677724135635111, -0.13084583571348848, 0.06476355146363577, 0.629727467380891, 0.6760767683911203, -0.30984185974693557, -0.008314160761779205, -0.19398877179595786, 0.18343703138268005, 0.5002415685373773, -0.5152701218391473, 0.15490351225205012, 0.019512226079750977, 0.10832744125581503, 0.008068745573960753, -0.13719493127320243, 0.04180024417687832, 0.0299060495671939, -0.18859542137919322, -0.5563677545141317, 0.23233326997633758, 0.07121062061490407, 0.19116141001034645, -0.6795298041946487, 0.5256541994977532, 0.4896152122607652, -0.4085894597462316, 0.1734152138379384, 0.4410466697441573, -0.21569754488264237, -0.09481948589774351, 0.3674312452024945, 0.07610180875528676, 0.6072773204304924, -0.12194202085248618, -0.2864331506627893, -0.1432288563977136, 0.15204071796232402, -0.25964033744091075, -0.10621580370788279, 0.5020355103755462, 0.5973571350964185, -0.08212620819197868, -0.22771849668836436, -0.20254463880333168, -0.33871382829956886, 0.13249143914057432, 0.06246100213398044, -0.12338928080597265, -0.3693563541202232, -0.270214241893293, -0.2943678496252462, -0.1918177949781069, 0.13179567957702143, 0.1864398499426716, -0.254245552291258, 0.4318589544331267, 0.10470796563949882, -0.1603496636768568, -0.10916586159435597, -0.42708411710652255, 0.2557013932771194, -0.30490553333502773, 0.5487987324802872, -0.0946965260128878]
-214.6286175234577	(9, 12, 2)	[-0.11290256675310914, -0.28390486936591974, 0.044315408715821555, 0.7324878780206598, 0.04528268940845478, 0.2062842946826754, 0.38784038639476975, 0.001794924765878534, -0.0200108277352463, -0.022601526536680256, 0.39640772517133954, -0.7029733031946337, -0.5461753642061862, -0.26319207322778, -0.23486666133262443, -0.19299156046498117, -0.39030671061568833, 0.4787430996358733, 0.6286028588025164, 0.7245733240351069, -0.18224717843447993, 0.09455215190266077, -0.35420998570582374, -0.04225047420799038, -0.2289829203675169, -0.38378471906120787, -0.06445093136532631, 0.10795615037349507, -0.2937055973686942, -0.5990692430370206, 0.22816061135974158, 0.5538880268473597, 0.2884570665603179, 0.1860009500545743, 0.26009900722780654, 0.21294010507828298, 0.045951459806419626, 0.3706893586018353, -0.42569384730275567, 0.6771045463569857, 0.17369161230528263, 0.3333208633600774, 0.34776224833511, 0.10058912297692317, 0.025307206928376128, 0.14952997161047898, -0.2865222086815093, 0.6392572326694179, 0.25166380677269434, 0.1850496104769742, -0.2762028535567921, 0.3430388306274006, 0.16911334139636863, -0.4423140978759286, -0.38987452291849145, -0.023925173968394706, -0.4421668343692925, -0.274355730827659, -0.7027986077514146, 0.35611460948508056, -0.0826110171678167, 0.16536563047690708, -0.18330459307008828, 0.10133078343201754, -0.24101635363077228, 0.3198493964552797, 0.6505643969422514, -0.402678518694617, -0.13201112382988978, -0.021929148338588975, 0.6377374645081386, 0.6681282384804886, -0.3152453692517237, -0.012753348703594956, -0.1900841563932209, 0.18249891950896244, 0.5057887347546908, -0.5226314451199648, 0.15924909254543637, 0.022041006316478644, 0.11323569138851944, 0.010108308720576765, -0.12900541222243347, 0.031856503463420914, 0.03164617844175856, -0.16411121361405268, -0.541094888616391, 0.1881377090434732, 0.06331321923057853, 0.19122238665619912, -0.7209273663361628, 0.5283204627454056, 0.5101215665438533, -0.40838083203453684, 0.16764133675432694, 0.42623947932809836, -0.2065843191894413, -0.096617270397508, 0.3447396905512245, 0.07653242689276202, 0.6100144434193442, -0.13599196784703682, -0.2873716516995972, -0.17559965987377174, 0.07469163930286572, -0.2607342746363501, -0.10530328718020417, 0.49980815716378024, 0.5920803459115432, -0.10241463296359078, -0.21021879679976369, -0.19945583405083633, -0.3383375252776313, 0.1242019685986363, 0.05589129834142513, -0.17316663219463554, -0.3686423699848581, -0.26675532374797306, -0.30599833396862874, -0.1631996412223487, 0.13186346691827389, 0.1904174157029815, -0.20500404539807662, 0.4680643303623291, 0.10526644775902337, -0.1843222066543479, -0.11333269186967176, -0.44068467009102397, 0.26660197752831116, -0.30213405687535305, 0.5396635470653123, -0.12003649595357024]
-245.071106882986	(9, 12, 2)	[-0.10069099907407474, -0.2844701697877149, 0.044397248681491495, 0.7284702646236253, 0.04565391004637363, 0.2104623450544164, 0.3779055660900115, -0.0019240641353345975, -0.01911714115157739, -0.019694499801006494, 0.39842042069525335, -0.7070054018131526, -0.5456426971453252, -0.26263892537793204, -0.2346092241114738, -0.19239847405669247, -0.38950414095311764, 0.48120447619989254, 0.6152712639690416, 0.7140018027474508, -0.18244905169015435, 0.09541161662331461, -0.35241757520872935, -0.08042195577794604, -0.22104579015122708, -0.3860754415227892, -0.06444621680316816, 0.10631834082766198, -0.2795246070433997, -0.6239251256002546, 0.2302561073471882, 0.5083508898620079, 0.33936533831622806, 0.20112313918127506, 0.2630882598819518, 0.21293354180936508, 0.04662541463024231, 0.3707500497233725, -0.4259010335979173, 0.699355795331708, 0.17358396583000515, 0.33307835611241077, 0.36828674729578187, 0.10079313070211798, 0.026612123035411318, 0.2222875451127918, -0.2869756113404809, 0.6695134376263537, 0.23101026795205082, 0.19543044763978717, -0.29941304671224295, 0.3355587673130186, 0.1684243620849596, -0.4388993134971458, -0.3823945546945679, -0.01985421765622173, -0.4435066125592263, -0.2882528000670002, -0.7011878210029844, 0.35737603625283, -0.08302230784351702, 0.16535251753533983, -0.18187894551893385, 0.10249203361876622, -0.241251933428002, 0.3203101226219486, 0.6504954270393268, -0.3986120727208556, -0.12934986708328403, -0.01593555688991618, 0.6401572180211194, 0.6746148446026565, -0.3146468198958425, -0.01272836894119527, -0.1807238237970592, 0.17119208623199536, 0.5037568144955389, -0.5223571193299992, 0.1582318595490549, 0.021450981002092754, 0.11317361575571032, 0.007662764213538113, -0.11174035856886941, 0.03311297430676438, 0.03171258477108, -0.16932100086135027, -0.5418533559853465, 0.2121520399823107, 0.06387803249755807, 0.19254662135339326, -0.7105185923712236, 0.5284208934257242, 0.5220307224931765, -0.4090101875273891, 0.16784177074742349, 0.42877339479790777, -0.21138152043983505, -0.10246067282520332, 0.3437027119595445, 0.0775607034357526, 0.6099776729708939, -0.12473804461585737, -0.2864855375087424, -0.15890974384939122, 0.1338246207665943, -0.2623919221108594, -0.1052545632912496, 0.49949053786265774, 0.5925941887387096, -0.09065716265596716, -0.20811551613645785, -0.19946872609121247, -0.340066115793383, 0.12374579036668946, 0.061277576716072375, -0.14284912287658807, -0.36905780494194784, -0.2573648160470491, -0.2940087298770984, -0.1788101233768579, 0.13183179272096826, 0.1928815106181362, -0.20525276092343708, 0.6273338389050103, 0.1039262487676574, -0.1830370634531217, -0.10229750258710699, -0.4402580205334709, 0.26484710820948426, -0.30533791314723513, 0.5413657423724652, -0.11105863960932827]
-318.87210696119257	(9, 12, 2)	[-0.09929069197595969, -0.28567352312946254, 0.0533259742044177, 0.5825924105694376, 0.045399190284927324, 0.20920933286116897, 0.38135090908756136, 0.002076823868784072, -0.02848432462115548, -0.00572983997307356, 0.39987596495626276, -0.6958404543975439, -0.5435041153905953, -0.26060011580758347, -0.2358770525979054, -0.18031202261285828, -0.3264273796524315, 0.48310414191879125, 0.6110379073928601, 0.7181056650664556, -0.18380995611672024, 0.14539742102913958, -0.3515356951587682, -0.07040376870270974, -0.21882545962432037, -0.3851397760530956, -0.06450117271174768, 0.1099940343828787, -0.2652550804529321, -0.5980743063032844, 0.22529740920691987, 0.5557827428973348, 0.3232454147773402, 0.19283864044447457, 0.25851257217483137, 0.20998577548085695, 0.046676072491293075, 0.37163179904079535, -0.42277770565885064, 0.6574497602477305, 0.17394136671347346, 0.3348910845695051, 0.3617676598307219, 0.09501116251959747, 0.02384448866410723, 0.15028706163772215, -0.29287461163396505, 0.6440026002767145, 0.20853807200827149, 0.1360003884148932, -0.3000727779648785, 0.3133099150806503, 0.16852199721835553, -0.44310558780437037, -0.384967733486817, -0.0509862031943622, -0.4358227972954194, -0.30432396594082856, -0.698975419909063, 0.35931563351348655, -0.08038098498592092, 0.21678406759914462, -0.1838221785373032, 0.11888239738884922, -0.24040034223931106, 0.333966044960331, 0.6506274511388374, -0.38536955902119147, -0.1367578606880186, 0.05062366520468818, 0.6426233217187793, 0.6738524028721095, -0.30858237243924436, -0.016088599401650337, -0.18982337924582476, 0.12742238912079182, 0.5039452672898868, -0.48698227678892936, 0.15843604552464827, -0.0029701043239211853, 0.06337127270269888, -0.04851201621389551, -0.11951488773861546, 0.04505749427458546, 0.03259577491844125, -0.17969321233007124, -0.5399651088017934, 0.2868890757673187, 0.06420122425967106, 0.18828396655859017, -0.6917274732557774, 0.43504488632060107, 0.49175315188863955, -0.40912353843623456, 0.22164661029983526, 0.43864065689973464, -0.20939053375385425, -0.14721884553677708, 0.365527173821241, 0.07921688636735948, 0.6103269200329182, -0.12424194373317206, -0.2863631144715979, -0.12656329845095893, 0.08935079993321285, -0.26069773861244716, -0.10564593186231663, 0.5081685913542313, 0.5858186108960091, -0.08769323182250705, -0.2170697483251359, -0.20093185285185644, -0.3406739729839905, 0.13260557038626747, 0.06769776713091198, -0.15462191971832506, -0.3709498363360745, -0.2702422154554448, -0.3023267366356555, -0.1941323011405734, 0.13162685794839138, 0.2046752550128472, -0.2542433753122495, 0.4615275676625986, 0.10247828905400108, -0.18037935512785339, -0.10950669071799789, -0.4492031814511577, 0.2596356651548128, -0.303676726023823, 0.5394932839331709, -0.09887771756344471]
-21.425291183499326	(9, 12, 2)	[-0.12531235904458965, -0.2737090668482731, -0.07835566993997081, 0.7255581799683721, 0.03895217255780534, 0.20162018637333318, 0.3767545051698826, 0.004246132586932848, -0.0063957365534299815, -0.013005728970149715, 0.39931589819091684, -0.6901765542003366, -0.5558006658583836, -0.25542783595322205, -0.23261266095340305, -0.18152394807163375, -0.390711483963064, 0.48296390676819195, 0.6199950797400827, 0.7223554248468675, -0.22144810612879645, 0.10853613067435514, -0.35266045300627435, -0.05831462296427227, -0.21853406225602207, -0.38163440240438384, -0.07270447010243165, 0.1271122151540463, -0.2929845561131303, -0.5967034450663352, 0.224247121399962, 0.5557018964013516, 0.29343259798286336, 0.20181151314360035, 0.2542967572398901, 0.22103527538461468, 0.04664563345265255, 0.37287964391804757, -0.43228044777122915, 0.6735438205151548, 0.17221151013209535, 0.3365197169675974, 0.35512659429149573, 0.09846598955288585, 0.026052867832586694, 0.15063935942149326, -0.292841595004249, 0.6025658733005097, 0.20913573896423526, 0.19849090277610415, -0.3008565058272662, 0.31052032097786914, 0.1683379544168996, -0.44190514430189065, -0.38953189397130006, -0.022505915704502652, -0.4416880210940124, -0.31413744921939424, -0.6919219951702016, 0.35426796264685634, -0.08115856732611314, 0.1699145127773325, -0.1811018125210374, 0.10370498242209411, -0.24102746899320227, 0.3295516409446889, 0.6491574247948174, -0.3828650932026246, -0.12916907974571684, -0.01643481109989785, 0.6333364908483355, 0.6740149485000874, -0.28978384421240433, -0.012561329880394845, -0.19471088592232166, 0.18183598718162053, 0.5016829201980316, -0.5098722172346796, 0.15708003526462821, 0.006347486835270256, 0.10860882595359324, 0.00834563936024342, -0.13157884464767458, 0.036878990132778615, 0.03384661239290377, -0.182591223002817, -0.5717716907912915, 0.25041388672714476, 0.06781151235486635, 0.1916911562707408, -0.6967283620417335, 0.5352406249951789, 0.5094228821068973, -0.5192989844918285, 0.18549944736085155, 0.4430414749158426, -0.20833757635245082, -0.14057563069767487, 0.36683264601866367, 0.07868110172076076, 0.6102932357434537, -0.13316801181078988, -0.2862703707369622, -0.14312806887202756, 0.07763603092230312, -0.26077048120250484, -0.10587968280404808, 0.5063370548157813, 0.5929296939495636, -0.0887247558625288, -0.21311536966923764, -0.20142611892856058, -0.3316903846424221, 0.12735094152394166, 0.08867461678689753, -0.15241550385149666, -0.37171304642662906, -0.2679956554273706, -0.2822176881337265, -0.19301002588074925, 0.13110172961766145, 0.19158871334289546, -0.25506622210093605, 0.45823828127894567, 0.09169526531586111, -0.180486410518366, -0.11084553739357546, -0.44451317971147514, 0.2581169558403787, -0.3583833012183776, 0.5423788282336164, -0.09745752479618663]
-49.272654484818645	(9, 12, 2)	[-0.10015413560769627, -0.31671638092358356, 0.05302121528340861, 0.7107678580587621, 0.04570073801049658, 0.2080847089126157, 0.3828221315525868, 0.0005308624567931484, -0.018946082497174076, -0.015034082591228579, 0.40036148894031176, -0.6969728699075876, -0.5398869643451573, -0.26207634128866497, -0.23495672717777477, -0.20876512742369477, -0.36023186592912426, 0.48273832366644315, 0.6052273264587935, 0.7188917675158102, -0.18307913986833765, 0.06834202643480533, -0.3522924258401685, -0.05895601407619453, -0.2177254409890398, -0.3849564011624229, -0.06854756204821984, 0.10297738355578734, -0.27769820132360856, -0.6298497826993108, 0.22807530973149553, 0.5465952928119986, 0.3211723320969858, 0.18610325545411494, 0.2586211528594533, 0.21261014060218136, 0.046609482192078, 0.3715118872923489, -0.45021905471492946, 0.6800713325699417, 0.17336717628645548, 0.31737662409147016, 0.35487095089779674, 0.09978738517365729, 0.020380013332369825, 0.14991456033709294, -0.2876495618228378, 0.6646051432336859, 0.23007975377676362, 0.18748279324914005, -0.30142462847627643, 0.3208637556129985, 0.17155817691603711, -0.44094386853694983, -0.4018320008357952, -0.025939444579216518, -0.44148627843962934, -0.3083035846842872, -0.6976921619236834, 0.35795654441547575, -0.08279263755380427, 0.17677794537281633, -0.18141677444719473, 0.11400910999040689, -0.2446616315517506, 0.32659457257355795, 0.6502864426128124, -0.3893166986231006, -0.12368629613167996, -0.004751568285190938, 0.6146448884390354, 0.6737877129026859, -0.3157367660961662, -0.016431139511586236, -0.19198141574302446, 0.1579809184377441, 0.5076158781115241, -0.5179171412111319, 0.1586786969572953, 0.011523989192487552, 0.10155352134539075, -0.023186229485343685, -0.11796981798192177, 0.04309750157392434, 0.031941947086353756, -0.17641783301048902, -0.542984530228542, 0.2536322915242133, 0.12590234481223259, 0.19273389831953885, -0.7010648357579137, 0.4831322893988178, 0.5134313042555508, -0.4103749359067363, 0.19672703294463334, 0.4346138929981145, -0.20851095278392456, -0.11313965833198364, 0.35842373121851895, 0.0765659431485819, 0.6100393709937714, -0.12749868446844956, -0.2877200596084769, -0.1418127237121581, 0.08418316332183244, -0.2619142603980621, -0.10534814327730987, 0.49908621923447144, 0.5934589476022235, -0.10665701720658634, -0.21148011421728574, -0.20128113459309868, -0.34109985547026267, 0.11386994227005817, 0.06250655379679006, -0.15391091099761095, -0.36999496127674114, -0.2621489003191984, -0.2984574830737921, -0.19078624521367477, 0.1317746498143208, 0.19645221290751336, -0.26542882514544264, 0.4970604418428393, 0.10387536078910453, -0.18305981607318536, -0.11866975596794568, -0.44330003098937876, 0.26317802334958607, -0.30642083991588054, 0.5427508723158058, -0.10691677122946316]
-137.8770912729355	(9, 12, 2)	[-0.10277571771312466, -0.2823985564387418, 0.04776688951021549, 0.7196957596345306, 0.04022589554008106, 0.22542671139941298, 0.3864916278355076, 0.01921876791828215, -0.019528817587202662, -0.012506843322147954, 0.39715390679638873, -0.6994169952864117, -0.5386748737942336, -0.2347939052984718, -0.23489217326360368, -0.18178790080416724, -0.3907700929789044, 0.48348225391275085, 0.6247703338516488, 0.7394622417339409, -0.18587878734742586, 0.09842025083590643, -0.33772455129307427, -0.0768730594937081, -0.21844120840852926, -0.3852891921937843, -0.06640628727362854, 0.10534143595042454, -0.29172780975584456, -0.607386864476648, 0.2328770595096344, 0.5314500971208507, 0.3379583565288491, 0.19353566276375653, 0.2569056341999451, 0.21444467891787627, 0.0468482529905532, 0.37732230376698883, -0.43037103477825894, 0.6609363234538395, 0.16694699278885144, 0.31503842238137475, 0.3528005352392056, 0.09882931113363025, 0.021654716471268674, 0.150882870714889, -0.2840737999198846, 0.6413018483142818, 0.21729895966525464, 0.17778928885628859, -0.30570177894823386, 0.31475588197744875, 0.16611825047479997, -0.41689473169536073, -0.3643337793981909, -0.025910305005543113, -0.4353091451036655, -0.30068030204771884, -0.6904404635911463, 0.3566254323760723, -0.08098376315955419, 0.16056357097408758, -0.18224891712269958, 0.10163266973893914, -0.23679825194765514, 0.33528216017112217, 0.6501931572478296, -0.38804613116475906, -0.1528218585380198, 0.027449586549813422, 0.6426705358399046, 0.6063784705869577, -0.2912810695383275, -0.020580986935222943, -0.19558612581270934, 0.3056169217397335, 0.5024725836981258, -0.5181578116420146, 0.1561545016693011, 0.0159189480288994, 0.10465737915703621, 0.009544616846423283, -0.132014496282854, 0.036241427607698475, 0.031643900546646626, -0.17947304488101531, -0.5552164880982923, 0.2293922820519979, 0.063923053898053, 0.28233891804479755, -0.693159294245657, 0.5313616623902399, 0.4977296872579888, -0.409430137818487, 0.1729890149523029, 0.42956700301944484, -0.21491864130571833, -0.09659758401144475, 0.3607540724223397, 0.005559798767975334, 0.6098729703974696, -0.12923580501125215, -0.28730603400411564, -0.13863608473595462, 0.09851007031455988, -0.2599924933826644, -0.07947901063302576, 0.5052803984652641, 0.590438028825135, -0.09093221847098665, -0.21630428811080116, -0.19912533762238527, -0.3733927514020861, 0.053561407444109796, 0.06394796741094838, -0.1482176584002194, -0.36936398606433035, -0.2683951198226081, -0.29901626174269, -0.19080210937820424, 0.13521284678316398, 0.19792516812718036, -0.2551864931214986, 0.46366658784050724, 0.1047169138081479, -0.17003332918426553, -0.16961893723989313, -0.4376424789279999, 0.258925378679438, -0.30615039319711446, 0.5478420819832218, -0.09490004228609793]
-400.55185656596905	(9, 12, 2)	[-0.10606001339632831, -0.3017739187084359, 0.051943098608469546, 0.7304480925197856, 0.04027619808465867, 0.20439169302740492, 0.3840379804071076, -0.0004894929157654875, -0.017388615818487316, -0.017129688095720144, 0.39891260919470495, -0.6999162950137572, -0.541234679904004, -0.25395867331447947, -0.232214170538655, -0.19741299590558026, -0.3844076330390904, 0.49126290664055283, 0.6015830967795319, 0.7159628958615016, -0.18385607471519996, 0.10227360880955831, -0.35316795136956264, -0.07051515687355639, -0.2203225374027704, -0.3868462824386828, -0.06666257141926238, 0.10888194529490622, -0.2975304311776472, -0.6096740786377395, 0.24597934399978033, 0.5456380897859265, 0.3179296883918622, 0.20143806465168757, 0.25929803312535693, 0.21723033161285174, 0.04682773250334847, 0.37154732439485644, -0.429556471251211, 0.6646316289248162, 0.17205244333451872, 0.3471870852617018, 0.3532629760174078, 0.09789988301420305, 0.024337566937524764, 0.15066116409257257, -0.28736651169213884, 0.6664237724491215, 0.20997210530806737, 0.20130141423148373, -0.32631834261053017, 0.3223829074896204, 0.17225496217232117, -0.44064632562334716, -0.38080629786754483, -0.024042476041290867, -0.43600887207765016, -0.3228020609302849, -0.6912517791256602, 0.350628375823814, -0.08418174584692309, 0.16497684780454253, -0.18187086588635798, 0.1043434769785199, -0.2448124933630691, 0.34347003375824636, 0.6491173074195044, -0.38823182297745795, -0.11659817051951653, -0.019756187272781285, 0.6623157961908229, 0.6746102945565328, -0.31422070665558177, -0.011959575487056642, -0.19168455935978002, 0.1802012016337748, 0.5015630111260844, -0.5188445717929048, 0.15755629675503302, 0.011644084877794666, 0.11407532692776591, 0.006553782358284705, -0.1351211297699897, 0.03814322583278665, 0.030430636558295338, -0.17824510190686435, -0.5418719963803305, 0.20355806258735598, 0.06270048283954494, 0.1940102533951304, -0.7026802322838123, 0.5308082047707549, 0.5066286954636677, -0.41031381552958696, 0.17037112952755462, 0.4330983346044336, -0.25010349631135753, -0.1036638524772718, 0.342597962964605, 0.075116423752499, 0.5880591520170299, -0.1291834460118191, -0.2874032557152348, -0.1461619145615093, 0.10783786334234052, -0.261203158160867, -0.07194492486246083, 0.5031601682077408, 0.5892183211019436, -0.0947883200842539, -0.2166388836611095, -0.20093125961643826, -0.34009265273165634, 0.11574430599580758, 0.06721344307677171, -0.14746773942781738, -0.3888362130211286, -0.2547838524782588, -0.2782808077736603, -0.17623399011120527, 0.13139140749934097, 0.1921521207818536, -0.2787240672272372, 0.4649451148790601, 0.10393925198346388, -0.17532223614702133, -0.10104224572025156, -0.44060326959889207, 0.26202202438798344, -0.3290629548142183, 0.5401164149716006, -0.1000600745035474]
-477.10100906861175	(9, 12, 2)	[-0.10814675433204582, -0.2683760426707691, 0.03511086397870899, 0.730669960623285, 0.04565283778795677, 0.20117369381710198, 0.38371827397601693, -0.0016133512218563005, -0.018744647578904983, -0.012000636821021784, 0.3971914629075082, -0.7031355922284924, -0.5350031049377999, -0.2538355978587466, -0.2316868519112406, -0.2007864605557838, -0.398532165965533, 0.48472909419310134, 0.5843724874039637, 0.7186585901862427, -0.17696124840753988, 0.10313870231010938, -0.35287417995993525, -0.0737818174144127, -0.4290081023532455, -0.38740413870822155, -0.06625442580922715, 0.10925613246124921, -0.2972341907329042, -0.592532098759134, 0.2502828225095944, 0.5496202123388411, 0.2689342964049365, 0.21280040512272597, 0.2598576717390082, 0.2153104820707894, 0.0472744819960135, 0.3715301952712258, -0.4328191203679008, 0.6760125432296444, 0.17269026029559176, 0.3915988108446723, 0.35711388514768316, 0.09807666511422639, 0.025743720831422155, 0.15053364090376942, -0.28798843987028844, 0.6763772368298713, 0.2096853349997335, 0.18364607760442353, -0.3258925767737385, 0.3097007650484554, 0.16812097251854902, -0.4421979128752338, -0.38115029303264525, -0.02485498808854925, -0.43663619572689194, -0.3177749026167578, -0.6879813119303597, 0.355476605974244, -0.07171731654125514, 0.18348973366506086, -0.18192405046601418, 0.10533307142186724, -0.23327340594261, 0.35600172320268963, 0.6495417131826909, -0.4661057032292285, -0.11524971607532562, -0.01086754461354011, 0.6531711594683594, 0.6745221057045726, -0.3125793898653185, -0.011208348008933583, -0.19045047430613768, 0.17086006797730435, 0.5016660471393075, -0.5112572630238853, 0.15563849175747207, 0.011629651168005994, 0.2491654193826047, 0.009011723383195636, -0.1366113575582372, 0.04051178650530619, 0.030388814474650503, -0.1762848849035923, -0.5525557783386746, 0.16395246780711484, 0.06161317109779517, 0.19506456447887005, -0.701933684419809, 0.5020644091202217, 0.5485528370178231, -0.40955114888415856, 0.175979053128078, 0.43837541641770206, -0.24269779797873434, -0.10310846866963787, 0.3402885536779607, 0.07632806474213591, 0.5809393271561638, -0.13185820558624486, -0.28626505797228163, -0.14626725802635177, 0.11731016777754, -0.26109453708734753, -0.07092835034553016, 0.5038357745456413, 0.5919809335058969, -0.11120722312765852, -0.22091274462071292, -0.20115590228750493, -0.3397165820088286, 0.11866207159173578, 0.06656715626812278, -0.1499215451489615, -0.39347797200188284, -0.17545880858245005, -0.2733928308362782, -0.19406057559784198, 0.13149826263606235, 0.1921860397255038, -0.24531323875284844, 0.4641879079705965, 0.10276489948661752, -0.1782445968587272, -0.09468488214706408, -0.44064532686851665, 0.2611087385517062, -0.3269247504814117, 0.5400160878917911, -0.09961420224275458]
-119.62361170083577	(9, 12, 2)	[-0.12776260245935112, -0.2565690032670972, 0.05115499573677306, 0.7132578754080725, 0.044854290683909226, 0.20906723673926567, 0.3843006615464648, 0.012077320244007133, -0.018400409554826802, -0.011688014248550036, 0.39867670517122217, -0.6959241167422576, -0.5358983096333831, -0.25575579632577944, -0.23191087542739316, -0.18347505307767126, -0.387131892804415, 0.495024828264122, 0.5979838338336271, 0.7160562709433375, -0.1829542323223047, 0.12274232603390024, -0.35243013096386017, -0.09928484402313906, -0.2198449486383467, -0.38554732576131046, -0.06554043881997425, 0.11551091787899112, -0.2903634439205741, -0.5671600643019056, 0.23996903588580687, 0.5492625327819664, 0.3309402306859006, 0.21195240081425484, 0.25658576152116447, 0.2163447492354227, 0.046995962462296995, 0.3703884856893059, -0.4317441920303379, 0.6663626233050385, 0.17250025707773653, 0.3740913465919157, 0.34915990908868444, 0.09935754458875572, 0.02696394657378018, 0.1195530565689371, -0.2869127839508658, 0.6589781306517988, 0.20985908279559834, 0.19972242620755898, -0.31756916245576494, 0.31523167142419684, 0.16826566703769816, -0.4423135085020099, -0.3925621878545801, -0.023173117212319592, -0.4354405956606102, -0.32844419251326284, -0.6907515077537475, 0.3580067015777377, -0.0834676409184913, 0.16528043254728705, -0.18275433874271912, 0.10253450484229658, -0.2461151504258945, 0.3378218514094976, 0.6490590994589401, -0.393336680054581, -0.11830512803678082, 0.0008923722519959196, 0.6467064800296867, 0.669471811834921, -0.3104130429943618, -0.010820055277236186, -0.1819015895833764, 0.16208636207440977, 0.5018011902121353, -0.5149499554735856, 0.15667084799281117, 0.006476869690406752, 0.1053510468464821, 0.001470549100701048, -0.13757546111067354, 0.03777331884367083, 0.03489517026115928, -0.1736894053350098, -0.4171294975801177, 0.19753485440672253, 0.059518940922947815, 0.20046702721571075, -0.6884042052993488, 0.5204824340930718, 0.5052025685787278, -0.4095821875320892, 0.1707579600352332, 0.43909589381977776, -0.22407738641507347, -0.12292822582674073, 0.33621834094568803, 0.06422101449961654, 0.6080544624839241, -0.12445678035545242, -0.28604815714633564, -0.13055209383516264, 0.12134891023396957, -0.2588093729675161, -0.08474139468598871, 0.5045057061667471, 0.5908744749534567, -0.09451523016124372, -0.22095865364322326, -0.19913926780286195, -0.3398292847447008, 0.11062028673451813, 0.12731913811247617, -0.15326792696096195, -0.3834531647583684, -0.2528534228559023, -0.28292794300932766, -0.19362054215818478, 0.13137220149917794, 0.19174629283158318, -0.27665790876431823, 0.4450756464885451, 0.102688442812538, -0.18119737072186565, -0.15993275655205938, -0.4374465313339696, 0.25961955760366634, -0.3058024981341562, 0.540348974575554, -0.10117837517050651]
89.21349387421424	(9, 12, 2)	[-0.1031227620169313, -0.27987255094640295, 0.04198183924387986, 0.6875296499616195, 0.04543096282815313, 0.21111916852941515, 0.3847297570474892, 0.005686158692480778, -0.02121640186656039, -0.01641898310316092, 0.3981977856836887, -0.6991080527082488, -0.5322792952729509, -0.25073246744606364, -0.23345015752461554, -0.23922736860538413, -0.404431893368392, 0.48291784671731364, 0.602609484380832, 0.7183871820037058, -0.18430992203576854, 0.11917145556450086, -0.3182009714685331, -0.0828988255319656, -0.2205306191758712, -0.38502014938896956, -0.06502070349813273, 0.11047999818736937, -0.2843258616816088, -0.5879512207860407, 0.23525146025355198, 0.5473629671720799, 0.30617352833997324, 0.20723908367966268, 0.25833066545839756, 0.21462227379410564, 0.04695184293901161, 0.3717719320874245, -0.43164452843453305, 0.6721037556704311, 0.17247109873737732, 0.33764607782631473, 0.34880637076350873, 0.09864156829399405, 0.02584963242052286, 0.14999099165970411, -0.28019827111022594, 0.6744115689209347, 0.2116629244375812, 0.1848462818484794, -0.3174286744927773, 0.3250904784480133, 0.16847454251229135, -0.6070344217044414, -0.39313846893916, -0.03322906488230852, -0.4408501032556413, -0.3013588917067086, -0.6917476575973354, 0.35561088384931516, -0.07274173417087465, 0.17996170058835542, 0.025298433687063804, 0.10367003728019364, -0.19868617541893754, 0.34125241691747016, 0.6492705010420927, -0.38810875651948334, -0.13334347706710725, 0.012474562169127183, 0.647183800333683, 0.6738964248191883, -0.31419837156137226, -0.015202895237744233, -0.19070283195555068, 0.16473068542095345, 0.5035366143349692, -0.5151804191319748, 0.1563622136176057, 0.01088149943134305, 0.10898540526527112, 0.007038459698638367, -0.14750691793697765, 0.04026955181415003, 0.031194014908735163, -0.18915844959092767, -0.549896085532748, 0.2155612803973451, 0.0630097779252596, 0.1955381141536292, -0.6961133138014656, 0.49297695001193914, 0.5115953979906873, -0.4035000277934099, 0.152108707104896, 0.43198024181294825, -0.2152486488758874, -0.11957669626600113, 0.34026988833189215, 0.06685418726235146, 0.6093325169267828, -0.13031185778751148, -0.28726530221273117, -0.1387763074016603, 0.09119465861779527, -0.2610380054476351, -0.09161882190769184, 0.5028663301391356, 0.5926687574136711, -0.09447383470592349, -0.23297649718338392, -0.1995013544950075, -0.34280176937759116, 0.11631781672102709, 0.054764099291423146, -0.15504338179104898, -0.3750767264704447, -0.25653419440818104, -0.2680117067058899, -0.1923896635664243, 0.1318550532223719, 0.19342539458132116, -0.23730145632526917, 0.4643715490249487, 0.10303856867505984, -0.18720013929081264, -0.11061483481462489, -0.437873387774401, 0.2598146909341435, -0.3097822565013005, 0.5412758381101104, -0.1020881602661826]
-83.0918295214268	(9, 12, 2)	[-0.09652417655842219, -0.27991204088080984, 0.028579625304473878, 0.7204712780475881, 0.045321577472272036, 0.21289308122325612, 0.38647823042455554, -0.001762199596853537, -0.020723325993070727, -0.019390759721645993, 0.4004523206688614, -0.6843279335998583, -0.5274572968832556, -0.25013994681354285, -0.23275928087014214, -0.18423522397365036, -0.3732655991049304, 0.4837840791331633, 0.615780629628718, 0.7125807707227698, -0.18840708687660981, 0.0959273597474159, -0.35287958298065325, -0.06189738378851752, -0.2156104703914797, -0.3818236189445197, -0.25122782840594443, 0.10596105043800805, -0.2945314192057264, -0.5963791144000533, 0.22727342727753813, 0.6695988273924813, 0.2974320683860827, 0.18582880799801266, 0.25743133465877366, 0.22274208045971644, 0.04687536954617138, 0.3725633912318532, -0.4301091105795882, 0.676058815550376, 0.1657569021120173, 0.3323536443748037, 0.3500588594934132, 0.054757059572681496, 0.025153875389537412, 0.15040913190766547, -0.2873495915287578, 0.6428350767068756, 0.21551960648199583, 0.22843279185666437, -0.2834138300419614, 0.2780414660570782, 0.16916053361672917, -0.4424576767512611, -0.4321495775722798, -0.02226455777704243, -0.4405254771933344, -0.17251007359412374, -0.6906558867796103, 0.3618902227363539, -0.08289347179007449, 0.1721332897937428, -0.17780820819485932, 0.10092829145643048, -0.2438385192368026, 0.3301671430908446, 0.6523531534712679, -0.388700237650086, -0.1574400146616695, -0.020427301937689733, 0.6354766820559876, 0.6686625537028867, -0.31619438336521527, -0.01574127344514071, -0.19648057179555822, 0.18514049476943364, 0.5017513276511275, -0.507138558662504, 0.15886108514766503, 0.01822225410072872, 0.11248815595050132, 0.00872685036086999, -0.13404777208046958, 0.03665612373296957, 0.029441785489568592, -0.1798156939792807, -0.5391322581373594, 0.24469484006874778, 0.052341800900148935, 0.19261907548989837, -0.6911184936969976, 0.543597049566641, 0.4961449020560458, -0.4106790383365487, 0.16476235061711997, 0.44495777995573127, -0.20754413476343347, -0.11320022194113313, 0.369919421392326, 0.07683134782876787, 0.6111377747296282, -0.13080173663310674, -0.2849806983061662, -0.1688687416233154, 0.08022041038766618, -0.25827442292377156, -0.10582544219798642, 0.503564275896987, 0.590802224700826, -0.09278591637287234, -0.21222478210015017, -0.2156489121456281, -0.3414626478413836, 0.12061888775382726, 0.0640321107341685, -0.15779480199922216, -0.3692771508931501, -0.26305208648609313, -0.27660421532539564, -0.19104302671411802, 0.12589762712555333, 0.19207583831757058, -0.3558230211792537, 0.4723047676444226, 0.10573077014912319, -0.18552083014550194, -0.11949865796051935, -0.4416640435835854, 0.2674414828553406, -0.31641335716150926, 0.5398960365772674, -0.10580580669408372]
-35.65845914110085	(9, 12, 2)	[-0.12706178957075479, -0.28395955511982335, 0.025961975269661788, 0.7264200691053309, 0.04432149902194188, 0.21229109151889416, 0.3843285256730433, 0.030472676319416806, -0.04052479964038798, -0.01320618355820816, 0.3765562363820324, -0.6946963282727099, -0.5411545149314265, -0.2578384015942856, -0.23274181293354398, -0.1951146909599067, -0.3877598532538733, 0.5056049496801553, 0.616246391675769, 0.7159854163272437, -0.18518406649497363, 0.1133848325253154, -0.3074967545234252, -0.07946857819356638, -0.2338622241022446, -0.3864516257820837, -0.06538219585574147, 0.12231934882840424, -0.2841658277315308, -0.595042975107634, 0.24350138884230602, 0.5469419366387329, 0.31305497949422134, 0.20016934084067767, 0.2569468180671044, 0.21279371855489368, 0.04672216929151342, 0.3574963348403908, -0.4237859545292373, 0.6655608589045263, 0.17504216084285698, 0.3336705071557597, 0.35057117403647153, 0.09843905268531258, 0.02675307644429784, 0.1504022603781654, -0.28692693592753854, 0.6509376503187154, 0.21217967987934006, 0.15192812793455668, -0.3021455448669696, 0.27563627017143116, 0.1693498429831432, -0.43912611557022074, -0.39066654641326093, -0.03873850651562284, -0.43924606257345766, -0.3121696486135491, -0.6977752810818552, 0.3549662435260259, -0.0824430373437883, 0.1881966134917853, -0.18274085536881693, 0.11049069626581612, -0.2446186678708003, 0.33280313439154063, 0.663414575442298, -0.39111800459650437, -0.13059294833037033, 0.016598189993833216, 0.6475168228789671, 0.6633584267175567, -0.31020871389585575, -0.03399317500587125, -0.18741338566077037, 0.16366453759166477, 0.5024280230886139, -0.5143341966680821, 0.15799794429369038, 0.005647922042803613, 0.09986171044445467, -0.010510154321912761, -0.13436370852208274, 0.05544988655954889, 0.03172670779682329, -0.17393106602028752, -0.6088659344934211, 0.22013694794294042, 0.06110060017980713, 0.21713777032618192, -0.6918969189217764, 0.5153478960298035, 0.43502785901133223, -0.4092539354338618, 0.17049806625766953, 0.4360673199115601, -0.21418257635738142, -0.12941987590895257, 0.31598204897696897, 0.06933769514548023, 0.6100110917040711, -0.13183840383356213, -0.2899162095261494, -0.13058338042040668, 0.11031126218017001, -0.2900561396393752, -0.09530748209795245, 0.5058278598237078, 0.5927695812602845, -0.09783614761317724, -0.21627835780080149, -0.2005195352642774, -0.3405652201160099, 0.11618705455828111, 0.10549336033395457, -0.1547147718898629, -0.372848454029606, -0.26125988270396283, -0.28239483412773125, -0.1905803831028589, 0.13157996572901745, 0.19162711321866985, -0.26425670711416954, 0.46585674966337653, 0.1033610204077513, -0.22677625807837368, -0.11778552378674456, -0.43364711825885716, 0.26403532762734916, -0.30488682249736765, 0.5405556983067344, -0.09984939055190745]
-115.38651053406545	(9, 12, 2)	[-0.09881095525407561, -0.303367683337095, 0.038755916145852456, 0.7296648158985304, 0.04294231947119606, 0.20606355526969744, 0.3853006287904017, 0.0034113298846747842, -0.019961370950214115, -0.01869371728334676, 0.3898770700187305, -0.6974229462220134, -0.538317167145445, -0.24979548332790283, -0.2330341229123702, -0.2311375292004574, -0.3743431003419853, 0.4847222793436048, 0.6122782221393668, 0.7180554884393728, -0.18642010606375514, 0.1007288457624303, -0.35202177280753427, -0.08853380844375822, -0.22988189894361719, -0.3841420374687198, -0.06645815997585579, 0.11052617059866476, -0.2906035937274518, -0.5988111850778858, 0.23804073528648778, 0.5808717549314134, 0.2740842519909374, 0.19773098658559946, 0.25797956841435693, 0.21969082509758533, 0.0468763084821944, 0.3719201039315573, -0.42960426886348635, 0.6750984056938096, 0.17349693722742737, 0.33185841587955556, 0.3556755046002266, 0.09695189875334857, 0.02422064941034602, 0.15053821556916192, -0.28647175262887364, 0.8219104654311924, 0.21918972157976127, 0.1955043277592516, -0.3196144142940126, 0.32149795934851905, 0.16319656808287064, -0.4407147047989871, -0.38446219117693514, -0.025366842680715145, -0.441175368967735, -0.30518626888230255, -0.689643323724932, 0.3572357985206522, -0.06879668083294556, 0.18084185684936913, -0.18118019089433837, 0.09946665327139681, -0.24200735106167345, 0.33260695320122335, 0.6633419985910805, -0.3867051485483617, -0.12599111250010306, -0.0190430336756701, 0.6405988963535104, 0.6730211768348631, -0.3278877619051004, -0.012532690896334586, -0.19245083824297676, 0.1771845005451889, 0.5032534485802289, -0.5100531070708878, 0.15813281588564795, 0.012987897865754345, 0.10450511918620414, 0.002191765340339543, -0.130159134056473, 0.03898370039206882, 0.031144536372420116, -0.17803534870644872, -0.7753434339778668, 0.2103882058252069, 0.055629939020367086, 0.1933726605396501, -0.7033171188388527, 0.5242436234670752, 0.5098636185888406, -0.40980375092610183, 0.17294809890638685, 0.4308384077862349, -0.2177137865001618, -0.10347332170049044, 0.3423735990617927, 0.07566847259289773, 0.6036776750521062, -0.13069633589777688, -0.28702675835419783, -0.15227527814497877, 0.0959088793561077, -0.2689868538729014, -0.08760124165053745, 0.5037808399691404, 0.5911450747809469, -0.10172865905274862, -0.2159557435846875, -0.20164526478718237, -0.20955142193486198, 0.14840448860255645, 0.07917617550951735, -0.15581683156995368, -0.37689424263229054, -0.260088159667601, -0.28511278566933373, -0.18770092610352626, 0.13173457809457811, 0.19240849275420388, -0.2540631959249323, 0.46600948633577555, 0.10370661661937841, -0.1315647414327725, -0.09756363406164618, -0.44078121147853355, 0.26201503076689614, -0.32429827649374454, 0.5405633614689012, -0.10283174294978531]
-308.9122801423591	(9, 12, 2)	[-0.15136991946017958, -0.28287951833468133, -0.08078057191615862, 0.723993636653578, 0.043934758264223765, 0.21241171749604743, 0.3822654644506658, 0.002550651747300264, -0.016768585322231355, -0.017453636401074765, 0.40003186535941343, -0.6936893832056472, -0.5262767427259143, -0.25326994564159555, -0.2325604804413894, -0.18484007476401504, -0.40763806194548624, 0.4846834796342355, 0.6147141555107919, 0.7157316446478043, -0.19147343467886965, 0.07532433723595913, -0.3523847659404183, -0.0712262631644476, -0.21623244402192443, -0.3830437169125551, -0.13560525362436565, 0.10804216575644163, -0.2927476034046903, -0.5971204103533163, 0.22989244601366135, 0.5642149432051995, 0.30971757590314025, 0.1868686248037666, 0.2569644323250222, 0.21982703249763727, 0.04641376225295238, 0.3713009327679903, -0.42587734589411685, 0.676233009172743, 0.1712846011207543, 0.3351511748775412, 0.3527350508829016, 0.10288904038478663, 0.024875027824048414, 0.15058865277322134, -0.28290474295537915, 0.6354769704890897, 0.22335126977750397, 0.1878450116731401, -0.4069014128588721, 0.28069363026419175, 0.16908862887907872, -0.44100304908568877, -0.40536534369921096, -0.024992912124406925, -0.43854871464551975, -0.29813073341321944, -0.6947203769299689, 0.35858166238143374, -0.0824582129415691, 0.16810716310627027, -0.1806142098454388, 0.10212518571778081, -0.2416002041740679, 0.3275993512836062, 0.651197711069194, -0.3890366715193376, -0.1434161417665224, -0.004197435729938526, 0.6452172577798281, 0.6684396904556316, -0.3056493763572852, -0.01409873285054206, -0.192224373676388, 0.21571377094888677, 0.5023387219538037, -0.5119641793394077, 0.158332621793509, 0.013380400515978542, 0.10679303634076548, 0.007572510822417039, -0.1558928120576964, 0.03294796567202644, 0.004325749911698395, -0.17653225849453585, -0.5453490270458635, 0.23250919800575398, 0.06962203275295674, 0.2072276345810361, -0.6895896564624097, 0.5324804310401399, 0.5008828560764453, -0.42307561100016056, 0.1652383683581877, 0.44203540500585525, -0.211839482613913, -0.11715931945503132, 0.3563750436678753, 0.06917464386179466, 0.6077009819536507, -0.13049121065502525, -0.28644923688210266, -0.15104860503700024, 0.0791524193758949, -0.23854002616343112, -0.09014742043172148, 0.5013715425508933, 0.5914245513606443, -0.09273784569845217, -0.21349950107803195, -0.20255515995746567, -0.3368569699592965, 0.10627870377474669, 0.06788220862480994, -0.1525552897527096, -0.3709018551161826, -0.26399415507787954, -0.29539939972437695, -0.1917152168161736, 0.12955354296609228, 0.2928132659343096, -0.25843893811301, 0.46726471176429885, 0.10509718234253514, -0.1787365316017438, -0.12038069543247842, -0.44094366072598057, 0.2626828888090121, -0.3518547157487455, 0.5416107015783098, -0.10696628770871694]
124.88840205677306	(9, 12, 2)	[-0.11363813052784011, -0.2910442932558383, 0.17703008729594993, 0.69702598384186, 0.04360778399226052, 0.2092641470750578, 0.38328292080803483, -0.06230157311259758, -0.05225923245909895, -0.01488628487950703, 0.3978772172159515, -0.6206001096223543, -0.5190258075541218, -0.24070341107031437, -0.23620744725012577, -0.18522934971666294, -0.39786124675244233, 0.48597904571706974, 0.6148190425555145, 0.7184663502562146, -0.18725265099205035, 0.09944368062043764, -0.3445256633405851, -0.07416616009915626, -0.22138215657279955, -0.3852681652815941, -0.06617736949121557, 0.10828727731030592, -0.3131125482483236, -0.5916545646856111, 0.22706644750748756, 0.5418440094477006, 0.3133457338530082, 0.1885310615406537, 0.2590414014895522, 0.21606587878480457, 0.04678138559500858, 0.37025630584678226, -0.4228440486404816, 0.6731570500488777, 0.13846366940997515, 0.3122762552454356, 0.35166708604440533, 0.09880918307310761, 0.024474821215727128, 0.14191978370150204, -0.280927601257908, 0.6457566269900457, 0.20935645133780476, 0.18640397723212787, -0.32904640987943184, 0.3363782815556235, 0.0866004496083827, -0.49402779875687963, -0.3842127654094952, -0.027819677900358147, -0.43714044086921816, -0.30454382953384823, -0.6955338620922442, 0.3549973865951979, -0.07788115401950307, 0.16907962582007935, -0.18148032793691368, 0.1040825766076921, -0.23988198300480307, 0.3386022651794789, 0.6494385674125007, -0.430402994288682, -0.13038273797518218, -0.015622580157583044, 0.6587123194382272, 0.673749958687484, -0.31403722149192087, -0.012552364775003629, -0.19160289066866948, 0.17070074296727183, 0.502351339112254, -0.5098892955965819, 0.15692335662415907, 0.010393500970489158, -0.0017240297120169473, -0.00020970336708822038, -0.13352072145816976, 0.08088968972287643, 0.031563289096388544, -0.17431400611993086, -0.5477075954221889, 0.20409494358360175, 0.0637773400944362, 0.20089426768307045, -0.6958214335047016, 0.5225441541245348, 0.50483423940652, -0.4101301623325728, 0.17586518486024638, 0.4371573317346173, -0.218163102145342, -0.027053315352288953, 0.3362435240890306, 0.0708258107881191, 0.6092304977900659, -0.12972084629714492, -0.2876043633475539, -0.1382801784529169, 0.10021024353483321, -0.26509081313587834, -0.10736352992401826, 0.5032805052163182, 0.5938875211850314, 0.0035689786730205286, -0.2199894755872984, -0.1997120389496435, -0.337113829076515, 0.1192506359461488, 0.08975117019360314, -0.15403925366259527, -0.3709241757500963, -0.26223605671998923, -0.2767553839193963, -0.14280278207361907, 0.1397595882516725, 0.17669838356610681, -0.2516215387850021, 0.46217979616629296, 0.11984016175528459, -0.15577193932247776, -0.10806800718022633, -0.4418426974972513, 0.2604797912651967, -0.3198549021962458, 0.5414422857534293, -0.10280144798694735]
-138.70237655456808	(9, 12, 2)	[-0.12417461672931673, -0.24193231801350723, 0.054313446204839716, 0.717406688717251, 0.04135455675889971, 0.20707043901064587, 0.3841783262679582, 0.007155813334246894, -0.015014048249181077, -0.19723359176836266, 0.3983916718723714, -0.70179789557629, -0.5311176471513199, -0.25779833641488165, -0.22439658212132566, -0.19557220153755936, -0.39630904335796335, 0.4920869633164531, 0.6126065420829545, 0.7188596648389601, -0.19138559915933795, 0.10378337484468404, -0.325286563134064, -0.0659211178075616, -0.16486943639255439, -0.3843282455095156, -0.06551729129540174, 0.0230135260516372, -0.29036854119612693, -0.5945065891865744, 0.23870362385246605, 0.5448413134712884, 0.31014192715833067, 0.19985491418543322, 0.26046789574278717, 0.21494813584827965, 0.046443122334593724, 0.37031130041658405, -0.393175216968362, 0.6760724904601634, 0.1734462046984727, 0.34505888895315995, 0.35040508527360975, 0.09941227656128329, 0.02571265111919626, 0.14851548095963946, -0.2381871376555384, 0.64730400588268, 0.22175730140913852, 0.18923088869226146, -0.3398352411158655, 0.32897861960838026, 0.169122920357438, -0.4496531027032836, -0.3895119976697311, -0.029220030730133118, -0.43702948903314076, -0.3061328736232679, -0.6925422647730519, 0.35093307271192725, -0.08231862828734479, 0.16616278408434915, -0.17004299527732872, 0.04036873664323825, -0.24197414038208975, 0.332405319523468, 0.6499109804494914, -0.3882263065728883, -0.131685978698824, -0.011747089314740434, 0.6366535691273114, 0.6728507484939066, -0.31578276280392104, -0.012591458104471612, -0.1915013305297859, 0.1691257900895519, 0.508170831980842, -0.515549562846695, 0.15862137418506908, 0.011815516247383596, 0.11036251220955409, 0.003384931534632995, -0.13197999137278016, 0.03683909139475817, 0.03344385824807693, -0.17486445253444396, -0.5458254619984655, 0.20779223089695037, 0.05521270370605713, 0.19400050005154884, -0.695927008827662, 0.5284566704880695, 0.5052972800174689, -0.40872738117108764, 0.13131679646051553, 0.43189951897851697, -0.21583073310914047, 0.01124833483021953, 0.3492838583253476, 0.07647868137138845, 0.6090682227799508, -0.13073727368901283, -0.28709249499221007, -0.14821151181513803, 0.08316037730862433, -0.2560974504719362, -0.111967768788911, 0.5019797015296531, 0.5929122631356951, -0.09526366264953309, -0.2751378836744513, -0.20045299944121847, -0.3219459679652925, 0.12036729084569683, 0.07001522643877933, -0.14833169730294107, -0.35755067178131866, -0.2599608120884619, -0.2831611464505182, -0.19271771178653366, 0.13166392165197827, 0.19277988064607587, -0.2607218307352023, 0.4649752851012272, 0.10334540559813096, -0.1502476988645456, -0.11485776002002826, -0.43840366253199137, 0.2613223184536242, -0.315111832754914, 0.5416594986072998, -0.10441525519438591]
20.873136826518646	(9, 12, 2)	[-0.11521329955240774, -0.31310372570182937, 0.038836613878141905, 0.7269033738740266, 0.04362486688933393, 0.2010775319194904, 0.3840890829820732, 0.011850740694377419, -0.01795596591193995, -0.014128465421607186, 0.39818172291790416, -0.6992481242046465, -0.5380705653879103, -0.2502461776625409, -0.2323329467530526, -0.19124495647165995, -0.3850481453721271, 0.4892788310473731, 0.604820005412432, 0.7204540760214899, -0.1858950758330124, 0.1028123197671973, -0.34923324246934073, -0.07135413064690574, -0.22655066699188306, -0.3845491748116262, -0.06594033650142259, 0.1133417069882689, -0.29039903727310207, -0.5945802389939968, 0.21978589358316536, 0.5319293675158132, 0.3093396579264572, 0.18132030746424863, 0.25740779208804515, 0.21026786991644286, 0.0465012865635061, 0.37163275809176716, -0.4073534443931011, 0.668241302108365, 0.17303997899446394, 0.34088062146029585, 0.3481360461569273, 0.09849375571228913, 0.022256534168814807, 0.1495029008371938, -0.28365040901990957, 0.657476483402281, 0.2258082213522553, 0.24397277991777994, -0.3321540283958751, 0.32964606255383777, 0.1670694971093641, -0.44233643270965395, -0.38320402590358404, -0.027796257837449937, -0.4375753645740774, -0.3112718091047874, -0.6911850198179494, 0.3540744406786793, -0.08147335105903743, 0.1709319147626211, -0.17903757117354385, 0.10185082316291857, -0.23082878877603596, 0.3361400153536491, 0.6529117865544558, -0.4031764584546682, -0.1305499554412565, 0.005353072327928355, 0.6423562557690333, 0.6719078423980741, -0.31977340374429, -0.013019633068547478, -0.19168404957910198, 0.10877721712537698, 0.50421429137599, -0.5150129230105733, 0.047290391250677105, -0.009993925397495633, 0.10729147633545436, 0.005940486439741932, -0.13816705109463584, -0.0864985625570761, 0.03115206120084437, -0.18014646129468975, -0.5470293495464359, 0.21862736096282837, -0.05427285921079054, 0.22248003151307927, -0.6966521543012485, 0.5245214674672607, 0.5110192517513857, -0.42482982160018756, 0.1595338508920831, 0.43013764045881375, -0.22008382987707806, -0.0878573930402401, 0.3381351090569983, 0.13431921042447642, 0.5015747168673151, -0.13086095047696045, -0.2884216160802947, -0.14507306885948718, 0.08101398292681727, -0.2698834471984459, -0.13071752503797754, 0.5019681864775695, 0.5582689253652068, -0.10712806606702, -0.2321074083099962, -0.20077354668779146, -0.3344019537496138, 0.15110528730552528, 0.06079779403810164, -0.15460143772756696, -0.3648381797772986, -0.26122918332355244, -0.28136626099334433, -0.18870583179996278, 0.10962025914982303, 0.20062394815623727, -0.2715009210007003, 0.4638069287000232, 0.11323486795756463, -0.15555770713317335, -0.10899216675356044, -0.44077779129112404, 0.26244235599163657, -0.31663058161059, 0.5149586607300307, -0.1120186635420715]
-79.40177717613284	(9, 12, 2)	[-0.10336754726741688, -0.2837855779220902, 0.048174612302589, 0.708566454551648, 0.09234074120402756, 0.2077312764686896, 0.38391614261384366, -0.008182924176567803, -0.017481098175718544, -0.014160771886793672, 0.3931376137942578, -0.6987997121047329, -0.5406262662570236, -0.2520081584598223, -0.23681355874632123, -0.21081624451765055, -0.399328961890791, 0.5112137143257692, 0.6064729794119973, 0.7205398773755913, -0.19644196628398558, 0.11091215106477667, -0.3296017144607758, -0.07851764577932738, -0.22408338417431076, -0.3858341295724322, -0.07018545672021856, 0.11026164276203035, -0.2890111195811729, -0.6235459848935213, 0.27258789398385197, 0.5479202795676767, 0.3116996149464686, 0.1993685361545325, 0.25936882873596995, 0.2151346289532156, 0.04449124136429168, 0.3720607026199222, -0.343736058241299, 0.6745887908937719, 0.17095246265855807, 0.3362086482892245, 0.38844505878302493, 0.10039141235207982, 0.02553806499415082, 0.17059013210249002, -0.2813055346279919, 0.683636476692774, 0.215348634052343, 0.19297631986867037, -0.3272066731852219, 0.29757682385260176, 0.1684351295027237, -0.5256522231661234, -0.38879765806249855, -0.044001784730764756, -0.4371145695603641, -0.30712193940175775, -0.6930043772312265, 0.3529811133864981, -0.07567959845823975, 0.13132346444906418, -0.18090953287343076, 0.10297391869716864, -0.2345541603804368, 0.3374763476774884, 0.6555426537191271, -0.3874200783374644, -0.13126463985069275, -0.022442390140649034, 0.6504010287697174, 0.6744096925214531, -0.31688434433210694, -0.03627080724402039, -0.1670907787356223, 0.16353681445285567, 0.5022077154418292, -0.514496999120653, 0.15746427353338566, 0.00863987487749777, 0.10693417999606686, 0.0024406461191173673, -0.13283686639521877, 0.0371816220247823, 0.033528499891983976, -0.17532600634579057, -0.5447410685066775, 0.2126463087799502, 0.06182973080883346, 0.19731033954368238, -0.6942339268130338, 0.5339367260108182, 0.5064656822106907, -0.4074051031645665, 0.16601749051901782, 0.4042177829220035, -0.2179298349111464, -0.07621105628317862, 0.3358129744188101, 0.07011376188211971, 0.6082110451836891, -0.13204025471532627, -0.287372366337942, -0.14365600608031223, 0.09891266208895969, -0.26189831084283804, -0.10895038254704989, 0.5036904670083725, 0.5911753892303115, -0.0877738314939468, -0.22505988721721154, -0.0870910506616269, -0.3145225624285029, 0.1343160686654975, 0.07385521508911293, -0.15155709865687034, -0.37387424239260053, -0.26009698827137867, -0.2840627898433147, -0.18392712781242593, 0.1323033476748932, 0.19346206612220132, -0.254034519652536, 0.45989586834486385, 0.1035162205878393, -0.17298257319729213, -0.10998605934574832, -0.4389003334641137, 0.26109454026102025, -0.3102582011482329, 0.5398967307039502, -0.10211193511299235]
