-499.1570591415666	(9, 12, 2)	[0.3963662304407536, 0.24351001318646115, -0.7701863138442138, 0.7373624163229353, -0.3394570845191509, 0.7471709892316383, 0.64401668966989, -0.004002398655287953, -0.43378672887569114, 0.9883665659837473, 0.8328377576074177, 0.09262037415556246, 0.451937484797581, -0.6206207094641467, -0.2860420537288011, 0.019006093427234694, -0.2534415111154975, -0.7545980199533455, -0.22045529066186864, 0.43144226331044067, 0.010295133524750755, 0.4950668380777219, -0.6214893016298837, 0.44453751058710966, -0.6083202094073488, 0.5452795269371395, -0.3299124107962299, -0.4335000867000127, 0.9403234038387869, -0.8932748460796116, 0.7650217881185168, -0.9485033822337712, -0.14830282360412284, -0.7275473242456798, -0.914129290362999, 0.9160035063791823, 0.4214021956004337, -0.1849280151050119, 0.24704324314436987, -0.3062243429672342, 0.5857510185218, 0.029302999515454564, 0.4971913500479994, 0.567130635167425, 0.2495465511838284, 0.3339388555315552, 0.11592899864093598, -0.3132913144144931, 0.23329647671693032, 0.11751736856641037, -0.6549454598466877, 0.13341107929944207, -0.07377293483444891, -0.0222313217637915, 0.7779361789514199, -0.16842492616826554, -0.7894716891660096, 0.8352682423524858, -0.819842065775052, 0.17528608091348707, 0.724275957965957, -0.9708860428300599, 0.2162780148476917, -0.8448015808607092, 0.5027403351292123, 0.030650763967698502, -0.5674811058690696, 0.26682963045377317, 0.6056547951979387, -0.0441652383949398, 0.35239865960757855, -0.7770457912151154, -0.9182925774367379, -0.20591815516683942, 0.33432427899738304, 0.02865607310452556, 0.5491085371279671, -0.9981330719088635, 0.12829496881816338, -0.11191151333825267, -0.231365995446853, 0.6184905097739197, 0.905967154577201, 0.23742358375862538, 0.11224118350717416, -0.9681724225679269, -0.7883166251343872, -0.45538456109825587, 0.7051070627316867, 0.036131125611652326, -0.9990113421368585, -0.11049558518025404, -0.7862996441666708, -0.15421923422512607, 0.0816240712096521, 0.4095441951346508, -0.6979637175360223, 0.862275049745346, -0.8456140810147812, 0.3281640042848444, 0.3976424296854473, -0.2087014555288773, -0.1333880493873345, -0.03931812792639078, 0.3729589771274142, -0.029070656400751238, 0.6761889225212045, 0.9995046067246791, 0.43060420095469665, 0.42967591619871337, -0.33289753190718385, -0.4978339779186849, 0.3032170092058972, 0.34563275261635296, -0.11997623100995103, -0.12308054369453703, 0.3805572306198921, -0.4184207174679644, -0.5152905767381755, 0.09381575316104862, 0.5991840452350743, 0.04920820165629913, 0.5650406400093042, 0.7239525824181439, 0.6162573514474745, 0.5495884493263583, -0.31741750277046465, 0.461293005975453, -0.4717071983190715, 0.5547868108368685, 0.19054843524442822, -0.8060991231770296]
641.3829926667469	(9, 12, 2)	[-0.5677284417610632, -0.2831637980492535, 0.3744661187085012, -0.1459502581554582, 0.32969748273398986, 0.4393731066818952, 0.3658859659301371, 0.5156458086076965, -0.043260467609283926, -0.3377763250488906, -0.753247169889232, -0.6872383098995987, -0.04581098505605884, -0.31006329103193286, -0.02623314505898354, -0.516086297887283, -0.021068706707900065, 0.027802677395999325, -0.04584190298127896, -0.15121919666667033, -0.3993754682645156, -0.703770415206544, -0.006428975314054688, 0.3396328229252227, -0.17426861290918702, 0.6637968451686795, 0.26788149070114786, -0.8095108686617283, 0.5803926919037234, 0.07038115253487373, 0.6621912335814124, 0.8442072378565773, -0.5163930018105014, -0.5608613987873233, 0.22263568688777893, -0.6569739159322039, -0.4070781937969729, 0.7784229326504837, -0.4286675557585314, -0.8932256811315514, -0.9387075424614465, -0.5122615703988576, 0.7977859423761469, 0.5667153136226827, 0.2996697825595605, 0.20106315411984169, -0.3261027559026154, 0.47573775023766063, 0.22923226434020277, 0.31161640276669633, 0.6260681205908101, -0.37888126657389887, 0.5582506219960883, 0.5716726512331471, 0.5021224861622247, 0.6498308232089061, 0.5386471317350754, -0.4341472420135833, -0.8644386138782375, -0.031277725881849294, -0.47687303623586, -0.8390788203457343, -0.07715140762170508, -0.2961464000038586, 0.21449086094140574, -0.4669087254819946, 0.7473621719846713, 0.29823207091962733, -0.5590553646434755, 0.44690339553150177, -0.030826760337432715, -0.23250210664343007, -0.37617311374396956, -0.8045957451902324, 0.7397552785083632, 0.5212712470987793, 0.27787259313225343, 0.04531105759291762, -0.2989215076208415, 0.6034776197032823, -0.5938723170062294, -0.8461322818788698, -0.3095440385660575, -0.8058866351624704, 0.1580066666838644, 0.6992306843353273, -0.4774822464991687, -0.2720252147104536, 0.39368358901553224, -0.5461009823964603, -0.09592478455899422, 0.11358638657755948, -0.3089466070116842, 0.57201412055046, 0.05737136095616156, -0.22600713065555078, 0.08509656122771606, -0.5353950439465957, -0.7104507216267821, 0.5240073658772179, 0.11987199582974745, -0.03134261462694013, -0.2620655156130083, 0.5020146563744478, 0.1565628455426768, -0.8324025214621683, -0.7955215373359663, 0.1683569657828377, -0.5323277216444409, -0.19522357042461091, -0.2645120779634518, -0.5329035103975347, -0.3636482385860835, -0.30043232227623984, -0.04339404579547155, -0.5233300959209194, 0.628041554003721, -0.3150878324052254, 0.6824477478469794, -0.24012367845677857, -0.34487297409394463, 0.27797802402616195, 0.5899465807035146, 0.508801644872499, -0.4217622427148802, 0.08207747161083907, -0.25838713965090687, -0.29636022813382273, -0.1743405935899489, -0.7978712502762995, 0.34235504356738056, -0.22975737230846072]
454.8579506986848	(9, 12, 2)	[1.0874378348184606, -0.8365348800840005, 0.39663121491788766, 0.6051440989245729, -0.7497279139034061, -0.0047972404148020065, -0.42991345235253475, -0.10333832538022003, 0.042742298094529785, -0.7115795536701837, 0.10299495549432591, 0.884208699827303, -0.3276906522607155, -0.17987268490993125, 0.32282865468826305, 0.7941133177565642, -0.5500080880929032, 0.9229131393525953, 0.877518862470676, -0.6640275612061124, -0.7247654345923671, 0.3376166268238925, -0.8372176694065503, 0.38325076759066556, -0.9213979359979763, 0.09922295661012748, 0.7001127767228457, 0.3982422037114688, 0.3726026146351782, 0.4101382122886055, -0.806493985801938, 0.820746159663925, 0.7018516349861419, -0.668707406726075, 0.6380708492632832, -0.15721975859954718, 0.5004551026399322, -0.18073076484906503, 0.87798816696059, -0.2937659177291514, 0.32318140135533735, -0.08986154381866718, 0.9444644110409455, -0.3152130950257548, -0.38842290757244524, -0.21240712652288485, 0.4422570663887577, -0.8259271248232356, -0.3965083636881621, -0.08100865159837523, 0.9212992351923617, -0.6105230357776985, 0.8303091476047388, -0.036763794143661155, 0.0416853197978766, 0.7760314637670138, 0.17221250592645654, 0.9721234814555202, -0.9175090743367866, -0.29938696638015316, 0.2676221377230099, -0.021792434213864897, -0.01172296649474025, -0.8687314523139136, -0.14236081331470052, 0.649565325493104, 0.7033227599311436, -0.08867738883303411, -0.10050361181090417, 0.7244878263492436, -0.8485551151477633, -0.08012386009824257, -0.7933892457096454, -0.9524287513017549, 0.059523561023744564, 0.7344050826813748, 0.09476855326608491, -0.021903053203649492, -0.7817012616778087, -0.9617493499435303, -0.09266207842143892, 0.5444876143513908, -0.8266836477522947, 0.8156672017698323, 0.16010152773761543, -0.74298259573196, -0.9908540786454707, 0.543938808193138, 0.41519706307652005, -0.10044703584402294, 0.9057615274202429, 0.3112677469541436, 0.44906328953612595, 0.7179250283667582, -0.7152813997201529, -0.4714029167727498, -0.29688672277359984, -0.1492845235176774, -0.33734939244224926, 0.8860012989514445, -0.05583715773293885, -0.07049916680109392, 0.7348109032862755, 0.8234014496132619, -0.08627085484055885, -0.6250058694520069, 0.40963188102519577, -0.13211522738287762, 0.04873235816766197, -0.6076599994335694, -0.3518715086937294, -0.593895921078557, 0.7277992785734324, -0.26244101933015074, 0.10551712081142495, 0.44311603947596545, 0.7377765929531446, 0.41822396335242407, 0.7313161019349153, 0.7123118923682068, 0.8394543777179571, -0.10584353655788448, -0.8032746670860751, -0.5585308473470563, -0.5879253694513507, -0.5927602372096992, 0.04724157797342943, -0.7162698275528374, -0.9225254626814032, 0.3631018744965011, -0.313322227687185, 0.16458458802764242]
391.1933299402202	(9, 12, 2)	[0.9336294107044643, -0.8365348800840005, 0.39663121491788766, 0.6051440989245729, -0.7497279139034061, -0.0047972404148020065, -0.42991345235253475, -0.21111107281839975, 0.042742298094529785, -0.7115795536701837, 0.10299495549432591, 0.8926427393986791, -0.25143442009785405, -0.17987268490993125, 0.32282865468826305, 0.7941133177565642, -0.5500080880929032, 0.8933692407512633, 0.877518862470676, -0.6640275612061124, -0.6916122751601795, 0.3376166268238925, -0.8372176694065503, 0.38325076759066556, -0.9213979359979763, 0.09922295661012748, 0.7001127767228457, 0.3982422037114688, 0.3726026146351782, 0.4101382122886055, -0.806493985801938, 0.820746159663925, 0.7018516349861419, -0.668707406726075, 0.6380708492632832, -0.15721975859954718, 0.5004551026399322, 0.021525996081560556, 0.87798816696059, -0.2937659177291514, 0.3346031212744043, -0.08986154381866718, 0.9444644110409455, -0.3152130950257548, -0.38842290757244524, -0.21240712652288485, 0.4422570663887577, -0.8259271248232356, -0.3965083636881621, -0.08100865159837523, 0.9212992351923617, -0.6105230357776985, 0.8303091476047388, -0.036763794143661155, 0.0416853197978766, 0.7760314637670138, 0.17221250592645654, 0.9999371505191006, -0.9175090743367866, -0.34084032533803216, 0.2676221377230099, -0.021792434213864897, -0.01172296649474025, -0.8687314523139136, -0.14236081331470052, 0.649565325493104, 0.7033227599311436, -0.08867738883303411, -0.10050361181090417, 0.7244878263492436, -0.8485551151477633, -0.08012386009824257, -0.7933892457096454, -0.9524287513017549, 0.059523561023744564, 0.7344050826813748, 0.09476855326608491, -0.021903053203649492, -0.7817012616778087, -0.9617493499435303, -0.09266207842143892, 0.5444876143513908, -0.8266836477522947, 0.7096190275959778, 0.16010152773761543, -0.7710721523098742, -0.9908540786454707, 0.543938808193138, 0.41519706307652005, -0.10220630445456197, 0.9057615274202429, 0.3112677469541436, 0.44906328953612595, 0.7179250283667582, -0.685062915054127, -0.4714029167727498, -0.29688672277359984, -0.22297979468871174, -0.33734939244224926, 0.8480063010608795, -0.05583715773293885, -0.07687617578246034, 0.7348109032862755, 0.8588194799327395, -0.10952750443020132, -0.6250058694520069, 0.40963188102519577, -0.13211522738287762, 0.04873235816766197, -0.5476058945580238, -0.3518715086937294, -0.5860122382047571, 0.7277992785734324, -0.26244101933015074, 0.09176502044543763, 0.44311603947596545, 0.7377765929531446, 0.41822396335242407, 0.7313161019349153, 0.7123118923682068, 0.8394543777179571, -0.10584353655788448, -0.8032746670860751, -0.5585308473470563, -0.5879253694513507, -0.5768205885858467, 0.04724157797342943, -0.7162698275528374, -0.9225254626814032, 0.3631018744965011, -0.313322227687185, 0.2560214568485576]
1139.203634790785	(9, 12, 2)	[0.5496213722241253, -0.504983587142689, 0.25334250261598656, 0.46156430812997745, -0.871445597683866, 0.5014094816105478, 0.7206328733561833, 0.1833887163461765, 0.4700013816078394, -0.709996842305607, -0.14572170663116715, -0.14435093315684241, -0.05686769148679126, -0.059663816275083346, 0.6610918042706041, 0.7021907185911584, -0.40205066945664475, 0.09423800315013905, -0.04815406073487832, -0.2028035266676731, -0.5445200616360613, 0.11141986942110572, -0.4969800676232531, 0.45682658592366454, -0.38688135760301, 0.3706014994099408, 0.06301309880962588, 0.4987012385952082, 0.27698932022881056, -0.047806482685770514, 0.12983656925810408, 0.48967562172821855, 0.6239275098083352, 0.4995943306756282, 0.29781094001016306, -0.4467292374625844, 0.45155507769097464, 0.44085997478018096, 0.837560533240567, -0.3540661340130563, 0.2723377962200021, -0.14048361315769653, 0.36558536617148907, -0.01572913584593598, 0.24665899329250968, -0.32364418396741146, 0.03630146819406489, -0.7298762289489216, 0.5349114565850144, -0.02205906980862954, 0.48951425027043766, -0.6175912965870314, 0.1566201877942877, 0.19229109225698837, -0.14113942373803404, 0.441388108727333, 0.21431986432332145, -0.23504247798352235, -0.019275595784694732, -0.3238255692242385, 0.3088805620026954, -0.039188865122137935, -0.16943853409529464, -0.2038708374489276, -0.0546590932028469, 0.22653801694023107, 0.4358513728418254, -0.004913944941362811, 0.1248384385618383, 0.06725703634185026, -0.7132492829909712, -0.09575426588317601, -0.39158847223727994, -0.44852387199486743, 0.0621759397907983, 0.5802057038584422, -0.7195102745399776, 0.17406999380274232, -0.8313478820073927, -0.908595466367877, -0.1612006709677329, 0.611230278034501, 0.4565359785745588, 0.5460145889507256, -0.01085333547691808, -0.5844201946151726, 0.12460681944492974, 0.48092326781988604, 0.48168227132404073, -0.1432806631082826, 0.8179868224543849, 0.2652440444511978, 0.5917989303210982, 0.7103275142582925, -0.3282446161116407, -0.47612573804476577, -0.29420126781859074, -0.26261478023772544, -0.40660952182567683, -0.38206058393417563, -0.08107711460528194, -0.497006682573429, 0.36887399478686167, 0.3645226886463418, -0.0038362721675262827, -0.4583343448007377, -0.43498070991903187, -0.029050164922000868, 0.06055740174320709, -0.32971384536292225, -0.3490265425837007, -0.4122340524669791, -0.0486600872523984, -0.22398541513704937, 0.3766841358336287, 0.6367959746853856, 0.5136990743900498, -0.1326656660753148, -0.26442545889877767, 0.2113282261661557, 0.8334102938085763, 0.15259938798927192, -0.7943371489821033, -0.05113985027194562, -0.7549130984301602, -0.1287312708077499, -0.11359038351661019, -0.4271944979142231, -0.9043336420737457, -0.23290496425982893, 0.010946620376976898, 0.1829789221256284]
884.2862802894309	(9, 12, 2)	[-0.2000171465727864, -0.14281670069729954, 0.5043745378797941, -0.7884250614218522, 0.33051513729894044, 0.46133012348766833, 0.8858344426408569, -0.19768587135917368, -0.7298498381869776, 0.5016834925995333, 0.5855490829361835, -0.2651460547827854, -0.2560774817855704, 0.2143079486830083, -0.21019268964109003, 0.8954577971996506, 0.18983578272181506, 0.21384116892440574, 0.26256196476560384, 0.4385856254741185, -0.5921529616853287, 0.5526050721530388, 0.03936096829323016, -0.8144278722407015, 0.8360315336688446, -0.22978610930577328, -0.09773959787424244, 0.21566942319010013, 0.8309947540333249, -0.8225054786095023, -0.6972246416424297, 0.3731428420594569, 0.22878280574306753, -0.25911827585776454, 0.005072008069743009, 0.08938493096345734, 0.2267178745583805, 0.40567602085895277, 0.3588024278813227, -0.7250713994765395, -0.43562776975263917, -0.23084486992919873, 0.4575039270178221, -0.44634004526721294, -0.5010579399074157, -0.6503776166665263, -0.12405749650381574, 0.20442522047825246, 0.9508142163885371, 0.5429033813408314, 0.7136904987294556, -0.5641585660478341, -0.29575236684440565, 0.2305759149453921, -0.040006020935975536, 0.7500177211436301, 0.30585120850590963, 0.32357414792495715, -0.14652374495032255, -0.8905330928005704, 0.32053628998088457, -0.15723364912703952, 0.3214099986719735, 0.28021606725220577, -0.3069127668670657, 0.6590337754901546, 0.7493921672664896, -0.397134798494556, -0.17846298575505673, -0.3631068294496995, -0.6520536027835766, -0.5895742862691392, -0.34627396270824934, 0.6505113718242208, 0.020026427540251173, 0.4968695439760412, -0.5964684129125751, 0.27584046955813724, 0.41081434435791436, 0.343672949162623, -0.42803936987296004, -0.1480635005878383, -0.33750030740728065, -0.187330969584017, 0.4652470664941964, -0.46172775824819284, -0.36810598981868337, 0.3002988278559595, 0.7730305590085588, 0.10582523675382782, 0.443562053583541, -0.6220737291145435, 0.9314300951095591, -0.6041861369544903, 0.5114316269609966, -0.7970657724140547, 0.3012385611267248, -0.6073907938573838, -0.2555203802800187, 0.30317860612025593, -0.6530483498129646, -0.3984525823690717, -0.2813383203496771, -0.275765528195268, -0.20748393436406054, 0.8702914526736992, -0.765082177441674, -0.07756445642160309, 0.5278178182231539, -0.2593426913512016, 0.02261853498315254, 0.028711170312560735, -0.6804880661140303, 0.6695363338028104, -0.14852495317317357, 0.6796624455993361, 0.5866244240826849, -0.6766515933699971, 0.12416772923095554, 0.3062914432176511, 0.34543140090100755, 0.41487483661972674, -0.5090441387262279, -0.33342046544713466, -0.2767853326671247, 0.6147392910016447, -0.1366467044688556, -0.26859200463831007, -0.4067506509774133, -0.028726649960131273, -0.6394092773198605, 0.47329593495221794]
603.488527822003	(9, 12, 2)	[-0.01731778804427498, 0.11224268695863929, 0.19900748409386462, -0.16821100557435406, 0.5788642090459524, -0.17381927885575618, -0.0508052105027756, -0.2030703812945269, 0.2638322353039966, -0.3219400369641534, 0.21294853641638384, -0.19780237237030535, 0.07538373749301824, -0.07817581205151297, -0.436096586301932, -0.3227496134226573, 0.2755740313117908, 0.005331710559869696, 0.13262969446259643, 0.1811199106605971, 0.25539650275082626, 0.06273123746009587, -0.1502479784477489, -0.302018806217777, 0.6647374370324608, -0.014419819677358725, -0.35273725042980175, 0.46765382807496786, -0.12507416603804777, -0.49856737757009323, -0.23642125353302432, 0.552040768432522, -0.3574688443220302, 0.5187763254654901, 0.2173167150401581, -0.29811286736401577, -0.18892531394525247, 0.6161823917984025, 0.1487148400614469, 0.2779405546295036, 0.7488020782446676, -0.371492333905801, -0.10267360015437982, 0.5569530263309448, -0.2570963148563571, 0.31079559832624754, 0.3605161320300617, -0.5427551078299224, -0.19853495180227038, -0.716725901245596, -0.38912635813484586, 0.4998054626118746, 0.14961632182533324, -0.16014552227305992, 0.5206134243536537, -0.25222938653491833, 0.2906440400618569, 0.04602868212526624, 0.19053167541641883, 0.27954335504523603, 0.23090080883294234, 0.5616879559299506, -0.30374028669871034, 0.2112907087137057, 0.501025021632165, 0.3405554724092319, -0.12270159810891437, -0.09309051946262631, -0.18912490074480226, 0.1066283588264903, -0.19805974137083404, -0.5127190114159851, 0.27222923120852494, -0.13614789059919372, 0.37452780275438946, -0.041578138255260466, -0.0650472346603409, 0.037797399997132386, -0.06376565328017085, 0.20322669280473704, -0.17802066104530512, -0.05891823588089709, 0.389629174209509, -0.07894092165854763, -0.22740723769576127, -0.5676675105207571, -0.0672147004723069, -0.3839711684068718, -0.36551890870622694, 0.350770739960972, -0.10973439166050918, 0.20362646566052223, 0.12942259933107822, 0.5036896373943694, -0.3154384662012894, 0.26404740033345253, 0.4872908732189337, -0.4653479231758598, 0.5018495203717528, 0.3353807717028753, 0.012974196774466318, 0.24866772321875147, -0.0007421759232153768, -0.04683957736523357, 0.30771396811576185, 0.7328119241896769, -0.5940849132484363, -0.41170860201947757, 0.007268480626970039, -0.3091065945836652, 0.10661881730463034, 0.6335906671898923, -0.21079918634478276, -0.5461900500686426, 0.0019405949724406821, -0.198057964416181, -0.49433307775990587, -0.4463790325478077, 0.22966294780193205, 0.3766930459914355, -0.4208980198586726, -0.02160562295288638, 0.057050364341352036, 0.11586088696611715, -0.12678877666996305, 0.034193861348633475, -0.04704112976285535, 0.23819971324808029, 0.05113963931788161, 0.06448785753391707, 0.7302703464723199, -0.37027154437872556]
863.9410800094525	(9, 12, 2)	[0.022824318327460926, -0.6205398946338165, 0.16690860993036843, -0.17244505813894193, -0.4579929084880129, 0.12339928282078245, -0.0510137742607301, -0.17440272313782437, -0.046049160362023396, -0.4421817913441328, 0.18522330225498126, -0.12043194563175, 0.11049756487631705, -0.19574538801510444, -0.4931337397232602, -0.2675078757329692, -0.3726709655618923, 0.01927386456805627, -0.03552966627259777, 0.1944066244870128, 0.18652878868215947, -0.2981038947156565, -0.42036929293281106, 0.3079274151369837, 0.07844575711006035, 0.1804522005852254, 0.5906739489045765, 0.30381532537271344, -0.03742864919846297, -0.3118936992183456, -0.31699529879122057, 0.5449172947477725, 0.150607073746754, 0.11552828769163606, 0.1304866162872197, 0.05273351220216125, -0.1766774468445824, 0.3977250382510412, 0.1627977076276259, 0.21002141191665918, 0.4351277039043854, -0.36281365984621516, 0.09528933603180507, 0.47272185641044673, 0.012492154016394169, 0.23254723004109945, 0.03579906659255669, -0.3615976624718038, -0.03430892419562386, 0.05052645310962817, -0.28108966577256506, 0.2441678506174503, 0.4197594017583274, 0.16620735018010216, 0.4783019149214005, -0.47810839768954, 0.283262983388279, 0.7961567136428687, -0.14778803237633126, 0.01240652438466161, 0.30674156627712423, -0.2570102887658987, 0.01652287749077966, -0.474720476689767, 0.4945121908115827, 0.1440911207516498, -0.004074837911763031, 0.06427527804636536, -0.2151560917546616, 0.29416035222714165, -0.4310055522804682, -0.5445202065448754, 0.24269540853849536, -0.6467024590584544, 0.2931142639483256, 0.3021924011909953, 0.04254508534761682, -0.2230704782611455, -0.08090500977799099, 0.051042582353041224, -0.30256678123988356, 0.05635697446291326, 0.09623572166732013, -0.3758446566757961, -0.007679202378317475, -0.5576483014551817, -0.045339909419008805, 0.025356030790448125, 0.14458662881562756, 0.25592782294591715, -0.036719189784861606, 0.17190051756453711, 0.10367854346915793, 0.5936579816782398, -0.2697571696084697, -0.09229497162890993, 0.24021019595387322, -0.2411417792253663, 0.49447225599371014, 0.3347884421900172, 0.18200501515173031, -0.11955081829428271, 0.31640555082992616, 0.27515035510868957, 0.1426902934437125, 0.024830690974150194, -0.2089132154102098, -0.20674221017616942, 0.09121730614683121, -0.2577068493543072, -0.2811932615749642, -0.4164335963932905, -0.1954946849205342, -0.5455812122590944, -0.01699766149110098, -0.09060219630866273, 0.023117356260258015, -0.051830848054169036, 0.2542549576871019, 0.09901426465266006, -0.01878260800715753, 0.0019464442170945284, -0.11020526231537192, 0.08831018779279481, -0.16451012989789812, 0.02089402357170166, -0.17122410072835492, 0.21546694133061609, -0.0379455534290299, 0.08645790722731117, 0.18071288005684535, -0.3132159684466791]
707.3792368186026	(9, 12, 2)	[0.6554090748724407, -0.4136219267067411, 0.33494185894104117, 0.42211772552747273, -0.5131694882981968, 0.01740955606551165, 0.5158880728068311, 0.08780765829188111, 0.10596276681004263, -0.2653108019283955, 0.30749344292995473, 0.2349987822680867, -0.2533412972762127, 0.06103014918336677, 0.35538267404076856, 0.7663418315321363, -0.41389691808221063, 0.3591725635569358, 0.4243953275005433, -0.09017973934575624, -0.5992622666909281, 0.32836304014993484, -0.6825547456589133, 0.3456615933967904, -0.8866032712213856, 0.0554077071112823, 0.6436080271416789, 0.35540114884519347, 0.4107837798020392, -0.01722350497694726, -0.5303187386432656, 0.6345976580619237, 0.6532501386638228, 0.005380581844564192, 0.4707830941531139, -0.15427169612458322, 0.38701944836329344, -0.0026039314696687764, 0.8465835339557284, -0.4483804464301318, 0.08678597798131918, -0.11148810575459966, 0.9545455491623257, -0.27764744608519687, -0.016139651563574497, -0.29414677729949035, 0.3022018838214065, -0.6030178907404915, 0.23578924272887186, 0.060769594520031896, 0.9196154053441367, -0.6077347686101587, 0.3594280600665506, 0.19449048922099335, 0.12520265997279195, 0.695067823330385, 0.23915922624496416, 0.9794077533591939, -0.7693727692601358, -0.4822368214889074, 0.2974946398735967, -0.09033890627144933, -0.16625923620585953, -0.7402399239025628, -0.12894105243158666, 0.557926375591544, 0.5411568780532967, -0.08361406830079288, -0.10283038976260007, 0.305686477155757, -0.7674566822109881, -0.24846072226900928, -0.596587746368286, -0.7361370279560919, 0.1298110981799756, 0.45849928945038776, 0.00744967654367136, -0.015662130374840155, -0.45408614832184857, -0.735717478102486, -0.17557011835193448, 0.13915969891250715, -0.5283752390523367, 0.8917267275505326, 0.19676267249244783, -0.6345201184450917, -0.40487313261340224, 0.44794466670948396, 0.37038280285842623, -0.033988801351492126, 0.6241555555493423, 0.23761286675884066, 0.5003691757329748, 0.6641171364415321, -0.6655742765825364, -0.45503045633438166, -0.2936346790549579, -0.2716975864488021, -0.2922122916658233, 0.8275233991542947, -0.04872432040440844, -0.5581390697672031, 0.4989423138883917, 0.5102269912101131, -0.12451925433456812, -0.38776172146502613, 0.2551901364954867, -0.040628405630632525, 0.08812113313603542, -0.3790732029457958, -0.3387465109328992, -0.23312219361765618, 0.6927040159960866, 0.15115435022280177, 0.09616744282331068, 0.5204134015881046, 0.5654033811045512, 0.10450628286746408, 0.2890193353723489, 0.46158146159698754, 0.4614528084783957, -0.04477956662818219, -0.627296724340419, -0.48649409341312677, -0.5393019758195455, -0.5612120051017541, -0.036035220175126906, -0.7225826091583661, -0.7243338470095041, 0.029830778439443983, -0.30151166521353745, 0.40913681027078674]
757.950728851981	(9, 12, 2)	[-0.3046344720106587, -0.1160744933614741, 0.0937055401502904, -0.1184035192398683, 0.07099999163797548, 0.4148759021570281, 0.28443712074496896, 0.05414409823407328, -0.10300608568425568, 0.33713688543921666, -0.018815979211199263, -0.45909599461040085, 0.015277548124194587, -0.36991372400324124, -0.17102420624154813, -0.07601437700820454, -0.11988267370896108, -0.13625464848754132, -0.2024504484339454, -0.01791508729069783, -0.36805402392547615, 0.2699198565186899, -0.7217275327780032, 0.22185311666862634, -0.2930377143045177, 0.48735192451074777, 0.5214802470515706, -0.20289164378598692, 0.32791986260588046, -0.07717769485843737, 0.0854616106772184, 0.8003844703029408, -0.24024299224147908, -0.12408071911284647, -0.04565772212822196, 0.6653429084745925, -0.021689939394159002, 0.1528079163090379, 0.17894313214216226, -0.6514869015851396, -0.07030075653140228, -0.06068374845752231, 0.5136677676204676, 0.5316459806218152, 0.16022992048439105, -0.06404515604203835, 0.03344012752654629, -0.021077552766401428, 0.23281094923032075, 0.10389368960884116, 0.4509754744032644, -0.04076035394251393, 0.49133316105636904, 0.5035646086173025, 0.5102242889964665, -0.010368109483451168, 0.18691933706988423, 0.23298430286934257, -0.543502900409536, -0.09338533295824243, 0.21946573533388875, -0.6334729882602402, 0.0934545343277122, -0.5790130723441267, 0.14111259782797747, -0.26292736744860795, -0.22106395185041394, 0.10990686702134803, -0.3481422949017152, 0.14454181801805552, -0.027197367092559356, -0.11497345429416383, -0.3705348022190761, -0.2961985268606498, 0.4167800475994896, 0.2548441704475782, 0.3138778121865463, -0.07507685892836374, 0.01984175701621068, 0.11749675568228263, -0.44377109908145007, 0.22319594430463863, -0.03296421169886725, -0.2633728843949234, 0.12914380840238002, -0.06401461618024873, -0.49229998954233245, -0.15686626436721263, 0.24226004941856377, -0.14233844071322913, -0.3714799768909455, 0.07450245940077896, -0.31922304757245135, 0.5240635272616793, -0.07153841754768263, -0.23086607789983435, 0.27804550121814586, -0.14055988951992937, -0.7071799820355898, 0.39562907300020683, 0.28701464899579915, -0.13845823085410505, -0.08555196716670696, 0.2191970386388955, 0.08905987675381133, -0.21149684837940072, -0.4606191167714708, 0.21680077098907247, 0.0987594066783603, 0.011759404356078543, -0.1886085634000535, -0.35729359705213354, -0.13960130681976013, 0.20051982264703822, -0.03210970186390788, -0.34308010123372173, 0.3183883734723069, -0.417006803567375, 0.3574104550492478, -0.1811999515042947, -0.12636884666749826, 0.02595909691777839, 0.23860516021095168, 0.647038333001932, -0.11540770381946638, 0.017220753317585442, -0.29070807848694163, 0.27987202685880097, -0.3438953693192908, -0.26222141624612255, 0.34240300978150345, -0.5123683646075355]
691.6717724699561	(9, 12, 2)	[0.4486077830396339, -0.6220009554217336, 0.1889953369371813, 0.16135342819993215, -0.3274776646671078, 0.25053532787148386, -0.3091798477812031, 0.0814905677675844, 0.04598684730059337, -0.3026205501501731, -0.051301410289465645, -0.1259080432333226, 0.051990536994579284, -0.15678831696282566, -0.09557952631907055, -0.01217133553432842, -0.31787839456974915, 0.4322941073598602, 0.011372471372774404, 0.05429035645456661, -0.14662016197411237, -0.1152518050797132, -0.3368116531986065, 0.36691435655282795, 0.11242890950602176, -0.023048158424855844, 0.30744115207233047, 0.4281441978609085, 0.28980846779559905, -0.17313617595748326, -0.14076624323613496, 0.7199146402044848, 0.19790957247052263, -0.3496146541142987, 0.292808353691806, -0.2309756234942173, -0.16484518044129856, 0.3062453603077431, 0.36939465609141653, -0.27096981677504556, -0.26518177405995325, -0.11351073608580042, 0.6363024258757999, 0.5500085233987272, -0.012062037070728561, -0.0732368240991535, -0.14302494450560777, -0.5830449344859664, 0.06369744406784547, 0.29783994839349404, 0.35026778895114774, -0.4914766644508172, 0.46103210881359336, 0.1591960595047558, 0.25322606826451033, 0.03663532446098061, 0.2525806944931118, 0.7977236902160305, -0.30831165143600175, -0.06925595715525848, 0.12041978879621656, -0.3756156000455579, 0.14685128872743572, -0.524475552705863, 0.2616672106611388, -0.25422744791860447, 0.5275565232557552, 0.04129315360992739, -0.048879171487405004, 0.31821305488061935, -0.36916529767653306, -0.19147329822722306, -0.17012450628688408, -0.9037011410871822, 0.3246350513656268, 0.4080574506801585, 0.049901937061092576, -0.07177192664200002, -0.28334413162714217, -0.3666115723633165, -0.2789865431720502, -0.1901030801920088, -0.21812916015607953, -0.06260658538304817, -0.05279277254482442, -0.6893531935072573, -0.31357010300839167, 0.27104846712384234, 0.23337113119953362, -0.11782923879568939, 0.3651120793829488, 0.20914660169295468, 0.25770253693364636, 0.5854645310363382, -0.20791538530713502, -0.1360738480656454, -0.050826784296281916, -0.2370104234508978, -0.5492379585966904, 0.44546624707095295, 0.07660865179299932, -0.13119253803078185, 0.3949744255040377, 0.34422238123000337, 0.061903476412533257, -0.4534997039636957, -0.201116857102354, -0.023228466458301993, 0.08871347945822694, -0.4609916135043775, -0.27134782530514756, -0.33666284584623185, -0.10617947842896089, -0.24285175665013767, 0.12804460557473213, -0.11545831483124097, 0.5897099285904754, -0.20406486895366555, 0.31107544340968485, 0.37854918784969294, 0.6584815144700684, -0.045312692963035556, 0.00919022038345425, 0.2540686270975335, -0.36166058191952255, -0.18575925203862434, -0.167574470861581, 0.045069978585579984, -0.8611869613394082, -0.020817131235331632, 0.09882454412319658, 0.166157346551645]
1163.518319687583	(9, 12, 2)	[-0.040815769120310444, -0.24745838634450507, 0.16657865300319702, 0.07229695509875139, -0.43849969869312544, 0.4596971020566735, 0.49310142623665915, 0.13707461625396392, -0.00309568768460872, -0.4452009021199211, 0.09157652547389745, -0.012401452625557863, 0.09227986470458438, 0.19079024473509873, 0.05078031048735513, -0.23152121101706258, -0.31392811280793603, 0.03813280018153592, 0.16334266646541398, 0.1318878989537992, -0.39624463419521794, 0.09741472479265262, -0.49848297567307065, 0.13476494245830364, -0.14849137467252868, 0.47500440753629475, 0.3573774935273874, 0.18083875347156658, 0.17714249813297886, -0.32679333165811797, -0.43230332915924646, 0.011263091706977355, 0.25884665613975366, 0.10585450246509051, 0.14722146142808007, -0.26367461756032623, 0.12533269601303887, 0.17108922799181447, 0.27594359922360123, -0.3659441919452795, -0.09729741646815693, -0.38281353685229846, 0.4733553340485983, 0.2522787464421892, 0.22579009880481285, -0.41390892714945815, -0.18869221883802387, -0.292110591877811, 0.23335136766013026, 0.10750393352414975, 0.6537964914894956, -0.11967091066776447, 0.1824700973972669, 0.04036845613020952, 0.17610579712793242, 0.15865516818772182, -0.1065047241441017, -0.07364411031492582, -0.5814114569695005, -0.15755102290556006, 0.22908735580756226, -0.2702365586344416, -0.008621531141410604, -0.13150406700608674, 0.02494211561664113, -0.04957427634595192, 0.11340821231980938, 0.01950407425341559, -0.0798449419911137, 0.17259455367893278, -0.20596955803189, -0.12319017270949612, -0.462267686555973, -0.567143447185165, 0.48146956945711994, 0.2291016946238848, -0.7327747693512646, -0.04059541196902924, -0.18595896847602478, -0.3802366297631785, -0.3100831564366236, 0.3899857533830262, 0.04879873313509141, 0.20611946026968794, 0.08866658747901386, -0.2114448868377759, -0.3966349859615422, 0.1532068450699339, 0.2720422752210794, 0.011867468924332845, 0.3921363547141914, 0.2196779020768084, 0.032349497261965066, 0.6255346111124993, -0.21716265872738016, -0.14246642567828466, 0.06973652396517221, -0.12830324041093927, -0.4337029309438366, 0.09563096596758797, 0.09174299707976437, -0.12580317174196556, 0.022197769166937185, 0.35939546307682396, -0.04603494422221664, -0.16083967534172722, -0.2540722456480705, -0.0551100484833227, -0.26147838076679747, -0.09899790208484903, -0.31236313732989607, -0.28151488550892645, 0.004174352643214696, 0.08145863753759934, 0.01273369316687406, 0.26046933387038895, 0.46558127918839554, -0.4563976297832308, 0.29563183932799736, -0.10980728873104216, -0.02451700060585039, 0.027230026022271175, 0.06015379947264566, 0.23863310834704798, -0.4983400997146234, 0.06744384443237739, -0.2569208620071795, 0.14672966912047958, -0.5026978291034104, 0.03999497864284273, 0.32076381438912843, -0.2870184278065385]
682.0107773181115	(9, 12, 2)	[0.626923104225516, -0.5465484728942145, 0.25012625576971953, 0.38425406226003767, -0.8989655508816432, 0.27806204418341346, 0.7205598334926148, 0.11856015773411241, 0.4249935329169376, -0.0847694640422934, -0.12747978390342604, -0.19680559838893907, -0.08199263564630241, -0.15093307384833043, 0.6343584315142043, 0.6132870864675924, -0.37228498161794865, 0.22272121902286765, 0.03173195035078659, -0.07701115659267456, -0.41784753320333523, 0.11150103042002835, -0.3593811815793038, 0.4577698755479228, -0.344454881290017, 0.6154708733127237, -0.019313088583267326, 0.4928777411027293, 0.2112435266063227, -0.04743905585753784, -0.07289172110841814, 0.5860079068833367, 0.6590688349307376, 0.3949594360556603, 0.3125414829446812, -0.32779550848815586, 0.422802627989207, 0.33721034096608177, 0.7935413950309861, -0.3686361671048497, 0.1508687217318975, -0.13446866661035567, 0.4407011093512685, -0.10696868586781746, 0.2445167084267638, -0.3642912913886637, -0.023578843589664004, -0.7215577548418816, 0.420485111616543, 0.028893277601010015, 0.7147783012856004, -0.6188753831032616, 0.1609572122580675, 0.20381198726046793, -0.12779265894687553, 0.4310391697565195, 0.24603518527588925, -0.054724287207497425, -0.002662200361087051, -0.44334197210230936, 0.3186958381564129, -0.041507617335188, -0.17290478879101706, -0.1486927850636222, -0.020518952508543985, 0.25716695553017055, 0.5122360658019712, 0.12318193092786583, 0.12333116700362995, 0.03321298896092947, -0.6771472971934993, -0.12646761929117517, -0.508656034906777, -0.6309152629266574, 0.2729203762184813, 0.6201855365603521, -0.6360968521260542, 0.16563820556579745, -0.8257638467591708, -0.6310363144943762, -0.17892658649382298, 0.5830467405580149, -0.18684004240588595, 0.48351832590742516, -0.003598696941769359, -0.6142413412566289, 0.06200938430918735, 0.4815377914434932, 0.49381327193446345, -0.12652569306699799, 0.9013473698614698, 0.2524511169628244, 0.6388165678647892, 0.7054180256813746, -0.3562938005007098, -0.4763188723280211, -0.2933483687337915, -0.3360300361719698, -0.45932531038463775, -0.29843657264198603, -0.03877263306241753, -0.6870336429124759, 0.3756071751437124, 0.46818309521659884, 0.08573810297535511, -0.3983573710804351, -0.3456568406525852, -0.03289370633432635, -0.007055674296581757, -0.2670035727807985, -0.3490184364954594, -0.22733712566480158, -0.34121097725491, 0.1725528114635284, 0.2692673120197712, 0.6359404823890771, 0.7080598975081756, -0.355328726832879, -0.09860270068229465, 0.2132633595456354, 0.8320815148791296, 0.06519231015541525, -0.4543561053924107, -0.067800730046209, -0.7293979121519203, -0.30189611986975495, -0.17236611865054588, -0.4391600027886484, -0.6535749733894611, -0.23233076857475482, 0.06877943494202074, 0.21694731976150416]
525.7747109097644	(9, 12, 2)	[-0.040815769120310444, -0.24745838634450507, 0.16657865300319702, 0.07229695509875139, -0.43849969869312544, 0.4596971020566735, 0.49310142623665915, 0.13707461625396392, -0.00309568768460872, -0.4452009021199211, 0.09157652547389745, -0.012401452625557863, 0.09227986470458438, 0.19079024473509873, 0.05078031048735513, -0.23152121101706258, -0.31392811280793603, 0.03813280018153592, 0.16334266646541398, 0.1318878989537992, -0.39624463419521794, 0.09741472479265262, -0.5069471096072631, 0.13476494245830364, -0.14849137467252868, 0.47500440753629475, 0.3573774935273874, 0.18083875347156658, 0.17714249813297886, -0.32679333165811797, -0.43230332915924646, 0.011263091706977355, 0.25884665613975366, 0.10585450246509051, 0.14722146142808007, -0.26367461756032623, 0.12533269601303887, 0.17108922799181447, 0.4446679290857423, -0.3659441919452795, -0.09729741646815693, -0.38281353685229846, 0.4733553340485983, 0.2522787464421892, 0.22579009880481285, -0.41390892714945815, -0.18869221883802387, -0.292110591877811, 0.23335136766013026, 0.10750393352414975, 0.6537964914894956, -0.11967091066776447, 0.1824700973972669, 0.04036845613020952, 0.17610579712793242, 0.15865516818772182, -0.1065047241441017, -0.07364411031492582, -0.5814114569695005, -0.15755102290556006, 0.18972012681210842, -0.2702365586344416, -0.008621531141410604, -0.13150406700608674, 0.02494211561664113, -0.04957427634595192, 0.11340821231980938, 0.01950407425341559, -0.0798449419911137, 0.17259455367893278, -0.20596955803189, -0.12319017270949612, -0.462267686555973, -0.567143447185165, 0.48146956945711994, 0.2291016946238848, -0.7327747693512646, -0.04059541196902924, -0.18595896847602478, -0.3802366297631785, -0.3100831564366236, 0.3899857533830262, 0.04879873313509141, 0.20611946026968794, 0.08866658747901386, -0.2114448868377759, -0.3966349859615422, 0.1532068450699339, 0.2720422752210794, 0.011867468924332845, 0.3921363547141914, 0.2196779020768084, 0.032349497261965066, 0.6255346111124993, -0.21716265872738016, -0.14246642567828466, 0.06973652396517221, -0.2654438567198193, -0.4337029309438366, 0.09563096596758797, 0.09174299707976437, 0.07331010026460291, 0.022197769166937185, 0.35939546307682396, -0.04603494422221664, -0.16083967534172722, -0.2540722456480705, -0.0551100484833227, -0.26147838076679747, -0.09899790208484903, -0.31236313732989607, -0.28151488550892645, 0.004174352643214696, 0.08145863753759934, 0.01273369316687406, 0.26046933387038895, 0.46558127918839554, -0.4563976297832308, 0.29563183932799736, -0.10980728873104216, -0.02451700060585039, 0.027230026022271175, 0.06015379947264566, 0.23863310834704798, -0.4983400997146234, 0.06744384443237739, -0.2569208620071795, 0.14672966912047958, -0.5026978291034104, 0.03999497864284273, 0.32076381438912843, -0.2870184278065385]
1346.1356299246067	(9, 12, 2)	[0.5713892298695694, -0.4253176583408681, 0.21653493115652928, 0.3883278700623588, -0.8785123908473835, 0.14695587543597916, 0.44842258620534037, 0.1306992787950662, 0.32726436551678056, -0.014758535987882952, 0.018423039727672345, -0.19905540506967606, -0.04332068443241034, -0.13021513972370005, 0.5532787063337192, 0.5400811830696043, -0.25812647415470547, 0.21407642339428662, 0.03505142398152034, -0.053424017494571034, -0.38581916152413953, 0.10640120928713911, -0.4145825674938748, 0.4535944150247897, -0.15875276602089883, 0.44614278057410384, 0.002184151669947062, -0.03162106362013892, 0.1802453786229676, -0.2124827567916821, -0.0727257393073368, 0.5433742578337357, 0.5881505454218159, 0.1437116111031205, 0.3054226196198807, -0.26505450894075444, 0.3084862831738027, 0.14256980401126937, 0.7590949035317949, -0.26531653670139155, 0.09866910943383497, -0.13654213703465834, 0.5234129971147504, -0.10099075961086856, 0.005810596572577714, -0.2543261491408323, -0.029201224012719712, -0.4007362480087504, 0.3230411648564513, 0.008951922824615035, 0.4889643530683747, -0.5346137788557548, 0.19609736100808967, 0.17039076735199052, -0.09247089705152736, 0.32492385204421914, 0.20931577295710782, -0.04331950699734644, -0.011326371063115017, -0.22741732718173857, 0.3299951560489139, -0.015634510038429472, -0.061027479596999945, -0.21413899394007285, 0.08916642303783451, 0.1923605201606968, 0.15322375084283496, 0.015504503597349735, -0.03448761225527037, 0.10341641622748979, -0.6901904310183131, -0.26428708869786904, -0.4245482451880779, -0.6314531161646453, 0.34283972033094545, 0.3845228841565503, 0.04608944965591577, -0.017664589384230565, -0.3925203391166108, -0.49639682709958466, -0.2217923555646004, 0.5697509078153182, -0.07848536905084705, 0.4721101274728464, 0.05791799178072332, -0.5567051138772904, 0.18328833357552213, 0.1475180737080347, 0.4139094667023145, -0.1087388469326632, 0.2599852515599198, 0.2425281740576601, 0.1791870251432424, 0.6853638218699488, -0.3559179543049108, -0.45350032565828036, -0.07550941702782141, -0.31212477675296435, -0.45420678291124034, 0.1093740402041265, 0.08062962651686273, -0.6845262025832896, 0.3783173033879801, 0.39938256339539513, 0.08648711916779922, -0.3930887902824468, -0.34901837209873066, 0.15594864587142684, 0.0008722361054131151, -0.22485883636281345, -0.30438587148458374, 0.21475492412182098, -0.261126299768875, 0.13128549712943935, 0.10780472332717032, 0.4422732213613121, 0.6302930999766302, -0.19077278285383042, -0.07598158410117554, 0.1827130875579474, 0.4474116135030542, 0.040204174791644946, -0.4509982740120362, -0.03100872408071975, -0.6704801133405137, -0.013978169149972516, -0.16794190652690402, -0.35432549443873645, -0.6372575094862357, -0.1581261205804152, 0.07014734218820237, 0.15203403347990557]
1086.047026097082	(9, 12, 2)	[-0.040815769120310444, -0.05552364877079091, 0.16657865300319702, 0.07229695509875139, -0.43849969869312544, 0.4596971020566735, 0.49310142623665915, 0.13707461625396392, -0.00309568768460872, -0.4452009021199211, 0.09157652547389745, -0.012401452625557863, 0.09227986470458438, 0.19079024473509873, 0.05078031048735513, -0.23152121101706258, -0.31392811280793603, 0.03813280018153592, 0.16334266646541398, 0.1318878989537992, -0.39624463419521794, 0.09741472479265262, -0.49848297567307065, 0.13476494245830364, -0.14849137467252868, 0.47500440753629475, 0.3573774935273874, 0.18083875347156658, 0.17714249813297886, -0.32679333165811797, -0.43230332915924646, 0.011263091706977355, 0.25884665613975366, 0.16008770120096358, 0.16300557200588406, -0.26367461756032623, 0.12533269601303887, 0.17108922799181447, 0.27594359922360123, -0.3659441919452795, -0.09729741646815693, -0.38281353685229846, 0.4015876770815814, 0.2522787464421892, 0.22579009880481285, -0.41390892714945815, -0.18869221883802387, -0.4283199854243037, 0.23335136766013026, 0.10750393352414975, 0.73841556880083, -0.11967091066776447, 0.1882949396689927, 0.04036845613020952, 0.17610579712793242, 0.15865516818772182, -0.1065047241441017, -0.07364411031492582, -0.5814114569695005, -0.15755102290556006, 0.22908735580756226, -0.2702365586344416, -0.008621531141410604, -0.11913604844632883, 0.02494211561664113, -0.04957427634595192, 0.11340821231980938, 0.01950407425341559, -0.0798449419911137, 0.17259455367893278, -0.20596955803189, -0.12319017270949612, -0.462267686555973, -0.567143447185165, 0.48146956945711994, 0.2862367403802054, -0.6825831784131791, -0.04059541196902924, -0.18595896847602478, -0.3802366297631785, -0.3100831564366236, 0.3899857533830262, 0.04879873313509141, 0.18267198115348904, 0.08866658747901386, -0.2114448868377759, -0.3966349859615422, 0.1532068450699339, 0.07192852538768396, 0.011867468924332845, 0.3921363547141914, 0.21967790207680837, 0.032349497261965066, 0.6383081862356678, -0.21716265872738016, -0.14246642567828466, 0.06973652396517221, -0.12830324041093927, -0.4337029309438366, 0.09563096596758797, 0.09174299707976437, -0.18977742839926354, 0.022197769166937185, 0.35939546307682396, -0.04603494422221664, -0.16083967534172722, -0.3191431189194057, -0.0551100484833227, -0.26147838076679747, -0.09899790208484902, -0.27738956706972173, -0.28151488550892645, 0.004174352643214696, 0.08145863753759934, 0.01273369316687406, 0.26046933387038895, 0.5482789026166199, -0.5682974939262302, 0.29563183932799736, -0.10980728873104216, -0.14088826487860417, 0.027230026022271175, 0.154756062735109, 0.35300423294015826, -0.4983400997146234, 0.06744384443237739, -0.2569208620071795, 0.11570413157230883, -0.3778870897666322, 0.03999497864284273, 0.32076381438912843, -0.2870184278065385]
1069.5507686901183	(9, 12, 2)	[0.4822937103121442, -0.3031722907498772, 0.2862569534780063, 0.19928115233106758, -0.4795199998979478, 0.3887060870986367, 0.04857348692275117, -0.06636181522451053, 0.2863373206761418, -0.1715965710190736, 0.07574225619102373, 0.3330261873414526, -0.10586163949052191, -0.11846602036572701, 0.22457942596126798, 0.20832108009295416, -0.40510397387888075, 0.06642644795077682, 0.23054080853786454, -0.28149592583034705, -0.3935669946720833, 0.15251295461553882, -0.5192544307295925, 0.3074424286465298, -0.317718763303695, 0.44965720556884187, 0.5725240564801459, 0.2979667372211098, 0.20060753000539727, -0.07961274067809807, -0.4653337512407507, 0.6070670746945429, 0.38586046013991865, 0.12420567869527523, 0.14753494593772737, 0.1059420389084621, 0.19133744742865294, 0.00479050011152863, 0.4335591130228879, -0.2734391985909878, -0.02438311142749451, -0.19246521521956678, 0.5640698303337394, 0.14220305471553418, -0.031814151358953005, -0.11012227639462291, 0.28524929602636234, -0.6502398828148878, 0.30082728997058805, 0.06698447679508017, 0.6699129486781434, -0.26234443043233524, 0.2841795840578682, 0.04016639528875191, 0.02033431682033763, 0.18861768674499996, 0.06760685866093251, 0.35751221332725464, -0.5308352774603585, -0.205871300077194, 0.26525045044986334, -0.19318481271204063, 0.022930153020513662, -0.29468252401374856, 0.027893347617022987, 0.12092379756333645, 0.4762223303508586, 0.011732200267175403, -0.09751152904182335, 0.1863386884422635, -0.5882330691504503, -0.24533737607071987, -0.7337098347741704, -0.5514684933724777, 0.27562882185302895, 0.2700494962053294, -0.21522493628762268, 0.01232778503169743, -0.6098287764129201, -0.5560072356440967, 0.056225283712652105, 0.49552697665423434, -0.1127317034932137, 0.4760490329928449, 0.1523947772722782, -0.4421383016846343, -0.4859765565405798, 0.361799056841352, 0.4367347801507876, -0.014540563968914177, 0.10265967956871917, 0.2513906310250176, 0.3144847655987022, 0.5879868540731691, -0.3766157916441143, -0.21718185379876392, -0.2580426714510284, -0.05704558631148316, -0.4466685372045319, 0.16119918674935602, 0.05451377104771317, -0.09688467887707702, 0.19776882499871407, 0.15469716863029226, 0.09278164639981848, -0.3432686783729774, -0.08039644384633717, -0.08111821352413857, 0.04864713137926262, -0.36890504482068875, -0.31375757620546285, -0.3308457621972685, -0.01471454211330098, 0.05254886227632489, 0.16010224713769136, 0.39549217958485217, 0.5618218372362597, -0.256337210518418, 0.198219608170787, 0.21191030800494529, 0.2645959988994157, -0.020624127863195535, -0.2766898290129836, -0.2898497119539263, -0.34730505437118453, -0.17787088947925175, 0.3288169627261198, -0.40837834874355017, -0.6641001223967781, 0.01675817714440227, 0.1009775834709526, -0.014326247386959947]
938.6622799867839	(9, 12, 2)	[0.05623563060121424, -0.38612553001541766, 0.17554789269333265, 0.08438772612475383, -0.5513790039903153, 0.39756698325196405, 0.016849162318616887, -0.027591700703850815, 0.20217837251808637, -0.44790991524675206, 0.09342537920517818, 0.008478691275479339, -0.043312511109868335, 0.12464427565831736, 0.09357238156696134, -0.14886225194317756, -0.26961832881335407, 0.23432836150948608, 0.19806964955400322, 0.019697905082080455, -0.34221960230486387, 0.06406923093856426, -0.4746699458895264, 0.291319235615178, -0.268718917188288, 0.4712247837016006, 0.45420045530518083, 0.15932292197669362, 0.21050493338517445, -0.07318755003169522, -0.31249040828722896, 0.5402761762113985, 0.24000424094512077, -0.3906926730814677, 0.15155767298197215, -0.21804892333334747, 0.12224717670482249, 0.06136147124489191, 0.2813526612277798, -0.11140145825445368, -0.0819137375256791, -0.21838979312056012, 0.4125751694461447, 0.23308242076089827, -0.1998904690869033, -0.2316863385101278, -0.04492168258999972, -0.28391246353716804, 0.18810518375633067, 0.13545449853179062, 0.7207874990892966, -0.09895156827492878, 0.29901413966036083, 0.02458402650336158, 0.22838732570053638, 0.16902153516433457, -0.07645446833094693, 0.18241847286768675, -0.5951151305041682, -0.11075547455650173, 0.2171582198312927, -0.02085746900587236, 0.07996683088017612, -0.23666359893390707, 0.019678719618601057, -0.0041350592642489595, 0.3391339445957295, 0.002311098298934235, -0.07160339213468142, 0.09834187620963028, -0.46100253230030896, -0.15743795818040376, -0.5039022009659511, -0.5582935698330095, 0.5048438854067563, 0.5180138186195644, -0.45953009978871784, -0.03394599670315364, -0.2836324827574144, -0.3805262986573571, -0.2649896681511403, 0.35722688568511013, -0.032816304043686566, 0.1786461426792629, 0.016402617496325617, -0.3442600898593642, -0.43286918306864686, 0.19734728302551874, 0.31642468737293905, -0.030697038686136265, -0.33750522114454323, 0.11384800448918243, 0.03792208301279054, 0.45769520210711195, -0.18984876375638943, -0.3165563199500975, 0.10697455468640182, -0.19562763934296362, -0.42294455700192146, 0.42390731996035347, 0.012234594532826756, -0.11846615739333874, 0.02742016706206386, 0.3233996226922907, -0.06740132540009684, -0.13590831491992406, 0.004312907753397405, -0.046686345476448794, 0.002430639353823247, -0.15636452529982883, -0.3445558378872505, -0.2283929691805314, 0.08178391428289267, -0.3854623384193601, 0.0029996999841032856, 0.3243256834911315, 0.3688103827653171, -0.4719970192949598, 0.2795870366735004, -0.09107737188047121, 0.3898962668102412, -0.019335465935119957, -0.14760799804425281, -0.07818058088502848, -0.17909462366714113, 0.09833021729081405, -0.25298997333468914, -0.25622377098078064, -0.4943284635537447, 0.008389980890748817, 0.18046503553460896, -0.21244363628684548]
598.5661090571159	(9, 12, 2)	[0.5078186903983368, -0.32162183324728066, 0.19482052691889312, 0.23649362811419922, -0.5010067926545333, 0.17486770591435333, 0.08302085367422463, 0.024949418100233954, 0.06456974594057455, -0.3024978964630939, 0.23554529542028452, 0.3052719774932321, -0.007029937716591966, -0.07094358583438555, 0.00827385734067708, 0.17557207365228594, -0.3959615728151693, 0.18970968977650812, 0.32551268353835583, -0.23413440935638563, -0.28885455206641064, 0.25045072509626565, -0.6357374974035787, 0.2890822456423302, -0.39969246380128765, 0.2519950816302974, 0.3296902451021425, 0.19927983314199962, 0.2373452819820347, 0.15022770007405972, -0.3985093365927743, 0.48155425984411576, 0.21235844904502726, -0.13881862855669125, 0.18872313031167848, 0.1392759706688857, 0.2874386700989607, 0.043673903756399894, 0.372768815327695, -0.2797617215342718, 0.2746567793749067, -0.07461727644528987, 0.5027441699392711, 0.15124687938744913, -0.12481304093724524, -0.05140659449478881, 0.3154781824170043, -0.3869981924917382, -0.11113108466947623, 0.040158571569435676, 0.3040380858820636, -0.28090046961724474, 0.5275010222481039, 0.06115702535920245, 0.2010149567434582, 0.07123769277189687, -0.10007033437005824, 0.529462721353829, -0.5241638091621051, -0.22688759516538604, 0.28892112552651655, -0.2331446869058515, 0.11819350273226524, -0.37581095702087874, 0.17485284650813449, 0.19355991519974197, 0.13017336768236137, -0.09396869864117897, -0.15737153608734883, 0.3150888309848665, -0.29768292642397276, -0.32570353127737584, -0.6674035382299717, -0.5723781307979223, 0.2955377372588779, 0.3023977702194256, 0.1133512671826804, -0.13733638913486085, -0.49761977179783845, 0.025155707616725198, -0.16156067807231334, 0.3196345452850013, -0.37040320130324944, 0.34488129450661986, 0.05738381078173803, -0.5481801236203518, -0.6344695035506264, 0.16948676725844486, 0.494310310585927, -0.009071258277243574, -0.1977679082523897, 0.1754759709499083, 0.07222342454705073, 0.4814441805689825, -0.4127642838584877, -0.27341339484683086, -0.01800657042918631, -0.04851763620940277, -0.08487865709394644, 0.32804381426080165, 0.21373893656963636, -0.11967930120879891, 0.28637612944870805, 0.2822823911378324, 0.1053208839722273, -0.3651452696429544, -0.10634124050602789, 0.030982790928032404, 0.2352628832386891, -0.42404846840595056, -0.3112215173793298, -0.23374512137880735, 0.17710465703927844, -0.011590719081196486, 0.03244500172635836, 0.2476521481430487, 0.47702072052461064, -0.016488513650858592, 0.495766632845572, 0.37260868205775544, 0.2895487125396804, 0.02539156738063465, -0.18178795708681086, -0.2862856935820672, -0.26130160100992045, 0.010824664113117236, -0.15554129190601607, -0.2508747534527926, -0.6390616647038438, 0.04848561143302369, 0.20199369477316448, -0.17188198185844383]
937.7333739999898	(9, 12, 2)	[0.12611591078777193, -0.15073951308429717, 0.2623533707665345, 0.2998152172620233, -0.46909793311727205, 0.1795346282099696, 0.46640627869250395, 0.08591472683456873, 0.05974423721821018, -0.41855559672789133, 0.17231891782288591, 0.2181997099981247, 0.050099662079238105, 0.003576405385155298, 0.07436647268449545, 0.005323901710737475, -0.23864516432624933, 0.2142579031422392, 0.23462040067950815, -0.051828015721673115, -0.3945874448392319, 0.11672259408120343, -0.6249192655656794, 0.23457701167841327, -0.472705183966213, 0.43105663133820465, 0.31804001367790447, 0.13665986189237359, 0.20985449643647694, 0.16348504584525625, -0.42231971813385677, 0.20850439088870873, 0.14459873119843042, -0.2703923926546501, 0.17572664920747882, 0.27614034449276037, 0.27723812489127825, 0.1625489798740761, 0.4108905440668641, -0.34434620063936405, 0.3510371527759508, -0.27826382553362694, 0.34546159523400544, 0.16121414749944443, 0.05719555949710535, -0.2418865364699011, -0.08491689657586848, -0.43013975719544123, 0.19389220472123514, 0.10469989952678048, 0.6546146747785886, -0.126138350026395, 0.24676475482336083, 0.04135923344052905, 0.1890642740855621, 0.12891599135627735, -0.10745104123174344, 0.23729698893514908, -0.6002779507290584, -0.1332984138191891, 0.2398963419516307, -0.2697847901057878, 0.014142932714237826, -0.2715234551264223, 0.06617258115598904, 0.12639892165458644, 0.1638228999321545, -0.12180585147677697, -0.17530085999675882, 0.25308196831443297, -0.26627270272509956, -0.2659394515767742, -0.5776917650705539, -0.5234763337415713, 0.39130261740615047, 0.4117477245018687, 0.08511616827016935, -0.20965543437873846, -0.3251151905808711, -0.23338680485283805, -0.2720308949626349, 0.3684805844072616, -0.09277876445675631, 0.1408451007570505, 0.008265623894795966, -0.2794366295408687, -0.5691271617409306, 0.08491460620717112, 0.20616778133803676, 0.012665445699442918, 0.14891104155526333, 0.14733800172687725, 0.04220310946841985, 0.6008579242186408, -0.3668446160764359, -0.22159355247317047, 0.061479354810076076, -0.14680301871388596, -0.38920171898824707, 0.20384193223168157, 0.12115814029619401, -0.10001194435868793, 0.14049735106113034, 0.16709859505777094, 0.005589313614212929, -0.2090414142968428, -0.3103627034525047, -0.04635639694859305, 0.051444024146972134, -0.11390064717612347, -0.34700977934237853, -0.18466967081881466, 0.02781003194801538, 0.08181381334951209, -0.03526313779215556, 0.00217420939088896, 0.4801587270770012, -0.31240644970692716, 0.3503859527165701, -0.017287620556789923, 0.1275620458735548, -0.08974998404822303, 0.08287535577243947, -0.025018842266179675, -0.08698898501991895, 0.09336500322204835, -0.07856045791612798, -0.08869124448806948, -0.5349602847305084, 0.04719459283991097, 0.29670163227394164, -0.3757038637877618]
964.8474346672049	(9, 12, 2)	[0.3038586357922916, -0.2445183391950002, 0.23848321380524884, 0.20002322236057968, -0.7277557039560335, 0.3178868829546517, 0.41390631639823433, -0.011023558478234937, 0.2547176223419944, -0.15994168727122704, 0.10914383774948282, -0.11770574764959738, -0.04863467501674472, -0.027335102058170736, 0.3128101870969401, 0.21459660013549453, -0.32767271975979007, 0.14807333699701228, 0.08082564346102317, 0.026578976688932214, -0.34987779514044354, 0.10317753962989837, -0.5194011007168393, 0.12586960394391788, -0.2697315310674213, 0.4460814609191631, 0.44275936418791395, 0.14324899051211573, 0.13281901943142055, -0.22734283254838739, -0.2791735309943915, 0.3532642655483751, 0.358158754323183, 0.05601219619680759, 0.30818964928966774, -0.08933462131629316, 0.06180378890181237, 0.16575836349607714, 0.527148537103769, -0.30200818323221557, 0.05393452694877613, -0.03553046512312767, 0.5121069637876875, 0.059555514066146294, 0.06791791955378643, -0.26519868642496347, -0.009331499361448586, -0.6067425838040623, 0.3691468359210071, 0.045628107947941546, 0.5214068704511559, -0.2881470692766131, 0.33533322712944225, 0.019083928212351543, 0.12052926100591219, 0.17323087588633884, 0.05936783545179555, 0.055753637282816765, -0.28669004078832455, -0.2533690729328427, 0.26075187766148616, -0.1127953449442024, -0.05429882351666265, -0.24058305110550038, 0.06105386295680748, 0.07339119938011808, 0.4183428419020863, 0.0018168532204133059, -0.06348602114730917, 0.14039758837081198, -0.5064947296523377, -0.22930605447204885, -0.6862683560150783, -0.525908264089575, 0.19359657161433697, 0.38148113208027523, -0.5581695544122547, 0.03394508527807796, -0.33555970649630185, -0.452981318754926, -0.20460707915703832, 0.48185534145339376, 0.014156893734590378, 0.4356551621140719, 0.09528390612987389, -0.37532602667666654, -0.13595279191580287, 0.17867568040664106, 0.368397131301166, -0.003236643955059723, 0.16415185497906393, 0.20859983908593682, -0.003160436994161256, 0.5974095927927473, -0.30967316921702015, -0.3072400208919584, -0.08347729736721424, -0.10213071818614554, -0.40869793332508697, 0.19853346845488826, 0.0844633733131853, -0.26537823542851213, 0.152781452418039, 0.37729171831068975, 0.05335195209940803, -0.32116577064319424, -0.1112367866917745, 0.1611913925328164, -0.05967403153672513, -0.24022838151631234, -0.31434589957191117, -0.08591990791101775, -0.052109113220473374, 0.08527180092376936, 0.05828311090482499, 0.1725888336825503, 0.5337718607460129, -0.30632111274268503, 0.0926119041453993, 0.14712478031204085, 0.27558728821276157, 0.10172831866995663, -0.22905788879343722, 0.031062090087650207, -0.5807567006786118, -0.11670523706308451, -0.07315131430693246, -0.10371330498673131, -0.5842099556557192, -0.01684296205281017, 0.17713897247703686, -0.10883973934211105]
979.0185362485296	(9, 12, 2)	[0.3750562870194848, -0.3117211329202086, 0.27553165951318126, 0.1583959037558131, -0.4824699259566496, 0.4327205783356245, 0.031178331873081444, -0.022654676421334057, 0.24809375429402303, -0.34063865113100084, 0.10743390964780565, 0.2009147827421273, -0.19667079624409617, -0.09469163925592591, 0.12272560810112058, 0.13014810024721024, -0.5081462882375751, 0.11833841804839573, 0.3785680358345198, -0.23049932576654822, -0.37989761891359386, 0.1020050618924688, -0.4870719871372592, 0.2711598535068179, -0.27808707175016706, 0.24285781369259357, 0.5212719434613515, 0.25764366560340024, 0.3040976563708173, -0.030722643987560867, -0.44085318679625846, 0.38996191642501105, 0.32883348594279194, -0.04094205799300164, 0.2139389581460744, -0.01775535855403953, 0.1794159121713888, 0.03208920114523822, 0.4021849908775765, -0.19479366987356295, 0.03428028660652992, -0.174252285131672, 0.5516277941708464, 0.10121810304850035, 0.02942085944953495, -0.11270210058079716, 0.3785793471915495, -0.6413215449739346, 0.20591430983778158, 0.12321082005577157, 0.6186900265998736, -0.25010587245723254, 0.45747393202893705, -0.02483239024166316, 0.1267954492260196, 0.22534201443850732, 0.09557664961982802, 0.37346529572633935, -0.5869263697144904, -0.1008358051443009, 0.26334130173153936, -0.12218464179247004, 0.014410965930531053, -0.39852136216936457, 0.00898521307639041, 0.0795743975538726, 0.32468147444823175, 0.008729976443393128, -0.019363350207180215, 0.2491029483118695, -0.5871080954490373, -0.16608253135695203, -0.6422556411219688, -0.5516922468894119, 0.30088018633021174, 0.29087882255776804, -0.4033927632466386, 0.11320636825407618, -0.5791917135976035, -0.3232691618976045, -0.2114194079099041, 0.20118516941908796, -0.14525720614203028, 0.24390327896275432, 0.07315651630828673, -0.3590281280918423, -0.5510776589809987, 0.34367488062535767, 0.4217410904897873, -0.016722773541467742, 0.19313387104278398, 0.2348432720125626, 0.08197705386716012, 0.5292551335714988, -0.2766585358869778, -0.15672416527080646, -0.20611117567462706, -0.06666912436821981, -0.30497443609404234, 0.259172911238199, 0.044461977846260846, -0.20200595444794278, 0.22331880681448235, 0.18216166165125255, 0.0622146913364076, -0.3571013649783239, -0.051223900910632225, -0.10527776220720439, 0.0013419748253450658, -0.3184206464348953, -0.3326353266088292, -0.30481181769447363, -0.004307499970937002, -0.1554588466778824, 0.13426023818910604, 0.18061955473318048, 0.5130346565836712, -0.5048800255629843, 0.2004812374102629, 0.24257805895526052, 0.2702995903861324, 0.0031311409808715013, -0.2776671131829015, -0.18523827851388572, 0.06677229540497416, -0.17919147154170717, 0.11083389711894306, -0.2698812694304249, -0.6068854567028751, 0.009302651426839573, 0.08696989380882628, -0.09382601049883325]
1189.543696720467	(9, 12, 2)	[0.3061436141264282, -0.25251609303615413, 0.2400230380708498, 0.2237793082017689, -0.6903535616453736, 0.27153039612968133, 0.329066395260996, -0.008810072493164999, 0.21938542115589432, -0.1620463348705868, 0.14735195968708875, 0.06212212343170287, -0.051447976841990095, 0.09549107456509223, 0.06308132228109642, 0.2299143755364389, -0.27789101165046626, 0.2850481923739684, 0.15034421825136907, -0.1280268335452441, -0.36938994005781733, 0.16054225893585727, -0.5882265838250562, 0.18278531781140456, -0.28002220652316323, 0.22515126149511297, 0.43329036853835645, 0.14985046028026333, 0.27246971628379957, -0.20783912292283663, -0.3024614410227821, 0.5115708718639027, 0.3270488336312496, -0.0032540254197974683, 0.12926382169038675, 0.10461652338013011, 0.16240179251240985, 0.15687602739924622, 0.5248160708893727, -0.30736046114882387, 0.07112805959356025, -0.04000136472887027, 0.4908417003937127, 0.0985366622100994, 0.007234530451182913, -0.13453620764986962, 0.07713303528437086, -0.5039834802207623, 0.2467284917488506, 0.05354654457940835, 0.457311914166964, -0.2895205629996663, 0.3915523389446825, 0.023165310430284684, 0.11337036211577173, 0.183280733442445, 0.07681123093769708, 0.15558385050378126, -0.42857778520315065, -0.21919938798251576, 0.2406503689664357, -0.11908802394875835, 0.08428274790902585, -0.3524684690244414, 0.06190254477887152, 0.13971801392315045, 0.2696263225202379, 6.96126948181806e-05, -0.056944852208422755, 0.14082076014764514, -0.5366857514118065, -0.25825090425892794, -0.658178905536916, -0.5606211994350662, 0.2563062231364708, 0.3543233421112818, -0.41492162222957274, 0.012255813469221624, -0.33486204520039736, -0.4393255818327506, -0.22123202982020804, 0.43537538175671814, 0.09156856120031213, 0.3820115517051893, 0.07010332043188294, -0.4519744339845183, -0.3547974561320825, 0.13636673865206228, 0.35534930162539224, 0.07453766425432984, -0.00689847213805847, 0.1487762452254978, 0.0026565614369620724, 0.4144945821718301, -0.33547072296866104, -0.2291519331273228, -0.08987626460859192, -0.10760807256260624, -0.34956662114849457, 0.37018084551447256, 0.05885981211453712, -0.19908796784759536, 0.1637701628393125, 0.29263906364071135, 0.0183780030881127, -0.3428632220744363, -0.10157555360311571, 0.15951819515462007, -0.05886432763563793, -0.2552755876665458, -0.3090666375432911, -0.34929857879676945, -0.009763119500326656, -0.021011152054422312, 0.05243369371771585, 0.17643549759012872, 0.5327172161681237, -0.3368782774343384, 0.32278485169707205, 0.16181091807848136, 0.306763131719017, 0.08149332090598066, -0.2612445416947123, -0.010833587089965627, -0.423551691828339, -0.044574855592940665, -0.11711840728414843, -0.1305202489015853, -0.6195291025890488, -0.0143501306126868, 0.1744397156137642, 0.12021475933667036]
742.5281480395529	(9, 12, 2)	[0.3330253340882117, -0.30435635367465286, 0.2619420229378781, 0.264817484809302, -0.48638171797496077, 0.3228153326493869, 0.30192810033031303, -0.0085469447143499, 0.15459012318679, -0.3900470890352836, 0.07586034170344419, 0.06193028930698603, 0.004992550206688018, -0.07343727330605371, 0.12932433014538858, 0.08623777130745974, -0.3218500243288492, 0.10715023381759342, 0.20332733248752416, -0.12075035735159535, -0.37492775811389656, 0.0912695797105181, -0.5548101479278228, 0.3292824927017839, -0.4139046576625993, 0.25152066323323896, 0.4321736794316666, 0.2731869022713259, 0.09528553719748083, -0.006726065264704671, -0.40726460080645355, 0.26500356652329965, 0.24952602484948525, -0.259237348338246, 0.14968344567448036, 0.42032374776153214, 0.21347885792478682, 0.05492172374208409, 0.39512023121039436, -0.33625475987981096, 0.17359491349095044, -0.20024705919646485, 0.47401613136231885, 0.19906402053082212, 0.09776631704534584, -0.2356959734521105, 0.24666255617394509, -0.11568213481718104, 0.18689989746001118, 0.22420678965846655, 0.5621034188501287, -0.15735231126038524, 0.2853654097028734, 0.039394649289281825, 0.22154413469884315, 0.15917777514411927, 0.0897608998130206, 0.28029702176581395, -0.5031657191527525, -0.0909520632245491, 0.2704532855005215, -0.17701894820697348, 0.015009942207605292, -0.2933526588682166, 0.06961579625060502, 0.02360293929807728, 0.30936745940327015, -0.08080345256271593, -0.14312820250765995, 0.3310097872439711, -0.5452814114684017, -0.21263079675545946, -0.6055565742278498, -0.6355477573355697, 0.360886394467802, 0.3666389778749424, -0.18352803414410634, -0.09195486754758181, -0.3688762830815364, -0.237918803131797, -0.22993994089057695, 0.3046624200610353, -0.15875989698656978, 0.2639208177626667, 0.046746031054073274, -0.4542611582896286, -0.42315365271425254, 0.15642811767344547, 0.3764607876735943, 0.0033313743711882444, 0.15446200731193976, 0.19551992527214923, 0.1217334844572412, 0.6253597541703307, -0.36501642465208584, -0.23835897726115046, 0.011077137250246932, -0.07843417188774347, -0.31475046194093426, 0.25844437987011004, 0.09896683881596721, -0.1919063649090897, 0.039448503771939106, 0.3873937877680191, -0.0009045890826251003, -0.3261882586218505, -0.22868254417807926, 0.09121972313859895, 0.016930411004200813, -0.1818538940758989, -0.27870936408128766, -0.22560708440674038, 0.020293440873879454, -0.0709191604790586, -0.013341840072476144, 0.13631014364999905, 0.3742519670216584, -0.2866947096217704, 0.30525456106386895, 0.08956525089221548, 0.2168260412885024, 0.013341172664628522, 0.011575708129937932, -0.15006936287029576, -0.0895255108289206, -0.1277619420939095, -0.20494451041953377, -0.13250466625659835, -0.5341760842405225, -0.016845887027346622, 0.11544040629240306, -0.19242120266444585]
625.2179231268796	(9, 12, 2)	[0.29407435555771355, -0.2620291993018839, 0.2114319114044067, 0.27350968954807375, -0.4157721867247705, 0.3235372880215319, 0.27796029776716796, -0.0030547654932085617, 0.18855312604763738, -0.2191867172488069, 0.10172161615686603, 0.10964211500167848, 0.01668584840888107, -0.08158346350172327, 0.09316059575620918, 0.11857397886113873, -0.3598791812751945, 0.13713779325523756, 0.20565461138086447, -0.07179406984491166, -0.40458933567242855, 0.09265055863183759, -0.4966196957358659, 0.2701464215042977, -0.2654152486998551, 0.41047608759290266, 0.42223066038222323, 0.1798708013313563, 0.2635870002061513, -0.1991627291181764, -0.29260190556796006, 0.3826541135980819, 0.34093222076959745, 0.0018344673022721927, 0.12987818973982798, 0.08712302436523137, 0.2003461602417834, 0.16734370907346882, 0.3894759154808485, -0.29258716563683596, 0.08294516406478472, -0.2628205509921233, 0.42530537622291786, 0.13323894626430854, -0.03591345377521778, -0.1762325773923722, -0.030599744651166598, -0.37916996314776075, 0.22743473023846641, 0.07718150887150839, 0.4766015459023767, -0.24576998522511728, 0.3577624173703817, 0.04339998243462481, 0.24985294802036845, 0.1622674032385473, -0.007664320496146176, 0.1985970420296148, -0.4520548854535208, -0.21024178965313223, 0.24592318011608855, -0.19036878448423888, -0.001975697589108841, -0.28779661811254287, 0.0761044507019468, 0.08620279202604493, 0.2735483733832316, 0.0247625510945083, 0.04763650358141553, 0.20693768078750327, -0.560864889075101, -0.1076028464505785, -0.6355713574612508, -0.608736343436906, 0.31976095970022805, 0.17849563396889126, -0.1574404400270341, 0.002017250232420506, -0.3093623535811952, -0.33031164440527594, -0.24074202886714724, 0.3948091551263049, -0.016767321798911834, 0.20601539905816066, 0.06862784074691002, -0.30805396998186735, -0.34852001793472803, 0.25069050791439906, 0.34562888567741556, -0.08563235308150167, 0.13853828145975633, 0.1932221086471555, 0.11794669742152893, 0.6434662317717094, -0.35967178758480023, -0.22788046122665814, -0.027895070776865413, -0.12599853582276302, -0.4969686126460656, 0.1566717915389076, 0.061167992697093186, -0.16944107854430612, 0.14360627128750356, 0.30882841823072965, -0.018727321282514947, -0.3079697391630238, -0.2704599368036049, 0.00644176302231398, -0.0724529205223451, -0.06625538392177092, -0.22912507416092798, -0.12899038396676776, -0.00019505418404682645, 0.0627893228049939, 0.10879528309218921, 0.24822443713265752, 0.44828854290964165, -0.3209152875822417, 0.22254738335956797, 0.1255262653806052, 0.22723154586505576, 0.0809202055727629, -0.16132681125129092, 0.02523994824289101, -0.3943154064752913, -0.003146769619625436, -0.15348912048433636, -0.07598136861986876, -0.4789861924039108, 0.057953169032203516, 0.21177763728261645, -0.14821156922412423]
923.1459704791735	(9, 12, 2)	[0.3061436141264282, -0.25251609303615413, 0.2400230380708498, 0.2237793082017689, -0.6903535616453736, 0.27153039612968133, 0.329066395260996, -0.008810072493164999, 0.21938542115589432, -0.1620463348705868, 0.14735195968708875, 0.06212212343170287, -0.051447976841990095, 0.09549107456509223, 0.06308132228109642, 0.20011859603088555, -0.27789101165046626, 0.2850481923739684, 0.23265480922661141, -0.1361367829204066, -0.36938994005781733, 0.16054225893585727, -0.5882265838250562, 0.18278531781140456, -0.28002220652316323, 0.22515126149511297, 0.43329036853835645, 0.14985046028026333, 0.27246971628379957, -0.20783912292283663, -0.3024614410227821, 0.5115708718639027, 0.3270488336312496, -0.0032540254197974683, 0.12926382169038675, 0.10461652338013011, 0.16240179251240985, 0.15687602739924622, 0.5248160708893727, -0.21612075396331493, 0.07112805959356025, -0.04000136472887027, 0.4908417003937127, 0.0985366622100994, 0.007234530451182913, -0.13453620764986962, 0.07713303528437086, -0.5039834802207623, 0.29211488611264347, 0.05354654457940835, 0.457311914166964, -0.2895205629996663, 0.3915523389446825, -0.03589330191054375, 0.11337036211577173, 0.1723976365584232, 0.07681123093769708, 0.15558385050378126, -0.42857778520315065, -0.21666624178446006, 0.2406503689664357, -0.11908802394875835, 0.08428274790902585, -0.34171380551619446, 0.06190254477887152, 0.13971801392315045, 0.2696263225202379, 6.96126948181806e-05, -0.056944852208422755, 0.14082076014764514, -0.5366857514118065, -0.3210684612283492, -0.58531743793459, -0.5606211994350662, 0.2563062231364708, 0.3543233421112818, -0.41492162222957274, 0.012255813469221624, -0.33486204520039736, -0.4393255818327506, -0.38459210050378356, 0.43537538175671814, 0.09156856120031213, 0.3820115517051893, 0.07010332043188294, -0.4519744339845183, -0.3547974561320825, 0.13636673865206228, 0.2289040804153395, 0.07453766425432984, -0.00689847213805847, 0.1487762452254978, 0.0026565614369620724, 0.4144945821718301, -0.31318629402318304, -0.2291519331273228, 0.07796245279853885, -0.12740273674978794, -0.34956662114849457, 0.37018084551447256, 0.05885981211453712, -0.19908796784759536, 0.1637701628393125, 0.29263906364071135, 0.0183780030881127, -0.17700916489711196, -0.19247792065850516, 0.15951819515462007, -0.05886432763563793, -0.2552755876665458, -0.3090666375432911, -0.34929857879676945, -0.009763119500326656, -0.021011152054422312, 0.05243369371771585, 0.17643549759012872, 0.5327172161681237, -0.3368782774343384, 0.32278485169707205, 0.18246049198206868, 0.306763131719017, 0.08149332090598066, -0.2612445416947123, -0.010833587089965627, -0.423551691828339, -0.044574855592940665, -0.11711840728414843, -0.1305202489015853, -0.6195291025890488, -0.0143501306126868, 0.1744397156137642, 0.12021475933667036]
715.7624100051243	(9, 12, 2)	[0.3061436141264282, -0.25251609303615413, 0.2400230380708498, 0.2237793082017689, -0.6903535616453736, 0.27153039612968133, 0.329066395260996, -0.008810072493164999, 0.21938542115589432, -0.1620463348705868, 0.14735195968708875, 0.06212212343170287, -0.051447976841990095, 0.09549107456509223, 0.06308132228109642, 0.10803756581070456, -0.27789101165046626, 0.2850481923739684, 0.23265480922661141, -0.1361367829204066, -0.36938994005781733, 0.16054225893585727, -0.5882265838250562, 0.18278531781140456, -0.28002220652316323, 0.22515126149511297, 0.43329036853835645, 0.14985046028026333, 0.27246971628379957, -0.20783912292283663, -0.3024614410227821, 0.5115708718639027, 0.3270488336312496, -0.0032540254197974683, 0.12926382169038675, 0.10461652338013011, 0.16240179251240985, 0.15687602739924622, 0.5248160708893727, -0.21612075396331493, 0.07112805959356025, -0.04000136472887027, 0.4908417003937127, 0.0985366622100994, 0.007234530451182913, -0.13453620764986962, 0.07713303528437086, -0.5039834802207623, 0.29211488611264347, 0.05354654457940835, 0.457311914166964, -0.2895205629996663, 0.3915523389446825, -0.03589330191054375, 0.11337036211577173, 0.1723976365584232, 0.07681123093769708, 0.15558385050378126, -0.42857778520315065, -0.21666624178446006, 0.2406503689664357, -0.11908802394875835, 0.08428274790902585, -0.34171380551619446, 0.021080731417617314, 0.1823945964999039, 0.2696263225202379, 6.96126948181806e-05, -0.056944852208422755, 0.14082076014764514, -0.5366857514118065, -0.42387363993314714, -0.58531743793459, -0.5606211994350662, 0.2563062231364708, 0.3543233421112818, -0.4583533576750952, 0.012255813469221624, -0.33486204520039736, -0.3337860979447225, -0.38459210050378356, 0.43537538175671814, 0.09156856120031213, 0.3820115517051893, 0.07010332043188294, -0.4519744339845183, -0.3547974561320825, 0.13636673865206228, 0.2289040804153395, 0.07453766425432984, -0.00689847213805847, 0.1487762452254978, 0.0026565614369620724, 0.4144945821718301, -0.31318629402318304, -0.2291519331273228, 0.07796245279853885, -0.12740273674978794, -0.34956662114849457, 0.37018084551447256, 0.05885981211453712, -0.19908796784759536, 0.1637701628393125, 0.29263906364071135, 0.0183780030881127, -0.17700916489711196, -0.19247792065850516, 0.15951819515462007, -0.05886432763563793, -0.2552755876665458, -0.3090666375432911, -0.34929857879676945, -0.009763119500326656, -0.021011152054422312, 0.05243369371771585, 0.17643549759012872, 0.5327172161681237, -0.3368782774343384, 0.32278485169707205, 0.18246049198206868, 0.306763131719017, 0.08149332090598066, -0.2612445416947123, -0.010833587089965627, -0.423551691828339, -0.044574855592940665, -0.11711840728414843, -0.1305202489015853, -0.6195291025890488, -0.0143501306126868, 0.1744397156137642, 0.12021475933667036]
661.2574188775998	(9, 12, 2)	[0.3600077726587898, -0.425305115551387, 0.203529318775054, 0.26565088781045504, -0.5343305660075268, 0.3283468983711264, 0.2419432192052991, -0.02040032429980551, 0.14891579282478817, -0.26409586046188765, 0.11228490542439826, 0.19025564355846564, -0.0046048491374633595, 0.013214667262251019, 0.17910385598720507, 0.10743465338798874, -0.3610505606286779, 0.18061459571050503, 0.18659121291369304, -0.06263174845522357, -0.38466822375890747, 0.05477586390776838, -0.5422466964802037, 0.32820024658636615, -0.33311781859561695, 0.31854644899112583, 0.4278978067655666, 0.23343235454248662, 0.20977793193882793, -0.09189967446213708, -0.434106506253948, 0.3602842072009623, 0.24606727720368926, -0.10604667168966264, 0.039376382121348454, 0.0028485966733003965, 0.22914701630102285, 0.1272214588902493, 0.1484622392300014, -0.2967016350259136, 0.09057665693142176, -0.2207704109675909, 0.4579207236905267, 0.17651538915154644, 0.055855770083493586, -0.16882340345847516, 0.1353409882788304, -0.3905910828327066, 0.18630821912250295, 0.08851630407502471, 0.5734986288466254, -0.22461768352351935, 0.37845489133737514, 0.05322383017880992, 0.15274750326210168, 0.1587670256391223, 0.0687668043788425, 0.27471162206816574, -0.48930868281893286, -0.2025971209060456, 0.24163798443931553, -0.18331118686958336, -0.00673128291028502, -0.27046371680264786, 0.05963371703177804, 0.1133138461395218, 0.3240992902900339, 0.011162886440688123, -0.10428118564273393, 0.2313422354526195, -0.4907984049888871, -0.17288428067654463, -0.5898168001698879, -0.7729178666023893, 0.3315019818288657, 0.25297787953411344, -0.16838655086929985, -0.041591188794450305, -0.22930485775173948, -0.35623142465643287, -0.2729331669425309, 0.3406616623178903, -0.12217009915183578, 0.25885586749507095, 0.03842244407582737, -0.41403419927338725, -0.4459883446557228, 0.26859536745834367, 0.36784757629051407, -0.056266329103990195, 0.17788800051151965, 0.19332470151680275, 0.10121009247590784, 0.586831494856415, -0.2053052593309393, -0.2586137677450603, -0.10319460452003931, -0.14834276280304642, -0.43975312436601727, 0.2713624677157237, 0.06564458085444712, -0.18197004818701404, 0.11441407457707782, 0.2120690133721479, -0.0030333862993920787, -0.3591470481084971, -0.17903301360488, -0.22691442104943146, -0.015785585363696755, -0.15830525090594638, -0.3074179391070675, -0.23608916045893752, -0.01212215859857912, -0.027305515107091626, 0.08338567238670176, 0.18230092236391393, 0.4468731778357199, -0.36552747314424955, 0.19385326706464984, 0.10101374247500423, 0.28004346954955744, 0.025627396050575298, -0.11945749734810364, 0.027857165850983977, -0.19497323926448865, -0.07696892037876477, -0.11074707971416925, -0.22447283537747303, -0.4942071709507587, -0.04657675192820209, 0.1659341375087198, -0.14310067568087098]
699.9281243247297	(9, 12, 2)	[0.25346300522180004, -0.23106983025232564, 0.20984983647864913, 0.2573956535642964, -0.5293244907058052, 0.42020422213091174, 0.33991854534098126, -0.05750075533544319, 0.14604716725042483, -0.2376929390519996, 0.08758211970589785, -0.0038325871511138247, 0.029504407507448545, 0.0016640841741407406, 0.18298619004904557, 0.09903906672112124, -0.32751455422973164, 0.16688301123445443, 0.07076760891059806, -0.09788590118000923, -0.2736323959642494, 0.08694690708918452, -0.5480291773130139, 0.342051841727819, -0.2655797285179956, 0.45223008688910776, 0.39760447145035493, 0.10459849611620761, 0.2294770653157865, -0.11632658058237344, -0.33504434288947793, 0.11968179060780992, 0.24818899004808495, 0.01230952981232718, 0.11538867882883475, -0.030138642560385204, 0.24969560321587478, 0.12159087914595756, 0.35302577570679444, -0.25077029753826685, -0.02188734536857523, -0.26423601330525975, 0.5011967685348085, 0.155207354966589, 0.12063157560836352, -0.4507227920590412, -0.04860650524404663, -0.401583547018058, 0.22119104052669897, 0.07505988672228636, 0.5656741601774595, -0.19435233163269894, 0.3069578555986666, 0.13962511716721387, 0.18825434174674494, 0.16197444049666157, 0.0462324211305428, 0.13197324729591403, -0.4312293309512806, -0.2312930674316907, 0.1859630741471682, -0.20407954920317034, 0.01287433910689591, -0.26426873297490117, 0.05457225682570905, 0.06666669156845749, 0.25756843485189423, 0.0020136247707481488, -0.09334211458061459, 0.1527887184023614, -0.47065659842063906, -0.16436589601947527, -0.5212147968852427, -0.6085910497777764, 0.3933384575917268, 0.24885319091882618, -0.32451022487364856, -0.030555455636805423, -0.334304083361734, -0.28437036431657015, -0.2677576121290952, 0.39477427355558825, -0.029146312846375623, 0.2692216844390075, 0.04825189504166498, -0.4240914344201112, -0.32442586282699637, 0.1700381472654058, 0.32194516954567776, -0.042158978749990986, 0.2662480369819027, 0.19403217201654177, 0.05303336084668607, 0.6111196434222153, -0.3223271314757226, -0.22428536012751432, 0.010675972671674033, -0.1552547078660585, -0.41043901368114033, 0.1812203357938882, 0.09385320983655537, -0.16728021232609347, 0.1207117934396752, 0.3204339852184533, -0.11638092891442484, -0.2843820229744676, -0.16166043414949977, -0.06641291499209764, -0.15982465869068596, -0.17715283419164696, -0.27592496236813435, -0.13471362069798207, -0.021991452902644967, 0.02786522276422569, 0.021194711208149673, 0.2236889117192734, 0.48876058006572654, -0.36665338828251137, 0.2624585958896794, 0.046932121887576735, 0.20363844200041767, 0.030369234473383914, -0.08306333540107885, 0.025217149745964212, -0.07885051086323715, -0.035039029136671944, -0.10440445408953955, -0.10716711035798601, -0.5832065816318475, -0.0114024777045672, 0.20800161013049212, -0.14265221924238738]
1154.919713491887	(9, 12, 2)	[0.4144351867852624, -0.23314501549996153, 0.26913867729057456, 0.24168089672710666, -0.5834479165323888, 0.3574838654319126, 0.36881841225287804, 0.028060255941610247, 0.17741973968731695, -0.26127160981707237, 0.02933135462993345, 0.07490300421376192, 0.07813828235806984, -0.1342238084674467, 0.21606689732228834, 0.06656802839074692, -0.39409173198440894, 0.3856619028959536, 0.283445371789219, -0.27837669939350074, -0.3235126715406044, 0.08712948305813084, -0.45641211801081, 0.3519702447288363, -0.339710901575211, 0.5857575012560124, 0.39233577401859865, 0.27269023396300357, 0.21728174933340288, -0.05629916794033713, -0.4329469624588276, 0.4699535386504582, 0.33999785381195746, -0.1354433728935268, 0.13530901472583404, 0.022547945097260175, 0.20049178867224715, 0.14231835443019045, 0.23264775992797337, -0.28164026704967593, 0.052234612948654585, -0.1942612924783442, 0.47389289319306493, 0.20162857436151743, 0.055803552225465985, -0.14955681779002555, 0.009649484482552007, -0.5855561175838802, 0.23384690735822705, 0.06498446299744029, 0.44434461879914217, -0.33862197511198133, 0.33506154981521646, 0.03457995963934747, 0.10802705232513962, 0.15026013245441472, 0.031667204104672414, 0.37772910939698956, -0.42359989398898584, -0.22660227070275366, 0.2774026650208047, -0.07979056890046986, 0.07489887698054892, -0.22583882908198644, 0.03564097335738046, 0.11473494830859102, 0.2110165878116671, 0.019280035257406805, 0.13371819069892812, 0.2077927854170532, -0.5851710064679932, -0.3276340289348342, -0.6517264132241957, -0.6337433309368379, 0.29679223100867913, 0.30514028113275293, -0.45314642944556616, -0.10321060919511724, -0.3841553834428799, -0.453347926319792, -0.2555695946816063, 0.4114394669550462, -0.25608854613755694, 0.3082805617333151, 0.05587563953280452, -0.3658475728233842, -0.3083033672992491, 0.35630228921476176, 0.5186529627767151, -0.07586003050094112, -0.19620408194140548, 0.19436899904724914, 0.08209390861974307, 0.4291713871609017, -0.21208190459511145, -0.2518123783762818, -0.07198172600555224, -0.24985058164322255, -0.42948710396074624, 0.21394975515778275, 0.08153224974341249, -0.20699312428599842, 0.14875060938587434, 0.2935014740026102, 0.009522772211964042, -0.4215425229620302, -0.16463965027591712, 0.011154685251001113, 0.07088499580735705, -0.15303158829734237, -0.2911428276728415, -0.2787287479513367, -0.26900008753508575, -0.05794469830581675, 0.0987818268976086, 0.32471994188827785, 0.42908248579370795, -0.30688117342805804, 0.18260308485418475, 0.07315239199199045, 0.44542014421514514, 0.04532418854059107, 0.005377615004508757, -0.25348184518127426, -0.2964111971809485, -0.09360191447174236, -0.1340963974924334, -0.40288218452148206, -0.5765827039655731, -0.0035477036654917556, 0.06429059475377508, -0.1329090130936032]
763.845197956293	(9, 12, 2)	[0.4828835702932528, -0.2595218188158009, 0.21434640054413, 0.25743597097104826, -0.560332263625812, 0.3591915294050354, 0.1448247458559852, -0.0034553612885651944, 0.11868920634499722, -0.34118458738598084, 0.1153816395232089, 0.1402098142130154, -0.022902112893663503, -0.03161657946259688, 0.10114775892058178, 0.176089951429225, -0.32093424160087525, 0.18187809132035535, 0.19812436776493852, -0.09601471456239226, -0.33824565172114257, 0.09842536937595558, -0.5145254063190412, 0.18452614967866987, -0.29925050770228784, 0.40242008702900733, 0.3759035046205717, 0.225986287967204, 0.15070908296684088, -0.08352713701444611, -0.482280818003691, 0.4563917562064724, 0.31780401119519053, -0.076127880515147, 0.08410940418653663, 0.1676286698936058, 0.2576818272451331, 0.08822984955222125, 0.34948334588467755, -0.28825109706603685, 0.07571135633225053, -0.20869703543470455, 0.49504760478653353, 0.13628591448041272, 0.11758281248777216, -0.12197404287087399, 0.15106088304667822, -0.34749825232864306, 0.20353363806964206, 0.08727442986710877, 0.5940786756218868, -0.23272073987112693, 0.32540590071821685, 0.02366403117368191, 0.171364914225844, 0.1291234357488733, 0.0715507477913913, 0.22723211675359106, -0.5123512152665809, -0.19094210110494073, 0.25318283899815397, -0.23200559572092927, 0.07166320159774958, -0.3040073387318684, 0.04590169582294556, 0.09636088884493275, 0.33930538155843415, 0.22189439439771885, -0.09607883170059489, 0.2006885825047567, -0.5366724122067656, -0.24623681234201886, -0.6871087304306944, -0.6448269459390636, 0.349781571424935, 0.35032860488276635, -0.2677777700280412, -0.0647513354270927, -0.37294625462530195, -0.4076144437947322, -0.20477751047328668, 0.32064747987165415, -0.10262515501926803, 0.2489686685373707, 0.034967592443339676, -0.44196184871576016, -0.49115163056936206, 0.17353159736313656, 0.33424569450835745, -0.08255015158040671, 0.2464036701048749, 0.2003888458195232, 0.031488963487857555, 0.5683283650989155, -0.35583999806018174, -0.22671083680795442, 0.1969598563755218, -0.13843265079040992, -0.40330269559196075, 0.35218710667676884, 0.07521665421499625, -0.1758388647696719, 0.0723455138268863, 0.2200239092983678, -0.03930740149776518, -0.2653031539400641, -0.13433316750799126, -0.09110066055544924, -0.15853988694223226, -0.32237955101970955, -0.32113864100782863, -0.22161962901114862, -0.007805151067606296, -0.11613683898525472, 0.04187232135454702, 0.15824633442968966, 0.452840978907772, -0.34520128625646845, 0.314406343957718, -0.04621413574678959, 0.267541588147596, 0.19044408641266025, 0.1147745997977206, -0.10209889264285706, -0.23989592491322959, -0.11059355999100774, -0.21657982923177316, -0.2144648980254414, -0.5167768444141957, -0.03293793139375617, 0.21794694683956417, -0.23739299347676965]
1409.916480346394	(9, 12, 2)	[0.3436954790617196, -0.380660783936119, 0.2034245485409351, 0.26818025297202075, -0.5110521470478728, 0.37596834639388244, 0.1988094182955297, 0.009012046400512806, 0.14753370012134898, -0.27650685910025025, 0.1323966726356279, -0.10470657228416815, -0.03037819357896274, 0.04292041052486031, 0.23052180119426402, 0.12652906526792454, -0.33311557402805386, 0.17199169493629415, 0.17742138922893985, -0.05085639735202203, -0.3852309594209314, -0.04369880007469512, -0.5162187744882465, 0.2840261016051181, -0.3098912088963203, 0.3889625113568282, 0.4257208767863237, 0.27295063406592823, 0.24271195515218658, -0.0992642460877002, -0.4406955695576229, 0.3587314017034886, 0.2430426510821045, -0.08519925920454552, 0.060065815111245216, 0.052873878862950655, 0.23478223044226743, 0.13080405129884518, 0.26404957041562616, -0.20252115462394876, 0.07508252049995344, -0.23641105009141192, 0.48014091939583264, 0.16631192593320587, 0.12517070993954435, -0.419686859719785, 0.11016050918582533, -0.3515746494170322, 0.18558222424181925, 0.08747739019128462, 0.5550821974676772, -0.23762832772713438, 0.30079038286716614, 0.04600419366208344, 0.16758203153613047, 0.2464477744424618, 0.0780406671743801, 0.21319551468123749, -0.5578483831471753, -0.22707798021718156, 0.24231610188571326, -0.18344966947084707, 0.03134871735618893, -0.23848086644544392, 0.06219153014983366, 0.10221707093915904, 0.30785900125909094, 0.01372431159698803, -0.10011450557405857, 0.3583690259699902, -0.4905700565216269, -0.16400345013460893, -0.5343228268330417, -0.5896062456316624, 0.3537092854478293, 0.2530606164328397, -0.18066986701078247, -0.05998724039538825, -0.24246801077471172, -0.35931802032365034, -0.2606391566469498, 0.33576836723180414, -0.07430148807044168, 0.2577592416030006, 0.024302534579732436, -0.4042377094317491, -0.5260592695056514, 0.25394882208743863, 0.3648072603126161, -0.03904860977164672, 0.17616467033108604, 0.19856521373839633, 0.10193468140747043, 0.5816414864993291, -0.27234201254349333, -0.5156707210184136, -0.04647545672926703, -0.17305837762989323, -0.4328148606636304, 0.2770924089686627, 0.022812602727977867, -0.1811531590674195, 0.08040466283549695, 0.24563416152715067, -0.002250687123635159, -0.33650484487758275, -0.17628016239185126, -0.05307371873136618, -0.060722175745314126, -0.19404075272728674, -0.24097694864599367, -0.3981941016604824, -0.06333559566113596, -0.0043932439757875565, 0.06670676991715381, 0.1797737809009651, 0.46386638809088576, -0.3157754974828128, 0.22803511590950074, 0.11831774123793366, 0.2466071611579275, 0.03269496081087379, 0.005377607581717403, 0.05531604639289075, -0.3090068965730416, -0.023161223714808245, -0.129048007731094, -0.0770479649220407, -0.5270328856913815, -0.04231040379698757, 0.20806577069374485, -0.2081821563969204]
607.1066718536571	(9, 12, 2)	[0.2563435904203719, -0.24044824067501874, 0.18906041303750898, 0.17527305102952975, -0.53082350091834, 0.37236586745423184, 0.32843893514540756, -0.0417984693151847, 0.11668204239833363, -0.3065825149255472, 0.07865829991515724, 0.08809601334360437, -0.08755983299982151, 0.06909584081112845, 0.2150591169023197, 0.1435502659703221, -0.3430924702523757, 0.06955540068597536, 0.20624614349981563, -0.11382603518430856, -0.34841488094361833, 0.06933751585586678, -0.5325771598999851, 0.2455824642893043, -0.2650527434247354, 0.32066524532645563, 0.5371271533490121, 0.20094860935898715, 0.25430673263839804, -0.08348085996805805, -0.38223904156836114, 0.26450957874879005, 0.19162765431475973, -0.011000088832677984, 0.1265396120071423, 0.03693128692559016, 0.17573063547435858, 0.19413254204970778, 0.2567194477777252, -0.24708228091134102, 0.038946099479183295, -0.2384691523180173, 0.47376703640722195, 0.1616688603052328, 0.06885730532781387, -0.3102912422541766, 0.05628310565578007, -0.41353769631823134, 0.2604992535756975, 0.07914051800154664, 0.580023970203379, -0.24227222303814125, 0.32548355005580604, 0.06428853643517478, 0.18939494775164578, 0.15944712373503556, -0.02681731767946391, 0.20768030130925186, -0.532435857826807, -0.22140203470358205, 0.19611749938355258, -0.17550032786313763, -0.011439946458211057, -0.2399402748718554, 0.056719423939611796, 0.08840630520471168, 0.25622498037153474, 0.04026824485320534, -0.06832792146266788, 0.132901233508681, -0.5093360276912562, -0.14666901750468095, -0.5862419999710845, -0.5983033041297927, 0.34724133620183484, 0.22039751370812255, -0.4315739035946319, -0.030787529353134085, -0.26497499152109283, -0.3831613377778206, -0.2537933033177864, 0.3848815206123204, -0.028220575378408726, 0.2868396645296966, 0.05234714778656974, -0.4502787878197822, -0.4065674918498537, 0.2115077285019233, 0.27024874995444575, -0.004203472961759889, 0.15939898546642883, 0.1929377041982276, 0.03329663450321043, 0.6152358290179882, -0.2641067388956231, -0.22793739657125955, 0.004050506416569533, -0.01832337700155523, -0.40972625567690274, 0.28169063386770815, 0.10475845271615612, -0.1636278891500635, 0.06550751425665492, 0.36116171005801234, -0.005952431257736982, -0.3479858478181288, -0.16408395552956834, 0.0015283495526303478, -0.18685140434020794, -0.2115219075264405, -0.2853365934138412, -0.1767419767946134, 0.00046634496657252367, -0.01751084910777133, 0.039693432972563024, 0.2641762328649383, 0.4802244530249479, -0.30593144178966064, 0.19860954211752835, 0.0609066495383985, 0.17641557725172147, 0.03255483528978804, -0.08558828169379076, 0.017448155010865954, -0.3857421479321692, -0.04802698064124467, -0.0914301807039099, -0.14811408018806038, -0.5501969077482558, -0.02990936834533066, 0.2132754575955964, -0.1748430847365898]
1252.6647384120895	(9, 12, 2)	[0.32168734334942234, -0.39740981115556084, 0.19684274627119086, 0.21169298059155847, -0.5114505748076112, 0.3494364113148266, 0.2885084011870582, -0.008480700860767926, 0.01378970502386562, -0.26135613835537774, 0.06125740943915338, 0.0817368013579665, 0.05814875573449529, -0.005166178446953121, 0.20634591069470282, 0.029301741674600226, -0.33314415694293154, 0.19115401078320293, 0.16030020662779043, -0.0454526008326796, -0.45056232300479176, 0.0930347974986614, -0.5732985247915969, 0.2762188157294872, -0.32255129098835056, 0.3482107741422182, 0.4216173141950815, 0.18937140657075252, 0.1780807518943426, -0.08910530276494895, -0.41998139957024405, 0.3809977111416753, 0.26357000913608253, -0.02866267073630674, 0.01666999206379929, 0.07175549694014453, 0.2026297308458529, 0.10350606927971454, 0.3360647283438302, -0.2993136167701145, 0.03900778703032694, -0.24489089475468834, 0.44609095236333585, 0.15678613874248667, -0.09007520571654536, -0.24951610929309914, 0.03915201800093877, -0.3417652174308532, 0.20769339342096327, 0.08688376306939086, 0.5610574727541201, -0.22300980799845974, 0.3636482359494443, 0.06020308060867476, 0.16074754064905789, 0.16087624470433967, 0.10021659558165705, 0.07510059886997231, -0.40491403407236415, -0.20582407857899268, 0.2436539335979904, -0.2610812943417861, 0.025213282435579597, -0.2594046662803547, 0.06394764034368916, 0.08522296187469491, 0.3778719073395814, 0.015262843475704422, 0.009323638710315586, 0.0076146775417284766, -0.5364495757991781, -0.20660901753147842, -0.5574409622713459, -0.6596766357638001, 0.23296917510995424, 0.3661883326197953, -0.2686090784146302, -0.04685771032231232, -0.2854095633394921, -0.21443733036369683, -0.2904535403258867, 0.36254377016212913, -0.05363648665734232, 0.26384026945768535, 0.07557783957519879, -0.36868024542409555, -0.43769336379729823, 0.27200623129631357, 0.3406872689221391, -0.07510666387531208, 0.3423279135884898, 0.1735182929105427, 0.11027591761155185, 0.5698258313959814, -0.3182268166897428, -0.23922327061022275, 0.009616501586349205, -0.16588629901338456, -0.434918733132853, 0.28964235208204275, 0.047199690389681775, -0.17443378090529318, -0.0057183884336988455, 0.3293132055413079, -0.035157198527743294, -0.3423745234605262, -0.15691032599575877, 0.0466322269789312, 0.02669490638927937, -0.11299589293082007, -0.35635677152956535, -0.20571425657320036, 0.11799316467306475, -0.045018546677337554, 0.042196817596651205, 0.15621257036195327, 0.5534767429682876, -0.3434775147860276, 0.26241086419726745, 0.057692925069465724, 0.15934346416137724, 0.06901037337902201, -0.0659999783089465, -0.023519082201270254, -0.36250483990867766, -0.009816472113124544, -0.15847565462655291, -0.12352860063332192, -0.39048881790464945, -0.10288464942365276, 0.21017090587768084, -0.19821272797634393]
1214.2410528922505	(9, 12, 2)	[0.394087295105537, -0.40682884607053693, 0.19299076546837246, 0.2115605945266743, -0.5075870024413158, 0.37808009447743923, 0.32084064500377174, -0.053739981438312316, 0.041344562501650674, -0.25054263608714744, 0.11714361502053784, 0.10762599781083182, 0.05670336068485686, -0.04927335254844656, 0.20993492264902547, 0.13452545768040264, -0.3363557703846737, 0.20078155818369992, 0.17660954290311875, -0.13723279494969337, -0.3526836895162611, 0.14090282245529093, -0.551447689968593, 0.2803067147845617, -0.3381411761385588, 0.38420207926135297, 0.40668202621788174, 0.2284260878702542, 0.2767785367682106, -0.19301363889260523, -0.41868701830583116, 0.3692105326928913, 0.2777315739197412, -0.03421903419845877, 0.07487613344867448, 0.04050326679331076, 0.15142323272087632, 0.07165364113584027, 0.2853787325659723, -0.2608909533463668, 0.05433012140735895, -0.21920764447414742, 0.4185117117241515, 0.1570895374919241, 0.05221150990329754, -0.3365750845436857, 0.004997602399703508, -0.33374634929305175, 0.10558695066523592, 0.2457050142480669, 0.4622636007024865, -0.2251473550556144, 0.33188730507146075, 0.0411078849930848, 0.17485278554402678, 0.16957555430027205, 0.09655549164455547, 0.09439146051504338, -0.45234752446726373, -0.20708825408274528, 0.3766264358999771, -0.21930648670857456, 0.019989913573059622, -0.2638896727935564, 0.064268327755118, 0.13842696122065523, 0.30136097420509445, 0.10104600814120021, -0.022817000241076284, 0.11135247725359426, -0.5192756266491028, -0.1487291783711307, -0.5176181766039145, -0.6466420516520677, 0.3145202971941357, 0.25692213357339816, -0.2056285401241048, -0.060927906071496674, -0.2600708697775765, -0.3675057522665728, -0.3086146877159245, 0.36387441720234104, -0.07976926010951306, 0.24954102789645483, 0.03341013974023658, -0.3898938043112785, -0.3847157776888961, -0.015631093412485298, 0.3406068743700598, -0.00360533147974466, 0.24398013166891863, 0.2147701519650145, 0.11867404978411691, 0.6073042150107828, -0.2879815880255492, -0.28831707168454834, 0.005996119376037605, -0.1603712596392781, -0.4274508011843854, 0.22523145355741828, 0.08298014236546257, -0.18378235894441308, 0.09406912815718363, 0.3358830657639683, -0.04488800101101611, -0.31089931406470767, -0.1707153270194678, -0.14328865131644797, -0.13234345831185435, -0.16419042920147003, -0.3154858429429274, -0.27098403425574025, -0.006205492115058379, -0.001057213422896751, 0.09371858936583309, 0.0989438100911339, 0.5942591330740031, -0.32954748971526177, 0.24543194894370707, 0.04644549187828578, 0.1749828177307025, -0.005838041367565251, 0.11087316758154175, 0.07328864884569436, -0.377379769596223, -0.04215362668458643, -0.13986021296172252, -0.14439386570553508, -0.5132805172524718, -0.07691811411660705, 0.0513869992394639, -0.18825063474343723]
632.3990062654375	(9, 12, 2)	[0.31278823187818955, -0.2896115453181688, 0.19302232874790448, 0.22797400127618322, -0.530746339168737, 0.37803311057122024, 0.26571720683927924, -0.03942773908819332, 0.13773766909284244, -0.2618468005937185, 0.09572946843624056, 0.11202291910414508, 0.10871138003721502, 0.04752435812978202, 0.2088493533647566, 0.143174690348885, -0.33448535172225635, 0.18075475377177633, 0.31915721667239194, -0.16668926358350877, -0.3982895716841223, 0.2155823344938469, -0.5400086728830648, 0.4368982895540035, -0.26357444810318686, 0.2859424656644662, 0.33693930897101415, 0.20888615018003454, 0.1633229746412027, -0.06980164814665571, -0.37475842496713585, 0.34547332497190797, 0.26307232285396764, -0.032055641304762524, 0.10300020531092396, -0.0015306604830669993, 0.19974569975342824, 0.06840970657946836, 0.36221135451377384, -0.25343381209302557, 0.00394601135684774, -0.24703476351745898, 0.4178116982660345, 0.16044708222735138, 0.02990532991382408, -0.2843975287579702, 0.05642748649357031, -0.3759244858468572, 0.22556670113767133, 0.09854608163326549, 0.6644150578373903, -0.16943126771497097, 0.3415570893131058, 0.15791940523972797, 0.1742620927815667, 0.14109042591874923, 0.15573358604341578, 0.02563911852572341, -0.4937828039303517, -0.2929240145689361, 0.19207051456238786, -0.09723931607514481, 0.009884100732781002, -0.3100674792855961, 0.08858375566561605, 0.06767405849967195, 0.3346446285822234, 0.030475696379078484, -0.08543105785735067, 0.12960140446598867, -0.5091997271701898, -0.18600358485800345, -0.5366546229320586, -0.6110596879251434, 0.38843602791850546, 0.2672376295293915, -0.2718014719065654, -0.05307186317884482, -0.3954413432685617, -0.2824537846523842, -0.22652742985343188, 0.36093939554476173, -0.05720608603628059, 0.2510572735743887, -0.04820549125315979, -0.3964073421947146, -0.3450430573011536, 0.1766811105330317, 0.3095792030850781, 0.007828226963042221, 0.2613044047667053, 0.20245343161396165, 0.09207294368753924, 0.6580157222936601, -0.3153691497816727, -0.2189344513757094, 0.016996175197357154, -0.14775808506499455, -0.4330954952467896, 0.2290760468956031, 0.0919439016499313, -0.24363081282055388, 0.10018379461751306, 0.33163111161264475, 0.06879780222251787, -0.3558723832972638, -0.224766515032959, -0.047860465314181075, -0.09836002311855341, -0.17547513291459435, -0.2726136959845626, -0.09635241199991766, -0.008044243353783434, 0.08480768881747694, 0.04395877012094233, 0.4034908561100266, 0.4637530991601131, -0.35003327717865473, 0.2265076321892843, 0.04257475260239575, 0.20717659510890013, -0.03447322544055397, -0.08405051754302786, 0.016198126403176232, -0.418278869765262, -0.06802670227985327, -0.09520258419582667, -0.0947637216379931, -0.48550097737579273, -0.06704241470123758, 0.19457702028597348, -0.1861282003637301]
1018.5962491658653	(9, 12, 2)	[0.28138485659775525, -0.31074033773683424, 0.3292191427040025, 0.21794380053184592, -0.46483689589953103, 0.42894167791714033, 0.26806832589534535, -0.03330713586211314, 0.14962358759331235, -0.3605000979081305, 0.13837196556324857, 0.014024540995036935, 0.005327225456382715, -0.036010456524349116, 0.2470158312463178, 0.11628578729412824, -0.3253963275984838, 0.17506734596864928, 0.22019477596406006, -0.08009742684914836, -0.37220414908170085, 0.08547402599686481, -0.5428548258102599, 0.2781337842324582, -0.23495494386821897, 0.422957319008877, 0.5098153825887991, 0.06047411181350543, 0.15714131097528855, -0.08854345926646287, -0.37885705606489445, 0.2703212754007729, 0.2734634306061292, 0.14730725140760118, 0.046076025072933194, -0.0006114907852093968, 0.20313332425849112, 0.13838984672982457, 0.5293823009574583, -0.25828261216207504, -0.046781090116048155, -0.22549931499388667, 0.44787879105897327, 0.1520740863438621, 0.07041127483956064, -0.21608324210284505, 0.05215175610588809, -0.34874914805057183, 0.18279015199070628, 0.09909767185912516, 0.549487495478286, -0.2258101743188074, 0.33756490913637016, 0.15823576613948778, 0.08263258782774116, 0.18667689937206056, 0.07953176441991641, 0.19830347346047028, -0.49739226431491146, -0.27112832974849604, 0.2207212464729302, -0.16342514144604345, 0.03366858892522441, -0.24573592852368792, 0.1343239078340311, 0.0008664435375114257, 0.32471660224878296, 0.018097414747788868, -0.09504015438409864, 0.18673991069743953, -0.5025119948334137, -0.15740894049707135, -0.5651508588597853, -0.6699087518881341, 0.36452527402219975, 0.25803853384685993, -0.2531617755227857, -0.027644799091974533, -0.25960510298095024, -0.2587018291768114, -0.23912074275923442, 0.33960312700284917, -0.1500626689958296, 0.22391445577290042, 0.21444401733358082, -0.3819535229431034, -0.24113035525395146, 0.21917185220620636, 0.39050324075686577, -0.02510540006188313, 0.07901033294763168, 0.22323547870996324, 0.06596257511271496, 0.593559716486885, -0.2619910641905209, -0.2865691864754837, -0.04887826735223179, -0.23580211430803394, -0.4164861057953434, 0.23383527529483572, 0.04628240405977718, -0.16372538602741285, 0.052659397838189764, 0.3080042460132195, 0.030588348814253773, -0.3971641195844166, -0.21424191891236413, -0.0419541506558089, -0.0862277291945536, -0.1627780394246829, -0.22288036209714646, -0.19496739331022633, 0.016910324489854016, -0.043120101904912694, 0.045511702455331746, 0.24178251460622768, 0.5235731564165612, -0.2788074677408403, 0.18875333855136853, 0.026750517356821234, 0.22398278489303658, 0.038374063185494536, 0.0761737550964891, 0.11514491016963682, -0.4433287937832019, 0.08460970798952619, -0.11658336569417795, -0.09819056136802695, -0.4842864791338667, -0.02960388155516865, 0.2033835533465994, -0.17721493319419662]
772.5906755730009	(9, 12, 2)	[0.30765985326927053, -0.32765379918734117, 0.1900783208138358, 0.23256882527569955, -0.5021833203381767, 0.37256985793118236, 0.2828275066592094, -0.03106203712346788, 0.12501961971311493, -0.23569772738876546, 0.11170073162344019, 0.03701327835737886, 0.027845790966179132, 0.005958338612299, 0.2131966606055287, 0.25812354941336035, -0.3244963297833176, 0.15988757959564764, 0.2087123043228144, 0.03807559859982526, -0.3078222090975672, 0.11626688406872579, -0.5537209991467704, 0.33283940290326997, -0.260399185545754, 0.3611021341152256, 0.4844003681549846, 0.4206167141149262, 0.18799106229304766, -0.1878298653234743, -0.39250617687687805, 0.3218989683564114, 0.27276581970671726, 0.17013465764302943, 0.10454853901191863, 0.00249834298728294, 0.27855741976441983, 0.12905268821516463, 0.32715882239384186, -0.4586502626886512, 0.0472868319713359, -0.23468948366866652, 0.48518132891594523, 0.17357981154771351, 0.06887030320868674, -0.26123447277896056, 0.028945775051405113, -0.3724667042820231, 0.14914195200690786, 0.08461979768843378, 0.6318300515548234, -0.2031722724214355, 0.3366183946355785, 0.10671985196965184, 0.17774883524398666, 0.14765233961600688, 0.07097100192998178, 0.11904700946600764, -0.4222434739118056, -0.22542764718077377, 0.22555755192628607, -0.13769183562085124, 0.024258040897909876, -0.30441991272147384, 0.08357582296946117, 0.07016133033403227, 0.30518950825021157, 0.005944071989243729, -0.055392098513672154, 0.00245494968900259, -0.5268098486894072, -0.29155534281405626, -0.5477206494818658, -0.650782501979364, 0.3736081443285087, 0.23692741527662917, -0.28518410084632895, -0.05608008647460395, -0.2607764511069855, -0.3950449701663131, -0.2667127335671674, 0.35909168585554346, -0.05072314400073804, 0.2564784897240042, 0.045543728542616596, -0.4290521185984609, -0.38652304026035667, 0.17540337684298496, 0.335536535578001, -0.04243011091829853, 0.2331873164183342, 0.1874156496176781, 0.07359457894951713, 0.6065707681497228, -0.24181257149492075, -0.27763653594098486, -0.09461057742702875, -0.14709486427827106, -0.4250850118223012, 0.2550998602155271, 0.05572902429627581, -0.16061220883321103, 0.07866974677285318, 0.2870243419866808, 0.013811049431599689, -0.28401135309667663, -0.1667607911310512, -0.020414731510644196, -0.13860187766940749, -0.17881663483529547, -0.26716241274783714, -0.20805298309004233, -0.021367697581390784, -0.01770505604361383, 0.07842881748828731, 0.3392212910032825, 0.498993331877185, -0.322311440585815, 0.2486595480697556, 0.09410520976278242, 0.17604469740724724, -0.002387571895550025, -0.06872879927793521, 0.021553116571458898, -0.3615458995157081, -0.022398218667053937, -0.12284659386771488, -0.12494303481172538, -0.526557708551914, -0.03486140111114124, 0.019462150624780593, -0.18303282899100976]
974.9021835244414	(9, 12, 2)	[0.33894862266853565, -0.24246133969867914, 0.18897705740024684, 0.3159537600748673, -0.5054353150052394, 0.39786106114953035, 0.4074733436333172, -0.057418807022736135, 0.1101890207311954, -0.2793145313231402, 0.16461872685418, -0.07812659759564763, 0.09345377968110202, -0.01289203035340678, 0.17849588128271518, 0.11358971481505852, -0.30970122612517526, 0.21782910750074713, 0.16288992976367617, -0.022493551436224224, -0.3596742101414658, 0.08830392872409672, -0.5303500554684384, 0.3126501879660879, -0.24084477663559414, 0.369040677881853, 0.42415238381964415, 0.21123733402292227, 0.24110627307805196, -0.1149762863349891, -0.460984498829798, 0.3471816359514266, 0.21410506908571178, -0.10416017629851719, 0.07709421525182938, 0.01053422091066897, 0.22269275454732562, 0.10623704394658037, 0.33315885867626893, -0.2526728878192523, 0.04879556424351374, -0.22740181735602905, 0.440247193064232, 0.12517377958582077, 0.08070509781167956, -0.2631677885683851, 0.03472318220062933, -0.3922548491454215, 0.23463634084747423, 0.0751122175084118, 0.5532082886827584, -0.2573066167929538, 0.3241638046074008, 0.10555273577334265, 0.18462692188682894, 0.11112098023823133, 0.1949592815952208, 0.2661583408829633, -0.4392702945410537, -0.21408158832765756, 0.21286450410197405, -0.16938218264557556, 0.020094712148964442, -0.2728636102255523, 0.07695315402246294, 0.1172677382863991, 0.38815005734358954, 0.01923243053396977, -0.15922606022907387, 0.15200750023981674, -0.531803864170592, -0.22580935560310644, -0.5387247683201906, -0.6871279464435651, 0.3356013986883674, 0.2428432683611699, -0.3096423754968526, -0.03197504230845205, -0.24541929081672356, -0.36449954666253204, -0.2656176157539843, 0.4385185276287109, -0.05808548989683106, 0.25936475687551286, 0.10566603109718992, -0.4045735955584013, -0.3947257671512763, 0.23988429761370877, 0.3330735609704704, -0.18544959275530162, 0.20747551215251248, 0.22369432558884722, -0.0406771255376452, 0.6324654273470155, -0.2801579647083641, -0.24688726449178638, 0.001279268012274841, -0.16870846352137558, -0.4095886095101113, 0.22033478997189748, 0.06221684914095531, -0.1901963011484866, 0.06486694052792258, 0.3170674859610009, -0.0019485367556175614, -0.33800138015909553, -0.1560004166723551, -0.033727538063281985, -0.10917390756918927, -0.20734275149244932, -0.2538828639653632, -0.29214951397520716, -0.017171711320562916, -0.016932598159316206, 0.0542331768383946, 0.3049314775347083, 0.5158373759548235, -0.31903434879071646, 0.20550560577070548, 0.10614118598050562, 0.1554543265318404, 0.029314772374036888, -0.08535684152009981, 0.06514177145866315, -0.39437050852735234, -0.012981788426889903, -0.06973623238361196, -0.12918522369480862, -0.5081524327087975, 0.08325601077364571, 0.2957502858746918, -0.17250288564011118]
1634.5190991815136	(9, 12, 2)	[0.3702561090621786, -0.40149635435138986, 0.17679640867078542, 0.21273459599793562, -0.45286356742605616, 0.5219829456051881, 0.44343590963554114, -0.0032246900223302606, 0.11687151138542652, -0.3038032644023034, -0.09944775645213662, 0.1529448456783659, 0.053046283441057634, -0.010801266569180406, 0.1631453883666847, 0.16135455651579278, -0.01519662720946438, 0.1924677501530362, 0.2664594714993298, -0.034686526235830656, -0.3285221296209067, 0.07702916054241948, -0.5644455997002363, 0.2875582934097961, -0.369221016074729, 0.3107001702976253, 0.41463152915873536, 0.16909990287750318, 0.12409062636734766, -0.09385042761351334, -0.35411238124827876, 0.37477893986313127, 0.25130168032533484, 0.19260589500488084, 0.10733467610617045, 0.027188924801292647, 0.20699834795346808, 0.08371715815703669, 0.31697270406367445, -0.3433318758087482, 0.06235262156191816, -0.22925728167059922, 0.44672947259009516, 0.16040537135055466, -0.1006268531119795, -0.27246357589372705, 0.09976457391798792, -0.3612405490560491, 0.10086702395560085, 0.030986066647457233, 0.5761316152852953, -0.21475627409602113, 0.5563618339783805, 0.09290231811893554, 0.2230964965540534, 0.15128220795947006, 0.17734199489423447, 0.01985534088362643, -0.41389025435783433, -0.21566708300022364, 0.21317297350318898, -0.2711994957086238, 0.027094656360910404, -0.27078725008679194, 0.051238072287704516, 0.05812117290141435, 0.4412060375763949, 0.03999326589124541, -0.16720033147914376, -0.0035916425475479422, -0.5473994186317395, -0.23624234768688407, -0.5849365213382045, -0.6971368531464308, 0.317899051823938, 0.20374423270655978, -0.3260334459649371, -0.1854876578076772, -0.30636568909704315, -0.028891716393062927, -0.2151931307174332, 0.37330276920673355, 0.049839313230812934, 0.25074340288573405, 0.0942124385015447, -0.3201796796105943, -0.3508185233476415, 0.18750140734696688, 0.22189960323724733, -0.013877993981642318, 0.3466595404532815, 0.07803616047529505, -0.0005329523435499139, 0.6512433311237517, -0.31346037373628516, -0.20701678737820384, -0.014577204318202558, -0.15605053927202497, -0.44971730396252996, 0.21651415319496553, 0.08941658273516617, -0.16526258786014902, 0.09848143913805699, 0.34941497528846144, -0.043393880363803844, -0.3514857210373476, -0.22589039252309656, -0.029774853902999086, -0.08443451194813395, -0.18172518201155877, -0.29918276951418, -0.08445722000798149, 0.024236239437552584, -0.12771055531928482, 0.04654826004035687, 0.3353732392014789, 0.2289177136436791, -0.33390882756385537, 0.22911324773482247, 0.048025954004726014, 0.20701041442384327, -0.09619803732812625, -0.15761176747670813, 0.004110776505468337, -0.38439222945358675, 0.005274824165359536, -0.12775699890176578, -0.09848794260129584, -0.3167177262513867, -0.13975943701430196, 0.2095990085140679, -0.18335342681880623]
1459.5076888047893	(9, 12, 2)	[0.4304168675611198, -0.3279964143144259, 0.17247592040083187, 0.24718854518882957, -0.4985313461892439, 0.5864649693039139, 0.3154339686417244, -0.03168219807507386, 0.15632211582662456, -0.2446092424891777, 0.14383302342704748, 0.047875417242743294, 0.02876994517882018, 0.003453643131447759, 0.3363492620324403, 0.17318515292776032, -0.3343626376644771, 0.13098985338406632, 0.13456381492667793, 0.07674966697099267, -0.38394202359051816, 0.1089817506210762, -0.5501285377857237, 0.2812126863558395, -0.25962390188306317, 0.3045739887640667, 0.3930078242300045, 0.28673369785737746, 0.1787871256994059, -0.1351717134511982, -0.4052861982220841, 0.39644394294533514, 0.2841217281033168, -0.006322477367932923, 0.08650717937722557, 0.014862956715060188, 0.2606054652324723, 0.08742906525766408, 0.3370583156131838, -0.30798546264946947, 0.04930246735057275, -0.19846044398061238, 0.46163576973462095, 0.11200440643163503, 0.07838303740903478, -0.3257603642657661, 0.033583280716538225, -0.3975722361786295, 0.1959807896407407, 0.10571349864185267, 0.5922288356324725, -0.2581556431964499, 0.311677154568304, 0.057351488827778296, 0.1318430275166436, 0.10349319402910973, 0.13932584548489607, 0.18254865005265833, -0.4072045969168076, -0.202156220502107, 0.29952963607083694, -0.33288156827203363, -0.12653821311746774, -0.2713156469412973, 0.07407224877892593, 0.0934876020174092, 0.2913002437832857, 0.04801638504515745, -0.05983205414199198, 0.11647927608747095, -0.5132203992252042, -0.2613759527050019, -0.5720828192967378, -0.6340873765013628, 0.34251932622706294, 0.2066090160670365, -0.24925969047043006, -0.09153829927326805, -0.2651716854515315, -0.383238549270061, -0.2746184421186956, 0.3668738485225082, -0.07781287908582249, 0.2823915342081191, -0.0028170853081735947, -0.41578513632569514, -0.49625651540136073, 0.2583226529881565, 0.32720881001003477, -0.09400751872817832, 0.22626126419759532, 0.1986794822676776, 0.048117383601306435, 0.6117235234392306, -0.25621020499384356, -0.2373799360813182, -0.07616187779918912, -0.15921265769257206, -0.4095152644382617, 0.34597150660081144, -0.1153172198378904, -0.18525163519778853, 0.06393754124087259, 0.26738917456057454, -0.015182919571356765, -0.30182633516119295, -0.2467848864984568, -0.07132633958959764, -0.15128424034645815, -0.184349722761101, -0.32604564931769175, -0.1801104238075508, -0.023115272441815778, -0.004797146795870286, 0.08272629392739002, 0.19099141071455636, 0.4982011069036873, -0.304100809302172, 0.2391867532637361, 0.05597285516544217, 0.1495711355118766, 0.032243184103912303, -0.04012721713681579, 0.08902559189322136, -0.3232386772916862, 0.10195867974449212, -0.0882027801013744, -0.13275746947985112, -0.5119298564649003, -0.028435262808423848, 0.15951305677779629, -0.1538195000421685]
582.439665041485	(9, 12, 2)	[0.33164558877803885, -0.3327302951688486, 0.25124069624628714, 0.2720410879256859, -0.5867349593600496, 0.3629065463544616, 0.238826330894946, -0.08737389508332916, 0.14174175360345753, -0.24947318100246052, 0.01347790389394142, 0.035429275340542195, 0.020828837297048652, 0.020550435095972035, 0.21001481149468096, 0.18065003810246066, -0.3286970143432031, 0.1465863942543063, 0.24351930936658128, -0.05821459466373406, -0.37856316968200765, 0.14357683335545887, -0.5662128509184279, 0.3279123496716356, -0.22494615827865289, 0.45448468357222005, 0.3368828572817931, 0.40578587481440326, 0.15957281279702842, -0.14866006748635519, -0.37745476145941076, 0.3313728768323879, 0.2578965932073902, -0.09364255563619964, 0.08912450941961857, 0.012676520183259543, 0.2107553123719278, 0.10568566350136603, 0.3706331308433517, -0.283200992479575, 0.013678400915535877, -0.23104930050237124, 0.234107566428864, 0.14521991871081982, 0.18685927251004222, -0.307775959472525, 0.04195675557064519, -0.3842207371022952, 0.35586430134817215, 0.08656788349504298, 0.5441838327733153, -0.1815085493275244, 0.3249046108673441, 0.11817003499481765, 0.15698458942137475, 0.26284502526300413, 0.07830802160919674, 0.12212598991795448, -0.4164933311303169, -0.2385649641058013, 0.20665898934779195, -0.16350819413402928, 0.007984033424546887, -0.2918916432804923, 0.07603905617067473, 0.01723468327540445, 0.4369676799230231, -0.0290185192495086, -0.05232993963338915, 0.08001630885285062, -0.5304942568695703, -0.19691576558787796, -0.5223622537056408, -0.6462926549724938, 0.33140661496659574, 0.233207271717438, -0.2884300912350239, -0.03240415641728411, -0.21795410349583944, -0.3396229170676648, -0.24140792737024602, 0.38354985175046763, -0.05943873810492946, 0.2562998009604191, 0.20383523560139113, -0.4544356174277532, -0.39496557578269026, 0.18554159120034047, 0.3084406155013494, -0.01725027292541131, 0.2733155920977396, 0.23651093710766374, 0.09143871452105491, 0.5635532530107404, -0.2251625066423274, -0.2558925879205603, -0.028722034589150125, -0.15509637830857842, -0.4379365996346473, 0.40246224408468095, 0.06933436018105085, -0.09368697234593129, 0.08049822984008181, 0.3296610363501169, 0.012433485415101614, -0.35037381885848806, -0.17080931385245945, -0.012072251382102597, -0.3258820160361761, -0.1713256742484132, -0.29685096020759827, -0.24473841931665374, -0.01697659702702584, -0.003210719541148368, 0.06092915001896139, 0.2698782885635808, 0.5015100023180885, -0.3033417713410946, 0.2715557243201347, 0.03536815828283217, 0.22224560166665602, 0.052407749653691556, -0.12382957558358042, -0.08021881510579065, -0.3321364188294345, -0.03563774995941656, -0.08821222483509096, -0.10162027752141978, -0.4858636902479294, -0.0368365281009022, 0.07888912716531406, -0.11148764888566665]
1018.9288602765926	(9, 12, 2)	[0.32278210244624334, -0.29621375680306555, 0.19485469492340338, 0.247616979389883, -0.4981371239397471, 0.28396785289378457, 0.28670298599777566, -0.0323273959521233, 0.11175982464885163, -0.2538266798001016, 0.062015116452983354, 0.013272474654798548, 0.005926443860548232, 0.018111790461930843, 0.28959540432149167, 0.13228176755732188, -0.3283713171896425, 0.18455571845666907, 0.2089550426698988, -0.11692012965833541, -0.388564925303466, 0.08663259371395257, -0.5282130452085583, 0.38191455972606503, -0.3050275045646048, 0.3127543149129874, 0.3935928843464572, 0.31598283832375273, 0.244982056366452, -0.142551347523655, -0.40721191847922494, 0.325323036761969, 0.2413180465261321, -0.01881443502764593, 0.08539868491529819, 0.005387645312302777, 0.18914192023761386, 0.10863100585893497, 0.38947194926232037, -0.3643939650610525, 0.04747606332171436, -0.22744912096250008, 0.4456741409159819, 0.14386734120239206, 0.15156470502906857, -0.253746410354825, 0.038956122807250596, -0.3797750841438921, 0.15235117099185025, 0.07359635930508406, 0.6296849008409817, -0.21207663618957212, 0.33467908919810885, 0.14366490538361643, 0.17521370917656762, 0.1513816896044329, 0.11843049993569346, 0.10386965568822515, -0.4308780211334385, -0.22201565849722038, 0.24461364389748566, -0.16383274892503452, 0.008437233530745582, -0.29744960974228757, 0.07488694787917123, 0.12820386997637268, 0.33858714306144727, 0.058370016607981946, -0.06664324503333373, 0.03586103337382048, -0.5258757574586924, -0.20261927936849505, -0.45530680016825303, -0.6370714870542484, 0.30481512534287813, 0.21191962035309175, -0.28230303983707944, -0.06089447107211616, -0.32755704511156, -0.3689324266033449, -0.272115737252984, 0.3753637013298371, -0.05291635320342514, 0.25932538645902037, 0.1323552938043023, -0.43938948702003133, -0.39874306197930887, 0.15589519585525927, 0.3380624136814371, -0.004733291385309363, 0.32779501659021226, 0.19190615282534018, 0.04347793920978215, 0.5138082181604867, -0.2595231341983204, -0.41738385857268345, 0.023884934980631413, -0.16120313324428806, -0.4278150079959718, 0.38803378564973107, 0.0742704980684342, -0.18040589117588485, 0.08314874644835096, 0.264470448218334, 0.011436662636527891, -0.3088279297328188, -0.16840707934350982, -0.0057308896277561425, -0.25536506461749425, -0.18002250106394932, -0.1918561320269761, -0.11337087595658975, -0.006849010145802201, -0.01199579634359961, 0.05352314520667936, 0.19584285131655843, 0.499485688681686, -0.3220164196513703, 0.26357490103223236, 0.03848431909138486, 0.20129073075552378, 0.05117655867144828, -0.059223367128296296, -0.01548458415029961, -0.2926134002249376, -0.03042271488304196, -0.11312519548624154, -0.09927757474184573, -0.45868432705275874, -0.05852646329920577, 0.08315205812690254, -0.18023846485627307]
1040.222526116833	(9, 12, 2)	[0.39634294606527803, -0.3363355873681816, 0.19439216875980778, 0.1928588916067908, -0.4829212378642457, 0.379935857684903, 0.30272349855075625, -0.031091719684043326, 0.06432255377423696, -0.25539567025045157, 0.09210478035404472, 0.06448789153963413, -0.0356048139795027, -0.005184486512269459, 0.17662313481484096, 0.12551948175555633, -0.2583792992149228, 0.26148908070907095, 0.25761884107223587, -0.04269127813390776, -0.2991537371175015, 0.06996611033984643, -0.4833897032271428, 0.23160547169182316, -0.31605105094539154, 0.3396333201566508, 0.4167325116989911, 0.17720917624636154, 0.2110120298381761, -0.24720378102283017, -0.21338955537452362, 0.33235332792739264, 0.20952483185490323, 0.043193165895570255, 0.1031032002182875, 0.021439658425747573, 0.13685205877854706, 0.0687222751288131, 0.30990121972158824, -0.276403845295979, 0.04444627175982009, -0.12838322385055428, 0.42396428500113675, 0.11782579467257001, -0.026336199326134648, -0.32183731097378726, 0.03912840667245921, -0.38436717767254297, 0.15244984339750103, 0.0653724612436695, 0.5687553732433033, -0.1590189860070943, 0.35219698841149394, 0.058809266757489834, 0.2399479311321106, 0.1376588909347371, 0.06129463813067055, 0.16513921706168955, -0.4806878264267872, -0.22069084872251266, 0.14326995758371913, -0.23731622704428737, 0.018529619728125248, -0.2544289205623799, 0.09620210749464676, 0.0957762885586902, 0.40005969163888583, 0.02858056387133088, -0.08968986977573792, 0.1448073902452264, -0.5279152834370151, -0.22386024672671417, -0.6087699548702827, -0.6078232104886293, 0.3408435913462556, 0.22567650575798703, -0.3090707561826794, -0.07504464481953074, -0.28392462017518255, -0.3509655968053029, -0.25390763342316985, 0.3784035830211821, 0.02625800846489606, 0.2139737152811445, 0.0007853856964589734, -0.3487988642378954, -0.3740874121208635, 0.21629591022560257, 0.289799225222807, -0.021906771502732847, 0.2954255892246715, 0.17361900282272466, 0.018144360541144357, 0.6399696005961969, -0.29664195744827265, -0.2022534382131681, -0.02067051429921531, -0.16938881770752393, -0.42271931032544346, 0.22455639290649826, 0.0836765070937181, -0.1693795207785025, 0.11697565121772313, 0.282541321750608, -0.04866241279905755, -0.36840950208347806, -0.17222231299824642, 0.044539006928745434, -0.12258051265238576, -0.20362639235789964, -0.2966953115969123, -0.1330650149925994, 0.021192003332216543, 0.012380969595659923, 0.08032660661429944, 0.336506956188549, 0.49661040285972, -0.3469627585091332, 0.2102948572647642, 0.05712696437660569, 0.19022662582101646, 0.018292036473834896, -0.11694831367242413, -0.0830331420038873, -0.36871744325750394, 0.0073621890281019104, -0.1098903156236248, -0.10994252067402048, -0.5086154807271225, -0.07021769558086832, 0.1724298196585391, -0.19184364523926686]
989.3615739010671	(9, 12, 2)	[0.33545298570697213, -0.4128900652855042, 0.22747523691560176, 0.250652281471839, -0.4653396777276977, 0.308175308791385, 0.3230788615211373, -0.05727091651658085, 0.12211339065264404, -0.25037701858632394, 0.06054416416921329, 0.013302000094088733, 0.04473719662262525, 0.017457966119054653, 0.18913510775894327, 0.13263939941422756, -0.39832997945785875, 0.2037214371299778, 0.19453265521324867, -0.0781150130510957, -0.3751039940319107, 0.0781095539299951, -0.5665748087734027, 0.3132990063749304, -0.23930447942648567, 0.4979583779137684, 0.23150165920088345, 0.5024071178594062, 0.08205694851180602, -0.14316945217506072, -0.4015449905493403, 0.3167185070101214, 0.257147307493602, -0.04724561734831586, 0.09658827333454026, 0.009488733745300465, 0.20392428779884308, 0.10753387026347938, 0.3584493075495031, -0.2951628076511872, 0.021326506780238078, -0.22049333842500612, 0.3086338493409262, 0.3117965348501943, 0.10708279385647909, -0.295145057658264, 0.02123341284873738, -0.37833925232848503, 0.2644075819000708, 0.085513903052479, 0.5451914704242178, -0.23484098211993407, 0.32078909321920324, 0.12439764405752621, 0.15923086239734854, 0.24540984936813093, 0.07893203054463421, 0.16425822649999955, -0.4581250454449635, -0.023088437562665383, 0.23559304992079924, -0.18388502991058409, 0.011192046947835984, -0.28049911635820723, 0.10711875086577663, 0.023519849393321038, 0.3916973765519075, 0.01969552761274896, -0.058443094973424405, 0.0914598970587987, -0.5491280180794461, -0.20185109391038414, -0.5481125602839122, -0.6355168014714689, 0.30385494549214476, 0.21091444250668395, -0.2901134623628109, -0.053004527554669695, -0.26002087737036006, -0.42401460346565034, -0.18953892772992798, 0.5143857840581607, -0.19560691335399688, 0.2568767203023892, 0.1060583765929477, -0.3888259713425176, -0.393665431605199, 0.16670459238579918, 0.3285149135715947, -0.02136914519746414, 0.2706467810784662, 0.1789452326163733, 0.07493020728604133, 0.5557026572863559, -0.2578979741706525, -0.29475244784792665, -0.03686057885636581, -0.1657638245165202, -0.4374272051752549, 0.31709936818057444, 0.18975096383511725, -0.15841618569654028, 0.08146872771055086, 0.26216607391858743, -0.003309589305068166, -0.3332580297988166, -0.14367486206636723, -0.019296657038628887, -0.19693447307715606, -0.21208805608396988, -0.21228492723815806, -0.15437360452566914, -0.009854771078951333, 0.10681374809429181, 0.06156793777277905, 0.2427296987988002, 0.5081984402708181, -0.30690598852770967, 0.2710094351327798, 0.046245148690106236, 0.22110011478807087, 0.06148386556215304, -0.06514419100237616, -0.06301743160748678, -0.3591585257682594, -0.03000418493538609, -0.09189278432476213, -0.10129971110237307, -0.4875427078244032, -0.03353179029564623, 0.22907136290081803, -0.1437464460379772]
1443.569529823285	(9, 12, 2)	[0.3899133986343909, -0.3300601288484405, 0.2039652403234284, 0.19225708122192087, -0.4988900302598642, 0.37171721281653314, 0.4153905549696151, -0.031166893981938195, 0.038574938368047096, -0.24766720380869073, 0.12957303324086988, 0.07624100661848372, -0.03571253426828056, -0.0013203381105850328, 0.1895892931730001, 0.11716960807153001, -0.31688234753588435, 0.11329833035345706, 0.1851229513287981, -0.04269388743445521, -0.28677268503380404, 0.06932351910923999, -0.5319147179535338, 0.15957151072373232, -0.2907878579314718, 0.3465598316624117, 0.4541700801524932, 0.22421335265826856, 0.21178438008982117, -0.2030613294464711, -0.16623763589526347, 0.20194243329007475, 0.23824032240522008, 0.032125666301796384, 0.12083238356019671, 0.019904387814574175, 0.2630905405380537, 0.04456352815273676, 0.3137261869031451, -0.26613591123042407, 0.044424553915274, -0.1591495941576294, 0.4233267233404162, 0.07974641591284273, 0.05100600836932745, -0.3384071863284658, 0.03734673316039841, -0.3890420511351082, 0.15167392131596022, 0.13119061507069094, 0.5667405598521866, -0.153542780113275, 0.340290852715145, 0.03397498221047665, 0.23386171992549826, 0.17253002516604127, 0.2655475974604786, 0.18435666710018983, -0.4852294881456655, -0.2554693282503896, 0.15101561694715687, -0.20926899861453663, 0.018359570030025592, -0.2547671791624964, -0.07333950857434089, 0.03682578624506061, 0.37779619656596464, 0.02350490250993148, -0.08570186752658299, 0.16293219219384678, -0.4969124890009805, -0.20740283926682623, -0.5048610416036412, -0.6210640299231732, 0.346906994043217, 0.22452311715590795, -0.32270793318922625, -0.0030982012248750024, -0.27806564084797847, -0.41886295608389446, -0.25852255654878215, 0.38349403516116537, -0.04017628397342856, 0.24584429234796518, 0.023275193425304628, -0.38136822104454887, -0.348746639294791, 0.4840147442395709, 0.3141496797052985, 0.008739460413293453, 0.30511438533439733, 0.17767444982105546, 0.033204527426569964, 0.6601524733788485, -0.29452318777415165, -0.23181215237383612, -0.026258556268582558, -0.16953659586460157, -0.42276094475192993, 0.3517315494503087, 0.10972841564520842, -0.1706945157266563, 0.13140468959376891, 0.281041326750379, -0.022172741758318133, -0.37944422564522917, -0.17222098850261694, 0.03267048994605566, -0.13059317782556265, -0.19797579733119694, -0.2888632880515, -0.3785229541839852, 0.00839184446427953, -0.0049647401907734, 0.07821814669705918, 0.3371015031248876, 0.4818847566074721, -0.31766130551673455, 0.22487019042961504, 0.05690920643988013, 0.18965159702774176, 0.039221836109787286, -0.07843422857387765, -0.08596116201728651, -0.3686583091017027, 0.01201381528798363, -0.10841374462249039, -0.049060524973876814, -0.5471945065281031, -0.05963864083503649, 0.19529501368489754, -0.2367212670867792]
1089.7527804076697	(9, 12, 2)	[0.27196667153402193, -0.4091473999045601, 0.19881754812517466, 0.23755745657269056, -0.44818396284764367, 0.3443460793798784, 0.32617569601630264, -0.04950636404114926, 0.10978564970091603, -0.27969097783452745, -0.09714924026692355, 0.06353186364683397, 0.05078556350747873, 0.028253993629269246, 0.19209341765879234, 0.1335155936262514, -0.3542976663250331, 0.15931783760285795, 0.2282786170549791, -0.06627450548630605, -0.36562527204918027, 0.08329148578862575, -0.5617555568876502, 0.28648193223342727, -0.2550291814890274, 0.48787661170318386, 0.36287725975516766, 0.4613808685859231, 0.17192249854541095, -0.1140995126817959, -0.3894883750556817, 0.3420359512489136, 0.23758817380880556, -0.04349424087377848, 0.11067243685546989, -0.0035362417028071535, 0.2052573677489466, 0.10829029258182037, 0.379785397628524, -0.2936321879728765, 0.021259173772468692, -0.214942869572614, 0.31853222677938725, 0.10000874634547652, 0.10493680052581297, -0.2860223845686471, -0.025040461308666377, -0.3812525015746273, 0.234741959399942, 0.05560261416029939, 0.5275235284468216, -0.20732423979397707, 0.319723036199734, 0.11049549924589325, 0.1589689595385143, 0.17050354522105393, 0.07201752004166258, 0.14740778384688058, -0.4469273340824821, -0.06457705916787364, 0.21511780941567232, -0.1694992104103661, -0.05220645816050203, -0.2824395215860832, 0.11067378132683417, 0.03095818498066255, 0.33967590835222045, 0.06900415971676714, -0.06723182975331159, 0.06610953952336165, -0.5472934693339242, -0.19691980521872077, -0.5464094069229815, -0.6275277231841062, 0.33632600123237, 0.23125454003060095, -0.18995733799776993, -0.05574778272713596, -0.2600152638855878, -0.41187201665713663, -0.33864154525346923, 0.49636230107075746, -0.12713173534542066, 0.2545257891070891, -0.055807093095758195, -0.4017007458373532, -0.4145068976061753, 0.1754199336870223, 0.3289232815823366, -0.02719818748099848, 0.2575837203981443, 0.18543964301031846, 0.0589726431779119, 0.7374338857071351, -0.25467611423556497, -0.27913252925107535, -0.034241771217413335, -0.15885654060129537, -0.4333396309360525, 0.3818725826543187, 0.1853660526574721, -0.16820581123944853, 0.11247182193660836, 0.26735439591429366, -0.023104579787915785, -0.3145906398061368, -0.1691518093679367, -0.020441954360752926, -0.15199265558259611, -0.20936054282843214, -0.24912045508549857, -0.16052712492533164, 0.01878765337294132, 0.10635818838144252, 0.06222148437651556, 0.33166144862544866, 0.5103676636479406, -0.30903186201096183, 0.26557009829977074, 0.05445328721431608, 0.20137015238112846, 0.08496992681039812, -0.09204991022206271, -0.05044546620860657, -0.38686374993767836, -0.01999691142406001, -0.0339621745772714, -0.10054887101149103, -0.4894944782706798, -0.03329715660385156, 0.23523085343127234, -0.22377370367219201]
937.2745727893298	(9, 12, 2)	[0.3501242925438134, -0.26965587379112704, 0.20819375106637386, 0.2151760498601215, -0.4912317454719381, 0.34243438436650825, 0.4070888720986884, -0.05628671734106614, 0.06665634293933762, -0.1767108892921868, 0.16436420603506513, 0.13954899875823737, 0.03529316105514587, 0.003303185663657589, 0.23909635853975658, 0.13532089139618275, -0.3072814577091778, 0.15629496007638718, 0.20825099231686783, 0.028530037428931204, -0.27073931465801004, 0.06977639373278642, -0.5856567905486467, 0.2827687157799503, -0.2982315869674065, 0.3260641902732032, 0.4081613050313118, 0.19872908742000678, 0.23240789749302837, -0.12814827702593518, -0.40473706181890085, 0.33534483535508003, 0.23842269449414588, -0.02395669777869451, 0.17916444590824898, 0.00874707145145386, 0.12741954263490946, 0.07510718442165679, 0.3446697687204019, -0.2739036217271911, 0.05934161396800413, -0.2545969457598175, 0.3699064483881367, 0.15064460112579636, 0.36464458498586677, -0.26642795376597633, -0.04339037873978602, -0.4972155541501186, 0.1570619922975295, 0.08510929141475222, 0.5390946062199896, -0.20373370826786572, 0.32811791675586544, 0.08078809956577292, 0.21607511553711375, 0.12496678018725398, 0.12399522523176768, 0.13382956412420557, -0.4397448937863909, -0.2730653155946412, 0.1968633582510949, -0.08885799093392016, 0.008987735447277547, -0.27564589525896993, 0.10787289169034144, 0.17151565746905856, 0.3637302012640217, 0.01388048729774059, -0.10333603461924486, 0.15300787151503273, -0.6236369185710786, -0.21766531163217281, -0.4576762148096355, -0.5934487463799903, 0.4358364093937469, 0.22474986016228904, -0.3060801189434973, -0.03289061487482657, -0.27229653324286324, -0.37156152633622486, -0.24235989866835744, 0.32654592159515916, -0.029334463356744552, 0.2874049094801253, 0.13394473718541186, -0.40081293295409287, -0.37174977292474376, 0.1778266318260085, 0.42094031057608944, -0.08779438649136784, 0.24926628975301843, 0.3613938890219006, 0.07993401182799087, 0.5605961863334535, -0.2833592701471933, -0.22534216105446153, 0.07312020920846318, -0.16470800389532034, -0.42771833153535477, 0.2386948057110745, 0.06684912778454416, -0.19424310061038916, 0.1091463485407136, 0.2358750600336312, 0.07071334508806773, -0.3469783029699812, -0.18069263117559156, -0.016907726200221913, -0.2377521997097654, -0.0664727272386593, -0.23411323550660607, -0.20691879725001144, 0.09103872369297103, -0.010802238062126735, 0.08745937103788476, 0.35958926936921703, 0.5152732178690723, -0.31537043968647493, 0.2398779915283291, 0.06101283730897877, 0.22681534979593615, 0.030285791012468533, -0.0815995775039254, -0.012792142309128396, -0.381522217021969, -0.015259832845612546, -0.08632328687043024, -0.0903373783584797, -0.5210494582620648, -0.04549887650201029, 0.2680878001599757, -0.14613167906889699]
1472.683321089431	(9, 12, 2)	[0.35339048922296945, -0.32363311535339595, 0.2566705659223531, 0.2072803574591976, -0.540268215953038, 0.3585802278886997, 0.285973008007677, -0.031028662227070243, 0.17581344915822023, -0.2471472172803534, 0.026537478264751724, 0.09038475906010603, 0.026548665150218222, 0.006444424401117066, 0.2016915446186021, 0.12368797497428946, -0.3122624885000621, 0.21189301779917807, 0.3115626304169395, 0.038276914791571554, -0.3781558190368697, 0.07341727704558523, -0.5750200128616926, 0.3017655461950861, -0.28029942683423686, 0.3484431503224272, 0.5083700591725142, 0.25297053567447647, 0.19349842855033464, -0.1808603994555035, -0.37902437698774005, 0.24247396330430596, 0.17981823818707524, 0.054464524158793194, 0.09260239902786305, -0.007058982117945355, 0.1857063713246, 0.07193867125137585, 0.3213348099501666, -0.24726078782512093, 0.04473501434792185, -0.21362202303728156, 0.4609835173599557, 0.11482319797496361, 0.018009060136507257, -0.19833488781562908, -0.027966025581314752, -0.36085151453389264, 0.17788252004703192, 0.2780670132622902, 0.6048549175511826, -0.16696520162054926, 0.3369798103195875, 0.1330361998101927, 0.15276609861122883, 0.1647776656109139, 0.09629160677153252, 0.1462166204863311, -0.4981705351687293, -0.21315576384956192, 0.20830207485363195, -0.19139942269493024, 0.005480279059787419, -0.28537962995910066, 0.08919372291066585, 0.17559899686537572, 0.2954029134176557, 0.00023717359580213704, -0.053762355390075525, 0.11615380844809622, -0.53159095593468, -0.21675428878743117, -0.5687129238011155, -0.5879688506945056, 0.29358510118259235, 0.16843620146201557, -0.3068286164830834, -0.05084283865231981, -0.20301476529483573, -0.36687376462164845, -0.2776851471644364, 0.36321087494537907, -0.05343691091307463, 0.2817607816336936, 0.043311927722997794, -0.44120530466901065, -0.35622015290039966, 0.22761028795790006, 0.23347358017871667, -0.03444556417861582, 0.21548375072941886, 0.1731769676617429, 0.05187439011266802, 0.5976438244001155, -0.26956930986244243, -0.2343364645306314, -0.024774371437677585, -0.1666664127111969, -0.42270496731991436, 0.10147577734245543, 0.04445314158835606, -0.17448175736451468, 0.07117641209990415, 0.26362143575481456, 0.038012692426971625, -0.3351471183372303, -0.18562453216869781, 0.012417065558210112, -0.19902470838334346, -0.17424764253440195, -0.28800234610724434, -0.19753759436636997, 0.060701240936604776, -0.0012622004717872432, 0.0581110580977353, 0.3111276572422675, 0.5052682723483634, -0.32354066479102905, 0.2349740682400835, 0.009823109036426612, 0.23379919013104933, 0.06178638227169199, -0.016465111969548085, 0.040306476955118915, -0.37499655505413604, -0.017824002409925682, -0.09151001310649952, 0.011989285399159583, -0.38365352903156813, -0.0384241974169076, 0.22137317716678562, -0.19084710759951018]
845.952408676156	(9, 12, 2)	[0.35351053166673857, -0.340292784736533, 0.2370764038429546, 0.2122743386504667, -0.44931250312456517, 0.32946875345080573, 0.342854689969809, -0.09167901573260956, 0.12017256840215577, -0.24361786050184883, 0.05752195764561854, 0.032720642370709686, 0.033773202701026274, 0.014749630659889885, 0.2384555722106844, 0.24881866590670124, -0.3771150700820467, 0.15219144806620047, 0.33687927018988384, 0.09307398379208556, -0.3274209406702615, -0.012611178259440525, -0.5745949325499122, 0.28788110124386557, -0.2754632767346668, 0.34276673459744766, 0.4414073462856594, 0.27110187102109706, 0.1494616714149446, -0.13900517976099458, -0.3675466034102899, 0.33035135356607587, 0.2337151440807384, 0.0675758243521933, 0.07908107854297468, 0.005110913004678241, 0.19826233118362427, -0.01531787425654628, 0.3489665536623394, -0.29884182411183463, 0.049392308177497526, -0.20373561863181147, 0.4125043754379679, 0.11711722126558574, 0.12065292993800711, -0.2932479511078958, 0.019619498145846487, -0.3158965109119837, 0.17107049958903037, 0.08418264329462882, 0.5355982580452848, -0.1966430229133711, 0.3312344079761804, 0.056069506305604554, 0.25158762121665673, 0.1780849145467467, 0.11148525059783666, 0.16285284191381488, -0.4617476413057825, -0.12500522456037327, 0.24130524762055694, -0.13958061823032739, -0.07631099045099811, -0.28095190842475143, 0.08417577996887524, 0.028498897675308544, 0.3714934623077564, -0.024973857985722492, -0.07265118899248935, 0.11712463762099745, -0.5149065339041385, -0.21905385791630408, -0.5166893101299118, -0.6116166829821457, 0.38360113202825485, 0.18976516757249778, -0.2999585039286162, -0.07185149675864146, -0.2694355963598349, -0.3991668888654091, -0.19357713049717168, 0.43969915609914234, -0.019736971870291952, 0.2683655936566086, 0.11431499210995648, -0.3295862513184484, -0.35840673695035297, 0.29060853089959976, 0.32352802015188364, -0.06990457055859192, 0.17898553751033655, 0.166425552381807, 0.12523050486689502, 0.5836561506633996, -0.26243156495230496, -0.2185845091303491, -0.004775037279914438, -0.17993936615669726, -0.42921027371410625, 0.22497313452174877, 0.08929979491699008, -0.22727836118299172, 0.11834850530401894, 0.3052361503067292, 0.03115858974985091, -0.36820251156747796, -0.20172362221445503, -0.012308882426999901, -0.15777758672150982, -0.23936906758096305, -0.24267268853525525, -0.30630337691504855, -0.018972326291398504, -0.008819735734547085, 0.04384006021116146, 0.2890616605336969, 0.4922827001878245, -0.31839012730680466, 0.2321858779191058, 0.011773513684317938, 0.2557497481643512, 0.17758766678940513, 0.032677171864951324, -0.001984149581289663, -0.3452741391721803, -0.02408552036478147, -0.13519329840586652, -0.09470629761738063, -0.43067170283297096, -0.04474683192993558, 0.2696781877530678, -0.1511154255212321]
906.6452880320376	(9, 12, 2)	[0.2687771029773178, -0.3212084569413094, 0.214600599546636, 0.2345578711026671, -0.45198221919709486, 0.41909267210628054, 0.4475950485147456, -0.0341529209748037, 0.12617751731494417, -0.25053633540260256, 0.0523257058337177, 0.2627587878269719, 0.08076806809403486, -0.004281286665305274, 0.2053697143268267, 0.18241428564761022, -0.4477846170352081, 0.15039836940786735, 0.3266872079664165, 0.08739831462468323, -0.4145432477763611, 0.07152620481967291, -0.5734341420575215, 0.3175520242616294, -0.3030366731930557, 0.3571393356689602, 0.38349044856300846, 0.3076076880447537, 0.15259996987610253, -0.09838285983168923, -0.37859788244821896, 0.38617562512549325, 0.1947264858051724, 0.015838722373440913, 0.08301933509852974, 0.006434988747919354, 0.2320860237983684, -0.0031332367180753884, 0.34937846065828126, -0.302976450218453, 0.05055731791213994, -0.22753706057315062, 0.4111752739804007, 0.12964879093816228, 0.06243931652629081, -0.22649065025584442, 0.010387458715000596, -0.32945512559231704, 0.21815889339727956, 0.11583590732229011, 0.5634442207564168, -0.16354077808149448, 0.33265277679493527, -0.030047809806842827, 0.24994404532779393, 0.1817189455632966, 0.11186671982238437, 0.1982390772383329, -0.3195915357596356, -0.208363018165721, 0.28059646582495545, -0.163051174770254, -0.09863080243534893, -0.3321978292852524, 0.07859495224991109, 0.08389002141847685, 0.37509460509714276, -0.012136366435857396, -0.09997273841510022, 0.0175943023682055, -0.5357860709579504, -0.22060031158913257, -0.5202768417756952, -0.6235418485726507, 0.3272677686970525, 0.11322630274243012, -0.28700147611479243, -0.012280869141512406, -0.27322579608372544, -0.3937110643438508, -0.20797952194777738, 0.42613231584664063, -0.029434134055658926, 0.23185386410068545, 0.10113391465560323, -0.36821986655265015, -0.32572970068780993, 0.231390149965794, 0.3279929641855247, -0.06577670608494819, 0.3298441580318294, 0.1611603853769173, 0.1216975075891368, 0.5894935005531482, -0.26056970422749676, -0.23191327003161633, -0.010003694027789244, -0.16749836531472442, -0.41782938395351754, 0.23313885902693593, 0.12017865702974008, -0.1690898804464789, 0.12264261978935623, 0.2799008379030776, 0.027410389078112777, -0.3702061169089329, -0.19956969971838667, -0.18199259362853668, -0.19655978122924814, -0.16934900881977485, -0.26148557737863765, -0.27824135590299903, 0.0004898387702984785, -0.0009795901389771005, 0.044487860646200056, 0.2819462634429886, 0.49049076989805773, -0.3501698757170265, 0.23209228093078893, 0.007615407948133876, 0.1778549230710928, 0.15455624661504194, -0.017063579651014397, -0.002451194079201774, -0.3925581499357988, -0.026126034646855686, -0.11981202492923441, -0.09608919594829969, -0.476670316653712, -0.05298843242736387, 0.24433553808137026, -0.16376823974185512]
1214.574717949726	(9, 12, 2)	[0.3569572340704469, -0.2483188031172497, 0.2110915164027972, 0.26650556492826905, -0.47966575477390067, 0.2280084434764758, 0.34194627789749166, -0.05443382706012397, 0.31180123781206304, -0.21184746442272756, 0.11061199132066149, -0.005317087094489477, 0.04014717981028443, 0.0016218570849946537, 0.23167419410895282, 0.1414686679134859, -0.3340452198047471, 0.13740017536759264, 0.17171761437698518, -0.021331137219889176, -0.2947770686966824, 0.07697999673300436, -0.3390556219764621, 0.2788623313587796, -0.2805511394823734, 0.47276847418227086, 0.37323570494936054, 0.3415545704235772, 0.3197208087906767, -0.11362887782915401, -0.20750324634548703, 0.32077136967282693, 0.2224947992484619, -0.09732162673001882, 0.09977082373690237, -0.014643724475544411, 0.2699510602562135, 0.09899244574068933, 0.31632908075874594, -0.27364903155877884, 0.03156211278437456, -0.22798911338718814, 0.4136496176966202, 0.2015836421584526, 0.155478379011612, -0.2885068576826094, 0.0597419114451838, -0.37640453051879624, 0.18762874271026247, 0.02142293766497068, 0.5530436266451294, -0.24859380072012405, 0.30867871262822494, 0.08391578141988643, 0.19447898036146335, 0.16141958511719653, 0.2366965414303673, 0.1754931569266775, -0.46186013721843266, -0.03678383275013353, 0.1349434812677135, -0.20808455168083112, 0.01717731396545922, -0.2711401266608862, 0.10103084759723392, 0.06985664851525653, 0.36523864217613744, -0.08059876300478092, -0.07611601329687281, 0.10156323259799341, -0.5774441884689572, -0.2791216070173594, -0.5480862356601485, -0.5699390766735115, 0.3461213934737305, 0.09531325239102907, -0.24969488562069464, -0.04141412685873777, -0.23335343442810164, -0.3828427925026855, -0.2086842595410823, 0.403417640574661, -0.20827311340538845, 0.274434702573089, 0.012613926286430287, -0.3014703122691344, -0.37775108781283007, 0.1795323347027944, 0.3519398925093371, -0.08888677560277244, 0.3323929275597685, 0.1557795487447835, 0.08029867197778981, 0.606587672043829, -0.26465413903306806, -0.2522977825730538, 0.01882831455864322, -0.18607326000207466, -0.4161114040914654, 0.218776127019211, 0.08882685594861485, -0.16732678694280442, 0.05975794078706926, 0.24047402119559114, 0.027627452982782977, -0.34207054390746805, -0.1839215989712579, -0.03893327675315228, -0.1761276983545198, -0.21083376538019882, -0.2539876158778639, -0.1694684732724011, -0.2142720910436134, -0.005179994247713051, 0.043539813041470025, 0.2903659156915588, 0.6942238958303901, -0.35569590589857847, 0.24717456855714826, 0.04835235161341152, 0.16357491512052214, 0.008016571354995552, -0.07553647468177323, 0.009100527283271799, -0.39162754419926366, -0.012742164512694767, -0.08963317737932536, -0.09105744724545307, -0.46810656966748887, -0.03287057782127167, 0.18850494717000957, -0.1606223594847552]
866.3640672290542	(9, 12, 2)	[0.3281849697388128, -0.33777821561159216, 0.20779078467904655, 0.25099523128369483, -0.5177631955414045, 0.3910002561566671, 0.3276464345503512, -0.06437638367138745, 0.17372419718757923, -0.27018880203627627, 0.056248641547902704, 0.003751027544580345, -0.0336160585751867, -0.0040238576838040364, 0.4681805283984236, 0.22190119318979698, -0.3374978566867345, 0.11720964006556898, 0.27755260115883673, -0.0199615409410536, -0.37001683694377074, 0.05050687625861372, -0.5710613819204964, 0.29959052897075755, -0.27063815009972775, 0.3667079645606896, 0.408251260375456, 0.31527098258380787, 0.18349478717151735, -0.13635782990589093, -0.41089576428626623, 0.32850775385691716, 0.3044738177482371, 0.011974567286504147, 0.08797190781836053, 0.001958837106841937, 0.23653368036916336, 0.1206170779854408, 0.35842342093370105, -0.32303764342930197, 0.015451027479184132, -0.2275563615703673, 0.3997246459306113, 0.13069957714388905, 0.1129500149151771, -0.2833893840031943, 0.0017562817867418368, -0.3690521329123537, 0.19384472475515263, 0.09343124203632965, 0.6242852977496405, -0.19928846718366805, 0.35741053139475715, 0.09179793240038908, 0.21884489201019297, 0.17868129166863173, 0.1456796700583247, 0.17931244782641506, -0.4406214387761014, -0.1126300576432951, 0.2230308312580414, -0.17015316322548163, -0.04694174729470421, -0.2697389583734515, 0.14035047107974402, 0.075673782441119, 0.3196222121492568, 0.07854702489937734, -0.07461780377105089, 0.16281950820172905, -0.5493771129769556, -0.24006581328017518, -0.5280242055119035, -0.6453713773607599, 0.34266476712287597, 0.19950382639658365, -0.2986738715733121, -0.07045019523160792, -0.27267520058789046, -0.41662708614478605, -0.18791043573921629, 0.408576764650484, -0.08484115477360865, 0.267299714990903, 0.02560775995902998, -0.39965810892385006, -0.3878580053535854, 0.1931280314253295, 0.3110078644502638, -0.056307893780658966, 0.21618073106980862, 0.1786605186160778, 0.08527508462739734, 0.6624453358635942, -0.2522932180267914, -0.2088358880696361, -0.01647580027669857, -0.16052798082596226, -0.4238300016356071, 0.24144453939361937, 0.021502123479451473, -0.20718582309820013, 0.11663454185361043, 0.22529187193819225, -0.002361808146515357, -0.3840102089172126, -0.16502792155787918, -0.01940904359729041, -0.17050272139499006, -0.2165497210917759, -0.30534567039269206, -0.24007493832380988, 0.0007728659251971387, -0.008980869621299832, 0.04522666932940596, 0.2945059799281841, 0.5017397431796096, -0.31489639356605215, 0.223056503783096, 0.08284220360214795, 0.18891478145437596, 0.024509998359113504, -0.03644971939684451, -0.016998576770833256, -0.37368014035961783, -0.025803790226531925, -0.09654097973266945, -0.0938082676348977, -0.3189744770869883, -0.05761629875542097, 0.24052260426222055, -0.20006320123666174]
755.4646405382288	(9, 12, 2)	[0.3793675683050133, -0.2162993332907276, 0.20372712918124808, 0.24830989549603472, -0.4677082470705398, 0.35650309975343014, 0.3166209724980013, 0.0019251425969033153, 0.13271060325840686, -0.3558135296432147, -0.04716831523827218, 0.06398363354290677, 0.04851348365253437, 0.04532746267098329, 0.30947822380341417, 0.14530738837666965, -0.40371285810825863, 0.14573694104532053, 0.26613707168265793, -0.0610602463895321, -0.35314287849597203, 0.08428217552874893, -0.6173252440396304, 0.2913620911603908, -0.2950201916663122, 0.4647049461103099, 0.4119666962434114, 0.20908138655077924, 0.15243656963272484, -0.131955425010533, -0.4161877145967599, 0.29023829409090984, 0.22844230816690073, -0.0007629980614667336, 0.1449211408676965, 0.01461249617122833, 0.08535464776744081, 0.08043321050196822, 0.34432617226025614, -0.2638081588295693, 0.04607853390487389, -0.2195087888408927, 0.4245604429603206, 0.07361580722115926, 0.27631033363884977, -0.27861674769636613, -0.0015131446635258117, -0.35683224789155993, 0.1824529112936601, 0.11547109322415927, 0.5655484999699796, -0.16302106142411163, 0.303067763546272, 0.07301639545870478, 0.2168721582060066, 0.1552553923765676, 0.278033712082502, 0.17701773305161678, -0.388142944316455, -0.20951053146364737, 0.262290688097626, -0.1570803775500656, -0.043196873986011984, -0.08157235829457044, 0.07099077862110309, 0.12104101074182212, 0.356985101641043, 0.033209589493681836, -0.11146746510935407, 0.11431927809579581, -0.6798147578313672, -0.22176806091111925, -0.5711144302242229, -0.6286888620550452, 0.3314886747460417, 0.2022070728618308, -0.25850190654047367, -0.040320620506357735, -0.3034329114971561, -0.36224442534034224, -0.2539031942219274, 0.3929899696985888, -0.13412368337754166, 0.24133221044122855, 0.06075146609987471, -0.40986751143435696, -0.35325709500680613, 0.17982139602034203, 0.4055563922018145, -0.0668586430103785, 0.31214096509588146, 0.20708130012421205, 0.06897752014348546, 0.8271767695475669, -0.275925555012789, -0.22001656739282574, -0.03732674544840069, -0.16466339255869464, -0.3452033519317405, 0.2542913322126521, 0.08587478633656509, -0.18881884180388062, 0.13048640105007714, 0.3042210265664716, 0.01408108166536019, -0.3455373802062021, -0.18480748769712568, 0.058129342257969105, -0.18210913911073817, -0.14581324274604332, -0.24329555347130108, -0.1957756684466175, 0.023759331434522784, -0.019242938713723665, 0.04571772823946311, 0.31149897104956287, 0.4939842618290246, -0.3201782623693019, 0.2626076828749973, -0.00854528152417144, 0.21185309131472677, 0.052866978858525815, -0.08227830703119986, -0.15727031198908542, -0.3769891849817352, -0.03450288510929504, -0.09471534464621365, -0.10567934502908928, -0.4281683755387477, 0.12604959364248147, 0.23200669699505347, -0.16367358838086665]
939.6722753640781	(9, 12, 2)	[0.34599583754085955, -0.2939253154227933, 0.2216115393602056, 0.32650905978734307, -0.6202578645574761, 0.4415350879306531, 0.36880112367845147, -0.05398009846676038, 0.1274254585801853, -0.3214505353528322, 0.059005309820010926, 0.11251790653517196, 0.044100297354802934, -0.01704362280042945, 0.11272996541199887, 0.14062646101469967, -0.30814018268676713, 0.1856573820641702, 0.24343824281898951, 0.016893634362559126, -0.4705098325441739, 0.06792056874681897, -0.5854697537189009, 0.33326159753118734, -0.3095510266089703, 0.3562017189326352, 0.6155355827326076, 0.18623782553064677, 0.21545073483567423, -0.14119058186540112, -0.2570789000420224, 0.3331696731969775, 0.3508539767604589, -0.10896277074677192, 0.16493657349429675, 0.09642560666456637, 0.1345408911683319, 0.08978967737833404, 0.37796468175744624, -0.36438941847648254, 0.05975996493054553, -0.2504227688375269, 0.4422281868961295, 0.13468830429343834, 0.2032369116529021, -0.2585908420692166, 0.036727571395364166, -0.3871183487760026, 0.2242356656870095, 0.08556180966747923, 0.6786499186054862, -0.20034931196609587, 0.3411413067979604, 0.11882658063987372, 0.19988079181083251, 0.15273496827779584, 0.03822241927675307, 0.16639240953591844, -0.43632340580495577, -0.07914248171110501, 0.2204478152222965, -0.10742924717900215, 0.014235287990797658, -0.281440690907651, 0.24174740909707476, 0.060912917258128696, 0.28718798611353863, 0.029979671572484386, -0.052155202160120706, 0.1448881082918298, -0.5284718053340504, -0.24465658617654895, -0.4304471315172428, -0.6224240333690354, 0.3888954821259444, 0.22388897920030998, -0.3069369967984672, -0.10014892551920837, -0.2664970434988614, -0.3836360691797544, -0.18927741517257007, 0.386786763147543, -0.013663061012615586, 0.28309094823103487, 0.1900904888295247, -0.41408550703658653, -0.38394698443862646, 0.13335715463172693, 0.31028384550842664, -0.08608285378767136, 0.26664258847161737, 0.28083666117211725, -0.01733267030708024, 0.5900972937510128, -0.2708951140877004, -0.2047108535972721, 0.027851516934329662, -0.1719510185613706, -0.42262395729904567, 0.31542164132031575, 0.06574925419871469, -0.2439597887759597, 0.12895973575284533, 0.23921280081975965, -0.06110686362073919, -0.3641510924403717, -0.18054110407788765, -0.01723698777861655, -0.21978036010562108, -0.19329490668162136, -0.26914722837731414, -0.2042945301451664, 0.07391042566022452, 0.1771280858651639, 0.06355658774827302, 0.1891934846898929, 0.37125343075550965, -0.35724601530576894, 0.20913247283076478, 0.09866590247034127, 0.25785950202549246, 0.011606737459259282, 0.006215443643206203, 0.0004857537752559239, -0.38334364111801533, -0.012274169750163853, -0.07076200694075138, -0.10833550050747973, -0.45755305957461984, -0.14026971248481596, 0.20934990127968034, -0.16880889839476199]
1012.1784190173472	(9, 12, 2)	[0.39027100544618787, -0.2860866079520365, 0.23960874717516353, 0.2715385035121016, -0.48692062154781746, 0.405955854220312, 0.3667310991461011, -0.02552677758470482, 0.047945554733199044, -0.20473090632998076, 0.20647403745397216, 0.039015254288008325, 0.0019814446715751173, 0.0059609144682412655, 0.12813446914968266, 0.1343063166136962, -0.3207834171798562, 0.1751054186709811, 0.23669899650291915, -0.024815694088382904, -0.4059873369883399, 0.03310751041992571, -0.5732402686254093, 0.20806858597397815, -0.26704930208836397, 0.3601031643146521, 0.41898330531418904, -0.027093726745139442, 0.3341107366145872, -0.11239044228983482, -0.39378082466165093, 0.32604857138020193, 0.22405161933082357, -0.016199991094383043, 0.14557004739378115, 0.06230358560121412, 0.4568299109259833, 0.07904559995208016, 0.3305510320739137, -0.2888508987888465, 0.06398846988823985, -0.015425249860750903, 0.42493958230541995, 0.18425498173455634, 0.1574668665762358, -0.2787549630462812, 0.03365698119828835, -0.4023886293438963, 0.11682849865243905, 0.09060024552323541, 0.6109445117416883, -0.21263169866731824, 0.2715465088412311, 0.11709934707659711, 0.40553920630790197, 0.1596358374842566, 0.11723078750240266, 0.16757911013171203, -0.4524375155370889, -0.3962277251367252, 0.21915578079312972, -0.15876983994702182, -0.011599025256952606, -0.2804695198894476, 0.15935509942514725, 0.08291830521699863, 0.34319652010169077, 0.022365233036693747, -0.06780584719181192, 0.13606649891492326, -0.5237157757616674, -0.28807682777976196, -0.5136086312446237, -0.6055300448428942, 0.290049892700465, 0.29884332504547734, -0.3306827232567472, -0.1136936945148176, -0.2676710359782144, -0.40344538180984046, -0.21505891548133796, 0.37299259919702904, 0.18434872399354402, 0.2842341482651913, 0.09957306960791082, -0.40161362955516805, -0.3843765256377952, 0.2054530122613054, 0.35380075281690593, -0.06633304544696653, 0.2559065957863674, 0.20180417280981577, 0.0034008570289121576, 0.6125187603178621, -0.20871577831259655, -0.09308671083637463, -0.16324524016602487, -0.16144855556166554, -0.35721410708469786, 0.30326776379833353, 0.16661819045952014, -0.27968661589000954, 0.13366983245677186, 0.2619633468531199, -0.013091605837370172, -0.28388987665823356, -0.18120238150893386, -0.011192351636599164, -0.14711883713499077, -0.21474163766443524, -0.23063295879411, -0.20809111403989727, 0.04138882486985325, 0.04369741844689093, 0.06426023768289349, 0.2992889483277672, 0.4904631934533624, -0.3774780355971935, 0.22139431611877203, 0.08497947385412276, 0.224426611576706, 0.04602053998102453, -0.05165888883073362, -0.0080471855573539, -0.3783816210388592, -0.014278826311562081, -0.07674273575560492, -0.08030991906772958, -0.5454763994833365, 0.05102379345512614, 0.2877218704929783, -0.10821386378396478]
641.4133207939442	(9, 12, 2)	[0.31710420917852594, -0.2138809592899566, 0.29387677476518415, 0.19115965301418092, -0.4721282645969263, 0.34120102247219747, 0.46058392387035163, -0.06266353928251626, 0.1193598931009936, -0.21748334877247574, 0.105104602744978, 0.045887107160759194, -0.0015886147179376038, -0.0007837255994982723, 0.08408716097373457, 0.1848624005775998, -0.3375174401349823, 0.14984129384614464, 0.2435343247517356, 0.0001587846783385232, -0.3572018670670968, -0.1507199182988372, -0.5838902138553042, 0.2758882789591777, -0.2671152729061804, 0.4615180826590873, 0.4359789133835663, 0.28248122268022574, 0.20502778529755838, -0.1404753031295664, -0.3904691863871248, 0.32885879943291746, 0.23871409673110836, -0.004252104089251904, 0.038003647858185226, 0.03364292123609895, 0.2218551819495691, 0.11564485271545774, 0.33973211209451576, -0.30525545174184293, 0.0622466362590417, -0.19928198110107037, 0.3345330484909192, 0.14367569292912657, 0.06810025916477402, -0.24889205083752816, -3.0085870895855873e-05, -0.46085125593406256, 0.24165526299055487, 0.11909219324215504, 0.5366785059955996, -0.21300175751480327, 0.33130355030529457, 0.05127945593734559, 0.21880978967534492, 0.19735215586341354, 0.1461619523004756, 0.2281046000031258, -0.43932399425032415, -0.21818210257729737, 0.22688327984937123, -0.21517733510402307, -0.025978453353157394, -0.23708329877629442, 0.0950216494758808, 0.11462355635085128, 0.35309417808712384, -0.0021334645051296727, -0.08825717746277482, 0.1273066584839806, -0.6045877023555983, -0.22258773443642327, -0.5379658741277914, -0.5324274303170637, 0.355613484880432, 0.21745216337777223, -0.3220319377421483, -0.06069262990563142, -0.25889427993019515, -0.38718460506830965, -0.21897685521759505, 0.3516830216549337, -0.07813784275049915, 0.27453866084271905, 0.19519124369064933, -0.387784789831792, -0.40489481190068566, 0.4013797901895556, 0.37929952135715234, -0.08326247317645384, 0.2725611281593948, 0.23579889688114863, 0.06442573891053698, 0.4068787601371534, -0.2648124347140243, -0.2165091980649046, 0.051443824855628956, -0.1537716169365557, -0.41483881284331925, 0.3412341246616998, 0.009591020443256012, -0.1685288287224691, 0.12593104480108072, 0.24917337071576046, 0.019625393600672007, -0.36789901416870635, -0.1669101077092157, -0.059062908042453635, -0.20407289395318856, -0.18073775598717678, -0.26759337931082994, -0.16796659236284217, 0.06107584983213016, -0.04025722503481201, 0.05235814582393144, 0.309166483944656, 0.5058326192265762, -0.3482952273585992, 0.22496919541779448, 0.06230175667612182, 0.17167953857024543, 0.04004216310975385, -0.11328325929364941, -0.09916761221328303, -0.3770666296934205, -0.01339814176029685, -0.09963210710443861, -0.09393257668470538, -0.5001268094797657, -0.027694132234204267, 0.47924013227567264, -0.23429027446934803]
656.81522224531	(9, 12, 2)	[0.34621744027448553, -0.29747039393990143, 0.26684158064534386, 0.2955067663297445, -0.47848799016928, 0.44851718483793634, 0.3564611702814252, -0.04044240806426588, 0.1385621762570099, -0.316190225518104, 0.03607785132868046, 0.05885040919454825, -0.0625243434835419, 0.006721444782473064, 0.1480938160792699, 0.14185645249219614, -0.30373158034149694, 0.15777171083352395, 0.23163918076940415, 0.02656826215274337, -0.5336773013263427, 0.07719272285799451, -0.5842417800454727, 0.31517465147019663, -0.36822381428731066, 0.36842017031834157, 0.37364830645676234, 0.2314159368627371, 0.2693029572762708, -0.11058121152122508, -0.3915930645623341, 0.3297962683764106, 0.39296384316106153, 0.03449066995030534, 0.16373734006194404, 0.032752087590813696, 0.17543198052543735, 0.08476135141584766, 0.3020275180823415, -0.35755186592258337, 0.19759119254606478, -0.20295251438073325, 0.33832138357523545, 0.05493019670359427, 0.13473629555796912, -0.35945915220439106, 0.0560218101527565, -0.3783669265145361, 0.1925355608498271, 0.018869486116322512, 0.5606624953585578, -0.21003934808043545, 0.3344913424516369, 0.09721559097251103, 0.21366541369870884, 0.15304683431967364, 0.13399500046400842, 0.16677857892731984, -0.4386200496307098, -0.4005449487594306, 0.2526152263981367, -0.16543744348265277, -0.01850590084986103, -0.2771724461689492, 0.10932880135791836, 0.08463134179339599, 0.33334013897325016, -0.030119035438528837, -0.12115710697233134, -0.13191521604956066, -0.5837420691458397, -0.2095301097588918, -0.5442813962012124, -0.5811887170806065, 0.49066992824467814, 0.2097884492034912, -0.35467204380424294, 0.2524503900784427, -0.293480475485727, -0.38491046879310975, -0.2184543405638268, 0.3392718020649981, -0.08330745895663597, 0.1764688015479775, 0.19276783979842987, -0.42124830449953554, -0.37087947927057696, 0.14346514584181871, 0.17739346137647208, -0.07790143173413551, 0.279433943741967, 0.26987068711266476, -0.014045755307167219, 0.6531816750901006, -0.274526981735673, -0.18826486648807325, -0.04231931369778294, -0.15539248445573997, -0.4131003028072799, 0.2300718511680375, 0.07142481455255606, -0.10734937307954909, 0.1822551505818146, 0.2402740158319905, -0.035676057375092704, -0.2684651619287147, -0.18279240292891513, -0.023506717908261462, -0.20692914033015683, -0.17709248259329013, -0.27048621028349706, -0.19849811187917357, 0.00752082158331503, -0.3397815582371462, 0.05048100850416169, 0.33408410904195074, 0.4154906907276815, -0.32333233307397546, 0.236550869331835, 0.09478244391835633, 0.2392503254396869, 0.04140798081635824, -0.007484250998772195, -0.018991900955130578, -0.33776531380667585, -0.020754484135043702, -0.09979147559153043, -0.18181729808791255, -0.5166311098694348, -0.05903503404582293, 0.20277432411281976, -0.20388258286047448]
1041.4588086003635	(9, 12, 2)	[0.3361633041074534, -0.3100336601515206, 0.2428930216687542, 0.2508918685782934, -0.5716480601239726, 0.32092531956978776, 0.34714283783826433, 0.006761136681126344, 0.09421439146064584, -0.2610637912595411, 0.12794278055383562, 0.027758310838336037, 0.05495297435241979, -0.013772058649158503, 0.14192575368113594, 0.36809573781484795, -0.3171278801968086, 0.13472632079469754, 0.24626636088011913, 0.05535263935547573, -0.30858609643478807, 0.026092053035037664, -0.5506346853401631, 0.3192642638034269, -0.283896070060735, 0.38791032615543314, 0.38696789923334135, 0.3098214373664771, 0.24550359936602167, -0.12429703779550216, -0.3812577108701732, 0.35429375073890784, 0.2961545318676279, -0.011097680029317233, 0.08204354546612622, 0.0067337604298450164, 0.2510460001685005, 0.07152067253325364, 0.34735648131453367, -0.2986913492887189, 0.04940474553111642, -0.27162957589837744, 0.40030400532258226, 0.12966100774788492, 0.12475962918827749, -0.2754104841580573, 0.018223682481495536, -0.380351232614925, 0.31298400502235707, 0.13790409050662772, 0.5525947804446553, -0.22893773814281937, 0.2621002744681521, 0.09696747056669258, 0.20561962177944143, 0.1280687825052909, 0.16028706052427255, 0.179115183192209, -0.45025117747456855, -0.18355120735044358, 0.2591649466840289, -0.14930779575949193, -0.09288323261631837, -0.23394782436240014, 0.1265578825959985, 0.0617687770223377, 0.3685102492825932, 0.014295883376411894, -0.10047491450859883, -0.004383739715153427, -0.5431032248171386, -0.14928983357243136, -0.5273553296134715, -0.6101243435429688, 0.34981754531324594, 0.19907269329085725, -0.35435761481416705, -0.06415663442853767, -0.26334752783073845, -0.401211071960392, -0.1810196560638626, 0.416727945470033, -0.12908074232933528, 0.26978160173760946, 0.037530944535943196, -0.37408315176593765, -0.3832206255380771, 0.21243716386769917, 0.24501377113338932, -0.06982452945993678, 0.2532627303767327, 0.208379018964706, 0.07609695473629824, 0.6133862246921492, -0.25476479378888184, -0.26622593694938335, 0.00622722579250019, -0.15718145212796658, -0.3942228721540049, 0.24561778764313996, 0.11033803887824638, -0.15890457729676255, 0.133957891659141, 0.26227272589938605, -0.08299473351606919, -0.3387392558685959, -0.1866485689672383, -0.041115505521448506, -0.15882996140599026, -0.21238604596700353, -0.2454030141050243, -0.18835922352062318, -0.03579269059864679, -0.000674819367140431, 0.048042626172397865, 0.35795427863898044, 0.4501162760799007, -0.3592671125170456, 0.30090764926308733, 0.05660887008165279, 0.13913546424705064, 0.07499376240199161, -0.08025209279128612, -0.24136408448173588, -0.3068175442434127, -0.021058270035306262, -0.10418134765726002, -0.11536759026810484, -0.4533844955771435, -0.04421306521015933, 0.2272319719498278, -0.15577113824560437]
2041.0969114906425	(9, 12, 2)	[0.4265110403344855, -0.42153304281741377, 0.19411977131944314, 0.31698872755542196, -0.6997678903039406, 0.406353999380177, 0.36729983469842276, -0.10113914741899344, 0.12490050395817467, -0.31869451990658565, -0.06677293736979059, 0.0799273575190146, 0.03014894817099048, -0.077487495766062, 0.09122275780661263, 0.1475180151284254, -0.297714567484722, 0.1710208613455513, 0.16328346990621784, -0.12372301540014093, -0.5502335340265267, 0.058967505046456446, -0.5746524498853111, 0.3070877255053622, -0.3242459999484212, 0.12374633532020851, 0.5172956032457238, 0.3725654256469975, 0.19895493771423323, -0.14460993312278395, -0.4757103011800618, 0.3344332974092842, 0.4463826238502102, -0.1979562104763305, 0.1257553489483367, 0.04258405332438274, 0.2345486028920375, 0.06668394755483344, 0.3716444793295087, -0.33024188806519494, 0.11047804496067293, -0.0999751805878254, 0.38246806886879414, 0.13960999778066982, 0.1483072629273116, -0.21333174612886485, -0.06719871016831389, -0.20951090595324307, 0.24409540889410114, 0.08628810482101983, 0.6030637996734172, -0.2106778569412367, 0.328485936101361, 0.06112431738246156, 0.20455293895597937, 0.16387469711804617, 0.09262333067945507, 0.17299486676349293, -0.4391371518484301, -0.27200313812195803, 0.21976998868571979, -0.11250289608857317, -0.007986215747700323, -0.275260535905541, 0.3444686914537997, 0.13598995035137806, 0.3372042002933676, -0.04809265915706308, 0.004299684721359373, 0.09304060032119307, -0.5283635908306094, -0.23286172863800042, -0.5250571314108985, -0.6384992049574599, 0.44123613608917533, 0.34042395918020896, -0.3949422994790277, -0.1574726607348801, -0.3177958334206681, -0.3840820891495459, -0.18904166395398772, 0.48162162045922935, -0.1320628440200928, 0.26781218805877405, 0.19087233742962126, -0.3964079734783466, -0.3431124660498431, 0.12797687828056914, 0.33545209661128456, -0.07356662792209077, 0.31231409234593077, 0.08897090458717138, 0.041024106220079924, 0.7348218970888797, -0.20090151054719935, -0.19204791667148297, -0.010098250093984667, -0.15337307643456394, -0.41403521043841346, 0.25142815699695137, 0.07528863265356292, -0.09898127094381587, 0.13580460566866598, 0.2553450297990394, -0.031073889348352743, -0.34686009857427236, -0.189440672855653, -0.013793057695788244, -0.18402016591647288, -0.15021585393667883, -0.2614139991113411, -0.2024407229254208, 0.057807653313695875, 0.0840225081103961, 0.05047480569985054, 0.2152018524064509, 0.3740364817851843, -0.3734093924076308, 0.21627340169290013, 0.26384148681287173, 0.0858497357381598, -0.07743788352452717, -0.04487052117708771, 0.08837336526906378, -0.39152985563968823, -0.012926362687825382, -0.0718797029093785, -0.12194510914977726, -0.4688436135211459, -0.08223959761684159, 0.2770212770487807, -0.1602002712241123]
836.7559794505211	(9, 12, 2)	[0.3470571333798216, -0.3123753558469132, 0.2025821085300535, 0.2721557736806506, -0.5005166307858917, 0.36828990782717536, 0.3528374434394047, -0.02059556797229779, 0.07359354343118392, -0.24152379199685223, 0.03389798294103105, 0.02213034766853509, 0.015943058481691034, 0.037474718803477775, 0.20821675504265522, 0.21384002481876851, -0.3644411018885251, 0.09688333827967485, 0.17543902408596257, -0.060661108434170156, -0.32807468665262884, 0.06160479484521709, -0.6374652401885981, 0.3132162002213862, -0.32720151142876797, 0.37829054136067786, 0.35969157615512315, 0.24875988543560199, 0.17102238011502613, -0.14893613690381835, -0.3636017189473265, 0.3515025339243394, 0.2556806761882359, -0.04980726888183433, 0.1359223902979418, 0.03081900915600909, 0.19588096572378513, 0.06425356602394264, 0.3544319543278209, -0.3049915325713901, 0.05459742676792397, -0.27128297241109933, 0.48048559974895166, 0.16054464895482518, 0.1769435609151248, -0.2406838799126745, 0.04580560789511755, -0.37061715767804476, 0.20938791776572505, 0.19411330642114952, 0.5974693717301224, -0.19174485794785012, 0.30965089977429877, 0.07124620813973495, 0.20328731984356443, 0.22750391213821786, 0.1834057400901235, 0.17581870679688372, -0.4742559297352471, -0.16655835655146417, 0.2793115114127415, -0.2239737280012282, -0.040523093783068176, -0.2643979282547293, 0.11941198236706274, 0.0773342323675634, 0.3319627453643417, 0.06898892830818316, -0.07452278321637094, 0.11219856739793696, -0.531410422466812, -0.23605302769531844, -0.5699835070264714, -0.6167423062789642, 0.40517106568312955, 0.22667438112303537, -0.32767871412377014, -0.10616367058869776, -0.33232072455731004, -0.4512652001127233, -0.1963132699291372, 0.37769249382740294, -0.11810003539853427, 0.24872497791446405, 0.05923730644558511, -0.3657433684484742, -0.3704360410744456, 0.18058836628044944, 0.3270595971121244, -0.1091222862416091, 0.26671701343321413, 0.19856752375912395, -0.051898391200366614, 0.5763435442622455, -0.25202034950516944, -0.20828046654070428, -0.009121302136166694, -0.12361761848307974, -0.4160268023839928, 0.2467531179287139, 0.10891413581527175, -0.19219367397255052, 0.12735167180568419, 0.13443446463522668, 0.005940664592612775, -0.41279806192644425, -0.18895715168192692, -0.04741917670904179, -0.1675814667393798, -0.20046640885995035, -0.2649532950024602, -0.20847869930234766, -0.0666905270986961, 0.085461311907376, 0.05298186604453247, 0.3377063641281425, 0.45963918143534094, -0.34464826865636167, 0.23080226009445948, 0.10068634650910153, 0.17288944297186232, -0.005707898813980015, -0.06870722651707203, -0.05279326422980485, -0.3821169342784606, -0.03294670722878266, -0.09773449247967375, -0.10814210107964121, -0.4573070741664542, -0.008042658943143738, 0.2310846382456987, -0.16925322662440812]
1828.6102645569997	(9, 12, 2)	[0.3176491749106435, -0.2754840621813938, 0.16091519799295795, 0.25529160202745016, -0.49447001971342175, 0.34169713656544304, 0.42382060600869886, -0.0550067367619248, 0.1160495649483044, -0.3707148789966654, 0.047376783423289826, 0.048530016068649054, 0.002449428117685365, 0.019964443683001345, 0.321240609209475, 0.1993026551477784, -0.35430384350731214, 0.15091721071895858, 0.24838576642640856, 0.0007270269136084155, -0.3548185325082031, 0.00763403424248788, -0.6137519742571713, 0.34040250077306583, -0.33486848128658225, 0.4301114682981945, 0.36850945169569754, 0.16191826886146093, 0.15670175964574184, -0.11164143648120849, -0.3369506551548026, 0.32265724669691004, 0.2399881730956679, -0.09675862640515848, 0.1175272026740211, 0.01707611224301977, 0.16860346697720205, 0.08679965617130304, 0.35245340349942184, -0.2441598806731604, 0.059606698248674816, -0.2193707128816445, 0.3903567130602186, 0.14037880448234152, 0.1351942627475249, -0.2526613827601719, 0.015659979568367743, -0.35877534136624695, 0.21632525232729788, 0.09396028741935335, 0.37898767949607426, -0.19252620277696075, 0.31444884098997505, 0.09099143880464655, 0.12009567143593242, 0.21336465967266377, 0.22824895011117496, 0.1894623749457302, -0.4323214291417804, -0.19743336726114222, 0.2597054058184107, -0.152601700533382, -0.029732600276456703, -0.26392374519841566, 0.08840882906144112, 0.12149087351896666, 0.3580467354246685, 0.016713196455294618, -0.10769802820428406, 0.1083026020943343, -0.5932795154084687, -0.24277303153134414, -0.5829283459992405, -0.5675942333048805, 0.3697475012286545, 0.09483839691889379, -0.3234300056494918, -0.09586785436214908, -0.33238064620055735, -0.43769104614087023, -0.18129220343861802, 0.4434308297973788, -0.03340615048882974, 0.26217255952879126, 0.13075937810296906, -0.37459817176784116, -0.38206655658064836, 0.19032193706506637, 0.33310845034331105, -0.04919811120105842, 0.2775073011094264, 0.22531005868672727, 0.10415899004586286, 0.6513032353621776, -0.3052784751439281, -0.19775650912084253, 0.05997251819000614, -0.07387813131485912, -0.4154197923563073, 0.2908268110642166, 0.028392999308849934, -0.21904633900083825, 0.07595945657163089, 0.24697130044366467, -0.0011124060100908325, -0.39799610324013235, -0.1677321118947444, -0.05805178195583615, -0.2106534835526624, -0.21021158751702257, -0.2649967202547646, -0.11586384477785718, -0.03790336405915881, 0.015327598061506327, 0.09344791679483704, 0.27955434909675814, 0.4574452124205614, -0.36347297358952896, 0.2362533797715895, 0.08589059248905076, 0.19663528816106465, 0.018823670441557774, -0.1058945162413151, -0.13528776671281084, -0.2241877687819811, 0.06769629188820048, -0.10823976943326943, -0.10128871064543592, -0.4556884322575213, 0.0252203681800843, 0.32775115616160144, -0.12709369514749422]
669.6559832754391	(9, 12, 2)	[0.4514452433604937, -0.32313614463007095, 0.19695739310088398, 0.24408684703652395, -0.5278221541269803, 0.39481228411055336, 0.35222105538351645, -0.03516939422311176, 0.06721889299046689, -0.2631144247989215, 0.0783178241939729, 0.053598338580588295, 0.014942627878090383, 0.0019949702107989247, 0.08195184110490616, 0.2965761670726722, -0.32355829404995, 0.11948598828979493, 0.2501441286795274, -0.053481226325473606, -0.33720116475204914, 0.002549464332424133, -0.5989709664543761, 0.29557043690372875, -0.3647904146265004, 0.5210115292186976, 0.3690689850758512, 0.2531721793030691, 0.19128232743614468, -0.1151491397649625, -0.3646093485449563, 0.3447971934269247, 0.23730403380268847, -0.019586467668326335, 0.11706901724707264, 0.026025472871304224, 0.17285989397466517, -0.0016007311203170421, 0.3270585235267298, -0.266109316957092, 0.0628350336597928, -0.22834703830341288, 0.4082161998709464, 0.14845221210378703, 0.07891702858894174, -0.26337639710518373, 0.06615072023214964, -0.5112467919690284, 0.22853820350851206, 0.06673189005970337, 0.5279249517260611, -0.20721125673548912, 0.30044014990044443, 0.05372352989220282, 0.2013970618326703, 0.14960590573444382, 0.1921969329662751, 0.177355144299907, -0.5242500963225931, -0.22379441659382265, 0.27284871390819926, -0.14529038537553543, 0.009093897525568278, -0.2714782507517217, 0.10274312592125263, 0.07176237160864155, 0.3298204511987757, 0.017031967039394108, -0.06401523778413878, 0.10444451639980944, -0.547429655015051, -0.231199771777793, -0.4408299912239509, -0.5902862304928864, 0.3855751626363092, 0.18331992326285113, -0.32879082517287905, -0.049123816414252126, -0.2615399718990308, -0.39344676007000146, -0.21682472118013812, 0.43528694238578564, -0.1251424190660659, 0.24567142583852847, 0.08625278708261458, -0.39462791303616324, -0.37343107406326514, 0.10243999637899076, 0.31358559663434393, -0.05827532382677454, 0.23914417886859252, 0.33720633253739973, 0.005907313740959089, 0.616632461944818, -0.2720526641200422, -0.2617585397255563, 0.041826520848547606, -0.13239182627601553, -0.41342591261909845, 0.24732865556576578, 0.04428383294702355, -0.24465629066161765, 0.12800422125988378, 0.30790449578221046, -0.029201636260228866, -0.3843014572657342, -0.1844478001164611, -0.026804501923529893, -0.1662965977942729, -0.1960199260072406, -0.38040572834000186, -0.16775608151501797, -0.035947522768465245, 0.022860613149604015, 0.22383967286064343, 0.1418489978591861, 0.4356377167111004, -0.32946445637381044, 0.25372336250755445, -0.01981920131594283, 0.21668155586586324, 0.05681266751897794, -0.0761635738920968, -0.14484019677231813, -0.3681649570767704, 0.039637926646779446, -0.09121497134116621, -0.08120404479647858, -0.4835340572283392, -0.15092153791807641, 0.2373730930659079, -0.18131821539028828]
911.5649105053857	(9, 12, 2)	[0.3401699444094395, -0.3123941403274975, 0.2060981742157354, 0.2657963678260617, -0.5469059804964859, 0.37625162484918395, 0.3410429606839582, -0.030684616307577954, 0.08804087994393284, -0.2427495304308776, 0.0341924431718665, 0.018655691811457122, 0.03973086906619709, 0.02359075939199637, 0.2066793020004899, 0.33345879383080246, -0.33720357735357587, 0.11171547698940706, 0.2180001902483922, 0.008734985780922242, -0.32001976741590465, 0.054094635155039233, -0.5731520308526575, 0.3137868386841476, -0.35969132364283785, 0.3830773015434155, 0.3760085239795, 0.2748827339040193, 0.18198432747094134, -0.14885298885285264, -0.3732168551868379, 0.35212615711924944, 0.1823143843273542, 0.2002781026435102, 0.12206430027522847, 0.01347521785873885, 0.20821842702587587, 0.06372689224432007, 0.34205279239196057, -0.3060934275248922, 0.04861773872649977, -0.1602790306909758, 0.4064918653854653, 0.1376592207649349, 0.10919395990767336, -0.18715480808352758, 0.03132315901630714, -0.37175748078641047, 0.21482285641564003, 0.14719241023573032, 0.47935790982464943, -0.2153064578439802, 0.2765791815812443, 0.06178502014728445, 0.2097165759667021, 0.14665530274578242, 0.301503311787761, 0.17814446802898717, -0.44689687863813143, -0.17556680364782185, 0.2675982684791581, -0.21563638562202725, -0.049256369595983944, -0.25330963105726545, 0.11960727885509648, 0.06901437773822633, 0.34286357054020844, 0.025863769427332997, -0.07988286984695772, 0.09639072217550725, -0.5930233427174164, -0.2075637681454659, -0.5443692766967115, -0.6030954434508031, 0.4008850775558393, 0.2093728831163518, -0.3327807078182332, -0.07085241665502416, -0.2774709676641711, -0.41666226291103364, -0.18969512502558009, 0.43885070560518163, -0.1317954099338799, 0.26535933461132466, 0.055385194180487506, -0.37057184384866393, -0.37710624458142405, 0.1957678158535735, 0.30423158685778706, -0.08625760850062945, 0.054355085004279324, 0.1985918569083668, -0.010431225759053517, 0.6115886267348567, -0.250453344837567, -0.24838378095139452, -0.24283790849769119, -0.2156706138928364, -0.41399899120367883, 0.2429948790244523, 0.10844837290946828, -0.15766807624389953, 0.0872240091796962, 0.18917067194761983, 0.021238845814810094, -0.38344355546622155, -0.19051696803739418, -0.046246791799888234, -0.16076793604895917, -0.20251311831849503, -0.27900346232709394, -0.19226664869689777, -0.03888351982390329, 0.047454550530958886, 0.05210257832841542, 0.35474563824797795, 0.44868006417724116, -0.3525894126147421, 0.2791407301161151, 0.09102168975970731, 0.16610777062946536, 0.012537796601302838, -0.07915835751199272, -0.10041125546420983, -0.3181474106027953, -0.016180115979771467, -0.10006196491952903, -0.06729258694158605, -0.45760866371263753, -0.022846433558242053, 0.36110212422954713, -0.15910724608757987]
1080.4303628656282	(9, 12, 2)	[0.40627318492231834, -0.30953878969275017, 0.33722737707619177, 0.24993977491984024, -0.45436507411737936, 0.40190540437004346, 0.36532301797173955, -0.047060306220671866, 0.0648634422399413, -0.25421503948319524, -0.012618353436945583, -0.06636452788873148, -0.047688544981990745, -0.008928182481055327, 0.052141395458592865, 0.17161885004073468, -0.36998078678393503, 0.1939915349874569, 0.20067141321716975, 0.0011234213528508626, -0.3241675511411649, -0.15936320058574394, -0.7639792496231856, 0.3058320140095651, -0.363148824604247, 0.38970175689055997, 0.46521041914988126, 0.3273807724537746, 0.14221180396415617, -0.14785632078435385, -0.4284549292921462, 0.3346788085785974, 0.24446256776214487, -0.006816440688091747, 0.1104082830674981, 0.03069330090386108, 0.2645609031977343, 0.10272242772600298, 0.4076921998420304, -0.3814140005362684, 0.07078702456376013, -0.22862211609084065, 0.38370163430607795, -0.044765847472513984, 0.1658891782426896, -0.31677552318967483, 0.03629756534134976, -0.3796633381941104, 0.21321591444496707, 0.14632485298671857, 0.6027192755630628, -0.18068882993257573, 0.3309368500523622, 0.08932184996221107, 0.38153215749268626, 0.2035392232973591, 0.18323590605546713, 0.2128413451766868, -0.438255956949105, -0.16057753151315035, 0.23147354676373622, -0.12646692700845782, -0.05920948793957308, -0.21899080902586682, 0.06532587373898513, -0.0005102380172599535, 0.3720611118416515, 0.027502720095255184, -0.06553243022516633, 0.03162671191680112, -0.5635317774604001, -0.09611880035309607, -0.5113046541961322, -0.6091569244892046, 0.35053711994671855, 0.2205523930089812, -0.31468777905671275, -0.10963814854037761, -0.27867246848465177, -0.3840908909442647, -0.23651481437821953, 0.3979254478692598, -0.13849290457057498, 0.26304338277801886, 0.05516784085431841, -0.3776703729655758, -0.3958875526952049, 0.2436450306755113, 0.47233925109280184, -0.0620903545583934, 0.3086830851615957, 0.13973684749983856, 0.15212193111300656, 0.5853017332194477, -0.24706443150244478, -0.12104496866645094, -0.04078040028110215, -0.12949061703445827, -0.3626560061229987, 0.10817530451915237, 0.1537427164881018, -0.1837673824778122, 0.11999322612918428, 0.3744679554095237, -0.06482742924212381, -0.30830945717872904, -0.16008359836766295, 0.0489739403539949, -0.12661832750685836, -0.22173497723984245, -0.33016760507704046, -0.14375883082345342, -0.060983694816420395, -0.015577937358026733, 0.14771510783903014, 0.32910379963701214, 0.39591758955571277, -0.3567059382214329, 0.17194067373212013, -0.04926065202566511, 0.17964960835790283, -0.00021125184106279794, -0.09260454881774194, -0.09424744480779244, -0.3864543571608824, -0.07478248521389337, -0.010639403647414097, -0.10348267513327752, -0.4622605257793745, -0.04646199910925001, 0.2532479291232318, -0.17872230554306132]
798.7590256593568	(9, 12, 2)	[0.415009874766732, -0.3304585839777466, 0.25007493246986906, 0.2542093063570649, -0.372059313263299, 0.3507051980817243, 0.4427156373637655, -0.09874558229614477, 0.10117679574550112, -0.17951969236351834, 0.019655765786090056, 0.06374608423866632, -0.022530291677435536, 0.004137215553729505, 0.17548031851995163, 0.21189192800793147, -0.3239362398935936, 0.12316946897325967, 0.2213658467406232, -0.004530486022521718, -0.39999955218337174, 0.022318349162747414, -0.6242376496013068, 0.31867402326442024, -0.38041707185577445, 0.3851400826683251, 0.46908695490590874, 0.27953448316057017, 0.21812321440138094, -0.285727704856593, -0.27488847439252195, 0.3769330540629833, 0.3095188822746958, -0.054471903102187934, 0.1229948005763147, 0.019993443331616727, 0.192601337139501, 0.08030449063474643, 0.33138721235032187, -0.2944833551418612, 0.06208503489239617, -0.3090433320852014, 0.48334825121720243, 0.1365943433877128, 0.10684337766915102, -0.2395596853107189, -0.03733726024991178, -0.35166814187531364, 0.2858625552991311, 0.10738048661344005, 0.5634963042476091, -0.20729061189292758, 0.3609223786929538, 0.07515734091600497, 0.2143459314565711, 0.21498493329873938, 0.15478197059522558, 0.052711445550012115, -0.41653878475360573, -0.2599367777394708, 0.3319327407258992, -0.09002580396206061, -0.02856850443345285, -0.22980782261942034, 0.09852086545126221, 0.07387808516022842, 0.31068437627867185, 0.03263889033783674, -0.06988566169895825, 0.05387180657349187, -0.5808103427495737, -0.24007886850402038, -0.48048408286002836, -0.5989084375329463, 0.3523618380181641, 0.22703104453419176, -0.385362973161631, -0.04326302999393007, -0.2279292312909663, -0.427701523234564, -0.09451106013381344, 0.42255341071991936, -0.01667924509194109, 0.2476131059895465, 0.09220748543229668, -0.3567019831408649, -0.5864257463717002, 0.24188856987534174, 0.28144957691168165, -0.05031294799502479, 0.2750546213168996, 0.20289341511819664, 0.03316303164034496, 0.6123979350298568, -0.20893637764669756, -0.2605247748965621, -0.01565165707451035, -0.15094808557034806, -0.5221515359496517, 0.18070856655891435, 0.06843235360626893, -0.19168949016392353, 0.15936574169460635, 0.2569507373435512, -0.013042181919899334, -0.3327434257809534, -0.1972879885813185, 0.023025135354317577, -0.19895975747329675, -0.18326971914711818, -0.38143243043109165, -0.15196933429998022, 0.02533167437089398, 0.029392396207660085, 0.07877828047895441, 0.30835935524769986, 0.4586833830660765, -0.36160407675681294, 0.23024319317231054, -0.0004527629904119111, 0.1601939646511425, 0.03947905210614993, -0.07670227074317093, -0.0393426864699615, -0.36297100526593107, -0.025463025224859586, -0.1111062010602352, -0.1319347765496327, -0.4773647875142708, 0.0008696842921684057, 0.22552834370348634, -0.18298467910718968]
628.9174148123396	(9, 12, 2)	[0.3856341596789353, -0.30888191123072284, 0.235674984721494, 0.2207969278877733, -0.35820536650575235, 0.3545057792199246, 0.3733026939493568, -0.06257636697953793, 0.09274300065500493, -0.24728359554328935, 0.06485130882532057, -0.07855985706422443, 0.049974547193309196, 0.000852310379905939, 0.19193598697355035, 0.3987838836612495, -0.3155724759313723, 0.11825243904462429, 0.2259106016481559, 0.01052419605670031, -0.32606555515741475, 0.0507183324678592, -0.622033679426715, 0.32189056980577985, -0.3482752902224501, 0.3789759685932297, 0.39958600374491643, 0.24473596437796596, 0.08066398792911635, -0.14692607329427237, -0.37905207187382606, 0.3521750106184885, 0.2609653298892718, 0.03772924364276149, 0.11021165253374568, -0.012278528326700016, 0.18536091511072025, 0.06969381910577176, 0.3538209704569127, -0.27517087501444903, -0.1723939561160227, -0.32227453804074463, 0.3698849578838577, 0.09025949952160417, 0.13042907673967913, -0.25254701206000973, -0.015745930091056584, -0.38949587959068155, 0.2534299168658204, 0.09419274862316736, 0.5260582850733646, -0.20963142646302413, 0.31648899105305217, 0.07552538531656991, 0.20520409556482275, 0.16137172461630767, 0.20635441911305502, 0.14323439205937485, -0.43337640230540286, -0.2334273562232076, 0.32028876993022964, -0.21623893580841144, -0.03750961150759739, -0.26666251281311854, 0.10730948928122253, 0.06981211822529851, 0.3040406027463127, 0.06608064786409742, -0.013297330399744539, 0.08252722900161287, -0.5424058064429602, -0.18876554699063133, -0.3412334394280063, -0.6069414716392887, 0.3882632407805448, 0.20757073983076688, -0.3579219810706328, -0.06896428182314814, -0.25499994329496534, -0.40371560076251545, -0.2168359757723477, 0.4046339308197737, -0.10764845140925768, 0.24366837691344814, 0.08084144729988285, -0.2599645326623895, -0.37138415433922206, 0.184748318611535, 0.2895596980724173, -0.05236241875541982, 0.24385953177208836, 0.256698622831487, -0.03022762163135816, 0.5735182050065156, -0.29881941251732624, -0.23861939896852635, 0.013018207077349417, -0.17206470565164586, -0.4969828278228961, 0.17116251616099587, 0.012481552903017955, -0.21586340888076572, 0.131579476203958, 0.2745184676889429, -0.048248716989074215, -0.3755969314546923, -0.21076842082999261, 0.01897250033615676, -0.23270062587572424, -0.1984347688461241, -0.38439332979902896, -0.1852498510801846, -0.01188305479195629, -0.09233272040885106, 0.04773064272049195, 0.2573756506426345, 0.44749910170495033, -0.33356951664851053, 0.2239148196786873, 0.02262730336321947, 0.24052404767570412, -0.0651012193632888, -0.07883883210831225, -0.056123877703185485, -0.3224040461578651, -0.09129566368102363, -0.15484675251499216, -0.05267802881299999, -0.4402180508925712, -0.01622312273261806, 0.21698178983686234, -0.26002432262035713]
1458.3905739002914	(9, 12, 2)	[0.37065021659789743, -0.3081975519811506, 0.3175217993303183, 0.24065075500450955, -0.3704250945925041, 0.3592061631604774, 0.36825486809119856, -0.03012550392884719, 0.11671046953370591, -0.23083027639979822, 0.020857914128860414, 0.04671539890302723, 0.034995267705668236, 0.004589565592798359, 0.2045929201209532, 0.21646059357327835, -0.3167154239054545, 0.1296159926671611, 0.2286455421349314, 0.033784374604341194, -0.3451951209690708, 0.06440710725173626, -0.681651344380979, 0.35861648433158955, -0.34158173518408674, 0.4093711377947108, 0.42742686671518765, 0.32910494258526657, 0.12318561637534445, -0.15404397266631184, -0.41621955597410115, 0.3618740841627739, 0.2652714962000309, 0.012023303258363576, 0.11280812486074777, 0.002542251404938205, 0.0029444673764873024, 0.06995458329645954, 0.35832649698744795, -0.2810197724784101, 0.07413251718437697, -0.23872289921888162, 0.46463501404510266, 0.07693341617173234, 0.15263882842252005, -0.244258556466192, 0.0013372180071335275, -0.36960571950180077, 0.22099791020567067, 0.05779705482855683, 0.5655372265753305, -0.209728048789753, 0.3312369818473045, 0.061772517113363665, 0.1077414869134201, 0.2901650800101158, 0.14424777778994752, 0.17876579782247315, -0.5090780385019751, -0.22861531159677162, 0.2984236377300622, -0.18742116439569578, -0.0486094038708751, -0.2365989204337001, 0.11331226417385115, 0.0642981087326096, 0.3349080005843218, 0.09350094003300424, -0.09953955893810187, 0.043004081552788044, -0.5717295874462356, -0.20574259881468177, -0.5538200505143926, -0.6073381946453192, 0.3759468716397184, 0.22058832284190877, -0.3599570892916437, -0.09753865372487772, -0.25887369352586076, -0.3937090715984809, -0.1661951638794368, 0.4064271609836616, -0.03362281019009658, 0.25739737736793555, 0.07735433391286613, -0.3759996760571599, -0.39409784347468596, 0.21272893289939648, 0.29221152608035017, -0.05490423429602459, 0.2584029534167255, 0.21585780529176088, 0.04161896564978738, 0.6080701300029263, -0.261368941973251, -0.25155708760886897, -0.20302158355876, -0.1721133478704831, -0.48856927909004905, 0.10594588320277026, 0.09819180937574273, -0.33013768903511337, 0.1206968866262347, 0.27802067683584175, -0.023689825557215834, -0.2551335204608364, -0.22983241900444287, 0.04193995339940982, -0.23594691461242562, -0.20905682468589942, -0.38529194701462155, -0.151305248722428, -0.08304811822934208, -0.07157096660071295, 0.04824348056540834, 0.3028292477389626, 0.45446252651574615, -0.3380674387541567, 0.20901134470569965, 0.03951976352364439, 0.20987626601413328, 0.04760404381795808, -0.08663851369765382, -0.04581504683658575, -0.43531477789044626, -0.10144202733999362, -0.17234965156322907, -0.10042961826283577, -0.4179950482248312, -0.050347213128794484, 0.2232893332997482, -0.17846837020314527]
818.9260058624654	(9, 12, 2)	[0.397178277454438, -0.30019167594226953, 0.24582291352274213, 0.2554673249165105, -0.4432567192134576, 0.4236168728279129, 0.40252687025084566, -0.013665502742866095, 0.09233235427003635, -0.2620456158392195, 0.04792862299186345, 0.04055523870303144, 0.05062910803489149, 0.02015026394500857, 0.17534396333607902, 0.20226565811327565, -0.387618149636784, 0.15438827816583822, 0.23355154710554596, -0.0004725035164156945, -0.3512170845930687, 0.05201148244425402, -0.5899641222670453, 0.375127051265662, -0.4528072929660627, 0.41749809073184074, 0.3695030938900961, 0.295545848386626, 0.06380815224665254, -0.12986336936178827, -0.39683270089904343, 0.41352142064708153, 0.2774750418987296, -0.018641206097212506, 0.12510450370804926, 0.01012615215052758, 0.22647896652017285, 0.0758938801490785, 0.36990307657930627, -0.3057002036519785, 0.11941586586715172, -0.35333275297803085, 0.43838899806220977, 0.1032448629051047, 0.1761666616241906, -0.26431601338999394, 0.00018492090024778592, -0.3500031137794931, 0.2670116582783359, 0.10900721201266698, 0.5499445875208864, -0.16527778619636793, 0.3202447379096155, 0.11257663839959192, 0.2580235887609683, 0.1754560552661917, 0.17292760063016493, 0.17240852939925977, -0.4921785765448653, -0.30195240262766854, 0.18993934210902147, -0.1529275714819754, -0.07738866924499449, -0.2561631879252831, 0.09248623599909861, 0.04078252536455549, 0.3507131154861091, 0.04308585108308528, -0.0668785817010978, 0.07784832461737379, -0.5282258859629853, -0.18239815604617945, -0.5613887706798419, -0.6081144767198952, 0.3450942020960462, 0.2212572409447915, -0.2368007300643259, -0.04426905407816967, -0.2665500755324049, -0.3933082572670782, -0.21125296915261274, 0.3721740762766834, -0.09913420759810072, 0.21277729235160475, 0.08492475458647393, -0.4802363422104165, -0.3596698656181193, 0.21447841553521987, 0.4985919743727413, -0.06064866151485089, 0.2914297908845459, 0.19056885135593202, 0.09062469877543627, 0.6299498211224074, -0.2534511195929595, -0.2454350333999613, -0.19501383438082928, -0.16803459674939433, -0.4066704811594547, 0.3665792467687784, 0.06882543226945209, -0.1603464578800453, 0.15026455600340277, 0.23416558910181512, -0.03536042028631918, -0.36519786919591213, -0.12488440865083734, 0.007943628645298016, -0.12068139662287974, -0.22234462695747573, -0.28141573977189993, -0.23986507093473824, -0.05997022816502981, 0.1402684084110933, 0.057134917156629016, 0.31765052079350936, 0.4386991193405803, -0.331812659983191, 0.27820750749152307, -0.02003750860385474, 0.19096588256844937, 0.007800001848818557, -0.061108533146820646, 0.0767855009782959, -0.3684249175635567, 0.018736527573639472, -0.10672017422508003, 0.041709554516396144, -0.45713312363180736, -0.018683017824451267, 0.15779005422394998, -0.17819961629144682]
1036.8829103671376	(9, 12, 2)	[0.3654907305136261, -0.30408153581244984, 0.23249680765630226, 0.2442312790262037, -0.4397326555177544, 0.3710125947828893, 0.2576692970749158, -0.0328704795719859, 0.06255406994550405, -0.24354573964544357, 0.017220490468779517, -0.0182067823546759, 0.051264662167568954, -0.003494680662678081, 0.12560752685509002, 0.24785603610248141, -0.350152968257742, 0.16286143782437623, 0.25977714965184406, -0.008030139809660702, -0.23947679710296674, 0.08244752024351236, -0.6140801944337326, 0.2243098347607425, -0.43582214506446143, 0.43124184379939395, 0.4221779618094963, 0.28795032562300654, 0.22137021635557033, -0.0614998278565482, -0.31067059023635, 0.3456144477826078, 0.24035822076951685, 0.016880673701594396, 0.1346106776159403, 0.05015987659108061, 0.3159583753286149, -0.11989256226595382, 0.29630896825147945, -0.32604802161223023, 0.10596608960412487, -0.19210501866855653, 0.32362745497572687, 0.12961229120094217, 0.2608663864966746, -0.26010415595175806, 0.01990332188968183, -0.34039627939313083, 0.07438162861113515, 0.1276337828934558, 0.6108403097641698, -0.07827918465075953, 0.28107915776288617, 0.09232460009048721, 0.26790951959785836, 0.19511833563425798, 0.15608399869215123, 0.1801599699672211, -0.4383570816149693, -0.32397775799311757, 0.1531492640591617, -0.14054503074499577, -0.09335720289535226, -0.23433455984254276, 0.08142497188454684, 0.013891239149748012, 0.24257521566216614, 0.03748124427658184, -0.2350575064361453, 0.0822136961381787, -0.5260923526189822, -0.24151965628855232, -0.5666816709137859, -0.6116495833293615, 0.44221907720142484, 0.1810635510317826, -0.22767994924086152, -0.04553010211616995, -0.267314474300113, -0.3734514045130678, -0.13343552885433477, 0.3473316376886616, -0.06335780665796079, 0.23973847628261524, 0.04718555191808945, -0.37232794027685084, -0.4026690593293431, 0.17641192025517244, 0.34325091909711225, -0.06244669457944734, 0.26955875717919314, 0.20162153549034503, 0.0736108876711104, 0.6178263705557958, -0.2612910496105667, -0.1956413054262192, -0.09866604666755743, -0.023533994278710627, -0.4011288584464988, 0.13960798419977805, 0.13288037758758262, -0.19887370749157507, 0.23205732504523469, 0.25372992059186483, -0.011356165022822733, -0.38027913763039484, -0.16485902848292558, 0.11437081863884972, -0.17396342800298814, -0.21923992718646362, -0.2751183075911998, -0.20245346343887932, 0.1620145715826003, 0.22973799471017395, 0.10360707161072924, 0.35430901741132714, 0.4848751215552558, -0.3850308301640235, 0.29459810546390436, -0.05551940366105759, 0.1761766421838716, -0.004391994385454038, -0.07677083192749033, 0.08704604068113078, -0.36943280294690417, -0.0256068477177121, -0.10036404934451419, -0.042621757023878, -0.485534973805517, -0.013509970832967781, 0.24218198749666636, -0.13128164332415224]
908.5962614263304	(9, 12, 2)	[0.3971591716387725, -0.30421103106781994, 0.22660943589083465, 0.24382654099951825, -0.3801832155365621, 0.37012648460133224, 0.3788539972564182, 0.1272686361686684, 0.09183741170648077, -0.25337386736769146, 0.056489865561421534, 0.04049675677694639, 0.05400776035078146, 0.020947488151793224, 0.17704584890583938, 0.2466252937726198, -0.36400436159877125, 0.0772490011184096, 0.2335344883747284, -0.18106955247127343, -0.34572468494210723, 0.04839685164841251, -0.5918886313553863, 0.3218982146016338, -0.41225498291313123, 0.40086368679000617, 0.33553652340082807, 0.2610333829742525, 0.11352843447130032, -0.1438740971223926, -0.3950962995838634, 0.43837953343456004, 0.26461711702347274, 0.015537269979308814, 0.11997685092172589, -0.013389422008778004, 0.22504087717304208, 0.07240584316139087, 0.40383929602570523, -0.2991488023439566, 0.015450858204900067, -0.2535995921543276, 0.4086884527805933, 0.09841544260826048, 0.028955737241859854, -0.25769368214791866, 0.0700070041435582, -0.38602353048227267, 0.2739762600633492, 0.10097552841703868, 0.5291018808136372, -0.18405598433990783, 0.31188425677966314, 0.0834120983432566, 0.21378992626689441, 0.16494916920601493, 0.17560398734699104, 0.07727238312020686, -0.45987244356917356, -0.3017996626366558, 0.30381299000184697, -0.1878870666220019, -0.07652036592377891, -0.2597493534439634, 0.14664687047297334, 0.06202870027844684, 0.33093167886398656, -0.030158913002296447, -0.04296241979985661, -0.0231832566052075, -0.5689180412090745, -0.18811953048722208, -0.5232214677564501, -0.6080832166720157, 0.35316736824587897, 0.21466570475939345, -0.30215887779695405, -0.051767032940371036, -0.2592009153280415, -0.3933651877173007, -0.21288703835758643, 0.3729619085016445, -0.10720190430883192, 0.22893252304688355, 0.08644023990840084, -0.3752686762352331, -0.33717923922101417, 0.1470659449066787, 0.4220212196832063, -0.06065081774207261, 0.26121496138449674, 0.19768660993046794, 0.1251730311018083, 0.5970413968447297, -0.2843852884274218, -0.21428523165565622, -0.1525797162550916, -0.152762189234874, -0.43816731472367604, 0.18896015597312005, 0.05207299632459732, -0.2609356644539497, 0.15571883952506096, 0.2366952730169674, -0.14844777342557666, -0.3696849233042999, -0.20188776504242603, 0.015705956518644586, -0.12575067771101356, -0.27885820569821296, -0.3196727106072878, -0.1882772644206104, -0.008255755679960557, 0.12146691322253746, 0.057866820320922094, 0.31160805890706933, 0.4400310896074383, -0.36617252964136077, 0.24713748601091196, -0.002256042384314186, 0.10356764263729007, -0.00753837902527146, -0.07165024676063084, -0.0558323626999245, -0.3492390680504283, -0.005264368907833512, -0.12429665283210797, -0.06847514617176836, -0.42997359091284254, -0.016751963915724352, 0.21185444016769647, -0.23418334038537417]
695.6930830865338	(9, 12, 2)	[0.36839630891972924, -0.31253755627450897, 0.23820119001886242, 0.2547106301580101, -0.4221939423097411, 0.40257996128644613, 0.38854468759405564, -0.07023358561221874, 0.18670938579678006, -0.24326133218738727, 0.024187782806136243, 0.034347582403078704, 0.023468030562971164, 0.01389300866421693, 0.2412791366974923, 0.22765203708025836, -0.31250075840279606, 0.1631709036255987, 0.20993994592597115, -0.04285611363126475, -0.3318445042271235, 0.04331923426671057, -0.735157453217086, 0.37485509120787386, -0.34887100389514186, 0.4190802477095401, 0.39095996544352996, 0.2188947069931831, 0.10905436961034225, -0.14698386799356, -0.45395564322026993, 0.39022173888284317, 0.25852511233080655, 0.0239664627515885, 0.10803998228067435, -0.016038494827250005, 0.18761003711252067, 0.054696862964956544, 0.35126272386051915, -0.3339279619579947, -0.1327213568858242, -0.23026719078776547, 0.39720566869615276, 0.11938763984502913, 0.10434309981931841, -0.23899503480506631, 0.019565756231136315, -0.3872321256147608, 0.2568787304915173, 0.05882842509632137, 0.5486224198787373, -0.14878174834277266, 0.3077088491158403, 0.093326650761654, 0.1654800293045839, 0.17217171563148234, 0.1880065745657873, 0.005347676540745312, -0.44153698438458633, -0.14944481502421125, 0.31722741390506715, -0.14167681756878903, -0.036669542700690345, -0.2520963282752915, 0.09268511626204697, 0.06801031011327478, 0.31127387054089745, -0.05486714495516357, -0.04063181569078858, 0.04626439703849387, -0.5547090936007659, -0.17554898390508913, -0.3794812620913419, -0.6067285862446505, 0.3793704710998965, 0.21282113767997277, -0.34499948381807066, -0.07065764030930105, -0.2653030144802535, -0.39384781497141563, -0.16656497738485082, 0.4021987212473484, -0.1250174932924577, 0.26717084085028137, 0.1064811186879204, -0.33144858422000045, -0.49041158533182433, 0.23158211709590729, 0.2690936302022316, -0.06897512733968207, 0.2760201388408222, 0.21481116663797437, 0.0101727160486967, 0.5800969404226517, -0.3296641393007984, -0.19448255762902153, 0.04482064806879012, -0.15118747311667413, -0.45010871105783373, 0.20356211671020885, 0.09624725853891271, -0.17394591266784612, 0.14847406032988708, 0.2569761748072352, -0.04320776613636837, -0.3412531153475502, -0.3198666470531891, 0.09600088258543377, -0.20864773592069524, -0.19832849030759037, -0.23998766641230718, -0.15935971054274, -0.027771659027832928, -0.044233289809954404, 0.050214052434909506, 0.30494663277396794, 0.47296793069498644, -0.33728422480724657, 0.23575887339105395, 0.039336585758415754, 0.13580552173181742, 0.17048558642016745, -0.10690821459954196, -0.06351452243291884, -0.3121043292859051, -0.06547897607034536, -0.1428202806852141, -0.07318716309728947, -0.442824264827688, -0.0011498032462958596, 0.2126109791282526, -0.14890720579547684]
855.982249498202	(9, 12, 2)	[0.3938193056605461, -0.3270255432191802, 0.2183803411850302, 0.15468341277713263, -0.42569219901767175, 0.3621147679271598, 0.3824497463652431, -0.0364900741592057, 0.10281465217020354, -0.2537206923852383, 0.012484781459141536, -0.007244134960003622, 0.02878268083809183, 0.04653060458642909, 0.18041266113518428, 0.20722655955916996, -0.2977956789034137, 0.09423987190454725, 0.22115264511977528, -0.0603846998470836, -0.34272429787669423, 0.02862274386992545, -0.7001521849815238, 0.3207037292072218, -0.3645707828622908, 0.3990391111121796, 0.37442142207955165, 0.31634897368669135, 0.16481150877156248, -0.1797066753309284, -0.41921338453963697, 0.3876967266672628, 0.24046159151870022, 0.0373346803245264, 0.1462407920623238, -0.011985622647575394, 0.1780755208529465, 0.08533152188498477, 0.3682529277686665, -0.2877426866380512, -0.10088943299873226, -0.2931533844513565, 0.3983016553519595, 0.389889901483623, 0.15854715790576718, -0.1788482530005579, 0.014175307843359693, -0.3852728419562871, 0.2633166289364826, 0.06725481604116532, 0.545435587094454, -0.22246364599945437, 0.31937647389254153, 0.062312427837427825, 0.17380622846171637, 0.21044095998998252, 0.24594104903453168, 0.15883927325748662, -0.3698015338727418, -0.26151670078715306, 0.30168954378608565, -0.20468270192240848, -0.026783341158148462, -0.2322776102355589, 0.11520908010715591, 0.05770497597892643, 0.252879948924496, -0.1363503986179339, -0.027286839956213827, 0.07506248068740358, -0.6143990438734432, -0.33031769760870267, -0.3979342292883713, -0.6085823394248226, 0.3782075336905347, 0.2105252939204927, -0.42416081702243746, -0.07499769182485637, -0.23929364409447126, -0.397578703365262, -0.21469051291236158, 0.44523165551786215, -0.10722360442952755, 0.24689029058243558, 0.11100863699796266, -0.3438929379281575, -0.3954026014058154, 0.26066860549493387, 0.2850741661201005, -0.07090445305750198, 0.21800642943334575, 0.2873991408859066, 0.033211370585771074, 0.632009289682817, -0.28651909641160905, -0.18612660921489704, 0.11025419506858328, -0.14840021264335804, -0.32925979935373795, 0.1240251493799066, 0.06660769831956731, -0.20033898414120954, 0.1137020308672509, 0.17402525235164376, -0.08152984181143366, -0.3671623541785144, -0.2142905930009817, 0.05792073098398465, -0.18060985455123388, -0.22274899421143873, -0.39042080354277536, -0.09398622308020115, -0.014348963974636305, -0.06437488849091749, -0.02896859795942512, 0.30023208449375977, 0.43446143673402104, -0.3419068922735054, 0.2218442786030176, 0.0467359286126326, 0.22752392856171125, 0.03858811289175364, -0.07005486780148933, -0.0804053303084764, -0.3446567509986845, -0.04705250371459983, -0.1054166150994013, -0.09116049975465171, -0.40452198859711513, -0.023002059316519025, 0.2650797353435138, -0.13732131333961647]
1056.621655863942	(9, 12, 2)	[0.3659893454330969, -0.31558761424060766, 0.1856183513050242, 0.07632230980585888, -0.48554828605910283, 0.3685202544239866, 0.4216423313626943, -0.04816142607256513, 0.0922445306578756, -0.2680109435984961, 0.027758661497369035, -0.011177220882123189, -0.022857107808541454, 0.02248639026863789, 0.12187177527043139, 0.1945790264253605, -0.34415953292767415, 0.21227079437066304, 0.21400447451784838, -0.010441130495549403, -0.33826711000782517, 0.04818150558777583, -0.6187344394430884, 0.2424251552093542, -0.3423140029360564, 0.45453856843684937, 0.42934461523445344, 0.27531345348016245, 0.03332332956677189, -0.1110945793137865, -0.582929643216507, 0.3329720716258543, 0.25239201543910433, 0.003867064515540253, 0.2151644341590619, 0.003915960648200223, 0.2787516507377672, -0.05664266351364641, 0.3556537184839761, -0.28791986471042413, 0.18157185524293937, -0.20296909504244567, 0.3674728994574409, 0.1319073460090701, 0.18734375034132192, -0.23391056096064405, -0.16039721063093404, -0.36469051388558865, 0.2741131847057369, 0.04702084122858387, 0.7256081323759931, -0.18089710724688096, 0.302697981837356, 0.09044555132583948, 0.23068579123166316, 0.22193723286073008, 0.18890348550979763, 0.1683371982568107, -0.46172633268602, -0.20338417910238438, 0.26909560480720635, -0.1522686952625914, 0.1916541260997692, -0.2373563292927408, 0.07893255687234169, 0.028387779391313508, 0.3289780103451005, 0.03918272684767976, 0.10916353375657435, 0.05764996568812808, -0.6841321499882267, -0.17634675540207512, -0.5204886741656277, -0.6063578595325496, 0.39761892847123925, 0.2225746625474707, -0.23484855804022536, -0.06734322322948683, -0.2306892025631759, -0.40739402925738, -0.03801452444260761, 0.3609092992477273, -0.17736826378763715, 0.28515043324423156, 0.09409356827321963, -0.20952813873082843, -0.3945134591086945, 0.16072771533272057, 0.5319924299561174, 0.04334235042093931, 0.267945032964528, 0.2455122807160427, 0.01017317897947242, 0.5661747515276639, -0.31988229130266216, -0.34052942031676164, -0.02967402316007702, -0.15943542469185756, -0.4232913089865683, 0.16260897658632745, 0.07564729883958421, -0.22257743366585278, 0.125750864407558, 0.2713103068623748, -0.030854811397703477, -0.37356926257735645, -0.19270362548327413, 0.027935454479540385, -0.17605232819589736, -0.3286969538297263, -0.5297362819952641, -0.11215183630816489, 0.026569891739387272, 0.1453295452062046, 0.07943318145887796, 0.31474973843237597, 0.4285036244557085, -0.4467921879871001, 0.2730792958668847, 0.03235298683625239, 0.22241159881421396, -0.007896083088442968, -0.07178539535493038, -0.06902557956595931, -0.3271190960193739, 0.019365851337213913, -0.10007643795200334, 0.008220991769526731, -0.37584996375150387, -0.06180223335182504, 0.27169591081957173, -0.23096650366595922]
1043.827313882445	(9, 12, 2)	[0.3571972091928465, -0.3186583103961307, 0.23297847834518715, 0.24465534712263765, -0.47829900219853494, 0.3743392250135732, 0.3903990846507103, -0.014337688755204206, 0.09200096243390271, -0.22405537584991297, 0.008873946782097273, 0.04099088702669262, -0.0012853720799787726, 2.5486363763618965e-05, 0.23859476046936764, 0.19127751654953276, -0.24688749000497323, 0.14449870995970937, 0.20578782558675618, -0.05854532368243222, -0.29192217268562026, 0.027070101834133747, -0.7198143663643597, 0.31043403359112054, -0.3498469766422998, 0.4341679193549426, 0.36559471277541, 0.2460409029384384, 0.1554775950641889, -0.17475105120354742, -0.4358329364418049, 0.45407096143011993, 0.23192034926794206, -0.038001048465416645, 0.11294793927019087, 0.004061351951349443, 0.21043662203244357, 0.08317744197010281, 0.35442891917800823, -0.30762257120413106, 0.15516731735655387, -0.30733193593028507, 0.39975341596705205, 0.13351281946264837, 0.13064138939643424, -0.25933223208816086, -0.02680819897494716, -0.3897501656874572, 0.2329148305050883, 0.05913544035779628, 0.5978231130467345, -0.12832947220436935, 0.3651922776634034, 0.1033814332023505, 0.21829470008498075, 0.17373505552107874, 0.20075393320810297, 0.04567342371676118, -0.428987316220476, -0.20309187478763166, 0.25724435711284316, -0.19505379372287507, -0.026069362391903377, -0.23911158922551962, 0.1149981692416469, -0.06454719530890463, 0.31146773223598073, 0.0024196627676954493, -0.021688852361995557, 0.09323377558346987, -0.5576972322537088, -0.19250803507523134, -0.44373398078588344, -0.6018602168447694, 0.36979625685877615, 0.21798286297285596, -0.3406238003348041, -0.10499910119010664, -0.25497377710084435, -0.4020056292727005, -0.19248171745369785, 0.37499321849899137, -0.074417782329009, 0.295505964142407, 0.10867112140694893, -0.37623545085258137, -0.3973306118195533, 0.20861759781342434, 0.28291879809636866, -0.07272641389916477, 0.2688602228563822, 0.21482430354899493, 0.021419634181335603, 0.6530403214097145, -0.2717835270136466, -0.23540059348538828, -0.1823183861138456, -0.17912093703132365, -0.44865206138201097, 0.20719012485557814, 0.07722398660968595, -0.17631391875495325, -0.13341167406908722, 0.2748525528728355, -0.039925487445540885, -0.4874354921333361, -0.2468603420013703, -0.014124808951044825, -0.18875168601645925, -0.1981312702482074, -0.2691699534767044, -0.1796384129714965, -0.04182676156378188, -0.039904010858001465, 0.05779197731577573, 0.2796786197185711, 0.42726407664633026, -0.34061941560322395, 0.22350895774162943, 0.053588319828931925, 0.18105093839058345, 0.11057256092064088, -0.09009831935751642, -0.08163587328937068, -0.3597065992216671, -0.03214734280098165, -0.11516273712417961, -0.07881558787900232, -0.47090203462062896, -0.004016594679583914, 0.2286719710131479, -0.1696638631240861]
824.6726057510766	(9, 12, 2)	[0.3973486117833209, -0.3125951317550317, 0.24325282484885022, 0.2429409744817633, -0.43545309985276764, 0.3660724173951242, 0.3720133455471607, -0.07512460995061367, 0.07058774328009661, -0.26220801713450725, 0.06485646280583776, 0.12411520340339101, 0.04984468071499664, -0.005459798440791294, -0.0006132117355457933, 0.22763499171658286, -0.36872077784528495, 0.21738261455648084, 0.2596426445379874, 0.005779364206537831, -0.32728735119587093, 0.010950766309115515, -0.5900962417557968, 0.3351019695462695, -0.36697972160293557, 0.5296194213840268, 0.37923184135967836, 0.343296443851477, 0.11524467921361788, -0.2731421836622069, -0.4206143010784382, 0.348872927667435, 0.18614000798692265, -0.004266968249407824, 0.1236121715421566, 0.005735933110143958, 0.18473448833375544, 0.020126707997791565, 0.39356370574198696, -0.08092878867757394, 0.01002501325408681, -0.2575286904056868, 0.47086028417089726, 0.08838458191717738, 0.10579084337221614, -0.23644141275212643, 0.0214473281414526, -0.3882995671290903, 0.2264291661178699, -0.004299648967954133, 0.5300002740249136, -0.2093514387973095, 0.2762489764261489, 0.1714189506000095, 0.14047602009594404, 0.20672946300614262, 0.20974621881596767, 0.23035655854031817, -0.6212408350920244, -0.23080254571877548, 0.2663193926380885, -0.16581577972301875, -0.08340277718173617, -0.562771272103322, 0.11151477873839163, 0.03953514760246053, 0.13778911814274233, 0.053106558446721165, -0.08850411221266873, 0.08651000559049057, -0.5471126140340472, -0.26343407220944776, -0.518475410584332, -0.596491280460423, 0.38197860697112523, 0.2239888578279594, -0.3590046493280411, -0.22137268160821363, -0.27069711590392276, -0.4652777970909757, -0.23776921751997876, 0.39320966088935905, -0.10317560453064166, 0.3173314154416383, 0.12434398857128359, -0.4191573424619176, -0.39074044310069195, 0.1559801327740284, 0.33226303738037577, -0.16572567510493175, 0.30110080391120736, 0.22686265028736463, 0.06437878610069657, 0.6443775389718731, -0.26674054939840014, -0.23543744876305764, 0.03938543887120705, -0.1606891904537697, -0.4157454414681892, 0.1071879577767478, 0.04374554225899232, -0.21548513939923483, 0.13181898836959444, 0.2750804564589528, -0.16932253205781486, -0.379284632411264, -0.17000926007653205, 0.09475969713677951, -0.15667459145372006, -0.1949700955573108, -0.3712623361784476, -0.1773617790781291, 0.014820922495262595, 0.0010012820717409717, 0.0807423274152356, 0.24636990214634008, 0.4662206189870057, -0.3404016560817308, 0.2218321063842355, 0.027335305016109653, 0.20370832647865517, 0.015568844034828772, -0.10666211305346578, -0.11225795482700754, -0.46798381283820933, -0.06296765857835622, -0.13679209726772074, -0.07290978701521936, -0.4293814810764472, -0.03109805699997461, 0.2749396011368836, -0.16408733524558988]
757.8484623203793	(9, 12, 2)	[0.3871990862160528, -0.31482209328197674, 0.33738165609457127, 0.24326469445616192, -0.47591688245212876, 0.37452482182505503, 0.38430955392867633, -0.06564241642854683, 0.08913603086406455, -0.2561103644842737, 0.022303307964582512, 0.1181892577371766, 0.02977599635861882, 0.04450993953525872, 0.055150838198156305, 0.20752938297722212, -0.35363553168068473, 0.18854252147341866, 0.32468304968453976, -0.004049663164794552, -0.3193171211811147, 0.019851633758600606, -0.6767991645808553, 0.326144615667028, -0.3770188729462375, 0.44486781228192485, 0.3696186373715892, 0.2980707507268807, 0.13382887964666657, -0.24648446227409732, -0.4312862163700825, 0.3615862773643865, 0.21849362194091382, 0.02198006348950572, 0.10286353996584854, 0.038844348565758, 0.18875549806190614, 0.026003956227172664, 0.3926487653295679, -0.23432517328354005, 0.13318270721428252, -0.11084882631794088, 0.4367878908971437, 0.15319282687537777, 0.10761801310919135, -0.29329892605004576, 0.11470154342354268, -0.3856296936613872, 0.2322880297205902, -0.0011487837457926013, 0.5485585225245582, -0.21117255326145018, 0.2791150042676642, 0.09487942738578471, 0.2565274771440927, 0.20709811526346197, 0.21371966752139954, 0.196921029466045, -0.489973696281644, -0.05607146568772953, 0.26258718668241066, -0.1560238736611755, -0.01133595541867266, -0.32713733842233916, 0.09473073153640049, 0.04142866750489818, 0.2426157304499872, 0.04414789669295726, -0.18688899588230773, 0.07201080255900984, -0.6175240547117339, -0.3779353009929241, -0.505505835512696, -0.4102440430884682, 0.37827389546754386, 0.21085545627351554, -0.372433282188221, -0.145378611425589, -0.22354737447898543, -0.4046924686102127, -0.20724252446554287, 0.386686753361947, -0.12370046285629528, 0.4142022903787636, 0.1516323341485191, -0.4204835889501899, -0.37003557252446884, 0.19958875294339365, 0.25603924564811575, -0.14941963353183593, 0.05658856299360467, 0.22126469803252116, 0.09292336014022048, 0.7474432071856902, -0.2430339580238497, -0.24029858678265975, -0.24869728123251894, -0.15076892502561362, -0.41677253808122094, 0.08300652842099189, 0.10466482582267632, -0.21104839116160679, 0.12734329046989168, 0.2961139090110497, -0.15183601580111258, -0.3480810448787304, -0.2884731218381539, 0.07832413346691866, -0.17487583315964056, -0.1370105558947092, -0.3656151029257928, -0.1690340330883194, 0.011971729031842416, -0.011718213595112442, 0.06744959782292442, 0.28278193910570243, 0.46227739517922034, -0.26575878863107605, 0.25234367123952617, 0.027126349176630038, 0.2047882490538748, 0.004128565548537546, -0.12042695906312176, -0.11277326799420087, -0.3581802721775144, -0.05369790326252304, -0.11204296445397133, -0.06523629374687766, -0.5305153011331973, -0.0647872650982816, 0.27293816747457095, -0.14879818365169656]
740.692867050365	(9, 12, 2)	[0.44157313739606097, -0.30254227405179546, 0.22168621660629195, 0.24060217369121817, -0.4414314821136083, 0.3788006918706541, 0.35728552774695355, -0.02732856325450885, 0.18631277988598316, -0.24093772897617047, 0.05428092090352114, -0.00816899746522708, 0.027548367136416396, 0.1568307535645131, 0.1540033006665864, 0.23685706444556018, -0.26874425850035577, 0.1394254894782662, 0.24102260609601872, -0.09585754873824803, -0.34884381841895856, 0.04824669585426654, -0.6158021452715977, 0.24960641380484444, -0.37024634363608233, 0.4388636071406613, 0.36890075732309896, 0.289871522766731, 0.14858234666960812, -0.2026407823728357, -0.44469641704313506, 0.35664040370317845, 0.2776659631608722, -0.03725496844267585, 0.06667234319765397, -0.010426798770616775, 0.2007535416017563, 0.07742228300675813, 0.3095679212554783, -0.3218033774792911, 0.08951299615315547, -0.28137783143926354, 0.5048866216082336, 0.21207330830554283, 0.09541011365486082, -0.2740193538408225, -0.03929272556989696, -0.3203334084345292, 0.24169205855970408, 0.2051443973842923, 0.5767322686144145, -0.1460749852241399, 0.3360444690673151, 0.3142520271420022, 0.13552433214793108, 0.17718508906517275, 0.22565717435008031, 0.1885043329107216, -0.4575782512562791, -0.2082859005269929, 0.3364671167315022, -0.34835908721578834, -0.012977935770724596, -0.17288396025488328, 0.10414903922757884, 0.07517146077930778, 0.3142130665870255, -0.004494573015416486, -0.038103907624078434, 0.031203008679279463, -0.7717964089964514, -0.21890906607077731, -0.5192482881318304, -0.6054728319569763, 0.36368508484601625, 0.22066508867967222, -0.37325396861284826, -0.08896759211941546, -0.23143125767091158, -0.5114745345690144, -0.017406465254597464, 0.385428095369153, -0.10855441880980918, 0.2103641115276942, 0.13452146548232172, -0.4269654082099294, -0.3097836426176204, 0.21013488725728655, 0.33335774007744745, -0.05806703822583238, 0.26440171819212993, 0.23295632560210022, 0.06012906781911619, 0.6293971829926457, -0.29609948722881024, -0.21492525720465905, -0.025945101293510266, -0.1570951613500135, -0.43177823121543973, 0.12347924573150998, 0.0618089763463987, -0.3254114444809998, 0.11018390848226062, 0.27637798051026996, -0.17352945794877292, -0.3363370688975817, -0.19318954143532874, -0.0015114095092186577, -0.17124938227233255, -0.24918520440459038, -0.38957075623040094, -0.15458963117000057, 0.2118790275983656, 0.05886317356861714, 0.10097954490982824, 0.3568506597118161, 0.47756623491613404, -0.3428917615233486, 0.14243088169292048, 0.008248629884174375, 0.1743591825162672, 0.05989000289983887, -0.04577151081924763, -0.055596712537448995, -0.3073715758678855, -0.03162196102455711, -0.13235517611892125, 0.0017673686647280236, -0.5159972757657436, -0.038991323554105714, 0.2000311929989857, -0.3441569449564463]
743.6159284526532	(9, 12, 2)	[0.42787046621305314, -0.3857699829777108, 0.23237472598967657, 0.2568580135009893, -0.44070283950396977, 0.42786461541016635, 0.34112877493672644, -0.039599195091294566, 0.10001229469100913, -0.26456154967963064, -0.31944846815331346, 0.02646348516400534, -0.28206096652968965, 0.025243371590481817, 0.1772498223701816, 0.20609697619311348, -0.30046116544824203, 0.035396876896619967, 0.2073949123994925, -0.04122179223733591, -0.3311040022383777, -0.12459414442378014, -0.65248600593113, 0.36512359297656216, -0.3433657381235889, 0.32292436402002345, 0.3879672768501917, 0.33494031683276554, 0.01761280688994518, -0.18790643360981377, -0.4595562864825249, 0.39280485928760517, 0.08241794971083927, 0.03352872047578607, 0.11405215522272455, -0.03599527511331641, 0.18639157380308385, 0.038611111413877464, 0.3558673262984897, -0.33152989590866966, 0.07529231301863601, -0.2897933472269675, 0.4414388944019687, 0.12637495769208335, 0.13246130002971113, -0.2534077657443531, 0.027198780371484283, -0.3942382476100593, 0.25637086066531195, 0.06636997892961519, 0.5593629204739915, -0.16712828842449393, 0.3282880409190226, 0.12503986180407956, 0.1940653060345977, 0.17418235045682864, 0.21330288601515832, 0.0872072029015277, -0.41702949533333045, -0.22241592045120276, 0.25892436446769707, -0.1426109497255614, -0.03857388946409579, -0.19916645145593093, 0.19230905481032912, 0.07593763489667132, 0.3318695085759986, 0.024144583532999777, -0.0907015061878931, 0.04559478148302963, -0.6782161335169049, -0.23898644631750096, -0.5320151356958351, -0.37925311792764715, 0.37908191068775293, 0.26904345712764405, -0.15183863632245548, -0.09661966203887463, -0.07221776982831275, -0.3968222760920611, -0.18431011739274944, 0.35483522698022396, -0.10815808377536595, 0.1774523092849081, 0.09644162158176434, -0.31898819207301615, -0.44292853635430085, 0.2841538254400473, 0.30250238370987687, 0.032516272157833634, 0.2802474368827801, 0.17415660966725538, 0.00941816819549265, 0.5807031805565751, -0.3315150012586027, -0.19327287649633523, 0.0338564154218639, -0.15268101527362157, -0.3918115746985634, 0.1862442621622416, 0.09196389211036916, -0.2125288602801073, 0.14555452889723866, 0.22601101116868788, -0.046879994286396484, -0.3591285141410397, -0.27170885624037217, -0.02117241072614899, -0.20333990269460792, -0.19895975419054002, -0.4243526740196517, -0.1717572086929275, -0.05516780043633354, 0.01208749074712314, 0.07684888655408964, 0.312558761953726, 0.5097289655180369, -0.33498042272811485, 0.25593563204119596, 0.08667462377993296, 0.15045152440248472, 0.16603045004789718, -0.08577310512066535, -0.09142994107792743, -0.3300083400689043, 0.03029656021589864, -0.16033196424147267, -0.07681426300182594, -0.4336985363801846, -0.03407140269109917, 0.2215470921120998, -0.15357720428550403]
636.7934803768728	(9, 12, 2)	[0.42787046621305314, -0.3857699829777108, 0.23237472598967657, 0.2568580135009893, -0.44070283950396977, 0.42786461541016635, 0.34112877493672644, -0.039599195091294566, 0.10001229469100913, -0.26456154967963064, -0.31944846815331346, 0.02646348516400534, -0.28206096652968965, 0.025243371590481817, 0.1772498223701816, 0.20609697619311348, -0.30046116544824203, 0.035396876896619967, 0.2073949123994925, -0.04122179223733591, -0.3311040022383777, -0.12459414442378014, -0.65248600593113, 0.36512359297656216, -0.3433657381235889, 0.32292436402002345, 0.3879672768501917, 0.33494031683276554, 0.01761280688994518, -0.18790643360981377, -0.4595562864825249, 0.39280485928760517, 0.08241794971083927, 0.03352872047578607, 0.11405215522272455, -0.03599527511331641, 0.18639157380308385, 0.038611111413877464, 0.3558673262984897, -0.33152989590866966, 0.07529231301863601, -0.2897933472269675, 0.4414388944019687, 0.12637495769208335, 0.13246130002971113, -0.2534077657443531, 0.027198780371484283, -0.3942382476100593, 0.25637086066531195, 0.06636997892961519, 0.5593629204739915, -0.16712828842449393, 0.3282880409190226, 0.12503986180407956, 0.1940653060345977, 0.17418235045682864, 0.21330288601515832, 0.0872072029015277, -0.41702949533333045, -0.22241592045120276, 0.25892436446769707, -0.1426109497255614, -0.03857388946409579, -0.19916645145593093, 0.19230905481032912, 0.07593763489667132, 0.3318695085759986, 0.024144583532999777, -0.0907015061878931, 0.04559478148302963, -0.6782161335169049, -0.23898644631750096, -0.5320151356958351, -0.37925311792764715, 0.37908191068775293, 0.26904345712764405, -0.15183863632245548, -0.09661966203887463, -0.07221776982831275, -0.3968222760920611, -0.18431011739274944, 0.35483522698022396, -0.10815808377536595, 0.1774523092849081, 0.09644162158176434, -0.31898819207301615, -0.44292853635430085, 0.2841538254400473, 0.30250238370987687, 0.032516272157833634, 0.2802474368827801, 0.17415660966725538, 0.00941816819549265, 0.5807031805565751, -0.3315150012586027, -0.19327287649633523, 0.0338564154218639, -0.15268101527362157, -0.3918115746985634, 0.1862442621622416, 0.09196389211036916, -0.2125288602801073, 0.14555452889723866, 0.22601101116868788, -0.046879994286396484, -0.3591285141410397, -0.27170885624037217, -0.02117241072614899, -0.20333990269460792, -0.19895975419054002, -0.4243526740196517, -0.1717572086929275, -0.05516780043633354, 0.01208749074712314, 0.07684888655408964, 0.312558761953726, 0.5097289655180369, -0.33498042272811485, 0.25593563204119596, 0.08667462377993296, 0.15045152440248472, 0.16603045004789718, -0.08577310512066535, -0.09142994107792743, -0.3300083400689043, 0.03029656021589864, -0.16033196424147267, -0.07681426300182594, -0.4336985363801846, -0.03407140269109917, 0.2215470921120998, -0.15357720428550403]
769.9803059077958	(9, 12, 2)	[0.3948664537296897, -0.30224191791155003, 0.24958733276178177, 0.25201200935740775, -0.3962473566364873, 0.3916139730116245, 0.4533461452839117, -0.012655362795850186, 0.10875048723105911, -0.36135075930912275, -0.10311106527615005, 0.05006890062017461, -0.0028807439594242014, 0.042898733195068706, 0.208043945331573, 0.16623541442069253, -0.2696342305883247, 0.09144610131063263, 0.21178498900399226, -0.11177484803354448, -0.3020117107527643, 0.024975066469400235, -0.5220106341963703, 0.3256288711124007, -0.3621135716844061, 0.3951737051595861, 0.44747672974097485, 0.3274282557278702, 0.18410245214495854, -0.1691239846577586, -0.43971102353036434, 0.4447255826709533, 0.16952804833537333, 0.023788035190414218, 0.08480681094733017, -0.016308916792051424, 0.19433945188186477, 0.0169339977658369, 0.3701866363352483, -0.3659855310312778, -0.0033239288177246452, -0.26056305395092405, 0.431188107716719, 0.12575945292226293, 0.10928572434047099, -0.25743996503080474, 0.026686918473287285, -0.3507843642722187, 0.2513270072002456, 0.07918018843558902, 0.5971100516125631, -0.14233411741748578, 0.31277759678258543, 0.09900960738647485, 0.19060354253553258, 0.18095729725743448, 0.2286808185578045, 0.17101803647839378, -0.4263012442084363, -0.24587100809120913, 0.30255643292575374, -0.1788328573726308, -0.04981144766262889, -0.21692203430648113, 0.10821124231399469, 0.04241787865776282, 0.3102585465133857, 0.03255386972322915, -0.07412840252036537, 0.008314657206649834, -0.6437110351401738, -0.2324635518877538, -0.5164849285940731, -0.590077551624463, 0.4240821442061526, 0.20568185981541004, -0.3108728272736828, -0.010137092383199167, -0.28817703151274326, -0.39767633965870264, -0.16083212830224938, 0.3977283520088591, -0.10524318276018436, 0.3030556554025082, 0.08542574216966874, -0.3200233611751401, -0.4216591478409623, 0.20243753372499873, 0.31164563072163987, -0.10050432925716164, 0.2767731965191039, 0.22270577834514166, 0.025206369407020278, 0.6900558515635589, -0.31909895188300264, -0.2010581227138203, 0.004247237836154851, -0.14387435261987716, -0.43361185045158773, -0.0033096989061245363, 0.07146388881540718, -0.22701481227500792, 0.10316976825894597, 0.21730833286934376, 0.12252913123763959, -0.4127723147566432, -0.1788782496314673, 0.0749484343178527, -0.1495369845640377, -0.20555760002234794, -0.3797302150593369, -0.17723674912970663, 0.09846417558838103, 0.011321440162160731, 0.15005360982914437, 0.298904367799185, 0.4924054436628448, -0.3430428948078002, 0.23686624916380977, -0.0019720310692071044, 0.21728999387226697, 0.04932675076050995, -0.05507245514712632, -0.03994492273175894, -0.3384717291419374, 0.0016842519807014557, -0.12936912603137107, -0.0961366661599392, -0.43391100536223304, -0.09785781956891432, 0.17617474511925454, -0.15250687772171365]
1220.6953601707232	(9, 12, 2)	[0.3880402009559239, -0.2838841115519975, 0.252614629663546, 0.2663194094170714, -0.42953381754385134, 0.4171804423105109, 0.3441220164844687, 0.039980325102745275, 0.1043937077223188, -0.40099715152344256, -0.10142398869327292, 0.019846947771938434, -0.03356644920555846, 0.06660913928426498, 0.18307515684537257, 0.1931421588282361, -0.22860886251630586, 0.08616229101255785, 0.41924976581255624, -0.13753723606761387, -0.3094601341352834, 0.03711849644658989, -0.49584755625425375, 0.23123944430831372, -0.35466959514977936, 0.3360888993862162, 0.38488430092362763, 0.32288733182205215, 0.16572653228613313, -0.20125733087180206, -0.45899849029317197, 0.4095754680145763, 0.16452948069650122, 0.02633736471802923, 0.10660763613240568, -0.0049754617073127505, 0.22029313753152868, 0.03448908483349684, 0.38090823526849815, -0.30132264891634764, 0.08481658720755034, -0.27312403763797427, 0.4342215164863079, 0.14688162117592676, 0.18807504561150207, -0.25236082190996567, 0.015179481077153612, -0.35761077614864384, 0.25154712125068784, 0.11692301630789809, 0.647983815385175, -0.1748299585402257, 0.346895377354287, 0.05146273352716747, 0.20048658823419274, 0.17815578855533426, 0.21905659216925658, 0.1738974374639599, -0.4428339778084412, -0.25523375282956473, 0.27256349730939644, -0.15490126737931026, -0.012979016888476864, -0.21730702496381712, 0.04372476039393854, 0.06097582553825526, 0.26081717184585795, 0.034926528191344855, 0.08178955576498392, -0.0007074797845418937, -0.5461487262813118, -0.2347203887742587, -0.5141955750571816, -0.6051876648523302, 0.41593021524276275, 0.20732496744449067, -0.3141813549729706, -0.11595168568167129, -0.17946480830418243, -0.44869630107630454, -0.18181628949360248, 0.3565138545081642, -0.20556587887782166, 0.2075670330386797, 0.13593457515135499, -0.3507726601528775, -0.4182806529839758, 0.2446022402861236, 0.3115442320124176, -0.10042199723196038, 0.2785333395904137, 0.21303854324166818, 0.08433591553977816, 0.742320791525397, -0.29355741237197, -0.20460129051432496, -0.305050203285395, -0.1477997954183463, -0.4391333612000883, 0.17398061820639085, 0.06560944205807476, -0.24522506555529983, 0.13507916743997972, 0.3588473306746312, -0.05780584671701968, -0.42373607186595075, -0.1895519462954804, 0.034233855775794804, -0.17285431426838035, -0.20856016396918467, -0.35794782458017926, -0.2207014704765294, 0.021388340393798895, 0.025784592704768468, 0.05891352456846563, 0.322272862226583, 0.4858723659143302, -0.33008620333019345, 0.25419009557417005, 0.057106526566228714, 0.2366234475449133, 0.02810022383385706, 0.046618521918048716, -0.056179443975946805, -0.3373196330161951, -0.02533229472839483, -0.10924984767870735, -0.10665882951740642, -0.45531193132165404, 0.008827803742950321, 0.12075174369112325, -0.05454186694204022]
708.8343430173029	(9, 12, 2)	[0.3978315583662724, -0.3381374123715885, 0.22514434822002008, 0.23080661726950935, -0.43119061312865226, 0.34819181882573136, 0.3810238831277079, -0.021089530410235355, 0.09888487309549196, -0.2612594070079943, -0.08454977201851581, 0.10131933844771901, -0.006754738764619628, 0.03245794561563564, 0.2098920403822912, 0.20942663417324867, -0.18969284823545807, 0.16092481014730847, 0.2215461465352379, -0.08156566737592202, -0.3772351931404031, -0.06640342797177486, -0.5415257604879686, 0.3361417843961544, -0.347359711107312, 0.4178772902292148, 0.3916860780712256, 0.277883854050635, 0.16296243282031542, -0.18903865059598604, -0.4780474759763183, 0.27991955155126264, 0.19337434064380418, 0.032916420948106456, 0.10766704037068818, -0.035974714523333465, 0.20866659542902852, 0.0667776309866362, 0.36400550017680794, -0.19787962821022684, 0.038153409577281645, -0.2630243699419069, 0.43046647367650387, 0.154159272511028, 0.11881293557464728, -0.2542991779811009, 0.014445632255700521, -0.32495756442782786, 0.24955060093539955, 0.08361285306146979, 0.629612067524058, -0.15236996010526704, 0.3211723257245757, 0.10449065885227908, 0.21887204807379307, 0.15011003878005644, 0.2577923859632991, 0.06369666163454674, -0.4364371349310374, -0.2388453272307472, 0.2540307861307566, -0.16433900540546809, -0.11109185368553441, -0.22373031571892196, 0.1547046287770299, 0.09839683294757896, 0.407327915518274, 0.031261053070421894, -0.12904961148641844, 0.05544589856482202, -0.6432597800034563, -0.2574133730919228, -0.5061121344919363, -0.5354023366376709, 0.5320468859213443, 0.24956113336470143, -0.2911042494568153, -0.06538503479146743, -0.174351646432026, -0.3550506390320741, -0.19946890070947607, 0.37812894140244013, -0.0727908538190861, 0.24308655874178062, 0.07403208161475601, -0.3266792070641932, -0.4029473715378663, 0.2428572126651617, 0.31185926680177256, -0.0995881375725089, 0.2918700726645209, 0.1772490061536025, 0.0413778187146589, 0.6136416308561391, -0.2843057846570414, -0.2360630467814595, -0.029708322475019422, -0.1839524334732925, -0.4534081063993388, 0.24432493253999243, 0.0677137227142983, -0.11741747588287987, 0.24218626545553107, 0.2552502710661637, -0.028620861522594257, -0.35896819354544307, -0.23851001330911797, -0.045703832995985634, -0.1367078056336215, -0.21470876055835578, -0.3252891535153675, -0.1850659674033871, -0.02650278645632561, -0.004477687458975432, 0.05323760268313502, 0.31481226547853075, 0.5245339290178741, -0.20965790899041958, 0.21149456157527013, 0.18767646820324901, 0.16954519874185886, 0.08530555874528456, -0.04702137092446309, -0.0863935641918584, -0.41668636860322, -0.017859060608317198, -0.11227631760745957, -0.0817048773289464, -0.43733194498212113, -0.0364030152957842, 0.2726959773468077, -0.07913788085591954]
938.2229756628406	(9, 12, 2)	[0.407923670370413, -0.3203568609003563, 0.18760019360895736, 0.24244671939948753, -0.448821935142738, 0.40769342525896113, 0.3561711307359723, -0.014081814119108353, 0.10775739207774432, -0.12456247483683437, 0.02678179163834142, -0.006502373542315585, 0.04196762527510786, 0.13540570390149637, 0.15180435538857986, 0.22198363462765094, -0.22069289377233048, 0.16918174756662396, 0.2158357087019883, -0.12298344657212423, -0.3200693333873076, 0.009727906380534269, -0.5877209181505917, 0.3199975056714357, -0.4253307377222131, 0.724596551733216, 0.3691978584296342, 0.31170950845278533, 0.1295030258241737, -0.21022645583950456, -0.5697171826513256, 0.3547943367754636, 0.23310591343506368, 0.0179986099819632, 0.14047057238177887, 0.05310990369054866, 0.2023331732937217, -0.01826883850631781, 0.3038400551745325, -0.4093700950657718, 0.02114736758393945, -0.2184357017144082, 0.39065823360506197, 0.174998160514251, 0.10552019606949253, -0.256347618611634, 0.00045874156518605283, -0.3561838058797494, 0.24199237504166377, 0.07072676067305483, 0.723990054867936, -0.24424726136426428, 0.3229891916587776, 0.18682868322102042, 0.13655797152477617, 0.16450438985932675, 0.19111827099441905, 0.20690413817010223, -0.4576356115329653, -0.22390452520971926, 0.2937164627441156, -0.06939530311042152, -0.026816858330996653, -0.22213265941607113, 0.09209777294146819, 0.036413975023014855, 0.3025928179163008, 0.04629140247201511, -0.06905582827108474, 0.09361717982857345, -0.6184433061433561, -0.22277817506801909, -0.5002539597951651, -0.6057817441657622, 0.36422747007511014, 0.21775860784635848, -0.2746245506715375, -0.09871625965673875, -0.2651554600723981, -0.4616165724375513, -0.22848499561302787, 0.3845117640544012, -0.10362597822087037, 0.2261763276454637, 0.07519326360536868, -0.36940555594954244, -0.3793538326068986, 0.22184528092518713, 0.3290316778429581, -0.08874519224753341, 0.3007741236910045, 0.17653535788358823, 0.06054087346917593, 0.6242560114290303, -0.29859105912437245, -0.4755326649973479, 0.14322609329013108, -0.1354820022556288, -0.4369306842041124, 0.13304302658220493, 0.007269696005974411, -0.2941841126500993, 0.16945036804194397, 0.22807517647652586, -0.10115101406418751, -0.34140426106375854, -0.21592940366169544, 0.05020984338858109, -0.08459664442013798, -0.23662345236342694, -0.2991148559977364, -0.1860429632641103, 0.03665892172054054, 0.06584169304270333, 0.053973276766457315, 0.340273514797384, 0.4508614438100321, -0.34749226792427856, 0.22530882768666746, 0.023899316707663276, 0.197947287218147, 0.04411708198757634, 0.13272270130413194, -0.0563862628536065, -0.4043307852093394, -0.04928969728377492, -0.2787415241589862, -0.07521623483573597, -0.37331087147679026, -0.028736268836368345, 0.15981491888205465, -0.21008086663604697]
1093.2465683265862	(9, 12, 2)	[0.4069530191435255, -0.3293491714309235, 0.17940113711551114, 0.23623272331224232, -0.3854585105342566, 0.4122734390824143, 0.3505416656974131, -0.01579539844653106, 0.0835318431527485, -0.2531417363699536, 0.016477614777123967, -0.013376874006995125, 0.052273722986221134, 0.08031122064900545, 0.1771479519076915, 0.20337618239645824, -0.17807458804807758, 0.14685019998540524, 0.22967441624285556, -0.10118785355470802, -0.2495781129253011, 0.0546861879001891, -0.6141222008755128, 0.3217214536713964, -0.36159259936295907, 0.4231645058005832, 0.40756032843632417, 0.28675593318697457, 0.16972393698181623, -0.17015068370265313, -0.4516672265696139, 0.3683231013605412, 0.1767485704839174, 0.039466869055745535, 0.10179950959812653, 0.005841965734087208, 0.2010446837225344, 0.1253291591132667, 0.39830498784317686, -0.4197433144555519, 0.06689547789459051, -0.25118567688813215, 0.6369906750007535, 0.18198046879777835, 0.0793685645918294, -0.18739973962565523, -0.005705012127752804, -0.33595313157829976, 0.2605721864060777, 0.1073459771802846, 0.6537158425408747, -0.18152273169317518, 0.3363512186174908, 0.15191351611991652, 0.21859530760514045, 0.11066283581355336, 0.3222212431645311, 0.16113847990070723, -0.48036085112489635, -0.23619607431077122, 0.2825413074541801, -0.247227338896907, 0.06331661152162896, -0.22216372595715983, 0.11657144049787155, 0.026962756646501537, 0.28166485484084436, 0.05842292100452762, 0.07560476296405766, 0.045851195697350404, -0.623389437003307, -0.21575934426006882, -0.5090649255494029, -0.5782046500801361, 0.4014717291578892, 0.23621540285998915, -0.3503775541248643, -0.05713603552543507, -0.26356941282885354, -0.3493239919404118, -0.1470574895433085, 0.3026978978205854, -0.10478320708773703, 0.24913019743255543, 0.05958608766781118, -0.35923707363781776, -0.3789405830519652, 0.21159400068676443, 0.28183706358154115, -0.06995816998606125, 0.29666269403989304, 0.22103070849656792, 0.07120328172377, 0.6282536679520667, -0.3070903349652941, -0.15646706929567436, -0.026578882695069098, -0.124114182641033, -0.4469992317231448, 0.16362983697969097, 0.046393955043901924, -0.23623412643337297, 0.16458695311523244, 0.23862447825313576, -0.18218140594428717, -0.30446200020375075, -0.24034971260500337, 0.04685100019566709, -0.19100941065778415, -0.24794351043112242, -0.32838512743878545, -0.18438498498932704, 0.037803747632534676, 0.04910976100408055, 0.03143368456027597, 0.32459796021193477, 0.4423945813253273, -0.3306889644481454, 0.19296227035017086, 0.019444990063266013, 0.1244101936060551, 0.0614559206332195, 0.0688686066912584, -0.11445404890955621, -0.463665466245357, -0.02687452056771135, -0.1271336791781667, -0.09026296449605363, -0.4484054951250435, -0.022504345879437795, 0.2960787778978941, -0.14167535761492772]
784.9032053778923	(9, 12, 2)	[0.5340863926763649, -0.3984138600857187, 0.2727389668160519, 0.24311997197583707, -0.38569229217449286, 0.39878128467336904, 0.4203088588047349, -0.032070858071273474, 0.12789868512013397, -0.2664303232376483, -0.038199864264017835, 0.03241767466713984, -0.03593818585594268, 0.08133041587343219, 0.18173055897123067, 0.1984299727665862, -0.2586443333433445, 0.13727396943944048, 0.2092148992966414, -0.05761311378575044, -0.2389338914168795, 0.12174834501309229, -0.5769022526726121, 0.30320628269562194, -0.26332322946716086, 0.34947394312653507, 0.40111265105019184, 0.30413858410025785, 0.13650430581882106, -0.48856467572551765, -0.44028374651979596, 0.402949195575436, 0.1790396143056136, 0.02055729805540532, 0.11910370649980709, -0.017338438602468184, 0.19068121795933624, 0.08006854833853605, 0.37532894930777505, -0.2874804003586487, 0.00992096341329977, -0.2597864967514351, 0.44073574886566536, 0.1462640934785748, 0.14837859760116065, -0.2584015932851727, 0.041585769742182366, -0.2631729213882008, 0.24677016792985318, 0.10812872589323182, 0.567178385669071, -0.1413441947602825, 0.3173246090109585, 0.15855167976649537, 0.2969286484517444, 0.18759667465752122, 0.220828488355012, 0.1518487338377849, -0.41631792840147924, -0.2751683477890605, 0.28713591986489284, -0.15485838236057217, -0.04642473285337771, -0.2788594306722305, 0.09749205160397345, 0.07596905472294736, 0.28959164931090386, 0.025402191002987805, -0.0801455656365831, 0.030661633187186035, -0.5989653074412526, -0.3253911575868347, -0.48320738337693947, -0.6011841996138032, 0.41919358690743913, 0.09493696642623334, -0.3295138966371202, -0.08400441519854629, -0.2597790062920219, -0.4614660821688073, -0.17718036516786947, 0.36088797829476227, -0.10761406323461517, 0.3317796451162935, 0.16797165580875673, -0.34575205526567815, -0.3430073903103476, 0.19274057883958806, 0.32548310520487295, -0.10292233552257932, 0.40758852594491574, 0.22826180733832896, 0.014721418066368815, 0.6533522949867367, -0.44578051119808526, -0.18953134678383954, 0.02899641601738405, -0.14433046029704671, -0.4298398360193832, 0.12809909411340853, 0.08650554811368824, -0.4156686794352296, 0.08911517642716132, 0.24084410546027757, -0.03845613659085208, -0.6071271104183622, -0.1948393221236003, 0.0992427624610991, -0.18133859744106945, -0.21125191947948363, -0.35435681847738215, -0.18867672081320414, 0.056382306845349534, 0.07437531429583732, 0.07900797252570721, 0.31878317640911236, 0.47839750267352604, -0.3335026734564022, 0.1785643327881397, -0.00402407250607668, 0.061324599888293904, 0.0021316315561182575, -0.07462056313546064, -0.05286215910502397, -0.3699296665685452, 0.023243601807116702, -0.12783950889994966, -0.08968987964709862, -0.456582489259619, -0.06228490653810194, 0.20932199891788872, -0.15749863713236453]
624.2853710084594	(9, 12, 2)	[0.43519769168059685, -0.26870172288163063, 0.23824534885362791, 0.19564147842220617, -0.4698518456166788, 0.45766221497537074, 0.4107921113336428, 0.0007232697550538553, 0.12276094938369397, -0.357666539846076, -0.008315002133931706, 0.3034304648367496, 0.060152487577909794, 0.018953461729938368, 0.18739985697339762, 0.11911556249090316, -0.26401390442544853, 0.13873861306369503, 0.18373283711917437, -0.05939934682741772, -0.30573144561858234, 0.029084328157459885, -0.5243952482622818, 0.3674598360782095, -0.39600060460553965, 0.36908404916647025, 0.42067845856574404, 0.3122064005032128, 0.18583781399796523, -0.1849554968209153, -0.29991977314303064, 0.19012412741424695, 0.29583891494766223, 0.06052742274859773, 0.13571788710375787, -0.0021368333149801985, 0.22932445590508868, 0.10262999475366688, 0.3138776110343736, -0.36979382214047746, -0.07333118340465014, -0.30948350150034293, 0.36242591221714304, 0.09430910653144943, 0.12021997978054942, -0.2632903559178322, -0.08482526487159228, -0.37795783601415117, 0.2838337165449716, 0.08209850480644587, 0.5983799900098231, 0.03156769082853968, 0.18310173066061725, 0.15184932973607304, 0.35410680354421986, 0.18964524809430297, 0.22481264173851823, 0.21005847303426828, -0.4830132296162596, -0.2761219144091343, 0.2535024976068739, -0.1787285554764444, -0.04896457886322019, -0.18816606679701392, 0.1063350513743623, 0.015490706037252555, 0.21746917914993294, -0.014607892716025271, -0.12000585200600423, 0.16198633831548415, -0.5567149986573025, -0.21282261272037556, -0.4788567460907017, -0.6349837976427635, 0.4117701293172329, 0.31530306059984037, -0.36207889545080796, -0.1255911066041455, -0.24808855930851892, -0.3892531557950045, -0.19114738647758875, 0.3812977503678981, -0.03813218928500181, 0.23051888946899385, 0.10779147767820224, -0.26503691645163807, -0.32950487516745985, 0.17389676100214962, 0.27826755280293564, -0.07604479611662537, 0.3621987735944828, 0.20461087252524637, 0.07281905314912156, 0.6241016897422905, -0.2159975846996526, -0.24824832252071494, -0.019177358205113855, -0.13495889309251644, -0.43458724550073996, 0.15670704435580518, 0.06461532783403712, -0.3320977310754693, 0.10575034197095895, 0.3621356319335565, -0.07928038996275297, -0.3833545605889492, -0.22028336304721674, 0.048247082444289824, -0.07840110655577635, -0.23481718805455026, -0.3836805304953749, -0.21848834010396334, 0.019180581296714554, -0.0059741513584723365, 0.08062610961394531, 0.3038936512139162, 0.37657059784154745, -0.33654857700533825, 0.3511014658134299, -0.22993125835071318, 0.21348904054691106, 0.018153986162363054, -0.052684502868119015, -0.16086641393103523, -0.3478215558595886, -0.031583510351521564, -0.14788105723535652, -0.07865346436034792, -0.49261755185877015, -0.2474123256901179, 0.2181758591689844, -0.16251467922740284]
999.0301938098676	(9, 12, 2)	[0.5161856499806755, -0.33686721771778405, 0.22241314959805356, 0.23572144623499597, -0.39373284628904776, 0.3962166056697687, 0.3488344579914413, -0.07858885546101595, 0.09161862763501777, -0.2743132274017205, 0.01946229450874936, 0.015118466930584506, 0.0554535487692563, 0.09412742113323919, 0.16225893310043404, 0.07494496057022573, -0.3077903168587022, 0.14784655427350635, 0.23435524500810037, -0.09985497182099112, -0.3003046470288812, 0.007561077975776846, -0.4736731207900855, 0.31944246674292986, -0.34706528691549715, 0.36084331167343636, 0.4014563805394174, 0.28371981606899316, 0.20500374311201688, -0.15982067289830626, -0.6045213896236546, 0.48183139187816554, 0.2565725352063983, 0.045965198161307036, 0.11243807159219428, 0.07613684919554613, 0.10227673180940433, 0.027306747953992787, 0.340516385039614, -0.552213774652724, 0.0372238058482499, -0.2598582384098824, 0.44547914530251675, 0.19325707080728197, 0.15511245530971268, -0.25849269158658705, 0.02035134570750657, -0.36168545573335065, 0.2761740936529394, 0.08967324565363621, 0.6609684349019946, -0.1360060588090632, 0.25488487674426125, 0.08889246753092366, 0.22245938104980445, 0.12145633435202707, 0.17420845894158454, 0.18447003148027685, -0.4565986686484196, -0.13473095836044324, 0.2688667691744531, 0.004369282894237381, 0.01800712953976833, -0.23344157198074095, 0.08622273904454109, 0.08779262095113062, 0.3235386842766661, 0.02866894332019008, -0.022442957087923432, 0.04127511341143006, -0.583370217783019, -0.2086171813831487, -0.5285536392981913, -0.5997290919172786, 0.4025132528476413, 0.22566754884622886, -0.31335071202218356, -0.033936746898694414, -0.223757160285914, -0.3582251982004811, -0.162144857091833, 0.3102628684750563, -0.03920578279272667, 0.36325174842433183, 0.06685935057963913, -0.3547693874162774, -0.1321279520154162, 0.2721378394312961, 0.3179959512517156, -0.08919935504330363, 0.29946703074326253, 0.23958031273581573, 0.07450042301850614, 0.6213321235565952, -0.2663817341945448, -0.2719605066031766, -0.06644476837086352, -0.16028849964727776, -0.29467489812806247, 0.1414229764460636, 0.03660411395820731, -0.22966687462912103, 0.239641592724415, 0.2278181491137142, -0.03109174248119633, -0.19918446878138976, -0.1989817882759488, 0.06028622730350128, -0.0951011273388248, -0.24157187696179702, -0.3204738873982865, -0.11612893216428853, 0.022744775080932894, 0.046610594189364266, -0.022066087809582777, 0.3299849198884205, 0.4338450156837569, -0.3365964918269647, 0.33930551846868884, 0.002429519684963107, 0.437405600895155, 0.06175089234127967, -0.047208018028383654, -0.012467700011328867, -0.42764037603342986, 0.036727347361073734, -0.11371900435575608, -0.12932494660480903, -0.4433537863877112, -0.030216944232080614, 0.2038813317888325, -0.14768390149349198]
688.2049643178941	(9, 12, 2)	[0.3759303627079728, -0.32087472159495756, 0.2382008226669919, 0.23527271828015134, -0.45017683734422, 0.48555966263845074, 0.2837136254227712, -0.043977256071749855, 0.06894469757293498, -0.3676781348016003, -0.01473318376735761, 0.11934812941147191, 0.05173809717485993, 0.05718632102408928, 0.18668024925882415, 0.207102960389815, -0.2355110173400241, 0.15027065315762062, 0.2047082230390654, -0.07659612110051622, -0.2711625769353732, -0.013356373166400454, -0.5058138796624638, 0.30380564265218923, -0.5947806429363871, 0.3798227088375116, 0.49219034205609924, 0.292483263980868, 0.2025484984283636, -0.15175574324952976, -0.4558942488434285, 0.11879356061598777, 0.2925796731818418, 0.12522731488030459, 0.08051283298269803, 0.019000225003593486, 0.19251668411579734, 0.10383690000489712, 0.28805759470438225, -0.2849517967155652, -0.04208086339659411, -0.30159232369084277, 0.420739990261448, 0.17198346873634207, 0.1389835643345278, -0.23083184914365795, -0.05975739201687991, -0.3333483076326145, 0.22418911058235153, 0.11784769808922767, 0.5996904862693053, -0.15049128998412428, 0.272930706676557, 0.14404505785496996, 0.21898599721930956, 0.1333859146764304, 0.23095794821595442, 0.1287909236438096, -0.4650778791003769, -0.24714789693783923, 0.25445790466583623, -0.1662988376019178, -0.005835428103626019, -0.22226422207286878, 0.1366697903481101, -0.08034136603119976, 0.3256829777983789, -0.006571876378067783, -0.09054822727683959, -0.00025428765955577, -0.6094772344132601, -0.19572355055273383, -0.452222797258583, -0.5948641636485867, 0.4090281759688721, 0.28211521949922924, -0.33491337533049936, -0.11161316052547138, -0.2551786804258385, -0.29728806424742704, -0.1729428877461576, 0.36766749698911155, -0.06681390358866972, 0.2728065192123683, 0.06470798004275248, -0.25033443385083476, -0.24264065421710318, 0.19297259640731668, 0.2955909411997327, -0.12053280742194764, 0.3072875067474313, 0.2470986777038695, 0.067408514763355, 0.6235813827314759, -0.22829415959729604, -0.21100333983009764, -0.03900723755434843, -0.13176046770071234, -0.3847035851734014, 0.22513990403389186, 0.06933890333222305, -0.24772745520325434, 0.10921503812809091, 0.3152740840552162, -0.049646359391846785, -0.34978365970824365, -0.1901864495926616, 0.034532247886628065, -0.17600964931919483, -0.23389277307904513, -0.36123250554349207, -0.2173872446846761, 0.0050547951871536415, 5.1443928820730806e-05, 0.08779445024466617, 0.26901878463925516, 0.416420961077554, -0.2247049295598783, 0.2615221842143477, 0.022859806000776584, 0.14725564436048144, 0.11809128289341311, -0.05566071464198182, -0.10881828844452451, -0.3707650009385013, -0.06022305319641298, -0.1241463929132561, -0.09059191667488739, -0.47551292813407053, -0.0380894275102792, 0.07735953382968637, -0.12829251938590117]
883.0781047876557	(9, 12, 2)	[0.41191419146502006, -0.21532321928643045, 0.23589341791042526, 0.21466449854026137, -0.4152145550420394, 0.3907756078123845, 0.42906482356403114, -0.011545534441031402, 0.12185277085382713, -0.26953287355717176, -0.06835110462535844, -0.019920952021622904, 0.09144747289389313, 0.0409477022322064, 0.1863138223170347, 0.1681457017621995, -0.21290869602482848, 0.1734877140487513, 0.29270846789722066, -0.24764655709767053, -0.37032852771055785, 0.015847534856142202, -0.6244855457491068, 0.32350666233109854, -0.36274158849169175, 0.40057873936841143, 0.37438844259958637, 0.16610241169619283, 0.16815951710227617, -0.19545749268003618, -0.444298876181963, 0.3074858127096639, 0.24941132247845685, -0.028368727926541083, 0.12523108993249124, 0.04622651080671453, 0.19367268134734983, 0.01980304865400252, 0.3808012975354049, -0.3415326699082694, 0.051493295098309175, -0.34680300253551616, 0.5080028308895339, 0.21182222573474974, 0.34255833668260155, -0.2446893024876705, 0.013297155399563406, -0.3587961661573046, 0.2543272286429169, 0.05100974673256843, 0.6175594947243801, -0.17100828418933003, 0.2650193684963262, 0.14258603198018102, 0.3184165215045483, 0.18452263578104525, 0.20913938964008497, 0.18981804478533087, -0.41292817511517554, -0.26753645934947057, 0.09509344959045027, -0.174785224887648, -0.03517164373995473, -0.2158985434906864, 0.11531661339835542, 0.0489039339765171, 0.2879453470982296, 0.024553556912680904, -0.062079669794066095, -0.15647795775362475, -0.5835689090834397, -0.2343669013587425, -0.43952618859233106, -0.5863501169204155, 0.45978025849235765, 0.26537825981159924, -0.15316130291510405, -0.11963238698617998, -0.14869586060704082, -0.384578651655082, -0.20516458890485012, 0.3743659012143061, -0.1258265210724778, 0.24644154823837386, -0.044258258031657643, -0.3300485407190575, -0.38794974630195866, 0.3336016607606093, 0.3087483389364136, -0.10456025274762987, 0.30151979211099933, 0.22928279490672474, 0.04865958803908363, 0.618761010781043, -0.26706376776387414, -0.21104147587152017, -0.026874863103828223, -0.1635487531840294, -0.4617721792321644, 0.2068720007724804, 0.05565232978164635, -0.25085636143892276, 0.17500492981531698, 0.26942275033727453, -0.1024809488778425, -0.37970314252421095, -0.33768208632840924, 0.031070574610572173, -0.1288155113413946, -0.22606225553690673, -0.389991519057396, -0.18475164345163214, 0.035095166690927035, -0.006331724828956061, 0.07235624445864991, 0.3055883228338062, 0.5514366746607952, -0.3208601395636541, 0.21704918373404497, 0.025518367337512147, 0.16590915423503438, 0.07783438477867592, -0.058917504742249466, -0.1355251801271666, -0.36173792792170034, -0.006052771909911029, -0.1775545290783926, -0.08764975654778728, -0.4569466467189817, -0.019982808601055637, 0.2285567235975794, -0.1225700949538151]
969.4554618657367	(9, 12, 2)	[0.35639700844980393, -0.36621428692966834, 0.25496950542143454, 0.23908400545812092, -0.3862979505165173, 0.40592754021994293, 0.39612170502243893, 0.04659279188625141, 0.12451235781411621, -0.27917000920804774, 0.013774330172264412, 0.024621917128257106, 0.026857261615756606, 0.07948601136669739, 0.24672043630139606, 0.19455455798088145, -0.20611400305521874, 0.13735085581327586, 0.18760363371617456, -0.08012551961278933, -0.2688151487249472, 0.09971891774307157, -0.5860081946482962, 0.3094348899160362, -0.360172946728746, 0.35668325462026046, 0.25614002066863356, 0.29929561995140264, 0.14747469271188923, -0.18500938796614386, -0.4284343253596265, 0.28252432542957373, 0.19422783378600636, 0.021670679435897452, 0.11177363404759157, 0.005159357615039824, 0.19221908493423778, 0.08549741140594282, 0.4067714031446442, -0.2785840734990325, 0.031295696567102224, -0.26075478827990795, 0.3981531516205713, 0.0978446964125766, 0.13296225426267502, -0.22491125076612994, 0.01677389943614672, -0.30378948088523156, 0.25177209757434027, 0.13517166119724414, 0.5863157686218219, -0.12590548187435355, 0.3177222822280666, 0.15086289118070695, 0.2941550384091777, 0.15652357985999044, 0.22853193687835877, 0.13274096191582396, -0.4369077620584477, -0.266223071535227, 0.2743555360093312, -0.19457591771374477, -0.042492438093147525, -0.20234320601603867, 0.19869152926117928, 0.17271536359281803, 0.274858387965656, -0.028200318595779383, -0.04175443120273207, 0.009181219111032254, -0.5996793065933465, -0.25119658955005564, -0.4925067319222481, -0.5886071011862746, 0.4186786675452736, 0.21275171832426037, -0.3379204164532397, -0.08887415000523757, -0.23968870867821018, -0.43179162766819557, -0.1861748863532439, 0.3030649962248614, -0.12651319929505309, 0.37607342169518376, 0.1942116851751292, -0.3407100037975935, -0.3564405489227637, 0.19483064808369288, 0.30926376100949704, -0.0355839863968146, 0.3261765201102909, 0.2386988733246924, -0.0026280018918082224, 0.6350905437557268, -0.46204231249486744, -0.17943261576451086, -0.002631268423514521, -0.1452903908271204, -0.4370619366580202, 0.19042335298328295, 0.24844579024575872, -0.3572008353825702, 0.22840494318262616, 0.27316347115386475, -0.07261247183832065, -0.39342123380112975, -0.21239997284958737, 0.10338351928730329, -0.1968558484038737, -0.3462241390466385, -0.34497488095205286, -0.1907470605789853, 0.03485673293667536, 0.06514323043916147, 0.0670061000135731, 0.3191508281773407, 0.4310527510203518, -0.3200374639628572, 0.1997786056515898, -0.016032296995136967, 0.144076235214419, 0.016241366364959684, -0.05238492450149974, -0.08165908955575314, -0.37650083976526305, -0.010483175036646485, -0.12785592770957308, -0.08617570913853037, -0.5190381276135487, -0.036130385761194914, 0.21302559459520734, -0.1557661986649194]
1013.5271566589229	(9, 12, 2)	[0.40337992078233054, -0.2734193792643313, 0.2150530089794024, 0.24887624546567513, -0.4213147152004598, 0.439609473293351, 0.3498533289311959, 0.017388739502869573, 0.10495419518983078, -0.29212039143131946, -0.08851783483894485, 0.054809320197913, 0.04042583232027856, 0.0756862917966657, 0.16030649703012168, 0.10236166386068576, -0.29716061399149196, 0.14247552385484719, 0.2313266746375851, -0.07952687004353598, -0.24879188577403547, -0.004629805267494158, -0.5095231429944838, 0.273890647490964, -0.4436394901047145, 0.3694278683805031, 0.49319915282229637, 0.23905845281707228, 0.1792619629797579, -0.18405969018051882, -0.4720796018824022, 0.3252254929554107, 0.1747278536802481, 0.03703040136625901, -0.08238744551003443, 0.03101794981352331, 0.19837854630112225, 0.10048466088622217, 0.3437541519478056, -0.31008914712706687, 0.013520297063779066, -0.20772511185908515, 0.5342431310510687, 0.17539024409338283, 0.10927286783175985, -0.2716484937169126, -0.0348881932373999, -0.15468479826979353, 0.3759182726401148, 0.08387310290319222, 0.6602535926794133, -0.15345917222382544, 0.3453280192290725, 0.1512518700250113, 0.3466637729788502, 0.14444202069580087, 0.23647833799371137, 0.13295217774835563, -0.41832274296866045, -0.24470909737235905, 0.2728509953467497, -0.14785292776018935, 0.009686833605432, -0.3863970111221591, 0.14753150627090383, 0.081068340552031, 0.35717063715645103, -0.011584354118002883, -0.04050501490207642, 0.01014875948761211, -0.5866472239121592, -0.2260251036194594, -0.5019350093347479, -0.5361769527066202, 0.40092513029376414, 0.24623825378542238, -0.32929204830205416, -0.0974114234097378, -0.2580032604334506, -0.3593294425603814, -0.1912274666267355, 0.33035127448478885, -0.11911521150146423, 0.23388970720345315, -0.053499622982204335, -0.3263912307864533, -0.37561943196090375, 0.19644293722318304, 0.3026473328862522, -0.11489841718839053, 0.3001680604444332, 0.2104647336582798, 0.08225354897919523, 0.6216836657448597, -0.26219920768434374, -0.1335730848841594, 0.06876739969548436, -0.15207198040489295, -0.3630023464738272, 0.2046773090943939, 0.13973562322044378, -0.19327757838827742, 0.2036259318950571, 0.2566890363876814, -0.10081550817374126, -0.3290313509973406, -0.17099507635747213, -0.08108003701430877, -0.1988294706355916, -0.2390277278587123, -0.30764414806568163, -0.259149932758263, 0.07699904815004247, 0.031306866477941064, 0.05765403429220134, 0.2953273975816769, 0.41304415564699376, -0.2325100533431832, 0.11462568066178747, -0.1321833752341145, 0.12011492977721207, 0.05573208813982192, -0.020744381341726258, -0.1086327787364743, -0.41669320991637376, 0.037294214795749514, -0.12496638128272769, -0.08836192648583799, -0.4565988225078787, -0.22360752532103978, 0.2597665300948344, -0.14021054569773736]
890.5187095583788	(9, 12, 2)	[0.3985307278733575, -0.3354118544461753, 0.21571749160564252, 0.06749512001861041, -0.3878119408014245, 0.39687408820453157, 0.34344557530081876, -0.007980295700593349, 0.08297471228927591, -0.21335214741136252, 0.02635620242873779, 0.016967870459367262, 0.02835208928720505, 0.09400946677608958, 0.18186905517545937, 0.10097080844413091, -0.24171781302780898, 0.15612924822467183, 0.07536850401490439, -0.007798835579138526, -0.29761418888934027, -0.0834844919747656, -0.5614733853022245, 0.32343000127363797, -0.33772684643916573, 0.3710812790320722, 0.415707511804748, 0.28903452869528834, 0.18494061252138916, -0.19263914975218993, -0.6407282598642146, 0.4468072372039227, 0.22593217295063905, 0.00694246059799381, 0.12986227438472323, 0.049300410270088794, 0.1797424413152309, 0.06200493063000152, 0.3473661490119819, -0.2832482859534258, 0.03208000602566934, -0.13258129531357948, 0.49070986011023165, 0.14581969091007896, 0.19338239216667769, -0.24138625635222413, 0.02402129578800737, -0.3598476828477773, 0.2493099505928481, 0.006451259948308301, 0.6421050763071529, -0.13652304353926645, 0.3299308509312012, 0.10334530868028569, 0.2107989409452074, 0.1288989589927279, 0.15154744476843146, 0.18180314149248678, -0.4320197115747766, -0.18288534690108654, 0.28687093997955393, -0.17794062210614328, -0.018196144070332022, -0.21808496636715208, 0.06010204610586696, 0.07653107574820804, 0.3552182976228826, 0.05063621036666363, 0.012244953698206575, 0.03673278935039163, -0.6592001499665258, -0.1824494873822838, -0.48162827233752553, -0.582935625449411, 0.3916115401448415, 0.27335346220873197, -0.31221032625778444, -0.2015968347414372, -0.20990530799481008, -0.39256973198047374, -0.15495431924216407, 0.33021446633541335, -0.07205171011255562, 0.2471373598591358, 0.034748246395748736, -0.3345943238478445, -0.3527990371670771, 0.22238369484535567, 0.3118309573955841, -0.061698884392561285, 0.20223282379014912, 0.22247549127416155, 0.14951857685564862, 0.6430145120040803, -0.32034866495301056, -0.1738707636587839, -0.09964362967802573, -0.13472559088560687, -0.3108339104460682, 0.14538218168225467, 0.13976383826918376, -0.14964673321422792, 0.16628161530794416, 0.21857665435799212, -0.13435436717055585, -0.35114917853291727, -0.2608919249635692, 0.10000296451778022, -0.1242360506961856, -0.2569536311468092, -0.33495514268041726, -0.15926111274929822, -0.06644946710843856, 0.02720931916676925, -0.02432636288179378, 0.31900957269581254, 0.4257720386041715, -0.3380097988621913, 0.2131621062629841, 0.0009897613851294162, 0.31952761638418936, 0.07696937113483468, -0.033422188962974934, -0.0706694672391303, -0.4113323246302281, -0.0020760182231681066, -0.13896486502023558, -0.0710260138091228, -0.44813726969093987, -0.05491352485800796, 0.2497522517882348, -0.14221572505888305]
601.2637757696984	(9, 12, 2)	[0.21648322990807067, -0.3041701263339931, 0.2740228765483234, 0.21414957193396275, -0.35545292734513134, 0.4774048996673114, 0.3920424298430542, -0.031087928816616428, 0.09576214714265396, -0.29260961359520654, 0.03629234770551918, 0.034035858029465176, 0.014917457377876035, 0.09983624331432052, 0.20021331017394162, 0.14256985981807258, -0.23064308956273713, 0.13686491846823784, 0.19059236602568877, -0.07939442201012793, -0.16705043658714516, 0.026024163674878, -0.48369391171259346, 0.3071402389816686, -0.38098728943375026, 0.35154205487768525, 0.27997157395664635, 0.3099034545864399, 0.18373904653247894, -0.16676488266708112, -0.4407755911139904, 0.5245071010457363, 0.16676385322101742, 0.014917117941276495, 0.11435233236210324, 0.014954901418769803, 0.19183692876142563, 0.058832973298495815, 0.3974203835691149, -0.2948934881150576, 0.020268154701043817, -0.2478901845291276, 0.40534577858440474, 0.11825688667216755, 0.27815637958060174, -0.2391639080137583, 0.008593281379049644, -0.3041329043925628, 0.26083238154328736, 0.09432358270051953, 0.5898442340250454, -0.14452689209945813, 0.320104246235263, 0.11886116667482374, 0.21500272728356215, 0.16185690673684638, 0.2350739795693672, 0.18401290521308472, -0.36976345182253556, -0.21549669392110984, 0.3675710951542984, -0.18275068997194005, -0.06255383901395417, -0.3311421147326653, 0.08860210636867133, 0.11496651415961764, 0.30372073235121266, -0.020366400184003337, -0.03342459724790714, 0.036387659518016674, -0.6627807237813765, -0.23784104429685415, -0.47673764128756696, -0.5983219264202667, 0.37754287821058075, 0.27639739909183225, -0.30848180194694436, -0.08685093250178437, -0.17341905703383795, -0.37534624554429175, -0.18714427227477237, 0.28481870891259875, -0.07662147022395113, 0.1663685584831689, 0.1228926342837175, -0.3514706980520852, -0.31873889865706495, 0.2516091270689752, 0.300957032843474, -0.08642692705379991, 0.3239299393614686, 0.230145825315408, 0.020436248639717977, 0.7128456020487716, -0.353228555310957, -0.19215448178460146, -0.09623734408466973, -0.16255494152695815, -0.49526437392566564, 0.1672464298730983, 0.2701380951513748, -0.18177993529730702, 0.18746480666310414, 0.21238749113813885, -0.10674040929590839, -0.3831802941785532, -0.3940006527574411, 0.16749987524072746, -0.1321928568484454, -0.24551248511402834, -0.12112964881560603, -0.14224870420854901, 0.025091542025539714, 0.022139997871583356, 0.061305262704571845, 0.3126862586939119, 0.5316961653012258, -0.2692526584502016, 0.250188096041952, -0.017774591467688033, 0.18676777044592713, 0.02991814556542017, -0.026199570907498745, -0.08154739992310897, -0.40395561535773644, 0.012576229688097197, -0.13655739869357408, -0.10674081606195314, -0.4893701104487122, -0.16189751246995035, 0.23664792648716249, -0.11429546013320181]
837.2383993575652	(9, 12, 2)	[0.38339591238765086, -0.3253292748116936, 0.2272346984897807, 0.3867751340614094, -0.4163502050242392, 0.42254759102502454, 0.3621716296993125, 0.10703961725782177, 0.09198644552888303, -0.28562871749227425, 0.01079487425842862, 0.036726278055976384, 0.01715909783125279, 0.081082429502017, 0.1568920020106373, 0.20753658639035444, -0.22966882445632064, 0.13350740410757383, 0.20205022312534027, -0.07884873891297647, -0.27452306002698057, 0.028498889715449654, -0.5221152797123025, 0.26652143788476224, -0.42240584214416815, 0.33052220702235385, 0.353628328263197, 0.24562348390049998, 0.19683980169106108, -0.1844547456943456, -0.4284046268059888, 0.36677054634903256, 0.19689797128932202, -0.19856293629898347, 0.012870850518365364, -0.0023517549695615163, 0.18388036609489392, 0.08605634555106108, 0.3977456240792048, -0.2950704961548786, 0.026706099888260518, -0.28043427922342656, 0.358479694341691, 0.15716108816510427, 0.13095164262987166, -0.2451530382048458, -0.002566826966709548, -0.32300184928696796, 0.3057610154373306, 0.08816778127506172, 0.5745852383468599, -0.154017704800686, 0.3346733788163665, 0.14073762521788363, 0.22091041294793448, 0.13702144989143972, 0.2143122432055536, 0.1666666193607791, -0.4235033494701537, -0.20526034100140686, 0.27481321513141693, -0.15715456333504715, 0.008777179057615877, -0.2517821950528896, 0.15584093737486537, 0.07135030395372058, 0.2699120969135852, 0.021387350913494568, -0.023251955856000105, 0.04874106325861982, -0.594630649133767, -0.2166765929144655, -0.5169385718743044, -0.5889651622544934, 0.41515212526874623, 0.5072983693946229, -0.33832090975675644, -0.10520583511156713, -0.2541109223138257, -0.3553784332765768, -0.17696475096548112, 0.33155418428223704, -0.12408962733446413, 0.15032434843549103, 0.09024857690210228, -0.33821768829710386, -0.3177403864128563, 0.1821603833942902, 0.2788762379249572, -0.0954835892412565, 0.3234624491640561, 0.202216114171409, 0.06318741090417312, 0.6329484124575322, -0.23265263359021898, -0.22337899512660542, -0.04317853410147262, -0.14837193825781445, -0.41861271679636414, 0.21901535139737438, 0.07325839773204962, -0.24518804131395655, 0.18466318014106525, 0.2532544481125359, -0.06554411125066903, -0.32373344595522513, -0.2022412092629141, 0.06353632574488524, -0.1517709036433563, -0.24835427334864607, -0.3488842177851869, -0.17697979144791268, 0.0691456674289128, 0.03603612189344431, 0.08508278360560338, 0.303880355710999, 0.4249715250487476, -0.25499810394829736, 0.21928434497238627, 0.03868562604538717, 0.16278272747251854, 0.028420957692442843, 0.017095988226099902, -0.0910119472138625, -0.4167049607816265, -0.10274339412665935, -0.14996813311537932, -0.053567511902668, -0.45393369290061814, -0.04257849895653505, 0.22097759359887872, -0.12721337690042708]
1551.9176759256327	(9, 12, 2)	[0.368973801271715, -0.31579635327731925, 0.21866930708903087, 0.20987461086481624, -0.41549267338029106, 0.4230606918164284, 0.4073216711397263, 0.027982803530827098, 0.12378674546643684, -0.2899222894850088, -0.008087201840121327, 0.041148561863558225, 0.028513958969520376, 0.09908039732781829, 0.18645883419476317, 0.19914240558249519, -0.22871228269157828, 0.12415025744203226, 0.168216276136654, -0.028422963548256873, -0.2833696835596974, -0.026316408499343767, -0.5359775260736281, 0.28589056549899583, -0.4012402943642169, 0.36026611056982644, 0.41964140569889474, 0.1573336031317627, 0.17654974083527003, -0.16371987699330454, -0.472154542843177, 0.32446305070887604, 0.23543489784931965, -0.10369378182413419, 0.09601164758254906, 0.007870935949810145, 0.10522234265180136, 0.06337258074491112, 0.3958065755861081, -0.3602181129591673, 0.03249311163802644, -0.21120341817028504, 0.6156275255531835, 0.2590162860611826, 0.23786470100191537, -0.26578015147658735, 0.017826537927809805, -0.3333434735123079, 0.26403922764160664, 0.1839593365430339, 0.5969013213260904, -0.1434001551744054, 0.3054710009145776, 0.11637931992684442, 0.24482526909393595, 0.14101258507045722, 0.2042279998207054, 0.17917550278462668, -0.4656307923341676, -0.25916082513130856, 0.27736651831640396, -0.16443759212228226, 0.0013632810267257857, -0.2717719037548974, 0.12797646952990532, 0.07539038214907859, 0.308615010853203, 0.010372258935565844, 0.08647955251968062, 0.0010404665113283706, -0.5881117770945601, -0.22576761095687775, -0.5453860971763866, -0.5819340907501108, 0.44033959775982096, 0.2664971950436923, -0.3224907511925152, -0.10230941283404965, -0.23556763599798708, -0.3309750107551175, -0.18182921466003635, 0.35232938355639093, -0.11752452733535265, 0.26008313928208293, 0.015263984136969897, -0.3456894051579107, -0.3673129022273753, 0.2194805991305941, 0.30883162935197966, -0.2078166077223758, 0.24047996594456678, 0.2925825690317353, 0.10151647289137311, 0.6231151050571656, -0.22892916163597493, -0.19894776003115347, -0.04344135036728612, -0.09917353868425617, -0.403744320520516, 0.1765228574707544, 0.05437166756922883, -0.19784782644242688, 0.2377215896624063, 0.24441619964146882, -0.07776853553149017, -0.33652675614917626, -0.24300231760317856, -0.0029889139677700474, -0.17774822005255475, -0.25098503975201863, -0.33978337865054975, -0.18174119414724516, 0.01288836662649658, 0.016172987835166863, 0.051838506053406896, 0.35373836755299587, 0.34777032399884567, -0.26577613836832203, 0.21535549876825294, 0.13327537742096096, 0.12245672964651463, -0.016313406600417992, 0.07248250673212207, -0.11781466596090379, -0.41078955978506293, -0.061087835482389205, -0.14172218250119706, -0.08709473184222197, -0.45413945934637084, -0.08202357518593201, 0.22867950533965684, -0.12918644541983582]
1632.3141098100587	(9, 12, 2)	[0.3327130021309563, -0.32617265446371735, 0.21777428139249877, 0.2177228384179198, -0.38877998360074184, 0.41502413558661544, 0.4197241641402601, 0.044501370205340965, 0.11317222177788519, -0.282820054755484, -0.0306734950912019, 0.036575992739850294, 0.005202659997370516, 0.07426207998954534, 0.1881875763581632, 0.19945564234258772, -0.22978942916173756, 0.1658797858043589, 0.14297707459720635, -0.0650401458023509, -0.297547101020352, -0.021002366990739065, -0.5835749115050931, 0.27389219364261547, -0.3472521181474181, 0.34573556018236884, 0.37151104426000714, 0.24847364067198957, 0.17145869740706593, -0.1783319556549814, -0.4585121024615768, 0.42756290393134627, 0.22892966737723697, 0.007744639455836387, 0.11613377574110868, 0.007062156491225708, 0.22164475445181925, 0.06884975831217832, 0.39924315004139677, -0.36251062719838045, 0.0064349707250236175, -0.2164404707133909, 0.49657854185915307, 0.13961571250167126, 0.21120217555754364, -0.3367810142710743, 0.015681338429383775, -0.33592050272702906, 0.25787208715609733, 0.1657561302969306, 0.5288560115964672, -0.17557297224855525, 0.24265960662372582, 0.10667749360434896, 0.24001736726825, 0.15606222563941854, 0.28409022095329456, 0.16130477399336807, -0.40697085248386605, -0.2375346624258224, 0.3058580885131235, -0.14120878764917774, 0.0032206073419700047, -0.2853054490633275, -0.07826623772525385, 0.17660924263018885, 0.3095613943069678, 0.053199142181284534, 0.009884480796989057, 0.015508297420895436, -0.7161023161953549, -0.21812312776356615, -0.471531960012679, -0.585331211017428, 0.4079777887112066, 0.26046928516858375, -0.32401782954701297, -0.12486855437073424, -0.23137195043537845, -0.36476710709864024, -0.1969983404861052, 0.3517228578280731, -0.029519769613368246, 0.1847381405634009, -0.07123526743792505, -0.31591591815048, -0.3579691284581145, 0.1970902407682928, 0.30882828411048235, -0.13582989071503196, 0.23209749317411976, 0.2146008397562762, 0.0979645111360652, 0.6304748603693495, -0.2669823111875098, -0.11422966559523208, -0.10664152355757503, -0.03992083241187781, -0.41134215559914183, 0.18777745328069653, 0.052855970888698985, -0.13945278067080902, 0.15491572284703523, 0.24419156331029213, -0.11466452391021956, -0.32978155138563175, -0.24449339002445206, 0.04254425566815513, -0.20510509036413435, -0.3168922656068689, -0.3972133201191631, -0.1825740575845516, 0.008504612250458185, -0.1157088188536333, 0.012646828482732039, 0.31237786757094804, 0.3813459764627537, -0.2585529109207208, 0.22292838536900597, -0.1072398719128511, 0.21252190718562636, 0.07067763053488009, 0.05198824882150418, -0.15808235360175948, -0.41042818146910653, -0.007341239314332591, -0.1584903323093716, -0.11396060822609955, -0.6056118193825111, -0.05444424571756326, 0.2390902142955264, -0.13546654119609325]
1068.54780338662	(9, 12, 2)	[0.30735976209823124, -0.32020458897533044, 0.3323125438724236, 0.18905918411622746, -0.3522071690366073, 0.4200950765203881, 0.37793759295746493, -0.033259556974905985, 0.10053952600923068, -0.25725778633363505, 0.0415820406490485, -0.008846302468684127, 0.04625780409233088, 0.025515705082069046, 0.1570868694748835, 0.22720562029857694, -0.20491186525788077, 0.14882660246173277, -0.0398303288066294, -0.13039079897921116, -0.29626281415545275, 0.013427842152239633, -0.5836011304191755, 0.3106146693414271, -0.5387945974842375, 0.2725269556960679, 0.37668952111243953, 0.29699109625758613, 0.26413193700603954, -0.17598128809400088, -0.4500906882017278, 0.308046813742722, 0.19171044914340948, -0.010041946353127284, 0.09327234084610907, 0.05825683560101258, 0.01860137482482882, 0.10901985295358535, 0.3929149251907749, -0.3914112394218831, 0.03379546753943676, -0.2414083717379704, 0.4243633506997649, 0.1643116578987906, 0.17788368354645967, -0.25044088933777164, 0.016959825129707798, -0.3360124500044526, 0.29385448789170227, 0.05516651663784637, 0.6235844698018995, -0.13302272077669994, 0.3310934812218371, 0.12453365169741011, 0.19825390980161461, 0.16402911971489204, 0.21157692784116544, 0.18338447109856895, -0.43219541772207787, -0.2580109988640983, 0.27900733311333153, -0.2077090231738517, -0.2296683667482279, -0.2068748835332103, 0.07940184268962272, -0.08810575583522758, 0.16056456184507772, 0.05139110925563877, -0.02875695513859904, 0.2403189254848167, -0.578747927851873, -0.19998323767884313, -0.5065313359862711, -0.5871709422805146, 0.40146434239520645, 0.2959554377463329, -0.3324708696505436, -0.017478685383428786, -0.3216175820985644, -0.450097328615145, -0.15522000026796304, 0.33562753631498377, -0.12983811469991793, 0.28158202299677354, 0.05061297765705671, -0.24322849271745395, -0.40417313540618516, 0.26230525009189143, 0.3719108925161178, -0.09269417213102828, 0.24408373766927768, 0.20568646699691304, 0.22302927430415959, 0.6251053097408117, -0.17005418637805625, -0.20831331175017775, -0.10650341222784396, -0.1632891599890005, -0.6889889483223961, 0.19191068938263847, 0.059220868316039, -0.1314961624044828, 0.14738327354004957, 0.21608914527719783, -0.077087600214996, -0.34459834156536107, -0.17587526376167795, 0.104145486465334, -0.13263906443793883, -0.31507884983686163, -0.36534839044673884, -0.1693539194259671, 0.03925038800111323, -0.055885494864528026, 0.07728202417174787, 0.3669421227614136, 0.42613159307995796, -0.2876262839746369, 0.24173950468364738, -0.014069136829669357, 0.2739966451468055, 0.04769203726065722, -0.04743022770522165, -0.08816440682726026, -0.5046960197571483, 0.003992912686791823, -0.15314609865499293, -0.0939180149625154, -0.4716538635663483, -0.13485896989162538, 0.25650664121169314, -0.10558859195338967]
963.0645238418874	(9, 12, 2)	[0.44747697539745934, -0.35330150514802605, 0.2259123165648523, 0.18482308942489425, -0.39544153898747325, 0.4082640940914176, 0.36764718939040597, -0.02483621945922542, 0.09425241831186826, -0.255713002137414, 0.03477606997600931, 0.01441316806284808, 0.038812915114343385, 0.04724924825136723, 0.13826262105197737, 0.22979931584781088, -0.20717142361277854, 0.15840660795017805, 0.12342679990912166, -0.07663623724038206, -0.30726841149258455, 0.026417907237872417, -0.5839551745881209, 0.30690821001961494, -0.40069517944416366, 0.30868882208545784, 0.3856485185596512, 0.29769865594811074, 0.2252978299230914, -0.13141889218387154, -0.41207945332357887, 0.33742483615686714, 0.20606480454399817, -0.00573006288915605, 0.0675617336312689, 0.03793016233568712, 0.010256985383766487, 0.11242534558624037, 0.3819966325225107, -0.29581226100334745, 0.006880208807723932, -0.20737176695505624, 0.4520391421992601, 0.163181106189019, 0.25055236277840914, -0.2594263739263574, -0.11123724287110207, -0.34076282503361455, 0.27736448668612024, 0.06315359697290292, 0.5604171801211238, -0.13647862348722517, 0.331575393160429, 0.2522841819195646, 0.20796945851117216, 0.17303219916253, 0.20754848404229068, 0.17372378530354773, -0.4321507529677463, -0.25954117485513206, 0.25042487640063565, -0.19505488086243605, 0.008744134192592285, -0.2091328840635697, 0.05942407461894803, 0.032854559831674034, 0.276528207434824, 0.02409132714778697, -0.02844588008755129, -0.015501131722931811, -0.6271850990229357, -0.20368006765750596, -0.5061382029968311, -0.5889581885123429, 0.40248756840912037, 0.19510245726755332, -0.31621675524240034, -0.033619696144592814, -0.23904957047206804, -0.5723585171529924, -0.15558399928306466, 0.3341966647429855, -0.05919937752278903, 0.269743325612156, 0.07706795296711252, -0.3502614579159432, -0.5613465346263242, 0.22586507454724797, 0.31147558247703394, -0.0925910074258894, 0.2941011080871009, 0.22021708743813756, 0.04043888168836151, 0.6241535669171393, -0.2889278899487459, -0.2042948799140098, -0.09387821389579, -0.16346459579919848, -0.44591162795152817, 0.18435688788513607, 0.0631064588062342, -0.1361966306466581, 0.19586088657900597, 0.21845448320874924, -0.07007390211582504, -0.3502498009855679, -0.16201085492444633, 0.0917938626356607, -0.14430582720711013, -0.23242731830202107, -0.37719004107733833, -0.1659999128411341, 0.053219676133645887, 0.03770991368700885, 0.07883066832949245, 0.36560807378907734, 0.44889554652341657, -0.2875350668624798, 0.09240323329190744, 0.07543574289514202, 0.3245430178665648, 0.051243492465017894, -0.0038870111401608466, -0.09109516174622101, -0.4169139517861554, -0.0018428541100780089, -0.14558223109097984, -0.09389283636185128, -0.47548438619457245, -0.1191812871338177, 0.25622931358028667, 0.0006171552278388263]
1402.5776214632879	(9, 12, 2)	[0.40519008252013977, -0.28805943234992626, 0.22515581588535383, 0.2543478430591768, -0.3557720183546116, 0.39683732434890795, 0.40396939470419124, -0.038439900727731374, 0.08747474861155104, -0.272891534590187, -0.003508541248382879, 0.03591059705255768, 0.0016043055897884476, 0.036532945665708964, 0.1814612911741395, 0.21236704383561789, -0.19423410791835444, 0.03290434018416012, 0.2587702737494654, -0.07431778160754043, -0.2927284504059785, 0.002414783440883044, -0.5570078196043957, 0.18937087326561544, -0.28210027951684963, 0.3059832621947412, 0.3611529807812227, 0.29965459912952735, 0.18733836311836172, -0.20566815563437577, -0.44281205916904987, 0.361865066396605, 0.21667027618875084, 0.005608508935665602, 0.10704777518266073, 0.02012390247004723, 0.17737367343766441, 0.0599882568499756, 0.3788705851162945, -0.3289388554049835, 0.03240243779935305, -0.19871360568842533, 0.46071889577732517, 0.16582793278614738, 0.16015857703148365, -0.17558071639777317, 0.004767112097227215, -0.34125250016479447, 0.28984526721438125, 0.008904028758967468, 0.5260749447196484, -0.07136891738454974, 0.3324233529852535, 0.10481229616659411, 0.20543954514061347, 0.1871676770862347, 0.19489782975831954, 0.15563973397832537, -0.439087669851172, -0.21339000445504058, 0.275038502902145, -0.2538088211106242, -0.017307068494710472, -0.2038746121281119, 0.09088135586789681, 0.06728582441913804, 0.2710622696646661, 0.0015394425778484221, -0.10783336359569055, 0.12186067314891684, -0.5992901271230945, -0.20817099600202077, -0.5049232613556383, -0.5876605078385455, 0.4010362668635245, 0.25160316894151047, -0.31672957828844456, -0.0850958168395429, -0.2748607867371622, -0.4673679311884978, -0.2296195651726713, 0.3455276745160953, -0.045887531165540896, 0.24668174383045272, 0.057747104884857535, -0.2693759494187155, -0.29098926732593666, 0.21641054308950775, 0.3164854988558288, -0.09350005937686699, 0.2670149197506692, 0.1420736342108683, 0.06683424654236986, 0.6340923159555448, -0.2663558174223286, -0.2112446014865423, -0.0737780596031442, -0.08604297121965224, -0.41368613247279873, 0.16860462643245863, 0.10353101439642004, -0.030791569974554234, 0.21553193657712277, 0.2335477927620726, -0.09808822756469286, -0.2714036035448479, -0.21190532169615864, 0.07859797153248019, -0.1438810287659009, -0.28951899374677714, -0.33492627968187544, -0.18476639795984828, 0.047457700140488855, 0.03209935684948586, 0.04355201045860288, 0.42924239056075714, 0.42523834803292637, -0.30550187615349067, 0.23785058439654805, -0.07089032284650384, 0.13987959103951178, 0.032391893073030774, 0.10279972624426051, 0.016391632824208274, -0.4051268720399418, -0.02189693916721221, -0.1884126393661613, -0.09062122814650184, -0.43500074791634974, -0.1084272093365995, 0.24747036010451356, -0.1237725686217003]
1255.7925285817078	(9, 12, 2)	[0.45027885731423417, -0.2915767227670017, 0.21840510006946343, 0.2160283280411015, -0.35571989012159544, 0.4382113511691507, 0.201298363147538, -0.042491513300974754, 0.08045519546081295, -0.27067741030104375, 0.018986663882527937, 0.02428873580137323, -0.00852841601751312, 0.08849272768968029, 0.1881581242379976, 0.20080650656604085, -0.24088616433001994, 0.1512736286214187, 0.24901065561468108, -0.0948178782189911, -0.3032058123497841, 0.024081205715447977, -0.6146675786831233, 0.3148323378864506, -0.34818619157291797, 0.31638706405928213, 0.3205998238297639, 0.30102337959574066, 0.17099170713462117, -0.16531527327643897, -0.4785490194802742, 0.3787767029853934, 0.18697736543760457, 0.009721648230544, 0.13198368511845554, 0.03172154217590713, 0.08170627471106476, 0.07554962437188033, 0.39923982241637623, -0.3353210982487523, 0.032218110695754455, -0.22363356377218818, 0.46914060254809, 0.1638034443559529, 0.27793834379101967, -0.2601670789640511, 0.013349819944765483, -0.3814297860454109, 0.2735089664133543, -0.0131955197705882, 0.5521511120787668, -0.15286728455189208, 0.4339392849618695, 0.10127389892153504, 0.20268105577465573, 0.07464726813520171, 0.1733638300806364, 0.18239366643657132, -0.4383128218480365, -0.23447292838815856, 0.4161509739798598, 0.1366252133281899, -0.04365834713797371, -0.2209902575938139, 0.07129185675330141, 0.09408828945755353, 0.49688222866700654, -0.01216891435794351, -0.0299929681015875, 0.026043200656950143, -0.6656097497515039, -0.17961032588310705, -0.5058140368008829, -0.6083627018733363, 0.3564002917355717, 0.25086659721211657, -0.31898232599355053, -0.060568673380073226, -0.29506965114474587, -0.37883005624560373, -0.22740717248231818, 0.3422932325404151, -0.058319428131636854, 0.22270165928129962, 0.017064140379075842, -0.17005773297091986, -0.35443011811409975, 0.22558492474007988, 0.3272370377498747, -0.08961868525613932, 0.28098800615774316, 0.18657845911481066, 0.056235403018455, 0.5339664669477908, -0.2883401137779016, -0.17884055191136689, -0.12920550608306652, -0.21460044263814632, -0.4465075744171845, 0.16545517276415742, 0.10928471856054178, 0.025782726180592165, 0.09724033000297842, 0.2142546832946384, -0.10224653520218838, -0.3339630387530746, -0.21099221161289702, 0.07883580213664243, -0.07171249368834068, -0.2632211932901957, -0.27275701302683564, -0.3947764915736264, -0.0397300070828883, 0.03138958736038413, 0.05468624069587357, 0.23813720620988996, 0.48071033941962704, -0.27608901396934626, 0.22686972181971105, -0.0841884619885794, 0.21145048701885302, 0.053497153240050506, 0.08088460511557241, -0.15573684549125166, -0.42867516857973653, -0.029072811537714273, -0.16556119859891466, -0.07352737763805864, -0.5094129533051518, -0.03498678133804857, 0.34635409578176385, -0.12161187259726862]
