-455.57909007907085	(8, 12, 2)	[0.9137848500078922, 0.1130326024439332, 0.7684483027147575, 0.82337949830273, 0.8775035105106186, 0.014316125033684068, -0.5687538334666238, -0.977694714282801, 0.6275686107422966, -0.6152847470858971, -0.9087918213289612, 0.8433158309773634, 0.33136227239632854, 0.8752570799266501, -0.6520622197286399, -0.9989977494632016, 0.7597587287649927, -0.7557907738087992, 0.2888974625533345, -0.5026464437267719, 0.7860554702743292, 0.8428571634101565, -0.7240273809121229, 0.2817053258810498, 0.055762393925066434, -0.5595348349101132, -0.18004346893126577, 0.7450975586356721, 0.062239806661378516, -0.6377463807338986, -0.5693452951821603, 0.9296539663742462, -0.9803678310251982, -0.6346495179241254, 0.5357386141554148, -0.34017216764268543, 0.9467686218275944, -0.009615959395341545, -0.02625097266873344, 0.5755919902311164, -0.6873209857303411, 0.8255778512260941, 0.04348212814793162, -0.6379801980855473, -0.32436369249682984, -0.3558538067495429, 0.8986236844522941, -0.36152157719539524, -0.7930188280621064, 0.3607205808483287, -0.33198528566339247, -0.7863130954780515, -0.326515018496935, 0.20430605625190768, -0.21086133048103095, -0.9370120319245279, -0.6122296317083864, 0.05003598973888068, 0.5086389022216435, 0.9817821941760487, 0.9254589207171089, 0.0467867614561972, -0.16569376992320795, -0.14982274000248452, 0.34616924211490585, 0.24830215093376817, -0.9468399386950876, 0.544362381174929, -0.4275509758106093, 0.5734951994879085, 0.27870619759507953, 0.5535723556741474, -0.8566312661387041, -0.24141498585208643, 0.23716497963972527, -0.09514901142800292, -0.006807891557498502, 0.45449630821756704, 0.10380452277474062, -0.8896515438866817, 0.3522669365108586, -0.34749806562688557, -0.10545251015916124, -0.5805789002689057, 0.7542661673691136, -0.24684881306688333, -0.8474284128024947, 0.4053204762200213, 0.08670000433776903, -0.6416743097986075, -0.14927544649974278, 0.5565161459798731, -0.5762976177235475, 0.8005732083571431, 0.19511414805724225, 0.8155006736356447, 0.05967035048584468, -0.9654052098945027, -0.07788052055038541, 0.9042608307929705, -0.9591328595274695, -0.9199130985573611, -0.3894120655214708, 0.3175876707643013, -0.59648134475794, -0.0626143526100349, 0.2611267287806156, 0.004597527311428706, -0.5069285105847319, 0.39238066415598993, -0.4352179441815325, 0.3606904805477589, -0.4324820886347007, -0.27465042894730063, -0.9481868045548745, -0.14042648774511224, -0.2641395411211729, -0.5017846920301887, 0.5364650130619149, -0.8189858280345415]
525.074669422894	(8, 12, 2)	[0.8953190341130164, -0.04551435816042554, -0.6315408237474525, -0.3911768475997859, 0.20808583578951056, -0.0382559852521247, 0.6866446278427232, 0.19896766818074907, 1.036599201424166, 0.7563634077454485, -0.05972509427302178, -0.4892596244552969, -0.03959403709009579, -0.8699275249502816, 0.618408343278396, -0.8484710535481463, 0.1976770359780355, -0.563281965858939, -0.8466771037377803, 0.16105850640649977, -0.2104069808833472, 0.8513498621853572, -0.49006645177104113, 0.0577566685857831, 0.6485759346387616, 0.3908702159967685, 0.6419659613454793, -0.24859948965279122, -0.2704078176505176, 0.35584732467390834, 0.1708883447591303, -0.006004224375054188, 0.40491891436592536, 0.5974144677667632, 0.5068001341335553, -1.1199831860685827, 0.8229295263655383, -0.31174169208232194, -0.4302538756611127, -0.7027176683309657, 0.01343520681419258, -0.933498513071835, -0.4561771425352613, -0.7139644452998289, -0.8186117070185783, -0.7903201763914098, 0.12189220009031615, -0.1400233783718362, -0.3788420196296703, 0.23298467733738382, 0.5578318857336859, 0.886385221827978, -0.8190345737792233, 1.280902049314269, 0.10182913356245833, -0.2584135125959024, 0.6784147891869619, -0.7367191986124902, 0.8744668755402318, -0.4645910605252817, 0.9605978855875242, -0.03647866845778852, 0.6097730865512709, -0.31627534157597403, -0.566752966728079, -0.07550743491220041, 0.44078095224781094, 0.23805315633075422, -0.4269641944104916, 0.5299303612129433, -0.32789268702705543, -1.1734070380780823, 0.41202698917412617, -0.7486270559526293, 0.4528919057544276, -0.26645339165795245, 0.44435381555125847, 0.2221970191737752, 0.17872489611913595, 0.2084757405902109, 0.22594320674243834, 0.23802027894897004, 0.7401170497733789, 0.09655481632739829, 0.012067266652711454, 1.1586256291194277, 0.6533607838382888, 0.2484597957864425, -0.45413885340259547, -0.37355491053321344, 0.6697625370506401, 0.10991841291758714, -0.7279059387598927, -0.5319861920814676, -0.656440839341721, 0.3597517604318581, 1.1618127438436336, -0.5612631904358557, -0.6590033962353805, -0.9725915711377698, -0.6408533176258271, 0.787189864111665, 0.6394739589576395, -0.12817578845464128, -0.20514083233717798, -0.11643749025068884, 0.7947660662485493, 0.6298905338170441, 0.41948731994323424, 0.6308392826481048, 0.8326467793346048, -0.7881552865573707, 0.35467846884437093, 0.0134321499287402, 0.7240782511165601, 0.26993716208894913, -0.6219432572430305, 0.3148938733796105, 0.026963016192266397, -0.9420852916125141]
42.81422022320021	(8, 12, 2)	[0.8953190341130164, -0.04551435816042554, -0.6315408237474525, -0.3911768475997859, 0.20808583578951056, -0.0382559852521247, 0.6866446278427232, 0.19896766818074907, 1.036599201424166, 0.7563634077454485, -0.05972509427302178, -0.4892596244552969, -0.03959403709009579, -0.8699275249502816, 0.618408343278396, -0.8484710535481463, 0.1976770359780355, -0.563281965858939, -0.8466771037377803, 0.16105850640649977, -0.2104069808833472, 0.8513498621853572, -0.49006645177104113, 0.0577566685857831, 0.6485759346387616, 0.3908702159967685, 0.6419659613454793, -0.24859948965279122, -0.2704078176505176, 0.35584732467390834, 0.18221997119098055, -0.006004224375054188, 0.40491891436592536, 0.5974144677667632, 0.5068001341335553, -1.1199831860685827, 0.8229295263655383, -0.3921385692894689, -0.4302538756611127, -0.7027176683309657, 0.01343520681419258, -0.933498513071835, -0.4561771425352613, -0.7139644452998289, -0.8186117070185783, -0.7903201763914098, 0.12189220009031615, -0.1400233783718362, -0.3788420196296703, 0.23298467733738382, 0.5578318857336859, 0.8900695732640194, -0.8190345737792233, 1.280902049314269, 0.10182913356245833, -0.2584135125959024, 0.6784147891869619, -0.7367191986124902, 0.8744668755402318, -0.4645910605252817, 0.9605978855875242, -0.03647866845778852, 0.6097730865512709, -0.31627534157597403, -0.566752966728079, -0.07550743491220041, 0.44078095224781094, 0.23805315633075422, -0.4269641944104916, 0.5299303612129433, -0.32789268702705543, -1.1734070380780823, 0.41202698917412617, -0.7486270559526293, 0.4528919057544276, -0.26645339165795245, 0.44435381555125847, 0.2221970191737752, 0.17872489611913595, 0.2084757405902109, 0.22594320674243834, 0.23802027894897004, 0.7401170497733789, 0.09655481632739829, 0.012067266652711454, 1.1586256291194277, 0.6533607838382888, 0.2484597957864425, -0.5743505766484015, -0.37355491053321344, 0.6818339372825589, 0.10991841291758714, -0.8258879467445174, -0.5319861920814676, -0.656440839341721, 0.3597517604318581, 1.1618127438436336, -0.5612631904358557, -0.6590033962353805, -0.9725915711377698, -0.6408533176258271, 0.787189864111665, 0.6394739589576395, -0.12817578845464128, -0.20514083233717798, -0.11643749025068884, 0.7947660662485493, 0.4620477121818076, 0.41948731994323424, 0.6308392826481048, 0.8326467793346048, -0.7881552865573707, 0.35467846884437093, 0.0134321499287402, 0.7240782511165601, 0.26993716208894913, -0.7991132700307477, 0.3148938733796105, 0.026963016192266397, -0.9420852916125141]
-114.65979731100742	(8, 12, 2)	[0.8953190341130164, -0.04551435816042554, -0.6315408237474525, -0.3911768475997859, 0.20808583578951056, -0.0382559852521247, 0.6866446278427232, 0.19896766818074907, 1.036599201424166, 0.7563634077454485, -0.05972509427302178, -0.4892596244552969, -0.03959403709009579, -0.8699275249502816, 0.618408343278396, -0.8484710535481463, 0.1976770359780355, -0.563281965858939, -0.8466771037377803, 0.16105850640649977, -0.2104069808833472, 0.8513498621853572, -0.49006645177104113, 0.0577566685857831, 0.6485759346387616, 0.3908702159967685, 0.6419659613454793, -0.24859948965279122, -0.2704078176505176, 0.35584732467390834, 0.18221997119098055, 0.014792580243984211, 0.40491891436592536, 0.5974144677667632, 0.5068001341335553, -1.1199831860685827, 0.8229295263655383, -0.3921385692894689, -0.4302538756611127, -0.7027176683309657, -0.0032798796652760177, -0.933498513071835, -0.4561771425352613, -0.7139644452998289, -0.8186117070185783, -0.7903201763914098, 0.12189220009031615, -0.1400233783718362, -0.3788420196296703, 0.42132896373387274, 0.5578318857336859, 0.8900695732640194, -0.8190345737792233, 1.2751631613110042, 0.10182913356245833, -0.2584135125959024, 0.6784147891869619, -0.7367191986124902, 0.8744668755402318, -0.5395572604952281, 0.9605978855875242, -0.03647866845778852, 0.6097730865512709, -0.31627534157597403, -0.566752966728079, -0.07550743491220041, 0.44078095224781094, 0.23805315633075422, -0.4269641944104916, 0.5299303612129433, -0.32789268702705543, -1.1734070380780823, 0.41202698917412617, -0.7486270559526293, 0.4528919057544276, -0.26645339165795245, 0.44435381555125847, 0.2221970191737752, 0.17872489611913595, 0.2084757405902109, 0.22594320674243834, 0.23802027894897004, 0.7401170497733789, 0.09655481632739829, 0.012067266652711454, 1.1586256291194277, 0.6533607838382888, 0.2484597957864425, -0.5743505766484015, -0.37355491053321344, 0.6818339372825589, 0.10991841291758714, -0.8258879467445174, -0.5319861920814676, -0.656440839341721, 0.3597517604318581, 1.1618127438436336, -0.5612631904358557, -0.6590033962353805, -0.9725915711377698, -0.6408533176258271, 0.787189864111665, 0.6394739589576395, -0.12817578845464128, -0.20514083233717798, -0.11643749025068884, 0.7947660662485493, 0.4620477121818076, 0.41948731994323424, 0.6308392826481048, 0.8326467793346048, -0.7881552865573707, 0.2519599125816769, 0.0134321499287402, 0.7240782511165601, 0.26993716208894913, -0.7991132700307477, 0.3148938733796105, 0.026963016192266397, -0.9420852916125141]
806.6370134590152	(8, 12, 2)	[0.8953190341130164, -0.04551435816042554, -0.6315408237474525, -0.3911768475997859, 0.20808583578951056, -0.0382559852521247, 0.6866446278427232, 0.27192295242125464, 1.036599201424166, 0.5676638592738191, -0.05972509427302178, -0.4892596244552969, -0.03959403709009579, -0.8699275249502816, 0.618408343278396, -0.8484710535481463, 0.1976770359780355, -0.563281965858939, -0.8466771037377803, 0.16105850640649977, -0.2104069808833472, 0.8513498621853572, -0.49006645177104113, 0.0577566685857831, 0.6485759346387616, 0.3908702159967685, 0.6419659613454793, -0.24859948965279122, -0.2704078176505176, 0.35584732467390834, 0.18221997119098055, -0.006004224375054188, 0.40491891436592536, 0.5974144677667632, 0.5068001341335553, -1.1199831860685827, 0.8229295263655383, -0.3921385692894689, -0.4302538756611127, -0.7027176683309657, 0.058330033582028436, -1.0037216863293597, -0.5334118441569007, -0.7139644452998289, -0.8512365960158288, -0.7903201763914098, 0.12189220009031615, -0.1400233783718362, -0.3788420196296703, 0.23298467733738382, 0.5578318857336859, 0.8900695732640194, -0.8190345737792233, 1.280902049314269, 0.10182913356245833, -0.2584135125959024, 0.6784147891869619, -0.7367191986124902, 0.8744668755402318, -0.4645910605252817, 0.9605978855875242, -0.03647866845778852, 0.6097730865512709, -0.31627534157597403, -0.566752966728079, -0.07550743491220041, 0.44078095224781094, 0.23805315633075422, -0.4269641944104916, 0.5299303612129433, -0.32789268702705543, -1.1734070380780823, 0.41202698917412617, -0.7486270559526293, 0.4528919057544276, -0.26645339165795245, 0.44435381555125847, 0.27383086819895136, 0.17872489611913595, 0.2084757405902109, 0.22594320674243834, 0.23802027894897004, 0.7401170497733789, 0.09655481632739829, 0.012067266652711454, 1.5390023884476611, 0.6533607838382888, 0.24060930569499836, -0.5743505766484015, -0.37355491053321344, 0.6818339372825589, 0.10991841291758714, -0.8258879467445174, -0.5319861920814676, -0.6098142794786356, 0.3597517604318581, 1.1618127438436336, -0.5612631904358557, -0.6590033962353805, -0.9725915711377698, -0.6408533176258271, 0.787189864111665, 0.6394739589576395, -0.12817578845464128, -0.20514083233717798, -0.11643749025068884, 0.7947660662485493, 0.4620477121818076, 0.41948731994323424, 0.6308392826481048, 0.8326467793346048, -0.7881552865573707, 0.35467846884437093, 0.0134321499287402, 0.7240782511165601, 0.25293914956494096, -0.7991132700307477, 0.3148938733796105, 0.026963016192266397, -0.9420852916125141]
863.8093560517764	(8, 12, 2)	[0.8953190341130164, -0.04551435816042554, -0.6315408237474525, -0.3911768475997859, 0.20808583578951056, -0.0382559852521247, 0.6866446278427232, 0.27192295242125464, 1.036599201424166, 0.5676638592738191, -0.05972509427302178, -0.4892596244552969, -0.03959403709009579, -0.8699275249502816, 0.726744674175732, -0.8484710535481463, 0.1976770359780355, -0.563281965858939, -0.8466771037377803, 0.16105850640649977, -0.2104069808833472, 0.8513498621853572, -0.49006645177104113, 0.0577566685857831, 0.6485759346387616, 0.3908702159967685, 0.6419659613454793, -0.24859948965279122, -0.2704078176505176, 0.35584732467390834, 0.18221997119098055, -0.11056603788327554, 0.45009237024514237, 0.5974144677667632, 0.5068001341335553, -1.1199831860685827, 0.8229295263655383, -0.3921385692894689, -0.45884149007650626, -0.7027176683309657, 0.058330033582028436, -1.0037216863293597, -0.5334118441569007, -0.7139644452998289, -0.8512365960158288, -0.7903201763914098, 0.12189220009031615, -0.1400233783718362, -0.3788420196296703, 0.23298467733738382, 0.5578318857336859, 0.8900695732640194, -0.8190345737792233, 1.280902049314269, 0.10182913356245833, -0.2584135125959024, 0.6784147891869619, -0.7367191986124902, 0.8744668755402318, -0.4645910605252817, 0.9605978855875242, -0.012137491756553535, 0.6097730865512709, -0.31627534157597403, -0.566752966728079, -0.07550743491220041, 0.44078095224781094, 0.23805315633075422, -0.4269641944104916, 0.5299303612129433, 0.4804515183113556, -1.1734070380780823, 0.41202698917412617, -0.7486270559526293, 0.4528919057544276, -0.26645339165795245, 0.44435381555125847, 0.4884865030593012, 0.17872489611913595, 0.2084757405902109, 0.22594320674243834, 0.23802027894897004, 0.7401170497733789, 0.09655481632739829, 0.012067266652711454, 1.5390023884476611, 0.6533607838382888, 0.24060930569499836, -0.5743505766484015, -0.37355491053321344, 0.6818339372825589, 0.10991841291758714, -0.8258879467445174, -0.5319861920814676, -0.6098142794786356, 0.3597517604318581, 1.1618127438436336, -0.5612631904358557, -0.6590033962353805, -0.9725915711377698, -0.6408533176258271, 0.787189864111665, 0.6394739589576395, -0.12817578845464128, -0.20514083233717798, -0.11643749025068884, 0.7947660662485493, 0.4620477121818076, 0.41948731994323424, 0.6308392826481048, 0.8326467793346048, -0.7881552865573707, 0.35467846884437093, 0.0134321499287402, 0.7240782511165601, 0.25293914956494096, -0.7991132700307477, 0.3148938733796105, 0.026963016192266397, -0.9420852916125141]
706.702352939494	(8, 12, 2)	[0.8953190341130164, -0.04551435816042554, -0.6315408237474525, -0.6196599719812131, 0.10597494439551285, -0.0382559852521247, 0.6866446278427232, 0.19896766818074907, 0.9178033008908199, 0.7563634077454485, -0.05972509427302178, -0.4892596244552969, -0.03959403709009579, -0.8699275249502816, 0.618408343278396, -0.8484710535481463, 0.1976770359780355, -0.563281965858939, -0.8466771037377803, 0.16105850640649977, -0.2104069808833472, 0.7625031619776915, -0.49006645177104113, 0.0577566685857831, 0.6485759346387616, 0.3908702159967685, 0.6419659613454793, -0.24859948965279122, -0.2704078176505176, 0.35584732467390834, 0.18221997119098055, -0.10504282966812614, 0.40491891436592536, 0.5974144677667632, 0.5068001341335553, -1.0444132611940273, 0.8229295263655383, -0.3921385692894689, -0.4302538756611127, -0.7027176683309657, 0.01343520681419258, -0.933498513071835, -0.4561771425352613, -0.7139644452998289, -0.8186117070185783, -0.7903201763914098, 0.12189220009031615, -0.1400233783718362, -0.5397062262936567, 0.4153613489876692, 0.5578318857336859, 0.8900695732640194, -0.8190345737792233, 1.280902049314269, 0.10182913356245833, -0.2584135125959024, 0.6784147891869619, -0.7367191986124902, 0.8940131034003638, -0.4645910605252817, 0.9605978855875242, -0.03647866845778852, 0.6097730865512709, -0.31627534157597403, -0.566752966728079, -0.07550743491220041, 0.44078095224781094, 0.23805315633075422, -0.4269641944104916, 0.5299303612129433, -0.32789268702705543, -1.1734070380780823, 0.41202698917412617, -0.7486270559526293, 0.4528919057544276, -0.26645339165795245, 0.44435381555125847, 0.2221970191737752, 0.030727894452528076, 0.2084757405902109, 0.22594320674243834, 0.23802027894897004, 0.7401170497733789, 0.18894034654530176, -0.1700579893027338, 1.1586256291194277, 0.6533607838382888, 0.3533923946495555, -0.6985559419977821, -0.37355491053321344, 0.6818339372825589, 0.10991841291758714, -0.8258879467445174, -0.5319861920814676, -0.656440839341721, 0.3597517604318581, 1.1618127438436336, -0.5612631904358557, -0.6590033962353805, -0.9725915711377698, -0.6408533176258271, 0.787189864111665, 0.6394739589576395, -0.12817578845464128, -0.20514083233717798, -0.11643749025068884, 0.7947660662485493, 0.4620477121818076, 0.41948731994323424, 0.6308392826481048, 0.8326467793346048, -0.7881552865573707, 0.35467846884437093, 0.0134321499287402, 0.7240782511165601, 0.26993716208894913, -0.7991132700307477, 0.3148938733796105, 0.026963016192266397, -0.9420852916125141]
275.431539669845	(8, 12, 2)	[0.8953190341130164, -0.04551435816042554, -0.6315408237474525, -0.3911768475997859, 0.20808583578951056, -0.039660930993731705, 0.6866446278427232, 0.17855795875295238, 1.036599201424166, 0.7088481708430907, -0.05972509427302178, -0.4892596244552969, 0.5898163863953741, -0.8699275249502816, 0.618408343278396, -0.8484710535481463, 0.1976770359780355, -0.563281965858939, -0.8466771037377803, 0.23174270090099086, -0.03711200877248172, 0.8513498621853572, -0.0714502266715551, 0.0577566685857831, 0.6485759346387616, 0.5193266061263015, 0.6419659613454793, -0.24859948965279122, -0.2704078176505176, 0.35584732467390834, 0.18221997119098055, 0.0016283382479377415, 0.40491891436592536, 0.6109602887557108, 0.48481785021005086, -1.0978947501799694, 0.8229295263655383, -0.3921385692894689, -0.4302538756611127, -0.7027176683309657, 0.0024690212985740015, -0.8977990673830325, -0.4240713511345861, -0.5785982612724978, -0.8123486715653403, -0.7903201763914098, 0.12518119726094504, -0.1400233783718362, -0.43240863975635496, 0.14506897866031435, 0.8921590439081217, 0.9701856275266718, -0.8190345737792233, 1.2794867491426112, 0.10182913356245833, -0.2584135125959024, 0.7288993947248011, -0.7367191986124902, 0.8527600531438347, -0.48466140324136603, 0.9605978855875242, -0.03647866845778852, 0.6097730865512709, -0.31627534157597403, -0.566752966728079, -0.07550743491220041, 0.44078095224781094, 0.23805315633075422, -0.45578981867577356, 0.5299303612129433, -0.32789268702705543, -1.1734070380780823, 0.40079713885628865, -0.7486270559526293, 0.4528919057544276, -0.26645339165795245, 0.44435381555125847, 0.21777115390163623, 0.28043223888432467, 0.2084757405902109, 0.22594320674243834, 0.6064860262671075, 0.6465311723840764, 0.09655481632739829, 0.005772183565557957, 1.2153723947787476, 0.667999218456396, 0.2461778893566406, -0.5743505766484015, -0.37355491053321344, 0.6818339372825589, 0.10991841291758714, -0.820648642330392, -0.5319861920814676, -0.6442774684165166, 0.3597517604318581, 1.1618127438436336, -0.5612631904358557, -0.6590033962353805, -0.9725915711377698, -0.6408533176258271, 0.787189864111665, 0.24633740868204354, -0.12817578845464128, -0.23497661178033202, -0.11643749025068884, 0.7924924407406647, 0.33493864605191703, 0.41948731994323424, 0.6308392826481048, 0.8326467793346048, -0.7886963771517985, 0.37409515340072264, 0.0134321499287402, 0.7240782511165601, 0.27380481011074387, -0.953412613200261, 0.32143065139708293, 0.026963016192266397, -0.9420852916125141]
820.7897849603478	(8, 12, 2)	[0.8953190341130164, -0.04551435816042554, -0.6315408237474525, -0.3911768475997859, 0.20595358456338697, -0.0382559852521247, 0.873215285328681, 0.22752271498997345, 0.9365984444196941, 0.7588757942344436, -0.05972509427302178, -0.59899045499538, -0.03899261168331103, -0.8699275249502816, 0.5096378817798738, -0.8484710535481463, 0.1976770359780355, -0.563281965858939, -0.831928541782974, 0.16105850640649977, -0.2104069808833472, 0.814074774041947, -0.4143640098734581, 0.02475999060369264, 0.6485759346387616, 0.3908702159967685, 0.6419659613454793, -0.4347966833067578, -0.2704078176505176, 0.35584732467390834, 0.18221997119098055, -0.0027787881998961412, 0.40491891436592536, 0.5988536428220274, 0.5716438631684467, -1.1199831860685827, 0.8229295263655383, -0.3921385692894689, -0.4302538756611127, -0.739533855942267, 0.03728857129208622, -0.9589040670437408, -0.44554938748166445, -0.7139644452998289, -0.8117735109468398, -0.7903201763914098, 0.12189220009031615, -0.1400233783718362, -0.37323505431423387, 0.2131694851274774, 0.5461373278721258, 0.8900695732640194, -0.8190345737792233, 1.2779314017779304, 0.10182913356245833, -0.2584135125959024, 0.5949552728966127, -0.7074204319784446, 0.9098356381954327, -0.45674637845311344, 0.9605978855875242, -0.12840027320562541, 0.6097730865512709, -0.31627534157597403, -0.566752966728079, -0.07550743491220041, 0.44078095224781094, 0.30773966172760703, -0.4269641944104916, 0.5299303612129433, -0.32789268702705543, -1.3051985831826498, 0.4194067041657137, -0.7486270559526293, 0.4528919057544276, -0.26645339165795245, 0.44435381555125847, 0.3379003418192197, 0.17872489611913595, 0.24478340350710864, 0.2625914654286142, 0.23802027894897004, 0.6134201732086875, 0.09655481632739829, 0.012067266652711454, 1.2352416925044232, 0.6480681337878922, 0.28341387140437546, -0.5743505766484015, -0.37355491053321344, 0.6269674223026913, 0.10991841291758714, -0.8258879467445174, -0.6981079448378412, -0.603423584603698, 0.057907786823757856, 1.1618127438436336, -0.5612631904358557, -0.9305438082246398, -0.9725915711377698, -0.3939374658592172, 0.787189864111665, 0.6375722608343165, -0.16407029269989876, -0.21649294856522067, -0.11643749025068884, 0.7947660662485493, 0.4620477121818076, 0.41948731994323424, 0.6308392826481048, 0.8326467793346048, -0.7881552865573707, 0.34990267435982064, 0.0134321499287402, 0.7240782511165601, 0.26025714608051015, -0.7316333559357546, 0.3148938733796105, 0.026963016192266397, -0.9420852916125141]
628.2450872145449	(8, 12, 2)	[0.8953646518943644, -0.04551435816042554, -0.6315408237474525, -0.7379494656480343, 0.08547096811722907, 0.13571021102549713, 0.789382490459237, 0.1721723300616512, 0.9370763647283223, 0.617010356603032, -0.05972509427302178, -0.5555545925647706, 0.2600846965706834, -0.8699275249502816, 0.6207765356016538, -0.8484710535481463, 0.1976770359780355, -0.563281965858939, -0.7890369166994817, 0.1794233108400279, -0.18819282015340327, 0.7549657639312065, -0.4239965095807696, 0.06186955229699381, 0.6485759346387616, 0.39314350875868637, 0.6419659613454793, -0.3354837929741773, -0.2704078176505176, 0.35584732467390834, 0.18221997119098055, -0.1248263070235015, 0.40491891436592536, 0.606101957833675, 0.5962457864647336, -1.1326154252577556, 0.8229295263655383, -0.3921385692894689, -0.4302538756611127, -0.717785630691935, 0.04174298074221454, -0.9214604985102852, -0.4369459032283521, -0.7122549308654919, -0.8126144793959181, -0.7903201763914098, 0.12239918019942173, -0.1400233783718362, -0.5083425946825835, 0.40563680346003644, 0.7253190826635074, 0.9622955779166843, -0.8190345737792233, 1.2807900275061899, 0.10182913356245833, -0.2584135125959024, 0.6520697032945967, -0.7041895649754093, 0.8756446197513678, -0.45787493132603274, 0.9605978855875242, -0.07095454247358007, 0.6097730865512709, -0.31627534157597403, -0.566752966728079, -0.07571196975449594, 0.44078095224781094, 0.23459302808426066, -0.6767385425936794, 0.5299303612129433, -0.32789268702705543, -1.2886125179330332, 0.40700585424454455, -0.7486270559526293, 0.4528919057544276, -0.26645339165795245, 0.44435381555125847, 0.27906129227272986, 0.15594990957741323, 0.2256512831804615, 0.2337423416718189, 0.4976683704207602, 0.6088175069135506, -0.03786121636191341, 0.025322235783702206, 1.2286396197102931, 0.6505990833248986, 0.30371199172106206, -0.5632145594756084, -0.3962817252907093, 0.6596848424608619, 0.10991841291758714, -0.8242851616660998, -0.7284598538133674, -0.6076805735431412, 0.08430257851969912, 1.1618127438436336, -0.4847510862840479, -0.9698182726164194, -0.9725915711377698, -0.4482530882575734, 0.787189864111665, 0.5818208737704404, -0.1404191193731871, -0.21377919979137897, -0.11643749025068884, 0.7950326179282265, 0.46220907990531757, 0.41948731994323424, 0.6308392826481048, 0.8326467793346048, -0.7884261846498313, 0.3799505116481139, 0.0134321499287402, 0.7240782511165601, 0.27047710487232546, -1.2513231764455162, 0.3148938733796105, 0.026963016192266397, -0.9420852916125141]
679.1111172093258	(8, 12, 2)	[0.8952786864892135, -0.1953491607090979, -0.6310585201875807, -0.39177613165081, 0.20487408611376373, -0.03979531976380471, 0.6727781396077483, 0.19051765253032016, 1.0364345840275362, 0.7793659335619841, 0.016646124295440573, -0.4900025029921096, 0.498792589100983, -0.8660466511339232, 0.6037154505002668, -0.8397755943631132, 0.19460962790349673, -0.5632545097866968, -0.8488651799047061, -0.023452587619310017, -0.1529452880725226, 0.8527717070161475, -0.25504464986848435, 0.057419599316005154, 0.6486746569869679, 0.5519978242222734, 0.8190570498276213, -0.29170689943924766, -0.2699621301269686, 0.35323650650033955, 0.28922619584871184, 0.007608331467402529, 0.41006016208573975, 0.614289726905062, 0.5045451191960971, -1.1023771388100174, 0.7831805137795981, -0.27978429550849393, -0.40894327038458256, -0.8044439825487975, -0.043322882128995, -0.8910758289854702, -0.4256315939779761, -0.5997185905769158, -0.8154455635704192, -0.7599821443018338, 0.09784740817492854, -0.13127542140846907, -0.6405411408181367, 0.13985038246032258, 0.6860917455622841, 0.9687673058448157, -0.8192648890593768, 0.9087351883817067, 0.11721361198199347, -0.262773056785333, 0.6978604967550975, -0.7363988024167862, 0.8511367721925814, -0.48224979255209194, 1.0466222434366228, 0.04200202139368339, 0.6096462267169411, -0.3132634150763154, -0.5388335831550837, -0.011310638213217719, 0.47676595927686893, 0.2530997666910156, -0.4584945456900364, 0.5296263724992283, -0.42071342962904906, -0.538700741002917, 0.40219094183891196, -0.6770362431798729, 0.4560851194096881, -0.2470694523377639, 0.4553439286088906, 0.19671242303512268, 0.17143085426920596, 0.2256675150469069, 0.24070715263339823, 0.7030441576590878, 0.6583416034698207, 0.09695129598147856, 0.08708527250753423, 1.2442892965622843, 0.6484444086855908, 0.24530203140036738, -0.5747637565871551, -0.41391724273150093, 0.6613215173770153, 0.11696720446490673, -0.7246133029699194, -0.5251347699328701, -0.6459913624437459, -0.05920870244449039, 0.5033438007289879, -0.6140796336199256, -0.6355497843487332, -1.1796135062887498, -0.5049388013823052, 0.8052255268039942, 0.22084262665550844, -0.1500425124789837, -0.4208649608532617, 0.013049098406335433, 0.7941578291462968, 0.3276089428162521, 0.4184904258665796, 0.7901060595184233, 0.8011338861319668, -0.7229679189781699, 0.3675241835112084, -0.05349583556149624, 0.7353454333200616, 0.2673681675461993, -0.5058554061968311, 0.3179622834795829, 0.16387246340016656, -0.9321493915677124]
957.6789142915741	(8, 12, 2)	[0.863809626348141, -0.002167135621959637, -0.6018939230707266, -0.39350326519497836, 0.20542106942393804, -0.05180250777553834, 0.7012801163517381, 0.2123017898702958, 1.0420968785951763, 0.6567187655460842, 0.09722028557782585, -0.4877430923173056, 0.42271128047409817, -0.8709288270645418, 0.6685536667521235, -0.7978658438258038, 0.18869479387747073, -0.5015477113185673, -0.8503268528195609, 0.0751367521239577, -0.1726235863873376, 0.8496613789457015, -0.4424698966367862, 0.039401056579197985, 0.6510566166327773, 0.44223438250705477, 0.6429550398687135, -0.2558352564819707, -0.2649605221527254, 0.35349189515599827, 0.26659085918296177, -0.02567280914935692, 0.4193264161817605, 0.5953592473009707, 0.5023041471995544, -1.103121108234753, 0.7909546862860416, -0.30356934232163063, -0.4513929877970086, -0.7055207612900192, -0.062366501243070284, -0.8947855720406576, -0.435486496499938, -0.6235472105235548, -0.861748860439321, -0.7879853885663197, 0.11472232439062283, -0.1342077480407385, -0.5424979444903426, 0.22283573056557593, 0.13094641235753413, 0.9337268228308311, -0.8174326482645776, 0.950030123585433, 0.14462610233761616, -0.2627499995449995, 0.6951023708464532, -0.6788641870692669, 0.8781639660322977, -0.5570957421959761, 1.0866285869106485, -0.031232348867498726, 0.6050785232835995, -0.30868824436615766, -0.5399413102476601, -0.011485249177503147, 0.4454711922739012, 0.24762547651883743, -0.4946069312765495, 0.5297037152531343, -0.35589489819209735, -1.1643507418465682, 0.4027513064867984, -0.7312487344381772, 0.45618804259182527, -0.2476095213046505, 0.4506561138821514, 0.2391390502813723, 0.17177490884817576, 0.22911294655139547, 0.23797780331531723, 0.4970205277586672, 0.6657379396919755, 0.09485949708032582, 0.266872003422239, 1.16580039473938, 0.6511436813430546, 0.1996154687140034, -0.5713644669852781, -0.4142784903204608, 0.6868036594716065, 0.1144635335639337, -0.6549171940326083, -0.47330447722258345, -0.6302494853401365, 0.4475064689491126, 0.8425666270274383, -0.5548907950410575, -0.5359313626001668, -1.126246834592222, -0.5434035073741128, 0.8301087669191819, 0.3037075336619617, -0.14687801869215136, -0.19150889447587888, -0.048497171847293914, 0.7842549131304148, 0.35924898011278217, 0.41849544799367205, 0.6371560400061159, 0.9460942501565437, -0.7066077208436352, 0.20032841731427037, -0.027314277094921978, 0.7113749615669699, 0.26898804316529823, -0.7853346839498427, 0.3154871774302396, 0.23433666803087044, -0.9522376416551682]
1104.1971764111581	(8, 12, 2)	[0.8952786864892135, -0.1953491607090979, -0.6310585201875807, -0.39177613165081, 0.20487408611376373, -0.03979531976380471, 0.6441772930828623, 0.19051765253032016, 1.0430361464594855, 0.7910993762646665, 0.016646124295440573, -0.4900025029921096, 0.498792589100983, -0.8660466511339232, 0.5185665899734134, -0.8492186513660118, 0.19460962790349673, -0.5599217709122981, -0.8488651799047061, -0.023452587619310017, -0.1529452880725226, 0.8527717070161475, -0.25504464986848435, 0.057419599316005154, 0.6486746569869679, 0.5519978242222734, 0.6595432674736474, -0.29170689943924766, -0.2699621301269686, 0.35323650650033955, 0.28922619584871184, 0.007608331467402529, 0.41006016208573975, 0.614289726905062, 0.5045451191960971, -1.1023771388100174, 0.8021927497466588, -0.27978429550849393, -0.6595038186942639, -0.8144399614710268, -0.08419027064951258, -0.8910758289854702, -0.4256315939779761, -0.5997185905769158, -0.8154455635704192, -0.7907431913325919, 0.09784740817492854, -0.13127542140846907, -0.6405411408181367, 0.1540895436309772, 0.6860917455622841, 0.9687673058448157, -0.8192648890593768, 0.9454403082391628, 0.11721361198199347, -0.262773056785333, 0.6978604967550975, -0.741560678274374, 0.8511367721925814, -0.48224979255209194, 1.0466222434366228, 0.04200202139368339, 0.6096462267169411, -0.3132634150763154, -0.5388335831550837, -0.011310638213217719, 0.47676595927686893, 0.2530997666910156, -0.5306858043433424, 0.5296263724992283, -0.42071342962904906, -0.538700741002917, 0.3803588757964355, -0.6695811170225919, 0.4560851194096881, -0.1893160933291948, 0.26980213436392575, 0.19671242303512268, 0.36234071965161374, 0.2256675150469069, 0.24070715263339823, 0.6958019443491235, 0.6583416034698207, 0.09695129598147856, 0.08708527250753423, 1.2442892965622843, 0.6178314867163872, 0.24530203140036738, -0.5747637565871551, -0.41391724273150093, 0.6613215173770153, 0.11696720446490673, -0.7246133029699194, -0.5251347699328701, -0.6459913624437459, 0.12334003859829296, 0.5033438007289879, -0.7112255566183056, -0.6355497843487332, -1.1796135062887498, -0.5049388013823052, 0.8052255268039942, 0.333074761994754, -0.1500425124789837, -0.5531086569093433, -0.011539963013926804, 0.7941578291462968, 0.3276089428162521, 0.4184904258665796, 0.6782807757704696, 0.8554126619141906, -0.720798451616843, 0.3675241835112084, -0.05349583556149624, 0.7353454333200616, 0.2673681675461993, -0.5508230880168876, 0.3179622834795829, 0.16387246340016656, -0.9321493915677124]
938.1301671223434	(8, 12, 2)	[0.8793244752793699, -0.1092296340470744, -0.7379392969747661, -0.4077898471932601, 0.21031950699039345, -0.03885996141878448, 0.6750592760579294, 0.2546470117293017, 1.0520156960305018, 0.6644461401045698, -0.01951537354698924, -0.48867091991078626, 0.4935893207946949, -0.8659858975670047, 0.6281330894122669, -0.8485086310823163, 0.19067148394123978, -0.5635026970746744, -0.8550706503887784, 0.10445586371906306, -0.15571810291596563, 0.8606410320256805, -0.3019639829563025, 0.05746373028058664, 0.5959130671748679, 0.49513536076557474, 0.6518377154450766, -0.2890546878124321, -0.2699574941374551, 0.35440865027428814, 0.2028004757946781, -0.17412781272616135, 0.4105783355236684, 0.6114221408670258, 0.470877322144171, -1.0839450872308287, 0.8011200524214752, -0.29065161354465857, -0.4094690176536401, -0.7972923010093559, -0.039835328970235784, -0.8817571799250732, -0.4258243929785958, -0.5970232790950449, -0.8153977188001152, -0.8034508059502504, 0.09571014873325448, -0.13128054928123975, -0.6634537359574749, 0.21925371648651376, 0.6492849686392282, 0.965777804484966, -0.8192667435490854, 0.8926812621358845, 0.11600843928528924, -0.26315005770018357, 0.6828723038661345, -0.7354966083928524, 0.8836900044429472, -0.49590042369638115, 1.0436979324715625, 0.03153771719347101, 0.6096491034364779, -0.31334574336817356, -0.5327882687894451, 0.4523416557879632, 0.4161092137692631, 0.25173520759150386, -0.45943049451743356, 0.5396479559292238, -0.38218801128194974, -0.5376432070884548, 0.4022435047629104, -0.7492133095517718, 0.455952256997724, -0.29245501888755676, 0.3890373390677199, 0.19667764045023553, 0.16929149077227848, 0.23175398349041898, 0.23270849862649806, 0.5130979340551957, 0.69759279041671, 0.11001899095790338, 0.07226341535483115, 1.2466919373978338, 0.629351929954585, 0.2570957149177099, -0.5854951766502825, -0.40294893314482905, 0.6660077531609023, 0.11677355529084396, -0.7456802087108275, -0.6978766787258333, -0.6564813991243988, 0.44868084387540424, 0.48079041902880676, -0.5693889993122782, -0.7861323500197402, -1.0033689402105015, -0.5388869379739153, 0.8035899969042224, 0.20036603368861122, -0.17210166856781267, -0.40657493866127564, -0.13784347978163058, 0.7945228104725127, 0.6516578940105112, 0.4186617215131847, 0.7704448757652966, 0.94947412815453, -0.8099067481459717, 0.32584281656274605, -0.04645745165349153, 0.7350702388901806, 0.35044608607076444, -0.49707572681449613, 0.31825383417582237, 0.17173314576615561, -0.8980487591804216]
624.5014707139517	(8, 12, 2)	[0.8967585114315074, 0.0010868471412013025, -0.6035290471407709, -0.5178685570726649, 0.21503682703711716, -0.04713953148860366, 0.7013536101144241, 0.20531696696891963, 0.9803464576405201, 0.7114635210903576, -0.0003632178373222106, -0.4773932030172624, 0.3609710807258226, -0.8810223520118933, 0.5961352387810831, -0.6773517463133841, 0.07797828839887301, -0.5636450187878904, -0.819574830332581, 0.22980130457343068, -0.19135784592098531, 0.840559836315499, -0.3464286800277504, 0.06816510319800094, 0.6480187855326567, 0.42261694863106836, 0.6411304257206818, -0.19011422320970975, -0.2682021504419737, 0.46782167580444844, 0.2683111761065521, -0.1949744511814828, 0.38148159861129627, 0.5963658899775165, 0.5930539714075942, -0.9013152140381645, 0.8226775908367061, -0.28458817523347724, -0.3334890850256046, -0.7304308187267767, -0.01716771659365915, -0.827296986377707, -0.4371005331028893, -0.6701090551460133, -0.828080092373947, -0.6555362578427105, 0.09385487736084, -0.13457095736564179, -0.485259911424537, 0.3259178701740964, 0.2412591165172697, 0.9450998615399475, -0.8191308307948816, 0.971870780082851, 0.14647704973714493, -0.25761052610007285, 0.7043783259113356, -0.7225617206491584, 1.2077007329635514, -0.536111632510328, 0.9620922593881284, -0.0211433937807003, 0.6191261497794023, -0.2781834773505467, -0.5276166694671122, -0.006763289756399807, 0.4687398212470834, 0.2492871509528937, -0.5088319843436239, 0.5869791265394464, -0.3555161243681641, -1.1551476900920383, 0.3980542614606879, -0.6740604541394615, 0.45030965460197364, -0.2625938511169206, 0.43860143104777555, 0.21302225070669525, 0.1651597606717727, 0.20413518505950398, -1.140942469624029, 0.27785661878772483, 0.6828715485387752, 0.10937016772100663, 0.024619262817469727, 1.3494284636183125, 0.6517351221425278, 0.24709909869967805, -0.5668281928945614, -0.3802388222649222, 0.6561493474787302, 0.09459867129664365, -0.6936044354494537, -0.6760641977238059, -0.6358393927086298, 0.26607326308547713, 0.8115137191278875, -0.5653970742237511, -0.8843347218727518, -1.1517548129815562, -0.48651793377521846, 0.5883523096368468, 0.33949367506238376, -0.13529524637547333, -0.19906776035224752, -0.06148096860859088, 0.7430886858388698, 0.06851530281489843, 0.415292570737253, 0.5931937842799304, 0.9449456293230296, -0.5145713656163501, 0.21442059380839112, -0.03177755475559696, 0.7148023101828437, 0.2709132141729876, -0.8753728048389178, 0.31609805793876483, 0.1898442356598572, -0.9622529834136546]
958.0905614701621	(8, 12, 2)	[0.8967585114315074, 0.06985491354359133, -0.6035290471407709, -0.5178685570726649, 0.21503682703711716, -0.04713953148860366, 0.7013536101144241, 0.20531696696891963, 0.9803464576405201, 0.7114635210903576, -0.0003632178373222106, -0.4773932030172624, 0.3609710807258226, -0.8810223520118933, 0.5961352387810831, -0.6773517463133841, 0.07797828839887301, -0.5636450187878904, -0.819574830332581, 0.22980130457343068, -0.19135784592098531, 0.840559836315499, -0.3464286800277504, 0.06816510319800094, 0.6480187855326567, 0.42261694863106836, 0.6411304257206818, -0.19011422320970975, -0.2682021504419737, 0.46782167580444844, 0.2683111761065521, -0.1949744511814828, 0.38148159861129627, 0.5963658899775165, 0.5930539714075942, -0.9013152140381645, 0.8226775908367061, -0.28458817523347724, -0.3334890850256046, -0.7304308187267767, -0.01716771659365915, -0.827296986377707, -0.4371005331028893, -0.6701090551460133, -0.828080092373947, -0.6555362578427105, 0.09385487736084, -0.13457095736564179, -0.485259911424537, 0.3259178701740964, 0.2412591165172697, 0.9450998615399475, -0.8191308307948816, 0.971870780082851, 0.14647704973714493, -0.25761052610007285, 0.7043783259113356, -0.7225617206491584, 1.2077007329635514, -0.536111632510328, 0.9620922593881284, -0.0211433937807003, 0.6191261497794023, -0.2781834773505467, -0.5276166694671122, -0.006763289756399807, 0.4687398212470834, 0.2492871509528937, -0.5088319843436239, 0.5869791265394464, -0.3555161243681641, -1.1551476900920383, 0.3980542614606879, -0.6740604541394615, 0.45030965460197364, -0.2625938511169206, 0.43860143104777555, 0.21302225070669525, 0.1651597606717727, 0.2890942166728664, -1.140942469624029, 0.27785661878772483, 0.6828715485387752, 0.10937016772100663, 0.024619262817469727, 1.3494284636183125, 0.6517351221425278, 0.24709909869967805, -0.725969274940723, -0.4545836893587472, 0.6561493474787302, 0.09459867129664365, -0.6936044354494537, -0.6760641977238059, -0.6358393927086298, 0.26607326308547713, 0.8115137191278875, -0.5653970742237511, -0.8843347218727518, -1.1517548129815562, -0.48651793377521846, 0.5883523096368468, 0.33949367506238376, -0.13529524637547333, -0.19906776035224752, -0.06148096860859088, 0.7430886858388698, 0.06851530281489843, 0.415292570737253, 0.5931937842799304, 0.9449456293230296, -0.5145713656163501, 0.21442059380839112, -0.03177755475559696, 0.7148023101828437, 0.2709132141729876, -0.8753728048389178, 0.39399103680025493, 0.1898442356598572, -0.9622529834136546]
502.45364856418496	(8, 12, 2)	[0.8919638826487148, -0.03628836910073022, -0.694743852503178, -0.30245925537855445, 0.21177411053894052, -0.042374818394023156, 0.6739536530343944, 0.1965481141964039, 0.9941588375918826, 0.722551961408723, -0.03887068185480681, -0.4765229144479833, 0.27478366358719897, -0.8942886049897837, 0.5894313572052973, -0.7012488893617832, 0.18982111466987392, -0.5800369248889594, -0.7769542133125926, 0.11100269768458433, -0.1918274843246948, 0.7918191213595692, -0.6478399267049909, 0.06291982826787117, 0.5831338044833368, 0.42304203376429456, 0.6307701555029811, -0.2758109597691231, -0.3326308790743934, 0.38080750445673284, 0.19330584583386423, -0.16493781494565457, 0.4169056935719149, 0.6126104481568265, 0.3959433342507467, -1.022472078077222, 0.8210825106675526, -0.4115413147188748, -0.8122365371520166, -0.8429031051331192, 0.009260771706007642, -0.8574231348770285, -0.4401995090537876, -0.6004395079373613, -0.8129859892233673, -0.8068051704374216, 0.10050133442393058, -0.1302513939604946, -0.5454667702866492, 0.25792225458175366, 0.5835666267650196, 0.9426853723350732, -0.8186262456599541, 0.7447366780012097, 0.12126793771635004, -0.26247254201921383, 0.6575465229805186, -0.7365948482065873, 0.8734123647886509, -0.5018453993939544, 1.0454231660435338, 0.03418663581321374, 0.6464408403850542, -0.39016136431205867, -0.551311727102034, 0.47748439719517444, 0.45750819045780594, 0.23334538738088603, -0.48568058159867006, 0.573536270062263, -0.36266169564017603, -1.1151631142979024, 0.40278370467281166, -0.34285101508001664, 0.4521969020418481, -0.2715637017411782, 0.39242809039720655, 0.20028190581089744, 0.1405980057100898, 0.21557053357161693, 0.0985706557095265, 0.2849764971185779, 0.6123625135122873, -0.009504041061567846, 0.012403065820123486, 1.4792208128754223, 0.5878797951307646, 0.25799421629444924, -0.579829837961471, -0.399381705713266, 0.6611499974722749, 0.11940399031057378, -0.762710273916147, -0.6617736103716655, -0.6417090875707361, 0.2494532702299381, 0.7063894406280491, -0.7336195337612148, -0.8387043659898429, -1.0063130506294446, -0.5389404391183062, 0.794381671214327, 0.3997486427063869, -0.1497036666853757, -0.25126412814662685, 0.29278567973924846, 0.7952479560518771, 0.4800086650697061, 0.42550567080175117, 0.43637363545946617, 0.9132644961348994, -0.71213218910565, 0.3300299534466912, 0.005213980680261174, 0.7224187849724057, 0.32650838250055886, -0.4906731677250056, 0.30632406280517555, 0.08026532860287787, -0.9090137828871464]
906.6310653219463	(8, 12, 2)	[0.8967585114315074, 0.0010868471412013025, -0.6035290471407709, -0.5178685570726649, 0.21503682703711716, -0.04713953148860366, 0.7013536101144241, 0.20531696696891963, 0.9803464576405201, 0.7114635210903576, -0.0003632178373222106, -0.4773932030172624, 0.3609710807258226, -1.0010246775226908, 0.5961352387810831, -0.6773517463133841, 0.07797828839887301, -0.5636450187878904, -0.819574830332581, 0.15903022699841218, -0.19135784592098531, 0.6762298816535992, -0.3464286800277504, 0.015258876497147869, 0.6480187855326567, 0.42261694863106836, 0.6411304257206818, -0.19011422320970975, -0.34553624902741537, 0.46782167580444844, 0.2683111761065521, -0.1949744511814828, 0.38148159861129627, 0.5963658899775165, 0.5930539714075942, -0.9013152140381645, 0.8226775908367061, -0.28458817523347724, -0.3334890850256046, -0.7304308187267767, -0.01716771659365915, -0.827296986377707, -0.4371005331028893, -0.6087509968694579, -0.828080092373947, -0.6555362578427105, 0.09385487736084, -0.13457095736564179, -0.6489002587058545, 0.3259178701740964, 0.2412591165172697, 0.9450998615399475, -0.8191308307948816, 0.971870780082851, 0.14647704973714493, -0.16379084789247533, 0.7043783259113356, -0.7225617206491584, 1.2077007329635514, -0.536111632510328, 0.9620922593881284, -0.0211433937807003, 0.6191261497794023, -0.2781834773505467, -0.5276166694671122, -0.006763289756399807, 0.5037336265764197, 0.2492871509528937, -0.5088319843436239, 0.5869791265394464, -0.3555161243681641, -1.1551476900920383, 0.3980542614606879, -0.6740604541394615, 0.45030965460197364, -0.2625938511169206, 0.48057820483157493, -0.21806925752449485, 0.1651597606717727, 0.06221786946381508, -1.296036566625631, 0.27785661878772483, 0.6828715485387752, 0.10937016772100663, 0.024619262817469727, 1.3494284636183125, 0.6517351221425278, 0.41562892563760506, -0.5668281928945614, -0.3802388222649222, 0.6561493474787302, 0.09459867129664365, -0.6936044354494537, -0.6760641977238059, -0.6358393927086298, 0.26607326308547713, 0.7086704871081744, -0.5653970742237511, -0.8843347218727518, -1.290583509381817, -0.48651793377521846, 0.5883523096368468, 0.33949367506238376, -0.13529524637547333, -0.19906776035224752, -0.06148096860859088, 0.7430886858388698, 0.06851530281489843, 0.3722369453860649, 0.5931937842799304, 0.9449456293230296, -0.5145713656163501, 0.1603805333099745, -0.03177755475559696, 0.7148023101828437, 0.2709132141729876, -0.8753728048389178, 0.31609805793876483, 0.1898442356598572, -0.9622529834136546]
1188.0098933515956	(8, 12, 2)	[0.8967585114315074, 0.0010868471412013025, -0.6035290471407709, -0.5178685570726649, 0.21503682703711716, -0.04713953148860366, 0.7013536101144241, 0.20531696696891963, 0.9803464576405201, 0.7114635210903576, -0.0003632178373222106, -0.4773932030172624, 0.3609710807258226, -1.0010246775226908, 0.5961352387810831, -0.6773517463133841, 0.07797828839887301, -0.5636450187878904, -0.819574830332581, 0.15903022699841218, -0.19135784592098531, 0.6762298816535992, -0.3464286800277504, 0.015258876497147869, 0.6480187855326567, 0.42261694863106836, 0.6411304257206818, -0.19011422320970975, -0.34553624902741537, 0.46782167580444844, 0.2683111761065521, -0.1949744511814828, 0.38148159861129627, 0.5963658899775165, 0.5930539714075942, -0.9013152140381645, 0.8226775908367061, -0.28458817523347724, -0.3334890850256046, -0.7304308187267767, -0.01716771659365915, -0.827296986377707, -0.4371005331028893, -0.6087509968694579, -0.828080092373947, -0.6555362578427105, 0.09385487736084, -0.13457095736564179, -0.6489002587058545, 0.3259178701740964, 0.2412591165172697, 0.9450998615399475, -0.8191308307948816, 0.971870780082851, 0.14647704973714493, -0.16379084789247533, 0.7043783259113356, -0.7225617206491584, 1.2077007329635514, -0.536111632510328, 0.9620922593881284, -0.0211433937807003, 0.6191261497794023, -0.2781834773505467, -0.5276166694671122, -0.006763289756399807, 0.5037336265764197, 0.2492871509528937, -0.5088319843436239, 0.5869791265394464, -0.3555161243681641, -1.1551476900920383, 0.3980542614606879, -0.6740604541394615, 0.45030965460197364, -0.2625938511169206, 0.48057820483157493, -0.21806925752449485, 0.1651597606717727, 0.06221786946381508, -1.296036566625631, 0.27785661878772483, 0.6828715485387752, 0.10937016772100663, 0.024619262817469727, 1.3494284636183125, 0.6517351221425278, 0.41562892563760506, -0.5668281928945614, -0.3802388222649222, 0.6561493474787302, 0.09459867129664365, -0.6936044354494537, -0.6760641977238059, -0.6358393927086298, 0.26607326308547713, 0.7086704871081744, -0.5653970742237511, -0.8843347218727518, -1.290583509381817, -0.48651793377521846, 0.5883523096368468, 0.33949367506238376, -0.13529524637547333, -0.19906776035224752, -0.06148096860859088, 0.7430886858388698, 0.06851530281489843, 0.3722369453860649, 0.5931937842799304, 0.9449456293230296, -0.5145713656163501, 0.1603805333099745, -0.03177755475559696, 0.7148023101828437, 0.2709132141729876, -0.8753728048389178, 0.31609805793876483, 0.1898442356598572, -0.9622529834136546]
584.8367361858437	(8, 12, 2)	[0.8967585114315074, -0.12063193692704186, -0.6226435877117258, -0.5178685570726649, 0.13812715474053905, -0.04713953148860366, 0.7013536101144241, 0.20531696696891963, 0.9803464576405201, 0.7114635210903576, 0.16504962515121144, -0.4773932030172624, 0.2989351822810171, -1.0105686624984895, 0.5961352387810831, -0.7388220433844082, 0.07797828839887301, -0.5636450187878904, -0.819574830332581, 0.22980130457343068, 0.06912169100807791, 0.840559836315499, -0.3464286800277504, 0.038565939853153576, 0.6732548631319095, 0.42261694863106836, 0.6411304257206818, -0.19011422320970975, -0.24900035700981848, 0.46782167580444844, 0.2683111761065521, -0.1949744511814828, 0.38148159861129627, 0.5963658899775165, 0.5930539714075942, -0.9013152140381645, 0.8226775908367061, -0.28458817523347724, -0.3334890850256046, -0.7304308187267767, -0.01716771659365915, -0.776334644355911, -0.8226317777415462, -0.6360005274320367, -0.828080092373947, -0.6555362578427105, 0.09385487736084, -0.13457095736564179, -0.6670341469422502, 0.198694461987647, 0.2412591165172697, 0.9450998615399475, -0.8191308307948816, 0.971870780082851, 0.12792557444914646, -0.27245372140271623, 0.7043783259113356, -0.7225617206491584, 1.2077007329635514, -0.536111632510328, 0.9620922593881284, -0.02802188364634584, 0.6191261497794023, -0.26993408047325884, -0.5047241874972865, -0.006763289756399807, 0.5055071150142297, 0.2492871509528937, -0.5088319843436239, 0.5869791265394464, -0.3555161243681641, -1.1551476900920383, 0.3980542614606879, -0.6740604541394615, 0.34403462831634596, -0.2625938511169206, 0.43860143104777555, 0.09413622306316144, 0.1651597606717727, 0.29260334614718336, -1.140942469624029, 0.2974903363266335, 0.6828715485387752, 0.10937016772100663, 0.024619262817469727, 1.2863221922424373, 0.6517351221425278, 0.24709909869967805, -0.6143550720155552, -0.4215554585230313, 0.6561493474787302, 0.09459867129664365, -0.7357573381550427, -0.6760641977238059, -0.6358393927086298, 0.29089152362729814, 0.8115137191278875, -0.5653970742237511, -0.896800414650836, -1.0338767495850436, -0.48651793377521846, 0.5883523096368468, 0.33949367506238376, -0.13529524637547333, -0.19906776035224752, -0.06148096860859088, 0.7430886858388698, -0.11190742514057606, 0.415292570737253, 0.5931937842799304, 0.9449456293230296, -0.5145713656163501, 0.20786824509569515, -0.03177755475559696, 0.7148023101828437, 0.2709132141729876, -0.9483962261325077, 0.3503866253124183, 0.20777485743800858, -0.9622529834136546]
494.60505862264904	(8, 12, 2)	[0.9002091725569681, -0.04470699093606917, -0.619848992181722, -0.5282902858932302, 0.20579273019827693, -0.04277196622287914, 0.6843677549656086, 0.25750173233780455, 1.040361393421236, 0.6204473815858466, 0.006600775121825615, -0.4866076260306833, 0.4608594411193874, -0.8701640940138723, 0.47153167809504115, -0.8268807164981541, 0.2160772274585413, -0.5706442411470748, -0.6962087294160955, 0.01237074056614252, -0.095425688770707, 0.8491298177474731, -0.1713465727605533, 0.054997023207025146, 0.6487050458321569, 0.5801447640776265, 0.6460391721182799, -0.19754949386652235, -0.3289452199089672, 0.008530900676225306, 0.27404405174058616, -0.07589350047728084, 0.5114320959365668, 0.6035120991648958, 0.4864165785867257, -1.020383436587067, 1.0546500004644566, -0.3666030523831137, -0.6612106321971961, -0.7915820223804132, -0.022039765171766618, -0.8064147622194036, -0.43544115409976103, -0.9340658428668092, -0.8172803256402325, -0.7925055579026187, 0.09797312682975741, -0.13244227145639179, -0.5116436393386072, 0.7339749071370425, 0.6837198326548823, 0.9693333283558633, -0.8171118036178615, 0.7913987636945415, 0.12537493422168236, -0.26288874111289157, 0.6971534889024634, -0.7214427465063178, 0.8601320307372067, -0.3881481431957035, 1.0583590490638333, -0.0024582417120824623, 0.7321830000729213, -0.3937805560712818, -0.4635606826367824, -0.010131951179440804, 0.20462113286966183, 0.2502097766296671, -0.44159651241093656, 0.5559157115016886, -0.4101242962625522, -1.1590827694864059, 0.3808730481153921, -0.6912564885254051, 0.45476476681319505, -0.1883270281151369, 0.32449011255077503, 0.19284397075408066, 0.36634849573944517, 0.23232213739320035, 0.0011401397564791693, 0.37336584507868625, 0.5870421897287236, 0.09637951878830141, 0.32100651741648467, 1.4608464320397716, 0.6189711440914819, 0.2262291532024587, -0.5676729210942643, -0.5969081797950634, 0.6626068645115878, 0.12095641348255379, -0.7173116267094394, -0.44365426126216245, -0.476769211473763, 0.16917150796078878, 0.5364112975101019, -0.7540673311536286, -0.5672469229887974, -1.1270074177658844, -0.5519349534711058, 0.8293597873258095, 0.3313093159716821, -0.150284439696678, -0.1410794662156446, 0.5784102689638664, 0.7956542447088467, 0.4114778644172278, 0.42184843683211243, 0.6454284803298954, 0.8536517598945592, -0.48650508516652285, 0.38267764863348963, -0.03950243611460909, 0.731285392456346, 0.35702222174368486, -0.7543169574167806, 0.31536522172596665, 0.1613680210910489, -0.2060249687222373]
1604.2691756796492	(8, 12, 2)	[0.8862912436770827, -0.009567924773851745, -0.6101281725563938, -0.5699909026974026, 0.02861831356518605, -0.10792092907840142, 0.7188218100020515, 0.18717883058798593, 0.9575114401773597, 0.7091886396352394, -0.0033572939091921668, -0.4854570962188989, 0.2563163304802829, -1.1405699240641873, 0.5456867301983886, -0.8175765966405228, 0.06158648196727727, -0.5652550516994855, -0.8440545583917614, 0.1581522855458871, -0.4431493429566912, 0.8208074746208979, -0.2613289309415977, 0.1294811479228991, 0.5235014583074911, 0.3924376759355226, 0.7369276035150196, -0.19999339843802091, -0.34920620777109607, 0.47579670106838623, 0.22389780441245744, -0.1889664148409642, 0.4008201048578171, 0.20447529312289142, 0.4524580510623031, -0.9708972773289969, 0.8326900094797611, -0.28625464729252065, -0.38723833179343603, -0.7396978152282686, -0.007805074510724486, -0.8088452468334658, -0.43586529156936815, -0.6027653145661511, -0.8323515661489225, -0.7932503308440677, 0.04358836234371701, -0.13657707278504055, -0.6423240450050401, 0.32181485554571193, 0.471607184430671, 0.9426250055622412, -0.8189837914551918, 1.1571714952226357, 0.14864470330052335, -0.3518654309291178, 0.699766063238277, -0.7915838515794226, 1.0498737012769888, -0.5067173881601157, 0.8366358729319807, -0.051579529675814556, 0.6362034335797317, -0.4359084859568816, -0.5409203030797899, -0.08785473040547803, 0.4712530230921644, 0.12576168506171778, -0.5063856376787174, 0.5633754030616315, -0.6219966683569539, -0.6655343132621383, 0.3699231956531313, -0.7871968199857855, 0.3574670536623128, -0.25427395388409785, 0.35553471949187804, 0.06306903527720764, 0.17103277856357152, 0.11928915355078532, -1.0955277008407436, 0.7067353560997113, 0.6636010178152486, 0.005986180935035897, 0.07437862070681579, 1.289626884772982, 0.6431697230548141, 0.1391580596815241, -0.5758053275079751, -0.4138737966978564, 0.7219452672629185, 0.10874823725036012, -0.6799198169672132, -0.5909102774960208, -0.5018944439676316, 0.2523021181209686, 0.7922676391281014, -0.5479716538946493, -0.8846323960342053, -1.1876041743735928, -0.5030140591642063, 0.6601757289412288, 0.45332222642283704, -0.14273367685759106, -0.2286093754853592, 0.054039027816968954, 0.8122625555702121, 0.22401262161096006, 0.36830388755165056, 0.5836534729713682, 0.9204051232713384, -0.6458856570358427, 0.17191368216521608, 0.009196248948063507, 0.7715979683096202, 0.2812418151472436, -0.553732686871695, 0.3159842259372308, 0.3407890667502462, -0.9767893302113341]
639.5132181363617	(8, 12, 2)	[0.8856135897408627, 0.0720913394614244, -0.56450005795441, -0.4853037821641335, 0.20596031930941597, 0.12052221463830207, 0.6887997730739838, 0.19876591281045963, 0.9694592370536924, 0.7460853143635796, 0.004572247685436584, -0.48805379403991955, 0.25179800683838993, -0.9326995433493295, 0.784445397670725, -0.6797103821998429, 0.21568549039782803, -0.5709725163660265, -0.8204441725424373, 0.23231776683826832, -0.19183400883691626, 0.761079141651637, -0.3460305928281459, 0.012979012913129223, 0.6481556792172763, 0.4182976830647909, 0.8211014520876012, -0.19393205472826164, -0.26825251945079726, 0.5531820268564003, 0.35415411803392344, -0.4860897794209209, 0.40694789793223873, 0.5942123560292037, 0.5912469243976857, -0.8778983977334313, 0.8158669102716788, -0.2936182055884607, -0.33048448680673853, -0.7279382979588895, 0.1368910792616653, -0.8815925735531078, -0.43685740993874916, -0.515053422817667, -0.8292015597823322, -0.6129089886426929, 0.16149842406740408, -0.11904742324419999, -0.6739753636853465, 0.3151735132165391, 0.3190643350594882, 1.037957380429961, -0.8261179826973968, 0.9752131962193511, 0.17503874588754342, -0.16185800470078457, 0.0750615520599916, -0.6880427624119159, 1.0296835738806438, -0.4614956900878907, 0.9586285554915607, -0.25178839210569903, 0.6195248205186076, -0.4501602769374873, -0.5018579301447962, -0.0013711279502424956, 0.5097592109644575, 0.23042212832356312, -0.5212692705214379, 0.547057593841112, -0.5213898965675616, -0.8500801246135299, 0.5097113834980458, -0.6746228277871685, 0.4307140987438777, -0.27181872025265696, 0.48210673866385856, -0.000854291061718887, 0.16454841228343214, 0.09459319244880567, -1.1088218222672936, 0.2509806973955077, 0.6885293632983308, 0.10776037940197018, 0.02477234553229029, 1.2187965845801065, 0.6700058312772792, 0.3827489286587651, -0.5201252629630977, -0.37533493309973365, 0.6300949664276577, 0.10996351768217358, -0.6870268551191697, -0.46714875193720784, -0.5574380733984339, 0.2798238520616439, 0.7143649888396605, -0.6174687359388262, -0.8702727493603084, -1.1596180132930873, -0.523047642083163, 0.7414615074031182, 0.33811077821301494, -0.17990681873353298, -0.2765430731967773, -0.05068488459272541, 0.7406206635064844, 0.06265464020300805, 0.3978830855111627, 0.5935502740698204, 0.9334576865908266, -0.5409543534035046, 0.2023987079344579, -0.032265052255285864, 0.7959956506907006, 0.29782472805958854, -0.5373622127031534, 0.3174079486470802, 0.19918594097990192, -0.9634187235009775]
727.6973417234349	(8, 12, 2)	[0.8938467502540971, -0.052987677496459384, -0.6548770813935929, -0.5106052739971823, 0.16552335655212166, -0.031811460991599975, 0.6792189259370113, 0.2376467382110905, 0.9742942366725218, 0.6492101246106098, 0.008747978324911887, -0.43516494290248436, 0.29651319195637726, -0.857595178269263, 0.7308326697650014, -0.5892832668734946, 0.19586002207104689, -0.43877204365693634, -0.8483888821895312, -0.016185864417480857, -0.12298031200993947, 0.8037712949399218, -0.17666131729447246, 0.056410577416459676, 0.6961921928786828, 0.6052586267379866, 0.6934920706442742, -0.31623096968295394, -0.2821822859626547, 0.5354451792402466, 0.15925359540136325, -0.10090987929307392, 0.5197334898590533, 0.6023074101684773, 0.5280754183118639, -0.9124046564655103, 0.9051193283254587, -0.3441780966805093, -0.4393311361674293, -0.8184567464776963, 0.021288842380554507, -0.8335847315039127, -0.729732625620535, -0.6145242872076596, -0.6956364952431484, -0.8249756633454443, 0.08782013368571706, -0.14165815866726705, -0.4573556619051564, 0.6837417564483392, 0.33600065003352086, 1.0674412816511658, -0.8211678751415246, 0.8310149891391956, 0.12536644213979287, -0.24722686836059918, -0.009119800810196269, -0.7319986734729077, 1.046095686437054, -0.013567627019028694, 0.5992646892321503, -0.12194842604744299, 0.6172069119453257, -0.45027551776889374, -0.5370811656581628, -0.0520038560566562, 0.4164043635442376, 0.2444122012830037, -0.44090347856337986, 0.5644540631851154, -0.40359055563752344, -1.2394052557290482, 0.4609352642221838, -0.5604839377135402, 0.5002189693270814, -0.16601283973570122, 0.48719567637765393, 0.14629746284594836, 0.06950468446155572, 0.18583155902282417, 0.02514755317003209, 0.3616509670120592, 0.500003900002862, 0.1552182900055378, -0.010544875145015759, 1.3943308706034674, 0.6278913028990366, 0.26770638414607734, -0.5777465517825807, -0.41454003890783747, 0.670733030647211, 0.10982387875370064, -0.7286521942462256, -0.5978484093880095, -0.5634634648846543, 0.4420293091852284, 0.7589109301157669, -0.8067160713609113, -0.5028429749259228, -1.042345850592181, -0.5358184590662964, 0.9892260938360095, 0.32535423206883946, -0.13926354641017785, -0.2166353733053161, -0.18256049127591892, 0.8030960876623303, 0.149598157849566, 0.4189972167498374, 0.37078425390037184, 0.9278123013978754, -0.5096597945058663, 0.35065339329320194, -0.04968423650795867, 0.7870508406569812, 0.37789291359484445, -0.7181226213068754, 0.317168741258724, 0.17290631109158272, -0.7176502764229553]
1246.3328967906732	(8, 12, 2)	[0.8327618395897806, 0.06816218315630512, -0.614931435627841, -0.5087360073330702, 0.15735274647446063, 0.023404242125019292, 0.7275039526148755, 0.2221446218183306, 0.9753718181837419, 0.6435099950974636, -0.005986170131634145, -0.4747156008259843, 0.6106200202114662, -0.9663835664366394, 0.7412926155011859, -0.686538565751091, 0.10291323944671044, -0.568987883610807, -0.8184754747953562, 0.22655438791179328, -0.18788659803413396, 0.8611460529486556, -0.3370639235748567, 0.08957381296418361, 0.6475257265234058, 0.4471585845024128, 0.7873723134710419, -0.20075415641607408, -0.2580820574964444, 0.21676258040611138, 0.33847700276818515, -0.4379597901627013, 0.2868743624541088, 0.5942764476994159, 0.5912334371333386, -0.8977336187867536, 0.5729064392410803, -0.3029671636138641, -0.3153100870759952, -0.7255480011342392, 0.015111191001864963, -0.6985758204807961, -0.21691610105280246, -0.500555871363695, -0.8293124996315597, -0.7253698234059651, 0.20786278491726062, -0.11729305919062069, -0.6736444627160232, 0.3325030852258201, 0.4766503863753333, 1.0225266453348296, -0.8257770502503637, 0.9668653631907437, 0.20010419874384178, -0.1484972651704522, 1.052875712390462, -0.6815392261145242, 1.0217728149174898, -0.4411211135167806, 0.9543886282036181, -0.02588416300876517, 0.6888751380168449, -0.33140775491509655, -0.4915308269000368, -0.007266036593675314, 0.5027527313866516, 0.23379663101936118, -0.47011078565171904, 0.5928715084305355, -0.5453665367906192, -0.6387873484685689, 0.48778608558096215, -0.6746010136480852, 0.4337821028401106, -0.2683975364671709, 0.5238931312752916, -0.04788265262961014, 0.16067177804002974, -0.03260526204553136, -1.1128183151478388, 0.4536403382832388, 0.6337849096656054, 0.09346320693286209, 0.004395712127795165, 1.3028008326714071, 0.6616149090464861, 0.21663825457459993, -0.6138012517636033, -0.41097490679193066, 0.6351836822618669, 0.2486836896092607, -0.6964711395778465, -0.505858897444414, -0.5405865251053552, 0.2844056312475383, 0.7618440149993367, -0.18182360092773242, -0.882070499962625, -1.1367917845660858, -0.5163265045457048, 0.7778114273467219, 0.5321173502846488, -0.1303095401812055, -0.22727072532430606, -0.06328833610273132, 0.7401289345019902, 0.0661561098847688, 0.4151106475868811, 0.5752628606930154, 0.9340328016782383, -0.5563635916565568, 0.20749990923556014, -0.03300576918366712, 0.674200927762796, 0.2954549239733371, -0.7498089560783493, 0.3368517515435235, 0.16573882565804793, -0.971234111143682]
923.4613645700135	(8, 12, 2)	[0.6746545581635648, -0.05195347976128989, -0.7533020636624971, -0.6387259998417352, 0.034002199331358424, -0.09279072257216293, 0.7118274818844447, 0.2217010970812405, 0.9197952429440399, 0.6877810273238201, 0.03859883379688717, -0.4996588701069722, 0.2450892257657318, -0.7860898351449773, 0.7728029581435831, -0.7102889615893035, 0.17081145995538224, -0.3803407079815736, -0.8483354491425771, 0.14333896008994707, -0.31998975680103203, 0.7743130455846956, -0.4770923246093077, 0.009560217268453412, 0.533613843833333, 0.39961118411343627, 0.8637081014169905, -0.10789265273108575, -0.41227636965549885, 0.4191170657276513, 0.18857460857256028, -0.11133428094142775, 0.41705004442817867, 0.5932540600773261, 0.4211394441052324, -1.0802728208530639, 0.8656549684690485, -0.4023438543495567, -0.3811729006813158, -0.7895453600052789, 0.10873592404407574, -0.8657003574087117, -0.45972202325861716, -0.6272203450386554, -0.782917619499973, -0.8688018178459171, 0.563515648723582, -0.13390271282910438, -0.7339398121699705, 0.26668760039424766, 0.6852451671712478, 0.9407464814472785, -0.8464387170427938, 0.7657072171665023, -0.003457715540818164, -0.09467657593625978, 0.5556070577959804, -0.9337400159360534, 0.9851955793769223, -0.7108248233182464, 1.0476623128178963, -0.3388717982613202, 0.708321559702868, -1.5200782479122759, -0.5276978582744472, -0.04597692821037161, 0.5295879085527172, 0.2773152493376017, -0.5116327013320963, 0.6193871268404191, -0.42939212733408716, -0.798154607332898, 0.3966080065994495, -0.5486541595353025, 0.5566939689027981, -0.24755981266490484, 0.41174402526610787, 0.24154908245455628, 0.3397315448262096, 0.14428342622071352, -0.6160314880406604, 0.9377056221863694, 0.7186227133211638, 0.019239988430162964, 0.0878831926700348, 1.3802569458433291, 0.6342881736472866, 0.16751198574118098, -0.5834015722102104, -0.3878691232889929, 0.6072836143030214, 0.06143543437879144, -0.7589905486175974, -0.6451795851893006, -0.4923022571493316, 0.19351568015170217, 0.8227912379833952, -0.4364477676414286, -0.6928248100944093, -1.094434575930985, -0.5402230473341961, 0.9098868338432942, 0.3280156312012114, -0.12916097237215662, -0.25812767105733886, 0.07400306058073428, 0.7876479896257743, 0.37502512592585263, 0.3173988104754861, 0.6142852381970817, 0.9199764609424108, -0.6692032429629138, 0.19084988471327588, -0.1057203537187271, 0.5603892799321297, 0.2844318625041225, -0.5319004390398034, 0.323285776996199, 0.04728024605524822, -0.9998964673956787]
964.1158437391551	(8, 12, 2)	[0.6746545581635648, -0.05195347976128989, -0.7533020636624971, -0.6387259998417352, 0.034002199331358424, -0.09279072257216293, 0.7299524615332648, 0.2217010970812405, 0.9197952429440399, 0.7072584927879854, 0.03859883379688717, -0.4996588701069722, 0.2450892257657318, -0.7860898351449773, 0.7728029581435831, -0.7102889615893035, 0.17081145995538224, -0.3803407079815736, -0.8483354491425771, 0.14333896008994707, -0.31998975680103203, 0.7743130455846956, -0.4770923246093077, 0.009560217268453412, 0.533613843833333, 0.39961118411343627, 0.8637081014169905, -0.10789265273108575, -0.41227636965549885, 0.4191170657276513, 0.18857460857256028, -0.11133428094142775, 0.41705004442817867, 0.5932540600773261, 0.4211394441052324, -1.0802728208530639, 0.8656549684690485, -0.4023438543495567, -0.3811729006813158, -0.7895453600052789, 0.10873592404407574, -0.8657003574087117, -0.45972202325861716, -0.6272203450386554, -0.782917619499973, -0.8688018178459171, 0.563515648723582, -0.13390271282910438, -0.7339398121699705, 0.26668760039424766, 0.6852451671712478, 0.9407464814472785, -0.8464387170427938, 0.7657072171665023, -0.003457715540818164, -0.09467657593625978, 0.5556070577959804, -0.9337400159360534, 0.9851955793769223, -0.7108248233182464, 1.0476623128178963, -0.3388717982613202, 0.708321559702868, -1.5200782479122759, -0.5276978582744472, -0.04597692821037161, 0.5295879085527172, 0.23895822365042624, -0.5116327013320963, 0.6193871268404191, -0.42939212733408716, -0.798154607332898, 0.3966080065994495, -0.5486541595353025, 0.5566939689027981, -0.24755981266490484, 0.41174402526610787, 0.24154908245455628, 0.3397315448262096, 0.14428342622071352, -0.6160314880406604, 0.9377056221863694, 0.7186227133211638, 0.019239988430162964, 0.0878831926700348, 1.3802569458433291, 0.6342881736472866, 0.16751198574118098, -0.5834015722102104, -0.3878691232889929, 0.6072836143030214, 0.06143543437879144, -0.7589905486175974, -0.6451795851893006, -0.4923022571493316, 0.19351568015170217, 0.8227912379833952, -0.4364477676414286, -0.6928248100944093, -1.094434575930985, -0.5402230473341961, 0.9098868338432942, 0.44812834217874986, -0.12916097237215662, -0.25812767105733886, 0.07400306058073428, 0.7876479896257743, 0.37502512592585263, 0.3173988104754861, 0.6142852381970817, 0.9199764609424108, -0.6692032429629138, 0.19084988471327588, 0.023999355444171644, 0.5603892799321297, 0.2844318625041225, -0.5319004390398034, 0.323285776996199, 0.04728024605524822, -0.9998964673956787]
1248.913519657277	(8, 12, 2)	[0.6746545581635648, -0.05195347976128989, -0.7533020636624971, -0.6387259998417352, 0.034002199331358424, -0.09279072257216293, 0.7299524615332648, 0.2217010970812405, 0.9197952429440399, 0.7072584927879854, 0.03859883379688717, -0.4996588701069722, 0.2450892257657318, -0.7860898351449773, 0.7728029581435831, -0.7102889615893035, 0.17081145995538224, -0.3803407079815736, -0.8483354491425771, 0.14333896008994707, -0.31998975680103203, 0.8558766804822898, -0.4770923246093077, 0.009560217268453412, 0.533613843833333, 0.39961118411343627, 0.8637081014169905, -0.10789265273108575, -0.41227636965549885, 0.4191170657276513, 0.18857460857256028, -0.11133428094142775, 0.41705004442817867, 0.5932540600773261, 0.4211394441052324, -1.0802728208530639, 0.8656549684690485, -0.4023438543495567, -0.3811729006813158, -0.7895453600052789, 0.10873592404407574, -0.8657003574087117, -0.45972202325861716, -0.6272203450386554, -0.782917619499973, -0.8688018178459171, 0.563515648723582, -0.04609248934164718, -0.7339398121699705, 0.3207599445722606, 0.6852451671712478, 0.9407464814472785, -0.8464387170427938, 0.7657072171665023, -0.003457715540818164, -0.09467657593625978, 0.5556070577959804, -0.9337400159360534, 0.9851955793769223, -0.7108248233182464, 1.0476623128178963, -0.3388717982613202, 0.708321559702868, -1.5200782479122759, -0.5276978582744472, -0.04597692821037161, 0.5295879085527172, 0.23895822365042624, -0.5116327013320963, 0.6193871268404191, -0.42939212733408716, -0.798154607332898, 0.3966080065994495, -0.5486541595353025, 0.5566939689027981, -0.24755981266490484, 0.41174402526610787, 0.24154908245455628, 0.3397315448262096, 0.14428342622071352, -0.6160314880406604, 0.9377056221863694, 0.7186227133211638, 0.019239988430162964, 0.0878831926700348, 1.3802569458433291, 0.6342881736472866, 0.16751198574118098, -0.5834015722102104, -0.3878691232889929, 0.6072836143030214, 0.06143543437879144, -0.7589905486175974, -0.575633034977257, -0.4923022571493316, 0.19351568015170217, 0.8045753355110139, -0.4364477676414286, -0.6928248100944093, -1.094434575930985, -0.5402230473341961, 0.9098868338432942, 0.44812834217874986, -0.12916097237215662, -0.25812767105733886, 0.07400306058073428, 0.7876479896257743, 0.37502512592585263, 0.3173988104754861, 0.6142852381970817, 0.9199764609424108, -0.6692032429629138, 0.19084988471327588, 0.023999355444171644, 0.5603892799321297, 0.2844318625041225, -0.5319004390398034, 0.323285776996199, 0.04728024605524822, -1.164058363039448]
1333.158193595387	(8, 12, 2)	[0.6746545581635648, -0.05195347976128989, -0.7533020636624971, -0.6387259998417352, 0.034002199331358424, 0.08981137307662106, 0.7299524615332648, 0.2217010970812405, 0.9197952429440399, 0.7072584927879854, 0.03859883379688717, -0.4996588701069722, 0.23941297147408322, -0.7860898351449773, 0.7728029581435831, -0.8497961310535697, 0.17081145995538224, -0.3803407079815736, -0.8483354491425771, 0.14333896008994707, -0.31998975680103203, 0.7743130455846956, -0.4770923246093077, 0.009560217268453412, 0.533613843833333, 0.39961118411343627, 0.8637081014169905, -0.10789265273108575, -0.41227636965549885, 0.4191170657276513, 0.18857460857256028, -0.11133428094142775, 0.41705004442817867, 0.5932540600773261, 0.4211394441052324, -1.0802728208530639, 0.8656549684690485, -0.4023438543495567, -0.3811729006813158, -0.7895453600052789, 0.10873592404407574, -0.8657003574087117, -0.45972202325861716, -0.6272203450386554, -0.782917619499973, -0.8688018178459171, 0.563515648723582, -0.13390271282910438, -0.7339398121699705, 0.26668760039424766, 0.6852451671712478, 0.7515919737782404, -0.8464387170427938, 0.7657072171665023, -0.051320667943999775, -0.09467657593625978, 0.5556070577959804, -0.9337400159360534, 0.9851955793769223, -0.7108248233182464, 1.0476623128178963, -0.3388717982613202, 0.708321559702868, -1.364381735207543, -0.5276978582744472, -0.04597692821037161, 0.5295879085527172, 0.23626478467603362, -0.5116327013320963, 0.6193871268404191, -0.42939212733408716, -0.798154607332898, 0.3966080065994495, -0.5486541595353025, 0.5566939689027981, -0.24755981266490484, 0.41174402526610787, 0.24154908245455628, 0.3397315448262096, 0.14428342622071352, -0.6160314880406604, 0.9377056221863694, 0.7186227133211638, 0.019239988430162964, 0.0878831926700348, 1.3802569458433291, 0.6342881736472866, 0.16751198574118098, -0.5834015722102104, -0.3878691232889929, 0.6072836143030214, 0.06143543437879144, -0.7589905486175974, -0.6451795851893006, -0.5910812342532432, 0.19351568015170217, 0.8227912379833952, -0.4364477676414286, -0.7691888363699009, -1.094434575930985, -0.5402230473341961, 0.9098868338432942, 0.44812834217874986, -0.12916097237215662, -0.25812767105733886, 0.1377265419962965, 0.7876479896257743, 0.37502512592585263, 0.3173988104754861, 0.6142852381970817, 0.9199764609424108, -0.6692032429629138, 0.19084988471327588, 0.023999355444171644, 0.5603892799321297, 0.2844318625041225, -0.5319004390398034, 0.323285776996199, 0.04728024605524822, -0.9998964673956787]
1467.9430745923728	(8, 12, 2)	[0.6746545581635648, -0.05195347976128989, -0.7533020636624971, -0.6387259998417352, 0.034002199331358424, 0.08981137307662106, 0.7299524615332648, 0.2217010970812405, 0.9197952429440399, 0.7072584927879854, 0.03859883379688717, -0.4996588701069722, 0.23941297147408322, -0.7860898351449773, 0.7728029581435831, -0.8497961310535697, 0.17081145995538224, -0.3803407079815736, -0.8483354491425771, 0.14333896008994707, -0.31998975680103203, 0.7743130455846956, -0.4770923246093077, 0.009560217268453412, 0.533613843833333, 0.39961118411343627, 0.8637081014169905, -0.10789265273108575, -0.41227636965549885, 0.4191170657276513, 0.18857460857256028, -0.11133428094142775, 0.41705004442817867, 0.5932540600773261, 0.4211394441052324, -1.0802728208530639, 0.8656549684690485, -0.4023438543495567, -0.3811729006813158, -0.7895453600052789, 0.10873592404407574, -0.8657003574087117, -0.45972202325861716, -0.6272203450386554, -0.782917619499973, -0.8688018178459171, 0.563515648723582, -0.13390271282910438, -0.7339398121699705, 0.26668760039424766, 0.6852451671712478, 0.7515919737782404, -0.8464387170427938, 0.7657072171665023, -0.051320667943999775, -0.09467657593625978, 0.5556070577959804, -0.9337400159360534, 0.9851955793769223, -0.7108248233182464, 1.0476623128178963, -0.3388717982613202, 0.708321559702868, -1.364381735207543, -0.5276978582744472, -0.04597692821037161, 0.5295879085527172, 0.23626478467603362, -0.5116327013320963, 0.6193871268404191, -0.42939212733408716, -0.798154607332898, 0.3966080065994495, -0.5366470896360398, 0.5556995556285808, -0.24755981266490484, 0.41174402526610787, 0.42058757673167746, 0.3397315448262096, 0.14428342622071352, -0.6160314880406604, 0.9377056221863694, 0.7186227133211638, 0.019239988430162964, 0.0878831926700348, 1.3802569458433291, 0.6342881736472866, 0.16751198574118098, -0.366924643827843, -0.3878691232889929, 0.6072836143030214, 0.07587702412843901, -0.7589905486175974, -0.6451795851893006, -0.5910812342532432, 0.19351568015170217, 0.8227912379833952, -0.4364477676414286, -0.7691888363699009, -1.094434575930985, -0.5402230473341961, 0.9098868338432942, 0.44812834217874986, -0.12916097237215662, -0.25812767105733886, 0.1377265419962965, 0.7876479896257743, 0.37502512592585263, 0.3173988104754861, 0.6142852381970817, 0.9199764609424108, -0.6692032429629138, 0.19084988471327588, 0.023999355444171644, 0.5291563773954888, 0.2844318625041225, -0.5319004390398034, 0.323285776996199, 0.04728024605524822, -0.9998964673956787]
752.9464355774961	(8, 12, 2)	[0.6838754348253171, -0.005309984007905569, -0.6940346865631474, -0.6627967338068241, 0.22903806500376225, 0.12639855321263632, 0.7567352643352436, 0.24194369072466865, 0.8327726978806723, 0.7097470211126985, 0.004477086125949374, -0.5071583509706886, 0.6920514132627678, -0.8966042495148603, 0.7782793957452492, -0.8242654761765829, 0.127549283137113, -0.447728322278791, -0.9121385795223664, 0.1523232215035068, -0.2620329672709496, 0.7813223063554449, -0.46877210060611024, 0.009325570721456983, 0.5674129089166225, 0.39722447016078927, 0.7905411339635258, -0.29616905208243643, -0.30760198859041077, 0.44218135037219053, 0.2021452544097218, -0.09957739218040834, 0.49279468642908625, 0.5831101967395076, 0.403583572887358, -1.0917955599914801, 0.6838712559120385, -0.3915859088357899, -0.3227267933568379, -0.7654860995877643, 0.07564700937230029, -0.7840123296671534, -0.45898938284069163, -0.6211396061050785, -0.7867015458719098, -0.8690610880344343, 0.5491759663866408, -0.1258642513249856, -0.7490744411893677, 0.2941444984897068, 0.4142078033434982, 0.8329756618980844, -0.8382718132768157, 0.8135530641015515, -0.040105502128606266, -0.10807134850685816, 0.7069119201101735, -0.944528126567399, 0.9902060179998252, -0.460966327971788, 0.9768353767099016, 0.062469690397149114, 0.6601964660201334, -0.260025959737318, -0.4571302868503142, 0.019111416092335666, 0.4841380430194649, 0.23695619202321513, -0.4719801267384645, 0.6003704954020203, -0.42989223635049495, -0.7721043603817579, 0.31142307720620166, -0.5356959994343797, 0.42750837089947286, -0.2819923663032393, 0.4598868415020797, 0.1527632546998379, 0.3419968507565843, 0.36020501580190667, -0.5192591621750828, 0.8485799057636666, 0.6075690866153982, 0.025951856142736065, 0.09748008714788929, 1.4025848220889288, 0.6295007871692628, 0.15288981457754158, -0.6158798270864082, -0.3751664992183308, 0.6147920249371172, 0.07250030175007935, -0.6404962974148292, -0.4763521412047427, -0.5800036094686634, 0.2575171734953542, 0.822611792599008, -0.5084059266754746, -0.8050797624103964, -1.096076709820237, -0.5356150806766549, 0.8441888270161707, 0.4308471684989959, -0.12672727300044373, -0.2417863884147591, 0.15313216755014872, 0.7843406224820513, 0.2255174219546495, 0.31742347017635913, 0.5383923142236962, 0.964992635189782, -0.6097125902998419, 0.20325426059883644, -0.09046837744497122, 0.6657782136032611, 0.2843651753102134, -0.539996221071556, 0.2796477392069807, 0.15270114060995812, -0.9794255958075295]
1111.9887633878868	(8, 12, 2)	[0.8779994848273507, 0.03967159231684791, -0.8634634285197514, -0.535550731479582, 0.05787913723775361, 0.10969978727983327, 0.8748819668184028, 0.22585668420226174, 0.9510821008159366, 0.68861479665572, 0.026758773541189877, -0.4225301693908077, 0.3119705971656223, -0.8550175201791982, 0.7558166807516759, -0.7182060362867138, 0.1403104374750504, -0.49934959590751743, -0.8221901786950742, 0.13646187787391562, -0.28033502290155565, 0.759595749016868, -0.1673402501541643, 0.07777724307879794, 0.5192407878311761, 0.465044670036589, 0.8847067850710396, -0.20567641279539742, -0.3912860344363695, 0.36674794483832585, 0.2871163723646372, -0.2513040641376767, 0.28131441476703567, 0.608380602392959, 0.5446394861320439, -0.9065480700656228, 0.6903612954682855, -0.6530580326511028, -0.48561133729204353, -0.6795833792459984, 0.02530564069184396, -0.7524903769206399, -0.5305158251464535, -0.6040519050450012, -0.8127215236088363, -0.8547536773285439, 0.5217186031831511, -0.13035777351835087, -0.6845659766353349, 0.4314564026360409, 0.44364165109259107, 1.008025886928186, -0.8378312508923093, 0.9543963718575877, 0.22727489418325905, -0.12709240383751857, 0.7148233458404929, -0.6765717470184254, 1.217449039465123, -0.28652717317180404, 0.9306646475709182, -0.01684832950888049, 0.6863986064116008, -0.2972012946777164, -0.38521862353330844, 0.009722507816108523, 0.5356831597692504, 0.2323121598799955, -0.46869793499848794, 0.5808602673407374, -0.5631836450583712, -0.8541971961877679, 0.4933679516815878, -0.6559578311406908, 0.6631836005620411, -0.25092657953479125, 0.5371582049197989, 0.23605375105760568, 0.9343018694995255, -0.04283665083757983, -0.7809342868310654, 0.3496920919869035, 0.6829051418662356, 0.10208940003525485, 0.03656233931833286, 1.2402176961050517, 0.6507885678278832, 0.24438069038054358, -0.5795932732012966, -0.4425036514240607, 0.6275632977289167, 0.1346025285963701, -0.7016949986195993, -0.6157212321118961, -0.6239772513637435, 0.2638411445140899, 0.8269161121125955, -0.5542522943220635, -0.9056912390727285, -1.204267087738503, -0.2103076880212219, 0.8076005886553397, 0.4058047737989166, -0.3814820355152617, -0.14497893084896982, -0.044262804336794165, 0.7762893839754555, 0.2175766412349444, 0.40607803101397194, 0.6040977077967797, 0.9329391253750325, -0.583976431598275, 0.18211389443973885, -0.05221132768401737, 0.730852855594211, 0.29345885698121377, -0.6641890878307154, 0.28603445701195984, 0.17777929374007062, -0.8392416233190283]
1555.566193369253	(8, 12, 2)	[0.756466102789057, -0.01059901276881993, -0.7115450133358436, -0.524220175532684, 0.21843086467301123, 0.12398941243472504, 0.7027105648474137, 0.24060495853040123, 0.8216356579275622, 0.712504421044835, 0.003829152067250409, -0.5060611678575441, 0.6689824144026404, -0.897416901417431, 0.7741176712005587, -0.8235585069790748, 0.12991381480886433, -0.44769191196775515, -0.9162530417741271, 0.28476978721671314, -0.20325479988099654, 0.7840509971296833, -0.46123366798776, 0.010400259005291674, 0.5515927449336213, 0.3949012786176949, 0.7918919720112146, -0.1863247610891516, -0.32511314478668973, 0.4796435491602931, 0.3152271822428485, -0.24933027278998318, 0.4882505695961975, 0.5830869943418466, 0.6938870486162831, -1.1176277243680928, 0.7010085456798532, -0.35984789183164834, -0.31275235576560895, -0.8987219373643771, 0.0976512389206213, -0.7854542510365873, -0.36338113997766963, -0.6758293432005265, -0.7884583468532851, -0.8707729186422761, 0.5473093720663429, -0.12570901164886567, -1.0786529801873177, 0.3029445143212256, 0.41821277116193967, 0.864253753888522, -0.8176563271169487, 0.8196259365982869, 0.07927980086578845, -0.12687525111020106, 0.5261944683513017, -0.9123695181934427, 1.07192069066136, -0.4610743714782905, 1.25614886442512, 0.04247009111860254, 0.6692632976273966, -0.4252705734723776, -0.5102958244315802, -0.0029875957785805043, 0.5352697648171456, 0.2368205577878059, -0.47145608128604866, 0.5452841629286223, -0.4299818711926334, -0.7612237195113514, 0.2831396958063102, -0.5343602379753437, 0.5783695079785217, -0.2819712623636891, 0.45964205371483036, 0.1826997440298631, 0.37388748568812136, 0.3010136552909376, -0.5915161541579355, 0.7737624606473836, 0.5664549099127962, 0.010714603721567056, -0.003941861599975206, 1.405122064848897, 0.6538581599525233, 0.10726938955456071, -0.6082419706134142, -0.37655201726290105, 0.4988721954319604, 0.07682125966145421, -0.6097899074564886, -0.5856932000511198, -0.5043410661264482, 0.2534259611787262, 0.8248396286494332, -0.2818201395647813, -0.8347810374822506, -0.9792483971260344, -0.5336174222828148, 0.783523827735423, 0.430399082249978, -0.12651397364547093, -0.24190693053615242, 0.15296226095728876, 0.8154582174268363, 0.20255360961297703, 0.3430951747633982, 0.5407732236540634, 0.9198489822278832, -0.605667875021179, 0.17830195725547715, -0.12462494048491342, 0.7328723230440958, 0.3103473471417858, -0.5453917986444615, 0.28138353869848853, 0.1714536239665622, -0.996530242311143]
1182.583938826161	(8, 12, 2)	[0.756466102789057, -0.01059901276881993, -0.7115450133358436, -0.524220175532684, 0.21843086467301123, 0.12398941243472504, 0.7027105648474137, 0.24060495853040123, 0.8216356579275622, 0.712504421044835, 0.003829152067250409, -0.5060611678575441, 0.6689824144026404, -0.897416901417431, 0.7741176712005587, -0.8235585069790748, 0.12991381480886433, -0.44769191196775515, -0.9162530417741271, 0.28476978721671314, -0.20325479988099654, 0.7840509971296833, -0.46123366798776, 0.010400259005291674, 0.5515927449336213, 0.3949012786176949, 0.7918919720112146, -0.1863247610891516, -0.32511314478668973, 0.4796435491602931, 0.3152271822428485, -0.24933027278998318, 0.4882505695961975, 0.5830869943418466, 0.6938870486162831, -1.1176277243680928, 0.7010085456798532, -0.35984789183164834, -0.31275235576560895, -0.8987219373643771, 0.0976512389206213, -0.7854542510365873, -0.36338113997766963, -0.6758293432005265, -0.7884583468532851, -0.8707729186422761, 0.5473093720663429, -0.12570901164886567, -1.0786529801873177, 0.3029445143212256, 0.41821277116193967, 0.864253753888522, -0.8176563271169487, 0.8196259365982869, 0.07927980086578845, -0.12687525111020106, 0.5261944683513017, -0.9123695181934427, 1.07192069066136, -0.4610743714782905, 1.25614886442512, 0.04247009111860254, 0.6692632976273966, -0.4252705734723776, -0.5102958244315802, -0.0029875957785805043, 0.5352697648171456, 0.2368205577878059, -0.47145608128604866, 0.5452841629286223, -0.4299818711926334, -0.7612237195113514, 0.4129843663499023, -0.5343602379753437, 0.5783695079785217, -0.2819712623636891, 0.45964205371483036, 0.1826997440298631, 0.37388748568812136, 0.3010136552909376, -0.19634485337765062, 0.8566625596800885, 0.5664549099127962, 0.010714603721567056, -0.003941861599975206, 1.405122064848897, 0.6538581599525233, 0.10726938955456071, -0.6082419706134142, -0.37655201726290105, 0.4988721954319604, 0.07682125966145421, -0.6097899074564886, -0.5856932000511198, -0.5043410661264482, 0.24006494068910186, 0.8248396286494332, -0.2818201395647813, -0.8347810374822506, -0.9792483971260344, -0.5336174222828148, 0.783523827735423, 0.430399082249978, -0.12651397364547093, -0.24190693053615242, 0.15296226095728876, 0.8154582174268363, 0.2678683309112283, 0.3430951747633982, 0.5407732236540634, 0.9198489822278832, -0.605667875021179, 0.17830195725547715, -0.12462494048491342, 0.7328723230440958, 0.3103473471417858, -0.5453917986444615, 0.28138353869848853, 0.1714536239665622, -0.996530242311143]
1707.4644668154613	(8, 12, 2)	[0.6822267381876227, -0.016765482117065515, -0.7435531283325467, -0.6416170952999249, -0.012619218755805841, 0.10543990896252642, 0.7283449200864875, 0.24145494733791645, 0.8460673896090001, 0.7082251984592803, 0.04452659298089237, -0.5268412412483046, 0.39543666273396755, -0.8952145828307735, 0.7775527363077105, -0.8256904430926837, 0.15131617743310863, -0.4003341823741252, -0.9257434293470546, 0.14564476353303402, -0.30526988792598664, 0.8503803334897524, -0.46843965622732364, 0.009457155857774084, 0.5752854393157896, 0.3987717431311382, 0.8118561379353031, 0.2346604672215435, -0.18852101360216655, 0.4153210749680317, 0.194344580511727, -0.08038625607674452, 0.5374973993329716, 0.592704196758752, 0.40913687939845, -1.086509199840876, 0.7408557454015681, -0.3903780268081276, -0.31825171736299396, -0.7886764091474225, 0.14146069785810172, -0.7857690966131085, -0.4594587914792277, -0.6470453524875036, -0.7834047084843866, -0.8687815579249786, 0.5618160843243725, -0.13015937018537005, -0.7488244310147563, 0.26227844882291607, 0.6532977289020162, 0.809301560335031, -0.8421927510832057, 0.7855887097487377, 0.08951294222171181, -0.10998253190600941, 0.6587603027457065, -0.931344771800246, 0.9871002157416194, -0.5485680132226305, 0.913471253989729, 0.01180525685923478, 0.4938908075520452, -1.503985680469557, -0.5033544896893655, 0.0260515397463148, 0.527145177487727, 0.23681362800951533, -0.4900592750684974, 0.6049958679346814, -0.42968221061736384, -0.7632444663025564, 0.3877860558738741, -0.5357259426473205, 0.39856463609237736, -0.2574838376499784, 0.4283258035488964, 0.4694445642811233, 0.3416952500366729, 0.2245248167498387, -0.5207433985817788, 0.8818391606614272, 0.6845300311896269, 0.01801417594532217, 0.09684258053182036, 1.4038770546177521, 0.6311509142471721, 0.15693576484014587, -0.3533583338706365, -0.3812271119836164, 0.553338255535826, 0.048089755407335344, -0.6736232329473714, -0.6607154896279221, -0.5815602257786274, 0.2619995817824025, 0.822691902941821, -0.43194154033479626, -0.801338180055365, -1.0951553422508205, -0.5376125212487082, 0.893409418639517, 0.4442833017764411, -0.12708838115553225, -0.25601816143226724, 0.13758143229032277, 0.7855408265574285, 0.3635803339705016, 0.3173973413691594, 0.7935728629398356, 0.9409656473257102, -0.5956545135958473, 0.1893400246509144, 0.007326269178060327, 0.64997024870728, 0.2844312594449177, -0.26963712043573707, 0.2837501137416196, 0.1043272810976103, -0.9782984552108172]
2556.167044901301	(8, 12, 2)	[0.7531053355603256, -0.010684443809360252, -0.7136303639236766, -0.533011797114959, 0.23010301391989435, 0.003350028634326114, 0.8271864155805823, 0.2354923001183453, 0.9935474153417834, 0.7130022122706989, 0.052839208244812336, -0.5045601319656745, 0.458181300147986, -0.9800593872983004, 0.7753908234399781, -1.103193061336447, 0.1635618840202811, -0.2975182001649209, -0.9138879043138318, 0.16192485812550542, -0.25510737723389565, 0.807611879146179, -0.5215507749568158, 0.00834633684017245, 0.556274376051527, 0.5664646827495664, 0.6893711280390216, -0.21689131541397458, -0.3124533693898655, 0.45236537261210047, 0.43340492421337184, -0.16034561909352224, 0.46583237927005167, 0.5828242094445266, 0.4882280836626329, -1.0552208246598787, 0.7432064795614081, -0.2971925688992013, -0.3604522690229248, -0.8451791432788001, 0.09860956895815112, -0.7817034009850401, -0.43059523661716503, -0.6162077067677884, -0.8008967612545225, -0.7924718183720102, 0.6428591679492122, -0.13029792395808076, -0.8477616706349893, 0.303232435517408, 0.17233421876831306, 0.8170048676223387, -0.8818185552281117, 0.8376004623177585, 0.08544653059973645, -0.2178010999406024, 1.0547381947284293, -1.0253289593376764, 1.0667229541434615, -0.48949982741260933, 1.1096540864812765, -0.3444327021330586, 0.6863328730858277, -1.0479012676157717, -0.5361590729000535, -0.1414826511882703, 0.5429705711640488, 0.27682075816185897, -0.4804698988040279, 0.4357973377027331, -0.37557121398726506, -0.7741905180791916, 0.2989109443700134, -0.7202823374593388, 0.5662895166893722, -0.6108484412844095, 0.6821725518111538, 0.1673673554665389, 0.2258921442319752, 0.30193714314575193, -0.8441348290601125, 0.7466412043286834, 0.6549870614774529, 0.029754413662489015, -0.012782520588015944, 1.3414254483955421, 0.6449291181577838, 0.11251784729251532, -0.4346854723171429, -0.3994819914255946, 0.6252731292152435, -0.08338597690296759, -0.6419182510126428, -0.5828745954453903, -0.5267298589887931, 0.24892514385010547, 0.8085985847904699, -0.5407493525422883, -0.8435226430418677, -1.0447966154250992, -0.42077702543947115, 0.8348604214984104, 0.42401439661679613, -0.13040866678233112, -0.24632971728134676, -0.10354886360932267, 0.7064134108275365, 0.0959620119743203, 0.3421035750654467, 0.6057007907969878, 0.9336586297550915, -0.6100435958295554, 0.18586552175118567, -0.09280332475522801, 0.5826972332180358, 0.28943353590980064, -0.5627156500273421, 0.3224333525036342, 0.1543834249268303, -0.9556553244526553]
1632.086132477481	(8, 12, 2)	[0.7891383516953512, -0.012163285376397097, -0.9277616708503125, -0.5877651949729554, 0.2303601778454601, 0.02671120738352491, 0.8330287984224305, 0.2383217128148719, 0.9293473712795468, 0.7105984510083613, 0.05657124474408993, -0.5053265688583725, 0.439880839148243, -0.9614385426568354, 0.7721895195931598, -0.9964568128657398, 0.13882682207389277, -0.2961249940896601, -0.8277964518306591, 0.15285662722452475, -0.2555495024951504, 0.7774091418376304, -0.5148509809536576, 0.008423915357864988, 0.5603190426397661, 0.5768771252477157, 0.6895000849932921, -0.285066175534321, -0.2901953764797877, 0.43367172160300027, 0.3353633682607535, -0.1818189976173846, 0.45947536562876323, 0.19026462275377537, 0.48060889197690937, -1.0749174229634852, 0.795074592975958, -0.417881765097131, -0.3316547729563907, -0.8347180940026314, 0.09510808225530694, -0.8201742610941324, -0.42824843278359276, -0.6262136116967099, -0.7984251987421962, -0.7441467860760014, 0.6389519501356276, -0.1356272336761019, -0.8819148239085615, 0.29572833159720235, 0.3687233229976886, 0.8279003842700052, -0.9194443967148198, 0.8502065562411081, 0.09564782310623918, -0.2402428630846171, 0.8171831558754827, -0.9671135109959575, 1.0423774261557865, -0.4520103447761593, 1.0835111986096089, -0.2164117641617837, 0.9324497705772077, -0.46668038182525573, -0.5497712241928577, -0.06291210047774576, 0.5471631532243496, 0.27657588892453844, -0.4807211548912091, 0.4071197833730568, -0.3881890382328678, -0.7913188019135288, 0.3405830362477186, -0.5095364045516362, 0.49471663073420435, -0.39131102243844873, 0.6919994776808455, 0.14200460578169788, 0.28190953113774697, 0.27503696548367607, -0.8488988662262044, 0.6809384655348881, 0.6448683920886324, 0.02709961678689453, -0.3099730521669967, 1.3338280156258193, 0.6414323324067341, 0.17060504504141816, -0.45242494327570454, -0.3943786053828769, 0.6250031576756542, -0.010678547520283174, -0.6796261564081985, -0.5236019894757948, -0.5944055206643106, 0.22593956913423058, 0.8137596747999977, -0.539456247710176, -0.8254680079029392, -1.0756588807704706, -0.4039044038138383, 0.841325257277315, 0.4260248511078114, -0.13267147642825738, -0.2330959225874179, -0.03155850827225255, 0.6980297790137524, 0.07368303507835325, 0.349895012150537, 0.6004305975478158, 0.953569220684728, -0.6407363711856482, 0.1866831605084154, -0.09089230487952342, 0.6419297314682784, 0.2889857344610698, -0.5762750193736988, 0.32850413428157277, 0.14385621906044604, -0.9701563140021403]
1377.8542265041904	(8, 12, 2)	[0.7891383516953512, -0.012163285376397097, -0.9277616708503125, -0.5877651949729554, 0.2303601778454601, 0.02671120738352491, 0.8330287984224305, 0.2383217128148719, 0.9293473712795468, 0.7105984510083613, 0.05657124474408993, -0.5053265688583725, 0.439880839148243, -0.9614385426568354, 0.7721895195931598, -0.9964568128657398, 0.13882682207389277, -0.2961249940896601, -0.8277964518306591, 0.15285662722452475, -0.2555495024951504, 0.7774091418376304, -0.5148509809536576, 0.008423915357864988, 0.5603190426397661, 0.5768771252477157, 0.6895000849932921, -0.285066175534321, -0.2901953764797877, 0.43367172160300027, 0.3353633682607535, -0.1818189976173846, 0.45947536562876323, 0.19026462275377537, 0.48060889197690937, -1.0749174229634852, 0.795074592975958, -0.417881765097131, -0.3316547729563907, -0.8347180940026314, 0.09510808225530694, -0.8201742610941324, -0.42824843278359276, -0.6262136116967099, -0.7984251987421962, -0.7441467860760014, 0.6389519501356276, -0.1356272336761019, -0.8819148239085615, 0.29572833159720235, 0.3687233229976886, 0.9636784881465044, -0.9194443967148198, 0.8502065562411081, 0.09564782310623918, -0.2402428630846171, 0.8171831558754827, -0.9671135109959575, 1.0423774261557865, -0.4520103447761593, 1.0835111986096089, -0.2164117641617837, 0.9324497705772077, -0.46668038182525573, -0.5497712241928577, -0.06291210047774576, 0.5471631532243496, 0.27657588892453844, -0.4807211548912091, 0.4071197833730568, -0.3881890382328678, -0.7913188019135288, 0.3405830362477186, -0.5095364045516362, 0.49471663073420435, -0.39131102243844873, 0.6919994776808455, 0.14200460578169788, 0.28190953113774697, 0.27503696548367607, -0.8488988662262044, 0.6809384655348881, 0.6448683920886324, 0.02709961678689453, -0.3099730521669967, 1.3338280156258193, 0.6414323324067341, 0.17060504504141816, -0.45242494327570454, -0.3943786053828769, 0.6250031576756542, -0.010678547520283174, -0.6796261564081985, -0.5236019894757948, -0.5944055206643106, 0.22593956913423058, 0.8137596747999977, -0.539456247710176, -0.8254680079029392, -1.0756588807704706, -0.4039044038138383, 0.841325257277315, 0.4260248511078114, -0.13267147642825738, -0.2330959225874179, -0.03155850827225255, 0.6980297790137524, 0.07368303507835325, 0.349895012150537, 0.6004305975478158, 0.953569220684728, -0.6407363711856482, 0.1866831605084154, -0.09089230487952342, 0.6419297314682784, 0.2889857344610698, -0.5762750193736988, 0.32850413428157277, 0.14385621906044604, -0.9701563140021403]
1100.3277474721924	(8, 12, 2)	[0.7642205726233531, -0.013255915957720295, -0.9042627936886427, -0.5509413280738275, 0.16276235021391935, 0.026302780690356475, 0.8167572237297569, -0.32521848311505985, 0.9386153753981995, 0.7100039277016875, 0.059748013350722246, -0.25595340788545684, 0.4364575626347947, -0.8884819543858247, 0.773609185420115, -1.040050727026043, 0.04268606907614607, -0.28480185977866157, -0.8932916126881039, 0.14087760050244313, -0.25638990600377665, 0.7867477879484632, -0.4997856808532162, 0.009015370732369299, 0.5563362638886085, 0.35943691664603306, 0.6820117084456628, -0.2835454995286144, -0.309382470121371, 0.4460879224569474, 0.35733394167580773, -0.18255660958709385, 0.45658451298618286, 0.5440749919433645, 0.5906435162160603, -1.0838787400795882, 0.7810034690008332, -0.42540136227552783, -0.31828993945895134, -0.8060350391639071, 0.11301389333247837, -0.8042028113113414, -0.41850820967025976, -0.6571018404163249, -0.7981739891829366, -0.8136417833709014, 0.6529885512884026, -0.12852297352929623, -0.9799601063178369, 0.1680839541689918, 0.20605160504727574, 0.8919553887884896, -0.8349547153887459, 0.8405872512361255, 0.08912204440107642, -0.21270302761176132, 0.6967904794224381, -0.9026925246080746, 1.0488297719493307, -0.4566757413945134, 1.090057699333415, -0.24295060461706436, 0.7001403748936772, -0.44232880326226853, -0.5154995269767485, -0.08084237707194926, 0.5746612291365215, 0.23786021558700726, -0.4776893891252676, 0.5873057180712884, -0.47045219344226447, -0.7900416742627215, 0.3583376019209913, -0.6519278584831989, 0.45599572743595196, -0.4326727152456481, 0.7000006892248348, 0.1476913874179563, 0.283188867642253, 0.2600697422942545, -0.26754154165027366, 0.798222414172327, 0.6443652664396777, 0.026140589229733315, -0.3526936847938409, 1.3375184041895654, 0.657248423350613, 0.2256015425854713, -0.4523107752798068, -0.4047551207787324, 0.5935020167965727, -0.006841553748295877, -0.6084537322379953, -0.584388626688992, -0.49270743164810515, 0.006998401688321804, 0.8144154099436569, -0.5749367071033537, -0.8347696262947745, -1.05851784274742, -0.4071287932294014, 0.8348886764801567, 0.42603452709832834, -0.13125295842010132, -0.29075337207021584, 0.08924545242509127, 0.7002010214459446, 0.1709557186028769, 0.33995828685686735, 0.6287754781236182, 0.7754835344467763, -0.6487843677298187, 0.1883122544417712, -0.034667916088399586, 0.6238805075198285, 0.2955041313288322, -0.5904464158768794, 0.3279648667106659, 0.1345431076506516, -0.9056846251493613]
1388.4734157538182	(8, 12, 2)	[0.754283770590418, -0.010192711696654987, -0.8107346239196146, -0.5330333431150285, 0.21942856649268755, 0.03192353386375272, 0.7395413151265829, 0.230165155852527, 1.02073040833744, 0.7070826648860292, -0.07928352814209597, -0.48819842893000853, 0.6349161784246575, -0.8388996761065542, 0.7845944173977151, -0.8504073889322943, 0.17065448311662113, -0.30136084700852883, -0.8240137597341554, 0.1668393518604386, -0.2549213668179234, 0.8009101653677856, -0.4965957910129685, -0.018883244687657258, 0.5759892242542474, 0.5183954751717317, 0.7028702476320369, -0.2106621701387885, -0.24391729666133724, 0.4168872913508883, 0.39893076414446377, -0.1597866518668443, 0.4769494792176834, 0.5684582041112373, 0.4901370203711857, -1.0755040729084935, 0.756456974033859, -0.22189308416443418, -0.3375805040275798, -0.8309650516806213, 0.09675748592183356, -0.7822739222821332, -0.4354353452661602, -0.6345409006827852, -0.6630759548020423, -0.7927962685105734, 0.6395353689087653, -0.1157381248902738, -0.8266999024762347, 0.28099288390118715, 0.17828223818967642, 0.8311020433230139, -0.8571691316447768, 0.8417725726189157, 0.09420412608650743, -0.22933743916870655, 0.7644292181248378, -1.0619526587614458, 1.0244873385064475, -0.47239803807300657, 1.1071264977952007, -0.2302838534106611, 0.6862582724626763, -1.5894837583905095, -0.5299278287653539, 0.03104994953717244, 0.5394448136309178, 0.2551132127167033, -0.4726592276079271, 0.41742943221489975, -0.4574270791878733, -0.7959789895338277, 0.44544050137764735, -0.6777605115781289, 0.6132732392653081, -0.4015751300487681, 0.6391884619843422, 0.18840455492002262, 0.3338157340998318, 0.3011950540269581, -0.6512608108536034, 0.6886527875253801, 0.4525014489568715, 0.02925323297671208, -0.01176032882528125, 1.3411788855342466, 0.6446784136306427, 0.14743757804535385, -0.6153315502635625, -0.33346472646894915, 0.6895197408097652, 0.24835635356557384, -0.657160170629143, -0.6942546302650514, -0.5262341834885389, 0.2492546208772203, 0.8356902150244327, -0.4031601660693379, -0.8372648388428978, -1.0349258440581048, -0.42935539735422684, 0.832054552585461, 0.4203260949929304, -0.2142119293056461, -0.23062011100932092, -0.1004593076101426, 0.7550364349850976, 0.12172569081737589, 0.33939405427746056, 0.4026482413894764, 0.9210621277260441, -0.6087095019638207, -0.04435986074973239, -0.05210293594685288, 0.542627549184714, 0.2894158202221947, -0.571648383839772, 0.310019356249437, 0.23640934549073414, -1.3445914323524024]
1848.94210454612	(8, 12, 2)	[0.7654389889789686, -0.012513059126347884, -0.815591333493954, -0.5334675100540814, 0.22834813296198384, 0.02515668040731399, 0.7771808836186338, -0.0935465396979524, 0.9655537721668807, 0.7112864645655637, 0.058562292409370734, -0.2949449994678154, 0.4426440329811389, -0.9120064130565788, 0.775812859031144, -1.0287484654785615, 0.11443355333585453, -0.2908792948618143, -0.899752450785713, 0.16549777946453376, -0.25600698185921644, 0.7829609090576736, -0.515833157120171, 0.008575956475980646, 0.6547048464667605, 0.44621863990833777, 0.6845451864207908, -0.24157076420551643, -0.40970191873231554, 0.4510084185460519, 0.44495724991889263, -0.19351070578277435, 0.24994899371756785, 0.5714074646513225, 0.5941029364067505, -1.0715691796504931, 0.7451156243497752, -0.3051672280401241, -0.32853276035077944, -0.8204840272911283, 0.10038876015004722, -0.779358025826433, -0.43076350698581073, -0.6441375872702896, -0.7995040984903121, -0.8141685628387189, 0.6465010999555645, -0.12980562046162705, -0.9975660587715642, 0.23540944294349098, 0.18781608713839615, 0.8075152235154863, -0.7876069883292965, 0.8405054299446987, 0.0868862275723597, -0.21265505977803745, 0.8539755928835214, -1.0238737244226117, 1.0514717851771536, -0.45154622271722333, 1.1027193963232222, -0.36057081395524215, 0.6882256392072376, -0.8869516655411819, -0.5258087219331931, 0.06222435097135093, 0.574619955101506, 0.39276621015748686, -0.47735956909644434, 0.5173655772106762, -0.44127951700407797, -0.7720616776524714, 0.3676769274051601, -0.7986995579666102, 0.454910966743478, -0.6296123975370054, 0.6809458318545291, 0.15364430355152686, 0.22396076844507956, 0.29809269723381104, -0.9826021202326836, 0.7789414436006183, 0.7437035631239673, 0.026914550994027515, 0.14514263745154166, 1.3411709801578549, 0.6450447794705683, 0.23696663650060928, -0.44364982322545476, -0.39991562652013884, 0.5507104210664812, -0.042073508373641044, -0.6035369538844927, -0.552182744156898, -0.5017855225697143, 0.11992848828598571, 0.8134323582734055, -0.5573912673755218, -0.8338746426322161, -1.0502567163901488, -0.4229709041060276, 0.8348894891087509, 0.42515233679322545, -0.13031574228435394, -0.2566658487560103, -0.01588595380276958, 0.7052643266001409, 0.1711331661635229, 0.34166404188619803, 0.6280148744936798, 0.7464141008943784, -0.6537924312696833, 0.1703393073652951, -0.06312806362372843, 0.6108327081406475, 0.291979837510247, -0.5923220097614226, 0.3237442575767161, 0.17071246686133346, -0.8590101631241489]
1487.876700646316	(8, 12, 2)	[0.7654389889789686, -0.012513059126347884, -0.815591333493954, -0.5334675100540814, 0.22834813296198384, 0.02515668040731399, 0.7771808836186338, -0.0935465396979524, 0.9655537721668807, 0.7112864645655637, 0.058562292409370734, -0.21751909224108798, 0.4426440329811389, -0.9120064130565788, 0.775812859031144, -1.0287484654785615, 0.11443355333585453, -0.2908792948618143, -1.1706244651838738, 0.16549777946453376, -0.25600698185921644, 0.7829609090576736, -0.515833157120171, 0.17863740425336028, 0.6547048464667605, 0.44621863990833777, 0.6845451864207908, -0.24157076420551643, -0.40970191873231554, 0.4510084185460519, 0.44495724991889263, -0.19351070578277435, 0.4141340108372019, 0.5714074646513225, 0.5941029364067505, -1.0715691796504931, 0.7451156243497752, -0.3051672280401241, -0.32853276035077944, -0.8204840272911283, 0.10038876015004722, -0.779358025826433, -0.43076350698581073, -0.6441375872702896, -0.7995040984903121, -0.8141685628387189, 0.6465010999555645, -0.12980562046162705, -0.9975660587715642, 0.23540944294349098, 0.18781608713839615, 0.8075152235154863, -0.7876069883292965, 0.6811949202932127, 0.0868862275723597, -0.21265505977803745, 0.8539755928835214, -1.0238737244226117, 1.0514717851771536, -0.45154622271722333, 1.1027193963232222, -0.36057081395524215, 0.44657026239863906, -0.8869516655411819, -0.5258087219331931, 0.06222435097135093, 0.574619955101506, 0.39276621015748686, -0.47735956909644434, 0.5173655772106762, -0.44127951700407797, -0.8986375331979273, 0.3676769274051601, -0.7986995579666102, 0.454910966743478, -0.6296123975370054, 0.6809458318545291, 0.15364430355152686, 0.22396076844507956, 0.29809269723381104, -0.9826021202326836, 0.7789414436006183, 0.7437035631239673, 0.026914550994027515, 0.14514263745154166, 1.3411709801578549, 0.6450447794705683, 0.23696663650060928, -0.44364982322545476, -0.3316902600415548, 0.5507104210664812, -0.042073508373641044, -0.6035369538844927, -0.552182744156898, -0.5017855225697143, 0.11992848828598571, 0.8134323582734055, -0.5573912673755218, -0.8338746426322161, -1.0502567163901488, -0.4229709041060276, 0.8348894891087509, 0.42515233679322545, -0.13031574228435394, -0.2566658487560103, -0.03459581714103478, 0.7052643266001409, 0.1711331661635229, 0.34166404188619803, 0.6280148744936798, 0.7464141008943784, -0.6537924312696833, 0.1703393073652951, -0.06312806362372843, 0.6108327081406475, 0.291979837510247, -0.5923220097614226, 0.3237442575767161, 0.17071246686133346, -0.8590101631241489]
1359.6386327798803	(8, 12, 2)	[0.7416077496125054, -0.0030611592561405297, -0.7954699522778943, -0.5795606123545349, 0.2566108100063945, 0.023167354318559766, 0.822818469936399, -0.13369523247903428, 0.9216717707343686, 0.7100647391818837, 0.044656614932089375, -0.35165815014590385, 0.5931781806421184, -0.9054807262538138, 0.7974273723507308, -0.915292915981679, 0.01305568956572341, -0.31038275188666525, -0.8867073961865969, 0.17055501359147057, -0.2620664300597978, 1.000132860480766, -0.48398577861568454, 0.009807463099253327, 0.5346417605711687, 0.4571323815310349, 0.6745365913780823, -0.23688333653652258, -0.31108204334887324, 0.5031775984151613, 0.3198381734164699, -0.18353085092161092, 0.4530238627906038, 0.5193696572881192, 0.5771417378205738, -1.0836044798181013, 0.7775105293019051, -0.4098467585350374, -0.3449771492140486, -0.8060788660091048, 0.03324236423891486, -0.7878462745898335, -0.38339739238156234, -0.631147508918814, -0.799648556897768, -0.8096646756058514, 0.6148171899801373, -0.15202379957299636, -0.9825489735079754, 0.33380483480113377, 0.7710398197637124, 0.8930628989339449, -0.8419042330870972, 0.8399943538977397, -0.10440036190585654, -0.23815644146212325, 0.7485705127138989, -0.9284459574667747, 1.0468090236147143, -0.48994015312423617, 1.1089424730217752, -0.3480166305008672, 0.8282129207503678, -0.5087332402674551, -0.4922008617613717, -0.09253055618096052, 0.4942495509830466, 0.2869678915597817, -0.47846669780971574, 0.4907620696063031, -0.6296169605452766, -0.790058851760699, 0.38818451383768554, -0.6310684220990961, 0.47062788306872944, -0.4188442266850151, 0.7132439694634392, 0.21870635672294697, 0.30871848824697606, 0.25972487621463464, -0.4593316574861158, 0.7846360939043288, 0.6591702489642774, 0.05431224058618705, -0.35467791336514304, 1.3395304345028467, 0.6546186976205304, -0.027645333536690395, -0.44612408231509165, -0.3679927309680272, 0.6380955689930037, -0.004296308941509764, -0.6658576610879587, -0.6625676219390769, -0.49570581978315326, 0.1447556231602427, 0.813521710181923, -0.410690828502433, -1.0737327047984302, -1.0354065893362903, -0.4097263032053539, 0.8302527769419709, 0.4390662418997522, -0.060972573436543165, -0.22193065351889424, -0.1278878445525456, 0.6813331366048492, 0.15157203943890582, 0.3539134982795826, 0.6094555360367768, 0.765955535535454, -0.6530410795119144, 0.18304928412718097, -0.02782721992238634, 0.6128638999574216, 0.30952552341246975, -0.5606640256373406, 0.3263268463590645, 0.1742897202494318, -1.0895461727976414]
1486.7274066813243	(8, 12, 2)	[0.7120498235127207, -0.02278602485844846, -1.3669200199844036, -0.6677915454984009, 0.19713910995936482, 0.024940399822624974, 0.8067652026219614, -0.10014441887204732, 0.6732735821781375, 0.7049796949611883, 0.05024352588479522, -0.15787508871159253, 0.4790899436730126, -0.9402088085909829, 0.7813834729478422, -0.9372616858740452, 0.043830368733287814, -0.2954316619606614, -0.8900511581157022, 0.16564120083343817, -0.26212322488358814, 0.9174954788542515, -0.4694444032527634, 0.033218395347461196, 0.5113187237576604, 0.4574941158601851, 0.6735606958934705, -0.2399216063462938, -0.31428046433267937, 0.8144659077107856, 0.3238000748905364, -0.05150573656700874, 0.4657640022223038, 0.47333054625110726, 0.36082669462760825, -1.0837747508198572, 0.7678647985269506, -0.4033641860954543, -0.19819957784043502, -0.8328599214818818, 0.10760747029373571, -0.7924603920589599, -0.3775207067093083, -0.7279150417376083, -0.8060149740570123, -0.7379661702336477, 0.6462572497712298, -0.1510038406861081, -0.9448354538653548, 0.3358644725173411, 0.8815421346874766, 0.8437728360512259, -0.7960578168359014, 0.8341271473744514, 0.046546506087820294, -0.22205315921949484, 0.7440328098990711, -0.929378629428866, 1.0456915054824292, -0.30265539673231456, 1.1116664047109281, -0.3132949969506894, 0.826256988733217, -1.2571365957042135, -0.5306051220904315, -0.08822414852607927, 0.49255371366468365, 0.2559147038853719, -0.4790187038267378, 0.4950117045473472, -0.4151829283259511, -0.8118532339309834, 0.3593969048771793, -0.6127550160189654, 0.468902950296633, -0.4125860605573773, 0.6939228392826443, 0.20871871046616278, 0.28954214005451673, 0.28394674989452956, -0.1874507205247079, 0.7872271083142073, 0.6435794900686318, 0.02548082558492432, -0.15416598690775607, 1.38058688360852, 0.6565961916803844, 0.07054704673836923, -0.4658370233415299, -0.39211058807625926, 0.6254631423072646, -0.01138289131978524, -0.6644504022735598, -0.624746992350196, -0.5011249817308736, 0.11001293309392028, 0.8138011234344086, -0.42334639048149636, -0.9397082367300685, -1.0362328653294595, -0.4014650328585766, 0.8282599734794076, 0.42177812365436373, -0.07721812688091853, -0.25835801898262534, 0.025647863406874277, 0.6782195541489847, 0.12056767825649178, 0.35447003070797756, 0.630668951552008, 0.7740676445896277, -0.7572384209302216, 0.1819683079843762, -0.03697285295102258, 0.6263971936129588, 0.29779609453293887, -0.5736126411103154, 0.32493340911453356, 0.1787769643192283, -0.955316596785458]
1650.3188243032332	(8, 12, 2)	[0.7416077496125054, -0.0030611592561405297, -0.7954699522778943, -0.5795606123545349, 0.2566108100063945, 0.023167354318559766, 0.822818469936399, -0.13369523247903428, 0.9216717707343686, 0.7100647391818837, 0.044656614932089375, -0.3800572232445688, 0.5931781806421184, -0.9054807262538138, 0.7974273723507308, -0.915292915981679, 0.01305568956572341, -0.31038275188666525, -0.8867073961865969, 0.17055501359147057, -0.2620664300597978, 0.5532641730965275, -0.48398577861568454, 0.009807463099253327, 0.5346417605711687, 0.4571323815310349, 0.6745365913780823, -0.23688333653652258, -0.31108204334887324, 0.5031775984151613, 0.3198381734164699, -0.18353085092161092, 0.4530238627906038, 0.5193696572881192, 0.5771417378205738, -1.0836044798181013, 0.7775105293019051, -0.4098467585350374, -0.3449771492140486, -0.8060788660091048, 0.03324236423891486, -0.7878462745898335, -0.36316278587699424, -0.631147508918814, -0.799648556897768, -0.8096646756058514, 0.6900028899049102, -0.15202379957299636, -0.9825489735079754, 0.33380483480113377, 0.7710398197637124, 0.8253099796844462, -0.8419042330870972, 0.8399943538977397, -0.10440036190585654, -0.23815644146212325, 0.7485705127138989, -0.9284459574667747, 1.0468090236147143, -0.48994015312423617, 1.1089424730217752, -0.3480166305008672, 0.8282129207503678, -0.5087332402674551, -0.4922008617613717, -0.09253055618096052, 0.4942495509830466, 0.2869678915597817, -0.47846669780971574, 0.4907620696063031, -0.6296169605452766, -0.6931635158543186, 0.38818451383768554, -0.6310684220990961, 0.47062788306872944, -0.4188442266850151, 0.7132439694634392, 0.21870635672294697, 0.30871848824697606, 0.25972487621463464, -0.4593316574861158, 0.7846360939043288, 0.6591702489642774, 0.05431224058618705, -0.35467791336514304, 1.3395304345028467, 0.6546186976205304, -0.027645333536690395, -0.4341616740862282, -0.3679927309680272, 0.6380955689930037, -0.004296308941509764, -0.6658576610879587, -0.6625676219390769, -0.49570581978315326, 0.1447556231602427, 0.813521710181923, -0.410690828502433, -1.0737327047984302, -1.1111378960272928, -0.4097263032053539, 0.8302527769419709, 0.4390662418997522, -0.060972573436543165, -0.22193065351889424, -0.1278878445525456, 0.6813331366048492, 0.15157203943890582, 0.3539134982795826, 0.6094555360367768, 0.765955535535454, -0.6530410795119144, 0.18304928412718097, -0.02782721992238634, 0.6128638999574216, 0.30952552341246975, 0.015991389499588005, 0.11117700697856281, 0.1742897202494318, -1.0895461727976414]
2352.260303486557	(8, 12, 2)	[0.6801946508459752, -0.048245838753889915, -0.8155993987583423, -0.5371090675052422, 0.22228678229674537, 0.46211503171863066, 0.7676870331569728, 0.08517011031317202, 0.9644883476960371, 0.6463641853883615, 0.03663246471427482, -0.4896978226020297, 0.5588106210328843, -0.945590905755475, 0.7741032247352511, -1.0517489772932072, 0.2219743527290666, -0.3062137924532017, -0.9746918249381379, 0.16674100178672116, -0.28174071599244915, 0.7867737462298489, -0.5013658807298571, 0.024580170290440226, 0.5868451978126625, 0.306790930573386, 0.8366664690473662, -0.23583660823567287, -0.267668524159663, 0.41799407068269323, 0.30951621422247816, -0.5634477391028071, 0.3256784730228271, 0.5066662877640129, 0.4650537435754942, -1.0993858866529946, 0.8287128680566255, -0.23555234503635686, -0.33865966247413654, -0.8965745694083803, 0.1191504252656774, -0.8152035540007813, -0.44131657177456846, -0.7137994893426126, -0.7704761817875981, -0.7939757057804977, 0.6730482499911199, -0.11269422612003621, -0.9007210798321884, 0.48482756912902514, 0.23372803745890328, 0.8711218554316209, -0.8868622745806659, 0.694577161140273, 0.10809999084749664, -0.12246529919505425, 0.7398073666748833, -0.9711306519303645, 1.068307536448747, -0.6923324240378684, 0.8313290981782432, -0.23513473771057633, 0.982499418549603, -1.29768253152546, -0.5105852543783697, 0.014343821605244098, 0.3909703765375142, 0.36149190499800593, -0.44926902800194146, 0.45066979005198043, -0.30108344716965707, -0.8693848626264696, 0.37099917248592545, -0.7312269703568037, 0.5745612798057609, -0.4572163720499096, 0.6461958675222169, 0.11549308003865835, 0.25534594595148885, 0.2725998719249355, -0.7308617019958723, 0.6963842512190928, 0.667998339357461, 0.0229830419714463, -0.3335273720487583, 1.3349922082049617, 0.6438073307867116, 0.25020658134504925, -0.4547747287626472, -0.2714934140654786, 0.6024983283312497, -0.12041640473114532, -0.6748862829856258, -0.6932592601699417, -0.5332685955447364, 0.17206688906714487, 0.8916103326248879, -0.5617673166374813, -0.8676447468366022, -1.0694425002724302, -0.41375012778708614, 0.9021447463166147, 0.3835259415213579, -0.13555193432421786, -0.2423054148259927, -0.22822356406618238, 0.6980118801122167, 8.665596928519176e-05, 0.36582885450004415, 0.5457800365309438, 0.919317434108935, -1.0544774515639492, 0.17059042950970765, -0.0783187915384872, 0.6056194273071628, 0.37751035778672026, -0.4167688497905412, 0.3398484412796544, 0.18079383583410513, -1.1579868684565986]
1649.710519738557	(8, 12, 2)	[0.7413038531395587, 0.10613832532494073, -0.8244539399911226, -0.5639520921233309, 0.21409870785487156, 0.04997281394592312, 0.7974029040605881, 0.3332338093654004, 0.8526253574868351, 0.7044378655258026, 0.052949999668397085, -0.2961695227455956, 0.49024501004261506, -0.9548795214031858, 0.7928966522626405, -0.9646171697504259, 0.004370560042008476, -0.3306286067708959, -0.9831589958372868, 0.1645538749631253, -0.27194854869247015, 0.812377580661215, -0.4834742360718393, 0.01600650734850096, 0.5618403999299497, 0.5108499071306516, 0.6835105972296651, -0.2427847847496309, -0.3138459961760436, 0.5227293692963246, 0.3055470223251936, -0.03097011088689737, 0.44380684563457523, 0.5832346617879204, 0.5243989209152559, -1.0974169804594422, 0.753071541237117, -0.4093970173772242, -0.32958688421071797, -0.895113198865471, 0.051568143844402684, -0.7870732978960364, -0.3047460865305116, -0.6623975943452898, -0.7906866417232022, -0.8057062651920888, 0.6199490024389599, -0.0782885296595581, -0.9541543949837332, 0.23428683442106932, 0.0664341969124685, 0.8369765827038046, -0.8238064809509771, 0.8603480587144894, 0.12046297572768945, -0.22873865556408168, 0.7708121849119777, -1.063718641450002, 1.0397603085330231, -0.42839057741321385, 1.0726994686453046, -0.3150972559734706, 0.8436687975928615, -1.2345565112285777, -0.5282994810890004, -0.07185862044519699, 0.4892572948062325, 0.27395745109989583, -0.4698744281282105, 0.4165537494790833, -0.595072317124012, -0.7967313816512887, 0.3894135944179815, -0.5912703114730026, 0.44017942543762345, -0.4302569949739338, 0.6935466293590185, 0.2037808948271021, 0.27589952029980935, 0.2892031631777717, -0.13412453339669564, 0.7691354983173547, 0.3203564574299726, 0.0893992589415259, -0.007600476297575662, 1.1520542581930813, 0.7266342014213593, -0.05639520538900563, -0.4541037581429766, -0.328684767934954, 0.638115138123299, -0.013699954313753496, -0.6682395400310898, -0.635038552423358, -0.5043794160652817, 0.1898852160161744, 0.8165914321560924, -0.36336180828148135, -0.760386196452015, -1.0402410740388752, -0.3504252031153307, 0.8343927410301959, 0.4167961505735362, -0.15782084471758498, -0.2590301654156531, -0.09276422145625693, 0.6928233269476325, 0.14596614642575964, 0.3505321228917583, 0.5991106629593257, 1.1647644257286673, -0.662848459979807, 0.18617214440223037, -0.03272891478003927, 0.5906833367938918, 0.3082443081950935, -0.5748289702302124, 0.2883560769789285, 0.17761753904638683, -1.228111181763389]
2179.852545933084	(8, 12, 2)	[0.6801946508459752, -0.048245838753889915, -0.8155993987583423, -0.5371090675052422, 0.22228678229674537, 0.46211503171863066, 0.7676870331569728, 0.031017398124581666, 0.9644883476960371, 0.6964932964961453, 0.03663246471427482, -0.4896978226020297, 0.5588106210328843, -0.945590905755475, 0.7741032247352511, -1.162193946898252, 0.2219743527290666, -0.3062137924532017, -0.9746918249381379, 0.16674100178672116, -0.28174071599244915, 0.7867737462298489, -0.5013658807298571, 0.024580170290440226, 0.5552632439664181, 0.306790930573386, 0.8366664690473662, -0.23583660823567287, -0.267668524159663, 0.41799407068269323, 0.30951621422247816, -0.5634477391028071, 0.3256784730228271, 0.5066662877640129, 0.4650537435754942, -1.0993858866529946, 0.8287128680566255, -0.13445768120405055, -0.33865966247413654, -0.9454460956322763, 0.1191504252656774, -0.8152035540007813, -0.44131657177456846, -0.7137994893426126, -0.7704761817875981, -0.7939757057804977, 0.6730482499911199, -0.11269422612003621, -0.9007210798321884, 0.48482756912902514, 0.23372803745890328, 0.8711218554316209, -0.8868622745806659, 0.6066332446964804, 0.10809999084749664, -0.12246529919505425, 0.7398073666748833, -0.9711306519303645, 1.068307536448747, -0.6923324240378684, 0.8313290981782432, -0.23513473771057633, 1.0200454443746212, -1.29768253152546, -0.5105852543783697, 0.014343821605244098, 0.29934113726631617, 0.36149190499800593, -0.44926902800194146, 0.45066979005198043, -0.30108344716965707, -0.8693848626264696, 0.37099917248592545, -0.7312269703568037, 0.5745612798057609, -0.4572163720499096, 0.8648713594348713, 0.11549308003865835, 0.25534594595148885, 0.2725998719249355, -0.7308617019958723, 0.6963842512190928, 0.667998339357461, 0.0229830419714463, -0.3335273720487583, 1.3349922082049617, 0.6438073307867116, 0.25020658134504925, -0.4547747287626472, -0.2714934140654786, 0.6024983283312497, -0.12041640473114532, -0.6748862829856258, -0.6932592601699417, -0.5332685955447364, 0.17206688906714487, 0.8916103326248879, -0.5617673166374813, -0.8676447468366022, -1.0694425002724302, -0.6120636137398718, 0.9021447463166147, 0.3835259415213579, -0.13555193432421786, -0.2423054148259927, -0.22822356406618238, 0.6980118801122167, 0.014743296167079095, 0.36582885450004415, 0.5457800365309438, 0.919317434108935, -1.0544774515639492, 0.1675865798242157, -0.0783187915384872, 0.6056194273071628, 0.37751035778672026, -0.4167688497905412, 0.3398484412796544, 0.18079383583410513, -1.1579868684565986]
1160.3614608448677	(8, 12, 2)	[0.6801946508459752, -0.048245838753889915, -0.8155993987583423, -0.5371090675052422, 0.22228678229674537, 0.46211503171863066, 0.7676870331569728, 0.08517011031317202, 0.9644883476960371, 0.6463641853883615, 0.03663246471427482, -0.4896978226020297, 0.39896775748887214, -0.945590905755475, 0.7741032247352511, -1.0778432318957454, 0.2219743527290666, -0.3062137924532017, -0.9746918249381379, 0.1496534536843882, -0.24808509630702913, 0.7867737462298489, -0.5013658807298571, 0.024580170290440226, 0.5868451978126625, 0.306790930573386, 0.8366664690473662, -0.23583660823567287, -0.4196449737544157, 0.41799407068269323, 0.30951621422247816, -0.4763004012445679, 0.3256784730228271, 0.8463807665927634, 0.5275696985829127, -1.0993858866529946, 0.8287128680566255, -0.23555234503635686, -0.33865966247413654, -0.8965745694083803, 0.162487056592929, -0.8152035540007813, -0.44131657177456846, -0.7137994893426126, -0.7704761817875981, -0.7939757057804977, 0.7421703051617126, -0.11269422612003621, -0.9007210798321884, 0.48482756912902514, 0.23372803745890328, 0.8711218554316209, -0.8868622745806659, 0.694577161140273, 0.10809999084749664, -0.12246529919505425, 0.7398073666748833, -0.6671267081439802, 1.068307536448747, -0.6923324240378684, 0.8313290981782432, -0.23513473771057633, 0.982499418549603, -1.29768253152546, -0.5105852543783697, 0.014343821605244098, 0.3909703765375142, 0.36149190499800593, -0.44926902800194146, 0.45066979005198043, -0.30108344716965707, -0.8693848626264696, 0.37099917248592545, -0.7312269703568037, 0.5745612798057609, -0.3156301847140701, 0.6461958675222169, 0.11549308003865835, 0.25534594595148885, 0.2725998719249355, -0.7308617019958723, 0.6963842512190928, 0.667998339357461, -0.04275983316436587, -0.3335273720487583, 1.3349922082049617, 1.2780439728754476, 0.25020658134504925, -0.4547747287626472, -0.2714934140654786, 0.6024983283312497, -0.12041640473114532, -0.6748862829856258, -0.6932592601699417, -0.5332685955447364, 0.17206688906714487, 0.8916103326248879, -0.5617673166374813, -0.8676447468366022, -1.0694425002724302, -0.41375012778708614, 0.9021447463166147, 0.3835259415213579, -0.17127942245614752, -0.2423054148259927, -0.22822356406618238, 0.6980118801122167, 8.665596928519176e-05, 0.4490409944432249, 0.5457800365309438, 0.919317434108935, -1.0544774515639492, 0.17059042950970765, -0.0783187915384872, 0.6056194273071628, 0.37751035778672026, -0.4167688497905412, 0.3398484412796544, 0.18079383583410513, -1.1579868684565986]
2177.855306798178	(8, 12, 2)	[0.7191708278157222, -0.031369555180051606, -0.8238704292532516, -0.567963124736998, 0.2274353444348302, 0.21832319319397486, 0.7532957057763071, 0.2985936876469102, 0.835697592993911, 0.6725862390506636, 0.04475758323977362, -0.4403251946569157, 0.3515137435728862, -0.9561117725620977, 0.7968438768656216, -1.0486719460440241, 0.07230839845615586, -0.33152948223468875, -0.9739340295086715, 0.163745797559432, -0.2759557324529351, 0.7541383320254075, -0.49614019877159077, -0.020594957069288176, 0.5689820918161307, 0.45365877555668016, 0.7982191597702585, -0.17729837490100486, -0.25045458227941536, 0.4441494111692908, 0.6112553268289762, -0.6278119176075172, 0.3879848209097115, 0.5067170490516754, 0.44314265431359384, -1.1110812585319532, 0.7869079418197277, -0.2004488493811448, -0.3199781130092227, -0.872471146496197, 0.10943561436153104, -0.802151169398792, -0.40666264757566883, -0.6592365048661227, -0.8742527904983508, -0.7957251947041892, 0.6536279630079249, -0.1114209953206544, -0.9097953466140528, 0.3532005173368357, 0.06014737039416143, 0.8553755912876735, -1.0058548382335735, 0.4866453550609668, 0.09840315383862934, -0.34935505600975425, 0.4864282017339724, -1.138887312463591, 0.8266493427869068, -0.4428867417259514, 0.9326901893443111, -0.28978867530740293, 0.9050841153232815, -1.1869261982815724, -0.5208465613213684, 0.00794516779253825, 0.46176974129938486, 0.35870362149575474, -0.34256531845151583, 0.41746805224262784, -1.155310744407906, -0.737701141253913, 0.3963831617152687, -0.7106730095574195, 0.47432625079235663, -0.42908702101378837, 0.6982919438200373, 0.17360197529271526, 0.2772515231188136, 0.2740518742568879, -0.5551685909711862, 0.7618753048645166, 0.37185789221073695, 0.09689633046897161, -0.20176347086119323, 1.1564390459093676, 0.6208565939795296, 0.1251990264315852, -0.45222234479586354, -0.31424689905898595, 0.6135704055140716, -0.05198367976388847, -0.6628628734456479, -0.6196622582941624, -0.5001686106751995, 0.17437427750491194, 0.8973391728574451, -0.3875410905858905, -0.8368757600233501, -1.059517300316768, -0.43267441745978036, 0.8474245117319746, 0.4113351654286574, -0.11370478461104867, -0.23838164691940628, -0.1720017104292681, 0.7583167823230511, -0.15577216664147323, 0.3475142352892964, 0.6105518044611798, 1.195596182549536, -1.0433506113025586, 0.1814121467932288, -0.030056380734806043, 0.5995986020046182, 0.27661762631687575, -0.517266069824888, 0.2677774062044863, 0.18074358582216996, -1.2703700566324339]
1573.7073980328958	(8, 12, 2)	[0.7201565669769846, -0.04436067299505212, -0.8181243216315938, -0.5581606451949295, 0.10495632901899804, -0.2050601877241591, 0.7694840450780324, 0.03290153645579702, 1.0388284933250198, 0.6978425965524271, 0.03665866628521614, -0.4243946157197985, 0.5956265474063788, -0.9244253571685271, 0.7707400145304765, -1.102540683875983, 0.1431261671091717, -0.27779862845358033, -0.9995748170000797, -0.06168092461330446, -0.27981845572294317, 0.7867306962557946, -0.5008899554782342, 0.02407594170360495, 0.500839464287996, 0.45361764459956166, 0.8309650204659855, -0.2539955139229026, -0.2677891977699401, 0.4289165865513094, 0.3125584616297781, -0.570335367341011, 0.42624882162362226, 0.5612405413389577, 0.46458550259669673, -1.1002120820485235, 0.8279383896308922, -0.2680098747238425, -0.39621978896902244, -0.8559597265346939, 0.09082734874014697, -0.8181551607898453, -0.40924223243989194, -0.7147958018454481, -0.784761385098848, -0.7990951878666104, 0.6746438476599038, -0.11834187734106927, -0.9159973109294465, 0.5011424466757364, 0.2069546689469017, 0.873026213074451, -0.8964156652884505, 0.595417045062725, -0.09062487026334852, -0.11803576246276955, 0.7445645960730525, -0.9554123249126609, 1.0624381360627886, -0.6511714669045052, 0.9293775175637398, -0.23473952320456143, 0.896775859236755, -1.0366488050698566, -0.5107035351266852, -0.015016342437625847, 0.3160984906296947, 0.3754155590883901, -0.4416417977790905, 0.45980659632133314, -0.2623700453047424, -0.5803565733794468, 0.3482402802713593, -0.748156402275405, 0.6319956823564049, -0.45566403337451894, 0.9023408968822763, 0.014340251598059694, 0.20796288855740577, 0.27265023287516477, -0.7685550612884764, 0.6835888205351, 0.6682571433616564, 0.037781384937584164, -0.32823808063735205, 1.3370383948869196, 0.6591031879241123, 0.2547455656480744, -0.4542955506225971, -0.2699654961868282, 0.8627230042088859, -0.055735292559831645, -0.7187680607980622, -0.6748383120783077, -0.5228284239173382, 0.17319774928621295, 0.8433007946894894, -0.42158285304160886, -0.8457806058344269, -1.081930528193089, -0.6117732734995325, 0.8996203975206344, 0.4601650113022137, -0.16545008704143677, -0.24072783119163535, -0.23135321052322394, 0.6845586673215489, 0.017194170737635073, 0.39479851617298534, 0.550959788247602, 0.9137468704747713, -1.0586975379663504, 0.16862333050131167, -0.07642357291479142, 0.6055754904879123, 0.36018973192386944, -0.4227635100052982, 0.2690276360839217, 0.2477541691220509, -1.1369348624319662]
1526.1066517527538	(8, 12, 2)	[0.7201565669769846, -0.04436067299505212, -0.8181243216315938, -0.5581606451949295, 0.10495632901899804, -0.2050601877241591, 0.7694840450780324, 0.03290153645579702, 1.0388284933250198, 0.6978425965524271, 0.03665866628521614, -0.4243946157197985, 0.5956265474063788, -0.9244253571685271, 0.7707400145304765, -1.102540683875983, 0.1431261671091717, -0.27779862845358033, -0.9995748170000797, -0.06168092461330446, -0.27981845572294317, 0.7867306962557946, -0.5008899554782342, 0.02407594170360495, 0.500839464287996, 0.45361764459956166, 0.8309650204659855, -0.2539955139229026, -0.2677891977699401, 0.4289165865513094, 0.3125584616297781, -0.570335367341011, 0.42624882162362226, 0.5612405413389577, 0.46458550259669673, -1.1002120820485235, 0.8279383896308922, -0.2680098747238425, -0.39621978896902244, -0.8559597265346939, 0.09082734874014697, -0.8181551607898453, -0.40924223243989194, -0.7147958018454481, -0.784761385098848, -0.7990951878666104, 0.6746438476599038, -0.11834187734106927, -0.9159973109294465, 0.5011424466757364, 0.2069546689469017, 0.873026213074451, -0.8964156652884505, 0.595417045062725, -0.09062487026334852, -0.11803576246276955, 0.7445645960730525, -0.9554123249126609, 1.0624381360627886, -0.6511714669045052, 0.9293775175637398, -0.23473952320456143, 0.896775859236755, -1.0366488050698566, -0.5107035351266852, -0.015016342437625847, 0.3160984906296947, 0.3754155590883901, -0.4416417977790905, 0.45980659632133314, -0.2623700453047424, -0.5803565733794468, 0.3482402802713593, -0.748156402275405, 0.6319956823564049, -0.45566403337451894, 0.9023408968822763, 0.014340251598059694, 0.20796288855740577, 0.27265023287516477, -0.7685550612884764, 0.6835888205351, 0.6682571433616564, 0.037781384937584164, -0.32823808063735205, 1.3370383948869196, 0.6591031879241123, 0.2547455656480744, -0.4542955506225971, -0.2699654961868282, 0.8627230042088859, -0.055735292559831645, -0.7187680607980622, -0.6748383120783077, -0.5228284239173382, 0.17319774928621295, 0.8433007946894894, -0.42158285304160886, -0.8457806058344269, -1.081930528193089, -0.6117732734995325, 0.8996203975206344, 0.4601650113022137, -0.16545008704143677, -0.24072783119163535, -0.23135321052322394, 0.6845586673215489, 0.017194170737635073, 0.39479851617298534, 0.550959788247602, 0.9137468704747713, -1.0586975379663504, 0.16862333050131167, -0.07642357291479142, 0.6055754904879123, 0.36018973192386944, -0.4227635100052982, 0.2690276360839217, 0.2477541691220509, -1.1369348624319662]
2172.9909572497886	(8, 12, 2)	[0.7376033799474265, -0.018173149016177004, -0.8302761838509125, -0.560556812600348, 0.20741266900479888, 0.5039819243177333, 0.5313081894740792, 0.12119326879303108, 0.9057291370642397, 0.7550051478627219, 0.005094306458578668, -0.31838751871162174, 0.5497323220406395, -0.6885342268882892, 0.7602529621894544, -1.0071441479072365, 0.09540708779615219, -0.3227454412658618, -0.9491861326807719, 0.1765059094479368, -0.28823697529869063, 0.7884345713923366, -0.4926736214224761, 0.004691617975435294, 0.45091209204886296, 0.4990481580419142, 0.8353832994278121, -0.1798514703747267, -0.24051142096914174, 0.4300817157673767, 0.4309565209677368, -0.31249143668231916, 0.3351311126969103, 0.614277065057072, 0.5903611865344283, -1.0831724640902365, 0.7794159151500625, -0.31469181163440885, -0.27539642098341627, -0.9030831339377147, 0.05585256503779126, -0.7875276230129622, -0.357488765832813, -0.6610003062391644, -0.8011827556193125, -0.7980773002692583, 0.642984487553535, -0.10029675775263772, -0.8720178559627688, 0.6004395904039526, 0.4830497332897312, 0.8547493985060586, -0.89434753060276, 0.5848934210855943, -0.01512188185516727, -0.16045253814278057, 0.7721002224203191, -1.007786318583781, 1.0083901180285006, -0.6417530828409167, 0.9336663632007394, -0.3064546007608273, 0.9901049487619977, -1.0003286319646658, -0.49025249615500494, -0.03703111056742163, 0.45059014294500344, 0.3558163154280675, -0.41657103612375157, 0.48049235973665383, -0.5372176530704845, -0.7716611032632238, 0.4411211959772178, -0.6210051803335678, 0.4682323007228418, -0.3779295337086444, 0.7101180479366265, 0.34469763884250715, 0.2787718867958045, -0.2193556157647938, -0.38810505844258264, 0.9630167013902255, 0.5683031992801687, 0.054205373929458414, -0.25423434512171506, 1.2994444208522664, 0.6820063359634008, 0.017330458840646854, -0.4470275171171418, -0.2944280956246664, 0.611862614334795, -0.05046431744392455, -0.6641645470113903, -0.662781104511681, -0.503811168146394, 0.12575248774597236, 0.8799528178870627, -0.5938752774303111, -0.886742604143603, -1.0720862949488092, -0.5664033462837149, 0.9694228809431679, 0.40034406147254764, -0.1785022401103113, -0.2545716581704428, -0.14251847943386747, 0.7169271123121009, -0.017256295930607256, 0.34973354009829777, 0.5862171820157408, 1.0121992422653963, -1.0191426686162746, 0.18568965572714774, -0.05893877087547256, 0.6135020035567125, 0.26364378461479204, -0.516369134058477, 0.19258273799527204, 0.21428704850504077, -1.154444784031993]
1375.7999057427292	(8, 12, 2)	[0.7180127502091058, -0.030740023427253925, -0.8028616317405238, -0.5552147458341653, 0.22650623287429006, -0.02086669113555739, 0.6904206552491351, 0.22321704822825622, 0.9604090808429899, 0.6646317952719479, 0.03697751641236366, -0.36696646735404215, 0.5816034231910904, -0.9919033785516342, 0.7880364898093705, -1.066803740309202, 0.13160383506148837, -0.2867901473086291, -0.9746603162059029, 0.028518638464435062, -0.2806160470260129, 1.032532194936826, -0.4945181567395606, 0.026160203617697636, 0.5496380200049452, 0.31539761857823484, 0.8915801977173576, -0.24281207838062438, -0.29975823516296796, 0.3820688546194897, 0.30343914788734544, -0.403217343418661, 0.40535068475085856, 0.579831469135037, 0.4745079650085777, -1.1122200118769439, 0.8125851464413084, -0.34849499165622394, -0.3067472213302369, -0.8743719108235243, 0.11447083187035226, -0.8186423067544282, -0.3925973034529626, -0.6893242608491763, -0.8928034995467525, -0.7985265287620864, 0.740012474289313, -0.08347292612240476, -0.9574957479264458, 0.4769447065504704, 0.19989096336260356, 0.7833827161150673, -0.8906474094325357, 0.7681992702685345, -0.002413453230440945, -0.16234707044859817, 0.7246131912555013, -1.053333650915626, 1.0749361732019376, -0.5518649541453063, 0.864617302006915, -0.28879710185522134, 0.9100538681399322, -1.1540058284496033, -0.5055098952622374, -0.025638333444264205, 0.2614534500348137, 0.3436012832094098, -0.321996433983184, 0.5272910810459563, -0.3227400326610237, -0.8187426308206527, 0.2905264792931795, -0.7394245252238048, 0.5178856654350229, -0.45410087861526915, 0.8325519844339538, -0.198487989788838, 0.20371572586221454, 0.36684282039877397, -0.49000691394194423, 0.7242658744120117, 0.6742184202652539, 0.04397719002448173, -0.17739211009443254, 1.3794495350498832, 0.6568592308651185, 0.19333728337286848, -0.45416131407543703, -0.2933212192967217, 0.7446034216879207, -0.048157262082097724, -0.7189596847353473, -0.6391421048012594, -0.5195929976383689, 0.21368513314775114, 0.7884513275020816, -0.4075440496987947, -0.8403941072078004, -1.0628318818736902, -0.6199875069323678, 1.0128746972008733, 0.38498082661409433, -0.17594908460645275, -0.24576776045168874, -0.1505948684348661, 0.7539359548781673, -0.028183970863066607, 0.3816083387682748, 0.5520171518686376, 1.0402378247459985, -1.103327238193663, 0.1838730529150784, -0.05622567285510728, 0.6172711262835936, 0.39816655974561277, -0.35909780542306985, 0.28588860561610924, 0.1729798151341187, -1.1725255634321687]
1977.0972553947663	(8, 12, 2)	[0.7365096643953711, -0.0369637063263877, -0.8237005015377799, -0.5641990275772554, 0.18452980359747823, 0.32526837562671485, 0.8260757957022858, 0.0878494250316271, 0.9351798589118983, 0.7547711945054094, 0.00903115757374213, -0.3339854852416385, 0.5970968301349903, -0.7185222458855305, 0.7745002477860775, -1.112544216410124, 0.07946613818133022, -0.31104607389978056, -0.9563204481280267, 0.06185372831769018, -0.27705420544112375, 0.78839007559268, -0.4956193518538891, 0.008451119835874711, 0.4348716389473096, 0.46516033702639925, 0.8326926317012153, -0.18144517871511676, -0.25380324460791187, 0.4293060478913637, 0.2940198164035314, -0.48286367145024905, 0.34218551464145713, 0.5751403048525163, 0.5475498564309481, -1.223222915395246, 0.8091076842831766, -0.31166526977912173, -0.3978796881338689, -0.859781584987414, 0.04763697851561582, -0.7988667632724332, -0.3963575741096288, -0.6915420466213413, -0.7890587121298195, -0.7983612590059403, 0.7210168092179847, -0.10828222845998903, -0.8896996576236857, 0.5032009714008787, 0.4494406482218555, 0.8656056708320193, -0.8927311741037671, 0.6167537727926184, 0.2056590822973435, -0.11161617782981074, 0.74974146309549, -1.0466446788803219, 1.0024770611514393, -0.6400272335230793, 0.9177356132426804, -0.29088909188579737, 0.9389260572928808, -1.0000714487519056, -0.5036883106956435, -0.030236758201559393, 0.4176454280841825, 0.3734740864743912, -0.38289256334817, 0.4599038828008367, -0.24787234702690492, -0.7485030697663496, 0.3787497511108347, -0.6883034372061477, 0.4744446880106701, -0.4012367789143935, 0.5468605607220732, 0.27218493605173255, 0.24913549192561102, -0.04799172296883358, -0.7828014578286909, 0.918010703307824, 0.5896578717091525, 0.04996293697940777, -0.3279344169277825, 1.3018328542405695, 0.6550385174416575, 0.23233809294608745, -0.4527780279417555, -0.2863011185628528, 0.8416738775427735, -0.05431047222043305, -0.6862983234493847, -0.6697495520347467, -0.5105920603505788, 0.14869441724808746, 0.8426375720241726, -0.4667198836183902, -0.8384443192573726, -1.0871331687795907, -0.49944534755624087, 0.9094332277622388, 0.4179463009260963, -0.2627121028276891, -0.24927189466955296, -0.15443513976903298, 0.7190492178110399, -0.008716554760245455, 0.3931320833066592, 0.5625419143256638, 1.0192453585760959, -0.9964432375286901, 0.17773823169473882, -0.07516358964858254, 0.681931024141029, 0.31376119460605345, -0.501868913454212, 0.28454913675709675, 0.2527831642598545, -1.0910297450408657]
1986.5402347553936	(8, 12, 2)	[0.7336326746568588, 0.1358367213257184, -0.8157584070710052, -0.5311328920404159, 0.10165109024082071, -0.23635552655165337, 0.8607490654139595, -0.04271876710307763, 1.0353167777787318, 0.6961541134636373, 0.03679167165334474, -0.2676522809345005, 0.5346196021496631, -0.9236796514814173, 0.7860704222572867, -1.0482466224651557, 0.11278230174361414, -0.30403402391485557, -1.0315851440154962, 0.027467909311571823, -0.10431239523811292, 0.6253485288085242, -0.6116339162384306, 0.023667842520885968, 0.5357401335464842, 0.4547042160162895, 0.6954143138269069, -0.25455639307972405, -0.31982586930950546, 0.42502183335741783, 0.32395650372348267, -0.6596199017971764, 0.3561172131310449, 0.5610686885453716, 0.4665256021435179, -1.1118452675818244, 0.7362148385056944, -0.2722580789858636, -0.4309783259384712, -0.80358113375567, 0.08993327019277263, -0.8171029770280324, -0.3834706207186793, -0.8035790529553192, -0.7869068587447122, -0.7979395253816053, 0.6746648687494861, -0.11800053182132851, -0.9391264630499535, 0.5071577351382811, 0.1712305224412984, 0.8487936660912245, -0.9027888995737982, 0.6952385221249279, -0.046745592485453166, -0.14087568147503823, 0.744097036471843, -1.0757375923713794, 1.0605703411717615, -0.4416169398141571, 0.9408954517169018, -0.23533355358606856, 0.8860431572189557, -1.1069920160421427, -0.5243367337457769, -0.028131144503411587, 0.3946527815824274, 0.3760024265927558, -0.4424933472071353, 0.43400379577512593, -0.2952216709053106, -0.5849962061100429, 0.391930841201007, -0.7451630743316033, 0.5581121409564171, -0.46019821562404284, 0.9072747164447009, 0.02995069831489436, 0.21387188906354979, 0.2652519802432624, -0.7208007901194118, 0.7252789169334981, 0.39377405032338164, 0.05037632985417175, -0.21817542745642174, 1.3202511385508662, 0.6587659739950786, 0.26269378240579305, -0.4538582200712262, -0.26432992781342823, 0.8579217028912788, -0.03232015113702849, -0.7244490733526889, -0.5075542985046237, -0.5198258228217065, 0.16997985433602836, 0.8259901659183965, -0.42458021119497946, -0.8504809679850258, -1.0546012940402525, -0.6453438646112728, 0.8886003237487549, 0.46070536934969375, -0.12617895433233386, -0.5853686119925552, -0.19889767372469586, 0.640242593305314, 0.01932579794575775, 0.390015614431923, 0.36292599598713793, 0.8798674256607294, -1.0435280902334658, 0.09148345196066769, -0.06096992327504841, 0.6055207351897219, 0.35902289821618105, -0.41410027650705916, 0.2664286347891338, 0.24456933047450896, -1.2868621724272922]
1436.4063814820406	(8, 12, 2)	[0.7336326746568588, 0.1358367213257184, -0.8157584070710052, -0.5311328920404159, 0.10165109024082071, -0.23635552655165337, 0.8607490654139595, -0.04271876710307763, 1.0353167777787318, 0.6961541134636373, 0.03679167165334474, -0.2676522809345005, 0.5346196021496631, -0.9236796514814173, 0.7860704222572867, -1.0482466224651557, 0.11278230174361414, -0.30403402391485557, -1.0315851440154962, 0.027467909311571823, -0.10431239523811292, 0.6253485288085242, -0.6116339162384306, 0.023667842520885968, 0.5357401335464842, 0.4547042160162895, 0.6954143138269069, -0.25455639307972405, -0.31982586930950546, 0.42502183335741783, 0.32395650372348267, -0.6596199017971764, 0.3561172131310449, 0.5610686885453716, 0.4665256021435179, -1.1118452675818244, 0.7362148385056944, -0.2722580789858636, -0.4309783259384712, -0.80358113375567, 0.08993327019277263, -0.8171029770280324, -0.3834706207186793, -0.8035790529553192, -0.7869068587447122, -0.7979395253816053, 0.6746648687494861, -0.11800053182132851, -0.9391264630499535, 0.5071577351382811, 0.1712305224412984, 0.8487936660912245, -0.9027888995737982, 0.6952385221249279, -0.046745592485453166, -0.14087568147503823, 0.744097036471843, -1.0757375923713794, 1.0605703411717615, -0.4416169398141571, 0.9408954517169018, -0.23533355358606856, 0.8860431572189557, -1.1069920160421427, -0.5243367337457769, -0.028131144503411587, 0.3946527815824274, 0.3760024265927558, -0.4424933472071353, 0.43400379577512593, -0.2952216709053106, -0.5849962061100429, 0.391930841201007, -0.7451630743316033, 0.5581121409564171, -0.46019821562404284, 0.9072747164447009, 0.17219428468980566, 0.21387188906354979, 0.2652519802432624, -0.7208007901194118, 0.7252789169334981, 0.39377405032338164, 0.05037632985417175, -0.21817542745642174, 1.3202511385508662, 0.6587659739950786, 0.26269378240579305, -0.4538582200712262, -0.26432992781342823, 0.8579217028912788, -0.03232015113702849, -0.7244490733526889, -0.5075542985046237, -0.5198258228217065, 0.16997985433602836, 0.8259901659183965, -0.5809695281484246, -0.8504809679850258, -1.0546012940402525, -0.6453438646112728, 0.8886003237487549, 0.46070536934969375, -0.12617895433233386, -0.5853686119925552, -0.3074400864106051, 0.640242593305314, -0.11937447193290898, 0.390015614431923, 0.36292599598713793, 0.8798674256607294, -1.0435280902334658, 0.09148345196066769, -0.06096992327504841, 0.6055207351897219, 0.35902289821618105, -0.41410027650705916, 0.2664286347891338, 0.24456933047450896, -1.2868621724272922]
1898.277956751071	(8, 12, 2)	[0.7080963425643455, -0.02891135996698986, -0.8198279453459334, -0.5864863347422019, 0.06377475115807814, 0.014051075961740446, 0.7299293525449748, 0.13345641908458736, 0.9685822033682956, 0.6670855782488758, 0.1283130306271722, -0.29492048977548124, 0.41532228309644004, -0.8856824575355668, 0.7952641985922226, -1.0084745702523765, 0.10100918972467873, -0.3117127052731851, -0.9055313898439796, 0.07236652705194387, -0.15220347848199306, 0.9444242786420363, -0.497086003485823, 0.0009728059826667485, 0.5923878571831096, 0.4761694889502767, 0.812903428798554, -0.19981041145480377, -0.29646331050816693, 0.40852044602221416, 0.5835166440254385, -0.3996031378073704, 0.4576543304172116, 0.6086706438719127, 0.49871325083767676, -1.0922997639509735, 0.7621802962875813, -0.31443395130127627, -0.3219020012493054, -0.8669652382965803, 0.0979647338547311, -0.8150822171575239, -0.40608248124831836, -0.6788212253923058, -0.7958375944760521, -0.7990038309852056, 0.7126775242348141, -0.15744113436385007, -0.967427326950421, 0.4030325342118916, 0.26313903045729087, 0.8604938223323432, -0.9126364781832145, -0.13351194483103712, 0.3400962899574901, -0.3760635619008317, 0.5571699100716181, -0.950668627443642, 1.044350942824898, -0.579522813594721, 0.8500847428161731, -0.24076933227057873, 0.8604084633051298, -1.2262256360840453, -0.7486173422501223, -0.030800152181198387, 0.25658259355346874, 0.36175122984822017, -0.3738310495552737, 0.44309427158235454, 0.0240921280127519, -0.6480738115395371, 0.5883607837895111, -0.6250703949695902, 0.4684096031257422, -0.42479016563091554, 0.7202083965804937, 0.12296659524957258, 0.21594898864380166, 0.28208643960240076, -0.48924665178039384, 0.7617888795714588, 0.4219984840504788, 0.07696664781617112, -0.04760363606393836, 2.085433626145068, 0.7265873689025772, 0.13865770703491465, -0.4119357439138989, -0.3695567929636566, 0.6179014306003373, -0.18068106232282494, -0.6860038146874021, -0.5836866353450733, -0.506381669892967, 0.11098739651653411, 1.4914619857179061, -0.6174437643233018, -1.1699515338535886, -1.0497309722484094, -0.5872271809840818, 0.7498101843387625, 0.4061425315936951, -0.024067016891787057, -0.18493419997692798, -0.3150290216894085, 0.7125605658883875, 0.0487671868360182, 0.4502521899114802, 0.4750435636689335, 1.2099932542706358, -0.9412418843352179, 0.15063377859944155, -0.08913396579733564, 0.7529362122579562, 0.2850407089154094, -0.5793674708759571, 0.27500010343232323, 0.21849727178516962, -1.1650981849919777]
1883.9185725821494	(8, 12, 2)	[0.7375373492156816, -0.03720001279076798, -0.8210528354054414, -0.5596098909776455, 0.22571618734609317, 0.32689307075661855, 0.8411699161185249, 0.0774061780521782, 0.9408354648570875, 0.7384553699909683, 0.005418887736203762, -0.0345055258015885, 0.5878994033489533, -0.7221324529175055, 0.8682808587802981, -1.1026879535691374, -0.04277832290246676, -0.3072422507258552, -1.0594904591350003, 0.04505646341831583, -0.27725420989225874, 0.9654198829430436, -0.44159363388045525, 0.011184461874810304, 0.4971440961916972, 0.4821434288689213, 0.917485989825834, -0.2063122167120257, -0.48354211856237106, 0.40196691486441705, 0.30781336911037827, -0.5230935207594443, 0.36051917731821387, 0.575867992756828, 0.484765531900217, -1.2082097883348646, 0.8102271931480477, -0.31712972470194944, -0.41651000952983575, -0.8149728768575092, 0.09354765645948705, -0.8092505155151214, -0.3964736629890879, -0.6921148134895142, -0.7605487206811369, -0.7573888993395259, 0.7196427486424257, -0.08609022614747742, -0.8954430673760346, 0.45153204905299116, 0.4837781884071576, 0.8239144264012087, -0.8927370571719881, 0.6935412997017391, 0.0953719855494104, -0.16737788745382967, 0.7528256229168643, -1.046813245293574, 1.0170309332584047, -0.4339428605062124, 0.9133328517526422, -0.2904972187116725, 0.9436273115616459, -1.1021606239209008, -0.5050077887452395, -0.06759015404084895, 0.409777083683717, 0.7789267484544675, -0.3715770640274076, 0.642965899329779, -0.2597408104001365, -0.8044547484330888, 0.28256135485839934, -0.7063145106023854, 0.5137629974619665, -0.41688288486425623, 0.4729311449944301, 0.307906814027218, 0.2145239761351114, -0.027503743298039618, -0.6931219280091123, 0.7513888139583902, 0.570184806858636, 0.0480609644684406, -0.32638430237820226, 1.3508929626113617, 0.6551097721069535, 0.20799470399376585, -0.4157023220773635, -0.2706305401998913, 0.834184116243337, -0.05305927513596986, -0.6848331628185825, -0.6695599998886675, -0.5176948031366347, 0.18326322911183993, 0.8469819620169955, -0.45718525866560505, -0.8386917732174771, -1.08502215554483, -0.5763138666266774, 1.029940476438519, 0.41448717371071386, -0.21831813708893485, -0.24766015064404245, -0.15650215074685817, 0.6394942600340915, -0.008932332837296577, 0.3913030227803299, 0.5622403305493561, 1.026717892729549, -0.9650137982032605, 0.18054683282117123, -0.07225184829847012, 0.677094940274426, 0.3586811973469214, -0.4923284183986915, 0.2849475343138511, 0.23153262864451718, -1.2001147594444328]
2547.295004719708	(8, 12, 2)	[0.7336326746568588, 0.1358367213257184, -0.8157584070710052, -0.5311328920404159, 0.10165109024082071, -0.23635552655165337, 0.8607490654139595, -0.04271876710307763, 1.0353167777787318, 0.6961541134636373, 0.07291510150406409, -0.2676522809345005, 0.5346196021496631, -0.9236796514814173, 0.7860704222572867, -1.0482466224651557, 0.11278230174361414, -0.30403402391485557, -1.0315851440154962, 0.027467909311571823, -0.10431239523811292, 0.6253485288085242, -0.6116339162384306, 0.023667842520885968, 0.5357401335464842, 0.3691185069259295, 0.6954143138269069, -0.25455639307972405, -0.3065535188559164, 0.42502183335741783, 0.32395650372348267, -0.6596199017971764, 0.3561172131310449, 0.5610686885453716, 0.4665256021435179, -1.1118452675818244, 0.7362148385056944, -0.2722580789858636, -0.4309783259384712, -0.80358113375567, 0.08993327019277263, -0.8171029770280324, -0.3834706207186793, -0.8035790529553192, -0.7869068587447122, -0.7979395253816053, 0.6746648687494861, -0.18544421338822456, -0.9391264630499535, 0.5071577351382811, 0.1712305224412984, 0.8487936660912245, -0.9027888995737982, 0.6952385221249279, -0.046745592485453166, -0.14087568147503823, 0.744097036471843, -1.0757375923713794, 1.0605703411717615, -0.4416169398141571, 0.9408954517169018, -0.23533355358606856, 0.8860431572189557, -1.1069920160421427, -0.5830567893108566, -0.028131144503411587, 0.27452082758102186, 0.3760024265927558, -0.4424933472071353, 0.43400379577512593, -0.2952216709053106, -0.5849962061100429, 0.391930841201007, -0.7451630743316033, 0.5581121409564171, -0.4268746802378999, 0.9072747164447009, 0.17219428468980566, 0.21387188906354979, -0.19791438166463893, -0.7208007901194118, 0.7738928147100611, 0.39377405032338164, -0.06144478961965536, -0.21817542745642174, 1.3202511385508662, 0.6587659739950786, 0.26269378240579305, -0.4538582200712262, -0.26432992781342823, 0.8579217028912788, -0.03232015113702849, -0.7244490733526889, -0.5075542985046237, -0.5198258228217065, 0.0915848895858419, 0.8259901659183965, -0.5809695281484246, -0.8504809679850258, -1.0546012940402525, -0.6453438646112728, 0.8886003237487549, 0.46070536934969375, -0.12617895433233386, -0.5689130084549883, -0.3074400864106051, 0.640242593305314, -0.11937447193290898, 0.3304623162275008, 0.36292599598713793, 0.8798674256607294, -1.0435280902334658, 0.09148345196066769, -0.06096992327504841, 0.6055207351897219, 0.35902289821618105, -0.41410027650705916, 0.33863946398058825, 0.3756720293723302, -1.2868621724272922]
2359.6040947126676	(8, 12, 2)	[0.7080963425643455, -0.02891135996698986, -0.6337390728916069, -0.5864863347422019, 0.06377475115807814, 0.014051075961740446, 0.7299293525449748, -0.2260053723186052, 0.9098333962473233, 0.6670855782488758, 0.1283130306271722, -0.29492048977548124, 0.0844708774009586, -0.8856824575355668, 0.7952641985922226, -1.0084745702523765, 0.10100918972467873, -0.3117127052731851, -0.9055313898439796, 0.07236652705194387, -0.15220347848199306, 0.9444242786420363, -0.497086003485823, 0.0009728059826667485, 0.5923878571831096, 0.47856165505312515, 0.812903428798554, -0.19981041145480377, -0.29646331050816693, 0.40852044602221416, 0.5431257115896719, -0.3996031378073704, 0.4576543304172116, 0.6086706438719127, 0.49871325083767676, -1.0922997639509735, 0.9515180215037655, -0.31443395130127627, -0.3219020012493054, -0.8669652382965803, 0.0979647338547311, -0.8150822171575239, -0.15735947298642322, -0.6788212253923058, -0.7958375944760521, -0.7990038309852056, 0.7126775242348141, -0.15744113436385007, -0.967427326950421, 0.4030325342118916, 0.26313903045729087, 0.8604938223323432, -0.9126364781832145, -0.13351194483103712, 0.3400962899574901, -0.3760635619008317, 0.45352158963128925, -0.950668627443642, 1.044350942824898, -0.579522813594721, 0.8500847428161731, -0.24076933227057873, 0.8604084633051298, -1.2262256360840453, -0.7486173422501223, -0.0370043002549685, 0.25658259355346874, 0.36175122984822017, -0.3738310495552737, 0.44309427158235454, 0.0240921280127519, -0.6480738115395371, 0.5883607837895111, -0.6250703949695902, 0.4684096031257422, -0.42479016563091554, 0.7202083965804937, 0.12296659524957258, 0.21594898864380166, 0.24132936932477086, -0.48924665178039384, 0.7617888795714588, 0.4219984840504788, 0.07696664781617112, -0.04760363606393836, 2.085433626145068, 0.7265873689025772, 0.13865770703491465, -0.4119357439138989, -0.3695567929636566, 0.6179014306003373, -0.18068106232282494, -0.6860038146874021, -0.4678970957295858, -0.506381669892967, 0.11098739651653411, 1.4914619857179061, -0.6174437643233018, -1.1699515338535886, -1.0497309722484094, -0.5872271809840818, 0.7189331362079519, 0.4061425315936951, -0.12469565107415545, -0.18493419997692798, -0.3150290216894085, 0.7125605658883875, 0.0487671868360182, 0.4502521899114802, 0.5801166906169705, 1.2099932542706358, -0.9412418843352179, 0.15063377859944155, -0.08913396579733564, 0.7529362122579562, 0.058101040060099335, -0.5793674708759571, 0.27500010343232323, 0.21849727178516962, -1.1650981849919777]
2230.460219446251	(8, 12, 2)	[0.7448367539071395, 0.016930278814868395, -0.8221176783180476, -0.588115554207044, 0.06637680176660647, 0.06695435988169676, 0.7840198453175199, 0.19977673807044855, 0.898140493077266, 0.7118851464476179, 0.12075370150095346, -0.22639055345633574, 0.5937241464586644, -0.9220843586230066, 0.7697610411603386, -1.0309077672104219, -0.3846235120846087, -0.3036706093166287, -0.6567213968080359, 0.06312370048730488, -0.058609708671009564, 0.9992437632682594, -0.59913007890095, 0.012747646305227667, 0.545885014761675, 0.3986150061341594, 0.7253112293665949, -0.12772495100129438, -0.25985384147651497, 0.3060336440966679, 0.6772527017420714, -0.1666497524312236, 0.40548639089892125, 0.5512536262329709, 0.4530771115617218, -0.9796297407049048, 0.8357496695509177, -0.15386020061407774, -0.3482059731105268, -0.9392822719893514, 0.10550010975362611, -0.8020545443531859, -0.3899039911218155, -0.677202185321518, -0.7814345465573582, -0.800488549846762, 0.7168061400627312, -0.13227889698951253, -0.881973470036076, 0.372366677867084, 0.18589917400122383, 0.8582550735136691, -0.8879071522725775, -0.21922859155378183, 0.08487610976852972, -0.26421998193947965, 0.5742407242455794, -0.8208138640264362, 1.0371030978040119, -0.5584503258606742, 1.055610182442781, -0.2230822432337074, 0.9143669995703654, -1.249234561111454, -0.4348272444425916, -0.11756860193005395, 0.2619342663019827, 0.3735220497841894, -0.42449009465466525, 0.4466372382096181, -0.38514446830629767, -0.6731815124096354, 0.5845744428950739, -0.6358049065849537, 0.5056447813818398, -0.4516346827463621, 0.6448277934534079, 0.03435108607022494, 0.2631933142680746, 0.23881218846166416, -0.5953522142146874, 0.7878410603661077, 0.5658964729411401, 0.0601071598327669, -0.31597614376901373, 1.2699232382624621, 0.630383974389249, 0.40922672698055246, -0.32826745302005356, -0.3443964160606035, 0.6547181137294124, -0.09852085343155398, -0.6609688237610716, -0.255108845830972, -0.49940217520598923, 0.15472397043380962, 0.9079847278956379, -0.6002531646540299, -0.9406211737269135, -1.0571271683804795, -0.44353600958340855, 0.859125765768309, 0.41255782080794734, -0.21223998692766907, -0.543006003004162, -0.23487342156716734, 0.7732614836240216, 0.032832682118974166, 0.5409313458112818, 0.5620004945010291, 1.704194164402566, -0.8093105035435783, 0.1620305935929708, -0.07792142719738546, 0.6599808439838315, 0.29484065988141855, -0.2408160942099818, 0.3767795628720523, 0.21958322468786473, -0.9774316727476179]
2683.639069416673	(8, 12, 2)	[0.7849148798161413, 0.0768925872134047, -0.8118992474731026, -0.5794368660241865, 0.1336102542319243, -0.2291475510761209, 0.7337738435057213, 0.13302948806392045, 0.984628661240478, 1.0030609111227022, 0.0005463362877982996, -0.3182448775891125, 0.41920127664241524, -1.0545643891452237, 0.6234416190716124, -1.0234330504686762, 0.221607915969457, -0.2839942975577724, -0.8182525016283664, 0.06915368843133113, -0.2345590292461367, 0.9719614892846022, -0.5031671116732462, 0.07208614039091069, 0.5651165467540443, 0.45506547590017055, 0.7910609767320393, -0.17600696830948004, -0.2969907949643711, 0.4084975477827243, 0.43933902466866154, -0.4296813201044836, 0.363850999275338, 0.6425075369183905, 0.7256380694529121, -1.0892027684298298, 0.7816277510311879, -0.05774499059590604, -0.32183522484566235, -0.8620053148696099, 0.14590785577478924, -0.8210552518472192, -0.4322428665824656, -0.6081480704610797, -0.8134318543675435, -0.7989868241752514, 0.7159161501992025, -0.1630264943916902, -1.019082152348444, 0.5990601055745578, 0.19600972008875125, 0.7622104263267908, -0.8950167286911797, -0.08253888870943402, -0.08936105468543445, -0.23572391808889043, 0.7424278289771414, -0.9198353044961848, 1.0562803615684582, -0.5765760429360443, 0.8658462526033863, -0.24114732755334095, 0.9403682638309421, -1.084976801982847, -0.5631755942464035, -0.012736916313272565, 0.3113933998721952, 0.39129244878625, -0.3366795908794137, 0.44377510777274365, -0.40528261796060394, -0.7134837324535276, 0.3205827987295692, -0.7434355541339203, 0.547528814316909, -0.4438690713937661, 0.78790242017741, 0.1307059778650368, 0.2177294332541184, 0.14206124525596975, -0.7670560618836991, 0.7418045226021402, 0.5795084027018285, 0.015013890688144436, -0.20492440902307807, 1.3410636561615024, 0.6867450313324955, 0.2183099824203713, -0.439857671877517, -0.3968954534355104, 0.6775910473602875, -0.09628142912279464, -0.6986388180582691, -0.5771735805664285, -0.5064340263084867, 0.12398613746217707, 0.9358631089197126, -0.6174310439619535, -0.6839219376593044, -1.0519928040374673, 0.01579398318569769, 0.799316246443207, 0.3789538281887052, -0.24166185318553013, -0.17994507586916042, -0.2747114231771253, 0.6999183109617385, 0.004609814080654664, 0.4276963721892705, 0.452990409835291, 1.0163450215282388, -1.088098135414401, 0.12156546266680696, 0.036209910450191285, 0.7322704928870165, 0.3433396493540288, -0.43381250466288135, 0.27453536213837976, 0.22207240382044866, -1.1666113638501652]
2335.6066552979855	(8, 12, 2)	[0.7080963425643455, -0.02891135996698986, -0.8830996735496731, -0.5864863347422019, 0.06377475115807814, -0.07810898722255856, 0.7299293525449748, 0.13345641908458736, 0.9626322588431363, 0.6670855782488758, 0.1283130306271722, -0.29492048977548124, 0.41745567763113145, -0.8856824575355668, 0.7952641985922226, -1.0289051048370217, 0.3012689789805582, -0.3117127052731851, -0.6745800957868828, 0.07236652705194387, -0.17201843842565695, 1.0065000729039868, -0.497086003485823, 0.053246124016852664, 0.5923878571831096, 0.47598898513757654, 0.9890884518081912, -0.2226887330893525, -0.29646331050816693, 0.40852044602221416, 0.5835166440254385, -0.3996031378073704, 0.4576543304172116, 0.6086706438719127, 0.49871325083767676, -1.0922997639509735, 0.9110811300798571, -0.31443395130127627, -0.4147811695070952, -0.8669652382965803, 0.0979647338547311, -0.8149064463938529, -0.3542686126070369, -0.6788212253923058, -0.7958375944760521, -0.7990038309852056, 0.6243671407759253, -0.15744113436385007, -0.9827082206788302, 0.4030325342118916, 0.26313903045729087, 0.8604938223323432, -0.9126364781832145, -0.13351194483103712, 0.3400962899574901, -0.3760635619008317, 0.5571699100716181, -1.0646248316280176, 1.229677761968428, -0.579522813594721, 0.8500847428161731, -0.24076933227057873, 0.8604084633051298, -1.2262256360840453, -0.7486173422501223, -0.030497331874976406, 0.44241496545427883, 0.36175122984822017, -0.362366891313561, 0.2690023433840283, 0.0240921280127519, -0.6480738115395371, 0.5883607837895111, -0.6283390006253614, 0.4684096031257422, -0.42479016563091554, 0.49034644280301176, 0.12296659524957258, 0.21594898864380166, 0.26371198401370294, -0.48924665178039384, 0.7617888795714588, 0.4370120922887006, 0.07696664781617112, -0.04760363606393836, 2.085433626145068, 0.7265873689025772, 0.13865770703491465, -0.4119357439138989, -0.3695567929636566, 0.6179014306003373, -0.18542758360152534, -0.6860038146874021, -0.5344022111035808, -0.506381669892967, 0.12660082373717021, 1.563260526761527, -0.6535660535242149, -1.1699515338535886, -1.0497309722484094, -0.5872271809840818, 0.7115593739984453, 0.4061425315936951, -0.10787239937301243, -0.18493419997692798, -0.23437249247914616, 0.7125605658883875, 0.0487671868360182, 0.4502521899114802, 0.6090785633305419, 1.0160896141284101, -0.9412418843352179, 0.13564301946233873, -0.08913396579733564, 0.9901891092247923, 0.10000367598343572, -0.5793674708759571, 0.27500010343232323, 0.21849727178516962, -1.1252692640849218]
1936.980475779686	(8, 12, 2)	[0.7080963425643455, -0.02891135996698986, -0.8830996735496731, -0.5864863347422019, 0.06377475115807814, -0.07810898722255856, 0.7299293525449748, 0.1248396983393761, 0.9626322588431363, 0.6670855782488758, 0.1283130306271722, -0.29492048977548124, 0.41745567763113145, -0.8856824575355668, 0.7952641985922226, -1.0289051048370217, 0.3012689789805582, -0.3117127052731851, -0.6745800957868828, 0.07236652705194387, -0.17201843842565695, 1.0065000729039868, -0.497086003485823, 0.053246124016852664, 0.5923878571831096, 0.47598898513757654, 0.9890884518081912, -0.2226887330893525, -0.29646331050816693, 0.40852044602221416, 0.5835166440254385, -0.3996031378073704, 0.6369589457642206, 0.6086706438719127, 0.49871325083767676, -1.0922997639509735, 0.9110811300798571, -0.31443395130127627, -0.4147811695070952, -0.8669652382965803, 0.0979647338547311, -0.8149064463938529, -0.3542686126070369, -0.6788212253923058, -0.7958375944760521, -0.7990038309852056, 0.6243671407759253, -0.15744113436385007, -0.9827082206788302, 0.4030325342118916, 0.26313903045729087, 0.8604938223323432, -0.9126364781832145, -0.13351194483103712, 0.3400962899574901, -0.3760635619008317, 0.5571699100716181, -1.0646248316280176, 1.229677761968428, -0.579522813594721, 0.8500847428161731, -0.24076933227057873, 0.8604084633051298, -1.2262256360840453, -0.7486173422501223, -0.030497331874976406, 0.44241496545427883, 0.36175122984822017, -0.362366891313561, 0.2690023433840283, 0.0240921280127519, -0.6480738115395371, 0.5883607837895111, -0.6283390006253614, 0.4684096031257422, -0.42479016563091554, 0.49034644280301176, 0.12296659524957258, 0.21594898864380166, 0.26371198401370294, -0.48924665178039384, 0.7617888795714588, 0.37743072500569924, 0.07696664781617112, -0.04760363606393836, 2.085433626145068, 0.7265873689025772, 0.13865770703491465, -0.4119357439138989, -0.3695567929636566, 0.6179014306003373, -0.18542758360152534, -0.6860038146874021, -0.5344022111035808, -0.506381669892967, 0.12660082373717021, 1.563260526761527, -0.6535660535242149, -1.1699515338535886, -1.0497309722484094, -0.5872271809840818, 0.7115593739984453, 0.4061425315936951, -0.10787239937301243, -0.18493419997692798, -0.23437249247914616, 0.7125605658883875, 0.0487671868360182, 0.4502521899114802, 0.6090785633305419, 1.0160896141284101, -0.9412418843352179, 0.13564301946233873, -0.08913396579733564, 0.9901891092247923, 0.10000367598343572, -0.5793674708759571, 0.27500010343232323, 0.21849727178516962, -1.1252692640849218]
2678.4624236562468	(8, 12, 2)	[0.7080963425643455, -0.02891135996698986, -0.8830996735496731, -0.5864863347422019, 0.06377475115807814, -0.07810898722255856, 0.7299293525449748, 0.1248396983393761, 0.9626322588431363, 0.6670855782488758, 0.1283130306271722, -0.29492048977548124, 0.41745567763113145, -0.8856824575355668, 0.7952641985922226, -1.0289051048370217, 0.3012689789805582, -0.3117127052731851, -0.6745800957868828, 0.07236652705194387, -0.17201843842565695, 1.0065000729039868, -0.497086003485823, 0.053246124016852664, 0.5923878571831096, 0.47598898513757654, 0.9890884518081912, -0.2226887330893525, -0.29646331050816693, 0.40852044602221416, 0.5835166440254385, -0.3996031378073704, 0.6369589457642206, 0.6086706438719127, 0.49871325083767676, -1.0922997639509735, 0.9110811300798571, -0.31443395130127627, -0.4147811695070952, -0.8669652382965803, 0.0979647338547311, -0.8149064463938529, -0.3542686126070369, -0.6788212253923058, -0.7958375944760521, -0.7990038309852056, 0.6243671407759253, -0.15744113436385007, -0.9827082206788302, 0.4030325342118916, 0.26313903045729087, 0.8604938223323432, -0.9126364781832145, -0.13351194483103712, 0.3400962899574901, -0.3760635619008317, 0.5571699100716181, -1.0646248316280176, 1.229677761968428, -0.579522813594721, 0.8500847428161731, -0.24076933227057873, 0.8604084633051298, -1.2262256360840453, -0.7486173422501223, -0.030497331874976406, 0.44241496545427883, 0.36175122984822017, -0.362366891313561, 0.2690023433840283, 0.0240921280127519, -0.6480738115395371, 0.5883607837895111, -0.6283390006253614, 0.4684096031257422, -0.42479016563091554, 0.49034644280301176, 0.12296659524957258, 0.21594898864380166, 0.26371198401370294, -0.48924665178039384, 0.7617888795714588, 0.37743072500569924, 0.07696664781617112, -0.04760363606393836, 2.085433626145068, 0.7265873689025772, 0.13865770703491465, -0.4119357439138989, -0.3695567929636566, 0.6179014306003373, -0.18542758360152534, -0.6860038146874021, -0.5344022111035808, -0.506381669892967, 0.12660082373717021, 1.563260526761527, -0.6535660535242149, -1.1699515338535886, -1.0497309722484094, -0.5872271809840818, 0.7115593739984453, 0.4061425315936951, -0.10787239937301243, -0.18493419997692798, -0.23437249247914616, 0.7125605658883875, 0.0487671868360182, 0.4502521899114802, 0.6090785633305419, 1.0160896141284101, -0.9412418843352179, 0.13564301946233873, -0.08913396579733564, 0.9901891092247923, 0.10000367598343572, -0.5793674708759571, 0.27500010343232323, 0.21849727178516962, -1.1252692640849218]
2378.879088575214	(8, 12, 2)	[0.7080963425643455, -0.02891135996698986, -0.8830996735496731, -0.5864863347422019, 0.06377475115807814, -0.07810898722255856, 0.7299293525449748, 0.13345641908458736, 0.9626322588431363, 0.6717223562878337, 0.1283130306271722, -0.29492048977548124, 0.41745567763113145, -0.8916431396484934, 0.7952641985922226, -1.0289051048370217, 0.3012689789805582, -0.3117127052731851, -0.6745800957868828, 0.07236652705194387, -0.17201843842565695, 1.0065000729039868, -0.42962675215485674, 0.053246124016852664, 0.5923878571831096, 0.47598898513757654, 0.9890884518081912, -0.2226887330893525, -0.29646331050816693, 0.40852044602221416, 0.5835166440254385, -0.3996031378073704, 0.4576543304172116, 0.6086706438719127, 0.49871325083767676, -1.0922997639509735, 0.9110811300798571, -0.31443395130127627, -0.4147811695070952, -0.8669652382965803, 0.0979647338547311, -0.8149064463938529, -0.3542686126070369, -0.6788212253923058, -0.7958375944760521, -0.7150443609325732, 0.6243671407759253, -0.15744113436385007, -0.9827082206788302, 0.4030325342118916, 0.26313903045729087, 0.8604938223323432, -0.9126364781832145, -0.13351194483103712, 0.3400962899574901, -0.3760635619008317, 0.5571699100716181, -1.0589939857894368, 1.3269889194773299, -0.579522813594721, 0.8500847428161731, -0.24076933227057873, 0.8604084633051298, -1.2262256360840453, -0.7486173422501223, -0.030497331874976406, 0.44241496545427883, 0.36175122984822017, -0.362366891313561, 0.2690023433840283, 0.0240921280127519, -0.6480738115395371, 0.5883607837895111, -0.6283390006253614, 0.4684096031257422, -0.3434634024282853, 0.49034644280301176, 0.12296659524957258, 0.21594898864380166, 0.26371198401370294, -0.48924665178039384, 0.7617888795714588, 0.4370120922887006, 0.07696664781617112, -0.04760363606393836, 2.085433626145068, 0.7265873689025772, 0.13865770703491465, -0.4119357439138989, -0.21787984317775552, 0.6179014306003373, -0.18542758360152534, -0.6860038146874021, -0.5344022111035808, -0.506381669892967, 0.12660082373717021, 1.563260526761527, -0.6535660535242149, -1.1699515338535886, -1.0497309722484094, -0.5872271809840818, 0.7115593739984453, 0.4061425315936951, -0.16665624916410343, 0.24251092712915026, -0.18975519698083337, 0.7125605658883875, 0.0487671868360182, 0.4502521899114802, 0.6090785633305419, 1.039337568622833, -0.8159912877733686, 0.11145941980454804, 0.2565923120050468, 0.9901891092247923, 0.10000367598343572, -0.5793674708759571, 0.27500010343232323, 0.21849727178516962, -1.1252692640849218]
2334.921163825626	(8, 12, 2)	[0.7080963425643455, -0.02891135996698986, -0.8830996735496731, -0.5864863347422019, -0.0017556930740492693, -0.07810898722255856, 0.7299293525449748, 0.1248396983393761, 0.9626322588431363, 0.6670855782488758, 0.13941379573385507, -0.29492048977548124, 0.41745567763113145, -0.8856824575355668, 0.7952641985922226, -1.0289051048370217, 0.3012689789805582, -0.3117127052731851, -0.6745800957868828, 0.07236652705194387, -0.17201843842565695, 1.0065000729039868, -0.497086003485823, 0.053246124016852664, 0.5923878571831096, 0.5565698368583938, 0.9890884518081912, -0.2226887330893525, -0.29646331050816693, 0.40852044602221416, 0.5835166440254385, -0.26563289702608145, 0.7277581998560315, 0.519086390636228, 0.49871325083767676, -1.1031105265738224, 0.9110811300798571, -0.31443395130127627, -0.4147811695070952, -0.8669652382965803, -0.12715491113553617, -0.8149064463938529, -0.3542686126070369, -0.6788212253923058, -0.7958375944760521, -0.7990038309852056, 0.6243671407759253, -0.15744113436385007, -0.9827082206788302, 0.4030325342118916, 0.26313903045729087, 0.8604938223323432, -0.9126364781832145, -0.13351194483103712, 0.3400962899574901, -0.3760635619008317, 0.5571699100716181, -1.0646248316280176, 1.1993126495874098, -0.579522813594721, 0.8500847428161731, -0.24076933227057873, 0.8604084633051298, -1.2262256360840453, -0.7286224503428417, -0.030497331874976406, 0.44241496545427883, 0.36175122984822017, -0.362366891313561, 0.30488981107916463, 0.2943582089667421, -0.6480738115395371, 0.5883607837895111, -0.6283390006253614, 1.3365109437997609, -0.42479016563091554, 0.49034644280301176, 0.12296659524957258, 0.2895016715220048, 0.26371198401370294, -0.5678403747822032, 0.7617888795714588, 0.37743072500569924, 0.07696664781617112, -0.05500817595335998, 2.085433626145068, 0.7265873689025772, 0.06014179043637127, -0.4119357439138989, -0.3695567929636566, 0.5647964631990567, -0.18542758360152534, -0.6860038146874021, -0.5344022111035808, -0.506381669892967, 0.12660082373717021, 1.563260526761527, -0.5710238299645684, -1.0951270171331844, -1.0497309722484094, -0.5872271809840818, 0.7115593739984453, 0.4061425315936951, -0.10787239937301243, -0.18493419997692798, -0.23437249247914616, 0.7125605658883875, 0.0487671868360182, 0.4502521899114802, 0.6422609047467785, 1.0160896141284101, -0.9412418843352179, 0.13564301946233873, -0.31071567116062027, 0.9901891092247923, 0.10000367598343572, -0.5793674708759571, 0.27500010343232323, 0.21849727178516962, -1.1252692640849218]
2311.1109903193037	(8, 12, 2)	[0.7080963425643455, -0.02891135996698986, -0.8830996735496731, -0.5864863347422019, -0.0017556930740492693, 0.07063254286975577, 0.7299293525449748, 0.1248396983393761, 0.9144299040400773, 0.6670855782488758, 0.13941379573385507, -0.29492048977548124, 0.41745567763113145, -0.8856824575355668, 0.7952641985922226, -1.0289051048370217, 0.3012689789805582, -0.3117127052731851, -0.6745800957868828, 0.07236652705194387, -0.17201843842565695, 1.0065000729039868, -0.497086003485823, 0.053246124016852664, 0.5923878571831096, 0.5565698368583938, 0.9890884518081912, -0.2226887330893525, -0.29646331050816693, 0.40852044602221416, 0.5835166440254385, -0.26563289702608145, 0.7277581998560315, 0.519086390636228, 0.49871325083767676, -1.1723428094121808, 0.9110811300798571, -0.31443395130127627, -0.4147811695070952, -0.8669652382965803, -0.12715491113553617, -0.8149064463938529, -0.3542686126070369, -0.6788212253923058, -0.7958375944760521, -0.7990038309852056, 0.6243671407759253, -0.15744113436385007, -0.756753757189972, 0.4030325342118916, 0.26313903045729087, 0.8604938223323432, -0.9126364781832145, -0.13351194483103712, 0.3400962899574901, -0.3760635619008317, 0.5571699100716181, -1.0646248316280176, 1.1993126495874098, -0.579522813594721, 0.8500847428161731, -0.24076933227057873, 0.8604084633051298, -1.2262256360840453, -0.7286224503428417, -0.030497331874976406, 0.44241496545427883, 0.36175122984822017, -0.362366891313561, 0.30488981107916463, 0.2943582089667421, -0.6480738115395371, 0.5883607837895111, -0.6283390006253614, 1.3365109437997609, -0.42479016563091554, 0.4200048308860801, 0.12296659524957258, 0.2895016715220048, 0.26371198401370294, -0.5678403747822032, 0.7617888795714588, 0.37743072500569924, 0.07696664781617112, -0.05500817595335998, 2.085433626145068, 0.7265873689025772, 0.06014179043637127, -0.4119357439138989, -0.3695567929636566, 0.5647964631990567, -0.18542758360152534, -0.6860038146874021, -0.5344022111035808, -0.7192382329614204, 0.12660082373717021, 1.563260526761527, -0.5710238299645684, -1.0951270171331844, -1.0497309722484094, -0.5872271809840818, 0.7115593739984453, 0.4061425315936951, -0.10787239937301243, -0.18493419997692798, -0.23437249247914616, 0.7125605658883875, 0.0487671868360182, 0.4502521899114802, 0.6422609047467785, 1.0160896141284101, -0.9412418843352179, 0.13564301946233873, -0.31071567116062027, 0.9901891092247923, 0.10000367598343572, -0.5453961680190214, 0.27500010343232323, 0.21849727178516962, -1.1252692640849218]
2731.3898996535972	(8, 12, 2)	[0.7261063462382591, -0.03644430289926871, -0.8459468592117877, -0.6085013850992287, 0.007461307936124219, -0.025277468423218652, 0.927783368771399, 0.13129592637689746, 0.863923394550994, 0.6620921770820538, 0.08127976972419639, -0.2983166775187325, 0.45802504476615474, -0.8811413501921108, 0.8082997959230347, -1.0228474458544063, -0.12120643101127071, -0.3110015472316498, -0.6605665561399445, 0.12288487852864925, -0.17179944387496907, 1.2187933815282697, -0.4955220770825003, 0.014463118356851382, 0.6089875325312679, 0.45082704173783467, 0.7238986380279905, -0.18313759626381027, -0.2705539756414396, 0.4024487276154579, 0.39146686339683434, -0.2872078688050015, 0.6034514432848812, 0.5370555264987856, 0.5063030119845943, -1.107445292347535, 0.8807049615485543, -0.3396606229897364, 0.2474358269382313, -0.861429709715582, -0.16435692266948687, -0.8148677327403068, -0.35055936533360704, -0.6821354260694683, -0.7282477922427631, -0.7993628825661437, 0.7986490265819401, -0.1582091886710328, -0.9664071591083783, 0.40294842721467056, 0.24102035800756796, 0.8538235066678347, -0.9591115860780512, -0.020559755562989918, 0.34376336621832626, -0.3871850947723132, 0.5660673175732199, -1.0603110208021866, 1.3225720812916115, -0.5712813592305329, 0.89955311477106, -0.23731570889254044, 0.877086778017489, -1.1038119740701302, -0.7198344688589166, -0.019261595615347384, 0.42988710893294224, 0.3596708343748233, -0.3635542028791638, 0.32718823333279057, 0.3114458600191658, -0.6387905842146581, 0.5923290066398477, -0.5689552567602838, 0.6791860934590017, -0.4640777026831256, 0.4776862793006968, 0.13229839954434824, 0.25031391016375887, 0.25223731035818814, -0.5382383984791154, 0.7599293045425888, 0.488423173661248, 0.07486790392002726, -0.14837430538552634, 1.9626310099222453, 0.7474178791488008, 0.1692600910471033, -0.4105546575161544, -0.3634585689169495, 0.5839450184092572, -0.1970149213282535, -0.6691931759801518, -0.5285524684339141, -0.5040531362650744, 0.13093525104980622, 1.488682813796022, -0.549425424859147, -1.0974996585713237, -1.0307470146118463, -0.5948014470039175, 0.7209484014844068, 0.4107172641762094, -0.10888586506543821, -0.1825309130568869, -0.23316926201791213, 0.7371252421043695, 0.05960878623095789, 0.4619384207407751, 0.6128230286396004, 1.5909259914334584, -1.0254381378867858, 0.1553316250456594, -0.1347942513128754, 0.9059322668324398, 0.14269971230485753, -0.5957391662010169, 0.27797574544453796, 0.251874566759951, -1.12063919271429]
2344.0921013957613	(8, 12, 2)	[0.7080963425643455, -0.02891135996698986, -0.8830996735496731, -0.5864863347422019, -0.0017556930740492693, 0.09999445559698253, 0.7299293525449748, 0.1248396983393761, 0.9144299040400773, 0.5609302790402791, 0.13941379573385507, -0.29492048977548124, 0.41745567763113145, -0.8856824575355668, 0.7952641985922226, -1.0289051048370217, 0.3012689789805582, -0.3117127052731851, -0.6745800957868828, 0.07236652705194387, -0.17201843842565695, 1.0065000729039868, -0.497086003485823, 0.053246124016852664, 0.5923878571831096, 0.5565698368583938, 0.9890884518081912, -0.2226887330893525, -0.29646331050816693, 0.40852044602221416, 0.5835166440254385, -0.26563289702608145, 0.7277581998560315, 0.519086390636228, 0.49871325083767676, -1.1723428094121808, 0.9110811300798571, -0.31443395130127627, -0.4147811695070952, -0.8669652382965803, -0.12715491113553617, -0.8149064463938529, -0.44988676994538057, -0.6788212253923058, -0.7958375944760521, -0.7990038309852056, 0.6243671407759253, -0.15744113436385007, -0.756753757189972, 0.4030325342118916, 0.3777143771209663, 0.8604938223323432, -0.9126364781832145, -0.13351194483103712, 0.29887128983295264, -0.3760635619008317, 0.5571699100716181, -1.0646248316280176, 1.1993126495874098, -0.579522813594721, 0.8500847428161731, -0.24076933227057873, 0.8604084633051298, -1.2262256360840453, -0.7286224503428417, -0.030497331874976406, 0.44241496545427883, 0.36175122984822017, -0.362366891313561, 0.30488981107916463, 0.2943582089667421, -0.6480738115395371, 0.5883607837895111, -0.6283390006253614, 1.3365109437997609, -0.42479016563091554, 0.4200048308860801, 0.12296659524957258, 0.2895016715220048, 0.26371198401370294, -0.5678403747822032, 0.7617888795714588, 0.37743072500569924, 0.0970587773517048, -0.05500817595335998, 2.085433626145068, 0.7265873689025772, 0.06014179043637127, -0.4119357439138989, -0.3695567929636566, 0.5647964631990567, -0.18542758360152534, -0.6873602239871823, -0.5344022111035808, -0.7192382329614204, 0.12660082373717021, 1.563260526761527, -0.5710238299645684, -1.0951270171331844, -1.0497309722484094, -0.5872271809840818, 0.7115593739984453, 0.4061425315936951, -0.10787239937301243, -0.18493419997692798, -0.23437249247914616, 0.7125605658883875, 0.0487671868360182, 0.4502521899114802, 0.6422609047467785, 1.0160896141284101, -0.9412418843352179, 0.13564301946233873, -0.16473623858926734, 0.9901891092247923, 0.10000367598343572, -0.5453961680190214, 0.27500010343232323, 0.21849727178516962, -1.1252692640849218]
3823.834851188151	(8, 12, 2)	[0.7267947361737371, -0.02482376441427469, -0.9026851667139388, -0.5784460387870458, 0.12856088808396438, -0.04000964325384915, 0.6389238257264775, 0.1496506919327713, 0.9772090642312268, 0.9754015592484113, 0.12207881882761766, -0.3034604239234356, 0.5268118602865254, -0.9018895852323453, 0.8039667612438991, -0.9619980249258193, -0.09913619257581188, -0.32878270508321095, -0.7341187788277679, 0.041030893613557065, -0.1918497762380365, 1.09276429072094, -0.504405629375295, 0.05254669112646505, 0.5726340804721793, 0.4361617076017219, 0.8697417319086936, -0.17859856890624748, -0.3182226191056521, 0.38180436416206437, 0.4375370453515022, -0.3998923897144166, 0.5082038715102731, 0.5302988694651937, 0.5109310936635353, -1.0870248152397093, 0.8905006644632009, -0.24687723724702432, -0.6723694405392344, -0.8051889824330137, 0.10459767241988221, -0.8115849099709447, -0.3615536043593825, -0.9421116709225841, -0.7875404843339117, -0.7641213906503543, 1.557174896586834, -0.1252695845803142, -0.9551465866273556, 0.3927056604854123, 0.26031095195270837, 0.8944212234715, -0.7397493746903159, 0.23348653522618382, 0.3037016923882824, -0.3247642488942268, 0.4387951792150135, -1.079469348719765, 1.1992723117649637, -0.5855256322527611, 0.8497971629090476, -0.4259651363663788, 0.869241711114032, -1.2260468327320797, -0.5809373265231337, -0.03160025939000847, 0.4503738468765445, 0.3866698372550188, -0.3852505150729494, 0.3293453806331387, 0.022610315846622597, -0.6529726284528122, 0.5845912270225146, -0.6393586068419654, 0.48398006941621685, -0.38901468425713265, 0.3726180255852476, 0.18805020011675735, 0.22522586413764922, 0.12328486406252602, -0.4966389579876711, 0.764293455313403, 0.46292132774592365, 0.07251756244929745, -0.016808140262671203, 1.781392445796538, 0.6817059353998578, 0.12272603597724538, -0.46001424870388014, -0.37203574376852944, 0.5621695795770203, -0.17647196992314468, -0.6857029167268751, -0.5662769762159553, -0.48799072469989246, 0.06870450952501171, 1.5298456489445351, -0.5986996679925477, -1.1020398537926246, -1.1161981849291884, -0.5862877040775132, 1.0205615132818817, 0.38994649698024075, -0.10922337084039924, -0.15890903965824976, -0.3197453351575964, 0.7146912047195555, -0.05435218620911568, 0.4564220791176448, 0.5986738483877656, 1.0173811077502968, -1.0232661259370164, 0.11268964586673799, -0.01910148314105331, 0.8486647997352623, 0.012376608273637651, -0.42573139712060903, 0.2681267160304318, 0.21684075736078293, -1.087261236865761]
2790.90978528202	(8, 12, 2)	[0.8989570407601737, -0.0238658977457037, -0.8762950836412575, -0.5726277200198935, 0.05696206928899529, 0.08387562726192682, 0.8288914009604521, 0.13430026353412788, 0.9284378838838536, 0.6630956541846944, 0.13815903266378757, -0.28905014835283765, 0.43983076544434396, -0.8771174628096635, 0.8015319668023548, -1.0343110720064588, 0.0073470431131853475, -0.3157268289614205, -0.6812770624679342, 0.09046472677138621, 0.07022599329057827, 1.0615862961033093, -0.5240737560265868, 0.023408263828991235, 0.5969845680925665, 0.5046747690343462, 0.9679092890814563, -0.1874116386585384, -0.5486100387002604, 0.4005970951976673, 0.4530511995076298, -0.37097839913964337, 0.6563692714665561, 0.5534973853776367, 0.5034051246207573, -1.130803207675395, 0.9010038461165719, -0.7999939219346988, -0.3735398341089637, -0.8680125590955862, 0.11127049382871156, -0.8154259634951524, -0.3784992368869659, -0.7398273798902519, -0.748361877214457, -0.533326691055005, 0.7405885607076542, -0.21283742369700426, -0.9336585538700451, 0.41821646804438456, 0.20130767623297638, 0.8234006197030487, -0.8651913098888395, -0.25950440369826433, 0.30617115265789885, -0.3617762953762236, 0.5649824591626792, -1.061706687408456, 0.9037465821909285, -0.5818625076430469, 0.8913407593383275, -0.34929379366570185, 0.8578659976033727, -1.204058868971094, -0.6201084736114713, -0.029894204589569852, 0.4734844497511256, 0.4073175804444606, -0.3928256729931875, 0.3753327669615491, 0.06745827710432961, -0.8246926206178121, 0.5915900938172269, -0.6102934681072861, 0.36937905240165714, -0.4127799720636941, 0.501471630839367, 0.10042966623281774, 0.2901183967635264, 0.26913939240547324, -0.5041418758728007, 0.7732820489535253, 0.3834351959447563, 0.07586077338438885, -0.11489107777681479, 1.9683616212721735, 0.7290712571197665, 0.1670119475188703, -0.4080547804907393, -0.3244936467652261, 0.55714075075287, -0.1843970193845905, -0.6955304019037498, -0.6628547698417041, -0.5090080416819721, 0.12825653634075193, 1.2207558879268268, -0.6087072334703431, -1.0473302514155771, -1.0533383201750879, -0.6458280511837227, 0.7459303852325677, 0.4023931276548201, -0.11549757438694865, -0.25293300816649733, -0.4209109767994418, 0.7126148343267512, 0.04400878924706423, 0.4354609163529777, 0.5892779449411035, 1.2104782615586167, -0.6088058106759356, 0.1494332337705584, -0.27767453640221695, 1.0470324205021513, 0.17777487584964707, -0.4682303493184461, 0.3482725390942002, 0.26473325031270134, -1.1203865955043957]
2711.4001934621942	(8, 12, 2)	[0.7267947361737371, -0.02482376441427469, -0.9026851667139388, -0.5784460387870458, 0.12856088808396438, -0.059785481059296555, 0.6440729549612124, 0.1496506919327713, 0.9772090642312268, 0.9754015592484113, 0.22351586314431407, -0.3034604239234356, 0.5268118602865254, -0.9018895852323453, 0.8039667612438991, -0.9619980249258193, -0.09913619257581188, -0.32878270508321095, -0.7341187788277679, 0.041030893613557065, -0.1918497762380365, 1.09276429072094, -0.504405629375295, 0.05254669112646505, 0.5726340804721793, 0.5385389759483361, 0.8697417319086936, -0.17859856890624748, -0.3182226191056521, 0.38180436416206437, 0.4375370453515022, -0.3998923897144166, 0.5082038715102731, 0.5302988694651937, 0.5109310936635353, -1.0870248152397093, 0.8905006644632009, -0.24687723724702432, -0.6723694405392344, -0.8051889824330137, 0.10459767241988221, -0.8115849099709447, -0.3615536043593825, -0.9421116709225841, -0.7875404843339117, -0.7641213906503543, 1.557174896586834, -0.1252695845803142, -0.9551465866273556, 0.3927056604854123, 0.3872872076263931, 0.8944212234715, -0.7397493746903159, 0.23348653522618382, 0.3037016923882824, -0.3247642488942268, 0.4387951792150135, -1.079469348719765, 1.1992723117649637, -0.5855256322527611, 0.8497971629090476, -0.4259651363663788, 0.869241711114032, -1.2260468327320797, -0.5809373265231337, -0.03160025939000847, 0.4503738468765445, 0.3866698372550188, -0.3852505150729494, 0.3293453806331387, 0.022610315846622597, -0.6529726284528122, 0.62867027089013, -0.6393586068419654, 0.48398006941621685, -0.38901468425713265, 0.3726180255852476, 0.18805020011675735, -0.033000610296065824, 0.12328486406252602, -0.4966389579876711, 0.764293455313403, 0.46292132774592365, 0.07251756244929745, -0.016808140262671203, 1.781392445796538, 0.6817059353998578, 0.12272603597724538, -0.46001424870388014, -0.37203574376852944, 0.5621695795770203, -0.17647196992314468, -0.6857029167268751, -0.5662769762159553, -0.48799072469989246, 0.06870450952501171, 1.5298456489445351, -0.5986996679925477, -1.1020398537926246, -1.1161981849291884, -0.5862877040775132, 1.0205615132818817, 0.38994649698024075, -0.10922337084039924, -0.15890903965824976, -0.3564721563926841, 0.7146912047195555, -0.05435218620911568, 0.4564220791176448, 0.5986738483877656, 0.8977751366608218, -1.0232661259370164, 0.11268964586673799, -0.01910148314105331, 0.8486647997352623, 0.012376608273637651, -0.42573139712060903, 0.2681267160304318, 0.21684075736078293, -1.087261236865761]
2411.6519648000863	(8, 12, 2)	[0.6947398885661948, 0.03623874762700412, -1.1148445630153896, -0.6364055779994865, 0.013977948027099833, -0.05346421693085364, 0.7316204912937302, 0.1412713163236875, 0.832444802570619, 0.779495286599315, 0.07524800969361342, -0.32272130912569535, 0.3839748762226121, -0.866021306178627, 0.8029426529894286, -1.0147240891280376, 0.3555946026926567, -0.3029446645703806, -0.7921530560025231, 0.07162646011782796, -0.15848439053585986, 0.9825116265906533, -0.507297914881432, 0.04306909664138725, 0.6876193053428257, 0.46596980848691716, 1.0404257214291628, -0.1938852576199955, -0.758330148667431, 0.3817714015990955, 0.4060391254360986, -0.44681635669956843, 0.6705639977076362, 0.3845592105024161, 0.4993152255559341, -1.1139150230800547, 0.8915693703094401, -0.34671777945491766, -0.462889216709173, -0.9534164106893037, -0.19470876836709958, -0.6173119704665548, -0.35226003949834983, -0.6638997510290894, -0.8620045103827463, -0.8112369931652256, 0.5995522584650211, 0.00862867421583497, -0.9536411298304401, 0.40279790131041016, 0.24106772975207244, 0.8237813692668255, -0.9377819328203971, -0.040584921021442566, 0.3270634930337817, -0.37746059735810367, 0.5100743924319581, -1.036949368359409, 1.2932295470190154, -0.47923345026015945, 0.9648269691224769, -0.2403875538680331, 0.8624741456879153, -1.0677668999378205, -0.6972279420622796, -0.045103802031810226, 0.4125322137024462, 0.36195631355429997, -0.37065289878599994, 0.11072188718854992, 0.01203651124614899, -0.6502302869914477, 0.5796997002777547, -0.5607930215600141, 1.2304795730520413, -0.45085920119624195, 0.481958790255735, 0.127040856656374, 0.3211270790306066, 0.3652445823174948, -0.45320516993469867, 0.7356977060281511, 0.37485789285923743, -0.016786638429395463, -0.07763881514881259, 2.0036205493422736, 0.7260101234334018, 0.01544448068031051, -0.4125539839618193, -0.30934593788439224, 0.6315043676908975, -0.18933877892352496, -0.6596141151379217, -0.5563919092611421, -0.45191898797419483, 0.32201323929055314, 1.5538628225528006, -0.6254643689760739, -1.1538611465245856, -1.0562455587920978, -0.48366600519747466, 0.6740040293165597, 0.42577933624063447, 0.17282694204449942, -0.16984584930469687, -0.21779786960335895, 0.7094208522687813, 0.0490138728110758, 0.44682118111875013, 0.5998078336020825, 1.2726567818530907, -0.9274485595793441, 0.14546568014383324, -0.18344272547311022, 1.1052585511395971, 0.09140136174432109, -0.5435628113125819, 0.2513926145058844, 0.2513932694738766, -1.0856005981925094]
2496.144144192691	(8, 12, 2)	[0.7076356406737678, -0.0406848553197428, -0.8879953326910262, -0.5910741230800935, -0.01709637707878217, -0.12855864735935008, 0.731853951321486, 0.12179601265578265, 0.9143080674210876, 0.6664873096089956, 0.07803939569184831, -0.2959803215339354, 0.4269207362442468, -0.8858044781605371, 0.780132719881289, -1.0303925848046316, 0.29087172043627346, -0.31653443873998016, -0.6745680886428154, 0.07092437709528338, -0.16198377820297402, 0.9885426928120954, -0.49717266728675824, 0.04322943171582771, 0.5948965823336346, 0.569497645754373, 0.9384657213285846, -0.23434310246195733, -0.25452345825790695, 0.4767157399930105, 0.5741169859795705, -0.3057159416700724, 0.7469186079299124, 0.4960503488628696, 0.4951497397210289, -1.1321764877682758, 0.911192038573474, -0.45604724908170036, -0.388065492899359, -0.5652284469156272, -0.09019489587918908, -0.8075139560099097, -0.3541033080169849, -0.5058738284863423, -0.8552083651643811, -0.7974351771760645, 0.7268155350305525, -0.16056590157981446, -0.9114657558406533, 0.41728287016023746, 0.2629418448353598, 0.8233916728574175, -0.6850343505733341, -0.09581890071686694, 0.3399448096368814, -0.37240504610385966, 0.5429783980790372, -1.0530643244878033, 1.252600765956034, -0.5465845466512553, 0.9353461579339588, -0.24157358915316685, 0.848984148304702, -1.2324238840184747, -0.7324277633969424, -0.04767569352990017, 0.44267366079295495, 0.36595400581436194, -0.3588405833484722, 0.25417716444689237, 0.2997901941794398, -0.6360973432824488, 0.5883444536192682, -0.6156339908907877, 1.3377674860647542, -0.4201043098305226, 0.47672143730895067, 0.11829819375426495, 0.2816292826687291, 0.2233035805824277, -0.5656443070236605, 0.782393714040903, 0.6218320500619063, 0.061421902773045975, -0.2642730315139241, 2.0126448661556187, 0.7266645493243741, 0.33449690499555185, -0.4091111891275151, -0.36572286221687894, 0.5761440734540845, -0.18397895774508646, -0.7431797066688556, -0.5176626396595193, -0.5476188047238579, 0.18296882898768152, 1.553189708209431, -0.5721745325057804, -0.9666285227218091, -1.0756062151867862, -0.585523597102741, 0.5381008209514844, 0.23167034505543627, -0.09330810133753485, -0.11436106467276873, -0.22728748394961698, 0.7126090052266284, 0.0468718332522057, 0.453008692341566, 0.5989648030221136, 0.9367308595049513, -0.9573285196973005, 0.00018982488455620422, -0.2048200051894296, 0.9586545486061331, 0.09926024360238932, -0.5784579761213575, 0.21960577688679667, 0.23939363693032426, -1.1169936687819169]
2625.4277052670914	(8, 12, 2)	[0.7334541339261926, -0.02330374656273026, -0.8999743028849898, -0.5823281882069904, 0.05877004201364576, -0.08232733095083344, 0.8626628747294999, 0.11977513299154861, 0.9219453341041745, 0.6848813699637225, 0.03611409586099021, -0.29729894190098033, 0.4968528810293637, -0.8953270357471685, 0.7718789590103559, -1.0200660724469315, 0.23646149108962272, -0.28922717568755657, -0.6735141033026895, 0.0839629506178754, -0.2224970308096004, 0.9930099320261798, -0.4912339101130633, 0.04515102088813798, 0.5863207979520831, 0.502518192023168, 0.939076384643854, -0.19108997241378126, -0.48088468608872204, 0.3798339151438381, 0.5209262027170336, -0.2885637610623737, -0.18237452223644657, 0.46618542923056117, 0.10365072513387963, -1.0309468080507, 0.8000334582054444, -0.44709115031451985, -0.45336351823411214, -0.6896355131295872, 0.09103328905018057, -0.8161934107209632, -0.3557416071522385, -0.5845998531692701, -0.7621929557575696, -0.7083323661205222, 0.717459840470154, -0.13905241822404277, -0.9237116995504463, 0.4237621549272457, 0.24994043668470195, 0.8175269012138214, -0.4632342352191009, -0.11284679722924794, 0.3295348977184706, -0.31211950441754854, 0.5461654193248456, -1.057835385152478, 1.128482992712784, -0.5757148921191881, 0.9655460488401226, -0.26205682265901215, 0.8323590735281785, -1.2220815558964921, -0.6918713435726923, 0.21001633050155177, 0.44261211918223625, 0.376427963293557, -0.3972411170303377, 0.2786277749578755, 0.043649697536892844, -0.6981344508234565, 0.5905944967615969, -0.6058811754264899, 1.1797552995950085, -0.40800318029879895, 0.4895727496577105, 0.144533447732478, 0.27823041826893424, 0.28091650931021694, -0.4965051181030468, 0.7879418870670168, 0.6074120523543574, 0.07473408080179023, -0.3879141559309481, 1.9425099608920893, 0.7267655792277642, 0.26037766514721933, -0.4084841182989854, -0.364797501296194, 0.5616374416522936, -0.19017896766085646, -0.7165602608537854, -0.6165044242143568, -0.5296453931813575, 0.1358574267362343, 1.6191471309739207, -0.575999394897671, -1.1354740577012796, -0.9439679001844195, -0.5799462776854482, 0.7799373118162648, 0.5672807025643244, -0.10670347419215107, 0.04701610971965811, -0.20511381934065298, 0.7141897696531829, 0.08019488340835247, 0.4575370226053804, 0.6344021148382849, 1.017006194472014, -0.655165429014444, 0.053734059905898066, -0.1947056466422411, 1.0702888368331804, 0.1308987880323855, -0.5555449183594653, 0.30804203209079595, 0.2419273208746604, -1.1197254166259838]
2543.903215455129	(8, 12, 2)	[0.6640596043858631, -0.025073883833786764, -0.8240540569717971, -0.6345139886614586, 0.027097553795790836, 0.13004525988701254, 0.7068068103487212, -0.031089952222288046, 0.9198994457943371, 0.8006718444708854, 0.08940950207169351, -0.2901592876493062, 0.360432290028633, -0.8945366168985692, 1.0409796002545657, -0.9832040307220155, 0.06483688787100324, -0.26877140253349563, -0.7326028056542682, 0.0840385411382176, -0.19490508377543153, 1.031621483972995, -0.6236374440531058, 0.05752287801155822, 0.5770950553732701, 0.4646561167200045, 0.8677496761789112, -0.17924307201121498, -0.3365537378173653, 0.37934045271410305, 0.45245104420103593, -0.41802667024353607, 0.5703003348089057, 0.45686837484843357, 0.5019499621344173, -1.0984361566722476, 0.8955792026488274, -0.2505624506973003, -0.7702396458759782, -0.7459177087107478, 0.06586729094536285, -0.814500847369857, -0.3607289049365636, -0.7275584774956237, -0.6612253620224275, -0.7666656259080281, 1.5375641031654335, -0.09228682958934364, -0.7428667588432303, 0.4025632589570109, 0.37774336221759375, 0.9584013467572357, -0.6411004422822026, 0.20533017126179348, 0.31920601169674956, -0.321394438376493, 0.502136180988703, -1.1072243447249293, 1.2327184510591864, -0.5750703667293333, 0.9549174971527213, -0.4033950798371738, 0.8335836846857416, -1.2256630862957374, -0.5851936874504928, -0.1732251152529189, 0.4449863681046348, 0.38789400094364607, -0.3963726095666368, 0.40577701688744944, 0.3207734796265734, -0.635306363560795, 1.1020741535007534, -0.6405394981669857, 0.8084967310666156, -0.4387640571191119, 0.45582628728787755, 0.21299881484262284, 0.6938145397657409, 0.10658137759196466, -0.4965608486523409, 0.7974044702181317, 0.5163961188803625, 0.07186227361300132, -0.06431981907848279, 1.9586268959670448, 0.7127237546855918, 0.24574817678245997, -0.4598511416728376, -0.3307466369222734, 0.7793862227164378, -0.18946113791253547, -0.6840590832637129, -0.5823910344776775, -0.47627502935310445, 0.061412845764986554, 1.587921022527814, -1.1973973825537996, -1.0755194240202168, -1.0880948872904614, -0.5006447480062634, 0.6548332351837198, 0.4063342057761951, -0.013854780122582205, -0.15920318829657806, -0.3055759222696036, 0.7181796156001511, 0.1333829848580558, 0.46224606702796883, 0.5778141001867648, 1.1539771121761202, -0.975249190647403, 0.13410029937118173, -0.03921438913341804, 0.866053618871974, 0.07588715477124448, -0.5238416380864067, 0.29984270551565695, 0.23280393659161797, -1.0695890452235828]
2779.8430841068543	(8, 12, 2)	[0.7267947361737371, -0.02482376441427469, -0.9564072518118437, -0.5784460387870458, -0.006217116074134582, -0.059785481059296555, 0.6440729549612124, 0.1496506919327713, 1.0032360783669882, 0.9754015592484113, 0.22351586314431407, -0.3034604239234356, 0.5809646414418221, -0.9018895852323453, 0.8039667612438991, -0.9619980249258193, -0.09913619257581188, -0.33832051072806124, -0.7341187788277679, 0.041030893613557065, -0.1918497762380365, 1.09276429072094, -0.44642862087683416, 0.05254669112646505, 0.5726340804721793, 0.5385389759483361, 0.8697417319086936, -0.17859856890624748, -0.3182226191056521, 0.38180436416206437, 0.4375370453515022, -0.3998923897144166, 0.5171611675468067, 0.5302988694651937, 0.5109310936635353, -0.8838884180640441, 0.8905006644632009, -0.24687723724702432, -0.6723694405392344, -0.8051889824330137, 0.026295231874346015, -0.7847979888561538, -0.3615536043593825, -0.9421116709225841, -0.7875404843339117, -0.7641213906503543, 1.0096555539044614, -0.1759545128480287, -0.9551465866273556, 0.3927056604854123, 0.578585102348375, 0.8944212234715, -0.7397493746903159, 0.23348653522618382, 0.20920347886218177, -0.3247642488942268, 0.4387951792150135, -1.079469348719765, 1.1992723117649637, -0.5855256322527611, 1.0477028583916552, -0.4213521577713684, 0.869241711114032, -1.2260468327320797, -0.5809373265231337, -0.03160025939000847, 0.5610568190549694, 0.3866698372550188, -0.3852505150729494, 0.3293453806331387, 0.022610315846622597, -0.6529726284528122, 0.62867027089013, -0.6393586068419654, 0.48398006941621685, -0.38901468425713265, 0.3726180255852476, 0.18805020011675735, -0.32441639083697954, 0.12328486406252602, -0.4966389579876711, 0.764293455313403, 0.46292132774592365, 0.07251756244929745, -0.016808140262671203, 1.781392445796538, 0.6685258355767915, 0.12272603597724538, -0.46001424870388014, -0.39362688404722795, 0.5351557689577018, -0.17647196992314468, -0.6646568047267734, -0.5662769762159553, -0.48799072469989246, 0.06870450952501171, 1.5298456489445351, -0.5986996679925477, -1.1020398537926246, -1.1161981849291884, -0.49456644710625564, 1.0205615132818817, 0.38994649698024075, -0.10922337084039924, -0.15890903965824976, -0.3564721563926841, 0.7146912047195555, -0.05435218620911568, 0.5603569380775554, 0.5986738483877656, 0.8977751366608218, -1.0232661259370164, 0.11268964586673799, -0.01910148314105331, 0.8486647997352623, 0.012376608273637651, -0.42573139712060903, 0.2681267160304318, 0.15507008768911734, -1.087261236865761]
3188.6731370197085	(8, 12, 2)	[0.7267947361737371, -0.02482376441427469, -0.9564072518118437, -0.5730502395108303, -0.006217116074134582, -0.059785481059296555, 0.6440729549612124, 0.1496506919327713, 1.0032360783669882, 0.9754015592484113, 0.22351586314431407, -0.3034604239234356, 0.5809646414418221, -0.9018895852323453, 0.8039667612438991, -0.9619980249258193, -0.09913619257581188, -0.33832051072806124, -0.7341187788277679, 0.041030893613557065, -0.1918497762380365, 1.09276429072094, -0.44642862087683416, 0.05254669112646505, 0.5726340804721793, 0.5385389759483361, 0.8697417319086936, -0.17859856890624748, -0.3182226191056521, 0.38180436416206437, 0.4375370453515022, -0.3998923897144166, 0.5171611675468067, 0.5302988694651937, 0.5109310936635353, -0.8838884180640441, 0.8905006644632009, -0.24687723724702432, -0.6723694405392344, -0.8051889824330137, 0.026295231874346015, -0.7847979888561538, -0.3615536043593825, -0.9421116709225841, -0.7875404843339117, -0.7641213906503543, 1.0096555539044614, -0.1759545128480287, -0.9551465866273556, 0.3927056604854123, 0.578585102348375, 0.8944212234715, -0.7397493746903159, 0.23348653522618382, 0.20920347886218177, -0.3247642488942268, 0.4387951792150135, -1.079469348719765, 1.1992723117649637, -0.5855256322527611, 1.0477028583916552, -0.4213521577713684, 0.869241711114032, -1.2260468327320797, -0.5809373265231337, -0.03160025939000847, 0.5610568190549694, 0.4077591196325341, -0.4374646361359005, 0.3293453806331387, 0.022610315846622597, -0.6529726284528122, 0.62867027089013, -0.6393586068419654, 0.48398006941621685, -0.38901468425713265, 0.3726180255852476, 0.18805020011675735, -0.32441639083697954, 0.12328486406252602, -0.4966389579876711, 0.764293455313403, 0.46292132774592365, 0.07251756244929745, -0.016808140262671203, 1.781392445796538, 0.6685258355767915, 0.12272603597724538, -0.46001424870388014, -0.39362688404722795, 0.5351557689577018, -0.17647196992314468, -0.6646568047267734, -0.5662769762159553, -0.48799072469989246, 0.06870450952501171, 1.5298456489445351, -0.5986996679925477, -1.1020398537926246, -1.1161981849291884, -0.49456644710625564, 1.0205615132818817, 0.38994649698024075, -0.09976444103507247, -0.15890903965824976, -0.3564721563926841, 0.7146912047195555, -0.05435218620911568, 0.5603569380775554, 0.5986738483877656, 0.8977751366608218, -1.0232661259370164, 0.11268964586673799, -0.01910148314105331, 0.8486647997352623, 0.012376608273637651, -0.42573139712060903, 0.2681267160304318, 0.15507008768911734, -1.087261236865761]
2508.121471409924	(8, 12, 2)	[0.7065746642128041, -0.024619276974287375, -0.8904956920377594, -0.5820728736797808, 0.0024898056229268398, 0.030210783441022074, 0.733883891607805, 0.15359796150777685, 0.9435688335720355, 0.9401631895760774, 0.07428173232387156, -0.36930945433481177, 0.5273010872025434, -0.8887518919085728, 0.8077750069236463, -0.956983190687769, 0.35947285835285225, -0.3116213634377028, -0.6804270428530064, 0.14398690349724386, -0.19533571570095118, 0.9873102054595071, -0.5088470308242693, 0.05194362009744709, 0.6021929626534172, 0.5048539682953502, 0.8904007763648537, -0.3971988801916517, -0.4355714822326812, 0.38005870444942824, 0.5374716644708624, -0.3431140576510523, 0.6281079719048572, 0.9271617420430431, 0.427515310038625, -1.1124095259844087, 1.0368975501271693, -0.24700692687618295, -0.4297202107881871, -0.8188751845739995, 0.10822477483536462, -0.8135115758895514, -0.35622319081587295, -0.5686742482818834, -0.7699808174312581, -0.742763789910526, 1.0774541186263173, -0.1578846141627346, -1.038558794997533, 0.41553546154998444, 0.3050960856631771, 0.9010523376323277, -0.7552123644106582, -0.06227299333907582, 0.2709903005034116, -0.31241523474756644, 0.5646089439709119, -1.0529330459503965, 1.2133938793495038, -0.5310271954170004, 1.028683120333041, -0.47165842918073664, 0.8877316425412398, -1.4282441814114297, -0.6456459342814528, -0.022588450718060867, 0.41647028991178625, 0.37409260976080344, -0.38207856349447566, 0.2159790046058801, 0.0406665988760343, -0.6495664311311177, 0.5524271569668229, -0.6654496829205164, 0.7570989142060963, -0.41587838645057074, 0.44325512754553964, 0.2191942887583752, -0.042154255178800934, 0.1933270189150367, -0.734225357971373, 0.7986758137655191, 0.44142851456973975, 0.012629186211882804, -0.33771529674790646, 1.8541701953372602, 0.6214936619860446, 0.06972530595587174, -0.40731405459731607, -0.33507518813086656, 0.5547359499774035, -0.18405719173207158, -0.7226713244557427, -0.6871358893796686, -0.4919093724277579, 0.3037326213658633, 1.5744761604747524, -0.7817075496149916, -1.1755662968615286, -1.1165851186098714, -0.47799486209952646, 0.9837930985295367, 0.4312769662463858, -0.009917735179074655, -0.09114668557330369, -0.19804333474497218, 0.7133608846855153, 0.044800087051553555, 0.4248502656938955, 0.693119921539882, 1.0471933667680438, -0.8706869382177, 0.10376735502455607, -0.2334924214744032, 0.920834755257292, 0.09968251728735766, -0.44622727495566283, 0.25987359031280993, 0.18890054710581716, -1.0738141478804877]
2308.441145033011	(8, 12, 2)	[0.7267947361737371, -0.02482376441427469, -0.9564072518118437, -0.5784460387870458, -0.006217116074134582, -0.027341950257408064, 0.6440729549612124, 0.1496506919327713, 1.0032360783669882, 0.9754015592484113, 0.22351586314431407, -0.3034604239234356, 0.5809646414418221, -0.9018895852323453, 0.8039667612438991, -0.9619980249258193, -0.17548041567093528, -0.33832051072806124, -0.9560168482791733, 0.041030893613557065, -0.1967855732459437, 1.09276429072094, -0.44642862087683416, 0.05254669112646505, 0.5726340804721793, 0.5385389759483361, 0.8697417319086936, -0.17859856890624748, -0.3182226191056521, 0.38180436416206437, 0.4375370453515022, -0.22641050528680084, 0.6070083340217263, 0.5302988694651937, 0.5109310936635353, -0.8838884180640441, 0.8905006644632009, -0.24687723724702432, -0.6723694405392344, -0.6934941584606337, 0.026295231874346015, -0.7847979888561538, -0.3615536043593825, -0.8885130319946198, -0.7875404843339117, -0.7641213906503543, 1.0096555539044614, -0.1759545128480287, -0.9551465866273556, 0.3927056604854123, 0.578585102348375, 0.8944212234715, -0.7397493746903159, 0.23348653522618382, 0.20920347886218177, -0.3247642488942268, 0.4387951792150135, -1.079469348719765, 1.1992723117649637, -0.5855256322527611, 1.0477028583916552, -0.4213521577713684, 0.869241711114032, -1.2827410061135245, -0.5809373265231337, -0.03160025939000847, 0.5610568190549694, 0.3866698372550188, -0.3852505150729494, 0.3293453806331387, 0.022610315846622597, -0.5194114966042499, 0.62867027089013, -0.6393586068419654, 0.48398006941621685, -0.38901468425713265, 0.3726180255852476, 0.18805020011675735, -0.32441639083697954, 0.12328486406252602, 0.008088807181302449, 0.764293455313403, 0.46292132774592365, 0.07251756244929745, -0.0629515242027635, 1.781392445796538, 0.6685258355767915, 0.12272603597724538, -0.46001424870388014, -0.39362688404722795, 0.5351557689577018, -0.17647196992314468, -0.6646568047267734, -0.5662769762159553, -0.48799072469989246, 0.06870450952501171, 1.5298456489445351, -0.5986996679925477, -1.1020398537926246, -1.1161981849291884, -0.49456644710625564, 1.0205615132818817, 0.38994649698024075, -0.10922337084039924, -0.15890903965824976, -0.3424445960311102, 0.7146912047195555, -0.2356296251771769, 0.5603569380775554, 0.5986738483877656, 0.8977751366608218, -1.0232661259370164, 0.11268964586673799, -0.01910148314105331, 0.8486647997352623, 0.012376608273637651, -0.42573139712060903, 0.2681267160304318, 0.15507008768911734, -1.087261236865761]
2346.152465835934	(8, 12, 2)	[0.7267947361737371, -0.02482376441427469, -1.0167877597448638, -0.5730502395108303, -0.006217116074134582, -0.059785481059296555, 0.6440729549612124, 0.1496506919327713, 1.0032360783669882, 0.9754015592484113, 0.22351586314431407, -0.3034604239234356, 0.5894179354322723, -0.9018895852323453, 0.8039667612438991, -0.9619980249258193, -0.07917282821032712, -0.3479192354879752, -0.7341187788277679, 0.041030893613557065, -0.1918497762380365, 1.09276429072094, -0.44642862087683416, 0.039150147797145235, 0.5726340804721793, 0.5385389759483361, 0.8697417319086936, -0.17859856890624748, -0.3416784782964074, 0.38180436416206437, 0.4375370453515022, -0.33445113915144087, 0.5223896781024431, 0.5302988694651937, 0.5162543087753951, -0.8838884180640441, 0.8905006644632009, -0.24687723724702432, -0.7484390815144992, -0.8051889824330137, 0.026295231874346015, -0.7847979888561538, -0.3615536043593825, -0.9560543652989312, -0.7875404843339117, -0.7641213906503543, 0.9645697524209756, -0.1759545128480287, -0.9551465866273556, 0.3927056604854123, 0.578585102348375, 0.9441268516947252, -0.7397493746903159, 0.23348653522618382, 0.20920347886218177, -0.24913652472353762, 0.45846036596923473, -1.079469348719765, 1.1992723117649637, -0.5855256322527611, 0.9919344324172262, -0.4213521577713684, 0.869241711114032, -1.2260468327320797, -0.5809373265231337, -0.03160025939000847, 0.5610568190549694, 0.4077591196325341, -0.4374646361359005, 0.3293453806331387, 0.022610315846622597, -0.6529726284528122, 0.62867027089013, -0.6393586068419654, 0.48398006941621685, -0.38901468425713265, 0.37517157579552846, 0.18805020011675735, -0.32441639083697954, 0.22660121970156583, -0.5093053379942369, 0.764293455313403, 0.46292132774592365, 0.07251756244929745, -0.016808140262671203, 1.781392445796538, 0.6685258355767915, 0.12272603597724538, -0.46001424870388014, -0.39362688404722795, 0.5351557689577018, -0.17647196992314468, -0.6646568047267734, -0.5662769762159553, -0.48799072469989246, 0.06870450952501171, 1.5298456489445351, -0.5986996679925477, -1.1020398537926246, -1.1161981849291884, -0.4905071836001464, 1.0309448346855388, 0.38994649698024075, -0.19392834567571002, -0.15890903965824976, -0.3564721563926841, 0.7146912047195555, -0.11815156102291091, 0.5603569380775554, 0.5887967579106185, 0.8977751366608218, -1.0232661259370164, 0.11268964586673799, -0.01910148314105331, 0.6474720991594198, 0.012376608273637651, -0.42573139712060903, 0.2681267160304318, 0.15507008768911734, -1.0446449020057733]
2824.2382999281012	(8, 12, 2)	[0.6315111977661776, -0.02452169228546635, -0.9258242257415801, -0.6066090557287627, 0.6364092079430372, 0.06100270343167555, 0.6752694589584863, 0.13706268761220525, 0.8331642822242722, 0.7486906355746198, 0.1226524278172222, -0.3139089991279694, 0.4504749024215739, -0.8789745989832185, 0.9748666876225524, -0.9628587171658276, 0.003911924086205356, -0.22537372659159638, -0.5967912011260752, 0.17921278798794227, -0.23265288857100083, 1.0283526159895158, -0.541466725361446, 0.04749587453409441, 0.5561593872139322, 0.41427957104771085, 0.8908069506273504, -0.3176676104927322, -0.35750630199664024, 0.31694649065232333, 0.4811176445216784, -0.39371240943392866, 0.43567727140610957, 0.4518668373549549, 0.1734117851718627, -1.091530342303836, 1.3799537213611341, -0.22245568669612412, -0.687831325802535, -0.7110793050823662, 0.0010279471401466733, -0.7812824170172523, -0.371056891297528, -0.9189021591248191, -0.7000455409598955, -0.8716975265257638, 1.136084218177752, -0.11394346931838326, -0.6677924061712186, 0.7875686400449977, 0.23184812774252153, 0.8976231897697159, -0.7176495944755004, 0.23278631962430696, 0.41660405830206904, -0.3221107435716501, 0.5249765867128652, -1.085522672750191, 1.1943406110631354, -0.5770641317341492, 0.9356151489253276, -0.37443905455791937, 0.8025682170153569, -1.202958716117952, -0.3993109004085242, -0.11144422030587957, 0.4336669602189465, 0.38155865348551277, -0.42822274859879034, 0.284787418181233, 0.25211621898214187, -0.6413294459812344, 0.8985690248773797, -0.5962094858654833, 1.161462867771632, -0.42608700687079976, 0.4736245312402319, 0.1612772085738446, 0.6847895596047342, 0.09415730866448663, -0.3318050043254964, 0.8096142222608168, 0.5183419874285607, -0.023205476705123722, -0.23269260817811707, 1.9518630105713024, 1.4162123254142853, 0.24186877799653775, -0.42824669149513045, -0.35365941271060813, 0.7100309503712918, -0.1886763353603075, -0.6950698743810264, -0.5789289994985193, -0.49366093415464546, 0.18732698753011612, 1.627692502316987, -0.7088228161103562, -1.1135233376617053, -1.1020703674313692, -0.5727751068295603, 0.662967893577854, 0.6881099757561935, -0.03361151467912854, -0.2640885142132715, -0.07066360261001337, 0.7149657616209998, 0.1297252834132784, 0.5113101726335543, 0.5820861676344027, 1.1433397341742775, -0.8988865954272954, 0.1010024508159941, -0.24916845105501967, 1.0675488355031217, 0.1911630540199662, -0.5754696400182435, 0.37199818262335166, 0.1545327618124026, -1.0878343023122128]
2687.0998372450804	(8, 12, 2)	[0.6512803883900226, -0.008882859884662787, -1.0187291157855285, -0.572743725492304, -0.0042262070232491275, -0.0585504024764604, 0.521308043582787, 0.14969701702955088, 0.8394377502442619, 0.9738905605208887, 0.17788282448711049, -0.424633109331684, 0.5798415383172392, -0.9009882353099933, 0.8193029414126441, -0.9740942647473815, -0.23504683343098684, -0.3460921169284672, -0.7632916853794665, 0.043500447712376586, -0.19477654483172507, 1.0563932452140958, -0.44251495534206525, 0.04646387143920943, 0.58002239810841, 0.5308318641196155, 0.8696740198953404, -0.193667822987439, -0.3032915851508905, 0.3810927916050852, 0.43757944571119084, -0.22886319205489353, 0.5259876483502055, 0.5930026351084142, 0.5241145652175092, -0.9848503174298898, 0.908595727925094, -0.24717029165320165, -0.6757795468416739, -0.6429191120713527, 0.02377783465759152, -0.8937382988901061, -0.2909573313585985, -0.9311831765681242, -0.7866358812978881, -0.7884855895683066, 1.0272732038132626, -0.17599850444705367, -0.9628400697628815, 0.41408839871573166, 0.5796421306952101, 0.9202094033919259, -0.7400765698300165, 0.1727124113331952, 0.20983543681443687, -0.33091937382011655, 0.4389574848840064, -1.1139357660660596, 1.1977268429297814, -0.5886348108439, 1.0017839713495142, -0.2674497789149906, 0.8702916469360971, -1.2861097023351842, -0.5901072563118378, -0.027339645126745797, 0.5715870860674156, 0.4115403316143682, -0.7395683287125198, 0.3210173098352405, 0.01951138246709102, -0.5233182174945981, 0.6283248994910087, -0.6467207203368427, 0.4788149964178502, -0.4045941707762557, 0.3742473961503766, 0.22074825295640957, -0.17559424716100233, 0.16300894911224745, -0.16936961518303123, 0.7649783285784784, 0.468632394281732, 0.0724822294717437, -0.01033385355371641, 1.788563960657441, 0.6493020099183245, 0.12700693850485098, -0.46133415538931277, -0.3875376388185875, 0.5488590858352297, -0.17704507633734068, -0.6647230234459518, -0.568270173642454, -0.6646890872346125, 0.07014549282455268, 1.5285487848921813, -0.6041409733697123, -1.1205847979870271, -1.1182544228808298, -0.490613190849724, 1.0314020277276075, 0.3830845464560426, -0.12887542917343198, -0.16017684602231846, -0.35021584601318684, 0.7147072175483493, -0.11597974839783456, 0.5602551383351045, 0.5715781147854404, 0.84686687716564, -1.01988812943254, 0.14689669106618294, -0.03043126403577239, 0.9285830213401384, 0.011082664205704395, -0.44408797969005886, 0.2668872771540762, 0.1554007136561483, -1.1095379334602355]
2784.708211891198	(8, 12, 2)	[0.7056180313027435, 0.018333511645495775, -0.9936887872755418, -0.5729839400405322, 0.030753038044291428, -0.03869441317493862, 0.6189553956217091, 0.15175424991662634, 0.8566739180354577, 0.9707586016380817, 0.20756066189747788, -0.35282373028396535, 0.58619654910016, -0.896059804434556, 0.813014019956765, -0.9650078104402409, -0.25265909071591164, -0.35441268197177633, -0.774526771750479, 0.043263190471691665, -0.1965199566615164, 1.0584020463426562, -0.44222686801931194, 0.04780789120266048, 0.577463494597148, 0.5313344508266352, 0.8712065875522671, -0.20215010663959979, -0.31512163377869673, 0.37824335653857316, 0.46488283996053104, -0.6308238313025591, 0.5115721385392089, 0.589693926457151, 0.5240955642255326, -0.994672660039693, 0.8764902345918637, -0.2469850259706296, -0.6650184284987088, -0.6600751143268497, 0.11853671640086019, -0.8524923411320439, -0.35491018495589727, -0.9404931821075254, -0.7865984134575416, -0.7876655334051905, 1.021172028968942, -0.1761554364438068, -0.9555477655878464, 0.4098430772986281, 0.580118040743461, 0.9077589211854244, -0.7696919660152916, 0.2712984508835197, 0.13623375085682238, -0.32433683546722664, 0.3992093255571088, -1.089495880869343, 1.2023800758885124, -0.5896123582392016, 1.0093261029237972, -0.4454714089695855, 0.870210836986199, -1.2855942512917404, -0.5885823397587125, -0.032215566229194505, 0.5543477944368237, 0.37823112687427757, -0.6258260633669819, 0.32381133563944137, 0.020972611510857105, -0.5093107418395769, 0.6296136845621791, -0.6554184823145847, 0.4520659257156193, -0.3852555766085945, 0.34522762456474054, 0.2010605965785863, -0.25043477292227534, 0.14445164941607844, -0.07199531700433776, 0.7704373843694187, 0.4682183314858037, 0.07268547084369967, -0.007250458998637794, 1.7920391579314177, 0.6382779191210113, 0.05418121970792625, -0.46752957210121476, -0.3796446620308268, 0.5443295574031974, -0.1770314005722152, -0.6873789226110869, -0.560653410238071, -0.6327185923814055, 0.08375328030085825, 1.5280514793935982, -0.6165328418142881, -1.1029537998955627, -1.118471048824094, -0.4908421323430971, 1.02940435622145, 0.4147943901310748, -0.12475920365020489, -0.15670061715277664, -0.3419374108163519, 0.7147890283938505, -0.2869980961062443, 0.5672390102713499, 0.55150764495149, 1.034239653347407, -1.0888871921500065, 0.12308446584983883, -0.03566438348349257, 0.9434419695937827, 0.005845742399156176, -0.43363746754779847, 0.26774775990245386, 0.1576665529169417, -1.0905101539789794]
3032.604664481853	(8, 12, 2)	[0.7134664186828952, -0.05310045479819567, -0.95033464277169, -0.5738330455759418, -0.07214052022217228, -0.02525775225327452, 0.661874829612404, 0.14369463867458207, 1.0383462649859334, 0.9519104390271536, 0.22436526861389733, -0.30344715390096694, 0.3486342691905271, -0.9684899155624959, 0.8239278815879848, -0.963478401671458, 0.010437342397037523, -0.31753746694891927, -0.6136094654921316, 0.05532120940944697, -0.23054099579477347, 1.0769466191109522, -0.5228011407875861, 0.04762529982126265, 0.6424112115670317, 0.4680548442139967, 0.8712753343178631, -0.3516567741341169, -0.30889166420460157, 0.3560427823034717, 0.46904252928455853, -0.25731740707249084, 0.6962750465898768, 0.4349753774337984, 0.16968171994099368, -0.9869234865118731, 1.1875198844780186, -0.1657828862718253, -0.607942362348397, -0.7186607805304651, 0.003789694083721651, -0.8294748043541764, -0.36843445219566584, -0.8732076938178853, -0.7893899993701634, -0.8786137292671177, 1.1066203300535986, -0.1116410921745626, -0.8667935319775435, 0.35445850476146107, 0.5697828890990704, 0.8944920388562418, -0.6413963676627829, 0.21191515802953134, 0.3345681592663519, -0.3229745663226291, 0.5427465208313743, -1.0803481344813806, 1.2066855082026908, -0.5769324292777779, 1.0355451517276046, -0.3696216385816741, 0.8479984549388175, -1.201087730452059, -0.6988082437653937, -0.0561724546167386, 0.47613843927179, 0.37895006385166974, -0.43227728205607924, 0.5052636551327008, -0.07289227902053863, -0.6300699773526809, 0.9186210809052517, -0.5889622328203141, 1.0885828702893168, -0.4011932706859553, 0.4291939394622522, 0.204073558331262, 0.3273503593598196, 0.10537992200388561, -0.4330838525728002, 0.8137257301646612, 0.5184719950805177, 0.07248975008790427, -0.21685114892791207, 1.8691397964281768, 1.2537276610059231, 0.17511297723913682, -0.43141346588015317, -0.34344562018940666, 0.6966615654391437, -0.18344696318124537, -0.5922606403545743, -0.5838254173352777, -0.4906190566539994, 0.18199075017049743, 1.549459285417876, -0.7140322135585495, -1.1042886851050988, -1.0983295601536591, -0.578876427261845, 0.9856587938134704, 0.4392760773011838, -0.07937487277478188, -0.2736787671657063, -0.2129397582205689, 0.7151158866539707, 0.14309200040614778, 0.4633122448956694, 0.5871620548586971, 1.160994374263604, -1.0016121848190473, 0.17058715876937475, -0.019264947689915712, 0.9381252398134164, 0.017656022993599727, -0.5948537553121875, 0.30919129066832707, 0.15350775484647744, -1.1203023996855497]
2246.5691138618654	(8, 12, 2)	[0.6620017106575224, -0.00867966824229439, -1.051914453259864, -0.6212855008539575, -0.015038896591915027, -0.177208881369769, 0.6220086504914164, 0.12749906229742627, 0.8255733739525432, 0.7622321769523549, 0.15441812832731835, -0.3249228021956398, 0.6131078632318157, -0.9447165216081803, 0.8246422324296234, -0.9768043871579511, -0.20565124765500917, -0.3184314913925445, -0.9061876942483984, 0.03746343711015344, -0.20931943226775795, 1.1496337681783464, -0.4378029603250748, 0.0458656068253545, 0.5783505058358012, 0.49490816182627817, 0.9280336517869429, -0.29688061887051026, -0.3146407492085843, 0.30474611799321605, 0.4411186080677167, -0.2565458836235455, 0.35501081687937425, 0.5799173742600885, 0.5002232369529219, -0.8768426585811513, 0.8861069550346788, -0.3289866789652209, -0.6861339596645744, -0.6391884774365373, -0.1549913448221525, -0.8058736902967778, -0.3338066073928118, -0.9118178577878201, -0.782936249978647, -0.767061823028672, 1.0306171173635705, -0.1901899866179476, -0.9678169015649418, 0.5297172032593896, 0.37053237584696963, 0.9216747441125881, -0.6055192286112013, 0.1801313013094901, 0.193562782048623, -0.3271477049671042, 0.47663355872393154, -1.0597547897239208, 0.4854157347668988, -0.5844635019323606, 0.9440438274093584, -0.08778773949382412, 0.8392291371016471, -1.2201574454773794, -1.0515187656140976, -0.03255643411465895, 0.5638317740125494, 0.32799860984082585, -0.6559521717676904, 0.3106412634238186, 0.00789481361422199, -0.5383918867351692, 0.6493456113436362, -0.7102504345438082, 0.5210928050365558, -0.4678840633811306, 0.376707376394462, 0.18426375860817387, 0.642917709042235, 0.14728830470004753, -0.1781075566739774, 0.8214389348125495, 0.017007811421520858, 0.09316669731799707, 0.011230351144214723, 1.927528248565295, 0.6886309346703269, 0.13410880374040676, -0.4500263951653922, -0.3941928134677707, 0.5559948075463348, -0.17584653789192606, -0.6683273870049818, -0.5651841986172075, -0.49453017845707614, 0.2017705101758479, 1.424497252400275, -0.6177719357707262, -1.1054508457443355, -1.1120147805653628, -0.4936825415871341, 1.027251325416952, 0.40711348008825815, -0.01433751518087708, -0.1550622050122606, -0.3485957748000594, 0.43518870401377885, -0.06326891877482499, 0.4838619045937811, 0.5826482053015688, 0.9749475630059865, -1.0354163223712378, 0.13342084934256654, 0.035433773396695956, 0.9526466225911495, 0.11128891370673247, -0.43999996325805757, 0.30248170056587254, 0.1881809969342074, -1.104729532309916]
3337.019595399581	(8, 12, 2)	[0.6620017106575224, -0.00867966824229439, -1.051914453259864, -0.6212855008539575, -0.015038896591915027, -0.177208881369769, 0.6220086504914164, 0.12749906229742627, 0.8255733739525432, 0.7741488123744921, 0.15441812832731835, -0.3249228021956398, 0.6131078632318157, -0.9447165216081803, 0.8246422324296234, -0.9768043871579511, -0.2364325504174369, -0.3184314913925445, -0.9061876942483984, 0.03746343711015344, -0.20931943226775795, 1.1496337681783464, -0.4470300888311735, 0.0458656068253545, 0.5783505058358012, 0.49490816182627817, 0.9280336517869429, -0.29688061887051026, -0.3146407492085843, 0.30474611799321605, 0.4411186080677167, -0.2565458836235455, 0.35501081687937425, 0.5799173742600885, 0.5002232369529219, -0.8768426585811513, 0.8168378024746654, -0.3289866789652209, -0.6861339596645744, -0.6391884774365373, -0.1549913448221525, -0.8058736902967778, -0.3338066073928118, -0.9118178577878201, -0.782936249978647, -0.767061823028672, 1.0306171173635705, -0.1901899866179476, -0.9678169015649418, 0.5297172032593896, 0.37053237584696963, 0.9216747441125881, -0.6055192286112013, 0.1801313013094901, 0.193562782048623, -0.3271477049671042, 0.47663355872393154, -1.0597547897239208, 0.4854157347668988, -0.5844635019323606, 0.9440438274093584, -0.08778773949382412, 0.8392291371016471, -1.2201574454773794, -1.0515187656140976, -0.03255643411465895, 0.5638317740125494, 0.32799860984082585, -0.6559521717676904, 0.3106412634238186, 0.00789481361422199, -0.5383918867351692, 0.6493456113436362, -0.7102504345438082, 0.5210928050365558, -0.4678840633811306, 0.376707376394462, 0.18426375860817387, 0.6827347446785765, 0.14728830470004753, -0.1781075566739774, 0.8214389348125495, 0.017007811421520858, 0.09316669731799707, 0.011230351144214723, 1.927528248565295, 0.6886309346703269, 0.13410880374040676, -0.4368398810735162, -0.3941928134677707, 0.5559948075463348, -0.17584653789192606, -0.6683273870049818, -0.5651841986172075, -0.49453017845707614, 0.2017705101758479, 1.424497252400275, -0.6177719357707262, -1.1054508457443355, -1.1120147805653628, -0.4936825415871341, 1.027251325416952, 0.4339541601033504, -0.01433751518087708, -0.1550622050122606, -0.3485957748000594, 0.43518870401377885, -0.06326891877482499, 0.4838619045937811, 0.5826482053015688, 0.9749475630059865, -1.0354163223712378, -0.08772673365831535, 0.035433773396695956, 0.9526466225911495, 0.13049914988260902, -0.43999996325805757, 0.30248170056587254, 0.1881809969342074, -1.104729532309916]
2987.369478733584	(8, 12, 2)	[0.7056180313027435, 0.018333511645495775, -0.9936887872755418, -0.5729839400405322, 0.030753038044291428, -0.03869441317493862, 0.6189553956217091, 0.15175424991662634, 0.792072892449781, 0.9707586016380817, 0.20756066189747788, -0.35282373028396535, 0.58619654910016, -0.896059804434556, 0.813014019956765, -0.797043844731686, -0.25265909071591164, -0.35441268197177633, -0.7651015558272047, 0.043263190471691665, -0.1965199566615164, 1.0584020463426562, -0.44222686801931194, 0.04780789120266048, 0.577463494597148, 0.5313344508266352, 0.8712065875522671, -0.20215010663959979, -0.31512163377869673, 0.37824335653857316, 0.46488283996053104, -0.6308238313025591, 0.5115721385392089, 0.619228754711317, 0.5240955642255326, -0.994672660039693, 0.720759750541734, -0.2469850259706296, -0.6650184284987088, -0.6600751143268497, 0.11853671640086019, -0.8524923411320439, -0.35491018495589727, -0.9404931821075254, -0.7627285349501378, -0.9452283296272717, 1.071403766067954, -0.1761554364438068, -0.9555477655878464, 0.3990734115728798, 0.580118040743461, 0.888544738429706, -0.7696919660152916, 0.2712984508835197, 0.13623375085682238, -0.32433683546722664, 0.3992093255571088, -1.089495880869343, 1.2023800758885124, -0.5896123582392016, 1.1347483315523117, -0.4454714089695855, 0.870210836986199, -1.2855942512917404, -0.5885823397587125, -0.032215566229194505, 0.5631404201551768, 0.37823112687427757, -0.6258260633669819, 0.32381133563944137, 0.020972611510857105, -0.5093107418395769, 0.6296136845621791, -0.6554184823145847, 0.4304311285173108, -0.3852555766085945, 0.34522762456474054, 0.2010605965785863, -0.25043477292227534, 0.14445164941607844, -0.0995040322954252, 0.7704373843694187, 0.4682183314858037, 0.5609193698278311, -0.007250458998637794, 1.7920391579314177, 0.6521620207727761, -0.01548363674204388, -0.46752957210121476, -0.43603297289543336, 0.5443295574031974, -0.1770314005722152, -0.6873789226110869, -0.560653410238071, -0.6327185923814055, 0.08375328030085825, 1.5640440868585286, -0.6165328418142881, -1.1029537998955627, -0.9372693464259744, -0.4908421323430971, 0.9723221349954292, 0.4147943901310748, -0.12475920365020489, -0.15670061715277664, -0.3419374108163519, 0.7147890283938505, -0.2869980961062443, 0.5672390102713499, 0.55150764495149, 1.06396117002956, -1.0888871921500065, 0.12308446584983883, -0.03566438348349257, 0.9434419695937827, 0.005845742399156176, -0.5075581463228774, 0.26774775990245386, 0.1576665529169417, -1.0905101539789794]
3279.2269110081293	(8, 12, 2)	[0.6701432403110362, 0.0048854888265506755, -1.082637567940499, -0.6123496795865165, 0.010331636040146693, -0.13070566471270784, 0.6536944062461351, 0.1357541882035905, 0.9039624968907511, 0.7380420141569763, 0.1891081104284905, -0.3762048986754484, 0.5786136861782458, -0.9399736576035528, 0.8229286472095727, -0.8982725851702271, -0.23178439845719265, -0.3101447854464866, -0.900269546102757, 0.021363758792156164, -0.2102377737077309, 1.11118550121727, -0.44145853284884246, 0.16234793504183884, 0.5906723606189611, 0.49065351878625996, 0.9276311545989212, -0.30248143300059643, -0.3359502601448104, 0.29447459017697614, 0.4633080151399309, -0.5083063427614336, 0.44283144256495366, 0.5786910528561799, 0.4968968854045689, -0.8810223518949437, 0.8167547816609217, -0.3025668791752528, -0.5594951669275354, -0.7089886437438837, -0.0945995348671645, -0.8103394771447587, -0.8043450423861292, -0.866603456066313, -0.7968721966440215, -0.7673684686813907, 1.0289465224943573, -0.19013519350850516, -0.9631294280334837, 0.5560291689546502, 0.6309966231928346, 0.912321646742542, -0.8272025812462261, 0.23414843427830992, 0.23485633771814643, -0.34485571343122934, 0.5274267910370867, -1.0687779253901712, 0.5884422938111373, -0.5940220822576875, 0.958863316746876, -0.019887842597535454, 0.8682102256653513, -1.2122201645269988, -0.6669900568888757, 0.19910033304634855, 0.5163255731013207, 0.39653943101190503, -0.5605622638919342, 0.30408275923656486, -0.06632581028988963, -0.4796875447749541, 0.630004556370275, -1.086184852443765, 0.502707216377664, -0.42356444319602493, 0.3989963435799039, 0.19238674713907095, -0.3522023242411365, 0.14463489629880721, -0.29850931386293705, 0.8151748650870604, 0.19085767686573094, 0.09415680856134764, -0.040172176652863614, 1.9203296778922667, 0.7184243774998532, 0.1478159481024779, -0.4314454408395909, -0.41428734117585786, 0.547186325282428, -0.15474813319501407, -0.6719994958587278, -0.600630192172005, -0.4840223171327226, 0.2107752944648812, 1.5282381872477142, -0.6338894211806344, -1.193759073744811, -1.1180708180497607, -0.5651689876089121, 1.2050901973160117, 0.4233905224282787, -0.05044462330754154, 0.009436253600964922, -0.28849197154503825, 0.737253130141885, -0.03516779624774616, 0.5178632760016989, 0.6280963469929726, 1.0331964453529199, -1.055653235163792, 0.14424597188435198, -0.004907399796502163, 0.9662881211705396, 0.09517169233581878, -0.435057802481053, 0.308415892772511, 0.17033262134301178, -1.0920330199085915]
2828.9959834820534	(8, 12, 2)	[0.7056180313027435, 0.018333511645495775, -1.0718248701360962, -0.5729839400405322, 0.030753038044291428, -0.03869441317493862, 0.6189553956217091, 0.15175424991662634, 0.792072892449781, 0.9707586016380817, 0.20756066189747788, -0.35282373028396535, 0.58619654910016, -0.896059804434556, 0.813014019956765, -0.9925334699286638, -0.25265909071591164, -0.35441268197177633, -0.7651015558272047, 0.043263190471691665, -0.1965199566615164, 1.0584020463426562, -0.44222686801931194, 0.04780789120266048, 0.4943722887134514, 0.5313344508266352, 0.8712065875522671, -0.21754022212057683, -0.31512163377869673, 0.37824335653857316, 0.46488283996053104, -0.54596629871572, 0.44337204805316394, 0.619228754711317, 0.5240955642255326, -1.05313793599098, 0.720759750541734, -0.2469850259706296, -0.6650184284987088, -0.6600751143268497, 0.11853671640086019, -0.8524923411320439, -0.35491018495589727, -0.9404931821075254, -0.7865984134575416, -0.7876655334051905, 1.021172028968942, -0.12339433777932293, -0.9555477655878464, 0.3990734115728798, 0.580118040743461, 0.888544738429706, -0.7696919660152916, 0.2712984508835197, 0.13623375085682238, -0.32433683546722664, 0.3992093255571088, -1.089495880869343, 1.2023800758885124, -0.5896123582392016, 1.1347483315523117, -0.4454714089695855, 0.870210836986199, -1.2736002823909054, -0.7818202931851402, -0.032215566229194505, 0.5631404201551768, 0.37823112687427757, -0.6258260633669819, 0.32381133563944137, 0.020972611510857105, -0.5093107418395769, 0.6296136845621791, -0.6554184823145847, 0.4520659257156193, -0.3852555766085945, 0.34522762456474054, 0.2010605965785863, -0.25043477292227534, 0.14445164941607844, -0.09124854660144152, 0.7704373843694187, 0.4682183314858037, 0.3168198142126552, -0.1906082324378307, 1.7920391579314177, 0.6294559227616006, -0.01548363674204388, -0.46752957210121476, -0.43603297289543336, 0.5443295574031974, -0.1770314005722152, -0.6873789226110869, -0.560653410238071, -0.6327185923814055, 0.08375328030085825, 1.5280514793935982, -0.6165328418142881, -1.1029537998955627, -0.9372693464259744, -0.522245126384447, 1.02940435622145, 0.4147943901310748, -0.12475920365020489, -0.15670061715277664, -0.3419374108163519, 0.7147890283938505, -0.3258607359896205, 0.5672390102713499, 0.55150764495149, 1.06396117002956, -1.1693106358191452, 0.12308446584983883, -0.03566438348349257, 0.8456128444777147, 0.005845742399156176, -0.5075581463228774, 0.26774775990245386, 0.1576665529169417, -0.9411185207629322]
2699.462395339073	(8, 12, 2)	[0.6928119926607591, 0.008722198143229012, -1.098940782861388, -0.5925590525953232, 0.02176265618249356, -0.13042399049355347, 0.6524547368196046, 0.25446391865117873, 0.8294869482362875, 0.9726731921711393, -0.535062278642486, -0.34925358758303504, 0.6897313189133525, -0.9030795788598712, 0.8173219398846362, -0.8278131707970634, -0.23259557789556953, -0.34955589781055957, -0.8716346790902078, 0.045405078510255215, -0.19441561914083733, 1.0824191906314495, -0.44203509196780205, 0.1177927533122399, 0.5861687834605697, 0.49154571370319017, 0.9281625592156728, -0.2758369261937999, -0.2996139099533264, 0.3928213160234627, 0.4636646596775118, -0.447846542689654, 0.4768284300725081, 0.5905665985996236, 0.7768399715052439, -0.943635148462606, 0.7891327288714665, -0.29019156966208765, -0.5727003516396748, -0.6732425808627048, -0.0018452178003384723, -0.8273213155697685, -0.5743947219602261, -0.6992805531248443, -0.7809996280741494, -0.9717854217501484, 1.0596072361631563, -0.18530218247559735, -1.4236499643333533, 0.4555830494244243, 0.620362368480065, 0.9082767093342454, -0.8351295090961673, 0.22857604885971378, -0.005914636087731018, -0.32070708524431857, 0.45727576856083996, -1.08309537684007, 1.2694963302772575, -0.5908368947980535, 1.0029142644355513, -0.5607586043686212, 0.8685695334707162, -1.2032829978181012, -0.6566361905784088, 0.03793156298755582, 0.5195694998096866, 0.39152725451030057, -0.6246489342670156, 0.3145088185803028, -0.04928304099236134, -0.4869541131046381, 0.6561337464724388, -0.9718543483813691, 0.4509801316796635, -0.41165044023103886, 0.3483782906597227, 0.1972408071040955, -0.22966707326722197, 0.26028612923614836, -0.22683042176180374, 0.7810744275524426, 0.30127308044037776, 0.13699461786151781, -0.01736165231824731, 1.8385693177118223, 0.6553951526240875, 0.0697621234728814, -0.4577285581906382, -0.41510615771988457, 0.5436190233929121, -0.17576236158767616, -0.6875592834285333, -0.5997007830443986, -0.6606977042105815, 0.14713271108200665, 1.535665414757862, -0.6360847136900942, -0.9878213692343387, -0.978934165264606, -0.5084838849296065, 1.1555058810838554, 0.41489727082343675, -0.12101709992111612, -0.0726294278488309, -0.32074228045667663, 0.711977699601488, -0.20414272173390197, 0.5421883099133025, 0.6028394624910551, 1.0518628319677377, -1.0705474935930732, 0.13181720479366515, -0.040357879371290324, 0.9630638486542767, 0.0012511274413697614, -0.46209479068330034, 0.28051935012772866, 0.17239272762172145, -1.0903865366075667]
2775.6011031762155	(8, 12, 2)	[0.6928119926607591, 0.008722198143229012, -1.098940782861388, -0.5925590525953232, 0.02176265618249356, -0.13042399049355347, 0.6524547368196046, 0.25446391865117873, 0.8294869482362875, 0.9726731921711393, -0.535062278642486, -0.34925358758303504, 0.6186663595769305, -0.9030795788598712, 0.8173219398846362, -0.8278131707970634, -0.23259557789556953, -0.34955589781055957, -0.8716346790902078, 0.045405078510255215, -0.19441561914083733, 1.0824191906314495, -0.38785865852053675, 0.1177927533122399, 0.5861687834605697, 0.49154571370319017, 0.9281625592156728, -0.2758369261937999, -0.2996139099533264, 0.3928213160234627, 0.4636646596775118, -0.447846542689654, 0.4768284300725081, 0.5905665985996236, 0.7768399715052439, -0.943635148462606, 0.7891327288714665, -0.29019156966208765, -0.5727003516396748, -0.6732425808627048, -0.0018452178003384723, -0.8273213155697685, -0.5743947219602261, -0.6008440626908182, -0.7809996280741494, -0.9717854217501484, 1.0596072361631563, -0.18530218247559735, -1.4236499643333533, 0.4555830494244243, 0.620362368480065, 0.9082767093342454, -0.8351295090961673, 0.22857604885971378, -0.005914636087731018, -0.32070708524431857, 0.45727576856083996, -1.08309537684007, 1.2694963302772575, -0.5908368947980535, 1.0029142644355513, -0.5607586043686212, 0.8685695334707162, -1.2032829978181012, -0.6566361905784088, 0.03793156298755582, 0.5195694998096866, 0.39152725451030057, -0.6246489342670156, 0.3145088185803028, -0.04928304099236134, -0.4869541131046381, 0.6561337464724388, -0.9718543483813691, 0.4509801316796635, -0.41165044023103886, 0.3483782906597227, 0.1972408071040955, -0.22966707326722197, 0.26028612923614836, -0.22683042176180374, 0.7810744275524426, 0.30127308044037776, 0.13699461786151781, 0.10769022255182954, 1.8385693177118223, 0.6553951526240875, 0.0697621234728814, -0.4577285581906382, -0.41510615771988457, 0.5436190233929121, -0.17576236158767616, -0.6875592834285333, -0.5997007830443986, -0.6606977042105815, 0.14713271108200665, 1.535665414757862, -0.6360847136900942, -0.9878213692343387, -0.978934165264606, -0.5084838849296065, 1.1555058810838554, 0.4174646839668305, -0.12101709992111612, -0.0726294278488309, -0.32074228045667663, 0.711977699601488, -0.20414272173390197, 0.5421883099133025, 0.6028394624910551, 1.0518628319677377, -1.0705474935930732, 0.13181720479366515, -0.040357879371290324, 0.9630638486542767, 0.0012511274413697614, -0.46209479068330034, 0.28051935012772866, 0.17239272762172145, -1.0903865366075667]
2825.6866256090534	(8, 12, 2)	[0.6941836322513729, 0.012540393284287682, -1.0989434416981245, -0.5799486422501762, 0.023387673200439416, -0.13739201788220737, 0.6524887757529394, 0.4741879209247542, 0.8297058308154899, 0.9724606131407608, -0.5451574520237871, -0.3497555773726114, 0.6859733070982391, -0.9040545468497356, 0.8180960765355003, -0.9717120172433173, -0.2526742772505338, -0.38263159718856554, -0.8636748415275891, -0.17808700108547051, -0.18129522781057306, 1.082430739096661, -0.44216430221085795, 0.11226187620395671, 0.587549142875301, 0.5098608756618265, 0.8519670139650513, -0.265050802933605, -0.4251956790023893, 0.3911968310259601, 0.4597793882489438, -0.5854883479546502, 0.49547141558650104, 0.6745590928619676, 0.24065790248334618, -0.9381337078030733, 0.7872458972801053, -0.15281944617090348, -0.5725758984340635, -0.6770166368048931, 9.258864623150342e-05, -0.8173321330581391, -0.6148718103460582, -0.9363964518337231, -0.780307317501045, -0.9731670973252541, 1.059554826100963, -0.2309953689944406, -1.2039352881252072, 0.4557222628264243, 0.6177031851924447, 0.8822225909188319, -0.8391748892827015, 0.23291010824485214, -0.0006151712746602714, -0.3207082610345804, 0.45718631015366545, -1.0827968468963733, 1.2757209358814288, -0.5893522652365805, 0.9888402084941322, -0.5427048575332337, 0.8684354897595293, -1.250054153876658, -0.6707839873264154, 0.038005972849231934, 0.5156767671165272, 0.39159914979338195, -0.6395534047963995, 0.34386354482008585, -0.05064034431471635, -0.4834696341659752, 0.6489628936649614, -0.7777733750482365, 0.4504707931910675, -0.4126194742840085, 0.3908739277939151, 0.20995325223649539, -0.1071390694528134, 0.22639031632111298, -0.22716403229351625, 1.0326729611676786, 0.3309346193383575, 0.08298080892687035, -0.017848573762414287, 1.832334491662767, 0.5854273649187055, 0.06899802509129066, -0.45750479296469065, -0.39892269008707126, 0.5444984546768227, -0.17703727508119071, -0.6760340617819479, -0.6006300357499855, -0.6337997853934292, 0.05950682426063971, 1.503666483692912, -0.6349658675002702, -1.0049767233997051, -1.0015176069652654, -0.5173144742737698, 1.147382554686166, 0.43325074494799465, -0.12351710918059462, -0.0925924881492138, -0.3260548020213234, 0.7148546786412128, -0.2087069521302194, 0.5421320721218681, 0.6085768331834173, 1.0530054001386402, -1.0676405423926072, 0.12673161710327324, -0.04289930567958788, 0.9553993528655409, -0.002693982544593571, -0.4639784126468757, 0.2791383360629269, 0.17352097594914004, -1.172103116133174]
3129.3218966403992	(8, 12, 2)	[0.6939209438543816, 0.005745048767805171, -1.0822889654499628, -0.6155137354325558, 0.013260407731826424, -0.13358388830907736, 0.6523315501050474, 0.5305892404757737, 0.878609915933431, 0.7558710526701354, -0.5355334030390119, -0.35418894690567687, 0.6436006915508763, -0.9068238535633109, 0.8183181462646599, -0.9591817151996698, -0.23568821068588186, -0.39723653443640256, -0.8657027369143155, -0.15067587192818804, -0.19753891939002197, 1.0857153785209128, -0.4418158359746378, 0.12257075941698721, 0.5922515597448175, 0.5138914069113526, 0.9306288186371386, -0.26459459249839623, -0.42904065713887857, 0.3921090299854387, 0.4602130293253878, -0.5640415901343396, 0.49593202046843, 0.36685522440277163, 0.378669314994478, -0.9165843534098687, 0.8051365250588414, -0.3209974933455401, -0.5671419119360737, -0.6983660930887757, 0.03722989204200781, -0.810774769100487, -0.7771710252412781, -1.062454892079365, -0.7933402137020872, -0.9714090271115148, 1.050844478301892, -0.20032743218926652, -0.9476577124787013, 0.4850800801380559, 0.6163013515737908, 0.9100925986066734, -0.821095446142614, 0.233977071840038, 0.10675441455307275, -0.32687561434797074, 0.4644647388897646, -1.080199796415166, 1.2667585839864561, -0.5891504241905527, 0.9621931905151168, -0.08561863331532704, 0.9002649406203443, -1.2011665568354866, -0.6709572547458873, 0.24709779594353387, 0.5168751015256193, 0.381313193225681, -0.637434771711805, 0.3113040226556691, -0.0646241180380547, -0.48271036849152094, 0.6388401066538236, -0.9197409090980133, 0.4460643822826498, -0.46305597577585345, 0.38887827088201204, 0.1904790675412022, -0.11035070567076988, 0.23287688028890063, -0.2604121132285629, 0.8010540367319734, 0.3158993438274359, 0.1055722794875627, -0.04687289399878706, 1.8611839630383695, 0.6702541806451584, 0.14570832065797606, -0.4047864605075115, -0.39415606142296883, 0.5475773904745045, -0.17664447159606328, -0.6191705718108588, -0.6006072141981093, -0.6180939017887688, 0.13865251014867522, 1.5326586978237546, -0.6346471907563064, -0.9892126738162245, -1.1268337495406653, -0.5664627648780625, 1.157077990245292, 0.34017192006065994, -0.052949123861019756, -0.08112453337895846, -0.33357185450054433, 0.7269150691577243, -0.10875690257758858, 0.5335820183738855, 0.6318941684917571, 1.0317276865223857, -1.067167612183126, 0.13502869361726397, -0.053752959786316876, 0.9632060750828461, 0.01456953056317475, -0.43774791536674823, 0.2835166953998591, 0.1716429726723052, -1.1024442653392947]
2576.8198857294174	(8, 12, 2)	[0.7432882067467707, 0.009732274280516037, -1.0927867092470602, -0.5840837740681607, 0.019717910963813035, -0.11100569310195729, 0.6311644136269648, 0.209577669325012, 0.8493825809417217, 0.978057504958485, 0.1840652206433529, -0.35388755216578827, 0.6997837939901529, -0.8947246825071428, 0.8309717012684692, -0.8170082682182283, -0.23673636042843196, -0.2622381562767914, -0.8452080539380007, 0.13962222747466863, -0.1608260292186631, 1.1609609780990333, -0.4468737532866528, 0.41179040437996695, 0.7144207973437097, 0.4972960929765286, 0.9386034799770703, -0.25767971773532966, -0.38467455878102275, 0.45066008830718707, 0.4795871894180693, -0.5133117950710108, 0.4051583433054151, 0.6247472033728975, 0.6999926521467763, -0.9876720973864711, 0.8208387197507263, -0.30065389182870883, -0.6267923240848413, -0.5015300444847643, -0.09649584159803942, -0.9249045624852987, -0.5648009535379168, -0.7796567771413908, -0.7892047549789836, -1.0640362992123844, 1.0566070144729214, -0.14338214348047573, -1.28365007711067, 0.46144573160795366, 0.5935871851355204, 0.9123160907864669, -0.7931015976421921, 0.24139476390402817, 0.04116733766367594, -0.5132266414104887, 0.48265848064139133, -1.107954331418933, 1.1487192799499617, -0.5901497402507815, 1.1213239071015022, -0.5153880614075624, 0.8973033576105297, -1.2577132250671972, -0.7941264433760475, -0.0349189489555658, 0.5611500236612922, 0.3971641538213362, -0.6251139993456679, 0.31592105972972656, 0.02936024083645882, -0.6317032931277792, 0.6486129341503685, -0.6449641315028424, 0.4759949633789025, -0.40841838531697355, 0.2998816000177907, 0.20409399538096248, -0.2521236811597558, 0.47674956938607305, -0.1987459939598272, 0.7802221779952925, 0.15709259197511766, 0.35606458892308357, -0.08904000907679492, 1.8206217930994906, 0.6421139605985386, 0.09072945014419077, -0.4673174330595901, -0.40328016111666215, 0.5437506299646546, -0.16727301849816728, -0.6873265769295466, -0.5728026270555121, -0.6380680785852424, 0.11359031928083872, 1.5397335908525926, -0.6437540450766452, -1.0686697162843755, -1.0516879364792382, -0.4073127085085856, 1.1886115380178226, 0.4046295022890734, -0.12957565507441296, -0.10611070515900808, -0.3567311476066523, 0.7082506603172308, -0.2605694214007739, 0.5479267904944396, 0.5963852088960306, 1.0591484034677785, -1.2264319281922809, 0.16883892194415043, -0.12265674045865352, 0.8834821819308144, 0.007244382916788142, -0.47369353363148664, 0.2988848967370338, 0.16421987743513067, -1.0918814983623917]
3004.8743785065108	(8, 12, 2)	[0.6701432403110362, 0.0048854888265506755, -1.082637567940499, -0.6123496795865165, 0.010331636040146693, -0.13070566471270784, 0.6536944062461351, 0.1357541882035905, 0.9518300853628097, 0.7425946619062914, 0.1891081104284905, -0.3762048986754484, 0.5786136861782458, -0.9399736576035528, 0.8355484799678565, -0.8982725851702271, -0.27949657183189247, -0.3101447854464866, -0.9127818834387035, 0.021363758792156164, -0.2102377737077309, 1.11118550121727, -0.44145853284884246, 0.06139751206450468, 0.5906723606189611, 0.49065351878625996, 0.9276311545989212, -0.3226106629240755, -0.27874599848188925, 0.25677012834753027, 0.4633080151399309, -0.5083063427614336, 0.44283144256495366, 0.3935631292988627, 0.4968968854045689, -0.8810223518949437, 0.8167547816609217, -0.1815819029832868, -0.5594951669275354, -0.7089886437438837, -0.0945995348671645, -0.8103394771447587, -0.8043450423861292, -0.866603456066313, -0.7968721966440215, -0.7638799724137764, 1.0289465224943573, -0.19013519350850516, -0.9218604436918336, 0.5560291689546502, 0.6309966231928346, 0.912321646742542, -0.7635164485317666, 0.3320835267542619, 0.4537776195524113, -0.44285423612860275, 0.5274267910370867, -1.0687779253901712, 0.5760019403715443, -0.5940220822576875, 0.958863316746876, -0.019887842597535454, 0.8682102256653513, -1.2122201645269988, -0.6669900568888757, 0.19910033304634855, 0.5639507829870003, 0.39653943101190503, -0.53110785151062, 0.2850435988508337, -0.06632581028988963, -0.4796875447749541, 0.6681205997796031, -1.086184852443765, 0.502707216377664, -0.42356444319602493, 0.3989963435799039, 0.19238674713907095, -0.3522023242411365, 0.14463489629880721, -0.29850931386293705, 0.8151748650870604, 0.19085767686573094, 0.09415680856134764, -0.040172176652863614, 1.9203296778922667, 0.7184243774998532, 0.1478159481024779, -0.3426954295946014, -0.41428734117585786, 0.547186325282428, -0.15474813319501407, -0.6287157459039965, -0.600630192172005, -0.4840223171327226, 0.2107752944648812, 1.5282381872477142, -0.6338894211806344, -1.0742110343317872, -1.1180708180497607, -0.5651689876089121, 1.0440176566981905, 0.4233905224282787, -0.05020797341849458, 0.009436253600964922, -0.28849197154503825, 0.737253130141885, -0.03516779624774616, 0.5178632760016989, 0.6143433600450723, 1.0331964453529199, -1.055653235163792, 0.14424597188435198, -0.004907399796502163, 0.9662881211705396, 0.09517169233581878, -0.435057802481053, 0.308415892772511, 0.17033262134301178, -1.0920330199085915]
2930.5744346921724	(8, 12, 2)	[0.7055069915962298, -0.0006770088851719633, -0.995825371449189, -0.5688656535820171, 0.025636747930569047, -0.10668199326641468, 0.6418613369811945, 0.06421846639683912, 0.7774520630473181, 0.9668869183872074, -0.17887571636883082, -0.3528974719063331, 0.7232716093926422, -0.9143487761849167, 0.8129848394472166, -0.8143358604270606, -0.25286608673010663, -0.3538620656724495, -0.9746623099393749, -0.00782104459959862, -0.1966721073438803, 1.0548560997876246, -0.42394957656641774, 0.8335442937222156, 0.7516123758003613, 0.5802419955381001, 0.8817924066900453, -0.16977113488725626, -0.4407448886969417, 0.380179564179142, 0.46453810969917153, -0.6181478104909703, 0.3075122779695607, 0.5695623258362278, 0.765017032348816, -0.9614279593581525, 0.7233265288130794, -0.24691835758528735, -0.7174080333821627, -0.6717516940545704, 0.07597664687016334, -0.9258208520402863, -0.36406795282796245, -0.9703247484583372, -0.8552251911834228, -0.9372068430318051, 1.1981131450725322, -0.17640378467388684, -1.021286102450695, 0.5125209654967604, 0.6931548116094723, 0.9575732698572926, -0.7694642492559642, 0.24158938985930772, -0.29831399506669615, -0.39657211938626635, 0.4115403035725716, -1.08957763840124, 1.202821271609238, -0.5899561296718037, 1.114941792477218, -0.2811250251922408, 0.7538798870872853, -1.2493166218181628, -0.6194683126675513, -0.03211941253394226, 0.5667288665255319, 0.34927056615212726, -0.6258343525046447, 0.30622493166025694, -0.09816118448333554, -0.5227642677406659, 0.659178350518556, -0.6225906799443247, 0.4346340164831077, -0.38690024952953533, 0.32714343145102986, 0.19324602694119328, -0.250228689410387, 0.11494374945227763, -0.13273704097021244, 0.7708508053989851, 0.4568248528701424, 0.487828460528572, 0.24600907481973816, 1.8076773099516956, 0.6521560732915485, 0.1187091781371811, -0.46486314851499305, -0.42794051026991303, 0.5444233968476767, -0.0999597212345777, -0.6873800304246529, -0.5527098350503373, -0.6332708859349606, 0.2306478052890134, 1.541582830669898, -0.6336054005728826, -1.0886210469340658, -0.9445849304495021, -0.41812043085302397, 0.9933569475063255, 0.39847278613328346, -0.26142345420282154, -0.19309079540198215, -0.375312168887631, 0.7194393604380835, -0.48043854000918873, 0.5590761383820815, 0.5868268628419707, 1.1493146062605248, -1.088105162403842, 0.17322548180723338, -0.021873408352016545, 0.9404161605051976, 0.006023804746404429, -0.5593322680189883, 0.31529936346595255, 0.15251554610320325, -1.0568815106498415]
2659.5114653984633	(8, 12, 2)	[0.014095332581798292, 0.016004216283337216, -1.0529486196236197, -0.5898267850431518, 0.023703754802438762, -0.09322389391444402, 0.6982630104270738, 0.14234694175812818, 0.8263821522804847, 0.9738194898589433, 0.07886478544023295, -0.3777413080070305, 0.636455271977515, -0.9147827384248789, 0.8175162645338168, -0.8867693992320946, -0.13718375010412376, -0.4486055911470032, -0.8755747611835715, -0.015508231730194586, -0.19494032212054932, 1.0588080706560352, -0.43272450504511606, 0.9865910115555152, 0.7210410913407798, 0.4869414790804283, 0.9183604388255985, -0.2655686062998713, -0.7837811552581497, 0.356307659291458, 0.37804141719273004, -0.501081941669311, 0.5101911663877333, 0.5838377588419368, 0.7007521771736781, -0.9481872351427485, 0.7540878052202196, -0.2405734606811204, -0.5630105979623756, -0.7184798902398499, 0.028583874735417125, -0.8671645365355797, -0.48943561535502106, -0.8393527787930368, -0.754985332933271, -0.9689597391294539, 1.0733113710006956, -0.191989645120027, -1.0542576446079823, 0.4510229819242535, 0.6043719794494297, 0.9127795660469848, -0.7087303746627979, 0.14924329476822223, -0.023834365495136393, -0.2643697252069799, 0.46643459199118487, -1.0879288041749013, 0.4893436250293808, -0.615256731644106, 1.0153800011199972, -0.25943498254070013, 0.8279434776421947, -1.1972753970953178, -0.6251900137126813, 0.0019700372415887013, 0.5373651421622853, 0.37940413990580735, -0.6435661862043053, 0.45352526563104467, 0.004171282689657746, -0.5236423672091515, 0.6629378600530315, -0.9075910404011388, 0.42842210963065475, -0.4430144948142312, 0.30625227421221285, 0.18534278988042585, -0.3481317841014932, 0.29551372737236686, -0.1264402318147831, 0.8349357853439564, 0.15692608912973807, 0.1937111089103195, -0.0029628771466323044, 1.8087486304636315, 0.6436116165748739, 0.12449020542373931, -0.45081947273020306, -0.432247229050889, 0.4693552749089579, -0.12462628062120788, -0.6825115921107671, -0.47874833620496177, -0.6137756789475354, 0.1905798604642673, 1.53335314679952, -0.6414430610090821, -1.104819907615949, -0.9593520943012677, -0.5408957926112629, 1.1742917777430717, 0.4380074848297647, -0.06299464497529164, -0.06331664359040926, -0.3297295718468075, 0.7136989909359794, -0.20262764520655735, 0.43160634186227, 0.7299291940449847, 1.0339903558081125, -1.0862312661883078, 0.15199643669891316, -0.03398441487869478, 0.8962206887292361, 0.06832904258300945, -0.5131713286915444, 0.31756226971461665, 0.24828323760062931, -1.0886531872880805]
2691.8641521365917	(8, 12, 2)	[0.6943530998678838, 0.011850973920464287, -1.1637639602502898, -0.6088989554680077, 0.0348880946962377, -0.13665648860937862, 0.4641480109082043, 0.3231475146346492, 1.0167123623370895, 1.00488398281103, -0.08272324600951453, -0.34984855473395476, 0.5607925893346388, -0.9483083112039236, 0.8181330174252919, -0.9742335019215259, -0.13569058113624038, -0.35417283639026576, -1.0202552932438564, -0.014549904549421955, -0.21888328006808921, 1.0943208073613537, -0.4493336360337447, 0.09911926133364038, 0.5882307951107988, 0.498742472841771, 0.8458143616957219, -0.256686001712249, -0.3087512396313462, 0.3981906396480875, 0.4597860894776694, -0.5363585180182338, 0.4940473794620782, 0.588274170368264, 0.49261709744824517, -0.9356893133307211, 0.8203329025020883, -0.8729251886166148, -0.5897971211277018, -0.6771140137009717, -0.007696925881150472, -0.9615323839720418, -0.25502270813145156, -0.9320357845579601, -0.657305511984343, -0.9724521354883635, 1.0169579674509521, -0.2246460020046966, -1.4480853817674721, 0.4562593367349471, 0.6181448685647981, 0.8814737332545833, -0.7739473706493231, -0.14585998892875626, 0.3116532226544265, -0.32114190317573443, 0.45688399491070375, -1.0838560543760078, 1.2759714066856878, -0.5882014304751058, 0.9896993667769126, -0.5323097036935776, 1.1336752447337228, -1.3534457186856785, -0.6641208286576561, -0.008282017382542577, -0.9128907691607291, 0.3910449414740221, -0.5331617890740858, 0.32006607973440526, -0.04270950528408005, -0.4911755489493076, 0.6488357856974574, -1.01887814699831, 0.45247925902919295, -0.40747663691166586, 0.4712550907983414, 0.19893332266918212, -0.07220820442885817, 0.2754206469173108, -0.32583318656565835, 0.9558855400023303, 0.3627254425253108, 0.14385956822610566, -0.0018244398580091782, 1.8300423827515726, 0.49450672786490135, 0.29862713207469754, -0.4590300710598496, -0.3850947613906136, 0.5473149763253314, -0.17697716650025644, -0.6916558206686004, -0.6683099629919139, -0.6352151038379386, 0.24372646558821884, 1.5061686896863558, -0.6313450013975767, -0.9975416140420538, -0.9669652209378313, -0.516637763178011, 1.0226984307163154, 0.4373423042765409, -0.11664129978090507, -0.11727680133760353, -0.322635428321591, 0.7153127776819781, -0.21762723984506252, 0.5425093553076638, 0.5566298770961287, 1.0638413887947182, -1.0516245988059985, 0.2263993070362194, -0.06972729281052921, 0.9220333552194495, 0.009002245072954536, -0.44813766275167033, 0.28171752442618836, 0.029858091535852532, -1.1555035304345447]
