filename,experiment,run,generation,train_fitness
logs/log_exp1/log_exp1_run0.txt,1,0,0,-185.94770953505395
logs/log_exp1/log_exp1_run0.txt,1,0,1,393.70771547305094
logs/log_exp1/log_exp1_run0.txt,1,0,2,633.8618037520109
logs/log_exp1/log_exp1_run0.txt,1,0,3,315.33438024092726
logs/log_exp1/log_exp1_run0.txt,1,0,4,444.0927874772436
logs/log_exp1/log_exp1_run0.txt,1,0,5,1493.803029484546
logs/log_exp1/log_exp1_run0.txt,1,0,6,1360.08463762865
logs/log_exp1/log_exp1_run0.txt,1,0,7,758.8758368840696
logs/log_exp1/log_exp1_run0.txt,1,0,8,1270.635373666032
logs/log_exp1/log_exp1_run0.txt,1,0,9,657.3754238865682
logs/log_exp1/log_exp1_run0.txt,1,0,10,994.7369627091819
logs/log_exp1/log_exp1_run0.txt,1,0,11,647.6714864951355
logs/log_exp1/log_exp1_run0.txt,1,0,12,1018.7146419053377
logs/log_exp1/log_exp1_run0.txt,1,0,13,1364.5654400003464
logs/log_exp1/log_exp1_run0.txt,1,0,14,1249.0443509919746
logs/log_exp1/log_exp1_run0.txt,1,0,15,688.542890824447
logs/log_exp1/log_exp1_run0.txt,1,0,16,1035.3211401719802
logs/log_exp1/log_exp1_run0.txt,1,0,17,1348.8402610549715
logs/log_exp1/log_exp1_run0.txt,1,0,18,1332.4636024150832
logs/log_exp1/log_exp1_run0.txt,1,0,19,962.3616212416725
logs/log_exp1/log_exp1_run0.txt,1,0,20,897.023188311064
logs/log_exp1/log_exp1_run0.txt,1,0,21,773.7712070660411
logs/log_exp1/log_exp1_run0.txt,1,0,22,692.8215627756196
logs/log_exp1/log_exp1_run0.txt,1,0,23,1391.5004987156615
logs/log_exp1/log_exp1_run0.txt,1,0,24,784.8548051455697
logs/log_exp1/log_exp1_run0.txt,1,0,25,919.7619772684836
logs/log_exp1/log_exp1_run0.txt,1,0,26,1400.6797396039374
logs/log_exp1/log_exp1_run0.txt,1,0,27,1272.840132538258
logs/log_exp1/log_exp1_run0.txt,1,0,28,627.0487197001432
logs/log_exp1/log_exp1_run0.txt,1,0,29,926.8931171627268
logs/log_exp1/log_exp1_run0.txt,1,0,30,693.2364484207797
logs/log_exp1/log_exp1_run0.txt,1,0,31,1405.4376422857586
logs/log_exp1/log_exp1_run0.txt,1,0,32,1002.2966363074989
logs/log_exp1/log_exp1_run0.txt,1,0,33,1134.4134979573132
logs/log_exp1/log_exp1_run0.txt,1,0,34,961.9223165291108
logs/log_exp1/log_exp1_run0.txt,1,0,35,702.6878845700201
logs/log_exp1/log_exp1_run0.txt,1,0,36,941.7601293773987
logs/log_exp1/log_exp1_run0.txt,1,0,37,1025.5634436725488
logs/log_exp1/log_exp1_run0.txt,1,0,38,796.6520630017466
logs/log_exp1/log_exp1_run0.txt,1,0,39,766.604635727856
logs/log_exp1/log_exp1_run0.txt,1,0,40,789.4237123441045
logs/log_exp1/log_exp1_run0.txt,1,0,41,893.4703069634852
logs/log_exp1/log_exp1_run0.txt,1,0,42,1003.0533829222004
logs/log_exp1/log_exp1_run0.txt,1,0,43,895.4860411414622
logs/log_exp1/log_exp1_run0.txt,1,0,44,1254.6517157409928
logs/log_exp1/log_exp1_run0.txt,1,0,45,932.0599773328577
logs/log_exp1/log_exp1_run0.txt,1,0,46,757.4837773620899
logs/log_exp1/log_exp1_run0.txt,1,0,47,845.9722231058724
logs/log_exp1/log_exp1_run0.txt,1,0,48,816.6716611226066
logs/log_exp1/log_exp1_run0.txt,1,0,49,1186.8753853536487
logs/log_exp1/log_exp1_run0.txt,1,0,50,939.0781854327815
logs/log_exp1/log_exp1_run0.txt,1,0,51,1000.8605104909924
logs/log_exp1/log_exp1_run0.txt,1,0,52,1009.474789801328
logs/log_exp1/log_exp1_run0.txt,1,0,53,1093.970136859256
logs/log_exp1/log_exp1_run0.txt,1,0,54,1004.0122499182817
logs/log_exp1/log_exp1_run0.txt,1,0,55,805.6965966935744
logs/log_exp1/log_exp1_run0.txt,1,0,56,947.8430041493896
logs/log_exp1/log_exp1_run0.txt,1,0,57,1396.1469978711202
logs/log_exp1/log_exp1_run0.txt,1,0,58,743.513597551648
logs/log_exp1/log_exp1_run0.txt,1,0,59,859.7776064398713
logs/log_exp1/log_exp1_run0.txt,1,0,60,920.1148901199194
logs/log_exp1/log_exp1_run0.txt,1,0,61,957.6552229633023
logs/log_exp1/log_exp1_run0.txt,1,0,62,753.5608565058149
logs/log_exp1/log_exp1_run0.txt,1,0,63,965.4127344636488
logs/log_exp1/log_exp1_run0.txt,1,0,64,656.1924653612734
logs/log_exp1/log_exp1_run0.txt,1,0,65,1032.0257312945396
logs/log_exp1/log_exp1_run0.txt,1,0,66,835.5123654935203
logs/log_exp1/log_exp1_run0.txt,1,0,67,900.0773360256653
logs/log_exp1/log_exp1_run0.txt,1,0,68,762.2897266141761
logs/log_exp1/log_exp1_run0.txt,1,0,69,797.0515425472216
logs/log_exp1/log_exp1_run0.txt,1,0,70,854.3601623068256
logs/log_exp1/log_exp1_run0.txt,1,0,71,1205.638719490939
logs/log_exp1/log_exp1_run0.txt,1,0,72,1306.2867565764022
logs/log_exp1/log_exp1_run0.txt,1,0,73,1238.195957414523
logs/log_exp1/log_exp1_run0.txt,1,0,74,932.3041290871863
logs/log_exp1/log_exp1_run0.txt,1,0,75,1256.2708502170572
logs/log_exp1/log_exp1_run0.txt,1,0,76,655.8792547465124
logs/log_exp1/log_exp1_run0.txt,1,0,77,926.7694896876112
logs/log_exp1/log_exp1_run0.txt,1,0,78,1059.145304847409
logs/log_exp1/log_exp1_run0.txt,1,0,79,1050.4467137114307
logs/log_exp1/log_exp1_run0.txt,1,0,80,882.4875735204578
logs/log_exp1/log_exp1_run0.txt,1,0,81,1102.211154716591
logs/log_exp1/log_exp1_run0.txt,1,0,82,1110.9976637786135
logs/log_exp1/log_exp1_run0.txt,1,0,83,717.7439714206212
logs/log_exp1/log_exp1_run0.txt,1,0,84,1018.4149540901644
logs/log_exp1/log_exp1_run0.txt,1,0,85,989.4147029649088
logs/log_exp1/log_exp1_run0.txt,1,0,86,862.0187701570067
logs/log_exp1/log_exp1_run0.txt,1,0,87,1067.9846853935119
logs/log_exp1/log_exp1_run0.txt,1,0,88,951.3437262799058
logs/log_exp1/log_exp1_run0.txt,1,0,89,1141.6570027206635
logs/log_exp1/log_exp1_run0.txt,1,0,90,608.5400179192246
logs/log_exp1/log_exp1_run0.txt,1,0,91,1502.771486145198
logs/log_exp1/log_exp1_run0.txt,1,0,92,1410.288774785423
logs/log_exp1/log_exp1_run0.txt,1,0,93,1000.7452716284249
logs/log_exp1/log_exp1_run0.txt,1,0,94,633.5889601270263
logs/log_exp1/log_exp1_run0.txt,1,0,95,1088.8178624546003
logs/log_exp1/log_exp1_run0.txt,1,0,96,992.468354269208
logs/log_exp1/log_exp1_run0.txt,1,0,97,1039.3622732110887
logs/log_exp1/log_exp1_run0.txt,1,0,98,948.8105606077946
logs/log_exp1/log_exp1_run0.txt,1,0,99,1041.5920891246064
logs/log_exp1/log_exp1_run0.txt,1,0,100,821.5818953651655
logs/log_exp1/log_exp1_run1.txt,1,1,0,-301.9475569630349
logs/log_exp1/log_exp1_run1.txt,1,1,1,389.70973365934935
logs/log_exp1/log_exp1_run1.txt,1,1,2,1003.9111722488157
logs/log_exp1/log_exp1_run1.txt,1,1,3,638.9966387303037
logs/log_exp1/log_exp1_run1.txt,1,1,4,701.4128914401134
logs/log_exp1/log_exp1_run1.txt,1,1,5,461.923446619046
logs/log_exp1/log_exp1_run1.txt,1,1,6,1472.3122236865881
logs/log_exp1/log_exp1_run1.txt,1,1,7,829.8010317161774
logs/log_exp1/log_exp1_run1.txt,1,1,8,690.9771728008385
logs/log_exp1/log_exp1_run1.txt,1,1,9,754.6750740747457
logs/log_exp1/log_exp1_run1.txt,1,1,10,1086.3106698771846
logs/log_exp1/log_exp1_run1.txt,1,1,11,672.4423224073225
logs/log_exp1/log_exp1_run1.txt,1,1,12,1328.2600976326175
logs/log_exp1/log_exp1_run1.txt,1,1,13,1039.1293813503412
logs/log_exp1/log_exp1_run1.txt,1,1,14,1226.3139757309423
logs/log_exp1/log_exp1_run1.txt,1,1,15,1106.670941635645
logs/log_exp1/log_exp1_run1.txt,1,1,16,950.2017032185744
logs/log_exp1/log_exp1_run1.txt,1,1,17,661.3158293987032
logs/log_exp1/log_exp1_run1.txt,1,1,18,716.6016052419631
logs/log_exp1/log_exp1_run1.txt,1,1,19,693.6437091199456
logs/log_exp1/log_exp1_run1.txt,1,1,20,856.5888694932967
logs/log_exp1/log_exp1_run1.txt,1,1,21,1167.47256529035
logs/log_exp1/log_exp1_run1.txt,1,1,22,1015.3976227107271
logs/log_exp1/log_exp1_run1.txt,1,1,23,1251.250759983473
logs/log_exp1/log_exp1_run1.txt,1,1,24,697.7161308255548
logs/log_exp1/log_exp1_run1.txt,1,1,25,483.1540426721235
logs/log_exp1/log_exp1_run1.txt,1,1,26,795.0857286995762
logs/log_exp1/log_exp1_run1.txt,1,1,27,1058.1908430823626
logs/log_exp1/log_exp1_run1.txt,1,1,28,767.5852513968963
logs/log_exp1/log_exp1_run1.txt,1,1,29,989.7908790934713
logs/log_exp1/log_exp1_run1.txt,1,1,30,827.3469021990155
logs/log_exp1/log_exp1_run1.txt,1,1,31,1163.8963442433894
logs/log_exp1/log_exp1_run1.txt,1,1,32,1077.429545018612
logs/log_exp1/log_exp1_run1.txt,1,1,33,892.4234108732511
logs/log_exp1/log_exp1_run1.txt,1,1,34,760.3044822160435
logs/log_exp1/log_exp1_run1.txt,1,1,35,1335.7390851337743
logs/log_exp1/log_exp1_run1.txt,1,1,36,1025.135501182255
logs/log_exp1/log_exp1_run1.txt,1,1,37,1185.5664225326573
logs/log_exp1/log_exp1_run1.txt,1,1,38,702.543091095986
logs/log_exp1/log_exp1_run1.txt,1,1,39,1447.5130930553164
logs/log_exp1/log_exp1_run1.txt,1,1,40,959.5764912953242
logs/log_exp1/log_exp1_run1.txt,1,1,41,814.5292906928214
logs/log_exp1/log_exp1_run1.txt,1,1,42,647.6425150463918
logs/log_exp1/log_exp1_run1.txt,1,1,43,912.0973762723088
logs/log_exp1/log_exp1_run1.txt,1,1,44,1598.9847309462468
logs/log_exp1/log_exp1_run1.txt,1,1,45,1659.9143871561805
logs/log_exp1/log_exp1_run1.txt,1,1,46,1009.2890553461181
logs/log_exp1/log_exp1_run1.txt,1,1,47,913.1070376965024
logs/log_exp1/log_exp1_run1.txt,1,1,48,1240.5607144274547
logs/log_exp1/log_exp1_run1.txt,1,1,49,766.5667845674737
logs/log_exp1/log_exp1_run1.txt,1,1,50,1164.2072066486721
logs/log_exp1/log_exp1_run1.txt,1,1,51,1694.6078230114367
logs/log_exp1/log_exp1_run1.txt,1,1,52,744.4732272504282
logs/log_exp1/log_exp1_run1.txt,1,1,53,836.0144746158778
logs/log_exp1/log_exp1_run1.txt,1,1,54,866.0579439664023
logs/log_exp1/log_exp1_run1.txt,1,1,55,928.6382066268476
logs/log_exp1/log_exp1_run1.txt,1,1,56,1157.5786492913287
logs/log_exp1/log_exp1_run1.txt,1,1,57,1208.663614985472
logs/log_exp1/log_exp1_run1.txt,1,1,58,675.0318773467059
logs/log_exp1/log_exp1_run1.txt,1,1,59,1298.1251863075909
logs/log_exp1/log_exp1_run1.txt,1,1,60,693.494429018779
logs/log_exp1/log_exp1_run1.txt,1,1,61,1032.434409995573
logs/log_exp1/log_exp1_run1.txt,1,1,62,1128.4874928627955
logs/log_exp1/log_exp1_run1.txt,1,1,63,970.802987773884
logs/log_exp1/log_exp1_run1.txt,1,1,64,701.7015230918189
logs/log_exp1/log_exp1_run1.txt,1,1,65,1205.0362186548848
logs/log_exp1/log_exp1_run1.txt,1,1,66,844.7781896306981
logs/log_exp1/log_exp1_run1.txt,1,1,67,951.2205038529215
logs/log_exp1/log_exp1_run1.txt,1,1,68,856.3761251746048
logs/log_exp1/log_exp1_run1.txt,1,1,69,1115.96448208886
logs/log_exp1/log_exp1_run1.txt,1,1,70,989.0489542825832
logs/log_exp1/log_exp1_run1.txt,1,1,71,995.1226038836252
logs/log_exp1/log_exp1_run1.txt,1,1,72,945.7701785163594
logs/log_exp1/log_exp1_run1.txt,1,1,73,889.1849186818124
logs/log_exp1/log_exp1_run1.txt,1,1,74,942.6285585659195
logs/log_exp1/log_exp1_run1.txt,1,1,75,717.1948384977122
logs/log_exp1/log_exp1_run1.txt,1,1,76,842.4895054156399
logs/log_exp1/log_exp1_run1.txt,1,1,77,887.8656718971409
logs/log_exp1/log_exp1_run1.txt,1,1,78,886.851540839484
logs/log_exp1/log_exp1_run1.txt,1,1,79,1040.7965203016834
logs/log_exp1/log_exp1_run1.txt,1,1,80,1337.3920988788627
logs/log_exp1/log_exp1_run1.txt,1,1,81,1527.9328573690266
logs/log_exp1/log_exp1_run1.txt,1,1,82,972.8478513356889
logs/log_exp1/log_exp1_run1.txt,1,1,83,1139.0302445808939
logs/log_exp1/log_exp1_run1.txt,1,1,84,977.7212691275132
logs/log_exp1/log_exp1_run1.txt,1,1,85,872.4689839073777
logs/log_exp1/log_exp1_run1.txt,1,1,86,1120.7616495216453
logs/log_exp1/log_exp1_run1.txt,1,1,87,899.3102230257282
logs/log_exp1/log_exp1_run1.txt,1,1,88,1356.272614066231
logs/log_exp1/log_exp1_run1.txt,1,1,89,805.9494518159738
logs/log_exp1/log_exp1_run1.txt,1,1,90,1248.2859817764224
logs/log_exp1/log_exp1_run1.txt,1,1,91,910.5449688192169
logs/log_exp1/log_exp1_run1.txt,1,1,92,1015.3609168452306
logs/log_exp1/log_exp1_run1.txt,1,1,93,912.9093163149275
logs/log_exp1/log_exp1_run1.txt,1,1,94,853.8087615027805
logs/log_exp1/log_exp1_run1.txt,1,1,95,671.5395007524307
logs/log_exp1/log_exp1_run1.txt,1,1,96,664.213628800596
logs/log_exp1/log_exp1_run1.txt,1,1,97,691.6022709274052
logs/log_exp1/log_exp1_run1.txt,1,1,98,986.4228048155077
logs/log_exp1/log_exp1_run1.txt,1,1,99,699.7478184558298
logs/log_exp1/log_exp1_run1.txt,1,1,100,825.0180383703682
logs/log_exp1/log_exp1_run2.txt,1,2,0,-449.49537057230907
logs/log_exp1/log_exp1_run2.txt,1,2,1,498.3732136204674
logs/log_exp1/log_exp1_run2.txt,1,2,2,506.5057786214742
logs/log_exp1/log_exp1_run2.txt,1,2,3,502.4716510649425
logs/log_exp1/log_exp1_run2.txt,1,2,4,677.5663224412249
logs/log_exp1/log_exp1_run2.txt,1,2,5,862.2451566592863
logs/log_exp1/log_exp1_run2.txt,1,2,6,836.6460606212393
logs/log_exp1/log_exp1_run2.txt,1,2,7,775.9314399684494
logs/log_exp1/log_exp1_run2.txt,1,2,8,1408.3369107310598
logs/log_exp1/log_exp1_run2.txt,1,2,9,1271.6046929845816
logs/log_exp1/log_exp1_run2.txt,1,2,10,969.415517484729
logs/log_exp1/log_exp1_run2.txt,1,2,11,1414.8677778028473
logs/log_exp1/log_exp1_run2.txt,1,2,12,1057.2136845203063
logs/log_exp1/log_exp1_run2.txt,1,2,13,941.5283624696649
logs/log_exp1/log_exp1_run2.txt,1,2,14,969.5590772582142
logs/log_exp1/log_exp1_run2.txt,1,2,15,956.3277257592575
logs/log_exp1/log_exp1_run2.txt,1,2,16,1388.8769840464765
logs/log_exp1/log_exp1_run2.txt,1,2,17,1158.0801108434853
logs/log_exp1/log_exp1_run2.txt,1,2,18,1073.293517875813
logs/log_exp1/log_exp1_run2.txt,1,2,19,935.3578394009303
logs/log_exp1/log_exp1_run2.txt,1,2,20,858.1366665665058
logs/log_exp1/log_exp1_run2.txt,1,2,21,918.8509959170485
logs/log_exp1/log_exp1_run2.txt,1,2,22,1076.9674540592277
logs/log_exp1/log_exp1_run2.txt,1,2,23,671.5300751875433
logs/log_exp1/log_exp1_run2.txt,1,2,24,780.9511130644635
logs/log_exp1/log_exp1_run2.txt,1,2,25,1084.4172807847008
logs/log_exp1/log_exp1_run2.txt,1,2,26,1199.4608927504348
logs/log_exp1/log_exp1_run2.txt,1,2,27,1356.2929046810066
logs/log_exp1/log_exp1_run2.txt,1,2,28,918.2567326381043
logs/log_exp1/log_exp1_run2.txt,1,2,29,879.8821125009632
logs/log_exp1/log_exp1_run2.txt,1,2,30,756.3723221966594
logs/log_exp1/log_exp1_run2.txt,1,2,31,867.4727879719288
logs/log_exp1/log_exp1_run2.txt,1,2,32,794.4842483592765
logs/log_exp1/log_exp1_run2.txt,1,2,33,1239.2540395662688
logs/log_exp1/log_exp1_run2.txt,1,2,34,1292.2651006334647
logs/log_exp1/log_exp1_run2.txt,1,2,35,747.1277652636662
logs/log_exp1/log_exp1_run2.txt,1,2,36,1036.3687355798756
logs/log_exp1/log_exp1_run2.txt,1,2,37,715.7391332545892
logs/log_exp1/log_exp1_run2.txt,1,2,38,984.7281773610976
logs/log_exp1/log_exp1_run2.txt,1,2,39,795.1819544323429
logs/log_exp1/log_exp1_run2.txt,1,2,40,899.106133512562
logs/log_exp1/log_exp1_run2.txt,1,2,41,1195.1016789098774
logs/log_exp1/log_exp1_run2.txt,1,2,42,1360.623187300635
logs/log_exp1/log_exp1_run2.txt,1,2,43,1016.6863206526505
logs/log_exp1/log_exp1_run2.txt,1,2,44,1029.5853265980077
logs/log_exp1/log_exp1_run2.txt,1,2,45,689.7532744871064
logs/log_exp1/log_exp1_run2.txt,1,2,46,787.8755859002029
logs/log_exp1/log_exp1_run2.txt,1,2,47,699.140143934919
logs/log_exp1/log_exp1_run2.txt,1,2,48,985.7125991701465
logs/log_exp1/log_exp1_run2.txt,1,2,49,780.7367527567137
logs/log_exp1/log_exp1_run2.txt,1,2,50,824.9028131803243
logs/log_exp1/log_exp1_run2.txt,1,2,51,1287.9109259485563
logs/log_exp1/log_exp1_run2.txt,1,2,52,991.3716780802158
logs/log_exp1/log_exp1_run2.txt,1,2,53,1222.5114137675778
logs/log_exp1/log_exp1_run2.txt,1,2,54,860.6451942955285
logs/log_exp1/log_exp1_run2.txt,1,2,55,759.5166917780592
logs/log_exp1/log_exp1_run2.txt,1,2,56,854.7748360992388
logs/log_exp1/log_exp1_run2.txt,1,2,57,915.9620016075148
logs/log_exp1/log_exp1_run2.txt,1,2,58,1086.6867790509755
logs/log_exp1/log_exp1_run2.txt,1,2,59,1251.4805796541132
logs/log_exp1/log_exp1_run2.txt,1,2,60,1094.282518754594
logs/log_exp1/log_exp1_run2.txt,1,2,61,818.3905504948266
logs/log_exp1/log_exp1_run2.txt,1,2,62,1202.254146685133
logs/log_exp1/log_exp1_run2.txt,1,2,63,918.1414690826908
logs/log_exp1/log_exp1_run2.txt,1,2,64,954.5389237648727
logs/log_exp1/log_exp1_run2.txt,1,2,65,793.075356329074
logs/log_exp1/log_exp1_run2.txt,1,2,66,856.4369128619412
logs/log_exp1/log_exp1_run2.txt,1,2,67,678.9122356280117
logs/log_exp1/log_exp1_run2.txt,1,2,68,1661.588612421925
logs/log_exp1/log_exp1_run2.txt,1,2,69,893.3949410103635
logs/log_exp1/log_exp1_run2.txt,1,2,70,958.203749086933
logs/log_exp1/log_exp1_run2.txt,1,2,71,808.3280318854165
logs/log_exp1/log_exp1_run2.txt,1,2,72,932.6914203318314
logs/log_exp1/log_exp1_run2.txt,1,2,73,1010.2111738061942
logs/log_exp1/log_exp1_run2.txt,1,2,74,892.3470803632114
logs/log_exp1/log_exp1_run2.txt,1,2,75,1004.159744506672
logs/log_exp1/log_exp1_run2.txt,1,2,76,612.6900918521239
logs/log_exp1/log_exp1_run2.txt,1,2,77,416.7339662723478
logs/log_exp1/log_exp1_run2.txt,1,2,78,969.0674137687422
logs/log_exp1/log_exp1_run2.txt,1,2,79,736.6613731111196
logs/log_exp1/log_exp1_run2.txt,1,2,80,1378.948226700232
logs/log_exp1/log_exp1_run2.txt,1,2,81,850.9653374180659
logs/log_exp1/log_exp1_run2.txt,1,2,82,547.6674629335896
logs/log_exp1/log_exp1_run2.txt,1,2,83,932.9955843389014
logs/log_exp1/log_exp1_run2.txt,1,2,84,1001.5988858470616
logs/log_exp1/log_exp1_run2.txt,1,2,85,1442.7372428801978
logs/log_exp1/log_exp1_run2.txt,1,2,86,778.4004360513998
logs/log_exp1/log_exp1_run2.txt,1,2,87,794.8030439538286
logs/log_exp1/log_exp1_run2.txt,1,2,88,683.3144406224119
logs/log_exp1/log_exp1_run2.txt,1,2,89,1054.9763745869216
logs/log_exp1/log_exp1_run2.txt,1,2,90,809.525000736566
logs/log_exp1/log_exp1_run2.txt,1,2,91,645.5478373117137
logs/log_exp1/log_exp1_run2.txt,1,2,92,891.3528891653707
logs/log_exp1/log_exp1_run2.txt,1,2,93,917.7581050361816
logs/log_exp1/log_exp1_run2.txt,1,2,94,1071.1919467372577
logs/log_exp1/log_exp1_run2.txt,1,2,95,1203.2516380998525
logs/log_exp1/log_exp1_run2.txt,1,2,96,1664.1949701709207
logs/log_exp1/log_exp1_run2.txt,1,2,97,1221.9230380778056
logs/log_exp1/log_exp1_run2.txt,1,2,98,411.18403115912196
logs/log_exp1/log_exp1_run2.txt,1,2,99,989.9639687634879
logs/log_exp1/log_exp1_run2.txt,1,2,100,700.2710188635144
logs/log_exp1/log_exp1_run3.txt,1,3,0,-353.9140595034111
logs/log_exp1/log_exp1_run3.txt,1,3,1,946.7806036002163
logs/log_exp1/log_exp1_run3.txt,1,3,2,1128.1846898649285
logs/log_exp1/log_exp1_run3.txt,1,3,3,606.2964160618383
logs/log_exp1/log_exp1_run3.txt,1,3,4,1081.9776136323642
logs/log_exp1/log_exp1_run3.txt,1,3,5,570.2128979712804
logs/log_exp1/log_exp1_run3.txt,1,3,6,1063.0565334950447
logs/log_exp1/log_exp1_run3.txt,1,3,7,999.4750796333594
logs/log_exp1/log_exp1_run3.txt,1,3,8,747.6154380795992
logs/log_exp1/log_exp1_run3.txt,1,3,9,686.7677802852731
logs/log_exp1/log_exp1_run3.txt,1,3,10,1435.4520536503464
logs/log_exp1/log_exp1_run3.txt,1,3,11,755.4083160026983
logs/log_exp1/log_exp1_run3.txt,1,3,12,708.1953880016392
logs/log_exp1/log_exp1_run3.txt,1,3,13,1365.8650172776702
logs/log_exp1/log_exp1_run3.txt,1,3,14,597.2886254230245
logs/log_exp1/log_exp1_run3.txt,1,3,15,1110.019899263681
logs/log_exp1/log_exp1_run3.txt,1,3,16,765.4052011076205
logs/log_exp1/log_exp1_run3.txt,1,3,17,817.4830105826177
logs/log_exp1/log_exp1_run3.txt,1,3,18,884.9693102039466
logs/log_exp1/log_exp1_run3.txt,1,3,19,1118.6078283210531
logs/log_exp1/log_exp1_run3.txt,1,3,20,1119.8117235140896
logs/log_exp1/log_exp1_run3.txt,1,3,21,978.8169569032495
logs/log_exp1/log_exp1_run3.txt,1,3,22,581.2240130349917
logs/log_exp1/log_exp1_run3.txt,1,3,23,1358.4473948690115
logs/log_exp1/log_exp1_run3.txt,1,3,24,757.7643977070104
logs/log_exp1/log_exp1_run3.txt,1,3,25,706.256905254975
logs/log_exp1/log_exp1_run3.txt,1,3,26,627.7931322714205
logs/log_exp1/log_exp1_run3.txt,1,3,27,1114.4723527894607
logs/log_exp1/log_exp1_run3.txt,1,3,28,809.0242279816932
logs/log_exp1/log_exp1_run3.txt,1,3,29,880.9987669753357
logs/log_exp1/log_exp1_run3.txt,1,3,30,1472.2836455459399
logs/log_exp1/log_exp1_run3.txt,1,3,31,1400.0459984546935
logs/log_exp1/log_exp1_run3.txt,1,3,32,1427.1942385297439
logs/log_exp1/log_exp1_run3.txt,1,3,33,1210.7394284691572
logs/log_exp1/log_exp1_run3.txt,1,3,34,745.1431050242909
logs/log_exp1/log_exp1_run3.txt,1,3,35,1291.4118894560895
logs/log_exp1/log_exp1_run3.txt,1,3,36,1072.1865096032188
logs/log_exp1/log_exp1_run3.txt,1,3,37,1184.9060264131713
logs/log_exp1/log_exp1_run3.txt,1,3,38,768.1414462445589
logs/log_exp1/log_exp1_run3.txt,1,3,39,923.7458858671935
logs/log_exp1/log_exp1_run3.txt,1,3,40,800.8229382080156
logs/log_exp1/log_exp1_run3.txt,1,3,41,1169.1410075245306
logs/log_exp1/log_exp1_run3.txt,1,3,42,1805.6727449625673
logs/log_exp1/log_exp1_run3.txt,1,3,43,1276.302374742499
logs/log_exp1/log_exp1_run3.txt,1,3,44,992.5783985451311
logs/log_exp1/log_exp1_run3.txt,1,3,45,995.4635151444045
logs/log_exp1/log_exp1_run3.txt,1,3,46,1299.3477956923866
logs/log_exp1/log_exp1_run3.txt,1,3,47,702.9761698640301
logs/log_exp1/log_exp1_run3.txt,1,3,48,853.2383496055721
logs/log_exp1/log_exp1_run3.txt,1,3,49,513.8127449637619
logs/log_exp1/log_exp1_run3.txt,1,3,50,1007.8355903650227
logs/log_exp1/log_exp1_run3.txt,1,3,51,975.0711023685515
logs/log_exp1/log_exp1_run3.txt,1,3,52,674.5723447105493
logs/log_exp1/log_exp1_run3.txt,1,3,53,1007.2175639026943
logs/log_exp1/log_exp1_run3.txt,1,3,54,1014.4094355733578
logs/log_exp1/log_exp1_run3.txt,1,3,55,930.8497740383057
logs/log_exp1/log_exp1_run3.txt,1,3,56,1184.0290064131027
logs/log_exp1/log_exp1_run3.txt,1,3,57,975.6108249970969
logs/log_exp1/log_exp1_run3.txt,1,3,58,603.5068049157492
logs/log_exp1/log_exp1_run3.txt,1,3,59,665.7250744954429
logs/log_exp1/log_exp1_run3.txt,1,3,60,682.9484226869604
logs/log_exp1/log_exp1_run3.txt,1,3,61,1261.8880407834083
logs/log_exp1/log_exp1_run3.txt,1,3,62,769.7917679375616
logs/log_exp1/log_exp1_run3.txt,1,3,63,831.9883520348774
logs/log_exp1/log_exp1_run3.txt,1,3,64,707.2378962724474
logs/log_exp1/log_exp1_run3.txt,1,3,65,1326.961618376548
logs/log_exp1/log_exp1_run3.txt,1,3,66,1039.429014904641
logs/log_exp1/log_exp1_run3.txt,1,3,67,1027.0916611534751
logs/log_exp1/log_exp1_run3.txt,1,3,68,739.0697343266547
logs/log_exp1/log_exp1_run3.txt,1,3,69,739.0534095008289
logs/log_exp1/log_exp1_run3.txt,1,3,70,1211.8972943037957
logs/log_exp1/log_exp1_run3.txt,1,3,71,1020.889949666531
logs/log_exp1/log_exp1_run3.txt,1,3,72,630.1788409209685
logs/log_exp1/log_exp1_run3.txt,1,3,73,673.4280350081469
logs/log_exp1/log_exp1_run3.txt,1,3,74,917.2589283191701
logs/log_exp1/log_exp1_run3.txt,1,3,75,827.7883647018047
logs/log_exp1/log_exp1_run3.txt,1,3,76,1136.485835118186
logs/log_exp1/log_exp1_run3.txt,1,3,77,1046.2446741707968
logs/log_exp1/log_exp1_run3.txt,1,3,78,587.7236630524691
logs/log_exp1/log_exp1_run3.txt,1,3,79,848.5909522926646
logs/log_exp1/log_exp1_run3.txt,1,3,80,1057.877000272034
logs/log_exp1/log_exp1_run3.txt,1,3,81,807.2512689619523
logs/log_exp1/log_exp1_run3.txt,1,3,82,902.6481913136095
logs/log_exp1/log_exp1_run3.txt,1,3,83,707.7993283281874
logs/log_exp1/log_exp1_run3.txt,1,3,84,620.5495754522265
logs/log_exp1/log_exp1_run3.txt,1,3,85,1177.5786392082653
logs/log_exp1/log_exp1_run3.txt,1,3,86,1030.6045119259284
logs/log_exp1/log_exp1_run3.txt,1,3,87,1068.214172170401
logs/log_exp1/log_exp1_run3.txt,1,3,88,385.70591871463364
logs/log_exp1/log_exp1_run3.txt,1,3,89,1178.12564713878
logs/log_exp1/log_exp1_run3.txt,1,3,90,846.8778862233997
logs/log_exp1/log_exp1_run3.txt,1,3,91,606.1767628124162
logs/log_exp1/log_exp1_run3.txt,1,3,92,1079.8179428737983
logs/log_exp1/log_exp1_run3.txt,1,3,93,1154.2144588688866
logs/log_exp1/log_exp1_run3.txt,1,3,94,625.2858343307107
logs/log_exp1/log_exp1_run3.txt,1,3,95,1342.3574382517666
logs/log_exp1/log_exp1_run3.txt,1,3,96,1236.8086718902236
logs/log_exp1/log_exp1_run3.txt,1,3,97,693.8858973791955
logs/log_exp1/log_exp1_run3.txt,1,3,98,770.2810181631442
logs/log_exp1/log_exp1_run3.txt,1,3,99,1018.50220313517
logs/log_exp1/log_exp1_run3.txt,1,3,100,1091.3482882024714
logs/log_exp1/log_exp1_run4.txt,1,4,0,895.7614280186344
logs/log_exp1/log_exp1_run4.txt,1,4,1,181.63100287486276
logs/log_exp1/log_exp1_run4.txt,1,4,2,475.79604912595534
logs/log_exp1/log_exp1_run4.txt,1,4,3,1548.71155839469
logs/log_exp1/log_exp1_run4.txt,1,4,4,1262.6724780145953
logs/log_exp1/log_exp1_run4.txt,1,4,5,648.5034543143793
logs/log_exp1/log_exp1_run4.txt,1,4,6,1042.7036963027545
logs/log_exp1/log_exp1_run4.txt,1,4,7,951.6453332063304
logs/log_exp1/log_exp1_run4.txt,1,4,8,1170.1045351194136
logs/log_exp1/log_exp1_run4.txt,1,4,9,780.7972845871742
logs/log_exp1/log_exp1_run4.txt,1,4,10,1010.0207645618211
logs/log_exp1/log_exp1_run4.txt,1,4,11,928.1286141721218
logs/log_exp1/log_exp1_run4.txt,1,4,12,858.3816166772625
logs/log_exp1/log_exp1_run4.txt,1,4,13,845.3339723549168
logs/log_exp1/log_exp1_run4.txt,1,4,14,928.7776302854488
logs/log_exp1/log_exp1_run4.txt,1,4,15,1460.592015164661
logs/log_exp1/log_exp1_run4.txt,1,4,16,908.8535850640453
logs/log_exp1/log_exp1_run4.txt,1,4,17,1321.9123620041014
logs/log_exp1/log_exp1_run4.txt,1,4,18,1350.0538939213725
logs/log_exp1/log_exp1_run4.txt,1,4,19,1025.7594447741726
logs/log_exp1/log_exp1_run4.txt,1,4,20,1084.0670646745355
logs/log_exp1/log_exp1_run4.txt,1,4,21,1177.3788516317463
logs/log_exp1/log_exp1_run4.txt,1,4,22,762.775407925015
logs/log_exp1/log_exp1_run4.txt,1,4,23,518.2855017522131
logs/log_exp1/log_exp1_run4.txt,1,4,24,949.6947749738902
logs/log_exp1/log_exp1_run4.txt,1,4,25,996.2070638918591
logs/log_exp1/log_exp1_run4.txt,1,4,26,798.0182700440959
logs/log_exp1/log_exp1_run4.txt,1,4,27,835.7639666606995
logs/log_exp1/log_exp1_run4.txt,1,4,28,814.956672880594
logs/log_exp1/log_exp1_run4.txt,1,4,29,1434.7734110463293
logs/log_exp1/log_exp1_run4.txt,1,4,30,732.0622611774428
logs/log_exp1/log_exp1_run4.txt,1,4,31,820.1794822915796
logs/log_exp1/log_exp1_run4.txt,1,4,32,1024.6538631387084
logs/log_exp1/log_exp1_run4.txt,1,4,33,769.104967755732
logs/log_exp1/log_exp1_run4.txt,1,4,34,739.0793750476139
logs/log_exp1/log_exp1_run4.txt,1,4,35,1272.7418339988005
logs/log_exp1/log_exp1_run4.txt,1,4,36,734.236888256446
logs/log_exp1/log_exp1_run4.txt,1,4,37,904.1709117387094
logs/log_exp1/log_exp1_run4.txt,1,4,38,802.0930537197474
logs/log_exp1/log_exp1_run4.txt,1,4,39,1303.833339006565
logs/log_exp1/log_exp1_run4.txt,1,4,40,1097.067281045135
logs/log_exp1/log_exp1_run4.txt,1,4,41,844.5704071380312
logs/log_exp1/log_exp1_run4.txt,1,4,42,722.1906325401211
logs/log_exp1/log_exp1_run4.txt,1,4,43,1096.1916580558257
logs/log_exp1/log_exp1_run4.txt,1,4,44,845.3698440090499
logs/log_exp1/log_exp1_run4.txt,1,4,45,728.6663942046825
logs/log_exp1/log_exp1_run4.txt,1,4,46,746.4054743785276
logs/log_exp1/log_exp1_run4.txt,1,4,47,982.474803354009
logs/log_exp1/log_exp1_run4.txt,1,4,48,1058.9063362575905
logs/log_exp1/log_exp1_run4.txt,1,4,49,1256.6894723623507
logs/log_exp1/log_exp1_run4.txt,1,4,50,1030.2658988225603
logs/log_exp1/log_exp1_run4.txt,1,4,51,744.84012163936
logs/log_exp1/log_exp1_run4.txt,1,4,52,1152.6540597372812
logs/log_exp1/log_exp1_run4.txt,1,4,53,683.0031447164869
logs/log_exp1/log_exp1_run4.txt,1,4,54,981.3356211818646
logs/log_exp1/log_exp1_run4.txt,1,4,55,957.3495175040458
logs/log_exp1/log_exp1_run4.txt,1,4,56,940.1182820188063
logs/log_exp1/log_exp1_run4.txt,1,4,57,1172.2117389957082
logs/log_exp1/log_exp1_run4.txt,1,4,58,462.03353038306466
logs/log_exp1/log_exp1_run4.txt,1,4,59,858.9880360843002
logs/log_exp1/log_exp1_run4.txt,1,4,60,516.971554882038
logs/log_exp1/log_exp1_run4.txt,1,4,61,782.7535846030607
logs/log_exp1/log_exp1_run4.txt,1,4,62,922.7864642612836
logs/log_exp1/log_exp1_run4.txt,1,4,63,1160.3708412334388
logs/log_exp1/log_exp1_run4.txt,1,4,64,1058.4588115189458
logs/log_exp1/log_exp1_run4.txt,1,4,65,1171.5770573321115
logs/log_exp1/log_exp1_run4.txt,1,4,66,1557.4061033091805
logs/log_exp1/log_exp1_run4.txt,1,4,67,381.3682034891897
logs/log_exp1/log_exp1_run4.txt,1,4,68,771.0389729149081
logs/log_exp1/log_exp1_run4.txt,1,4,69,1021.555884750818
logs/log_exp1/log_exp1_run4.txt,1,4,70,1010.8259346026061
logs/log_exp1/log_exp1_run4.txt,1,4,71,917.3501446514923
logs/log_exp1/log_exp1_run4.txt,1,4,72,905.0992104486971
logs/log_exp1/log_exp1_run4.txt,1,4,73,726.0930185673861
logs/log_exp1/log_exp1_run4.txt,1,4,74,1162.256637715816
logs/log_exp1/log_exp1_run4.txt,1,4,75,847.1757140302577
logs/log_exp1/log_exp1_run4.txt,1,4,76,1017.5041214060366
logs/log_exp1/log_exp1_run4.txt,1,4,77,1258.117066715485
logs/log_exp1/log_exp1_run4.txt,1,4,78,1024.1235676487927
logs/log_exp1/log_exp1_run4.txt,1,4,79,810.5428252651282
logs/log_exp1/log_exp1_run4.txt,1,4,80,1203.5695502373592
logs/log_exp1/log_exp1_run4.txt,1,4,81,1372.3375740495003
logs/log_exp1/log_exp1_run4.txt,1,4,82,935.9766178520695
logs/log_exp1/log_exp1_run4.txt,1,4,83,633.0573773751254
logs/log_exp1/log_exp1_run4.txt,1,4,84,900.8579753557029
logs/log_exp1/log_exp1_run4.txt,1,4,85,1106.718723588706
logs/log_exp1/log_exp1_run4.txt,1,4,86,724.3356062074414
logs/log_exp1/log_exp1_run4.txt,1,4,87,761.1841851072558
logs/log_exp1/log_exp1_run4.txt,1,4,88,1066.7111425146352
logs/log_exp1/log_exp1_run4.txt,1,4,89,1062.8719174494013
logs/log_exp1/log_exp1_run4.txt,1,4,90,975.753970717897
logs/log_exp1/log_exp1_run4.txt,1,4,91,1243.3215847734953
logs/log_exp1/log_exp1_run4.txt,1,4,92,950.617376349951
logs/log_exp1/log_exp1_run4.txt,1,4,93,1019.2548038310563
logs/log_exp1/log_exp1_run4.txt,1,4,94,956.5018385317456
logs/log_exp1/log_exp1_run4.txt,1,4,95,1392.9090913391085
logs/log_exp1/log_exp1_run4.txt,1,4,96,850.9109740125095
logs/log_exp1/log_exp1_run4.txt,1,4,97,1245.5659343010955
logs/log_exp1/log_exp1_run4.txt,1,4,98,1117.822621538479
logs/log_exp1/log_exp1_run4.txt,1,4,99,965.8717436681102
logs/log_exp1/log_exp1_run4.txt,1,4,100,656.5054924643787
logs/log_exp2/log_exp2_run0.txt,2,0,0,252.95711138208048
logs/log_exp2/log_exp2_run0.txt,2,0,1,691.9499129265972
logs/log_exp2/log_exp2_run0.txt,2,0,2,888.9964466222813
logs/log_exp2/log_exp2_run0.txt,2,0,3,364.9687779523286
logs/log_exp2/log_exp2_run0.txt,2,0,4,1113.810630240369
logs/log_exp2/log_exp2_run0.txt,2,0,5,699.8620436351814
logs/log_exp2/log_exp2_run0.txt,2,0,6,1014.6768945589025
logs/log_exp2/log_exp2_run0.txt,2,0,7,551.5724147153844
logs/log_exp2/log_exp2_run0.txt,2,0,8,733.1143967801323
logs/log_exp2/log_exp2_run0.txt,2,0,9,1067.984353973721
logs/log_exp2/log_exp2_run0.txt,2,0,10,947.5356398948661
logs/log_exp2/log_exp2_run0.txt,2,0,11,1006.4846497692821
logs/log_exp2/log_exp2_run0.txt,2,0,12,770.2047148473366
logs/log_exp2/log_exp2_run0.txt,2,0,13,797.6575764618599
logs/log_exp2/log_exp2_run0.txt,2,0,14,1039.7191579831563
logs/log_exp2/log_exp2_run0.txt,2,0,15,1074.2883514771777
logs/log_exp2/log_exp2_run0.txt,2,0,16,1406.998934119048
logs/log_exp2/log_exp2_run0.txt,2,0,17,637.8539286413904
logs/log_exp2/log_exp2_run0.txt,2,0,18,749.5945475518413
logs/log_exp2/log_exp2_run0.txt,2,0,19,850.1553299184816
logs/log_exp2/log_exp2_run0.txt,2,0,20,1124.6516109814106
logs/log_exp2/log_exp2_run0.txt,2,0,21,1149.0649365386046
logs/log_exp2/log_exp2_run0.txt,2,0,22,1010.6477148946291
logs/log_exp2/log_exp2_run0.txt,2,0,23,802.5741959906152
logs/log_exp2/log_exp2_run0.txt,2,0,24,801.2894820323814
logs/log_exp2/log_exp2_run0.txt,2,0,25,697.1965453845332
logs/log_exp2/log_exp2_run0.txt,2,0,26,1254.915458209067
logs/log_exp2/log_exp2_run0.txt,2,0,27,793.6074809784762
logs/log_exp2/log_exp2_run0.txt,2,0,28,1162.7206022496234
logs/log_exp2/log_exp2_run0.txt,2,0,29,1021.3793237787213
logs/log_exp2/log_exp2_run0.txt,2,0,30,750.484225909295
logs/log_exp2/log_exp2_run0.txt,2,0,31,811.2123490180097
logs/log_exp2/log_exp2_run0.txt,2,0,32,899.5179134627513
logs/log_exp2/log_exp2_run0.txt,2,0,33,800.0069356115624
logs/log_exp2/log_exp2_run0.txt,2,0,34,1049.3750117840714
logs/log_exp2/log_exp2_run0.txt,2,0,35,1202.9372427930152
logs/log_exp2/log_exp2_run0.txt,2,0,36,1622.5295465001109
logs/log_exp2/log_exp2_run0.txt,2,0,37,1174.1388121803525
logs/log_exp2/log_exp2_run0.txt,2,0,38,813.2417717802127
logs/log_exp2/log_exp2_run0.txt,2,0,39,1105.5789392292168
logs/log_exp2/log_exp2_run0.txt,2,0,40,1029.77409801859
logs/log_exp2/log_exp2_run0.txt,2,0,41,1185.728447353881
logs/log_exp2/log_exp2_run0.txt,2,0,42,1308.6519972456015
logs/log_exp2/log_exp2_run0.txt,2,0,43,1385.1105750086683
logs/log_exp2/log_exp2_run0.txt,2,0,44,946.8444224747931
logs/log_exp2/log_exp2_run0.txt,2,0,45,728.7532472053847
logs/log_exp2/log_exp2_run0.txt,2,0,46,1031.3342696473658
logs/log_exp2/log_exp2_run0.txt,2,0,47,1345.6789199939428
logs/log_exp2/log_exp2_run0.txt,2,0,48,1218.5234243376606
logs/log_exp2/log_exp2_run0.txt,2,0,49,1347.794098785086
logs/log_exp2/log_exp2_run0.txt,2,0,50,580.7676589066276
logs/log_exp2/log_exp2_run0.txt,2,0,51,753.4729898648941
logs/log_exp2/log_exp2_run0.txt,2,0,52,841.4762089345534
logs/log_exp2/log_exp2_run0.txt,2,0,53,1110.8719489786317
logs/log_exp2/log_exp2_run0.txt,2,0,54,810.1601604302357
logs/log_exp2/log_exp2_run0.txt,2,0,55,700.1950752040616
logs/log_exp2/log_exp2_run0.txt,2,0,56,1304.1915130366215
logs/log_exp2/log_exp2_run0.txt,2,0,57,873.6637919418775
logs/log_exp2/log_exp2_run0.txt,2,0,58,1293.1173706210498
logs/log_exp2/log_exp2_run0.txt,2,0,59,692.1421341627159
logs/log_exp2/log_exp2_run0.txt,2,0,60,935.2972864438068
logs/log_exp2/log_exp2_run0.txt,2,0,61,894.2898409030811
logs/log_exp2/log_exp2_run0.txt,2,0,62,800.6737578288466
logs/log_exp2/log_exp2_run0.txt,2,0,63,763.0605340267982
logs/log_exp2/log_exp2_run0.txt,2,0,64,1048.2680429793243
logs/log_exp2/log_exp2_run0.txt,2,0,65,1411.7225817095027
logs/log_exp2/log_exp2_run0.txt,2,0,66,1029.1335891062474
logs/log_exp2/log_exp2_run0.txt,2,0,67,1033.9144414294526
logs/log_exp2/log_exp2_run0.txt,2,0,68,723.2721001138802
logs/log_exp2/log_exp2_run0.txt,2,0,69,981.3600967296912
logs/log_exp2/log_exp2_run0.txt,2,0,70,779.351064196195
logs/log_exp2/log_exp2_run0.txt,2,0,71,895.7502798785652
logs/log_exp2/log_exp2_run0.txt,2,0,72,972.3761688120409
logs/log_exp2/log_exp2_run0.txt,2,0,73,1069.8012107982772
logs/log_exp2/log_exp2_run0.txt,2,0,74,888.9390936860684
logs/log_exp2/log_exp2_run0.txt,2,0,75,1024.8443776102854
logs/log_exp2/log_exp2_run0.txt,2,0,76,932.5578964598432
logs/log_exp2/log_exp2_run0.txt,2,0,77,1468.628148926973
logs/log_exp2/log_exp2_run0.txt,2,0,78,1442.9811768929947
logs/log_exp2/log_exp2_run0.txt,2,0,79,1082.0322518802375
logs/log_exp2/log_exp2_run0.txt,2,0,80,655.097370640857
logs/log_exp2/log_exp2_run0.txt,2,0,81,925.8815492897854
logs/log_exp2/log_exp2_run0.txt,2,0,82,896.3821316005294
logs/log_exp2/log_exp2_run0.txt,2,0,83,1099.350517923152
logs/log_exp2/log_exp2_run0.txt,2,0,84,1264.2643967067766
logs/log_exp2/log_exp2_run0.txt,2,0,85,1025.0705555865402
logs/log_exp2/log_exp2_run0.txt,2,0,86,1129.4668782101728
logs/log_exp2/log_exp2_run0.txt,2,0,87,1028.0612265944278
logs/log_exp2/log_exp2_run0.txt,2,0,88,808.0303013473676
logs/log_exp2/log_exp2_run0.txt,2,0,89,720.1964629028755
logs/log_exp2/log_exp2_run0.txt,2,0,90,776.6550655377844
logs/log_exp2/log_exp2_run0.txt,2,0,91,1008.4913882158091
logs/log_exp2/log_exp2_run0.txt,2,0,92,1239.3039227794538
logs/log_exp2/log_exp2_run0.txt,2,0,93,681.3744771015796
logs/log_exp2/log_exp2_run0.txt,2,0,94,1025.1839034172172
logs/log_exp2/log_exp2_run0.txt,2,0,95,780.6665885408145
logs/log_exp2/log_exp2_run0.txt,2,0,96,709.5179314199729
logs/log_exp2/log_exp2_run0.txt,2,0,97,1047.7913289095536
logs/log_exp2/log_exp2_run0.txt,2,0,98,959.9698251573569
logs/log_exp2/log_exp2_run0.txt,2,0,99,1389.311171457785
logs/log_exp2/log_exp2_run0.txt,2,0,100,1015.6892986236538
logs/log_exp2/log_exp2_run1.txt,2,1,0,460.9697912878011
logs/log_exp2/log_exp2_run1.txt,2,1,1,71.23985436242147
logs/log_exp2/log_exp2_run1.txt,2,1,2,530.081022407474
logs/log_exp2/log_exp2_run1.txt,2,1,3,490.8155209888879
logs/log_exp2/log_exp2_run1.txt,2,1,4,454.5326816731971
logs/log_exp2/log_exp2_run1.txt,2,1,5,750.0494148912084
logs/log_exp2/log_exp2_run1.txt,2,1,6,447.9792735727609
logs/log_exp2/log_exp2_run1.txt,2,1,7,522.4533664556936
logs/log_exp2/log_exp2_run1.txt,2,1,8,843.0742401928683
logs/log_exp2/log_exp2_run1.txt,2,1,9,674.3462748219802
logs/log_exp2/log_exp2_run1.txt,2,1,10,1029.68167616796
logs/log_exp2/log_exp2_run1.txt,2,1,11,855.7897770928518
logs/log_exp2/log_exp2_run1.txt,2,1,12,735.4140548070652
logs/log_exp2/log_exp2_run1.txt,2,1,13,1140.8520033724546
logs/log_exp2/log_exp2_run1.txt,2,1,14,1052.701428055068
logs/log_exp2/log_exp2_run1.txt,2,1,15,680.1360113047759
logs/log_exp2/log_exp2_run1.txt,2,1,16,1058.2263792199399
logs/log_exp2/log_exp2_run1.txt,2,1,17,924.9897275519625
logs/log_exp2/log_exp2_run1.txt,2,1,18,859.7043565646505
logs/log_exp2/log_exp2_run1.txt,2,1,19,1206.5418899240833
logs/log_exp2/log_exp2_run1.txt,2,1,20,887.281747395615
logs/log_exp2/log_exp2_run1.txt,2,1,21,612.5086016670715
logs/log_exp2/log_exp2_run1.txt,2,1,22,810.6415820368255
logs/log_exp2/log_exp2_run1.txt,2,1,23,959.2025171610252
logs/log_exp2/log_exp2_run1.txt,2,1,24,910.4013975266942
logs/log_exp2/log_exp2_run1.txt,2,1,25,941.9073174719724
logs/log_exp2/log_exp2_run1.txt,2,1,26,844.463461948699
logs/log_exp2/log_exp2_run1.txt,2,1,27,1002.9392280320113
logs/log_exp2/log_exp2_run1.txt,2,1,28,608.9656264985886
logs/log_exp2/log_exp2_run1.txt,2,1,29,877.0432734148217
logs/log_exp2/log_exp2_run1.txt,2,1,30,595.8255199866684
logs/log_exp2/log_exp2_run1.txt,2,1,31,683.1829438660377
logs/log_exp2/log_exp2_run1.txt,2,1,32,872.939284118246
logs/log_exp2/log_exp2_run1.txt,2,1,33,889.4092538104278
logs/log_exp2/log_exp2_run1.txt,2,1,34,904.2121620093105
logs/log_exp2/log_exp2_run1.txt,2,1,35,1122.6680398317505
logs/log_exp2/log_exp2_run1.txt,2,1,36,1302.3965710530756
logs/log_exp2/log_exp2_run1.txt,2,1,37,780.0608794862699
logs/log_exp2/log_exp2_run1.txt,2,1,38,907.5952037137122
logs/log_exp2/log_exp2_run1.txt,2,1,39,738.2888839947896
logs/log_exp2/log_exp2_run1.txt,2,1,40,1422.3050176188672
logs/log_exp2/log_exp2_run1.txt,2,1,41,742.7698132340371
logs/log_exp2/log_exp2_run1.txt,2,1,42,983.8212475624636
logs/log_exp2/log_exp2_run1.txt,2,1,43,984.5923458505531
logs/log_exp2/log_exp2_run1.txt,2,1,44,875.166330141461
logs/log_exp2/log_exp2_run1.txt,2,1,45,1181.2198846045949
logs/log_exp2/log_exp2_run1.txt,2,1,46,693.8877208047314
logs/log_exp2/log_exp2_run1.txt,2,1,47,742.8751759346742
logs/log_exp2/log_exp2_run1.txt,2,1,48,1339.6763908271362
logs/log_exp2/log_exp2_run1.txt,2,1,49,932.9312238503123
logs/log_exp2/log_exp2_run1.txt,2,1,50,845.7740976441303
logs/log_exp2/log_exp2_run1.txt,2,1,51,1108.437532526728
logs/log_exp2/log_exp2_run1.txt,2,1,52,981.7841553371316
logs/log_exp2/log_exp2_run1.txt,2,1,53,953.4747537581018
logs/log_exp2/log_exp2_run1.txt,2,1,54,754.9694504441861
logs/log_exp2/log_exp2_run1.txt,2,1,55,932.0624597156402
logs/log_exp2/log_exp2_run1.txt,2,1,56,1105.6955625134028
logs/log_exp2/log_exp2_run1.txt,2,1,57,715.1431946259138
logs/log_exp2/log_exp2_run1.txt,2,1,58,690.016529152301
logs/log_exp2/log_exp2_run1.txt,2,1,59,1442.5014928859011
logs/log_exp2/log_exp2_run1.txt,2,1,60,619.3656218162849
logs/log_exp2/log_exp2_run1.txt,2,1,61,774.0566484669748
logs/log_exp2/log_exp2_run1.txt,2,1,62,1366.3965116600266
logs/log_exp2/log_exp2_run1.txt,2,1,63,1004.346566139618
logs/log_exp2/log_exp2_run1.txt,2,1,64,1172.386360374307
logs/log_exp2/log_exp2_run1.txt,2,1,65,1289.771203129893
logs/log_exp2/log_exp2_run1.txt,2,1,66,919.2968821263742
logs/log_exp2/log_exp2_run1.txt,2,1,67,1084.4178974451327
logs/log_exp2/log_exp2_run1.txt,2,1,68,778.4766227547249
logs/log_exp2/log_exp2_run1.txt,2,1,69,930.8606933934055
logs/log_exp2/log_exp2_run1.txt,2,1,70,954.5436941365375
logs/log_exp2/log_exp2_run1.txt,2,1,71,1060.2079367661738
logs/log_exp2/log_exp2_run1.txt,2,1,72,913.1648081000491
logs/log_exp2/log_exp2_run1.txt,2,1,73,526.668614036693
logs/log_exp2/log_exp2_run1.txt,2,1,74,761.8957953153434
logs/log_exp2/log_exp2_run1.txt,2,1,75,1020.9162302881059
logs/log_exp2/log_exp2_run1.txt,2,1,76,940.1345204197796
logs/log_exp2/log_exp2_run1.txt,2,1,77,882.1909338375966
logs/log_exp2/log_exp2_run1.txt,2,1,78,1010.274573834127
logs/log_exp2/log_exp2_run1.txt,2,1,79,535.8166650621959
logs/log_exp2/log_exp2_run1.txt,2,1,80,1383.1157670295313
logs/log_exp2/log_exp2_run1.txt,2,1,81,1123.9726791542485
logs/log_exp2/log_exp2_run1.txt,2,1,82,734.0396920069335
logs/log_exp2/log_exp2_run1.txt,2,1,83,771.6401178159937
logs/log_exp2/log_exp2_run1.txt,2,1,84,857.6261910614728
logs/log_exp2/log_exp2_run1.txt,2,1,85,1144.5757037874905
logs/log_exp2/log_exp2_run1.txt,2,1,86,847.9965205788947
logs/log_exp2/log_exp2_run1.txt,2,1,87,999.9494330442674
logs/log_exp2/log_exp2_run1.txt,2,1,88,993.3705693608317
logs/log_exp2/log_exp2_run1.txt,2,1,89,1069.159135275763
logs/log_exp2/log_exp2_run1.txt,2,1,90,1238.0225427573223
logs/log_exp2/log_exp2_run1.txt,2,1,91,1754.2079479694894
logs/log_exp2/log_exp2_run1.txt,2,1,92,595.2674695382602
logs/log_exp2/log_exp2_run1.txt,2,1,93,1202.5049870392659
logs/log_exp2/log_exp2_run1.txt,2,1,94,1121.9976098540474
logs/log_exp2/log_exp2_run1.txt,2,1,95,1039.4774689457936
logs/log_exp2/log_exp2_run1.txt,2,1,96,932.0325272114093
logs/log_exp2/log_exp2_run1.txt,2,1,97,989.2361934002056
logs/log_exp2/log_exp2_run1.txt,2,1,98,755.4663945381191
logs/log_exp2/log_exp2_run1.txt,2,1,99,770.0204242017929
logs/log_exp2/log_exp2_run1.txt,2,1,100,996.3407138673061
logs/log_exp2/log_exp2_run2.txt,2,2,0,-640.4826001492746
logs/log_exp2/log_exp2_run2.txt,2,2,1,820.0909057501882
logs/log_exp2/log_exp2_run2.txt,2,2,2,393.43414980189345
logs/log_exp2/log_exp2_run2.txt,2,2,3,752.2828908839532
logs/log_exp2/log_exp2_run2.txt,2,2,4,982.6077979452868
logs/log_exp2/log_exp2_run2.txt,2,2,5,711.5755931820177
logs/log_exp2/log_exp2_run2.txt,2,2,6,675.1293533640239
logs/log_exp2/log_exp2_run2.txt,2,2,7,1162.6519163481187
logs/log_exp2/log_exp2_run2.txt,2,2,8,1058.9274133153299
logs/log_exp2/log_exp2_run2.txt,2,2,9,409.4917636098706
logs/log_exp2/log_exp2_run2.txt,2,2,10,1066.4519076382321
logs/log_exp2/log_exp2_run2.txt,2,2,11,1037.2792827538258
logs/log_exp2/log_exp2_run2.txt,2,2,12,526.6584808166132
logs/log_exp2/log_exp2_run2.txt,2,2,13,970.8243329703822
logs/log_exp2/log_exp2_run2.txt,2,2,14,1141.1838266667223
logs/log_exp2/log_exp2_run2.txt,2,2,15,1079.9925819709526
logs/log_exp2/log_exp2_run2.txt,2,2,16,690.829979168421
logs/log_exp2/log_exp2_run2.txt,2,2,17,1412.659015366377
logs/log_exp2/log_exp2_run2.txt,2,2,18,514.6526562873457
logs/log_exp2/log_exp2_run2.txt,2,2,19,650.2380421553264
logs/log_exp2/log_exp2_run2.txt,2,2,20,1336.697233657635
logs/log_exp2/log_exp2_run2.txt,2,2,21,847.6021021758179
logs/log_exp2/log_exp2_run2.txt,2,2,22,1035.9661071489895
logs/log_exp2/log_exp2_run2.txt,2,2,23,1068.701089478312
logs/log_exp2/log_exp2_run2.txt,2,2,24,865.8284435352068
logs/log_exp2/log_exp2_run2.txt,2,2,25,1153.6188746235923
logs/log_exp2/log_exp2_run2.txt,2,2,26,1265.9462669142206
logs/log_exp2/log_exp2_run2.txt,2,2,27,784.0018822080001
logs/log_exp2/log_exp2_run2.txt,2,2,28,946.1154092107548
logs/log_exp2/log_exp2_run2.txt,2,2,29,916.9154724984344
logs/log_exp2/log_exp2_run2.txt,2,2,30,758.2239372457282
logs/log_exp2/log_exp2_run2.txt,2,2,31,1239.915081452651
logs/log_exp2/log_exp2_run2.txt,2,2,32,1031.1615615218977
logs/log_exp2/log_exp2_run2.txt,2,2,33,861.6737933796746
logs/log_exp2/log_exp2_run2.txt,2,2,34,1363.3894304949354
logs/log_exp2/log_exp2_run2.txt,2,2,35,1103.8969037654435
logs/log_exp2/log_exp2_run2.txt,2,2,36,772.950484873085
logs/log_exp2/log_exp2_run2.txt,2,2,37,1006.4926286387561
logs/log_exp2/log_exp2_run2.txt,2,2,38,1061.947645117763
logs/log_exp2/log_exp2_run2.txt,2,2,39,909.8227132646622
logs/log_exp2/log_exp2_run2.txt,2,2,40,1104.3763445228403
logs/log_exp2/log_exp2_run2.txt,2,2,41,802.319916604844
logs/log_exp2/log_exp2_run2.txt,2,2,42,647.4873211278887
logs/log_exp2/log_exp2_run2.txt,2,2,43,791.0372153060147
logs/log_exp2/log_exp2_run2.txt,2,2,44,782.472274946309
logs/log_exp2/log_exp2_run2.txt,2,2,45,740.8768282510391
logs/log_exp2/log_exp2_run2.txt,2,2,46,592.473337652945
logs/log_exp2/log_exp2_run2.txt,2,2,47,1154.3507196895648
logs/log_exp2/log_exp2_run2.txt,2,2,48,952.0328991654036
logs/log_exp2/log_exp2_run2.txt,2,2,49,1470.2451158573542
logs/log_exp2/log_exp2_run2.txt,2,2,50,1249.6792541345135
logs/log_exp2/log_exp2_run2.txt,2,2,51,858.650917596485
logs/log_exp2/log_exp2_run2.txt,2,2,52,1170.3181129761379
logs/log_exp2/log_exp2_run2.txt,2,2,53,838.7479573798831
logs/log_exp2/log_exp2_run2.txt,2,2,54,1188.710303037957
logs/log_exp2/log_exp2_run2.txt,2,2,55,620.8438333838476
logs/log_exp2/log_exp2_run2.txt,2,2,56,867.9389954822876
logs/log_exp2/log_exp2_run2.txt,2,2,57,1052.3387946538205
logs/log_exp2/log_exp2_run2.txt,2,2,58,709.1347141234444
logs/log_exp2/log_exp2_run2.txt,2,2,59,1008.4608055467752
logs/log_exp2/log_exp2_run2.txt,2,2,60,1329.2327078580588
logs/log_exp2/log_exp2_run2.txt,2,2,61,995.2704019274126
logs/log_exp2/log_exp2_run2.txt,2,2,62,669.6351572991283
logs/log_exp2/log_exp2_run2.txt,2,2,63,737.7550928183697
logs/log_exp2/log_exp2_run2.txt,2,2,64,1078.9239577237918
logs/log_exp2/log_exp2_run2.txt,2,2,65,1024.6788781742428
logs/log_exp2/log_exp2_run2.txt,2,2,66,1181.936286734407
logs/log_exp2/log_exp2_run2.txt,2,2,67,1295.217083210941
logs/log_exp2/log_exp2_run2.txt,2,2,68,1133.8965355692646
logs/log_exp2/log_exp2_run2.txt,2,2,69,845.473119241817
logs/log_exp2/log_exp2_run2.txt,2,2,70,961.7128118863744
logs/log_exp2/log_exp2_run2.txt,2,2,71,1040.73153733429
logs/log_exp2/log_exp2_run2.txt,2,2,72,1079.5996292412485
logs/log_exp2/log_exp2_run2.txt,2,2,73,1042.7221746549048
logs/log_exp2/log_exp2_run2.txt,2,2,74,1064.5080036737907
logs/log_exp2/log_exp2_run2.txt,2,2,75,1124.2150427860497
logs/log_exp2/log_exp2_run2.txt,2,2,76,1681.355429632344
logs/log_exp2/log_exp2_run2.txt,2,2,77,1753.7177204923278
logs/log_exp2/log_exp2_run2.txt,2,2,78,794.84938147141
logs/log_exp2/log_exp2_run2.txt,2,2,79,808.5964608865431
logs/log_exp2/log_exp2_run2.txt,2,2,80,874.9803291527442
logs/log_exp2/log_exp2_run2.txt,2,2,81,884.14186467856
logs/log_exp2/log_exp2_run2.txt,2,2,82,759.5280376733452
logs/log_exp2/log_exp2_run2.txt,2,2,83,683.9039691773177
logs/log_exp2/log_exp2_run2.txt,2,2,84,1053.7580872860137
logs/log_exp2/log_exp2_run2.txt,2,2,85,687.5392639286683
logs/log_exp2/log_exp2_run2.txt,2,2,86,893.8659423739024
logs/log_exp2/log_exp2_run2.txt,2,2,87,919.9167564784577
logs/log_exp2/log_exp2_run2.txt,2,2,88,943.2842253255743
logs/log_exp2/log_exp2_run2.txt,2,2,89,1427.6328691875553
logs/log_exp2/log_exp2_run2.txt,2,2,90,608.8935641543549
logs/log_exp2/log_exp2_run2.txt,2,2,91,1027.4039122902182
logs/log_exp2/log_exp2_run2.txt,2,2,92,1011.4205719170616
logs/log_exp2/log_exp2_run2.txt,2,2,93,994.6660892296975
logs/log_exp2/log_exp2_run2.txt,2,2,94,1106.6474036249008
logs/log_exp2/log_exp2_run2.txt,2,2,95,1347.1753002742935
logs/log_exp2/log_exp2_run2.txt,2,2,96,704.8348890644871
logs/log_exp2/log_exp2_run2.txt,2,2,97,1093.1903024461712
logs/log_exp2/log_exp2_run2.txt,2,2,98,405.95551021667626
logs/log_exp2/log_exp2_run2.txt,2,2,99,1398.9235404289768
logs/log_exp2/log_exp2_run2.txt,2,2,100,874.8470315708215
logs/log_exp2/log_exp2_run3.txt,2,3,0,-50.57488478731373
logs/log_exp2/log_exp2_run3.txt,2,3,1,629.0080394994226
logs/log_exp2/log_exp2_run3.txt,2,3,2,624.9737253527595
logs/log_exp2/log_exp2_run3.txt,2,3,3,993.7293851333194
logs/log_exp2/log_exp2_run3.txt,2,3,4,885.0006487426997
logs/log_exp2/log_exp2_run3.txt,2,3,5,1182.6281236003633
logs/log_exp2/log_exp2_run3.txt,2,3,6,707.4004787253036
logs/log_exp2/log_exp2_run3.txt,2,3,7,1521.534099593814
logs/log_exp2/log_exp2_run3.txt,2,3,8,1057.0480845716745
logs/log_exp2/log_exp2_run3.txt,2,3,9,1137.1129146497638
logs/log_exp2/log_exp2_run3.txt,2,3,10,1111.0682430359398
logs/log_exp2/log_exp2_run3.txt,2,3,11,922.6750056253213
logs/log_exp2/log_exp2_run3.txt,2,3,12,1068.6396100508591
logs/log_exp2/log_exp2_run3.txt,2,3,13,875.0914326327165
logs/log_exp2/log_exp2_run3.txt,2,3,14,1061.0569357267254
logs/log_exp2/log_exp2_run3.txt,2,3,15,852.8611708470592
logs/log_exp2/log_exp2_run3.txt,2,3,16,678.3240057551891
logs/log_exp2/log_exp2_run3.txt,2,3,17,1182.6193619057292
logs/log_exp2/log_exp2_run3.txt,2,3,18,1639.9149618906479
logs/log_exp2/log_exp2_run3.txt,2,3,19,1261.3703869749636
logs/log_exp2/log_exp2_run3.txt,2,3,20,1056.9775892102693
logs/log_exp2/log_exp2_run3.txt,2,3,21,1571.9247471598906
logs/log_exp2/log_exp2_run3.txt,2,3,22,864.3662054673105
logs/log_exp2/log_exp2_run3.txt,2,3,23,776.548370392641
logs/log_exp2/log_exp2_run3.txt,2,3,24,953.1048332475486
logs/log_exp2/log_exp2_run3.txt,2,3,25,778.2366792570267
logs/log_exp2/log_exp2_run3.txt,2,3,26,1086.2716609286108
logs/log_exp2/log_exp2_run3.txt,2,3,27,858.8293199618256
logs/log_exp2/log_exp2_run3.txt,2,3,28,967.5109731252767
logs/log_exp2/log_exp2_run3.txt,2,3,29,864.8832917803422
logs/log_exp2/log_exp2_run3.txt,2,3,30,1372.5216352367788
logs/log_exp2/log_exp2_run3.txt,2,3,31,626.4771870954538
logs/log_exp2/log_exp2_run3.txt,2,3,32,1049.00288059529
logs/log_exp2/log_exp2_run3.txt,2,3,33,737.1135275112885
logs/log_exp2/log_exp2_run3.txt,2,3,34,852.3007363719234
logs/log_exp2/log_exp2_run3.txt,2,3,35,902.7746137421891
logs/log_exp2/log_exp2_run3.txt,2,3,36,1053.988135646268
logs/log_exp2/log_exp2_run3.txt,2,3,37,1108.3892079647314
logs/log_exp2/log_exp2_run3.txt,2,3,38,1052.4894212176873
logs/log_exp2/log_exp2_run3.txt,2,3,39,1366.251634492357
logs/log_exp2/log_exp2_run3.txt,2,3,40,670.8730150871327
logs/log_exp2/log_exp2_run3.txt,2,3,41,1129.471166180118
logs/log_exp2/log_exp2_run3.txt,2,3,42,583.7738562660077
logs/log_exp2/log_exp2_run3.txt,2,3,43,767.3357383473065
logs/log_exp2/log_exp2_run3.txt,2,3,44,617.0075270378353
logs/log_exp2/log_exp2_run3.txt,2,3,45,722.9592163219047
logs/log_exp2/log_exp2_run3.txt,2,3,46,1734.9026227040636
logs/log_exp2/log_exp2_run3.txt,2,3,47,1147.6600322896415
logs/log_exp2/log_exp2_run3.txt,2,3,48,832.8068311032572
logs/log_exp2/log_exp2_run3.txt,2,3,49,1119.6426302246205
logs/log_exp2/log_exp2_run3.txt,2,3,50,1157.1791802444793
logs/log_exp2/log_exp2_run3.txt,2,3,51,1009.0379904779486
logs/log_exp2/log_exp2_run3.txt,2,3,52,953.4718962186656
logs/log_exp2/log_exp2_run3.txt,2,3,53,790.2668239677394
logs/log_exp2/log_exp2_run3.txt,2,3,54,1170.7617512631864
logs/log_exp2/log_exp2_run3.txt,2,3,55,959.0453719282083
logs/log_exp2/log_exp2_run3.txt,2,3,56,989.3674916382621
logs/log_exp2/log_exp2_run3.txt,2,3,57,1012.1132195775415
logs/log_exp2/log_exp2_run3.txt,2,3,58,796.5807053880046
logs/log_exp2/log_exp2_run3.txt,2,3,59,987.9084655408109
logs/log_exp2/log_exp2_run3.txt,2,3,60,967.2935757098318
logs/log_exp2/log_exp2_run3.txt,2,3,61,910.1775547957384
logs/log_exp2/log_exp2_run3.txt,2,3,62,934.4458847312117
logs/log_exp2/log_exp2_run3.txt,2,3,63,1161.2877250350114
logs/log_exp2/log_exp2_run3.txt,2,3,64,877.036577968285
logs/log_exp2/log_exp2_run3.txt,2,3,65,1132.639155067952
logs/log_exp2/log_exp2_run3.txt,2,3,66,825.0833705408473
logs/log_exp2/log_exp2_run3.txt,2,3,67,1098.7185922782387
logs/log_exp2/log_exp2_run3.txt,2,3,68,1008.8688329009186
logs/log_exp2/log_exp2_run3.txt,2,3,69,848.6823502180721
logs/log_exp2/log_exp2_run3.txt,2,3,70,1233.8156768024976
logs/log_exp2/log_exp2_run3.txt,2,3,71,1083.1369563215933
logs/log_exp2/log_exp2_run3.txt,2,3,72,1317.7567306626938
logs/log_exp2/log_exp2_run3.txt,2,3,73,1176.9349070203423
logs/log_exp2/log_exp2_run3.txt,2,3,74,787.4823214051974
logs/log_exp2/log_exp2_run3.txt,2,3,75,1026.054582677034
logs/log_exp2/log_exp2_run3.txt,2,3,76,784.6287666765709
logs/log_exp2/log_exp2_run3.txt,2,3,77,893.7463836076865
logs/log_exp2/log_exp2_run3.txt,2,3,78,971.1294793595691
logs/log_exp2/log_exp2_run3.txt,2,3,79,1061.9820642207526
logs/log_exp2/log_exp2_run3.txt,2,3,80,680.0080429249927
logs/log_exp2/log_exp2_run3.txt,2,3,81,711.9192607559526
logs/log_exp2/log_exp2_run3.txt,2,3,82,599.9234630983412
logs/log_exp2/log_exp2_run3.txt,2,3,83,948.1024864903836
logs/log_exp2/log_exp2_run3.txt,2,3,84,966.3939057626834
logs/log_exp2/log_exp2_run3.txt,2,3,85,734.6245114921342
logs/log_exp2/log_exp2_run3.txt,2,3,86,762.9677111283952
logs/log_exp2/log_exp2_run3.txt,2,3,87,1467.7236282122933
logs/log_exp2/log_exp2_run3.txt,2,3,88,629.3921416268034
logs/log_exp2/log_exp2_run3.txt,2,3,89,1248.196419778811
logs/log_exp2/log_exp2_run3.txt,2,3,90,747.3649889735811
logs/log_exp2/log_exp2_run3.txt,2,3,91,794.0502511857181
logs/log_exp2/log_exp2_run3.txt,2,3,92,1064.9041739133463
logs/log_exp2/log_exp2_run3.txt,2,3,93,1011.1369390568743
logs/log_exp2/log_exp2_run3.txt,2,3,94,801.375283632264
logs/log_exp2/log_exp2_run3.txt,2,3,95,965.8479388168038
logs/log_exp2/log_exp2_run3.txt,2,3,96,1618.5587794196863
logs/log_exp2/log_exp2_run3.txt,2,3,97,1079.1376279875199
logs/log_exp2/log_exp2_run3.txt,2,3,98,1173.8182101861735
logs/log_exp2/log_exp2_run3.txt,2,3,99,810.8562962603877
logs/log_exp2/log_exp2_run3.txt,2,3,100,1331.9192796467655
logs/log_exp2/log_exp2_run4.txt,2,4,0,339.0071584362158
logs/log_exp2/log_exp2_run4.txt,2,4,1,657.4850806613249
logs/log_exp2/log_exp2_run4.txt,2,4,2,1265.3150195375492
logs/log_exp2/log_exp2_run4.txt,2,4,3,381.5498986914189
logs/log_exp2/log_exp2_run4.txt,2,4,4,718.3067757659508
logs/log_exp2/log_exp2_run4.txt,2,4,5,725.1563900200069
logs/log_exp2/log_exp2_run4.txt,2,4,6,762.4386430293769
logs/log_exp2/log_exp2_run4.txt,2,4,7,1042.852520244222
logs/log_exp2/log_exp2_run4.txt,2,4,8,713.2107876789471
logs/log_exp2/log_exp2_run4.txt,2,4,9,1082.6793346263803
logs/log_exp2/log_exp2_run4.txt,2,4,10,947.4111238275364
logs/log_exp2/log_exp2_run4.txt,2,4,11,1007.845498139172
logs/log_exp2/log_exp2_run4.txt,2,4,12,541.3643263832806
logs/log_exp2/log_exp2_run4.txt,2,4,13,735.1045837509602
logs/log_exp2/log_exp2_run4.txt,2,4,14,834.0040813816577
logs/log_exp2/log_exp2_run4.txt,2,4,15,1201.9770658765258
logs/log_exp2/log_exp2_run4.txt,2,4,16,974.963773799536
logs/log_exp2/log_exp2_run4.txt,2,4,17,1140.8831163722812
logs/log_exp2/log_exp2_run4.txt,2,4,18,676.9679434439107
logs/log_exp2/log_exp2_run4.txt,2,4,19,778.9471462018001
logs/log_exp2/log_exp2_run4.txt,2,4,20,802.5840504278394
logs/log_exp2/log_exp2_run4.txt,2,4,21,984.8519374085026
logs/log_exp2/log_exp2_run4.txt,2,4,22,883.9283088900322
logs/log_exp2/log_exp2_run4.txt,2,4,23,1206.5004425346335
logs/log_exp2/log_exp2_run4.txt,2,4,24,1043.1388733032054
logs/log_exp2/log_exp2_run4.txt,2,4,25,1152.2359886168117
logs/log_exp2/log_exp2_run4.txt,2,4,26,1147.7319672585872
logs/log_exp2/log_exp2_run4.txt,2,4,27,750.231265906817
logs/log_exp2/log_exp2_run4.txt,2,4,28,744.4792794635789
logs/log_exp2/log_exp2_run4.txt,2,4,29,1299.6542957805443
logs/log_exp2/log_exp2_run4.txt,2,4,30,609.6735822210001
logs/log_exp2/log_exp2_run4.txt,2,4,31,1034.7180482234915
logs/log_exp2/log_exp2_run4.txt,2,4,32,765.915868897071
logs/log_exp2/log_exp2_run4.txt,2,4,33,613.0952131621063
logs/log_exp2/log_exp2_run4.txt,2,4,34,581.4979958785137
logs/log_exp2/log_exp2_run4.txt,2,4,35,938.4056283076361
logs/log_exp2/log_exp2_run4.txt,2,4,36,1070.05138699897
logs/log_exp2/log_exp2_run4.txt,2,4,37,931.0599893655329
logs/log_exp2/log_exp2_run4.txt,2,4,38,1020.390846861466
logs/log_exp2/log_exp2_run4.txt,2,4,39,1302.8570124226585
logs/log_exp2/log_exp2_run4.txt,2,4,40,1359.440133607307
logs/log_exp2/log_exp2_run4.txt,2,4,41,1042.377877832893
logs/log_exp2/log_exp2_run4.txt,2,4,42,1275.6508663553868
logs/log_exp2/log_exp2_run4.txt,2,4,43,1121.365305621009
logs/log_exp2/log_exp2_run4.txt,2,4,44,1005.4803875452086
logs/log_exp2/log_exp2_run4.txt,2,4,45,1395.8741645119183
logs/log_exp2/log_exp2_run4.txt,2,4,46,1033.8124256688764
logs/log_exp2/log_exp2_run4.txt,2,4,47,1173.4325064333793
logs/log_exp2/log_exp2_run4.txt,2,4,48,783.1177103286275
logs/log_exp2/log_exp2_run4.txt,2,4,49,959.8777776158616
logs/log_exp2/log_exp2_run4.txt,2,4,50,1221.9770734902738
logs/log_exp2/log_exp2_run4.txt,2,4,51,1006.2363599427714
logs/log_exp2/log_exp2_run4.txt,2,4,52,557.4355069343349
logs/log_exp2/log_exp2_run4.txt,2,4,53,1108.946749879262
logs/log_exp2/log_exp2_run4.txt,2,4,54,835.3394687493704
logs/log_exp2/log_exp2_run4.txt,2,4,55,1261.674322014675
logs/log_exp2/log_exp2_run4.txt,2,4,56,1009.7422016172952
logs/log_exp2/log_exp2_run4.txt,2,4,57,964.4213415577949
logs/log_exp2/log_exp2_run4.txt,2,4,58,815.3137015407381
logs/log_exp2/log_exp2_run4.txt,2,4,59,820.4087713844083
logs/log_exp2/log_exp2_run4.txt,2,4,60,988.0639554844536
logs/log_exp2/log_exp2_run4.txt,2,4,61,907.3720564153806
logs/log_exp2/log_exp2_run4.txt,2,4,62,551.3388462678573
logs/log_exp2/log_exp2_run4.txt,2,4,63,1020.293887378145
logs/log_exp2/log_exp2_run4.txt,2,4,64,877.9939095730919
logs/log_exp2/log_exp2_run4.txt,2,4,65,687.1489326310866
logs/log_exp2/log_exp2_run4.txt,2,4,66,489.8688269640359
logs/log_exp2/log_exp2_run4.txt,2,4,67,743.6509166506671
logs/log_exp2/log_exp2_run4.txt,2,4,68,948.6474061922112
logs/log_exp2/log_exp2_run4.txt,2,4,69,702.9431822056683
logs/log_exp2/log_exp2_run4.txt,2,4,70,1039.5286945512034
logs/log_exp2/log_exp2_run4.txt,2,4,71,975.7827963874017
logs/log_exp2/log_exp2_run4.txt,2,4,72,957.7820807992139
logs/log_exp2/log_exp2_run4.txt,2,4,73,778.8145944419531
logs/log_exp2/log_exp2_run4.txt,2,4,74,1011.0130673971802
logs/log_exp2/log_exp2_run4.txt,2,4,75,1102.4145628922377
logs/log_exp2/log_exp2_run4.txt,2,4,76,1156.2132185925898
logs/log_exp2/log_exp2_run4.txt,2,4,77,1027.7606978506333
logs/log_exp2/log_exp2_run4.txt,2,4,78,1250.6183206526212
logs/log_exp2/log_exp2_run4.txt,2,4,79,938.7154311009028
logs/log_exp2/log_exp2_run4.txt,2,4,80,657.549452873471
logs/log_exp2/log_exp2_run4.txt,2,4,81,731.0800208563342
logs/log_exp2/log_exp2_run4.txt,2,4,82,800.8601569790635
logs/log_exp2/log_exp2_run4.txt,2,4,83,738.4890692420154
logs/log_exp2/log_exp2_run4.txt,2,4,84,1025.0802290119407
logs/log_exp2/log_exp2_run4.txt,2,4,85,925.8172688543502
logs/log_exp2/log_exp2_run4.txt,2,4,86,729.9630727841619
logs/log_exp2/log_exp2_run4.txt,2,4,87,637.6284825501198
logs/log_exp2/log_exp2_run4.txt,2,4,88,670.8346204819737
logs/log_exp2/log_exp2_run4.txt,2,4,89,891.1497773616209
logs/log_exp2/log_exp2_run4.txt,2,4,90,1432.4228163303937
logs/log_exp2/log_exp2_run4.txt,2,4,91,805.6683183891403
logs/log_exp2/log_exp2_run4.txt,2,4,92,770.4534309522842
logs/log_exp2/log_exp2_run4.txt,2,4,93,892.5748508524105
logs/log_exp2/log_exp2_run4.txt,2,4,94,786.3393363639556
logs/log_exp2/log_exp2_run4.txt,2,4,95,865.3248140582127
logs/log_exp2/log_exp2_run4.txt,2,4,96,1004.2581252595289
logs/log_exp2/log_exp2_run4.txt,2,4,97,856.7854824330179
logs/log_exp2/log_exp2_run4.txt,2,4,98,786.4111491149251
logs/log_exp2/log_exp2_run4.txt,2,4,99,763.7734654309909
logs/log_exp2/log_exp2_run4.txt,2,4,100,1343.0092684910671
logs/log_exp3/log_exp3_run0.txt,3,0,0,806.8592723406889
logs/log_exp3/log_exp3_run0.txt,3,0,1,97.78681480269411
logs/log_exp3/log_exp3_run0.txt,3,0,2,163.1980711051745
logs/log_exp3/log_exp3_run0.txt,3,0,3,1034.5511873149014
logs/log_exp3/log_exp3_run0.txt,3,0,4,1487.1358271741121
logs/log_exp3/log_exp3_run0.txt,3,0,5,1081.1959808874121
logs/log_exp3/log_exp3_run0.txt,3,0,6,592.9957689574187
logs/log_exp3/log_exp3_run0.txt,3,0,7,1066.5017140921204
logs/log_exp3/log_exp3_run0.txt,3,0,8,1164.9281405817908
logs/log_exp3/log_exp3_run0.txt,3,0,9,1033.2971196447213
logs/log_exp3/log_exp3_run0.txt,3,0,10,1063.9698072537608
logs/log_exp3/log_exp3_run0.txt,3,0,11,951.9644800432667
logs/log_exp3/log_exp3_run0.txt,3,0,12,825.9217796917562
logs/log_exp3/log_exp3_run0.txt,3,0,13,659.0217018439566
logs/log_exp3/log_exp3_run0.txt,3,0,14,1157.1192628278682
logs/log_exp3/log_exp3_run0.txt,3,0,15,1040.3229576919857
logs/log_exp3/log_exp3_run0.txt,3,0,16,1170.9025352201054
logs/log_exp3/log_exp3_run0.txt,3,0,17,805.6062560577651
logs/log_exp3/log_exp3_run0.txt,3,0,18,975.8725898674799
logs/log_exp3/log_exp3_run0.txt,3,0,19,950.6199411026004
logs/log_exp3/log_exp3_run0.txt,3,0,20,1142.8746911083974
logs/log_exp3/log_exp3_run0.txt,3,0,21,962.2283153787843
logs/log_exp3/log_exp3_run0.txt,3,0,22,772.4070243392053
logs/log_exp3/log_exp3_run0.txt,3,0,23,1026.2631276628586
logs/log_exp3/log_exp3_run0.txt,3,0,24,730.4125223562776
logs/log_exp3/log_exp3_run0.txt,3,0,25,1004.0361239956661
logs/log_exp3/log_exp3_run0.txt,3,0,26,940.9744507889445
logs/log_exp3/log_exp3_run0.txt,3,0,27,1561.3215848088062
logs/log_exp3/log_exp3_run0.txt,3,0,28,830.3023868383336
logs/log_exp3/log_exp3_run0.txt,3,0,29,1013.7164699523024
logs/log_exp3/log_exp3_run0.txt,3,0,30,752.3948494872983
logs/log_exp3/log_exp3_run0.txt,3,0,31,771.1448151233895
logs/log_exp3/log_exp3_run0.txt,3,0,32,1055.3355947586501
logs/log_exp3/log_exp3_run0.txt,3,0,33,754.7838300987294
logs/log_exp3/log_exp3_run0.txt,3,0,34,985.3650679880617
logs/log_exp3/log_exp3_run0.txt,3,0,35,1169.0493394624214
logs/log_exp3/log_exp3_run0.txt,3,0,36,715.545037717891
logs/log_exp3/log_exp3_run0.txt,3,0,37,836.2870311229053
logs/log_exp3/log_exp3_run0.txt,3,0,38,1290.4744003645505
logs/log_exp3/log_exp3_run0.txt,3,0,39,710.7876035937668
logs/log_exp3/log_exp3_run0.txt,3,0,40,936.960501854739
logs/log_exp3/log_exp3_run0.txt,3,0,41,749.0036245438056
logs/log_exp3/log_exp3_run0.txt,3,0,42,826.0683136797916
logs/log_exp3/log_exp3_run0.txt,3,0,43,888.6569127647188
logs/log_exp3/log_exp3_run0.txt,3,0,44,948.876861188703
logs/log_exp3/log_exp3_run0.txt,3,0,45,1193.756699598513
logs/log_exp3/log_exp3_run0.txt,3,0,46,844.638305223911
logs/log_exp3/log_exp3_run0.txt,3,0,47,984.7869127492143
logs/log_exp3/log_exp3_run0.txt,3,0,48,1466.9722637323598
logs/log_exp3/log_exp3_run0.txt,3,0,49,1065.3086607409878
logs/log_exp3/log_exp3_run0.txt,3,0,50,1087.7995513421768
logs/log_exp3/log_exp3_run0.txt,3,0,51,824.6240895885043
logs/log_exp3/log_exp3_run0.txt,3,0,52,1119.7822238382535
logs/log_exp3/log_exp3_run0.txt,3,0,53,1183.915263195167
logs/log_exp3/log_exp3_run0.txt,3,0,54,940.8945062745127
logs/log_exp3/log_exp3_run0.txt,3,0,55,1139.6041759782777
logs/log_exp3/log_exp3_run0.txt,3,0,56,1027.5164667778058
logs/log_exp3/log_exp3_run0.txt,3,0,57,631.5461021733196
logs/log_exp3/log_exp3_run0.txt,3,0,58,1114.7574072285734
logs/log_exp3/log_exp3_run0.txt,3,0,59,856.8616033856719
logs/log_exp3/log_exp3_run0.txt,3,0,60,1369.3766776302296
logs/log_exp3/log_exp3_run0.txt,3,0,61,1103.1319965252594
logs/log_exp3/log_exp3_run0.txt,3,0,62,904.2176484990935
logs/log_exp3/log_exp3_run0.txt,3,0,63,894.1909681281247
logs/log_exp3/log_exp3_run0.txt,3,0,64,1377.49932438502
logs/log_exp3/log_exp3_run0.txt,3,0,65,1411.4247106723385
logs/log_exp3/log_exp3_run0.txt,3,0,66,981.7347908695908
logs/log_exp3/log_exp3_run0.txt,3,0,67,1308.5462489133024
logs/log_exp3/log_exp3_run0.txt,3,0,68,1100.291170130688
logs/log_exp3/log_exp3_run0.txt,3,0,69,1403.1451362082275
logs/log_exp3/log_exp3_run0.txt,3,0,70,1006.2455914486158
logs/log_exp3/log_exp3_run0.txt,3,0,71,1369.9038446716825
logs/log_exp3/log_exp3_run0.txt,3,0,72,818.4449887213821
logs/log_exp3/log_exp3_run0.txt,3,0,73,806.7069205342029
logs/log_exp3/log_exp3_run0.txt,3,0,74,1233.5156555625051
logs/log_exp3/log_exp3_run0.txt,3,0,75,713.7650192943918
logs/log_exp3/log_exp3_run0.txt,3,0,76,1152.1199166649324
logs/log_exp3/log_exp3_run0.txt,3,0,77,714.8678738144168
logs/log_exp3/log_exp3_run0.txt,3,0,78,839.8300027147294
logs/log_exp3/log_exp3_run0.txt,3,0,79,835.0642920836954
logs/log_exp3/log_exp3_run0.txt,3,0,80,1164.3829397277127
logs/log_exp3/log_exp3_run0.txt,3,0,81,824.8867841970987
logs/log_exp3/log_exp3_run0.txt,3,0,82,1352.3284938586003
logs/log_exp3/log_exp3_run0.txt,3,0,83,1241.9752537501704
logs/log_exp3/log_exp3_run0.txt,3,0,84,1557.2253853304007
logs/log_exp3/log_exp3_run0.txt,3,0,85,1153.3021228886055
logs/log_exp3/log_exp3_run0.txt,3,0,86,1234.1290115767908
logs/log_exp3/log_exp3_run0.txt,3,0,87,758.9017835113989
logs/log_exp3/log_exp3_run0.txt,3,0,88,1001.3416425645759
logs/log_exp3/log_exp3_run0.txt,3,0,89,1058.6509495490568
logs/log_exp3/log_exp3_run0.txt,3,0,90,1008.1775936569545
logs/log_exp3/log_exp3_run0.txt,3,0,91,982.4880683255185
logs/log_exp3/log_exp3_run0.txt,3,0,92,824.4869906818997
logs/log_exp3/log_exp3_run0.txt,3,0,93,790.3795455202153
logs/log_exp3/log_exp3_run0.txt,3,0,94,861.2861156659125
logs/log_exp3/log_exp3_run0.txt,3,0,95,1062.953768787644
logs/log_exp3/log_exp3_run0.txt,3,0,96,1459.0592277297449
logs/log_exp3/log_exp3_run0.txt,3,0,97,881.6064333894374
logs/log_exp3/log_exp3_run0.txt,3,0,98,1660.7561756899333
logs/log_exp3/log_exp3_run0.txt,3,0,99,1073.5036239330666
logs/log_exp3/log_exp3_run0.txt,3,0,100,704.4177309884669
logs/log_exp3/log_exp3_run1.txt,3,1,0,273.4806019771247
logs/log_exp3/log_exp3_run1.txt,3,1,1,376.18659435504753
logs/log_exp3/log_exp3_run1.txt,3,1,2,878.4552719094099
logs/log_exp3/log_exp3_run1.txt,3,1,3,1063.3581784416303
logs/log_exp3/log_exp3_run1.txt,3,1,4,477.4549955944467
logs/log_exp3/log_exp3_run1.txt,3,1,5,688.2538134620625
logs/log_exp3/log_exp3_run1.txt,3,1,6,717.4887784050636
logs/log_exp3/log_exp3_run1.txt,3,1,7,965.0033283063003
logs/log_exp3/log_exp3_run1.txt,3,1,8,800.1283350751216
logs/log_exp3/log_exp3_run1.txt,3,1,9,1177.5343612585743
logs/log_exp3/log_exp3_run1.txt,3,1,10,999.9311832463211
logs/log_exp3/log_exp3_run1.txt,3,1,11,1209.5371748102143
logs/log_exp3/log_exp3_run1.txt,3,1,12,514.3452031049734
logs/log_exp3/log_exp3_run1.txt,3,1,13,1289.724839239303
logs/log_exp3/log_exp3_run1.txt,3,1,14,821.7156998232061
logs/log_exp3/log_exp3_run1.txt,3,1,15,1041.7444318063697
logs/log_exp3/log_exp3_run1.txt,3,1,16,719.0496232381072
logs/log_exp3/log_exp3_run1.txt,3,1,17,761.1820402970013
logs/log_exp3/log_exp3_run1.txt,3,1,18,1156.531457024789
logs/log_exp3/log_exp3_run1.txt,3,1,19,833.5730794231974
logs/log_exp3/log_exp3_run1.txt,3,1,20,771.1727170596562
logs/log_exp3/log_exp3_run1.txt,3,1,21,616.2597383178949
logs/log_exp3/log_exp3_run1.txt,3,1,22,867.4271631515101
logs/log_exp3/log_exp3_run1.txt,3,1,23,986.3406356203323
logs/log_exp3/log_exp3_run1.txt,3,1,24,1363.3762617966916
logs/log_exp3/log_exp3_run1.txt,3,1,25,766.4977038588677
logs/log_exp3/log_exp3_run1.txt,3,1,26,1049.0400118459827
logs/log_exp3/log_exp3_run1.txt,3,1,27,764.0039733804564
logs/log_exp3/log_exp3_run1.txt,3,1,28,1223.4726357095983
logs/log_exp3/log_exp3_run1.txt,3,1,29,683.9689988323798
logs/log_exp3/log_exp3_run1.txt,3,1,30,870.2733879387717
logs/log_exp3/log_exp3_run1.txt,3,1,31,653.8448231913251
logs/log_exp3/log_exp3_run1.txt,3,1,32,891.856901401476
logs/log_exp3/log_exp3_run1.txt,3,1,33,1330.4529711436523
logs/log_exp3/log_exp3_run1.txt,3,1,34,788.4367589455961
logs/log_exp3/log_exp3_run1.txt,3,1,35,924.9645028204475
logs/log_exp3/log_exp3_run1.txt,3,1,36,976.8003557933705
logs/log_exp3/log_exp3_run1.txt,3,1,37,1231.0034540444387
logs/log_exp3/log_exp3_run1.txt,3,1,38,990.7110044236273
logs/log_exp3/log_exp3_run1.txt,3,1,39,770.8802052318658
logs/log_exp3/log_exp3_run1.txt,3,1,40,888.1522237092577
logs/log_exp3/log_exp3_run1.txt,3,1,41,766.2332723036191
logs/log_exp3/log_exp3_run1.txt,3,1,42,977.0934377073236
logs/log_exp3/log_exp3_run1.txt,3,1,43,688.1057322929261
logs/log_exp3/log_exp3_run1.txt,3,1,44,923.3238733683542
logs/log_exp3/log_exp3_run1.txt,3,1,45,1288.8905191983613
logs/log_exp3/log_exp3_run1.txt,3,1,46,975.3218720490843
logs/log_exp3/log_exp3_run1.txt,3,1,47,1155.8133675683393
logs/log_exp3/log_exp3_run1.txt,3,1,48,841.8905613922027
logs/log_exp3/log_exp3_run1.txt,3,1,49,724.7693951902556
logs/log_exp3/log_exp3_run1.txt,3,1,50,1294.0622475351001
logs/log_exp3/log_exp3_run1.txt,3,1,51,976.5356315513111
logs/log_exp3/log_exp3_run1.txt,3,1,52,1304.8688305137682
logs/log_exp3/log_exp3_run1.txt,3,1,53,849.885434466647
logs/log_exp3/log_exp3_run1.txt,3,1,54,826.5251529233328
logs/log_exp3/log_exp3_run1.txt,3,1,55,795.8153962131146
logs/log_exp3/log_exp3_run1.txt,3,1,56,1258.2776784051175
logs/log_exp3/log_exp3_run1.txt,3,1,57,1250.1169854575724
logs/log_exp3/log_exp3_run1.txt,3,1,58,713.6606822041729
logs/log_exp3/log_exp3_run1.txt,3,1,59,894.0056843880808
logs/log_exp3/log_exp3_run1.txt,3,1,60,786.0868664122099
logs/log_exp3/log_exp3_run1.txt,3,1,61,1127.9349335811698
logs/log_exp3/log_exp3_run1.txt,3,1,62,797.8137198193501
logs/log_exp3/log_exp3_run1.txt,3,1,63,792.1688101001484
logs/log_exp3/log_exp3_run1.txt,3,1,64,1362.2844255046657
logs/log_exp3/log_exp3_run1.txt,3,1,65,907.2802746820201
logs/log_exp3/log_exp3_run1.txt,3,1,66,963.2203515793342
logs/log_exp3/log_exp3_run1.txt,3,1,67,825.1776597222504
logs/log_exp3/log_exp3_run1.txt,3,1,68,696.3235692179298
logs/log_exp3/log_exp3_run1.txt,3,1,69,1042.5209480193505
logs/log_exp3/log_exp3_run1.txt,3,1,70,706.8724727758506
logs/log_exp3/log_exp3_run1.txt,3,1,71,1104.4425302653278
logs/log_exp3/log_exp3_run1.txt,3,1,72,782.1505589894117
logs/log_exp3/log_exp3_run1.txt,3,1,73,1048.9704845852782
logs/log_exp3/log_exp3_run1.txt,3,1,74,1193.4478731451577
logs/log_exp3/log_exp3_run1.txt,3,1,75,894.1532275334145
logs/log_exp3/log_exp3_run1.txt,3,1,76,1155.029398936058
logs/log_exp3/log_exp3_run1.txt,3,1,77,666.9259711797602
logs/log_exp3/log_exp3_run1.txt,3,1,78,858.7210555822903
logs/log_exp3/log_exp3_run1.txt,3,1,79,923.0680027275081
logs/log_exp3/log_exp3_run1.txt,3,1,80,979.5113069651221
logs/log_exp3/log_exp3_run1.txt,3,1,81,1087.0708468695746
logs/log_exp3/log_exp3_run1.txt,3,1,82,943.4526528491402
logs/log_exp3/log_exp3_run1.txt,3,1,83,783.8267351873068
logs/log_exp3/log_exp3_run1.txt,3,1,84,1231.1882206121845
logs/log_exp3/log_exp3_run1.txt,3,1,85,747.4938192540561
logs/log_exp3/log_exp3_run1.txt,3,1,86,1604.8716578564774
logs/log_exp3/log_exp3_run1.txt,3,1,87,1098.7315062265002
logs/log_exp3/log_exp3_run1.txt,3,1,88,757.0424904989821
logs/log_exp3/log_exp3_run1.txt,3,1,89,981.2364861899903
logs/log_exp3/log_exp3_run1.txt,3,1,90,805.4663175827375
logs/log_exp3/log_exp3_run1.txt,3,1,91,1119.5603860435585
logs/log_exp3/log_exp3_run1.txt,3,1,92,855.7992572539345
logs/log_exp3/log_exp3_run1.txt,3,1,93,1171.6935736304536
logs/log_exp3/log_exp3_run1.txt,3,1,94,1134.2665434448722
logs/log_exp3/log_exp3_run1.txt,3,1,95,973.1013344383744
logs/log_exp3/log_exp3_run1.txt,3,1,96,1129.6197591829443
logs/log_exp3/log_exp3_run1.txt,3,1,97,603.2435022568554
logs/log_exp3/log_exp3_run1.txt,3,1,98,1239.7022000860563
logs/log_exp3/log_exp3_run1.txt,3,1,99,1026.5291177603472
logs/log_exp3/log_exp3_run1.txt,3,1,100,925.4774896381177
logs/log_exp3/log_exp3_run2.txt,3,2,0,-190.17812367606834
logs/log_exp3/log_exp3_run2.txt,3,2,1,-196.4278865157625
logs/log_exp3/log_exp3_run2.txt,3,2,2,636.5100933539466
logs/log_exp3/log_exp3_run2.txt,3,2,3,1213.9066659022974
logs/log_exp3/log_exp3_run2.txt,3,2,4,955.0420135455886
logs/log_exp3/log_exp3_run2.txt,3,2,5,985.7942201079602
logs/log_exp3/log_exp3_run2.txt,3,2,6,934.9785157048689
logs/log_exp3/log_exp3_run2.txt,3,2,7,1465.2025803458773
logs/log_exp3/log_exp3_run2.txt,3,2,8,847.863205962453
logs/log_exp3/log_exp3_run2.txt,3,2,9,1198.240770625412
logs/log_exp3/log_exp3_run2.txt,3,2,10,657.4639813466795
logs/log_exp3/log_exp3_run2.txt,3,2,11,957.1538124425413
logs/log_exp3/log_exp3_run2.txt,3,2,12,749.0978540458433
logs/log_exp3/log_exp3_run2.txt,3,2,13,728.9518955263562
logs/log_exp3/log_exp3_run2.txt,3,2,14,1005.5449416402386
logs/log_exp3/log_exp3_run2.txt,3,2,15,670.1018843596577
logs/log_exp3/log_exp3_run2.txt,3,2,16,1215.071535135155
logs/log_exp3/log_exp3_run2.txt,3,2,17,728.2945469787676
logs/log_exp3/log_exp3_run2.txt,3,2,18,716.4877995447674
logs/log_exp3/log_exp3_run2.txt,3,2,19,715.6153469307849
logs/log_exp3/log_exp3_run2.txt,3,2,20,616.2474003612309
logs/log_exp3/log_exp3_run2.txt,3,2,21,1241.364704021024
logs/log_exp3/log_exp3_run2.txt,3,2,22,600.0022653072739
logs/log_exp3/log_exp3_run2.txt,3,2,23,718.6235367107568
logs/log_exp3/log_exp3_run2.txt,3,2,24,753.7574026073025
logs/log_exp3/log_exp3_run2.txt,3,2,25,1089.1766377425536
logs/log_exp3/log_exp3_run2.txt,3,2,26,917.4708903235976
logs/log_exp3/log_exp3_run2.txt,3,2,27,1301.2165328380372
logs/log_exp3/log_exp3_run2.txt,3,2,28,711.2630644350141
logs/log_exp3/log_exp3_run2.txt,3,2,29,1320.1917492018765
logs/log_exp3/log_exp3_run2.txt,3,2,30,989.8129336859129
logs/log_exp3/log_exp3_run2.txt,3,2,31,901.2544844511667
logs/log_exp3/log_exp3_run2.txt,3,2,32,1063.668140377921
logs/log_exp3/log_exp3_run2.txt,3,2,33,966.4205975980665
logs/log_exp3/log_exp3_run2.txt,3,2,34,565.6888980077334
logs/log_exp3/log_exp3_run2.txt,3,2,35,1517.7026197134571
logs/log_exp3/log_exp3_run2.txt,3,2,36,630.0555382288154
logs/log_exp3/log_exp3_run2.txt,3,2,37,801.1856204673139
logs/log_exp3/log_exp3_run2.txt,3,2,38,538.9790137806605
logs/log_exp3/log_exp3_run2.txt,3,2,39,847.1469427477056
logs/log_exp3/log_exp3_run2.txt,3,2,40,964.0319660276293
logs/log_exp3/log_exp3_run2.txt,3,2,41,779.4366845390193
logs/log_exp3/log_exp3_run2.txt,3,2,42,1489.327728684118
logs/log_exp3/log_exp3_run2.txt,3,2,43,703.5376937862154
logs/log_exp3/log_exp3_run2.txt,3,2,44,1327.4349908454421
logs/log_exp3/log_exp3_run2.txt,3,2,45,641.8209464313834
logs/log_exp3/log_exp3_run2.txt,3,2,46,1453.4230420349584
logs/log_exp3/log_exp3_run2.txt,3,2,47,1349.5758877848898
logs/log_exp3/log_exp3_run2.txt,3,2,48,799.4626100930567
logs/log_exp3/log_exp3_run2.txt,3,2,49,1039.801539928692
logs/log_exp3/log_exp3_run2.txt,3,2,50,1121.891548435836
logs/log_exp3/log_exp3_run2.txt,3,2,51,1028.2745334075412
logs/log_exp3/log_exp3_run2.txt,3,2,52,773.2683331987776
logs/log_exp3/log_exp3_run2.txt,3,2,53,794.4538813053606
logs/log_exp3/log_exp3_run2.txt,3,2,54,1026.6951432258497
logs/log_exp3/log_exp3_run2.txt,3,2,55,949.2859559001515
logs/log_exp3/log_exp3_run2.txt,3,2,56,1105.9201553099551
logs/log_exp3/log_exp3_run2.txt,3,2,57,1053.5611412349153
logs/log_exp3/log_exp3_run2.txt,3,2,58,1214.9913180105284
logs/log_exp3/log_exp3_run2.txt,3,2,59,825.6124169451366
logs/log_exp3/log_exp3_run2.txt,3,2,60,894.3545089494594
logs/log_exp3/log_exp3_run2.txt,3,2,61,698.9162248391601
logs/log_exp3/log_exp3_run2.txt,3,2,62,1148.2360362123777
logs/log_exp3/log_exp3_run2.txt,3,2,63,803.6470539356226
logs/log_exp3/log_exp3_run2.txt,3,2,64,690.6311409172229
logs/log_exp3/log_exp3_run2.txt,3,2,65,910.6807193777606
logs/log_exp3/log_exp3_run2.txt,3,2,66,834.1157769822399
logs/log_exp3/log_exp3_run2.txt,3,2,67,1442.1257783447595
logs/log_exp3/log_exp3_run2.txt,3,2,68,674.2140366896829
logs/log_exp3/log_exp3_run2.txt,3,2,69,1537.3593535332475
logs/log_exp3/log_exp3_run2.txt,3,2,70,720.5762706795774
logs/log_exp3/log_exp3_run2.txt,3,2,71,1013.324993922949
logs/log_exp3/log_exp3_run2.txt,3,2,72,986.9615227757116
logs/log_exp3/log_exp3_run2.txt,3,2,73,1217.8863689651914
logs/log_exp3/log_exp3_run2.txt,3,2,74,495.30610942371806
logs/log_exp3/log_exp3_run2.txt,3,2,75,1047.4079420515404
logs/log_exp3/log_exp3_run2.txt,3,2,76,878.8359308904115
logs/log_exp3/log_exp3_run2.txt,3,2,77,854.8632881116649
logs/log_exp3/log_exp3_run2.txt,3,2,78,1095.0284436083869
logs/log_exp3/log_exp3_run2.txt,3,2,79,751.016913858741
logs/log_exp3/log_exp3_run2.txt,3,2,80,870.7999918348603
logs/log_exp3/log_exp3_run2.txt,3,2,81,1169.9332093262087
logs/log_exp3/log_exp3_run2.txt,3,2,82,910.7695765694625
logs/log_exp3/log_exp3_run2.txt,3,2,83,1523.7476532386984
logs/log_exp3/log_exp3_run2.txt,3,2,84,1187.7393222972028
logs/log_exp3/log_exp3_run2.txt,3,2,85,599.0846378118457
logs/log_exp3/log_exp3_run2.txt,3,2,86,900.0068736354215
logs/log_exp3/log_exp3_run2.txt,3,2,87,1376.9958802333547
logs/log_exp3/log_exp3_run2.txt,3,2,88,980.6179256617208
logs/log_exp3/log_exp3_run2.txt,3,2,89,893.1377718626343
logs/log_exp3/log_exp3_run2.txt,3,2,90,884.945675535256
logs/log_exp3/log_exp3_run2.txt,3,2,91,686.3753116461068
logs/log_exp3/log_exp3_run2.txt,3,2,92,1034.7410202133617
logs/log_exp3/log_exp3_run2.txt,3,2,93,981.1850181690148
logs/log_exp3/log_exp3_run2.txt,3,2,94,1380.324558698672
logs/log_exp3/log_exp3_run2.txt,3,2,95,930.3640157005735
logs/log_exp3/log_exp3_run2.txt,3,2,96,1102.8387304086432
logs/log_exp3/log_exp3_run2.txt,3,2,97,1025.6179263780286
logs/log_exp3/log_exp3_run2.txt,3,2,98,926.2192638808372
logs/log_exp3/log_exp3_run2.txt,3,2,99,924.5434987770125
logs/log_exp3/log_exp3_run2.txt,3,2,100,710.0619456520483
logs/log_exp3/log_exp3_run3.txt,3,3,0,629.60998265995
logs/log_exp3/log_exp3_run3.txt,3,3,1,193.50693661991244
logs/log_exp3/log_exp3_run3.txt,3,3,2,1189.4930459672705
logs/log_exp3/log_exp3_run3.txt,3,3,3,758.8991362903396
logs/log_exp3/log_exp3_run3.txt,3,3,4,716.2697576241901
logs/log_exp3/log_exp3_run3.txt,3,3,5,957.2417211044473
logs/log_exp3/log_exp3_run3.txt,3,3,6,746.9717862754044
logs/log_exp3/log_exp3_run3.txt,3,3,7,1118.639469486965
logs/log_exp3/log_exp3_run3.txt,3,3,8,687.6155171567927
logs/log_exp3/log_exp3_run3.txt,3,3,9,767.9626563004674
logs/log_exp3/log_exp3_run3.txt,3,3,10,956.7007277090203
logs/log_exp3/log_exp3_run3.txt,3,3,11,1027.748111953681
logs/log_exp3/log_exp3_run3.txt,3,3,12,1070.6617226033839
logs/log_exp3/log_exp3_run3.txt,3,3,13,780.1117667066544
logs/log_exp3/log_exp3_run3.txt,3,3,14,709.1215326251029
logs/log_exp3/log_exp3_run3.txt,3,3,15,1388.4831535595645
logs/log_exp3/log_exp3_run3.txt,3,3,16,958.6691173628282
logs/log_exp3/log_exp3_run3.txt,3,3,17,1017.541463723793
logs/log_exp3/log_exp3_run3.txt,3,3,18,1335.862007229737
logs/log_exp3/log_exp3_run3.txt,3,3,19,664.7295598722219
logs/log_exp3/log_exp3_run3.txt,3,3,20,1072.5146862771812
logs/log_exp3/log_exp3_run3.txt,3,3,21,1002.9522892672561
logs/log_exp3/log_exp3_run3.txt,3,3,22,1027.6809910534487
logs/log_exp3/log_exp3_run3.txt,3,3,23,848.5065292582713
logs/log_exp3/log_exp3_run3.txt,3,3,24,725.1858718234486
logs/log_exp3/log_exp3_run3.txt,3,3,25,1140.4619331337944
logs/log_exp3/log_exp3_run3.txt,3,3,26,814.347871655421
logs/log_exp3/log_exp3_run3.txt,3,3,27,881.5255984471092
logs/log_exp3/log_exp3_run3.txt,3,3,28,979.513431246172
logs/log_exp3/log_exp3_run3.txt,3,3,29,820.5329776237064
logs/log_exp3/log_exp3_run3.txt,3,3,30,895.7116266558799
logs/log_exp3/log_exp3_run3.txt,3,3,31,758.1380560287241
logs/log_exp3/log_exp3_run3.txt,3,3,32,698.8255362183093
logs/log_exp3/log_exp3_run3.txt,3,3,33,1095.0927200975254
logs/log_exp3/log_exp3_run3.txt,3,3,34,767.3524846577438
logs/log_exp3/log_exp3_run3.txt,3,3,35,843.8663442881652
logs/log_exp3/log_exp3_run3.txt,3,3,36,872.8095779114486
logs/log_exp3/log_exp3_run3.txt,3,3,37,1433.4111480712459
logs/log_exp3/log_exp3_run3.txt,3,3,38,645.2025704707478
logs/log_exp3/log_exp3_run3.txt,3,3,39,1061.9432836480605
logs/log_exp3/log_exp3_run3.txt,3,3,40,825.8774575835214
logs/log_exp3/log_exp3_run3.txt,3,3,41,1573.201984487358
logs/log_exp3/log_exp3_run3.txt,3,3,42,1468.1663183079586
logs/log_exp3/log_exp3_run3.txt,3,3,43,928.4986445425
logs/log_exp3/log_exp3_run3.txt,3,3,44,967.2107372971981
logs/log_exp3/log_exp3_run3.txt,3,3,45,854.2544412278379
logs/log_exp3/log_exp3_run3.txt,3,3,46,935.5250795000386
logs/log_exp3/log_exp3_run3.txt,3,3,47,636.1354735008715
logs/log_exp3/log_exp3_run3.txt,3,3,48,961.7166013065155
logs/log_exp3/log_exp3_run3.txt,3,3,49,1405.101067462073
logs/log_exp3/log_exp3_run3.txt,3,3,50,649.8457364871477
logs/log_exp3/log_exp3_run3.txt,3,3,51,957.425824591805
logs/log_exp3/log_exp3_run3.txt,3,3,52,1086.0326555233282
logs/log_exp3/log_exp3_run3.txt,3,3,53,1088.5867117605737
logs/log_exp3/log_exp3_run3.txt,3,3,54,1200.7110127554192
logs/log_exp3/log_exp3_run3.txt,3,3,55,812.4954778278711
logs/log_exp3/log_exp3_run3.txt,3,3,56,768.7275306519547
logs/log_exp3/log_exp3_run3.txt,3,3,57,699.9432729287673
logs/log_exp3/log_exp3_run3.txt,3,3,58,1043.9108378861445
logs/log_exp3/log_exp3_run3.txt,3,3,59,812.7840382257866
logs/log_exp3/log_exp3_run3.txt,3,3,60,920.4011964125048
logs/log_exp3/log_exp3_run3.txt,3,3,61,1032.6001167221402
logs/log_exp3/log_exp3_run3.txt,3,3,62,854.2912038321945
logs/log_exp3/log_exp3_run3.txt,3,3,63,776.7140233914361
logs/log_exp3/log_exp3_run3.txt,3,3,64,597.6521211170842
logs/log_exp3/log_exp3_run3.txt,3,3,65,1028.973407970864
logs/log_exp3/log_exp3_run3.txt,3,3,66,1012.0778804465292
logs/log_exp3/log_exp3_run3.txt,3,3,67,933.3504143681126
logs/log_exp3/log_exp3_run3.txt,3,3,68,864.0853641135957
logs/log_exp3/log_exp3_run3.txt,3,3,69,836.9545373581577
logs/log_exp3/log_exp3_run3.txt,3,3,70,1011.6409174424067
logs/log_exp3/log_exp3_run3.txt,3,3,71,812.6268627993613
logs/log_exp3/log_exp3_run3.txt,3,3,72,1045.2840594310485
logs/log_exp3/log_exp3_run3.txt,3,3,73,916.907476528173
logs/log_exp3/log_exp3_run3.txt,3,3,74,1027.3402749176025
logs/log_exp3/log_exp3_run3.txt,3,3,75,802.4551974100905
logs/log_exp3/log_exp3_run3.txt,3,3,76,675.4799808600766
logs/log_exp3/log_exp3_run3.txt,3,3,77,1026.7762227860658
logs/log_exp3/log_exp3_run3.txt,3,3,78,935.6665041939261
logs/log_exp3/log_exp3_run3.txt,3,3,79,732.4741451064509
logs/log_exp3/log_exp3_run3.txt,3,3,80,1008.1328051075383
logs/log_exp3/log_exp3_run3.txt,3,3,81,815.6565314757656
logs/log_exp3/log_exp3_run3.txt,3,3,82,969.6678173921724
logs/log_exp3/log_exp3_run3.txt,3,3,83,922.9458458289861
logs/log_exp3/log_exp3_run3.txt,3,3,84,1067.896514655893
logs/log_exp3/log_exp3_run3.txt,3,3,85,833.0158592834039
logs/log_exp3/log_exp3_run3.txt,3,3,86,920.0459218270089
logs/log_exp3/log_exp3_run3.txt,3,3,87,794.1523114102138
logs/log_exp3/log_exp3_run3.txt,3,3,88,704.6305778708372
logs/log_exp3/log_exp3_run3.txt,3,3,89,1164.6494980538628
logs/log_exp3/log_exp3_run3.txt,3,3,90,1043.0120599009842
logs/log_exp3/log_exp3_run3.txt,3,3,91,945.1682154855469
logs/log_exp3/log_exp3_run3.txt,3,3,92,1035.4626378580713
logs/log_exp3/log_exp3_run3.txt,3,3,93,1656.2596726918098
logs/log_exp3/log_exp3_run3.txt,3,3,94,1314.7093598886424
logs/log_exp3/log_exp3_run3.txt,3,3,95,1012.1469485782457
logs/log_exp3/log_exp3_run3.txt,3,3,96,1404.2912261568342
logs/log_exp3/log_exp3_run3.txt,3,3,97,991.6911814154912
logs/log_exp3/log_exp3_run3.txt,3,3,98,720.1992494669521
logs/log_exp3/log_exp3_run3.txt,3,3,99,1010.2755786081159
logs/log_exp3/log_exp3_run3.txt,3,3,100,1109.3845602159363
logs/log_exp3/log_exp3_run4.txt,3,4,0,7.1838717249452655
logs/log_exp3/log_exp3_run4.txt,3,4,1,550.0248770129507
logs/log_exp3/log_exp3_run4.txt,3,4,2,178.06995478501338
logs/log_exp3/log_exp3_run4.txt,3,4,3,796.7068477295774
logs/log_exp3/log_exp3_run4.txt,3,4,4,948.0924252808111
logs/log_exp3/log_exp3_run4.txt,3,4,5,923.7140619078102
logs/log_exp3/log_exp3_run4.txt,3,4,6,1175.7510380113772
logs/log_exp3/log_exp3_run4.txt,3,4,7,1063.0339520612838
logs/log_exp3/log_exp3_run4.txt,3,4,8,1069.8626546466396
logs/log_exp3/log_exp3_run4.txt,3,4,9,1068.3948553579432
logs/log_exp3/log_exp3_run4.txt,3,4,10,727.3858994146423
logs/log_exp3/log_exp3_run4.txt,3,4,11,1104.3069654285348
logs/log_exp3/log_exp3_run4.txt,3,4,12,624.0376746934768
logs/log_exp3/log_exp3_run4.txt,3,4,13,861.2139500596986
logs/log_exp3/log_exp3_run4.txt,3,4,14,783.5256878579888
logs/log_exp3/log_exp3_run4.txt,3,4,15,918.8627297474584
logs/log_exp3/log_exp3_run4.txt,3,4,16,780.0779317498509
logs/log_exp3/log_exp3_run4.txt,3,4,17,964.7179447124396
logs/log_exp3/log_exp3_run4.txt,3,4,18,835.0876307785014
logs/log_exp3/log_exp3_run4.txt,3,4,19,989.2098568235435
logs/log_exp3/log_exp3_run4.txt,3,4,20,1030.9476869718883
logs/log_exp3/log_exp3_run4.txt,3,4,21,728.3070250428156
logs/log_exp3/log_exp3_run4.txt,3,4,22,998.685542672353
logs/log_exp3/log_exp3_run4.txt,3,4,23,767.1938032904327
logs/log_exp3/log_exp3_run4.txt,3,4,24,605.4989636254784
logs/log_exp3/log_exp3_run4.txt,3,4,25,768.3499132229581
logs/log_exp3/log_exp3_run4.txt,3,4,26,677.7816316741443
logs/log_exp3/log_exp3_run4.txt,3,4,27,1018.1109843558985
logs/log_exp3/log_exp3_run4.txt,3,4,28,561.7440614179648
logs/log_exp3/log_exp3_run4.txt,3,4,29,807.6299160252104
logs/log_exp3/log_exp3_run4.txt,3,4,30,1326.5738638125008
logs/log_exp3/log_exp3_run4.txt,3,4,31,1079.2129018606615
logs/log_exp3/log_exp3_run4.txt,3,4,32,865.9961932196317
logs/log_exp3/log_exp3_run4.txt,3,4,33,1065.7028664135917
logs/log_exp3/log_exp3_run4.txt,3,4,34,743.4291033875286
logs/log_exp3/log_exp3_run4.txt,3,4,35,780.8063323813725
logs/log_exp3/log_exp3_run4.txt,3,4,36,1340.1231221162425
logs/log_exp3/log_exp3_run4.txt,3,4,37,1014.4895829809673
logs/log_exp3/log_exp3_run4.txt,3,4,38,1051.0925031611275
logs/log_exp3/log_exp3_run4.txt,3,4,39,761.7329317967535
logs/log_exp3/log_exp3_run4.txt,3,4,40,1058.0336107582268
logs/log_exp3/log_exp3_run4.txt,3,4,41,847.1567827879164
logs/log_exp3/log_exp3_run4.txt,3,4,42,922.301641757453
logs/log_exp3/log_exp3_run4.txt,3,4,43,515.0196989408098
logs/log_exp3/log_exp3_run4.txt,3,4,44,706.7545465366738
logs/log_exp3/log_exp3_run4.txt,3,4,45,1253.1979164675013
logs/log_exp3/log_exp3_run4.txt,3,4,46,769.3374501349399
logs/log_exp3/log_exp3_run4.txt,3,4,47,678.2330048279149
logs/log_exp3/log_exp3_run4.txt,3,4,48,381.48265040251533
logs/log_exp3/log_exp3_run4.txt,3,4,49,987.8572712093124
logs/log_exp3/log_exp3_run4.txt,3,4,50,1141.52457941615
logs/log_exp3/log_exp3_run4.txt,3,4,51,691.4262194668152
logs/log_exp3/log_exp3_run4.txt,3,4,52,902.3612154282621
logs/log_exp3/log_exp3_run4.txt,3,4,53,940.7500615432633
logs/log_exp3/log_exp3_run4.txt,3,4,54,1410.1433271608719
logs/log_exp3/log_exp3_run4.txt,3,4,55,1020.8669472333067
logs/log_exp3/log_exp3_run4.txt,3,4,56,1572.1709065066837
logs/log_exp3/log_exp3_run4.txt,3,4,57,893.4070348689218
logs/log_exp3/log_exp3_run4.txt,3,4,58,915.8329532952099
logs/log_exp3/log_exp3_run4.txt,3,4,59,858.6732182996635
logs/log_exp3/log_exp3_run4.txt,3,4,60,759.7093471355261
logs/log_exp3/log_exp3_run4.txt,3,4,61,1066.8544262563125
logs/log_exp3/log_exp3_run4.txt,3,4,62,1005.8198293232035
logs/log_exp3/log_exp3_run4.txt,3,4,63,1007.7896549896866
logs/log_exp3/log_exp3_run4.txt,3,4,64,726.0939128573676
logs/log_exp3/log_exp3_run4.txt,3,4,65,1213.0975154125106
logs/log_exp3/log_exp3_run4.txt,3,4,66,974.2817122468612
logs/log_exp3/log_exp3_run4.txt,3,4,67,868.691846900867
logs/log_exp3/log_exp3_run4.txt,3,4,68,741.6119402690572
logs/log_exp3/log_exp3_run4.txt,3,4,69,937.581691167819
logs/log_exp3/log_exp3_run4.txt,3,4,70,514.2188687207602
logs/log_exp3/log_exp3_run4.txt,3,4,71,876.7293662058028
logs/log_exp3/log_exp3_run4.txt,3,4,72,675.1335535090573
logs/log_exp3/log_exp3_run4.txt,3,4,73,1087.5539424196738
logs/log_exp3/log_exp3_run4.txt,3,4,74,1410.961888235282
logs/log_exp3/log_exp3_run4.txt,3,4,75,842.8868698416994
logs/log_exp3/log_exp3_run4.txt,3,4,76,1191.5934627043584
logs/log_exp3/log_exp3_run4.txt,3,4,77,1295.0642061118376
logs/log_exp3/log_exp3_run4.txt,3,4,78,1137.5966532631678
logs/log_exp3/log_exp3_run4.txt,3,4,79,1112.0443978715036
logs/log_exp3/log_exp3_run4.txt,3,4,80,677.2971952383584
logs/log_exp3/log_exp3_run4.txt,3,4,81,1228.0685579279211
logs/log_exp3/log_exp3_run4.txt,3,4,82,1023.5420387532977
logs/log_exp3/log_exp3_run4.txt,3,4,83,800.4397988162134
logs/log_exp3/log_exp3_run4.txt,3,4,84,892.5467723866257
logs/log_exp3/log_exp3_run4.txt,3,4,85,891.4411220719954
logs/log_exp3/log_exp3_run4.txt,3,4,86,739.6958506804161
logs/log_exp3/log_exp3_run4.txt,3,4,87,780.817362426078
logs/log_exp3/log_exp3_run4.txt,3,4,88,968.1873331473489
logs/log_exp3/log_exp3_run4.txt,3,4,89,573.997402832499
logs/log_exp3/log_exp3_run4.txt,3,4,90,1059.920083230048
logs/log_exp3/log_exp3_run4.txt,3,4,91,604.3852214619226
logs/log_exp3/log_exp3_run4.txt,3,4,92,775.6000380064745
logs/log_exp3/log_exp3_run4.txt,3,4,93,773.8208822489833
logs/log_exp3/log_exp3_run4.txt,3,4,94,1109.6800406287225
logs/log_exp3/log_exp3_run4.txt,3,4,95,828.9627148965268
logs/log_exp3/log_exp3_run4.txt,3,4,96,1063.2958526117757
logs/log_exp3/log_exp3_run4.txt,3,4,97,693.7725688119565
logs/log_exp3/log_exp3_run4.txt,3,4,98,861.629780908502
logs/log_exp3/log_exp3_run4.txt,3,4,99,819.3851040129719
logs/log_exp3/log_exp3_run4.txt,3,4,100,732.5505203763723
logs/log_exp4/log_exp4_run0.txt,4,0,0,-208.6699438853468
logs/log_exp4/log_exp4_run0.txt,4,0,1,636.8945159162217
logs/log_exp4/log_exp4_run0.txt,4,0,2,1180.2384459801356
logs/log_exp4/log_exp4_run0.txt,4,0,3,1270.9582556215107
logs/log_exp4/log_exp4_run0.txt,4,0,4,664.3152233085702
logs/log_exp4/log_exp4_run0.txt,4,0,5,681.9113036517645
logs/log_exp4/log_exp4_run0.txt,4,0,6,1292.9159971569866
logs/log_exp4/log_exp4_run0.txt,4,0,7,976.8651036480793
logs/log_exp4/log_exp4_run0.txt,4,0,8,1330.4623783538714
logs/log_exp4/log_exp4_run0.txt,4,0,9,1071.8073774950835
logs/log_exp4/log_exp4_run0.txt,4,0,10,845.4083652486315
logs/log_exp4/log_exp4_run0.txt,4,0,11,706.3168554803265
logs/log_exp4/log_exp4_run0.txt,4,0,12,1104.742993647094
logs/log_exp4/log_exp4_run0.txt,4,0,13,535.2666160768734
logs/log_exp4/log_exp4_run0.txt,4,0,14,708.1128157624481
logs/log_exp4/log_exp4_run0.txt,4,0,15,713.2627350744574
logs/log_exp4/log_exp4_run0.txt,4,0,16,1028.2816789876504
logs/log_exp4/log_exp4_run0.txt,4,0,17,923.7648982362977
logs/log_exp4/log_exp4_run0.txt,4,0,18,785.3308933206735
logs/log_exp4/log_exp4_run0.txt,4,0,19,798.2585786845765
logs/log_exp4/log_exp4_run0.txt,4,0,20,917.2632805447735
logs/log_exp4/log_exp4_run0.txt,4,0,21,1140.4413477648488
logs/log_exp4/log_exp4_run0.txt,4,0,22,904.1239064471789
logs/log_exp4/log_exp4_run0.txt,4,0,23,564.7135460544912
logs/log_exp4/log_exp4_run0.txt,4,0,24,904.6371909455802
logs/log_exp4/log_exp4_run0.txt,4,0,25,1092.2121899263832
logs/log_exp4/log_exp4_run0.txt,4,0,26,1149.3193463948492
logs/log_exp4/log_exp4_run0.txt,4,0,27,1480.9046919273783
logs/log_exp4/log_exp4_run0.txt,4,0,28,1065.3194593817334
logs/log_exp4/log_exp4_run0.txt,4,0,29,1110.030797319473
logs/log_exp4/log_exp4_run0.txt,4,0,30,1125.500008730213
logs/log_exp4/log_exp4_run0.txt,4,0,31,1779.8132075329388
logs/log_exp4/log_exp4_run0.txt,4,0,32,1084.0892630516976
logs/log_exp4/log_exp4_run0.txt,4,0,33,757.5021151117595
logs/log_exp4/log_exp4_run0.txt,4,0,34,1495.166827572941
logs/log_exp4/log_exp4_run0.txt,4,0,35,1083.8029433485838
logs/log_exp4/log_exp4_run0.txt,4,0,36,784.3153142931085
logs/log_exp4/log_exp4_run0.txt,4,0,37,791.6362961626704
logs/log_exp4/log_exp4_run0.txt,4,0,38,1123.9583259874676
logs/log_exp4/log_exp4_run0.txt,4,0,39,1081.5700951442052
logs/log_exp4/log_exp4_run0.txt,4,0,40,1144.554384157905
logs/log_exp4/log_exp4_run0.txt,4,0,41,723.7434535173339
logs/log_exp4/log_exp4_run0.txt,4,0,42,1357.0237315055701
logs/log_exp4/log_exp4_run0.txt,4,0,43,551.5665053322042
logs/log_exp4/log_exp4_run0.txt,4,0,44,1086.6898222516634
logs/log_exp4/log_exp4_run0.txt,4,0,45,1119.9059744213378
logs/log_exp4/log_exp4_run0.txt,4,0,46,1467.8439452758885
logs/log_exp4/log_exp4_run0.txt,4,0,47,772.7623340214402
logs/log_exp4/log_exp4_run0.txt,4,0,48,965.466608498421
logs/log_exp4/log_exp4_run0.txt,4,0,49,847.3421508701495
logs/log_exp4/log_exp4_run0.txt,4,0,50,786.3897934099825
logs/log_exp4/log_exp4_run0.txt,4,0,51,1100.6442766327214
logs/log_exp4/log_exp4_run0.txt,4,0,52,793.9270809554638
logs/log_exp4/log_exp4_run0.txt,4,0,53,696.0226802622334
logs/log_exp4/log_exp4_run0.txt,4,0,54,797.9435466967973
logs/log_exp4/log_exp4_run0.txt,4,0,55,1021.1866566247587
logs/log_exp4/log_exp4_run0.txt,4,0,56,1449.7262692490615
logs/log_exp4/log_exp4_run0.txt,4,0,57,1247.0969234042786
logs/log_exp4/log_exp4_run0.txt,4,0,58,856.1334853910128
logs/log_exp4/log_exp4_run0.txt,4,0,59,750.0293755723472
logs/log_exp4/log_exp4_run0.txt,4,0,60,907.0438535141797
logs/log_exp4/log_exp4_run0.txt,4,0,61,1252.8679863372577
logs/log_exp4/log_exp4_run0.txt,4,0,62,823.5099766813457
logs/log_exp4/log_exp4_run0.txt,4,0,63,869.30001413514
logs/log_exp4/log_exp4_run0.txt,4,0,64,1134.0613936666314
logs/log_exp4/log_exp4_run0.txt,4,0,65,1115.9995837921274
logs/log_exp4/log_exp4_run0.txt,4,0,66,887.67739816364
logs/log_exp4/log_exp4_run0.txt,4,0,67,721.9390160610051
logs/log_exp4/log_exp4_run0.txt,4,0,68,774.2274136510607
logs/log_exp4/log_exp4_run0.txt,4,0,69,972.8627490922757
logs/log_exp4/log_exp4_run0.txt,4,0,70,943.2221411056962
logs/log_exp4/log_exp4_run0.txt,4,0,71,785.0921045939815
logs/log_exp4/log_exp4_run0.txt,4,0,72,903.3544436735705
logs/log_exp4/log_exp4_run0.txt,4,0,73,631.847788729688
logs/log_exp4/log_exp4_run0.txt,4,0,74,1226.361271114221
logs/log_exp4/log_exp4_run0.txt,4,0,75,741.3750261369966
logs/log_exp4/log_exp4_run0.txt,4,0,76,1024.2126546887077
logs/log_exp4/log_exp4_run0.txt,4,0,77,983.3474615852978
logs/log_exp4/log_exp4_run0.txt,4,0,78,840.470065589199
logs/log_exp4/log_exp4_run0.txt,4,0,79,1232.3401444838619
logs/log_exp4/log_exp4_run0.txt,4,0,80,880.588382762167
logs/log_exp4/log_exp4_run0.txt,4,0,81,983.8894691960546
logs/log_exp4/log_exp4_run0.txt,4,0,82,806.3270818156859
logs/log_exp4/log_exp4_run0.txt,4,0,83,1017.4235092573217
logs/log_exp4/log_exp4_run0.txt,4,0,84,1433.3269698845452
logs/log_exp4/log_exp4_run0.txt,4,0,85,1197.9800285592453
logs/log_exp4/log_exp4_run0.txt,4,0,86,593.6387898321763
logs/log_exp4/log_exp4_run0.txt,4,0,87,844.908831271973
logs/log_exp4/log_exp4_run0.txt,4,0,88,926.2400195886614
logs/log_exp4/log_exp4_run0.txt,4,0,89,940.2874370572736
logs/log_exp4/log_exp4_run0.txt,4,0,90,1318.816661436031
logs/log_exp4/log_exp4_run0.txt,4,0,91,1090.6379754792501
logs/log_exp4/log_exp4_run0.txt,4,0,92,977.5900755913765
logs/log_exp4/log_exp4_run0.txt,4,0,93,474.26903768875275
logs/log_exp4/log_exp4_run0.txt,4,0,94,1003.6223197926768
logs/log_exp4/log_exp4_run0.txt,4,0,95,690.6003430984608
logs/log_exp4/log_exp4_run0.txt,4,0,96,1008.7124469425995
logs/log_exp4/log_exp4_run0.txt,4,0,97,798.2925242812304
logs/log_exp4/log_exp4_run0.txt,4,0,98,827.5999093354751
logs/log_exp4/log_exp4_run0.txt,4,0,99,709.2302039395823
logs/log_exp4/log_exp4_run0.txt,4,0,100,879.5581169813134
logs/log_exp4/log_exp4_run1.txt,4,1,0,-409.22772172229304
logs/log_exp4/log_exp4_run1.txt,4,1,1,109.03039467642589
logs/log_exp4/log_exp4_run1.txt,4,1,2,524.9021636992288
logs/log_exp4/log_exp4_run1.txt,4,1,3,771.3796418415452
logs/log_exp4/log_exp4_run1.txt,4,1,4,530.8888721011092
logs/log_exp4/log_exp4_run1.txt,4,1,5,454.61055258992155
logs/log_exp4/log_exp4_run1.txt,4,1,6,528.8905618898316
logs/log_exp4/log_exp4_run1.txt,4,1,7,889.6315538391411
logs/log_exp4/log_exp4_run1.txt,4,1,8,928.7183165020821
logs/log_exp4/log_exp4_run1.txt,4,1,9,831.8833063407956
logs/log_exp4/log_exp4_run1.txt,4,1,10,1116.3523796844274
logs/log_exp4/log_exp4_run1.txt,4,1,11,1141.4523527280958
logs/log_exp4/log_exp4_run1.txt,4,1,12,1146.3313784402128
logs/log_exp4/log_exp4_run1.txt,4,1,13,803.0988560946905
logs/log_exp4/log_exp4_run1.txt,4,1,14,1000.1502691131263
logs/log_exp4/log_exp4_run1.txt,4,1,15,711.0110704236322
logs/log_exp4/log_exp4_run1.txt,4,1,16,835.6551765903707
logs/log_exp4/log_exp4_run1.txt,4,1,17,713.8633434199313
logs/log_exp4/log_exp4_run1.txt,4,1,18,677.566692245703
logs/log_exp4/log_exp4_run1.txt,4,1,19,672.1188760239127
logs/log_exp4/log_exp4_run1.txt,4,1,20,1219.6913485426878
logs/log_exp4/log_exp4_run1.txt,4,1,21,689.6764956827227
logs/log_exp4/log_exp4_run1.txt,4,1,22,1139.9283995868761
logs/log_exp4/log_exp4_run1.txt,4,1,23,1046.622007564713
logs/log_exp4/log_exp4_run1.txt,4,1,24,768.8276108884093
logs/log_exp4/log_exp4_run1.txt,4,1,25,896.623661892464
logs/log_exp4/log_exp4_run1.txt,4,1,26,1093.8060725791572
logs/log_exp4/log_exp4_run1.txt,4,1,27,962.10209551634
logs/log_exp4/log_exp4_run1.txt,4,1,28,616.819289236701
logs/log_exp4/log_exp4_run1.txt,4,1,29,1424.3700858809357
logs/log_exp4/log_exp4_run1.txt,4,1,30,1159.6477870934514
logs/log_exp4/log_exp4_run1.txt,4,1,31,744.7454891124165
logs/log_exp4/log_exp4_run1.txt,4,1,32,876.137213602764
logs/log_exp4/log_exp4_run1.txt,4,1,33,1010.2999837045194
logs/log_exp4/log_exp4_run1.txt,4,1,34,860.9667899399694
logs/log_exp4/log_exp4_run1.txt,4,1,35,812.3581393975998
logs/log_exp4/log_exp4_run1.txt,4,1,36,935.3902048375955
logs/log_exp4/log_exp4_run1.txt,4,1,37,856.9310406263536
logs/log_exp4/log_exp4_run1.txt,4,1,38,718.3440834513156
logs/log_exp4/log_exp4_run1.txt,4,1,39,896.7593356288529
logs/log_exp4/log_exp4_run1.txt,4,1,40,977.0871709403151
logs/log_exp4/log_exp4_run1.txt,4,1,41,1087.5782620187251
logs/log_exp4/log_exp4_run1.txt,4,1,42,1277.3796152186496
logs/log_exp4/log_exp4_run1.txt,4,1,43,689.4861166659343
logs/log_exp4/log_exp4_run1.txt,4,1,44,1372.8890080226793
logs/log_exp4/log_exp4_run1.txt,4,1,45,1524.287591786618
logs/log_exp4/log_exp4_run1.txt,4,1,46,1068.3919246090022
logs/log_exp4/log_exp4_run1.txt,4,1,47,1691.1865833202633
logs/log_exp4/log_exp4_run1.txt,4,1,48,1381.4298003434535
logs/log_exp4/log_exp4_run1.txt,4,1,49,713.981325847124
logs/log_exp4/log_exp4_run1.txt,4,1,50,838.396136496263
logs/log_exp4/log_exp4_run1.txt,4,1,51,854.211717435442
logs/log_exp4/log_exp4_run1.txt,4,1,52,896.8818638065619
logs/log_exp4/log_exp4_run1.txt,4,1,53,697.1523730495489
logs/log_exp4/log_exp4_run1.txt,4,1,54,688.233261933334
logs/log_exp4/log_exp4_run1.txt,4,1,55,1076.832516851026
logs/log_exp4/log_exp4_run1.txt,4,1,56,710.7601921068074
logs/log_exp4/log_exp4_run1.txt,4,1,57,883.0173788559923
logs/log_exp4/log_exp4_run1.txt,4,1,58,1344.459112581127
logs/log_exp4/log_exp4_run1.txt,4,1,59,1046.2930856499074
logs/log_exp4/log_exp4_run1.txt,4,1,60,1238.9489340095436
logs/log_exp4/log_exp4_run1.txt,4,1,61,727.8120277702758
logs/log_exp4/log_exp4_run1.txt,4,1,62,942.610944311033
logs/log_exp4/log_exp4_run1.txt,4,1,63,941.9830438576375
logs/log_exp4/log_exp4_run1.txt,4,1,64,942.0825738228511
logs/log_exp4/log_exp4_run1.txt,4,1,65,1085.6938645036614
logs/log_exp4/log_exp4_run1.txt,4,1,66,1100.4078444255179
logs/log_exp4/log_exp4_run1.txt,4,1,67,762.1728394316235
logs/log_exp4/log_exp4_run1.txt,4,1,68,1034.822387143035
logs/log_exp4/log_exp4_run1.txt,4,1,69,696.394588925047
logs/log_exp4/log_exp4_run1.txt,4,1,70,560.4981444448392
logs/log_exp4/log_exp4_run1.txt,4,1,71,528.6768411125455
logs/log_exp4/log_exp4_run1.txt,4,1,72,969.7161444132873
logs/log_exp4/log_exp4_run1.txt,4,1,73,715.1761085281125
logs/log_exp4/log_exp4_run1.txt,4,1,74,1341.2989253834508
logs/log_exp4/log_exp4_run1.txt,4,1,75,1099.8183032600236
logs/log_exp4/log_exp4_run1.txt,4,1,76,1026.868217973579
logs/log_exp4/log_exp4_run1.txt,4,1,77,981.9732831900343
logs/log_exp4/log_exp4_run1.txt,4,1,78,1027.4290546978257
logs/log_exp4/log_exp4_run1.txt,4,1,79,1053.5724812765434
logs/log_exp4/log_exp4_run1.txt,4,1,80,893.5179620393043
logs/log_exp4/log_exp4_run1.txt,4,1,81,731.0750482509419
logs/log_exp4/log_exp4_run1.txt,4,1,82,868.279423437453
logs/log_exp4/log_exp4_run1.txt,4,1,83,732.4438032925658
logs/log_exp4/log_exp4_run1.txt,4,1,84,940.6226538455624
logs/log_exp4/log_exp4_run1.txt,4,1,85,840.7718338798364
logs/log_exp4/log_exp4_run1.txt,4,1,86,926.891041944674
logs/log_exp4/log_exp4_run1.txt,4,1,87,1049.2502896246333
logs/log_exp4/log_exp4_run1.txt,4,1,88,786.4157425952875
logs/log_exp4/log_exp4_run1.txt,4,1,89,1233.2597514516035
logs/log_exp4/log_exp4_run1.txt,4,1,90,723.4340693433952
logs/log_exp4/log_exp4_run1.txt,4,1,91,1847.68894769579
logs/log_exp4/log_exp4_run1.txt,4,1,92,1394.847424851362
logs/log_exp4/log_exp4_run1.txt,4,1,93,863.2217252510329
logs/log_exp4/log_exp4_run1.txt,4,1,94,633.5743292734101
logs/log_exp4/log_exp4_run1.txt,4,1,95,671.5528401657882
logs/log_exp4/log_exp4_run1.txt,4,1,96,1037.633843751388
logs/log_exp4/log_exp4_run1.txt,4,1,97,979.2054990832414
logs/log_exp4/log_exp4_run1.txt,4,1,98,1074.1493445639708
logs/log_exp4/log_exp4_run1.txt,4,1,99,1048.3360324675582
logs/log_exp4/log_exp4_run1.txt,4,1,100,1087.4931937601493
logs/log_exp4/log_exp4_run2.txt,4,2,0,-306.2810049249583
logs/log_exp4/log_exp4_run2.txt,4,2,1,443.7264422926701
logs/log_exp4/log_exp4_run2.txt,4,2,2,421.19156077040407
logs/log_exp4/log_exp4_run2.txt,4,2,3,785.4777654862538
logs/log_exp4/log_exp4_run2.txt,4,2,4,897.7004188236087
logs/log_exp4/log_exp4_run2.txt,4,2,5,754.7567366342283
logs/log_exp4/log_exp4_run2.txt,4,2,6,947.3418372005256
logs/log_exp4/log_exp4_run2.txt,4,2,7,743.8485782185346
logs/log_exp4/log_exp4_run2.txt,4,2,8,1092.4963487926711
logs/log_exp4/log_exp4_run2.txt,4,2,9,1012.0845657893539
logs/log_exp4/log_exp4_run2.txt,4,2,10,776.8989463430373
logs/log_exp4/log_exp4_run2.txt,4,2,11,860.434491002526
logs/log_exp4/log_exp4_run2.txt,4,2,12,1798.7418800783453
logs/log_exp4/log_exp4_run2.txt,4,2,13,746.0095535804004
logs/log_exp4/log_exp4_run2.txt,4,2,14,1355.265195146098
logs/log_exp4/log_exp4_run2.txt,4,2,15,1212.2845400079982
logs/log_exp4/log_exp4_run2.txt,4,2,16,949.1511481685195
logs/log_exp4/log_exp4_run2.txt,4,2,17,617.5677637739794
logs/log_exp4/log_exp4_run2.txt,4,2,18,1081.8758085414947
logs/log_exp4/log_exp4_run2.txt,4,2,19,618.1371343810223
logs/log_exp4/log_exp4_run2.txt,4,2,20,1111.5523763575986
logs/log_exp4/log_exp4_run2.txt,4,2,21,1291.2263295861794
logs/log_exp4/log_exp4_run2.txt,4,2,22,954.8696221966838
logs/log_exp4/log_exp4_run2.txt,4,2,23,1214.8818765144874
logs/log_exp4/log_exp4_run2.txt,4,2,24,960.3285464556532
logs/log_exp4/log_exp4_run2.txt,4,2,25,1074.1479078713705
logs/log_exp4/log_exp4_run2.txt,4,2,26,726.5485078687915
logs/log_exp4/log_exp4_run2.txt,4,2,27,942.1979355741008
logs/log_exp4/log_exp4_run2.txt,4,2,28,1057.5122998829488
logs/log_exp4/log_exp4_run2.txt,4,2,29,684.1080788181749
logs/log_exp4/log_exp4_run2.txt,4,2,30,1009.5563448913188
logs/log_exp4/log_exp4_run2.txt,4,2,31,735.5819039907717
logs/log_exp4/log_exp4_run2.txt,4,2,32,733.1967224598078
logs/log_exp4/log_exp4_run2.txt,4,2,33,654.211668221826
logs/log_exp4/log_exp4_run2.txt,4,2,34,1127.8859789492308
logs/log_exp4/log_exp4_run2.txt,4,2,35,1159.634212488041
logs/log_exp4/log_exp4_run2.txt,4,2,36,1057.0600134851816
logs/log_exp4/log_exp4_run2.txt,4,2,37,1186.1808227245972
logs/log_exp4/log_exp4_run2.txt,4,2,38,1150.6789885312992
logs/log_exp4/log_exp4_run2.txt,4,2,39,1055.790967801925
logs/log_exp4/log_exp4_run2.txt,4,2,40,1003.7914555074633
logs/log_exp4/log_exp4_run2.txt,4,2,41,672.0809068035662
logs/log_exp4/log_exp4_run2.txt,4,2,42,1394.5809652196735
logs/log_exp4/log_exp4_run2.txt,4,2,43,1082.8629556582027
logs/log_exp4/log_exp4_run2.txt,4,2,44,1077.7246484959805
logs/log_exp4/log_exp4_run2.txt,4,2,45,860.398819479009
logs/log_exp4/log_exp4_run2.txt,4,2,46,658.87022555216
logs/log_exp4/log_exp4_run2.txt,4,2,47,1105.110175776647
logs/log_exp4/log_exp4_run2.txt,4,2,48,1003.8369664701675
logs/log_exp4/log_exp4_run2.txt,4,2,49,1014.5447392597907
logs/log_exp4/log_exp4_run2.txt,4,2,50,1250.5875212707995
logs/log_exp4/log_exp4_run2.txt,4,2,51,965.2159893192395
logs/log_exp4/log_exp4_run2.txt,4,2,52,1044.3126624727217
logs/log_exp4/log_exp4_run2.txt,4,2,53,1053.3281294997146
logs/log_exp4/log_exp4_run2.txt,4,2,54,674.5677987360702
logs/log_exp4/log_exp4_run2.txt,4,2,55,1032.8038109847669
logs/log_exp4/log_exp4_run2.txt,4,2,56,1125.4007547261763
logs/log_exp4/log_exp4_run2.txt,4,2,57,664.0545113731899
logs/log_exp4/log_exp4_run2.txt,4,2,58,1132.468667631254
logs/log_exp4/log_exp4_run2.txt,4,2,59,1000.6971046934219
logs/log_exp4/log_exp4_run2.txt,4,2,60,601.298735489571
logs/log_exp4/log_exp4_run2.txt,4,2,61,942.2040771190117
logs/log_exp4/log_exp4_run2.txt,4,2,62,957.8513886385705
logs/log_exp4/log_exp4_run2.txt,4,2,63,1068.2720540665168
logs/log_exp4/log_exp4_run2.txt,4,2,64,970.3004415737302
logs/log_exp4/log_exp4_run2.txt,4,2,65,1041.2882650990196
logs/log_exp4/log_exp4_run2.txt,4,2,66,459.0519514082788
logs/log_exp4/log_exp4_run2.txt,4,2,67,729.788501374929
logs/log_exp4/log_exp4_run2.txt,4,2,68,840.8906381329589
logs/log_exp4/log_exp4_run2.txt,4,2,69,874.8971585786463
logs/log_exp4/log_exp4_run2.txt,4,2,70,1035.2109833968966
logs/log_exp4/log_exp4_run2.txt,4,2,71,858.6800450463641
logs/log_exp4/log_exp4_run2.txt,4,2,72,1041.23084943189
logs/log_exp4/log_exp4_run2.txt,4,2,73,460.31077711260224
logs/log_exp4/log_exp4_run2.txt,4,2,74,935.576521280783
logs/log_exp4/log_exp4_run2.txt,4,2,75,1111.780599108294
logs/log_exp4/log_exp4_run2.txt,4,2,76,793.6796848419951
logs/log_exp4/log_exp4_run2.txt,4,2,77,778.8751900543793
logs/log_exp4/log_exp4_run2.txt,4,2,78,610.7610402957145
logs/log_exp4/log_exp4_run2.txt,4,2,79,1214.7552680028834
logs/log_exp4/log_exp4_run2.txt,4,2,80,837.2201736026273
logs/log_exp4/log_exp4_run2.txt,4,2,81,745.5015311700155
logs/log_exp4/log_exp4_run2.txt,4,2,82,1011.7525749389013
logs/log_exp4/log_exp4_run2.txt,4,2,83,731.5394573825008
logs/log_exp4/log_exp4_run2.txt,4,2,84,705.0384202282949
logs/log_exp4/log_exp4_run2.txt,4,2,85,875.4338166397429
logs/log_exp4/log_exp4_run2.txt,4,2,86,1061.8317363130511
logs/log_exp4/log_exp4_run2.txt,4,2,87,957.4402479370101
logs/log_exp4/log_exp4_run2.txt,4,2,88,1254.0915184438686
logs/log_exp4/log_exp4_run2.txt,4,2,89,1143.5441981340668
logs/log_exp4/log_exp4_run2.txt,4,2,90,527.6856306366833
logs/log_exp4/log_exp4_run2.txt,4,2,91,854.3466794816301
logs/log_exp4/log_exp4_run2.txt,4,2,92,953.5321158980678
logs/log_exp4/log_exp4_run2.txt,4,2,93,1262.1938789217586
logs/log_exp4/log_exp4_run2.txt,4,2,94,1001.6369854993752
logs/log_exp4/log_exp4_run2.txt,4,2,95,1178.1717875085649
logs/log_exp4/log_exp4_run2.txt,4,2,96,679.3146452126366
logs/log_exp4/log_exp4_run2.txt,4,2,97,779.1161186252014
logs/log_exp4/log_exp4_run2.txt,4,2,98,869.678181309125
logs/log_exp4/log_exp4_run2.txt,4,2,99,683.0273208218966
logs/log_exp4/log_exp4_run2.txt,4,2,100,933.2329843800424
logs/log_exp4/log_exp4_run3.txt,4,3,0,-119.16576459167268
logs/log_exp4/log_exp4_run3.txt,4,3,1,502.14148349523384
logs/log_exp4/log_exp4_run3.txt,4,3,2,584.9301318157846
logs/log_exp4/log_exp4_run3.txt,4,3,3,754.7332320851692
logs/log_exp4/log_exp4_run3.txt,4,3,4,639.224978703006
logs/log_exp4/log_exp4_run3.txt,4,3,5,1059.7529385782432
logs/log_exp4/log_exp4_run3.txt,4,3,6,737.8980545991326
logs/log_exp4/log_exp4_run3.txt,4,3,7,709.6183671674855
logs/log_exp4/log_exp4_run3.txt,4,3,8,1214.7943675887
logs/log_exp4/log_exp4_run3.txt,4,3,9,1099.9335485269096
logs/log_exp4/log_exp4_run3.txt,4,3,10,677.8119841334135
logs/log_exp4/log_exp4_run3.txt,4,3,11,805.8491447803102
logs/log_exp4/log_exp4_run3.txt,4,3,12,776.970437661155
logs/log_exp4/log_exp4_run3.txt,4,3,13,1039.618629021033
logs/log_exp4/log_exp4_run3.txt,4,3,14,1233.4435855232161
logs/log_exp4/log_exp4_run3.txt,4,3,15,884.3148788392039
logs/log_exp4/log_exp4_run3.txt,4,3,16,889.9653294219834
logs/log_exp4/log_exp4_run3.txt,4,3,17,1283.5816061347675
logs/log_exp4/log_exp4_run3.txt,4,3,18,1440.122262224992
logs/log_exp4/log_exp4_run3.txt,4,3,19,893.8095381945143
logs/log_exp4/log_exp4_run3.txt,4,3,20,944.8618951924018
logs/log_exp4/log_exp4_run3.txt,4,3,21,774.9519159156702
logs/log_exp4/log_exp4_run3.txt,4,3,22,651.0906552036948
logs/log_exp4/log_exp4_run3.txt,4,3,23,1058.1111888533537
logs/log_exp4/log_exp4_run3.txt,4,3,24,561.3237484508512
logs/log_exp4/log_exp4_run3.txt,4,3,25,1166.0160128072905
logs/log_exp4/log_exp4_run3.txt,4,3,26,792.9963953953529
logs/log_exp4/log_exp4_run3.txt,4,3,27,741.1093993440702
logs/log_exp4/log_exp4_run3.txt,4,3,28,1166.5632849898752
logs/log_exp4/log_exp4_run3.txt,4,3,29,743.3976368751387
logs/log_exp4/log_exp4_run3.txt,4,3,30,985.7202664883673
logs/log_exp4/log_exp4_run3.txt,4,3,31,899.8082405056259
logs/log_exp4/log_exp4_run3.txt,4,3,32,1093.191144225785
logs/log_exp4/log_exp4_run3.txt,4,3,33,773.6890445916407
logs/log_exp4/log_exp4_run3.txt,4,3,34,828.0403549643227
logs/log_exp4/log_exp4_run3.txt,4,3,35,813.2755054858833
logs/log_exp4/log_exp4_run3.txt,4,3,36,938.3930239783606
logs/log_exp4/log_exp4_run3.txt,4,3,37,849.9198185825702
logs/log_exp4/log_exp4_run3.txt,4,3,38,869.3316676763343
logs/log_exp4/log_exp4_run3.txt,4,3,39,1031.5478526799202
logs/log_exp4/log_exp4_run3.txt,4,3,40,828.5040568667476
logs/log_exp4/log_exp4_run3.txt,4,3,41,1402.7840200546354
logs/log_exp4/log_exp4_run3.txt,4,3,42,582.1558556803682
logs/log_exp4/log_exp4_run3.txt,4,3,43,1050.3866063233975
logs/log_exp4/log_exp4_run3.txt,4,3,44,760.9123211705727
logs/log_exp4/log_exp4_run3.txt,4,3,45,728.3458786508306
logs/log_exp4/log_exp4_run3.txt,4,3,46,1845.904557751993
logs/log_exp4/log_exp4_run3.txt,4,3,47,1031.2462422052852
logs/log_exp4/log_exp4_run3.txt,4,3,48,843.6954978029665
logs/log_exp4/log_exp4_run3.txt,4,3,49,914.9194135170313
logs/log_exp4/log_exp4_run3.txt,4,3,50,812.0555497613404
logs/log_exp4/log_exp4_run3.txt,4,3,51,550.4908711522673
logs/log_exp4/log_exp4_run3.txt,4,3,52,887.614009780021
logs/log_exp4/log_exp4_run3.txt,4,3,53,807.9863062189702
logs/log_exp4/log_exp4_run3.txt,4,3,54,805.3505240103514
logs/log_exp4/log_exp4_run3.txt,4,3,55,1009.7575664950549
logs/log_exp4/log_exp4_run3.txt,4,3,56,910.9946013458172
logs/log_exp4/log_exp4_run3.txt,4,3,57,1151.1102169636233
logs/log_exp4/log_exp4_run3.txt,4,3,58,1168.6681703942256
logs/log_exp4/log_exp4_run3.txt,4,3,59,680.7653490324586
logs/log_exp4/log_exp4_run3.txt,4,3,60,590.5174762642891
logs/log_exp4/log_exp4_run3.txt,4,3,61,1279.628749890753
logs/log_exp4/log_exp4_run3.txt,4,3,62,404.50806578357714
logs/log_exp4/log_exp4_run3.txt,4,3,63,1003.7302429190779
logs/log_exp4/log_exp4_run3.txt,4,3,64,999.5228699861625
logs/log_exp4/log_exp4_run3.txt,4,3,65,922.643358532943
logs/log_exp4/log_exp4_run3.txt,4,3,66,856.638131489302
logs/log_exp4/log_exp4_run3.txt,4,3,67,964.5170444900172
logs/log_exp4/log_exp4_run3.txt,4,3,68,1134.3402645271149
logs/log_exp4/log_exp4_run3.txt,4,3,69,976.5663841648975
logs/log_exp4/log_exp4_run3.txt,4,3,70,882.2035094104637
logs/log_exp4/log_exp4_run3.txt,4,3,71,880.545559482742
logs/log_exp4/log_exp4_run3.txt,4,3,72,718.278865967781
logs/log_exp4/log_exp4_run3.txt,4,3,73,873.1890242994647
logs/log_exp4/log_exp4_run3.txt,4,3,74,1008.3232263906011
logs/log_exp4/log_exp4_run3.txt,4,3,75,1010.9683364621593
logs/log_exp4/log_exp4_run3.txt,4,3,76,695.9341219348844
logs/log_exp4/log_exp4_run3.txt,4,3,77,941.8203490118331
logs/log_exp4/log_exp4_run3.txt,4,3,78,748.0673777827731
logs/log_exp4/log_exp4_run3.txt,4,3,79,1709.045943520468
logs/log_exp4/log_exp4_run3.txt,4,3,80,1084.024720817924
logs/log_exp4/log_exp4_run3.txt,4,3,81,1025.079565767956
logs/log_exp4/log_exp4_run3.txt,4,3,82,823.4816470698267
logs/log_exp4/log_exp4_run3.txt,4,3,83,1096.422529228682
logs/log_exp4/log_exp4_run3.txt,4,3,84,795.6948321190066
logs/log_exp4/log_exp4_run3.txt,4,3,85,814.8535524605588
logs/log_exp4/log_exp4_run3.txt,4,3,86,707.2185520187666
logs/log_exp4/log_exp4_run3.txt,4,3,87,1102.9028218176907
logs/log_exp4/log_exp4_run3.txt,4,3,88,1054.931315123743
logs/log_exp4/log_exp4_run3.txt,4,3,89,646.8004887636683
logs/log_exp4/log_exp4_run3.txt,4,3,90,1311.0941511658839
logs/log_exp4/log_exp4_run3.txt,4,3,91,745.9185024109629
logs/log_exp4/log_exp4_run3.txt,4,3,92,986.7388046818348
logs/log_exp4/log_exp4_run3.txt,4,3,93,1340.6993136636797
logs/log_exp4/log_exp4_run3.txt,4,3,94,761.7746050566653
logs/log_exp4/log_exp4_run3.txt,4,3,95,1104.5351092763453
logs/log_exp4/log_exp4_run3.txt,4,3,96,1198.7689880656396
logs/log_exp4/log_exp4_run3.txt,4,3,97,868.8880140339758
logs/log_exp4/log_exp4_run3.txt,4,3,98,1518.7284299345604
logs/log_exp4/log_exp4_run3.txt,4,3,99,980.2632495872779
logs/log_exp4/log_exp4_run3.txt,4,3,100,947.9355947253741
logs/log_exp4/log_exp4_run4.txt,4,4,0,-211.94278552691603
logs/log_exp4/log_exp4_run4.txt,4,4,1,-10.893428447010432
logs/log_exp4/log_exp4_run4.txt,4,4,2,556.7855690719257
logs/log_exp4/log_exp4_run4.txt,4,4,3,453.55129082795463
logs/log_exp4/log_exp4_run4.txt,4,4,4,728.044021173333
logs/log_exp4/log_exp4_run4.txt,4,4,5,763.8345615686289
logs/log_exp4/log_exp4_run4.txt,4,4,6,664.029394787891
logs/log_exp4/log_exp4_run4.txt,4,4,7,1008.3757132639441
logs/log_exp4/log_exp4_run4.txt,4,4,8,670.0794628758222
logs/log_exp4/log_exp4_run4.txt,4,4,9,1093.0197795243737
logs/log_exp4/log_exp4_run4.txt,4,4,10,1075.0034884188597
logs/log_exp4/log_exp4_run4.txt,4,4,11,1012.496129995496
logs/log_exp4/log_exp4_run4.txt,4,4,12,794.0125755464906
logs/log_exp4/log_exp4_run4.txt,4,4,13,746.952400167677
logs/log_exp4/log_exp4_run4.txt,4,4,14,1032.060885477127
logs/log_exp4/log_exp4_run4.txt,4,4,15,1008.5563597070043
logs/log_exp4/log_exp4_run4.txt,4,4,16,1549.5068140510207
logs/log_exp4/log_exp4_run4.txt,4,4,17,670.2490657479917
logs/log_exp4/log_exp4_run4.txt,4,4,18,1015.161114747596
logs/log_exp4/log_exp4_run4.txt,4,4,19,841.9047373777205
logs/log_exp4/log_exp4_run4.txt,4,4,20,956.3397191794329
logs/log_exp4/log_exp4_run4.txt,4,4,21,646.7239726891385
logs/log_exp4/log_exp4_run4.txt,4,4,22,1104.035314335749
logs/log_exp4/log_exp4_run4.txt,4,4,23,838.1659306558138
logs/log_exp4/log_exp4_run4.txt,4,4,24,1124.064114167056
logs/log_exp4/log_exp4_run4.txt,4,4,25,1088.2348277905737
logs/log_exp4/log_exp4_run4.txt,4,4,26,665.0007062962611
logs/log_exp4/log_exp4_run4.txt,4,4,27,1180.8139087760796
logs/log_exp4/log_exp4_run4.txt,4,4,28,865.2481627472428
logs/log_exp4/log_exp4_run4.txt,4,4,29,938.0160681188936
logs/log_exp4/log_exp4_run4.txt,4,4,30,784.7596676547896
logs/log_exp4/log_exp4_run4.txt,4,4,31,773.2977714877817
logs/log_exp4/log_exp4_run4.txt,4,4,32,779.7531479401445
logs/log_exp4/log_exp4_run4.txt,4,4,33,767.1263029973182
logs/log_exp4/log_exp4_run4.txt,4,4,34,1177.4306765798976
logs/log_exp4/log_exp4_run4.txt,4,4,35,1007.5418503711182
logs/log_exp4/log_exp4_run4.txt,4,4,36,872.415766437972
logs/log_exp4/log_exp4_run4.txt,4,4,37,768.0450057721633
logs/log_exp4/log_exp4_run4.txt,4,4,38,736.4529464134807
logs/log_exp4/log_exp4_run4.txt,4,4,39,1008.3962226743977
logs/log_exp4/log_exp4_run4.txt,4,4,40,917.5930822458989
logs/log_exp4/log_exp4_run4.txt,4,4,41,1022.1539985690815
logs/log_exp4/log_exp4_run4.txt,4,4,42,964.1300594649562
logs/log_exp4/log_exp4_run4.txt,4,4,43,857.9838778279369
logs/log_exp4/log_exp4_run4.txt,4,4,44,883.9768161013099
logs/log_exp4/log_exp4_run4.txt,4,4,45,988.9928672871187
logs/log_exp4/log_exp4_run4.txt,4,4,46,1081.697555344333
logs/log_exp4/log_exp4_run4.txt,4,4,47,1179.0504978981871
logs/log_exp4/log_exp4_run4.txt,4,4,48,1326.7573480135786
logs/log_exp4/log_exp4_run4.txt,4,4,49,904.1075049554984
logs/log_exp4/log_exp4_run4.txt,4,4,50,822.2073430010987
logs/log_exp4/log_exp4_run4.txt,4,4,51,1060.2204646756845
logs/log_exp4/log_exp4_run4.txt,4,4,52,714.845841667149
logs/log_exp4/log_exp4_run4.txt,4,4,53,1064.8438811439814
logs/log_exp4/log_exp4_run4.txt,4,4,54,703.6972631163852
logs/log_exp4/log_exp4_run4.txt,4,4,55,622.0005424846247
logs/log_exp4/log_exp4_run4.txt,4,4,56,853.3357207473355
logs/log_exp4/log_exp4_run4.txt,4,4,57,831.479703498457
logs/log_exp4/log_exp4_run4.txt,4,4,58,1006.0773565695256
logs/log_exp4/log_exp4_run4.txt,4,4,59,1012.92336339016
logs/log_exp4/log_exp4_run4.txt,4,4,60,1090.4717365281404
logs/log_exp4/log_exp4_run4.txt,4,4,61,871.7192186704109
logs/log_exp4/log_exp4_run4.txt,4,4,62,1088.894086261685
logs/log_exp4/log_exp4_run4.txt,4,4,63,973.5963312895001
logs/log_exp4/log_exp4_run4.txt,4,4,64,1210.2017965492194
logs/log_exp4/log_exp4_run4.txt,4,4,65,1348.682823120948
logs/log_exp4/log_exp4_run4.txt,4,4,66,838.8524868961583
logs/log_exp4/log_exp4_run4.txt,4,4,67,803.0974831921337
logs/log_exp4/log_exp4_run4.txt,4,4,68,1083.0014174025678
logs/log_exp4/log_exp4_run4.txt,4,4,69,1029.185232440186
logs/log_exp4/log_exp4_run4.txt,4,4,70,1250.535729482744
logs/log_exp4/log_exp4_run4.txt,4,4,71,1396.533348203963
logs/log_exp4/log_exp4_run4.txt,4,4,72,1397.7755578861302
logs/log_exp4/log_exp4_run4.txt,4,4,73,1103.5970286164604
logs/log_exp4/log_exp4_run4.txt,4,4,74,699.8663444818188
logs/log_exp4/log_exp4_run4.txt,4,4,75,597.5442637743148
logs/log_exp4/log_exp4_run4.txt,4,4,76,1301.470926502841
logs/log_exp4/log_exp4_run4.txt,4,4,77,886.9878447849254
logs/log_exp4/log_exp4_run4.txt,4,4,78,720.0287830722546
logs/log_exp4/log_exp4_run4.txt,4,4,79,1131.0382417834662
logs/log_exp4/log_exp4_run4.txt,4,4,80,738.3400569835353
logs/log_exp4/log_exp4_run4.txt,4,4,81,952.3224929535521
logs/log_exp4/log_exp4_run4.txt,4,4,82,719.281135675659
logs/log_exp4/log_exp4_run4.txt,4,4,83,584.4866734145361
logs/log_exp4/log_exp4_run4.txt,4,4,84,1100.1262372180133
logs/log_exp4/log_exp4_run4.txt,4,4,85,1039.3297421355962
logs/log_exp4/log_exp4_run4.txt,4,4,86,1035.7341189748247
logs/log_exp4/log_exp4_run4.txt,4,4,87,1088.3903310897244
logs/log_exp4/log_exp4_run4.txt,4,4,88,605.5120971842898
logs/log_exp4/log_exp4_run4.txt,4,4,89,848.7342854248084
logs/log_exp4/log_exp4_run4.txt,4,4,90,1084.8403382605416
logs/log_exp4/log_exp4_run4.txt,4,4,91,1105.72029523025
logs/log_exp4/log_exp4_run4.txt,4,4,92,1201.3722599692046
logs/log_exp4/log_exp4_run4.txt,4,4,93,577.91495271999
logs/log_exp4/log_exp4_run4.txt,4,4,94,827.5684924434793
logs/log_exp4/log_exp4_run4.txt,4,4,95,670.1241352767031
logs/log_exp4/log_exp4_run4.txt,4,4,96,964.3465736033577
logs/log_exp4/log_exp4_run4.txt,4,4,97,660.4599993105852
logs/log_exp4/log_exp4_run4.txt,4,4,98,664.568519765134
logs/log_exp4/log_exp4_run4.txt,4,4,99,762.9249099654975
logs/log_exp4/log_exp4_run4.txt,4,4,100,823.1049874815126
logs/log_exp5/log_exp5_run0.txt,5,0,0,133.38912465836978
logs/log_exp5/log_exp5_run0.txt,5,0,1,873.4537475092591
logs/log_exp5/log_exp5_run0.txt,5,0,2,1267.8535551869322
logs/log_exp5/log_exp5_run0.txt,5,0,3,44.31214554760329
logs/log_exp5/log_exp5_run0.txt,5,0,4,349.6223458479012
logs/log_exp5/log_exp5_run0.txt,5,0,5,597.6808931263238
logs/log_exp5/log_exp5_run0.txt,5,0,6,902.9348440809601
logs/log_exp5/log_exp5_run0.txt,5,0,7,653.8091398827954
logs/log_exp5/log_exp5_run0.txt,5,0,8,762.5887021119102
logs/log_exp5/log_exp5_run0.txt,5,0,9,844.5175197195076
logs/log_exp5/log_exp5_run0.txt,5,0,10,877.1970375658086
logs/log_exp5/log_exp5_run0.txt,5,0,11,1111.8913626437886
logs/log_exp5/log_exp5_run0.txt,5,0,12,745.1027598890637
logs/log_exp5/log_exp5_run0.txt,5,0,13,1073.1004166609823
logs/log_exp5/log_exp5_run0.txt,5,0,14,1142.3852118818331
logs/log_exp5/log_exp5_run0.txt,5,0,15,1002.3421590271188
logs/log_exp5/log_exp5_run0.txt,5,0,16,993.0953786143484
logs/log_exp5/log_exp5_run0.txt,5,0,17,721.3857182638712
logs/log_exp5/log_exp5_run0.txt,5,0,18,1112.7298408131494
logs/log_exp5/log_exp5_run0.txt,5,0,19,983.2360543754658
logs/log_exp5/log_exp5_run0.txt,5,0,20,1010.8743730370813
logs/log_exp5/log_exp5_run0.txt,5,0,21,1786.9576471775072
logs/log_exp5/log_exp5_run0.txt,5,0,22,561.5492891906745
logs/log_exp5/log_exp5_run0.txt,5,0,23,1162.3711299692932
logs/log_exp5/log_exp5_run0.txt,5,0,24,556.7966794214801
logs/log_exp5/log_exp5_run0.txt,5,0,25,1027.6748581285283
logs/log_exp5/log_exp5_run0.txt,5,0,26,964.3332065876102
logs/log_exp5/log_exp5_run0.txt,5,0,27,687.695517081256
logs/log_exp5/log_exp5_run0.txt,5,0,28,975.4761065569177
logs/log_exp5/log_exp5_run0.txt,5,0,29,1407.5660772097506
logs/log_exp5/log_exp5_run0.txt,5,0,30,682.0639496052411
logs/log_exp5/log_exp5_run0.txt,5,0,31,991.6051043133306
logs/log_exp5/log_exp5_run0.txt,5,0,32,765.6107689156966
logs/log_exp5/log_exp5_run0.txt,5,0,33,717.8864044440244
logs/log_exp5/log_exp5_run0.txt,5,0,34,652.3618601633158
logs/log_exp5/log_exp5_run0.txt,5,0,35,868.3219598524574
logs/log_exp5/log_exp5_run0.txt,5,0,36,1146.8559189226949
logs/log_exp5/log_exp5_run0.txt,5,0,37,675.5522975966135
logs/log_exp5/log_exp5_run0.txt,5,0,38,1304.9518096486315
logs/log_exp5/log_exp5_run0.txt,5,0,39,987.2768366717104
logs/log_exp5/log_exp5_run0.txt,5,0,40,728.544559277281
logs/log_exp5/log_exp5_run0.txt,5,0,41,763.9276994780795
logs/log_exp5/log_exp5_run0.txt,5,0,42,831.1650683788708
logs/log_exp5/log_exp5_run0.txt,5,0,43,1113.989540700726
logs/log_exp5/log_exp5_run0.txt,5,0,44,1169.8628980809813
logs/log_exp5/log_exp5_run0.txt,5,0,45,761.0615779912871
logs/log_exp5/log_exp5_run0.txt,5,0,46,695.9296924900252
logs/log_exp5/log_exp5_run0.txt,5,0,47,1405.5095419126014
logs/log_exp5/log_exp5_run0.txt,5,0,48,1084.9780936467344
logs/log_exp5/log_exp5_run0.txt,5,0,49,1045.1381381715432
logs/log_exp5/log_exp5_run0.txt,5,0,50,770.8357375026766
logs/log_exp5/log_exp5_run0.txt,5,0,51,925.6334331560786
logs/log_exp5/log_exp5_run0.txt,5,0,52,1016.1602261026783
logs/log_exp5/log_exp5_run0.txt,5,0,53,1042.7474349486922
logs/log_exp5/log_exp5_run0.txt,5,0,54,838.5820110371944
logs/log_exp5/log_exp5_run0.txt,5,0,55,1031.4119666005436
logs/log_exp5/log_exp5_run0.txt,5,0,56,928.6168241950523
logs/log_exp5/log_exp5_run0.txt,5,0,57,750.6178583958097
logs/log_exp5/log_exp5_run0.txt,5,0,58,761.5747690547383
logs/log_exp5/log_exp5_run0.txt,5,0,59,770.6274995230818
logs/log_exp5/log_exp5_run0.txt,5,0,60,882.1395182400436
logs/log_exp5/log_exp5_run0.txt,5,0,61,833.6670707014362
logs/log_exp5/log_exp5_run0.txt,5,0,62,1122.4531778235137
logs/log_exp5/log_exp5_run0.txt,5,0,63,764.3273690770384
logs/log_exp5/log_exp5_run0.txt,5,0,64,1086.4512569332214
logs/log_exp5/log_exp5_run0.txt,5,0,65,1427.7824864687657
logs/log_exp5/log_exp5_run0.txt,5,0,66,541.4294675311896
logs/log_exp5/log_exp5_run0.txt,5,0,67,856.7096539324936
logs/log_exp5/log_exp5_run0.txt,5,0,68,820.9884642777512
logs/log_exp5/log_exp5_run0.txt,5,0,69,726.7072746181984
logs/log_exp5/log_exp5_run0.txt,5,0,70,1172.0886638628451
logs/log_exp5/log_exp5_run0.txt,5,0,71,787.9305096893019
logs/log_exp5/log_exp5_run0.txt,5,0,72,703.8903123435057
logs/log_exp5/log_exp5_run0.txt,5,0,73,790.9496448194493
logs/log_exp5/log_exp5_run0.txt,5,0,74,1144.0711591560296
logs/log_exp5/log_exp5_run0.txt,5,0,75,969.6762253307309
logs/log_exp5/log_exp5_run0.txt,5,0,76,1388.8101841069906
logs/log_exp5/log_exp5_run0.txt,5,0,77,997.6608281085606
logs/log_exp5/log_exp5_run0.txt,5,0,78,1459.8777054642665
logs/log_exp5/log_exp5_run0.txt,5,0,79,629.4482162943632
logs/log_exp5/log_exp5_run0.txt,5,0,80,1014.5441571260784
logs/log_exp5/log_exp5_run0.txt,5,0,81,1131.8213481032158
logs/log_exp5/log_exp5_run0.txt,5,0,82,762.9993889594982
logs/log_exp5/log_exp5_run0.txt,5,0,83,617.7082906263246
logs/log_exp5/log_exp5_run0.txt,5,0,84,852.8250273351505
logs/log_exp5/log_exp5_run0.txt,5,0,85,1041.3422245541628
logs/log_exp5/log_exp5_run0.txt,5,0,86,904.3100582522198
logs/log_exp5/log_exp5_run0.txt,5,0,87,721.3829062460784
logs/log_exp5/log_exp5_run0.txt,5,0,88,711.1498599887286
logs/log_exp5/log_exp5_run0.txt,5,0,89,696.6284446979869
logs/log_exp5/log_exp5_run0.txt,5,0,90,768.3414280444842
logs/log_exp5/log_exp5_run0.txt,5,0,91,1058.5262422977155
logs/log_exp5/log_exp5_run0.txt,5,0,92,1079.4931601855678
logs/log_exp5/log_exp5_run0.txt,5,0,93,910.6166472482012
logs/log_exp5/log_exp5_run0.txt,5,0,94,1055.216442827803
logs/log_exp5/log_exp5_run0.txt,5,0,95,861.5471022890554
logs/log_exp5/log_exp5_run0.txt,5,0,96,763.3637373691342
logs/log_exp5/log_exp5_run0.txt,5,0,97,714.3569021041242
logs/log_exp5/log_exp5_run0.txt,5,0,98,798.7699526447287
logs/log_exp5/log_exp5_run0.txt,5,0,99,1003.350389250739
logs/log_exp5/log_exp5_run0.txt,5,0,100,986.3009821055272
logs/log_exp5/log_exp5_run1.txt,5,1,0,-89.29265504076704
logs/log_exp5/log_exp5_run1.txt,5,1,1,-69.6966048286778
logs/log_exp5/log_exp5_run1.txt,5,1,2,965.3375508818292
logs/log_exp5/log_exp5_run1.txt,5,1,3,604.0112854483914
logs/log_exp5/log_exp5_run1.txt,5,1,4,819.8468454294074
logs/log_exp5/log_exp5_run1.txt,5,1,5,994.1900686730954
logs/log_exp5/log_exp5_run1.txt,5,1,6,1086.1720948960049
logs/log_exp5/log_exp5_run1.txt,5,1,7,379.23859125646953
logs/log_exp5/log_exp5_run1.txt,5,1,8,922.0384251063133
logs/log_exp5/log_exp5_run1.txt,5,1,9,964.8569884785175
logs/log_exp5/log_exp5_run1.txt,5,1,10,1441.0201188628516
logs/log_exp5/log_exp5_run1.txt,5,1,11,959.093913593312
logs/log_exp5/log_exp5_run1.txt,5,1,12,1211.913188096226
logs/log_exp5/log_exp5_run1.txt,5,1,13,996.3576771059554
logs/log_exp5/log_exp5_run1.txt,5,1,14,1120.9541326133829
logs/log_exp5/log_exp5_run1.txt,5,1,15,1195.4252390796514
logs/log_exp5/log_exp5_run1.txt,5,1,16,872.0522974185609
logs/log_exp5/log_exp5_run1.txt,5,1,17,1334.4476895822906
logs/log_exp5/log_exp5_run1.txt,5,1,18,957.7411701622314
logs/log_exp5/log_exp5_run1.txt,5,1,19,1057.5408288119065
logs/log_exp5/log_exp5_run1.txt,5,1,20,951.9738922456136
logs/log_exp5/log_exp5_run1.txt,5,1,21,910.8254636994207
logs/log_exp5/log_exp5_run1.txt,5,1,22,947.2236160119252
logs/log_exp5/log_exp5_run1.txt,5,1,23,869.6836343227427
logs/log_exp5/log_exp5_run1.txt,5,1,24,568.761519035596
logs/log_exp5/log_exp5_run1.txt,5,1,25,1184.7032839868784
logs/log_exp5/log_exp5_run1.txt,5,1,26,1334.804742819832
logs/log_exp5/log_exp5_run1.txt,5,1,27,868.1201954328341
logs/log_exp5/log_exp5_run1.txt,5,1,28,586.8149600743159
logs/log_exp5/log_exp5_run1.txt,5,1,29,837.039416066407
logs/log_exp5/log_exp5_run1.txt,5,1,30,982.910858853046
logs/log_exp5/log_exp5_run1.txt,5,1,31,631.8858980646899
logs/log_exp5/log_exp5_run1.txt,5,1,32,1117.2219306213299
logs/log_exp5/log_exp5_run1.txt,5,1,33,791.6263169197276
logs/log_exp5/log_exp5_run1.txt,5,1,34,1012.4654018507736
logs/log_exp5/log_exp5_run1.txt,5,1,35,639.9378394110406
logs/log_exp5/log_exp5_run1.txt,5,1,36,1094.896873511885
logs/log_exp5/log_exp5_run1.txt,5,1,37,789.2735719181484
logs/log_exp5/log_exp5_run1.txt,5,1,38,1474.2619581630527
logs/log_exp5/log_exp5_run1.txt,5,1,39,930.400632909906
logs/log_exp5/log_exp5_run1.txt,5,1,40,1140.2371596573762
logs/log_exp5/log_exp5_run1.txt,5,1,41,884.414328453182
logs/log_exp5/log_exp5_run1.txt,5,1,42,1003.1805537349343
logs/log_exp5/log_exp5_run1.txt,5,1,43,1002.930918433535
logs/log_exp5/log_exp5_run1.txt,5,1,44,1667.5047591576397
logs/log_exp5/log_exp5_run1.txt,5,1,45,1001.9345625831636
logs/log_exp5/log_exp5_run1.txt,5,1,46,1015.6581576786168
logs/log_exp5/log_exp5_run1.txt,5,1,47,603.4836822835649
logs/log_exp5/log_exp5_run1.txt,5,1,48,911.7599184537821
logs/log_exp5/log_exp5_run1.txt,5,1,49,740.1370048404451
logs/log_exp5/log_exp5_run1.txt,5,1,50,1475.913468797203
logs/log_exp5/log_exp5_run1.txt,5,1,51,1047.686084030062
logs/log_exp5/log_exp5_run1.txt,5,1,52,729.4837589874882
logs/log_exp5/log_exp5_run1.txt,5,1,53,1307.0765786365373
logs/log_exp5/log_exp5_run1.txt,5,1,54,667.7865707204546
logs/log_exp5/log_exp5_run1.txt,5,1,55,1250.8203701777172
logs/log_exp5/log_exp5_run1.txt,5,1,56,937.8246277608498
logs/log_exp5/log_exp5_run1.txt,5,1,57,1429.2034197401658
logs/log_exp5/log_exp5_run1.txt,5,1,58,524.4322998045748
logs/log_exp5/log_exp5_run1.txt,5,1,59,1435.3737791059098
logs/log_exp5/log_exp5_run1.txt,5,1,60,957.1882382216803
logs/log_exp5/log_exp5_run1.txt,5,1,61,959.1990562127148
logs/log_exp5/log_exp5_run1.txt,5,1,62,928.9975560437169
logs/log_exp5/log_exp5_run1.txt,5,1,63,832.1500803360689
logs/log_exp5/log_exp5_run1.txt,5,1,64,724.3353410388758
logs/log_exp5/log_exp5_run1.txt,5,1,65,1295.2305473876845
logs/log_exp5/log_exp5_run1.txt,5,1,66,1098.9822830935434
logs/log_exp5/log_exp5_run1.txt,5,1,67,858.2857894273969
logs/log_exp5/log_exp5_run1.txt,5,1,68,1250.4092334533195
logs/log_exp5/log_exp5_run1.txt,5,1,69,985.7029643444818
logs/log_exp5/log_exp5_run1.txt,5,1,70,1261.2464313077464
logs/log_exp5/log_exp5_run1.txt,5,1,71,1050.6277611819617
logs/log_exp5/log_exp5_run1.txt,5,1,72,1227.3720865149949
logs/log_exp5/log_exp5_run1.txt,5,1,73,743.0505090850678
logs/log_exp5/log_exp5_run1.txt,5,1,74,642.6250038345427
logs/log_exp5/log_exp5_run1.txt,5,1,75,689.7188911345073
logs/log_exp5/log_exp5_run1.txt,5,1,76,785.8148838628158
logs/log_exp5/log_exp5_run1.txt,5,1,77,763.3655662212813
logs/log_exp5/log_exp5_run1.txt,5,1,78,802.2358090383229
logs/log_exp5/log_exp5_run1.txt,5,1,79,1108.729749443351
logs/log_exp5/log_exp5_run1.txt,5,1,80,1101.0300506124845
logs/log_exp5/log_exp5_run1.txt,5,1,81,1027.6694841815595
logs/log_exp5/log_exp5_run1.txt,5,1,82,1049.3673780292718
logs/log_exp5/log_exp5_run1.txt,5,1,83,719.8067639193061
logs/log_exp5/log_exp5_run1.txt,5,1,84,611.6310752056697
logs/log_exp5/log_exp5_run1.txt,5,1,85,937.2717770427678
logs/log_exp5/log_exp5_run1.txt,5,1,86,595.1453561430503
logs/log_exp5/log_exp5_run1.txt,5,1,87,647.4512536584855
logs/log_exp5/log_exp5_run1.txt,5,1,88,915.9667219095184
logs/log_exp5/log_exp5_run1.txt,5,1,89,786.0886710854847
logs/log_exp5/log_exp5_run1.txt,5,1,90,1227.3218852208665
logs/log_exp5/log_exp5_run1.txt,5,1,91,690.4921196145153
logs/log_exp5/log_exp5_run1.txt,5,1,92,1409.9356936035135
logs/log_exp5/log_exp5_run1.txt,5,1,93,739.4959466600501
logs/log_exp5/log_exp5_run1.txt,5,1,94,619.0316063306551
logs/log_exp5/log_exp5_run1.txt,5,1,95,1220.4577131346941
logs/log_exp5/log_exp5_run1.txt,5,1,96,1079.0487943570229
logs/log_exp5/log_exp5_run1.txt,5,1,97,725.9639711960251
logs/log_exp5/log_exp5_run1.txt,5,1,98,959.9635934484174
logs/log_exp5/log_exp5_run1.txt,5,1,99,1217.0852470782825
logs/log_exp5/log_exp5_run1.txt,5,1,100,936.258523788047
logs/log_exp5/log_exp5_run2.txt,5,2,0,613.1445768488387
logs/log_exp5/log_exp5_run2.txt,5,2,1,110.22670331024274
logs/log_exp5/log_exp5_run2.txt,5,2,2,261.0640041403068
logs/log_exp5/log_exp5_run2.txt,5,2,3,607.6172459934721
logs/log_exp5/log_exp5_run2.txt,5,2,4,484.5022182887478
logs/log_exp5/log_exp5_run2.txt,5,2,5,782.5161254709968
logs/log_exp5/log_exp5_run2.txt,5,2,6,785.6457463703555
logs/log_exp5/log_exp5_run2.txt,5,2,7,781.5798776182731
logs/log_exp5/log_exp5_run2.txt,5,2,8,706.3451263410544
logs/log_exp5/log_exp5_run2.txt,5,2,9,963.4916951333382
logs/log_exp5/log_exp5_run2.txt,5,2,10,991.1383828073097
logs/log_exp5/log_exp5_run2.txt,5,2,11,755.8868694841583
logs/log_exp5/log_exp5_run2.txt,5,2,12,1082.278544622871
logs/log_exp5/log_exp5_run2.txt,5,2,13,974.6025088762526
logs/log_exp5/log_exp5_run2.txt,5,2,14,1137.028850675946
logs/log_exp5/log_exp5_run2.txt,5,2,15,620.4059752091804
logs/log_exp5/log_exp5_run2.txt,5,2,16,1759.7537146068184
logs/log_exp5/log_exp5_run2.txt,5,2,17,823.159024013022
logs/log_exp5/log_exp5_run2.txt,5,2,18,1495.4449158916236
logs/log_exp5/log_exp5_run2.txt,5,2,19,1295.7085100799486
logs/log_exp5/log_exp5_run2.txt,5,2,20,1033.2537441118973
logs/log_exp5/log_exp5_run2.txt,5,2,21,599.6878776618425
logs/log_exp5/log_exp5_run2.txt,5,2,22,1049.985885894005
logs/log_exp5/log_exp5_run2.txt,5,2,23,994.0980394146951
logs/log_exp5/log_exp5_run2.txt,5,2,24,707.6733828107659
logs/log_exp5/log_exp5_run2.txt,5,2,25,538.8716370258915
logs/log_exp5/log_exp5_run2.txt,5,2,26,930.8799609837646
logs/log_exp5/log_exp5_run2.txt,5,2,27,581.8249092195401
logs/log_exp5/log_exp5_run2.txt,5,2,28,770.1900577005139
logs/log_exp5/log_exp5_run2.txt,5,2,29,869.1466875732813
logs/log_exp5/log_exp5_run2.txt,5,2,30,690.5187368234954
logs/log_exp5/log_exp5_run2.txt,5,2,31,771.2121323671312
logs/log_exp5/log_exp5_run2.txt,5,2,32,1071.411883010275
logs/log_exp5/log_exp5_run2.txt,5,2,33,883.1014709392815
logs/log_exp5/log_exp5_run2.txt,5,2,34,726.7369533804126
logs/log_exp5/log_exp5_run2.txt,5,2,35,916.0948529837844
logs/log_exp5/log_exp5_run2.txt,5,2,36,597.896567293025
logs/log_exp5/log_exp5_run2.txt,5,2,37,966.7998566452221
logs/log_exp5/log_exp5_run2.txt,5,2,38,979.6875377228464
logs/log_exp5/log_exp5_run2.txt,5,2,39,768.2685408020225
logs/log_exp5/log_exp5_run2.txt,5,2,40,670.9451342244445
logs/log_exp5/log_exp5_run2.txt,5,2,41,806.7542713742662
logs/log_exp5/log_exp5_run2.txt,5,2,42,834.1458741349052
logs/log_exp5/log_exp5_run2.txt,5,2,43,810.3544201441211
logs/log_exp5/log_exp5_run2.txt,5,2,44,1436.6855845347673
logs/log_exp5/log_exp5_run2.txt,5,2,45,1249.6216357340872
logs/log_exp5/log_exp5_run2.txt,5,2,46,1027.867639135328
logs/log_exp5/log_exp5_run2.txt,5,2,47,1553.5346052866585
logs/log_exp5/log_exp5_run2.txt,5,2,48,858.8860175557393
logs/log_exp5/log_exp5_run2.txt,5,2,49,731.7999772224933
logs/log_exp5/log_exp5_run2.txt,5,2,50,403.81346037628725
logs/log_exp5/log_exp5_run2.txt,5,2,51,998.8840664046827
logs/log_exp5/log_exp5_run2.txt,5,2,52,1019.1332975123863
logs/log_exp5/log_exp5_run2.txt,5,2,53,948.9484195643696
logs/log_exp5/log_exp5_run2.txt,5,2,54,734.4226887282664
logs/log_exp5/log_exp5_run2.txt,5,2,55,947.5792227356302
logs/log_exp5/log_exp5_run2.txt,5,2,56,797.9646463226405
logs/log_exp5/log_exp5_run2.txt,5,2,57,849.8758571437307
logs/log_exp5/log_exp5_run2.txt,5,2,58,1299.1748259501087
logs/log_exp5/log_exp5_run2.txt,5,2,59,949.244682459778
logs/log_exp5/log_exp5_run2.txt,5,2,60,1089.3283705206572
logs/log_exp5/log_exp5_run2.txt,5,2,61,1048.2465262124174
logs/log_exp5/log_exp5_run2.txt,5,2,62,1258.752722008966
logs/log_exp5/log_exp5_run2.txt,5,2,63,663.5653766164833
logs/log_exp5/log_exp5_run2.txt,5,2,64,938.0467643218666
logs/log_exp5/log_exp5_run2.txt,5,2,65,1050.456803278724
logs/log_exp5/log_exp5_run2.txt,5,2,66,795.6260926801597
logs/log_exp5/log_exp5_run2.txt,5,2,67,1004.517884180849
logs/log_exp5/log_exp5_run2.txt,5,2,68,885.4860240041586
logs/log_exp5/log_exp5_run2.txt,5,2,69,927.056084371914
logs/log_exp5/log_exp5_run2.txt,5,2,70,864.724692162604
logs/log_exp5/log_exp5_run2.txt,5,2,71,1373.0884410274516
logs/log_exp5/log_exp5_run2.txt,5,2,72,1069.1307130733521
logs/log_exp5/log_exp5_run2.txt,5,2,73,826.0696774707263
logs/log_exp5/log_exp5_run2.txt,5,2,74,1090.0147893029125
logs/log_exp5/log_exp5_run2.txt,5,2,75,1056.042024609095
logs/log_exp5/log_exp5_run2.txt,5,2,76,768.3898673832009
logs/log_exp5/log_exp5_run2.txt,5,2,77,992.6686063975664
logs/log_exp5/log_exp5_run2.txt,5,2,78,714.6316248077495
logs/log_exp5/log_exp5_run2.txt,5,2,79,773.5653664830581
logs/log_exp5/log_exp5_run2.txt,5,2,80,937.0275194670339
logs/log_exp5/log_exp5_run2.txt,5,2,81,1312.8695364726318
logs/log_exp5/log_exp5_run2.txt,5,2,82,562.2711592694452
logs/log_exp5/log_exp5_run2.txt,5,2,83,1056.811542353938
logs/log_exp5/log_exp5_run2.txt,5,2,84,980.2090401908545
logs/log_exp5/log_exp5_run2.txt,5,2,85,1102.574832739702
logs/log_exp5/log_exp5_run2.txt,5,2,86,1253.658775786162
logs/log_exp5/log_exp5_run2.txt,5,2,87,825.3167195353597
logs/log_exp5/log_exp5_run2.txt,5,2,88,737.0573823789413
logs/log_exp5/log_exp5_run2.txt,5,2,89,792.9642302607593
logs/log_exp5/log_exp5_run2.txt,5,2,90,609.6974152802757
logs/log_exp5/log_exp5_run2.txt,5,2,91,1120.7608851170473
logs/log_exp5/log_exp5_run2.txt,5,2,92,1044.6790676605465
logs/log_exp5/log_exp5_run2.txt,5,2,93,1301.504261934278
logs/log_exp5/log_exp5_run2.txt,5,2,94,745.5163336275075
logs/log_exp5/log_exp5_run2.txt,5,2,95,733.849058386143
logs/log_exp5/log_exp5_run2.txt,5,2,96,972.0723242126403
logs/log_exp5/log_exp5_run2.txt,5,2,97,824.2952291986945
logs/log_exp5/log_exp5_run2.txt,5,2,98,930.0126623328927
logs/log_exp5/log_exp5_run2.txt,5,2,99,1149.8933286202493
logs/log_exp5/log_exp5_run2.txt,5,2,100,726.6336513384647
logs/log_exp5/log_exp5_run3.txt,5,3,0,333.04886411805154
logs/log_exp5/log_exp5_run3.txt,5,3,1,157.22010856329013
logs/log_exp5/log_exp5_run3.txt,5,3,2,542.3560855584137
logs/log_exp5/log_exp5_run3.txt,5,3,3,760.398775919862
logs/log_exp5/log_exp5_run3.txt,5,3,4,751.3559380776126
logs/log_exp5/log_exp5_run3.txt,5,3,5,456.9512865948107
logs/log_exp5/log_exp5_run3.txt,5,3,6,1397.3090537534895
logs/log_exp5/log_exp5_run3.txt,5,3,7,1193.0654175663387
logs/log_exp5/log_exp5_run3.txt,5,3,8,479.906103908367
logs/log_exp5/log_exp5_run3.txt,5,3,9,451.42509147956736
logs/log_exp5/log_exp5_run3.txt,5,3,10,816.8252504981698
logs/log_exp5/log_exp5_run3.txt,5,3,11,1226.6566458324678
logs/log_exp5/log_exp5_run3.txt,5,3,12,677.58167694333
logs/log_exp5/log_exp5_run3.txt,5,3,13,657.6949814784542
logs/log_exp5/log_exp5_run3.txt,5,3,14,882.3072104750347
logs/log_exp5/log_exp5_run3.txt,5,3,15,931.3021297587204
logs/log_exp5/log_exp5_run3.txt,5,3,16,661.2014714752938
logs/log_exp5/log_exp5_run3.txt,5,3,17,1056.1353010646462
logs/log_exp5/log_exp5_run3.txt,5,3,18,549.6740408016591
logs/log_exp5/log_exp5_run3.txt,5,3,19,1066.3669848735756
logs/log_exp5/log_exp5_run3.txt,5,3,20,680.0337617417405
logs/log_exp5/log_exp5_run3.txt,5,3,21,956.1139002769969
logs/log_exp5/log_exp5_run3.txt,5,3,22,1015.456672536028
logs/log_exp5/log_exp5_run3.txt,5,3,23,827.8436029006755
logs/log_exp5/log_exp5_run3.txt,5,3,24,1111.6696878783532
logs/log_exp5/log_exp5_run3.txt,5,3,25,1075.123181582284
logs/log_exp5/log_exp5_run3.txt,5,3,26,769.9490682126304
logs/log_exp5/log_exp5_run3.txt,5,3,27,1084.1783082027391
logs/log_exp5/log_exp5_run3.txt,5,3,28,765.8124586874745
logs/log_exp5/log_exp5_run3.txt,5,3,29,552.3900073641986
logs/log_exp5/log_exp5_run3.txt,5,3,30,1356.5874265415844
logs/log_exp5/log_exp5_run3.txt,5,3,31,933.4027911609262
logs/log_exp5/log_exp5_run3.txt,5,3,32,654.7797171697072
logs/log_exp5/log_exp5_run3.txt,5,3,33,1057.1072883951686
logs/log_exp5/log_exp5_run3.txt,5,3,34,1137.5366476951172
logs/log_exp5/log_exp5_run3.txt,5,3,35,1024.4461474815846
logs/log_exp5/log_exp5_run3.txt,5,3,36,1223.4541855265059
logs/log_exp5/log_exp5_run3.txt,5,3,37,919.326865454988
logs/log_exp5/log_exp5_run3.txt,5,3,38,648.7483238290341
logs/log_exp5/log_exp5_run3.txt,5,3,39,584.6611150480497
logs/log_exp5/log_exp5_run3.txt,5,3,40,682.4418693696059
logs/log_exp5/log_exp5_run3.txt,5,3,41,1030.9346194078382
logs/log_exp5/log_exp5_run3.txt,5,3,42,1221.6125049607517
logs/log_exp5/log_exp5_run3.txt,5,3,43,668.9509893933657
logs/log_exp5/log_exp5_run3.txt,5,3,44,989.8979386504379
logs/log_exp5/log_exp5_run3.txt,5,3,45,791.142432862137
logs/log_exp5/log_exp5_run3.txt,5,3,46,1382.0459539878034
logs/log_exp5/log_exp5_run3.txt,5,3,47,983.5071470952173
logs/log_exp5/log_exp5_run3.txt,5,3,48,1008.5392023530572
logs/log_exp5/log_exp5_run3.txt,5,3,49,1173.1064761405512
logs/log_exp5/log_exp5_run3.txt,5,3,50,900.8613617750219
logs/log_exp5/log_exp5_run3.txt,5,3,51,861.147052880489
logs/log_exp5/log_exp5_run3.txt,5,3,52,1324.1559477341195
logs/log_exp5/log_exp5_run3.txt,5,3,53,1116.2156261065898
logs/log_exp5/log_exp5_run3.txt,5,3,54,988.7827072510479
logs/log_exp5/log_exp5_run3.txt,5,3,55,796.277731853306
logs/log_exp5/log_exp5_run3.txt,5,3,56,897.3479719618948
logs/log_exp5/log_exp5_run3.txt,5,3,57,1000.9398027699608
logs/log_exp5/log_exp5_run3.txt,5,3,58,814.0046347914514
logs/log_exp5/log_exp5_run3.txt,5,3,59,1125.9083026773394
logs/log_exp5/log_exp5_run3.txt,5,3,60,798.628243905131
logs/log_exp5/log_exp5_run3.txt,5,3,61,1109.5025507163084
logs/log_exp5/log_exp5_run3.txt,5,3,62,802.4826999131968
logs/log_exp5/log_exp5_run3.txt,5,3,63,882.245912645958
logs/log_exp5/log_exp5_run3.txt,5,3,64,657.9280698781691
logs/log_exp5/log_exp5_run3.txt,5,3,65,822.5951346695325
logs/log_exp5/log_exp5_run3.txt,5,3,66,1051.2592013515173
logs/log_exp5/log_exp5_run3.txt,5,3,67,977.1624512318524
logs/log_exp5/log_exp5_run3.txt,5,3,68,1044.9585062412075
logs/log_exp5/log_exp5_run3.txt,5,3,69,927.0788460808578
logs/log_exp5/log_exp5_run3.txt,5,3,70,1352.0606251220427
logs/log_exp5/log_exp5_run3.txt,5,3,71,695.6882162548475
logs/log_exp5/log_exp5_run3.txt,5,3,72,763.9190561886267
logs/log_exp5/log_exp5_run3.txt,5,3,73,1049.4692697940995
logs/log_exp5/log_exp5_run3.txt,5,3,74,857.9969893840996
logs/log_exp5/log_exp5_run3.txt,5,3,75,1407.7952957082002
logs/log_exp5/log_exp5_run3.txt,5,3,76,876.265103879198
logs/log_exp5/log_exp5_run3.txt,5,3,77,796.7072564431198
logs/log_exp5/log_exp5_run3.txt,5,3,78,1246.3376988415325
logs/log_exp5/log_exp5_run3.txt,5,3,79,1462.1765413318935
logs/log_exp5/log_exp5_run3.txt,5,3,80,1072.6075778829536
logs/log_exp5/log_exp5_run3.txt,5,3,81,1009.408267547474
logs/log_exp5/log_exp5_run3.txt,5,3,82,848.1755283571441
logs/log_exp5/log_exp5_run3.txt,5,3,83,1062.0423648863718
logs/log_exp5/log_exp5_run3.txt,5,3,84,1179.2813575648556
logs/log_exp5/log_exp5_run3.txt,5,3,85,1247.4428708864039
logs/log_exp5/log_exp5_run3.txt,5,3,86,731.5996462222415
logs/log_exp5/log_exp5_run3.txt,5,3,87,1170.1847845791604
logs/log_exp5/log_exp5_run3.txt,5,3,88,962.2327377409238
logs/log_exp5/log_exp5_run3.txt,5,3,89,1270.8470094264585
logs/log_exp5/log_exp5_run3.txt,5,3,90,1097.6695247983637
logs/log_exp5/log_exp5_run3.txt,5,3,91,768.7946043114032
logs/log_exp5/log_exp5_run3.txt,5,3,92,992.8510708730857
logs/log_exp5/log_exp5_run3.txt,5,3,93,911.9078010371799
logs/log_exp5/log_exp5_run3.txt,5,3,94,1028.6995879701444
logs/log_exp5/log_exp5_run3.txt,5,3,95,800.7673210719706
logs/log_exp5/log_exp5_run3.txt,5,3,96,1024.1551230526445
logs/log_exp5/log_exp5_run3.txt,5,3,97,668.4174545742702
logs/log_exp5/log_exp5_run3.txt,5,3,98,1011.4364674557613
logs/log_exp5/log_exp5_run3.txt,5,3,99,773.1283497232091
logs/log_exp5/log_exp5_run3.txt,5,3,100,1000.38126414674
logs/log_exp5/log_exp5_run4.txt,5,4,0,444.24346296633985
logs/log_exp5/log_exp5_run4.txt,5,4,1,780.0541903482249
logs/log_exp5/log_exp5_run4.txt,5,4,2,818.8533166564296
logs/log_exp5/log_exp5_run4.txt,5,4,3,673.5206089909228
logs/log_exp5/log_exp5_run4.txt,5,4,4,451.3743152547322
logs/log_exp5/log_exp5_run4.txt,5,4,5,757.9591987841426
logs/log_exp5/log_exp5_run4.txt,5,4,6,712.9911025813415
logs/log_exp5/log_exp5_run4.txt,5,4,7,1064.184267434833
logs/log_exp5/log_exp5_run4.txt,5,4,8,1755.4626607009086
logs/log_exp5/log_exp5_run4.txt,5,4,9,1177.323905034383
logs/log_exp5/log_exp5_run4.txt,5,4,10,747.7109430980347
logs/log_exp5/log_exp5_run4.txt,5,4,11,707.9797091096856
logs/log_exp5/log_exp5_run4.txt,5,4,12,732.9871592090248
logs/log_exp5/log_exp5_run4.txt,5,4,13,1363.17647165965
logs/log_exp5/log_exp5_run4.txt,5,4,14,1117.340315549278
logs/log_exp5/log_exp5_run4.txt,5,4,15,1455.446974515706
logs/log_exp5/log_exp5_run4.txt,5,4,16,1131.1183139662057
logs/log_exp5/log_exp5_run4.txt,5,4,17,1022.5025880043333
logs/log_exp5/log_exp5_run4.txt,5,4,18,1229.7308717271185
logs/log_exp5/log_exp5_run4.txt,5,4,19,1418.4306845676624
logs/log_exp5/log_exp5_run4.txt,5,4,20,1122.2977340292516
logs/log_exp5/log_exp5_run4.txt,5,4,21,1007.0413000106176
logs/log_exp5/log_exp5_run4.txt,5,4,22,1308.8997773186315
logs/log_exp5/log_exp5_run4.txt,5,4,23,1282.5046806263
logs/log_exp5/log_exp5_run4.txt,5,4,24,805.9876731273188
logs/log_exp5/log_exp5_run4.txt,5,4,25,1136.1493137907698
logs/log_exp5/log_exp5_run4.txt,5,4,26,1027.2802275694085
logs/log_exp5/log_exp5_run4.txt,5,4,27,1484.2482744538802
logs/log_exp5/log_exp5_run4.txt,5,4,28,1367.5180522817284
logs/log_exp5/log_exp5_run4.txt,5,4,29,991.8715011400158
logs/log_exp5/log_exp5_run4.txt,5,4,30,753.215432803176
logs/log_exp5/log_exp5_run4.txt,5,4,31,1048.7364862975494
logs/log_exp5/log_exp5_run4.txt,5,4,32,1581.3199621001975
logs/log_exp5/log_exp5_run4.txt,5,4,33,1085.1957677070038
logs/log_exp5/log_exp5_run4.txt,5,4,34,1357.7356342883677
logs/log_exp5/log_exp5_run4.txt,5,4,35,1750.908901891634
logs/log_exp5/log_exp5_run4.txt,5,4,36,1480.810598507457
logs/log_exp5/log_exp5_run4.txt,5,4,37,2008.6691311852505
logs/log_exp5/log_exp5_run4.txt,5,4,38,1399.4455403127242
logs/log_exp5/log_exp5_run4.txt,5,4,39,1401.5781808875113
logs/log_exp5/log_exp5_run4.txt,5,4,40,1247.1454886862443
logs/log_exp5/log_exp5_run4.txt,5,4,41,1090.8121233758702
logs/log_exp5/log_exp5_run4.txt,5,4,42,1369.041044257328
logs/log_exp5/log_exp5_run4.txt,5,4,43,1038.8066881382597
logs/log_exp5/log_exp5_run4.txt,5,4,44,1437.581213254903
logs/log_exp5/log_exp5_run4.txt,5,4,45,1234.9941167376041
logs/log_exp5/log_exp5_run4.txt,5,4,46,1334.2312579705335
logs/log_exp5/log_exp5_run4.txt,5,4,47,1147.4462257071743
logs/log_exp5/log_exp5_run4.txt,5,4,48,1419.4740560989517
logs/log_exp5/log_exp5_run4.txt,5,4,49,1726.9223966832774
logs/log_exp5/log_exp5_run4.txt,5,4,50,1294.955353893436
logs/log_exp5/log_exp5_run4.txt,5,4,51,1229.865481826692
logs/log_exp5/log_exp5_run4.txt,5,4,52,1276.708499972195
logs/log_exp5/log_exp5_run4.txt,5,4,53,964.1611076606614
logs/log_exp5/log_exp5_run4.txt,5,4,54,1068.1044256991786
logs/log_exp5/log_exp5_run4.txt,5,4,55,930.0275483721018
logs/log_exp5/log_exp5_run4.txt,5,4,56,1416.130171686288
logs/log_exp5/log_exp5_run4.txt,5,4,57,1376.8414016249953
logs/log_exp5/log_exp5_run4.txt,5,4,58,1273.4953147064546
logs/log_exp5/log_exp5_run4.txt,5,4,59,1093.1364858414775
logs/log_exp5/log_exp5_run4.txt,5,4,60,992.5503402212468
logs/log_exp5/log_exp5_run4.txt,5,4,61,1431.641432642608
logs/log_exp5/log_exp5_run4.txt,5,4,62,1147.548896915314
logs/log_exp5/log_exp5_run4.txt,5,4,63,1267.6259974951379
logs/log_exp5/log_exp5_run4.txt,5,4,64,892.1490171696838
logs/log_exp5/log_exp5_run4.txt,5,4,65,1099.8586081546096
logs/log_exp5/log_exp5_run4.txt,5,4,66,1201.5453658324018
logs/log_exp5/log_exp5_run4.txt,5,4,67,1088.4363209456815
logs/log_exp5/log_exp5_run4.txt,5,4,68,1408.423320677339
logs/log_exp5/log_exp5_run4.txt,5,4,69,1107.0495613479727
logs/log_exp5/log_exp5_run4.txt,5,4,70,1060.6933337539601
logs/log_exp5/log_exp5_run4.txt,5,4,71,1070.599334914863
logs/log_exp5/log_exp5_run4.txt,5,4,72,1034.744096599677
logs/log_exp5/log_exp5_run4.txt,5,4,73,1418.4197258073955
logs/log_exp5/log_exp5_run4.txt,5,4,74,1009.9275048734846
logs/log_exp5/log_exp5_run4.txt,5,4,75,911.219987410602
logs/log_exp5/log_exp5_run4.txt,5,4,76,939.724472247691
logs/log_exp5/log_exp5_run4.txt,5,4,77,1776.9738694929438
logs/log_exp5/log_exp5_run4.txt,5,4,78,770.8132922437251
logs/log_exp5/log_exp5_run4.txt,5,4,79,775.1330038859776
logs/log_exp5/log_exp5_run4.txt,5,4,80,1373.8247586420068
logs/log_exp5/log_exp5_run4.txt,5,4,81,1193.8320503725995
logs/log_exp5/log_exp5_run4.txt,5,4,82,1381.4384822588531
logs/log_exp5/log_exp5_run4.txt,5,4,83,1721.463156727898
logs/log_exp5/log_exp5_run4.txt,5,4,84,1064.5248835021443
logs/log_exp5/log_exp5_run4.txt,5,4,85,1275.725850956723
logs/log_exp5/log_exp5_run4.txt,5,4,86,990.1517652495168
logs/log_exp5/log_exp5_run4.txt,5,4,87,727.2217801350587
logs/log_exp5/log_exp5_run4.txt,5,4,88,1287.8611464262626
logs/log_exp5/log_exp5_run4.txt,5,4,89,1741.055076981997
logs/log_exp5/log_exp5_run4.txt,5,4,90,976.4086380380625
logs/log_exp5/log_exp5_run4.txt,5,4,91,1684.1208621374947
logs/log_exp5/log_exp5_run4.txt,5,4,92,1455.7774171277051
logs/log_exp5/log_exp5_run4.txt,5,4,93,1052.1120248272005
logs/log_exp5/log_exp5_run4.txt,5,4,94,1159.6438141143162
logs/log_exp5/log_exp5_run4.txt,5,4,95,1059.4866785147128
logs/log_exp5/log_exp5_run4.txt,5,4,96,1117.6538390283908
logs/log_exp5/log_exp5_run4.txt,5,4,97,733.0665530642757
logs/log_exp5/log_exp5_run4.txt,5,4,98,887.7281557683391
logs/log_exp5/log_exp5_run4.txt,5,4,99,1178.0633442584933
logs/log_exp5/log_exp5_run4.txt,5,4,100,1029.2869282594515
logs/log_exp6/log_exp6_run0.txt,6,0,0,-499.1570591415666
logs/log_exp6/log_exp6_run0.txt,6,0,1,641.3829926667469
logs/log_exp6/log_exp6_run0.txt,6,0,2,454.8579506986848
logs/log_exp6/log_exp6_run0.txt,6,0,3,391.1933299402202
logs/log_exp6/log_exp6_run0.txt,6,0,4,1139.203634790785
logs/log_exp6/log_exp6_run0.txt,6,0,5,884.2862802894309
logs/log_exp6/log_exp6_run0.txt,6,0,6,603.488527822003
logs/log_exp6/log_exp6_run0.txt,6,0,7,863.9410800094525
logs/log_exp6/log_exp6_run0.txt,6,0,8,707.3792368186026
logs/log_exp6/log_exp6_run0.txt,6,0,9,757.950728851981
logs/log_exp6/log_exp6_run0.txt,6,0,10,691.6717724699561
logs/log_exp6/log_exp6_run0.txt,6,0,11,1163.518319687583
logs/log_exp6/log_exp6_run0.txt,6,0,12,682.0107773181115
logs/log_exp6/log_exp6_run0.txt,6,0,13,525.7747109097644
logs/log_exp6/log_exp6_run0.txt,6,0,14,1346.1356299246067
logs/log_exp6/log_exp6_run0.txt,6,0,15,1086.047026097082
logs/log_exp6/log_exp6_run0.txt,6,0,16,1069.5507686901183
logs/log_exp6/log_exp6_run0.txt,6,0,17,938.6622799867839
logs/log_exp6/log_exp6_run0.txt,6,0,18,598.5661090571159
logs/log_exp6/log_exp6_run0.txt,6,0,19,937.7333739999898
logs/log_exp6/log_exp6_run0.txt,6,0,20,964.8474346672049
logs/log_exp6/log_exp6_run0.txt,6,0,21,979.0185362485296
logs/log_exp6/log_exp6_run0.txt,6,0,22,1189.543696720467
logs/log_exp6/log_exp6_run0.txt,6,0,23,742.5281480395529
logs/log_exp6/log_exp6_run0.txt,6,0,24,625.2179231268796
logs/log_exp6/log_exp6_run0.txt,6,0,25,923.1459704791735
logs/log_exp6/log_exp6_run0.txt,6,0,26,715.7624100051243
logs/log_exp6/log_exp6_run0.txt,6,0,27,661.2574188775998
logs/log_exp6/log_exp6_run0.txt,6,0,28,699.9281243247297
logs/log_exp6/log_exp6_run0.txt,6,0,29,1154.919713491887
logs/log_exp6/log_exp6_run0.txt,6,0,30,763.845197956293
logs/log_exp6/log_exp6_run0.txt,6,0,31,1409.916480346394
logs/log_exp6/log_exp6_run0.txt,6,0,32,607.1066718536571
logs/log_exp6/log_exp6_run0.txt,6,0,33,1252.6647384120895
logs/log_exp6/log_exp6_run0.txt,6,0,34,1214.2410528922505
logs/log_exp6/log_exp6_run0.txt,6,0,35,632.3990062654375
logs/log_exp6/log_exp6_run0.txt,6,0,36,1018.5962491658653
logs/log_exp6/log_exp6_run0.txt,6,0,37,772.5906755730009
logs/log_exp6/log_exp6_run0.txt,6,0,38,974.9021835244414
logs/log_exp6/log_exp6_run0.txt,6,0,39,1634.5190991815136
logs/log_exp6/log_exp6_run0.txt,6,0,40,1459.5076888047893
logs/log_exp6/log_exp6_run0.txt,6,0,41,582.439665041485
logs/log_exp6/log_exp6_run0.txt,6,0,42,1018.9288602765926
logs/log_exp6/log_exp6_run0.txt,6,0,43,1040.222526116833
logs/log_exp6/log_exp6_run0.txt,6,0,44,989.3615739010671
logs/log_exp6/log_exp6_run0.txt,6,0,45,1443.569529823285
logs/log_exp6/log_exp6_run0.txt,6,0,46,1089.7527804076697
logs/log_exp6/log_exp6_run0.txt,6,0,47,937.2745727893298
logs/log_exp6/log_exp6_run0.txt,6,0,48,1472.683321089431
logs/log_exp6/log_exp6_run0.txt,6,0,49,845.952408676156
logs/log_exp6/log_exp6_run0.txt,6,0,50,906.6452880320376
logs/log_exp6/log_exp6_run0.txt,6,0,51,1214.574717949726
logs/log_exp6/log_exp6_run0.txt,6,0,52,866.3640672290542
logs/log_exp6/log_exp6_run0.txt,6,0,53,755.4646405382288
logs/log_exp6/log_exp6_run0.txt,6,0,54,939.6722753640781
logs/log_exp6/log_exp6_run0.txt,6,0,55,1012.1784190173472
logs/log_exp6/log_exp6_run0.txt,6,0,56,641.4133207939442
logs/log_exp6/log_exp6_run0.txt,6,0,57,656.81522224531
logs/log_exp6/log_exp6_run0.txt,6,0,58,1041.4588086003635
logs/log_exp6/log_exp6_run0.txt,6,0,59,2041.0969114906425
logs/log_exp6/log_exp6_run0.txt,6,0,60,836.7559794505211
logs/log_exp6/log_exp6_run0.txt,6,0,61,1828.6102645569997
logs/log_exp6/log_exp6_run0.txt,6,0,62,669.6559832754391
logs/log_exp6/log_exp6_run0.txt,6,0,63,911.5649105053857
logs/log_exp6/log_exp6_run0.txt,6,0,64,1080.4303628656282
logs/log_exp6/log_exp6_run0.txt,6,0,65,798.7590256593568
logs/log_exp6/log_exp6_run0.txt,6,0,66,628.9174148123396
logs/log_exp6/log_exp6_run0.txt,6,0,67,1458.3905739002914
logs/log_exp6/log_exp6_run0.txt,6,0,68,818.9260058624654
logs/log_exp6/log_exp6_run0.txt,6,0,69,1036.8829103671376
logs/log_exp6/log_exp6_run0.txt,6,0,70,908.5962614263304
logs/log_exp6/log_exp6_run0.txt,6,0,71,695.6930830865338
logs/log_exp6/log_exp6_run0.txt,6,0,72,855.982249498202
logs/log_exp6/log_exp6_run0.txt,6,0,73,1056.621655863942
logs/log_exp6/log_exp6_run0.txt,6,0,74,1043.827313882445
logs/log_exp6/log_exp6_run0.txt,6,0,75,824.6726057510766
logs/log_exp6/log_exp6_run0.txt,6,0,76,757.8484623203793
logs/log_exp6/log_exp6_run0.txt,6,0,77,740.692867050365
logs/log_exp6/log_exp6_run0.txt,6,0,78,743.6159284526532
logs/log_exp6/log_exp6_run0.txt,6,0,79,636.7934803768728
logs/log_exp6/log_exp6_run0.txt,6,0,80,769.9803059077958
logs/log_exp6/log_exp6_run0.txt,6,0,81,1220.6953601707232
logs/log_exp6/log_exp6_run0.txt,6,0,82,708.8343430173029
logs/log_exp6/log_exp6_run0.txt,6,0,83,938.2229756628406
logs/log_exp6/log_exp6_run0.txt,6,0,84,1093.2465683265862
logs/log_exp6/log_exp6_run0.txt,6,0,85,784.9032053778923
logs/log_exp6/log_exp6_run0.txt,6,0,86,624.2853710084594
logs/log_exp6/log_exp6_run0.txt,6,0,87,999.0301938098676
logs/log_exp6/log_exp6_run0.txt,6,0,88,688.2049643178941
logs/log_exp6/log_exp6_run0.txt,6,0,89,883.0781047876557
logs/log_exp6/log_exp6_run0.txt,6,0,90,969.4554618657367
logs/log_exp6/log_exp6_run0.txt,6,0,91,1013.5271566589229
logs/log_exp6/log_exp6_run0.txt,6,0,92,890.5187095583788
logs/log_exp6/log_exp6_run0.txt,6,0,93,601.2637757696984
logs/log_exp6/log_exp6_run0.txt,6,0,94,837.2383993575652
logs/log_exp6/log_exp6_run0.txt,6,0,95,1551.9176759256327
logs/log_exp6/log_exp6_run0.txt,6,0,96,1632.3141098100587
logs/log_exp6/log_exp6_run0.txt,6,0,97,1068.54780338662
logs/log_exp6/log_exp6_run0.txt,6,0,98,963.0645238418874
logs/log_exp6/log_exp6_run0.txt,6,0,99,1402.5776214632879
logs/log_exp6/log_exp6_run0.txt,6,0,100,1255.7925285817078
logs/log_exp6/log_exp6_run1.txt,6,1,0,-340.56550322072815
logs/log_exp6/log_exp6_run1.txt,6,1,1,-511.4631462465512
logs/log_exp6/log_exp6_run1.txt,6,1,2,-88.28576374105151
logs/log_exp6/log_exp6_run1.txt,6,1,3,631.3550149623084
logs/log_exp6/log_exp6_run1.txt,6,1,4,540.8148799036668
logs/log_exp6/log_exp6_run1.txt,6,1,5,1014.1536479799448
logs/log_exp6/log_exp6_run1.txt,6,1,6,949.6080055614991
logs/log_exp6/log_exp6_run1.txt,6,1,7,1055.784275874298
logs/log_exp6/log_exp6_run1.txt,6,1,8,676.1170029600045
logs/log_exp6/log_exp6_run1.txt,6,1,9,882.2869693891432
logs/log_exp6/log_exp6_run1.txt,6,1,10,1288.8773806805575
logs/log_exp6/log_exp6_run1.txt,6,1,11,1006.5712892208433
logs/log_exp6/log_exp6_run1.txt,6,1,12,746.531153485114
logs/log_exp6/log_exp6_run1.txt,6,1,13,1112.4625040989354
logs/log_exp6/log_exp6_run1.txt,6,1,14,903.972296406522
logs/log_exp6/log_exp6_run1.txt,6,1,15,779.9502803873817
logs/log_exp6/log_exp6_run1.txt,6,1,16,621.7633544275437
logs/log_exp6/log_exp6_run1.txt,6,1,17,784.2792538829451
logs/log_exp6/log_exp6_run1.txt,6,1,18,782.5122167390722
logs/log_exp6/log_exp6_run1.txt,6,1,19,753.8827057813039
logs/log_exp6/log_exp6_run1.txt,6,1,20,960.6888284226359
logs/log_exp6/log_exp6_run1.txt,6,1,21,868.7902458472045
logs/log_exp6/log_exp6_run1.txt,6,1,22,1316.7580129199102
logs/log_exp6/log_exp6_run1.txt,6,1,23,1460.2954857207365
logs/log_exp6/log_exp6_run1.txt,6,1,24,627.9015772780649
logs/log_exp6/log_exp6_run1.txt,6,1,25,1314.4211264181993
logs/log_exp6/log_exp6_run1.txt,6,1,26,1189.4166585909359
logs/log_exp6/log_exp6_run1.txt,6,1,27,1017.686997471792
logs/log_exp6/log_exp6_run1.txt,6,1,28,1188.8794207786395
logs/log_exp6/log_exp6_run1.txt,6,1,29,1414.8312199171137
logs/log_exp6/log_exp6_run1.txt,6,1,30,937.6157547013488
logs/log_exp6/log_exp6_run1.txt,6,1,31,1394.3310653966423
logs/log_exp6/log_exp6_run1.txt,6,1,32,988.385950362798
logs/log_exp6/log_exp6_run1.txt,6,1,33,1548.09461324945
logs/log_exp6/log_exp6_run1.txt,6,1,34,703.4121678454721
logs/log_exp6/log_exp6_run1.txt,6,1,35,1437.5512147965478
logs/log_exp6/log_exp6_run1.txt,6,1,36,665.3634782994421
logs/log_exp6/log_exp6_run1.txt,6,1,37,818.8050866581677
logs/log_exp6/log_exp6_run1.txt,6,1,38,950.1701437926055
logs/log_exp6/log_exp6_run1.txt,6,1,39,1178.9276070583487
logs/log_exp6/log_exp6_run1.txt,6,1,40,1033.3747212215799
logs/log_exp6/log_exp6_run1.txt,6,1,41,798.3813353425534
logs/log_exp6/log_exp6_run1.txt,6,1,42,776.0169858706921
logs/log_exp6/log_exp6_run1.txt,6,1,43,678.2264192281884
logs/log_exp6/log_exp6_run1.txt,6,1,44,683.4657786866176
logs/log_exp6/log_exp6_run1.txt,6,1,45,743.7239832529419
logs/log_exp6/log_exp6_run1.txt,6,1,46,1039.2856149661416
logs/log_exp6/log_exp6_run1.txt,6,1,47,653.8005828471539
logs/log_exp6/log_exp6_run1.txt,6,1,48,877.5994625896692
logs/log_exp6/log_exp6_run1.txt,6,1,49,788.0291510331908
logs/log_exp6/log_exp6_run1.txt,6,1,50,775.0339817580136
logs/log_exp6/log_exp6_run1.txt,6,1,51,630.7703031690725
logs/log_exp6/log_exp6_run1.txt,6,1,52,938.1589437288363
logs/log_exp6/log_exp6_run1.txt,6,1,53,757.048968378926
logs/log_exp6/log_exp6_run1.txt,6,1,54,1201.065249348959
logs/log_exp6/log_exp6_run1.txt,6,1,55,961.3733342546923
logs/log_exp6/log_exp6_run1.txt,6,1,56,1140.4310110837293
logs/log_exp6/log_exp6_run1.txt,6,1,57,799.6949960027174
logs/log_exp6/log_exp6_run1.txt,6,1,58,901.3305712203979
logs/log_exp6/log_exp6_run1.txt,6,1,59,992.7467549493647
logs/log_exp6/log_exp6_run1.txt,6,1,60,814.3569168293668
logs/log_exp6/log_exp6_run1.txt,6,1,61,898.1526063523268
logs/log_exp6/log_exp6_run1.txt,6,1,62,1165.5248441992858
logs/log_exp6/log_exp6_run1.txt,6,1,63,959.4619375217119
logs/log_exp6/log_exp6_run1.txt,6,1,64,1052.6155509699527
logs/log_exp6/log_exp6_run1.txt,6,1,65,1026.6699821559778
logs/log_exp6/log_exp6_run1.txt,6,1,66,1005.8460098363939
logs/log_exp6/log_exp6_run1.txt,6,1,67,1106.298092965964
logs/log_exp6/log_exp6_run1.txt,6,1,68,1179.9101100369037
logs/log_exp6/log_exp6_run1.txt,6,1,69,1051.6490970253103
logs/log_exp6/log_exp6_run1.txt,6,1,70,658.4660387023177
logs/log_exp6/log_exp6_run1.txt,6,1,71,1099.6662953535883
logs/log_exp6/log_exp6_run1.txt,6,1,72,1100.4483026202263
logs/log_exp6/log_exp6_run1.txt,6,1,73,1163.7582889506543
logs/log_exp6/log_exp6_run1.txt,6,1,74,1311.0686095722394
logs/log_exp6/log_exp6_run1.txt,6,1,75,771.0785690440589
logs/log_exp6/log_exp6_run1.txt,6,1,76,1132.6622106967607
logs/log_exp6/log_exp6_run1.txt,6,1,77,749.7910235774649
logs/log_exp6/log_exp6_run1.txt,6,1,78,1310.3271538386537
logs/log_exp6/log_exp6_run1.txt,6,1,79,1379.8218196130915
logs/log_exp6/log_exp6_run1.txt,6,1,80,1379.8570968344661
logs/log_exp6/log_exp6_run1.txt,6,1,81,1066.2970071790094
logs/log_exp6/log_exp6_run1.txt,6,1,82,781.4940203337289
logs/log_exp6/log_exp6_run1.txt,6,1,83,627.9752569720098
logs/log_exp6/log_exp6_run1.txt,6,1,84,874.1330095452333
logs/log_exp6/log_exp6_run1.txt,6,1,85,1179.8390820504517
logs/log_exp6/log_exp6_run1.txt,6,1,86,899.9247102984416
logs/log_exp6/log_exp6_run1.txt,6,1,87,877.3056471642494
logs/log_exp6/log_exp6_run1.txt,6,1,88,768.9008039614388
logs/log_exp6/log_exp6_run1.txt,6,1,89,1202.5997160569827
logs/log_exp6/log_exp6_run1.txt,6,1,90,898.0519484543098
logs/log_exp6/log_exp6_run1.txt,6,1,91,1206.5611001741622
logs/log_exp6/log_exp6_run1.txt,6,1,92,684.1178653239438
logs/log_exp6/log_exp6_run1.txt,6,1,93,1090.7903555943353
logs/log_exp6/log_exp6_run1.txt,6,1,94,1157.4275577289905
logs/log_exp6/log_exp6_run1.txt,6,1,95,891.3854847862225
logs/log_exp6/log_exp6_run1.txt,6,1,96,1141.687930084658
logs/log_exp6/log_exp6_run1.txt,6,1,97,950.3129847515578
logs/log_exp6/log_exp6_run1.txt,6,1,98,1071.084312800654
logs/log_exp6/log_exp6_run1.txt,6,1,99,1144.3975157712641
logs/log_exp6/log_exp6_run1.txt,6,1,100,1069.187709107966
logs/log_exp6/log_exp6_run2.txt,6,2,0,-268.9127804783955
logs/log_exp6/log_exp6_run2.txt,6,2,1,98.21302776559776
logs/log_exp6/log_exp6_run2.txt,6,2,2,638.9607864785918
logs/log_exp6/log_exp6_run2.txt,6,2,3,720.9744712616969
logs/log_exp6/log_exp6_run2.txt,6,2,4,752.5079147017179
logs/log_exp6/log_exp6_run2.txt,6,2,5,1116.041203021663
logs/log_exp6/log_exp6_run2.txt,6,2,6,712.8841193997821
logs/log_exp6/log_exp6_run2.txt,6,2,7,1816.2630436046395
logs/log_exp6/log_exp6_run2.txt,6,2,8,626.7028522168773
logs/log_exp6/log_exp6_run2.txt,6,2,9,1268.993566004679
logs/log_exp6/log_exp6_run2.txt,6,2,10,1167.1641570269232
logs/log_exp6/log_exp6_run2.txt,6,2,11,755.3670853473312
logs/log_exp6/log_exp6_run2.txt,6,2,12,1024.359532478101
logs/log_exp6/log_exp6_run2.txt,6,2,13,1008.2044223295801
logs/log_exp6/log_exp6_run2.txt,6,2,14,827.207233361772
logs/log_exp6/log_exp6_run2.txt,6,2,15,807.6467664814254
logs/log_exp6/log_exp6_run2.txt,6,2,16,961.7680023491863
logs/log_exp6/log_exp6_run2.txt,6,2,17,1047.570401634974
logs/log_exp6/log_exp6_run2.txt,6,2,18,635.9086675446705
logs/log_exp6/log_exp6_run2.txt,6,2,19,1107.666567603946
logs/log_exp6/log_exp6_run2.txt,6,2,20,698.6148090152998
logs/log_exp6/log_exp6_run2.txt,6,2,21,969.1933269749276
logs/log_exp6/log_exp6_run2.txt,6,2,22,1016.1388867510807
logs/log_exp6/log_exp6_run2.txt,6,2,23,906.8804665498692
logs/log_exp6/log_exp6_run2.txt,6,2,24,961.1352496599677
logs/log_exp6/log_exp6_run2.txt,6,2,25,698.937178551682
logs/log_exp6/log_exp6_run2.txt,6,2,26,870.9411842877089
logs/log_exp6/log_exp6_run2.txt,6,2,27,737.9787390096959
logs/log_exp6/log_exp6_run2.txt,6,2,28,801.5567387692013
logs/log_exp6/log_exp6_run2.txt,6,2,29,1012.8838155294072
logs/log_exp6/log_exp6_run2.txt,6,2,30,1059.76350740398
logs/log_exp6/log_exp6_run2.txt,6,2,31,807.619380465554
logs/log_exp6/log_exp6_run2.txt,6,2,32,697.125223283095
logs/log_exp6/log_exp6_run2.txt,6,2,33,859.9027535959964
logs/log_exp6/log_exp6_run2.txt,6,2,34,917.6452486093215
logs/log_exp6/log_exp6_run2.txt,6,2,35,1550.7206252141052
logs/log_exp6/log_exp6_run2.txt,6,2,36,1332.0667293314798
logs/log_exp6/log_exp6_run2.txt,6,2,37,741.8187041922112
logs/log_exp6/log_exp6_run2.txt,6,2,38,905.8130171261197
logs/log_exp6/log_exp6_run2.txt,6,2,39,870.8717491621586
logs/log_exp6/log_exp6_run2.txt,6,2,40,922.5901872374191
logs/log_exp6/log_exp6_run2.txt,6,2,41,882.9159840079753
logs/log_exp6/log_exp6_run2.txt,6,2,42,788.8087334066162
logs/log_exp6/log_exp6_run2.txt,6,2,43,952.8593151413613
logs/log_exp6/log_exp6_run2.txt,6,2,44,775.7663570618004
logs/log_exp6/log_exp6_run2.txt,6,2,45,931.415930111329
logs/log_exp6/log_exp6_run2.txt,6,2,46,1056.4348341670423
logs/log_exp6/log_exp6_run2.txt,6,2,47,1530.1422475963923
logs/log_exp6/log_exp6_run2.txt,6,2,48,672.6793828595753
logs/log_exp6/log_exp6_run2.txt,6,2,49,1065.9778813912312
logs/log_exp6/log_exp6_run2.txt,6,2,50,1022.5663955251308
logs/log_exp6/log_exp6_run2.txt,6,2,51,750.9042278383731
logs/log_exp6/log_exp6_run2.txt,6,2,52,975.8561958112765
logs/log_exp6/log_exp6_run2.txt,6,2,53,1232.2779157615391
logs/log_exp6/log_exp6_run2.txt,6,2,54,1037.287969039803
logs/log_exp6/log_exp6_run2.txt,6,2,55,943.2974488588301
logs/log_exp6/log_exp6_run2.txt,6,2,56,1275.0045586159708
logs/log_exp6/log_exp6_run2.txt,6,2,57,1247.950538872255
logs/log_exp6/log_exp6_run2.txt,6,2,58,1148.6585691353
logs/log_exp6/log_exp6_run2.txt,6,2,59,1064.9597089507456
logs/log_exp6/log_exp6_run2.txt,6,2,60,769.3371652583993
logs/log_exp6/log_exp6_run2.txt,6,2,61,830.4061391540212
logs/log_exp6/log_exp6_run2.txt,6,2,62,445.7744354432292
logs/log_exp6/log_exp6_run2.txt,6,2,63,602.9525491580108
logs/log_exp6/log_exp6_run2.txt,6,2,64,748.6311597643065
logs/log_exp6/log_exp6_run2.txt,6,2,65,1255.7479450572293
logs/log_exp6/log_exp6_run2.txt,6,2,66,725.8111516247038
logs/log_exp6/log_exp6_run2.txt,6,2,67,717.3371073572167
logs/log_exp6/log_exp6_run2.txt,6,2,68,636.0269348609787
logs/log_exp6/log_exp6_run2.txt,6,2,69,557.0966066137737
logs/log_exp6/log_exp6_run2.txt,6,2,70,802.7925261798051
logs/log_exp6/log_exp6_run2.txt,6,2,71,1102.029653784692
logs/log_exp6/log_exp6_run2.txt,6,2,72,1088.9083145821728
logs/log_exp6/log_exp6_run2.txt,6,2,73,1302.9499289311557
logs/log_exp6/log_exp6_run2.txt,6,2,74,1011.4913498341688
logs/log_exp6/log_exp6_run2.txt,6,2,75,873.8184075590067
logs/log_exp6/log_exp6_run2.txt,6,2,76,586.5613372012717
logs/log_exp6/log_exp6_run2.txt,6,2,77,1189.4312077882169
logs/log_exp6/log_exp6_run2.txt,6,2,78,839.7760818839349
logs/log_exp6/log_exp6_run2.txt,6,2,79,1199.0257616814795
logs/log_exp6/log_exp6_run2.txt,6,2,80,831.114480223923
logs/log_exp6/log_exp6_run2.txt,6,2,81,1020.812142579892
logs/log_exp6/log_exp6_run2.txt,6,2,82,723.595611773271
logs/log_exp6/log_exp6_run2.txt,6,2,83,701.6739002866468
logs/log_exp6/log_exp6_run2.txt,6,2,84,1123.6647287176452
logs/log_exp6/log_exp6_run2.txt,6,2,85,918.90745070498
logs/log_exp6/log_exp6_run2.txt,6,2,86,938.3426036229337
logs/log_exp6/log_exp6_run2.txt,6,2,87,707.3479496164974
logs/log_exp6/log_exp6_run2.txt,6,2,88,702.9463807213835
logs/log_exp6/log_exp6_run2.txt,6,2,89,1782.4488498859087
logs/log_exp6/log_exp6_run2.txt,6,2,90,1274.638247634281
logs/log_exp6/log_exp6_run2.txt,6,2,91,1550.8134542645553
logs/log_exp6/log_exp6_run2.txt,6,2,92,881.7709215871394
logs/log_exp6/log_exp6_run2.txt,6,2,93,1240.8141559502453
logs/log_exp6/log_exp6_run2.txt,6,2,94,787.6674900445169
logs/log_exp6/log_exp6_run2.txt,6,2,95,1016.5707529165669
logs/log_exp6/log_exp6_run2.txt,6,2,96,698.199087346219
logs/log_exp6/log_exp6_run2.txt,6,2,97,894.074440107647
logs/log_exp6/log_exp6_run2.txt,6,2,98,886.219323835476
logs/log_exp6/log_exp6_run2.txt,6,2,99,1267.589025156321
logs/log_exp6/log_exp6_run2.txt,6,2,100,1095.5437730303765
logs/log_exp6/log_exp6_run3.txt,6,3,0,69.77266246224636
logs/log_exp6/log_exp6_run3.txt,6,3,1,-116.32429921895539
logs/log_exp6/log_exp6_run3.txt,6,3,2,607.3735241896055
logs/log_exp6/log_exp6_run3.txt,6,3,3,457.94063235824507
logs/log_exp6/log_exp6_run3.txt,6,3,4,675.5783166639666
logs/log_exp6/log_exp6_run3.txt,6,3,5,875.1404587096218
logs/log_exp6/log_exp6_run3.txt,6,3,6,592.9317110006975
logs/log_exp6/log_exp6_run3.txt,6,3,7,958.222473788595
logs/log_exp6/log_exp6_run3.txt,6,3,8,738.8086996437398
logs/log_exp6/log_exp6_run3.txt,6,3,9,667.8480313736017
logs/log_exp6/log_exp6_run3.txt,6,3,10,1174.1463492895448
logs/log_exp6/log_exp6_run3.txt,6,3,11,892.9315904756468
logs/log_exp6/log_exp6_run3.txt,6,3,12,904.2552632091468
logs/log_exp6/log_exp6_run3.txt,6,3,13,2135.6096474801134
logs/log_exp6/log_exp6_run3.txt,6,3,14,1110.891620126305
logs/log_exp6/log_exp6_run3.txt,6,3,15,1265.4255714582837
logs/log_exp6/log_exp6_run3.txt,6,3,16,995.1544352006504
logs/log_exp6/log_exp6_run3.txt,6,3,17,826.1868194788082
logs/log_exp6/log_exp6_run3.txt,6,3,18,701.7256470307226
logs/log_exp6/log_exp6_run3.txt,6,3,19,1069.3278488377332
logs/log_exp6/log_exp6_run3.txt,6,3,20,1470.7731755165203
logs/log_exp6/log_exp6_run3.txt,6,3,21,1063.738117141305
logs/log_exp6/log_exp6_run3.txt,6,3,22,610.4770906446817
logs/log_exp6/log_exp6_run3.txt,6,3,23,1243.982515367011
logs/log_exp6/log_exp6_run3.txt,6,3,24,968.4483001231204
logs/log_exp6/log_exp6_run3.txt,6,3,25,1024.459568744612
logs/log_exp6/log_exp6_run3.txt,6,3,26,731.1277465324531
logs/log_exp6/log_exp6_run3.txt,6,3,27,796.2731080084557
logs/log_exp6/log_exp6_run3.txt,6,3,28,706.8577143329104
logs/log_exp6/log_exp6_run3.txt,6,3,29,856.4834144172291
logs/log_exp6/log_exp6_run3.txt,6,3,30,681.5172721594679
logs/log_exp6/log_exp6_run3.txt,6,3,31,1464.0319513915913
logs/log_exp6/log_exp6_run3.txt,6,3,32,1049.6652994374779
logs/log_exp6/log_exp6_run3.txt,6,3,33,864.3907680772093
logs/log_exp6/log_exp6_run3.txt,6,3,34,812.7642737672737
logs/log_exp6/log_exp6_run3.txt,6,3,35,1066.302346247058
logs/log_exp6/log_exp6_run3.txt,6,3,36,1443.586334212619
logs/log_exp6/log_exp6_run3.txt,6,3,37,1446.2668351917316
logs/log_exp6/log_exp6_run3.txt,6,3,38,1019.4391204154824
logs/log_exp6/log_exp6_run3.txt,6,3,39,754.2332528734462
logs/log_exp6/log_exp6_run3.txt,6,3,40,1349.5785297975006
logs/log_exp6/log_exp6_run3.txt,6,3,41,943.5597357768187
logs/log_exp6/log_exp6_run3.txt,6,3,42,850.8371343022748
logs/log_exp6/log_exp6_run3.txt,6,3,43,1002.7921267236549
logs/log_exp6/log_exp6_run3.txt,6,3,44,704.9201496252887
logs/log_exp6/log_exp6_run3.txt,6,3,45,1083.2769208327063
logs/log_exp6/log_exp6_run3.txt,6,3,46,840.5399669342005
logs/log_exp6/log_exp6_run3.txt,6,3,47,1006.4802610756069
logs/log_exp6/log_exp6_run3.txt,6,3,48,1291.7616663217661
logs/log_exp6/log_exp6_run3.txt,6,3,49,660.7905235477095
logs/log_exp6/log_exp6_run3.txt,6,3,50,1476.4670375378707
logs/log_exp6/log_exp6_run3.txt,6,3,51,1426.08925040857
logs/log_exp6/log_exp6_run3.txt,6,3,52,1213.0118595129068
logs/log_exp6/log_exp6_run3.txt,6,3,53,765.9246657417555
logs/log_exp6/log_exp6_run3.txt,6,3,54,1057.70161215853
logs/log_exp6/log_exp6_run3.txt,6,3,55,839.2541009519239
logs/log_exp6/log_exp6_run3.txt,6,3,56,940.1673127162327
logs/log_exp6/log_exp6_run3.txt,6,3,57,868.7145156390554
logs/log_exp6/log_exp6_run3.txt,6,3,58,1045.9981271069455
logs/log_exp6/log_exp6_run3.txt,6,3,59,1087.4161298990457
logs/log_exp6/log_exp6_run3.txt,6,3,60,1086.3388156557278
logs/log_exp6/log_exp6_run3.txt,6,3,61,770.9789613761002
logs/log_exp6/log_exp6_run3.txt,6,3,62,1324.3936913982855
logs/log_exp6/log_exp6_run3.txt,6,3,63,1475.1914088673402
logs/log_exp6/log_exp6_run3.txt,6,3,64,959.3472244002451
logs/log_exp6/log_exp6_run3.txt,6,3,65,1028.9698959515667
logs/log_exp6/log_exp6_run3.txt,6,3,66,1126.1933916548849
logs/log_exp6/log_exp6_run3.txt,6,3,67,1085.332045382267
logs/log_exp6/log_exp6_run3.txt,6,3,68,1288.5882145718483
logs/log_exp6/log_exp6_run3.txt,6,3,69,1385.0817449902734
logs/log_exp6/log_exp6_run3.txt,6,3,70,1101.6869661707408
logs/log_exp6/log_exp6_run3.txt,6,3,71,821.7212552399963
logs/log_exp6/log_exp6_run3.txt,6,3,72,693.0483152133386
logs/log_exp6/log_exp6_run3.txt,6,3,73,1151.0888097401473
logs/log_exp6/log_exp6_run3.txt,6,3,74,883.4416862021492
logs/log_exp6/log_exp6_run3.txt,6,3,75,1272.7537168802144
logs/log_exp6/log_exp6_run3.txt,6,3,76,1025.5160390879416
logs/log_exp6/log_exp6_run3.txt,6,3,77,864.734197637239
logs/log_exp6/log_exp6_run3.txt,6,3,78,750.2635875480355
logs/log_exp6/log_exp6_run3.txt,6,3,79,1167.3385621772163
logs/log_exp6/log_exp6_run3.txt,6,3,80,979.1875093138658
logs/log_exp6/log_exp6_run3.txt,6,3,81,931.3392121782812
logs/log_exp6/log_exp6_run3.txt,6,3,82,881.0895177723676
logs/log_exp6/log_exp6_run3.txt,6,3,83,1108.6048924644447
logs/log_exp6/log_exp6_run3.txt,6,3,84,1198.4250126838474
logs/log_exp6/log_exp6_run3.txt,6,3,85,1383.150693052823
logs/log_exp6/log_exp6_run3.txt,6,3,86,1342.6386020266887
logs/log_exp6/log_exp6_run3.txt,6,3,87,946.3938355361146
logs/log_exp6/log_exp6_run3.txt,6,3,88,1080.6817630140063
logs/log_exp6/log_exp6_run3.txt,6,3,89,1373.445526235857
logs/log_exp6/log_exp6_run3.txt,6,3,90,975.3190555235899
logs/log_exp6/log_exp6_run3.txt,6,3,91,740.6931242470322
logs/log_exp6/log_exp6_run3.txt,6,3,92,1102.2557933145235
logs/log_exp6/log_exp6_run3.txt,6,3,93,1358.9482028572197
logs/log_exp6/log_exp6_run3.txt,6,3,94,1001.4928597587768
logs/log_exp6/log_exp6_run3.txt,6,3,95,1030.0757712321001
logs/log_exp6/log_exp6_run3.txt,6,3,96,1636.889367487339
logs/log_exp6/log_exp6_run3.txt,6,3,97,948.7946284242513
logs/log_exp6/log_exp6_run3.txt,6,3,98,739.5600202520736
logs/log_exp6/log_exp6_run3.txt,6,3,99,1020.2863096369807
logs/log_exp6/log_exp6_run3.txt,6,3,100,752.2632829653256
logs/log_exp6/log_exp6_run4.txt,6,4,0,421.24113839984693
logs/log_exp6/log_exp6_run4.txt,6,4,1,332.0591085386097
logs/log_exp6/log_exp6_run4.txt,6,4,2,483.8289778318409
logs/log_exp6/log_exp6_run4.txt,6,4,3,334.64162868398256
logs/log_exp6/log_exp6_run4.txt,6,4,4,557.7438731141885
logs/log_exp6/log_exp6_run4.txt,6,4,5,907.3673116425689
logs/log_exp6/log_exp6_run4.txt,6,4,6,1059.8253953682022
logs/log_exp6/log_exp6_run4.txt,6,4,7,1273.8833096329572
logs/log_exp6/log_exp6_run4.txt,6,4,8,546.0434775611773
logs/log_exp6/log_exp6_run4.txt,6,4,9,756.6764473901574
logs/log_exp6/log_exp6_run4.txt,6,4,10,976.4186049402484
logs/log_exp6/log_exp6_run4.txt,6,4,11,1061.9098435971032
logs/log_exp6/log_exp6_run4.txt,6,4,12,1107.4040246910085
logs/log_exp6/log_exp6_run4.txt,6,4,13,1094.3443713651009
logs/log_exp6/log_exp6_run4.txt,6,4,14,700.4945922285596
logs/log_exp6/log_exp6_run4.txt,6,4,15,898.6741833776163
logs/log_exp6/log_exp6_run4.txt,6,4,16,863.745852683733
logs/log_exp6/log_exp6_run4.txt,6,4,17,1001.618821694328
logs/log_exp6/log_exp6_run4.txt,6,4,18,832.8125265743956
logs/log_exp6/log_exp6_run4.txt,6,4,19,1108.1232589008143
logs/log_exp6/log_exp6_run4.txt,6,4,20,858.1782539856009
logs/log_exp6/log_exp6_run4.txt,6,4,21,1296.3339657626464
logs/log_exp6/log_exp6_run4.txt,6,4,22,823.7402340667974
logs/log_exp6/log_exp6_run4.txt,6,4,23,1113.9085030293056
logs/log_exp6/log_exp6_run4.txt,6,4,24,1116.688611772552
logs/log_exp6/log_exp6_run4.txt,6,4,25,1067.3019690447322
logs/log_exp6/log_exp6_run4.txt,6,4,26,1408.4572210216495
logs/log_exp6/log_exp6_run4.txt,6,4,27,781.6897214463447
logs/log_exp6/log_exp6_run4.txt,6,4,28,624.8479336819507
logs/log_exp6/log_exp6_run4.txt,6,4,29,1085.5287826417893
logs/log_exp6/log_exp6_run4.txt,6,4,30,949.9003797739957
logs/log_exp6/log_exp6_run4.txt,6,4,31,1108.6268820637463
logs/log_exp6/log_exp6_run4.txt,6,4,32,1241.1960289204696
logs/log_exp6/log_exp6_run4.txt,6,4,33,1011.0469545315794
logs/log_exp6/log_exp6_run4.txt,6,4,34,716.1342607991737
logs/log_exp6/log_exp6_run4.txt,6,4,35,1091.13937894118
logs/log_exp6/log_exp6_run4.txt,6,4,36,961.2115630734106
logs/log_exp6/log_exp6_run4.txt,6,4,37,1078.8934280120436
logs/log_exp6/log_exp6_run4.txt,6,4,38,1360.0908129620432
logs/log_exp6/log_exp6_run4.txt,6,4,39,972.2979989790878
logs/log_exp6/log_exp6_run4.txt,6,4,40,840.3997793767
logs/log_exp6/log_exp6_run4.txt,6,4,41,862.8934419308616
logs/log_exp6/log_exp6_run4.txt,6,4,42,1066.345579023865
logs/log_exp6/log_exp6_run4.txt,6,4,43,1106.3816882385277
logs/log_exp6/log_exp6_run4.txt,6,4,44,751.8271743678779
logs/log_exp6/log_exp6_run4.txt,6,4,45,1201.1571316004304
logs/log_exp6/log_exp6_run4.txt,6,4,46,890.9887778774959
logs/log_exp6/log_exp6_run4.txt,6,4,47,1027.5248794245874
logs/log_exp6/log_exp6_run4.txt,6,4,48,1070.03570622623
logs/log_exp6/log_exp6_run4.txt,6,4,49,929.182705446934
logs/log_exp6/log_exp6_run4.txt,6,4,50,787.5570978330139
logs/log_exp6/log_exp6_run4.txt,6,4,51,693.3455461606977
logs/log_exp6/log_exp6_run4.txt,6,4,52,869.0288858816014
logs/log_exp6/log_exp6_run4.txt,6,4,53,1147.6056232096405
logs/log_exp6/log_exp6_run4.txt,6,4,54,863.8604692037994
logs/log_exp6/log_exp6_run4.txt,6,4,55,888.9772634232553
logs/log_exp6/log_exp6_run4.txt,6,4,56,744.3102838388016
logs/log_exp6/log_exp6_run4.txt,6,4,57,1053.7311195308978
logs/log_exp6/log_exp6_run4.txt,6,4,58,558.5073944060633
logs/log_exp6/log_exp6_run4.txt,6,4,59,944.5640920548025
logs/log_exp6/log_exp6_run4.txt,6,4,60,1436.0375018110176
logs/log_exp6/log_exp6_run4.txt,6,4,61,1025.087628215241
logs/log_exp6/log_exp6_run4.txt,6,4,62,619.9188462338614
logs/log_exp6/log_exp6_run4.txt,6,4,63,1400.4223214623682
logs/log_exp6/log_exp6_run4.txt,6,4,64,1194.0794123035778
logs/log_exp6/log_exp6_run4.txt,6,4,65,1089.34439660248
logs/log_exp6/log_exp6_run4.txt,6,4,66,1088.627119236336
logs/log_exp6/log_exp6_run4.txt,6,4,67,1065.9230194231948
logs/log_exp6/log_exp6_run4.txt,6,4,68,1077.813054035701
logs/log_exp6/log_exp6_run4.txt,6,4,69,1100.5394448157654
logs/log_exp6/log_exp6_run4.txt,6,4,70,815.2296942997409
logs/log_exp6/log_exp6_run4.txt,6,4,71,836.4773691316625
logs/log_exp6/log_exp6_run4.txt,6,4,72,1032.9415030501634
logs/log_exp6/log_exp6_run4.txt,6,4,73,749.3657033858392
logs/log_exp6/log_exp6_run4.txt,6,4,74,1098.6485372946104
logs/log_exp6/log_exp6_run4.txt,6,4,75,1060.8239974798535
logs/log_exp6/log_exp6_run4.txt,6,4,76,1003.0492676958584
logs/log_exp6/log_exp6_run4.txt,6,4,77,1323.1137892672457
logs/log_exp6/log_exp6_run4.txt,6,4,78,994.1145241966942
logs/log_exp6/log_exp6_run4.txt,6,4,79,516.0899635400065
logs/log_exp6/log_exp6_run4.txt,6,4,80,1013.7441351074225
logs/log_exp6/log_exp6_run4.txt,6,4,81,1037.5921508679314
logs/log_exp6/log_exp6_run4.txt,6,4,82,1408.3697165079077
logs/log_exp6/log_exp6_run4.txt,6,4,83,772.581148046917
logs/log_exp6/log_exp6_run4.txt,6,4,84,1168.324647586609
logs/log_exp6/log_exp6_run4.txt,6,4,85,948.3202558124638
logs/log_exp6/log_exp6_run4.txt,6,4,86,887.720166726029
logs/log_exp6/log_exp6_run4.txt,6,4,87,986.0633019878114
logs/log_exp6/log_exp6_run4.txt,6,4,88,1117.6025349233773
logs/log_exp6/log_exp6_run4.txt,6,4,89,1169.8967600745598
logs/log_exp6/log_exp6_run4.txt,6,4,90,1069.6569327057673
logs/log_exp6/log_exp6_run4.txt,6,4,91,720.2306783833064
logs/log_exp6/log_exp6_run4.txt,6,4,92,784.9813603351098
logs/log_exp6/log_exp6_run4.txt,6,4,93,1137.359805101716
logs/log_exp6/log_exp6_run4.txt,6,4,94,998.4708074233076
logs/log_exp6/log_exp6_run4.txt,6,4,95,842.8677672223903
logs/log_exp6/log_exp6_run4.txt,6,4,96,983.368499868053
logs/log_exp6/log_exp6_run4.txt,6,4,97,982.5837130958611
logs/log_exp6/log_exp6_run4.txt,6,4,98,1069.9487102120092
logs/log_exp6/log_exp6_run4.txt,6,4,99,991.4115866749046
logs/log_exp6/log_exp6_run4.txt,6,4,100,955.5424095585604
logs/log_exp7/log_exp7_run0.txt,7,0,0,-203.07159201055077
logs/log_exp7/log_exp7_run0.txt,7,0,1,538.5239141862278
logs/log_exp7/log_exp7_run0.txt,7,0,2,362.2705796074228
logs/log_exp7/log_exp7_run0.txt,7,0,3,697.6012187236149
logs/log_exp7/log_exp7_run0.txt,7,0,4,534.261989701751
logs/log_exp7/log_exp7_run0.txt,7,0,5,1215.9973950927501
logs/log_exp7/log_exp7_run0.txt,7,0,6,813.2355906983612
logs/log_exp7/log_exp7_run0.txt,7,0,7,1205.8052466159777
logs/log_exp7/log_exp7_run0.txt,7,0,8,817.9525466139376
logs/log_exp7/log_exp7_run0.txt,7,0,9,1095.6346154571302
logs/log_exp7/log_exp7_run0.txt,7,0,10,1035.3918824269592
logs/log_exp7/log_exp7_run0.txt,7,0,11,971.9117250971178
logs/log_exp7/log_exp7_run0.txt,7,0,12,2051.591110242272
logs/log_exp7/log_exp7_run0.txt,7,0,13,1241.6726296503177
logs/log_exp7/log_exp7_run0.txt,7,0,14,825.054837546451
logs/log_exp7/log_exp7_run0.txt,7,0,15,856.9253963302151
logs/log_exp7/log_exp7_run0.txt,7,0,16,708.0742212339313
logs/log_exp7/log_exp7_run0.txt,7,0,17,989.9058960057764
logs/log_exp7/log_exp7_run0.txt,7,0,18,959.924665951304
logs/log_exp7/log_exp7_run0.txt,7,0,19,1432.0210340757817
logs/log_exp7/log_exp7_run0.txt,7,0,20,767.8180216665193
logs/log_exp7/log_exp7_run0.txt,7,0,21,712.4933132841865
logs/log_exp7/log_exp7_run0.txt,7,0,22,976.1709952009576
logs/log_exp7/log_exp7_run0.txt,7,0,23,1147.5859328006195
logs/log_exp7/log_exp7_run0.txt,7,0,24,907.9777743762221
logs/log_exp7/log_exp7_run0.txt,7,0,25,702.0549786592029
logs/log_exp7/log_exp7_run0.txt,7,0,26,914.9351599391139
logs/log_exp7/log_exp7_run0.txt,7,0,27,715.0362834071584
logs/log_exp7/log_exp7_run0.txt,7,0,28,875.582007299452
logs/log_exp7/log_exp7_run0.txt,7,0,29,1086.8581330912514
logs/log_exp7/log_exp7_run0.txt,7,0,30,1181.8357854479477
logs/log_exp7/log_exp7_run0.txt,7,0,31,1049.1585862318507
logs/log_exp7/log_exp7_run0.txt,7,0,32,856.6444045367422
logs/log_exp7/log_exp7_run0.txt,7,0,33,956.5490938656652
logs/log_exp7/log_exp7_run0.txt,7,0,34,961.5279047373136
logs/log_exp7/log_exp7_run0.txt,7,0,35,789.7092349471548
logs/log_exp7/log_exp7_run0.txt,7,0,36,1131.265951713953
logs/log_exp7/log_exp7_run0.txt,7,0,37,857.0033582809758
logs/log_exp7/log_exp7_run0.txt,7,0,38,749.7979849569172
logs/log_exp7/log_exp7_run0.txt,7,0,39,941.5176707072336
logs/log_exp7/log_exp7_run0.txt,7,0,40,1418.337443762639
logs/log_exp7/log_exp7_run0.txt,7,0,41,1018.6196730011079
logs/log_exp7/log_exp7_run0.txt,7,0,42,988.9376397854115
logs/log_exp7/log_exp7_run0.txt,7,0,43,1350.4238476490152
logs/log_exp7/log_exp7_run0.txt,7,0,44,1785.153292360732
logs/log_exp7/log_exp7_run0.txt,7,0,45,1503.1935360084312
logs/log_exp7/log_exp7_run0.txt,7,0,46,903.2856678736723
logs/log_exp7/log_exp7_run0.txt,7,0,47,1070.6573980737587
logs/log_exp7/log_exp7_run0.txt,7,0,48,737.7729991661265
logs/log_exp7/log_exp7_run0.txt,7,0,49,808.0964598916663
logs/log_exp7/log_exp7_run0.txt,7,0,50,857.2248896951785
logs/log_exp7/log_exp7_run0.txt,7,0,51,1015.5151441868232
logs/log_exp7/log_exp7_run0.txt,7,0,52,835.4783287968874
logs/log_exp7/log_exp7_run0.txt,7,0,53,1404.4185513750474
logs/log_exp7/log_exp7_run0.txt,7,0,54,1015.9418225379883
logs/log_exp7/log_exp7_run0.txt,7,0,55,1092.7157495229603
logs/log_exp7/log_exp7_run0.txt,7,0,56,740.8904919790646
logs/log_exp7/log_exp7_run0.txt,7,0,57,1109.827418424443
logs/log_exp7/log_exp7_run0.txt,7,0,58,889.5221996615135
logs/log_exp7/log_exp7_run0.txt,7,0,59,1074.2962016275128
logs/log_exp7/log_exp7_run0.txt,7,0,60,1297.4496604822023
logs/log_exp7/log_exp7_run0.txt,7,0,61,1048.5539970874527
logs/log_exp7/log_exp7_run0.txt,7,0,62,730.8394779208863
logs/log_exp7/log_exp7_run0.txt,7,0,63,1068.7598487342311
logs/log_exp7/log_exp7_run0.txt,7,0,64,1086.1702921112728
logs/log_exp7/log_exp7_run0.txt,7,0,65,1008.2369977384027
logs/log_exp7/log_exp7_run0.txt,7,0,66,1630.5432243959974
logs/log_exp7/log_exp7_run0.txt,7,0,67,837.2793815732454
logs/log_exp7/log_exp7_run0.txt,7,0,68,459.545669292764
logs/log_exp7/log_exp7_run0.txt,7,0,69,740.6948443091354
logs/log_exp7/log_exp7_run0.txt,7,0,70,992.795618911346
logs/log_exp7/log_exp7_run0.txt,7,0,71,1079.5453431946244
logs/log_exp7/log_exp7_run0.txt,7,0,72,1061.5545270129626
logs/log_exp7/log_exp7_run0.txt,7,0,73,1028.5740854117867
logs/log_exp7/log_exp7_run0.txt,7,0,74,986.3530479203451
logs/log_exp7/log_exp7_run0.txt,7,0,75,1099.508791655963
logs/log_exp7/log_exp7_run0.txt,7,0,76,965.1555758165396
logs/log_exp7/log_exp7_run0.txt,7,0,77,1100.1026302175821
logs/log_exp7/log_exp7_run0.txt,7,0,78,469.85339524986694
logs/log_exp7/log_exp7_run0.txt,7,0,79,1446.6640603657572
logs/log_exp7/log_exp7_run0.txt,7,0,80,1158.5596274745524
logs/log_exp7/log_exp7_run0.txt,7,0,81,1010.1222701391591
logs/log_exp7/log_exp7_run0.txt,7,0,82,618.0684352453095
logs/log_exp7/log_exp7_run0.txt,7,0,83,1018.8018981443327
logs/log_exp7/log_exp7_run0.txt,7,0,84,819.3378387610082
logs/log_exp7/log_exp7_run0.txt,7,0,85,536.0231042496731
logs/log_exp7/log_exp7_run0.txt,7,0,86,1336.9594696426618
logs/log_exp7/log_exp7_run0.txt,7,0,87,978.740400973511
logs/log_exp7/log_exp7_run0.txt,7,0,88,1436.3734528186715
logs/log_exp7/log_exp7_run0.txt,7,0,89,630.5934735569159
logs/log_exp7/log_exp7_run0.txt,7,0,90,796.8305786895911
logs/log_exp7/log_exp7_run0.txt,7,0,91,1115.9151411642622
logs/log_exp7/log_exp7_run0.txt,7,0,92,762.7345412942484
logs/log_exp7/log_exp7_run0.txt,7,0,93,1153.7818283620522
logs/log_exp7/log_exp7_run0.txt,7,0,94,958.3544249755154
logs/log_exp7/log_exp7_run0.txt,7,0,95,1257.9542445584714
logs/log_exp7/log_exp7_run0.txt,7,0,96,860.2628759977475
logs/log_exp7/log_exp7_run0.txt,7,0,97,1060.8586794159753
logs/log_exp7/log_exp7_run0.txt,7,0,98,1122.0592193757543
logs/log_exp7/log_exp7_run0.txt,7,0,99,1268.4254623267202
logs/log_exp7/log_exp7_run0.txt,7,0,100,1175.147788504231
logs/log_exp7/log_exp7_run1.txt,7,1,0,-547.5401858445139
logs/log_exp7/log_exp7_run1.txt,7,1,1,604.8060233898794
logs/log_exp7/log_exp7_run1.txt,7,1,2,579.3907851509599
logs/log_exp7/log_exp7_run1.txt,7,1,3,709.0258728360316
logs/log_exp7/log_exp7_run1.txt,7,1,4,567.4630170079648
logs/log_exp7/log_exp7_run1.txt,7,1,5,650.8568698377334
logs/log_exp7/log_exp7_run1.txt,7,1,6,705.7494088248282
logs/log_exp7/log_exp7_run1.txt,7,1,7,1066.6050556977057
logs/log_exp7/log_exp7_run1.txt,7,1,8,797.4578858973362
logs/log_exp7/log_exp7_run1.txt,7,1,9,1058.9652643297777
logs/log_exp7/log_exp7_run1.txt,7,1,10,882.309642471281
logs/log_exp7/log_exp7_run1.txt,7,1,11,785.5236313330004
logs/log_exp7/log_exp7_run1.txt,7,1,12,758.9674873480808
logs/log_exp7/log_exp7_run1.txt,7,1,13,708.7190399683467
logs/log_exp7/log_exp7_run1.txt,7,1,14,781.1746487716864
logs/log_exp7/log_exp7_run1.txt,7,1,15,823.8030324600004
logs/log_exp7/log_exp7_run1.txt,7,1,16,1013.3071144961561
logs/log_exp7/log_exp7_run1.txt,7,1,17,1159.83043526788
logs/log_exp7/log_exp7_run1.txt,7,1,18,1107.9377150812552
logs/log_exp7/log_exp7_run1.txt,7,1,19,1131.0761459011906
logs/log_exp7/log_exp7_run1.txt,7,1,20,891.4866765151237
logs/log_exp7/log_exp7_run1.txt,7,1,21,1301.6116112604316
logs/log_exp7/log_exp7_run1.txt,7,1,22,862.0421231113893
logs/log_exp7/log_exp7_run1.txt,7,1,23,966.5097520317917
logs/log_exp7/log_exp7_run1.txt,7,1,24,655.4022073390812
logs/log_exp7/log_exp7_run1.txt,7,1,25,623.8683107679628
logs/log_exp7/log_exp7_run1.txt,7,1,26,1356.374811462049
logs/log_exp7/log_exp7_run1.txt,7,1,27,1076.4264998711667
logs/log_exp7/log_exp7_run1.txt,7,1,28,909.6811801190297
logs/log_exp7/log_exp7_run1.txt,7,1,29,1052.3406462357543
logs/log_exp7/log_exp7_run1.txt,7,1,30,1058.5789529829108
logs/log_exp7/log_exp7_run1.txt,7,1,31,1029.2047271858885
logs/log_exp7/log_exp7_run1.txt,7,1,32,791.4302228883264
logs/log_exp7/log_exp7_run1.txt,7,1,33,694.6044225893611
logs/log_exp7/log_exp7_run1.txt,7,1,34,940.9641050741023
logs/log_exp7/log_exp7_run1.txt,7,1,35,875.841536653388
logs/log_exp7/log_exp7_run1.txt,7,1,36,1720.8242243368993
logs/log_exp7/log_exp7_run1.txt,7,1,37,1069.4133143690688
logs/log_exp7/log_exp7_run1.txt,7,1,38,1015.4566093321837
logs/log_exp7/log_exp7_run1.txt,7,1,39,935.1565204110051
logs/log_exp7/log_exp7_run1.txt,7,1,40,542.9610879151244
logs/log_exp7/log_exp7_run1.txt,7,1,41,1108.311754315963
logs/log_exp7/log_exp7_run1.txt,7,1,42,759.61005934658
logs/log_exp7/log_exp7_run1.txt,7,1,43,771.7592822374312
logs/log_exp7/log_exp7_run1.txt,7,1,44,1321.147138687144
logs/log_exp7/log_exp7_run1.txt,7,1,45,861.0200539779489
logs/log_exp7/log_exp7_run1.txt,7,1,46,1047.3826591795673
logs/log_exp7/log_exp7_run1.txt,7,1,47,1003.6443679945494
logs/log_exp7/log_exp7_run1.txt,7,1,48,1364.3609853107487
logs/log_exp7/log_exp7_run1.txt,7,1,49,728.247217240491
logs/log_exp7/log_exp7_run1.txt,7,1,50,817.3834034253975
logs/log_exp7/log_exp7_run1.txt,7,1,51,973.1828726695088
logs/log_exp7/log_exp7_run1.txt,7,1,52,837.7636596701989
logs/log_exp7/log_exp7_run1.txt,7,1,53,1035.421618713934
logs/log_exp7/log_exp7_run1.txt,7,1,54,841.1023585046117
logs/log_exp7/log_exp7_run1.txt,7,1,55,671.7629679474021
logs/log_exp7/log_exp7_run1.txt,7,1,56,931.9501608357721
logs/log_exp7/log_exp7_run1.txt,7,1,57,1078.9811702443408
logs/log_exp7/log_exp7_run1.txt,7,1,58,867.8083164497959
logs/log_exp7/log_exp7_run1.txt,7,1,59,574.1372540482605
logs/log_exp7/log_exp7_run1.txt,7,1,60,780.2506161043627
logs/log_exp7/log_exp7_run1.txt,7,1,61,1046.4372858093834
logs/log_exp7/log_exp7_run1.txt,7,1,62,1078.132856894538
logs/log_exp7/log_exp7_run1.txt,7,1,63,1505.2803041957666
logs/log_exp7/log_exp7_run1.txt,7,1,64,869.8176780895132
logs/log_exp7/log_exp7_run1.txt,7,1,65,1025.1532664191047
logs/log_exp7/log_exp7_run1.txt,7,1,66,664.0024483840577
logs/log_exp7/log_exp7_run1.txt,7,1,67,691.2472691979395
logs/log_exp7/log_exp7_run1.txt,7,1,68,1321.2339064652294
logs/log_exp7/log_exp7_run1.txt,7,1,69,1081.602288670288
logs/log_exp7/log_exp7_run1.txt,7,1,70,764.7721867787193
logs/log_exp7/log_exp7_run1.txt,7,1,71,741.5291898558982
logs/log_exp7/log_exp7_run1.txt,7,1,72,782.3407363578755
logs/log_exp7/log_exp7_run1.txt,7,1,73,1727.4889547607963
logs/log_exp7/log_exp7_run1.txt,7,1,74,1253.5756659171611
logs/log_exp7/log_exp7_run1.txt,7,1,75,960.8256309375781
logs/log_exp7/log_exp7_run1.txt,7,1,76,1214.3289331844317
logs/log_exp7/log_exp7_run1.txt,7,1,77,852.9861386128574
logs/log_exp7/log_exp7_run1.txt,7,1,78,936.3302178917372
logs/log_exp7/log_exp7_run1.txt,7,1,79,1010.5512490711153
logs/log_exp7/log_exp7_run1.txt,7,1,80,741.3626069372924
logs/log_exp7/log_exp7_run1.txt,7,1,81,977.3989323110129
logs/log_exp7/log_exp7_run1.txt,7,1,82,525.8942655010512
logs/log_exp7/log_exp7_run1.txt,7,1,83,1116.794549919139
logs/log_exp7/log_exp7_run1.txt,7,1,84,874.3177445714803
logs/log_exp7/log_exp7_run1.txt,7,1,85,984.5081017086768
logs/log_exp7/log_exp7_run1.txt,7,1,86,729.417873087228
logs/log_exp7/log_exp7_run1.txt,7,1,87,872.491486378152
logs/log_exp7/log_exp7_run1.txt,7,1,88,1044.8770179933642
logs/log_exp7/log_exp7_run1.txt,7,1,89,910.5556106882881
logs/log_exp7/log_exp7_run1.txt,7,1,90,1121.3279262218591
logs/log_exp7/log_exp7_run1.txt,7,1,91,1148.0857640101751
logs/log_exp7/log_exp7_run1.txt,7,1,92,746.2580249734358
logs/log_exp7/log_exp7_run1.txt,7,1,93,1262.0476684648627
logs/log_exp7/log_exp7_run1.txt,7,1,94,969.6065507874888
logs/log_exp7/log_exp7_run1.txt,7,1,95,1095.507598767071
logs/log_exp7/log_exp7_run1.txt,7,1,96,868.1283527297937
logs/log_exp7/log_exp7_run1.txt,7,1,97,959.778968414633
logs/log_exp7/log_exp7_run1.txt,7,1,98,1150.212421392083
logs/log_exp7/log_exp7_run1.txt,7,1,99,643.3654484776797
logs/log_exp7/log_exp7_run1.txt,7,1,100,1705.6863782628643
logs/log_exp7/log_exp7_run2.txt,7,2,0,-366.3730307063526
logs/log_exp7/log_exp7_run2.txt,7,2,1,319.0930870103909
logs/log_exp7/log_exp7_run2.txt,7,2,2,947.6661633313186
logs/log_exp7/log_exp7_run2.txt,7,2,3,621.1192836731828
logs/log_exp7/log_exp7_run2.txt,7,2,4,583.1160524105613
logs/log_exp7/log_exp7_run2.txt,7,2,5,817.8426258648203
logs/log_exp7/log_exp7_run2.txt,7,2,6,737.7974820730585
logs/log_exp7/log_exp7_run2.txt,7,2,7,1094.4929090132125
logs/log_exp7/log_exp7_run2.txt,7,2,8,890.5105329492515
logs/log_exp7/log_exp7_run2.txt,7,2,9,902.0135185512579
logs/log_exp7/log_exp7_run2.txt,7,2,10,748.6700404115129
logs/log_exp7/log_exp7_run2.txt,7,2,11,1090.7016960470403
logs/log_exp7/log_exp7_run2.txt,7,2,12,943.9677237954089
logs/log_exp7/log_exp7_run2.txt,7,2,13,1075.7750383860432
logs/log_exp7/log_exp7_run2.txt,7,2,14,823.0229873822667
logs/log_exp7/log_exp7_run2.txt,7,2,15,901.6330940455576
logs/log_exp7/log_exp7_run2.txt,7,2,16,766.4370761290853
logs/log_exp7/log_exp7_run2.txt,7,2,17,748.6896308133748
logs/log_exp7/log_exp7_run2.txt,7,2,18,1049.643573881893
logs/log_exp7/log_exp7_run2.txt,7,2,19,867.3107795757212
logs/log_exp7/log_exp7_run2.txt,7,2,20,936.0980002345659
logs/log_exp7/log_exp7_run2.txt,7,2,21,1333.8796078708947
logs/log_exp7/log_exp7_run2.txt,7,2,22,617.4682773826653
logs/log_exp7/log_exp7_run2.txt,7,2,23,1287.828134195357
logs/log_exp7/log_exp7_run2.txt,7,2,24,1019.6993091741555
logs/log_exp7/log_exp7_run2.txt,7,2,25,1290.871621818956
logs/log_exp7/log_exp7_run2.txt,7,2,26,1019.7653976756746
logs/log_exp7/log_exp7_run2.txt,7,2,27,860.6287080993895
logs/log_exp7/log_exp7_run2.txt,7,2,28,929.1476144557688
logs/log_exp7/log_exp7_run2.txt,7,2,29,1135.8445829752786
logs/log_exp7/log_exp7_run2.txt,7,2,30,1318.2578436262143
logs/log_exp7/log_exp7_run2.txt,7,2,31,1121.207913215304
logs/log_exp7/log_exp7_run2.txt,7,2,32,791.9341312474562
logs/log_exp7/log_exp7_run2.txt,7,2,33,605.7285548382126
logs/log_exp7/log_exp7_run2.txt,7,2,34,894.6754618763109
logs/log_exp7/log_exp7_run2.txt,7,2,35,834.146956348457
logs/log_exp7/log_exp7_run2.txt,7,2,36,782.6257525301837
logs/log_exp7/log_exp7_run2.txt,7,2,37,991.6938218717976
logs/log_exp7/log_exp7_run2.txt,7,2,38,1570.9282671420988
logs/log_exp7/log_exp7_run2.txt,7,2,39,1496.5357963790377
logs/log_exp7/log_exp7_run2.txt,7,2,40,990.4192618722749
logs/log_exp7/log_exp7_run2.txt,7,2,41,776.712255313687
logs/log_exp7/log_exp7_run2.txt,7,2,42,826.5045344128024
logs/log_exp7/log_exp7_run2.txt,7,2,43,441.968943800721
logs/log_exp7/log_exp7_run2.txt,7,2,44,1342.3267312326825
logs/log_exp7/log_exp7_run2.txt,7,2,45,765.4600773741951
logs/log_exp7/log_exp7_run2.txt,7,2,46,984.430329366108
logs/log_exp7/log_exp7_run2.txt,7,2,47,942.9397044173854
logs/log_exp7/log_exp7_run2.txt,7,2,48,987.2501236212277
logs/log_exp7/log_exp7_run2.txt,7,2,49,897.1833379481637
logs/log_exp7/log_exp7_run2.txt,7,2,50,1227.586233473645
logs/log_exp7/log_exp7_run2.txt,7,2,51,1123.7097974980406
logs/log_exp7/log_exp7_run2.txt,7,2,52,894.829129089609
logs/log_exp7/log_exp7_run2.txt,7,2,53,749.7403505889922
logs/log_exp7/log_exp7_run2.txt,7,2,54,1065.7776396748252
logs/log_exp7/log_exp7_run2.txt,7,2,55,1195.0818997430586
logs/log_exp7/log_exp7_run2.txt,7,2,56,725.8216466043278
logs/log_exp7/log_exp7_run2.txt,7,2,57,824.4519621533394
logs/log_exp7/log_exp7_run2.txt,7,2,58,1036.0258316363831
logs/log_exp7/log_exp7_run2.txt,7,2,59,1040.85835780887
logs/log_exp7/log_exp7_run2.txt,7,2,60,1061.0398187348624
logs/log_exp7/log_exp7_run2.txt,7,2,61,1382.3303332909854
logs/log_exp7/log_exp7_run2.txt,7,2,62,947.7880389033353
logs/log_exp7/log_exp7_run2.txt,7,2,63,775.7603586816243
logs/log_exp7/log_exp7_run2.txt,7,2,64,1044.3465811001256
logs/log_exp7/log_exp7_run2.txt,7,2,65,753.5787663492606
logs/log_exp7/log_exp7_run2.txt,7,2,66,1025.2681112167854
logs/log_exp7/log_exp7_run2.txt,7,2,67,827.003612492014
logs/log_exp7/log_exp7_run2.txt,7,2,68,692.619699345857
logs/log_exp7/log_exp7_run2.txt,7,2,69,1167.179572379579
logs/log_exp7/log_exp7_run2.txt,7,2,70,694.3470384511645
logs/log_exp7/log_exp7_run2.txt,7,2,71,1081.6212348315812
logs/log_exp7/log_exp7_run2.txt,7,2,72,785.835187071716
logs/log_exp7/log_exp7_run2.txt,7,2,73,755.9298171208895
logs/log_exp7/log_exp7_run2.txt,7,2,74,992.2059699479502
logs/log_exp7/log_exp7_run2.txt,7,2,75,903.5945892578168
logs/log_exp7/log_exp7_run2.txt,7,2,76,708.9341509617328
logs/log_exp7/log_exp7_run2.txt,7,2,77,940.0458531605249
logs/log_exp7/log_exp7_run2.txt,7,2,78,883.6600056343301
logs/log_exp7/log_exp7_run2.txt,7,2,79,794.6205593069161
logs/log_exp7/log_exp7_run2.txt,7,2,80,1067.7966024113673
logs/log_exp7/log_exp7_run2.txt,7,2,81,1029.5389363986556
logs/log_exp7/log_exp7_run2.txt,7,2,82,883.8828946344884
logs/log_exp7/log_exp7_run2.txt,7,2,83,946.1355403993557
logs/log_exp7/log_exp7_run2.txt,7,2,84,815.1208535816666
logs/log_exp7/log_exp7_run2.txt,7,2,85,1351.6598210829793
logs/log_exp7/log_exp7_run2.txt,7,2,86,894.0665189226158
logs/log_exp7/log_exp7_run2.txt,7,2,87,1702.5558967313468
logs/log_exp7/log_exp7_run2.txt,7,2,88,891.7088864573243
logs/log_exp7/log_exp7_run2.txt,7,2,89,996.5986313234
logs/log_exp7/log_exp7_run2.txt,7,2,90,1124.582034401401
logs/log_exp7/log_exp7_run2.txt,7,2,91,1022.584296469339
logs/log_exp7/log_exp7_run2.txt,7,2,92,940.9722304052818
logs/log_exp7/log_exp7_run2.txt,7,2,93,940.8571963744632
logs/log_exp7/log_exp7_run2.txt,7,2,94,1020.2252463826466
logs/log_exp7/log_exp7_run2.txt,7,2,95,837.4790531224246
logs/log_exp7/log_exp7_run2.txt,7,2,96,1028.1812826497546
logs/log_exp7/log_exp7_run2.txt,7,2,97,1114.7315822981213
logs/log_exp7/log_exp7_run2.txt,7,2,98,957.482984340483
logs/log_exp7/log_exp7_run2.txt,7,2,99,1485.8201550391618
logs/log_exp7/log_exp7_run2.txt,7,2,100,1629.386653786659
logs/log_exp7/log_exp7_run3.txt,7,3,0,556.9474091001275
logs/log_exp7/log_exp7_run3.txt,7,3,1,414.60828195298353
logs/log_exp7/log_exp7_run3.txt,7,3,2,754.5733939949588
logs/log_exp7/log_exp7_run3.txt,7,3,3,1007.4689293176041
logs/log_exp7/log_exp7_run3.txt,7,3,4,730.4549236030624
logs/log_exp7/log_exp7_run3.txt,7,3,5,909.4122209947149
logs/log_exp7/log_exp7_run3.txt,7,3,6,953.2471933654939
logs/log_exp7/log_exp7_run3.txt,7,3,7,818.3636558652356
logs/log_exp7/log_exp7_run3.txt,7,3,8,888.3107861713609
logs/log_exp7/log_exp7_run3.txt,7,3,9,911.9112718426774
logs/log_exp7/log_exp7_run3.txt,7,3,10,1000.7778141997147
logs/log_exp7/log_exp7_run3.txt,7,3,11,1451.6116857207066
logs/log_exp7/log_exp7_run3.txt,7,3,12,1068.875899328519
logs/log_exp7/log_exp7_run3.txt,7,3,13,1012.6505901489867
logs/log_exp7/log_exp7_run3.txt,7,3,14,873.8355712821619
logs/log_exp7/log_exp7_run3.txt,7,3,15,849.1832853565223
logs/log_exp7/log_exp7_run3.txt,7,3,16,982.6941685306213
logs/log_exp7/log_exp7_run3.txt,7,3,17,698.5432564241922
logs/log_exp7/log_exp7_run3.txt,7,3,18,1155.4892678358246
logs/log_exp7/log_exp7_run3.txt,7,3,19,831.0070020270629
logs/log_exp7/log_exp7_run3.txt,7,3,20,1099.0989804105438
logs/log_exp7/log_exp7_run3.txt,7,3,21,1138.1288204404523
logs/log_exp7/log_exp7_run3.txt,7,3,22,772.9347622147087
logs/log_exp7/log_exp7_run3.txt,7,3,23,1397.1072038445586
logs/log_exp7/log_exp7_run3.txt,7,3,24,987.8058332220007
logs/log_exp7/log_exp7_run3.txt,7,3,25,1448.3856931865555
logs/log_exp7/log_exp7_run3.txt,7,3,26,1802.9249773665265
logs/log_exp7/log_exp7_run3.txt,7,3,27,647.0628371877407
logs/log_exp7/log_exp7_run3.txt,7,3,28,849.4853768194055
logs/log_exp7/log_exp7_run3.txt,7,3,29,1120.6662062078208
logs/log_exp7/log_exp7_run3.txt,7,3,30,1816.085457741749
logs/log_exp7/log_exp7_run3.txt,7,3,31,716.7091771688472
logs/log_exp7/log_exp7_run3.txt,7,3,32,1022.1288363175958
logs/log_exp7/log_exp7_run3.txt,7,3,33,650.088076851777
logs/log_exp7/log_exp7_run3.txt,7,3,34,796.9853391751325
logs/log_exp7/log_exp7_run3.txt,7,3,35,1084.5045151455129
logs/log_exp7/log_exp7_run3.txt,7,3,36,675.4314613698085
logs/log_exp7/log_exp7_run3.txt,7,3,37,1226.8458689663942
logs/log_exp7/log_exp7_run3.txt,7,3,38,977.3830974688906
logs/log_exp7/log_exp7_run3.txt,7,3,39,926.2301794144145
logs/log_exp7/log_exp7_run3.txt,7,3,40,881.906106344195
logs/log_exp7/log_exp7_run3.txt,7,3,41,748.2704077770356
logs/log_exp7/log_exp7_run3.txt,7,3,42,1005.2656595837346
logs/log_exp7/log_exp7_run3.txt,7,3,43,1300.2866166058
logs/log_exp7/log_exp7_run3.txt,7,3,44,1009.8073550606289
logs/log_exp7/log_exp7_run3.txt,7,3,45,874.0288332557247
logs/log_exp7/log_exp7_run3.txt,7,3,46,1007.2068895831717
logs/log_exp7/log_exp7_run3.txt,7,3,47,671.9425541096625
logs/log_exp7/log_exp7_run3.txt,7,3,48,952.1061866574671
logs/log_exp7/log_exp7_run3.txt,7,3,49,1781.3109692185903
logs/log_exp7/log_exp7_run3.txt,7,3,50,860.4203195975275
logs/log_exp7/log_exp7_run3.txt,7,3,51,1194.6667356399926
logs/log_exp7/log_exp7_run3.txt,7,3,52,988.5552094798456
logs/log_exp7/log_exp7_run3.txt,7,3,53,656.2882260733783
logs/log_exp7/log_exp7_run3.txt,7,3,54,896.6021719967684
logs/log_exp7/log_exp7_run3.txt,7,3,55,921.182312522376
logs/log_exp7/log_exp7_run3.txt,7,3,56,956.3214859044376
logs/log_exp7/log_exp7_run3.txt,7,3,57,888.9079092713749
logs/log_exp7/log_exp7_run3.txt,7,3,58,981.7175543834574
logs/log_exp7/log_exp7_run3.txt,7,3,59,1030.3692645974052
logs/log_exp7/log_exp7_run3.txt,7,3,60,873.6322617734843
logs/log_exp7/log_exp7_run3.txt,7,3,61,743.3911482634951
logs/log_exp7/log_exp7_run3.txt,7,3,62,923.1185983316524
logs/log_exp7/log_exp7_run3.txt,7,3,63,1048.2174424831321
logs/log_exp7/log_exp7_run3.txt,7,3,64,766.6793395137283
logs/log_exp7/log_exp7_run3.txt,7,3,65,1228.529361266725
logs/log_exp7/log_exp7_run3.txt,7,3,66,748.3218975073503
logs/log_exp7/log_exp7_run3.txt,7,3,67,740.5169853758176
logs/log_exp7/log_exp7_run3.txt,7,3,68,1349.3523251524284
logs/log_exp7/log_exp7_run3.txt,7,3,69,1050.6408440295763
logs/log_exp7/log_exp7_run3.txt,7,3,70,1204.1037287352713
logs/log_exp7/log_exp7_run3.txt,7,3,71,684.1079739616705
logs/log_exp7/log_exp7_run3.txt,7,3,72,737.7359646689416
logs/log_exp7/log_exp7_run3.txt,7,3,73,1076.8977193185942
logs/log_exp7/log_exp7_run3.txt,7,3,74,730.6874476706756
logs/log_exp7/log_exp7_run3.txt,7,3,75,957.3243218117874
logs/log_exp7/log_exp7_run3.txt,7,3,76,1068.5666591908507
logs/log_exp7/log_exp7_run3.txt,7,3,77,685.5852076544838
logs/log_exp7/log_exp7_run3.txt,7,3,78,838.1998190462973
logs/log_exp7/log_exp7_run3.txt,7,3,79,1123.2396821576913
logs/log_exp7/log_exp7_run3.txt,7,3,80,1387.9125259452035
logs/log_exp7/log_exp7_run3.txt,7,3,81,1781.0884635859486
logs/log_exp7/log_exp7_run3.txt,7,3,82,732.832418774489
logs/log_exp7/log_exp7_run3.txt,7,3,83,1003.4235701946776
logs/log_exp7/log_exp7_run3.txt,7,3,84,585.8967747893341
logs/log_exp7/log_exp7_run3.txt,7,3,85,942.4247656485386
logs/log_exp7/log_exp7_run3.txt,7,3,86,979.9096637698524
logs/log_exp7/log_exp7_run3.txt,7,3,87,932.7694158519644
logs/log_exp7/log_exp7_run3.txt,7,3,88,1432.0541088099787
logs/log_exp7/log_exp7_run3.txt,7,3,89,1317.9274088194688
logs/log_exp7/log_exp7_run3.txt,7,3,90,620.8219249231045
logs/log_exp7/log_exp7_run3.txt,7,3,91,808.004674266104
logs/log_exp7/log_exp7_run3.txt,7,3,92,1128.1577699559568
logs/log_exp7/log_exp7_run3.txt,7,3,93,834.6011026478761
logs/log_exp7/log_exp7_run3.txt,7,3,94,846.5867666657474
logs/log_exp7/log_exp7_run3.txt,7,3,95,977.3844993032353
logs/log_exp7/log_exp7_run3.txt,7,3,96,585.7403897692058
logs/log_exp7/log_exp7_run3.txt,7,3,97,1706.702827987138
logs/log_exp7/log_exp7_run3.txt,7,3,98,1227.040296184449
logs/log_exp7/log_exp7_run3.txt,7,3,99,1155.621966495517
logs/log_exp7/log_exp7_run3.txt,7,3,100,709.9071692567356
logs/log_exp7/log_exp7_run4.txt,7,4,0,237.61659775873983
logs/log_exp7/log_exp7_run4.txt,7,4,1,336.78495402011237
logs/log_exp7/log_exp7_run4.txt,7,4,2,300.3489314638774
logs/log_exp7/log_exp7_run4.txt,7,4,3,1203.8470915753085
logs/log_exp7/log_exp7_run4.txt,7,4,4,742.7701257768169
logs/log_exp7/log_exp7_run4.txt,7,4,5,578.2102910553178
logs/log_exp7/log_exp7_run4.txt,7,4,6,909.4643766244124
logs/log_exp7/log_exp7_run4.txt,7,4,7,998.7350782372754
logs/log_exp7/log_exp7_run4.txt,7,4,8,1036.441995979038
logs/log_exp7/log_exp7_run4.txt,7,4,9,739.3305757676751
logs/log_exp7/log_exp7_run4.txt,7,4,10,1198.3104994409464
logs/log_exp7/log_exp7_run4.txt,7,4,11,609.964461839969
logs/log_exp7/log_exp7_run4.txt,7,4,12,1083.5371162819965
logs/log_exp7/log_exp7_run4.txt,7,4,13,648.8969661825793
logs/log_exp7/log_exp7_run4.txt,7,4,14,1115.8734467824731
logs/log_exp7/log_exp7_run4.txt,7,4,15,1046.0852214851384
logs/log_exp7/log_exp7_run4.txt,7,4,16,1194.8761540433406
logs/log_exp7/log_exp7_run4.txt,7,4,17,740.4878409730748
logs/log_exp7/log_exp7_run4.txt,7,4,18,812.3700117585876
logs/log_exp7/log_exp7_run4.txt,7,4,19,1211.2416702298458
logs/log_exp7/log_exp7_run4.txt,7,4,20,925.9309559075758
logs/log_exp7/log_exp7_run4.txt,7,4,21,964.3126016435065
logs/log_exp7/log_exp7_run4.txt,7,4,22,613.6803067122988
logs/log_exp7/log_exp7_run4.txt,7,4,23,916.7902292208324
logs/log_exp7/log_exp7_run4.txt,7,4,24,1232.3356507690125
logs/log_exp7/log_exp7_run4.txt,7,4,25,695.5256292082886
logs/log_exp7/log_exp7_run4.txt,7,4,26,792.2634748154973
logs/log_exp7/log_exp7_run4.txt,7,4,27,640.9079057790893
logs/log_exp7/log_exp7_run4.txt,7,4,28,1490.37338607771
logs/log_exp7/log_exp7_run4.txt,7,4,29,1072.6024708656787
logs/log_exp7/log_exp7_run4.txt,7,4,30,941.3726740716126
logs/log_exp7/log_exp7_run4.txt,7,4,31,1075.1080333651348
logs/log_exp7/log_exp7_run4.txt,7,4,32,670.392779318139
logs/log_exp7/log_exp7_run4.txt,7,4,33,1091.7990441529569
logs/log_exp7/log_exp7_run4.txt,7,4,34,1063.891295999322
logs/log_exp7/log_exp7_run4.txt,7,4,35,974.0542242688431
logs/log_exp7/log_exp7_run4.txt,7,4,36,1015.2417041564288
logs/log_exp7/log_exp7_run4.txt,7,4,37,1405.4363843887659
logs/log_exp7/log_exp7_run4.txt,7,4,38,560.7851454726508
logs/log_exp7/log_exp7_run4.txt,7,4,39,1046.370490660444
logs/log_exp7/log_exp7_run4.txt,7,4,40,1495.5832882819402
logs/log_exp7/log_exp7_run4.txt,7,4,41,785.1781754231895
logs/log_exp7/log_exp7_run4.txt,7,4,42,1085.5511312149483
logs/log_exp7/log_exp7_run4.txt,7,4,43,1083.32893374075
logs/log_exp7/log_exp7_run4.txt,7,4,44,878.4465756344323
logs/log_exp7/log_exp7_run4.txt,7,4,45,824.414159532944
logs/log_exp7/log_exp7_run4.txt,7,4,46,1256.5572875706239
logs/log_exp7/log_exp7_run4.txt,7,4,47,739.7161009509648
logs/log_exp7/log_exp7_run4.txt,7,4,48,725.8062999652614
logs/log_exp7/log_exp7_run4.txt,7,4,49,784.6414855429623
logs/log_exp7/log_exp7_run4.txt,7,4,50,721.3159431314743
logs/log_exp7/log_exp7_run4.txt,7,4,51,1147.5502359615555
logs/log_exp7/log_exp7_run4.txt,7,4,52,808.9471860859292
logs/log_exp7/log_exp7_run4.txt,7,4,53,997.3145574314349
logs/log_exp7/log_exp7_run4.txt,7,4,54,978.0522975972124
logs/log_exp7/log_exp7_run4.txt,7,4,55,1061.6446234665677
logs/log_exp7/log_exp7_run4.txt,7,4,56,903.4028465191695
logs/log_exp7/log_exp7_run4.txt,7,4,57,1025.011578511348
logs/log_exp7/log_exp7_run4.txt,7,4,58,605.7861051543388
logs/log_exp7/log_exp7_run4.txt,7,4,59,657.48203211176
logs/log_exp7/log_exp7_run4.txt,7,4,60,708.6759431773643
logs/log_exp7/log_exp7_run4.txt,7,4,61,766.7302003933409
logs/log_exp7/log_exp7_run4.txt,7,4,62,948.0868579875896
logs/log_exp7/log_exp7_run4.txt,7,4,63,852.2031043494223
logs/log_exp7/log_exp7_run4.txt,7,4,64,1379.8722515902525
logs/log_exp7/log_exp7_run4.txt,7,4,65,1019.5022588098388
logs/log_exp7/log_exp7_run4.txt,7,4,66,1169.4978123631984
logs/log_exp7/log_exp7_run4.txt,7,4,67,1125.3014255802018
logs/log_exp7/log_exp7_run4.txt,7,4,68,1212.1785172183904
logs/log_exp7/log_exp7_run4.txt,7,4,69,1090.6354476155218
logs/log_exp7/log_exp7_run4.txt,7,4,70,759.004883242915
logs/log_exp7/log_exp7_run4.txt,7,4,71,935.8080620718563
logs/log_exp7/log_exp7_run4.txt,7,4,72,993.9260216280684
logs/log_exp7/log_exp7_run4.txt,7,4,73,1478.2737514280532
logs/log_exp7/log_exp7_run4.txt,7,4,74,717.9198391212838
logs/log_exp7/log_exp7_run4.txt,7,4,75,983.0201215445126
logs/log_exp7/log_exp7_run4.txt,7,4,76,730.1515676688095
logs/log_exp7/log_exp7_run4.txt,7,4,77,891.2205295060814
logs/log_exp7/log_exp7_run4.txt,7,4,78,773.5888790900356
logs/log_exp7/log_exp7_run4.txt,7,4,79,1373.098702322028
logs/log_exp7/log_exp7_run4.txt,7,4,80,1147.7844711452265
logs/log_exp7/log_exp7_run4.txt,7,4,81,889.6630686677315
logs/log_exp7/log_exp7_run4.txt,7,4,82,716.0099978121654
logs/log_exp7/log_exp7_run4.txt,7,4,83,1284.7257583338708
logs/log_exp7/log_exp7_run4.txt,7,4,84,1229.9223503761054
logs/log_exp7/log_exp7_run4.txt,7,4,85,540.8910712441892
logs/log_exp7/log_exp7_run4.txt,7,4,86,753.613589464351
logs/log_exp7/log_exp7_run4.txt,7,4,87,896.9929133675408
logs/log_exp7/log_exp7_run4.txt,7,4,88,1086.1780524663523
logs/log_exp7/log_exp7_run4.txt,7,4,89,1053.7314776365997
logs/log_exp7/log_exp7_run4.txt,7,4,90,599.4616044122903
logs/log_exp7/log_exp7_run4.txt,7,4,91,780.9408345433369
logs/log_exp7/log_exp7_run4.txt,7,4,92,758.9348139341785
logs/log_exp7/log_exp7_run4.txt,7,4,93,791.8913887695219
logs/log_exp7/log_exp7_run4.txt,7,4,94,841.4926133004872
logs/log_exp7/log_exp7_run4.txt,7,4,95,1052.204161412796
logs/log_exp7/log_exp7_run4.txt,7,4,96,992.0120108211173
logs/log_exp7/log_exp7_run4.txt,7,4,97,1115.0447882932951
logs/log_exp7/log_exp7_run4.txt,7,4,98,724.541206699277
logs/log_exp7/log_exp7_run4.txt,7,4,99,1133.5863263423378
logs/log_exp7/log_exp7_run4.txt,7,4,100,931.0887349379236
logs/log_exp8/log_exp8_run0.txt,8,0,0,203.56962714827196
logs/log_exp8/log_exp8_run0.txt,8,0,1,89.20201585866603
logs/log_exp8/log_exp8_run0.txt,8,0,2,402.4816417193944
logs/log_exp8/log_exp8_run0.txt,8,0,3,578.5959333646025
logs/log_exp8/log_exp8_run0.txt,8,0,4,886.2054441803486
logs/log_exp8/log_exp8_run0.txt,8,0,5,691.4691724144332
logs/log_exp8/log_exp8_run0.txt,8,0,6,865.8988355646255
logs/log_exp8/log_exp8_run0.txt,8,0,7,1251.3857735719653
logs/log_exp8/log_exp8_run0.txt,8,0,8,692.5956197566456
logs/log_exp8/log_exp8_run0.txt,8,0,9,1216.4460466232042
logs/log_exp8/log_exp8_run0.txt,8,0,10,816.0481192229539
logs/log_exp8/log_exp8_run0.txt,8,0,11,626.5544533960965
logs/log_exp8/log_exp8_run0.txt,8,0,12,668.4587309986827
logs/log_exp8/log_exp8_run0.txt,8,0,13,764.9959955579791
logs/log_exp8/log_exp8_run0.txt,8,0,14,729.001896892185
logs/log_exp8/log_exp8_run0.txt,8,0,15,645.619813792773
logs/log_exp8/log_exp8_run0.txt,8,0,16,602.8791139009115
logs/log_exp8/log_exp8_run0.txt,8,0,17,927.8897766592827
logs/log_exp8/log_exp8_run0.txt,8,0,18,661.7818505441944
logs/log_exp8/log_exp8_run0.txt,8,0,19,1413.1753654152326
logs/log_exp8/log_exp8_run0.txt,8,0,20,1147.2616176501683
logs/log_exp8/log_exp8_run0.txt,8,0,21,1034.557873546777
logs/log_exp8/log_exp8_run0.txt,8,0,22,740.061843628073
logs/log_exp8/log_exp8_run0.txt,8,0,23,692.9862369588733
logs/log_exp8/log_exp8_run0.txt,8,0,24,1193.2838086401832
logs/log_exp8/log_exp8_run0.txt,8,0,25,681.5483956816557
logs/log_exp8/log_exp8_run0.txt,8,0,26,1061.6705911228235
logs/log_exp8/log_exp8_run0.txt,8,0,27,959.5925267735444
logs/log_exp8/log_exp8_run0.txt,8,0,28,836.1030694900971
logs/log_exp8/log_exp8_run0.txt,8,0,29,552.8076903200465
logs/log_exp8/log_exp8_run0.txt,8,0,30,792.4948228242341
logs/log_exp8/log_exp8_run0.txt,8,0,31,728.9099935575282
logs/log_exp8/log_exp8_run0.txt,8,0,32,737.1403020745211
logs/log_exp8/log_exp8_run0.txt,8,0,33,1038.5219717579216
logs/log_exp8/log_exp8_run0.txt,8,0,34,624.3732275432022
logs/log_exp8/log_exp8_run0.txt,8,0,35,1034.3059237267462
logs/log_exp8/log_exp8_run0.txt,8,0,36,676.2131797471087
logs/log_exp8/log_exp8_run0.txt,8,0,37,863.9144223188854
logs/log_exp8/log_exp8_run0.txt,8,0,38,1160.5512792285292
logs/log_exp8/log_exp8_run0.txt,8,0,39,852.8326493932003
logs/log_exp8/log_exp8_run0.txt,8,0,40,829.4209480808817
logs/log_exp8/log_exp8_run0.txt,8,0,41,1094.4008396448069
logs/log_exp8/log_exp8_run0.txt,8,0,42,1092.7485649865635
logs/log_exp8/log_exp8_run0.txt,8,0,43,839.4838061550021
logs/log_exp8/log_exp8_run0.txt,8,0,44,1075.3419778179025
logs/log_exp8/log_exp8_run0.txt,8,0,45,441.497599060473
logs/log_exp8/log_exp8_run0.txt,8,0,46,937.3139015265879
logs/log_exp8/log_exp8_run0.txt,8,0,47,1085.7705811699486
logs/log_exp8/log_exp8_run0.txt,8,0,48,1026.3279804328224
logs/log_exp8/log_exp8_run0.txt,8,0,49,633.752345063752
logs/log_exp8/log_exp8_run0.txt,8,0,50,975.865601730183
logs/log_exp8/log_exp8_run0.txt,8,0,51,852.0556385977432
logs/log_exp8/log_exp8_run0.txt,8,0,52,1353.4249352278007
logs/log_exp8/log_exp8_run0.txt,8,0,53,496.2759509833771
logs/log_exp8/log_exp8_run0.txt,8,0,54,1092.4319685768812
logs/log_exp8/log_exp8_run0.txt,8,0,55,826.8666570682814
logs/log_exp8/log_exp8_run0.txt,8,0,56,1064.5993852943227
logs/log_exp8/log_exp8_run0.txt,8,0,57,773.8295581744289
logs/log_exp8/log_exp8_run0.txt,8,0,58,1022.4724687987652
logs/log_exp8/log_exp8_run0.txt,8,0,59,934.5904520569151
logs/log_exp8/log_exp8_run0.txt,8,0,60,848.0205777954277
logs/log_exp8/log_exp8_run0.txt,8,0,61,409.97028147552885
logs/log_exp8/log_exp8_run0.txt,8,0,62,1460.0396596380174
logs/log_exp8/log_exp8_run0.txt,8,0,63,747.9274218666785
logs/log_exp8/log_exp8_run0.txt,8,0,64,700.2200740213509
logs/log_exp8/log_exp8_run0.txt,8,0,65,1233.870003373182
logs/log_exp8/log_exp8_run0.txt,8,0,66,772.5106810531101
logs/log_exp8/log_exp8_run0.txt,8,0,67,900.1699306395478
logs/log_exp8/log_exp8_run0.txt,8,0,68,712.0726689680748
logs/log_exp8/log_exp8_run0.txt,8,0,69,760.4888359448203
logs/log_exp8/log_exp8_run0.txt,8,0,70,948.0017848514906
logs/log_exp8/log_exp8_run0.txt,8,0,71,903.1994843599099
logs/log_exp8/log_exp8_run0.txt,8,0,72,424.0720719360621
logs/log_exp8/log_exp8_run0.txt,8,0,73,677.3935342515198
logs/log_exp8/log_exp8_run0.txt,8,0,74,1347.9338417256065
logs/log_exp8/log_exp8_run0.txt,8,0,75,1026.9331496041568
logs/log_exp8/log_exp8_run0.txt,8,0,76,1067.9189772536447
logs/log_exp8/log_exp8_run0.txt,8,0,77,741.9313604028646
logs/log_exp8/log_exp8_run0.txt,8,0,78,1522.5897056609729
logs/log_exp8/log_exp8_run0.txt,8,0,79,1116.5515407916241
logs/log_exp8/log_exp8_run0.txt,8,0,80,695.883593302382
logs/log_exp8/log_exp8_run0.txt,8,0,81,1355.7324767023042
logs/log_exp8/log_exp8_run0.txt,8,0,82,927.4875074004333
logs/log_exp8/log_exp8_run0.txt,8,0,83,872.596669631261
logs/log_exp8/log_exp8_run0.txt,8,0,84,1061.4473598702648
logs/log_exp8/log_exp8_run0.txt,8,0,85,886.6265529622863
logs/log_exp8/log_exp8_run0.txt,8,0,86,1058.687369496722
logs/log_exp8/log_exp8_run0.txt,8,0,87,1153.8226871069235
logs/log_exp8/log_exp8_run0.txt,8,0,88,952.357745945908
logs/log_exp8/log_exp8_run0.txt,8,0,89,996.0114412143245
logs/log_exp8/log_exp8_run0.txt,8,0,90,680.7794453255632
logs/log_exp8/log_exp8_run0.txt,8,0,91,1061.5471170173428
logs/log_exp8/log_exp8_run0.txt,8,0,92,964.1348817766445
logs/log_exp8/log_exp8_run0.txt,8,0,93,1053.175942343462
logs/log_exp8/log_exp8_run0.txt,8,0,94,944.0935154366285
logs/log_exp8/log_exp8_run0.txt,8,0,95,1059.0962304851405
logs/log_exp8/log_exp8_run0.txt,8,0,96,1186.789684245077
logs/log_exp8/log_exp8_run0.txt,8,0,97,770.7975410801633
logs/log_exp8/log_exp8_run0.txt,8,0,98,1231.2719051383106
logs/log_exp8/log_exp8_run0.txt,8,0,99,836.9680335247627
logs/log_exp8/log_exp8_run0.txt,8,0,100,1261.448112295499
logs/log_exp8/log_exp8_run1.txt,8,1,0,229.79610285581916
logs/log_exp8/log_exp8_run1.txt,8,1,1,260.74636742464554
logs/log_exp8/log_exp8_run1.txt,8,1,2,408.9816874095251
logs/log_exp8/log_exp8_run1.txt,8,1,3,716.9401440731456
logs/log_exp8/log_exp8_run1.txt,8,1,4,450.91350646040365
logs/log_exp8/log_exp8_run1.txt,8,1,5,949.3282507154715
logs/log_exp8/log_exp8_run1.txt,8,1,6,1376.6502280542159
logs/log_exp8/log_exp8_run1.txt,8,1,7,864.0305225245402
logs/log_exp8/log_exp8_run1.txt,8,1,8,923.2917761864694
logs/log_exp8/log_exp8_run1.txt,8,1,9,805.6410988794202
logs/log_exp8/log_exp8_run1.txt,8,1,10,1359.0791470482372
logs/log_exp8/log_exp8_run1.txt,8,1,11,758.7916150239737
logs/log_exp8/log_exp8_run1.txt,8,1,12,1314.3064367662005
logs/log_exp8/log_exp8_run1.txt,8,1,13,908.0110279805225
logs/log_exp8/log_exp8_run1.txt,8,1,14,886.4711981152661
logs/log_exp8/log_exp8_run1.txt,8,1,15,864.1982675280942
logs/log_exp8/log_exp8_run1.txt,8,1,16,601.7438529389185
logs/log_exp8/log_exp8_run1.txt,8,1,17,857.689525243024
logs/log_exp8/log_exp8_run1.txt,8,1,18,964.941612743248
logs/log_exp8/log_exp8_run1.txt,8,1,19,949.9218229228369
logs/log_exp8/log_exp8_run1.txt,8,1,20,916.02433658415
logs/log_exp8/log_exp8_run1.txt,8,1,21,1090.1789743507372
logs/log_exp8/log_exp8_run1.txt,8,1,22,982.2888359964243
logs/log_exp8/log_exp8_run1.txt,8,1,23,1444.8586062295285
logs/log_exp8/log_exp8_run1.txt,8,1,24,999.2864295741701
logs/log_exp8/log_exp8_run1.txt,8,1,25,1303.985306235393
logs/log_exp8/log_exp8_run1.txt,8,1,26,732.4584581568345
logs/log_exp8/log_exp8_run1.txt,8,1,27,1452.73387220404
logs/log_exp8/log_exp8_run1.txt,8,1,28,1036.579040412876
logs/log_exp8/log_exp8_run1.txt,8,1,29,1029.4923609990333
logs/log_exp8/log_exp8_run1.txt,8,1,30,841.5785266053787
logs/log_exp8/log_exp8_run1.txt,8,1,31,1234.7899337962212
logs/log_exp8/log_exp8_run1.txt,8,1,32,572.6201122261145
logs/log_exp8/log_exp8_run1.txt,8,1,33,1031.1351645027084
logs/log_exp8/log_exp8_run1.txt,8,1,34,942.8727061288744
logs/log_exp8/log_exp8_run1.txt,8,1,35,648.7608606741818
logs/log_exp8/log_exp8_run1.txt,8,1,36,1309.6753678077473
logs/log_exp8/log_exp8_run1.txt,8,1,37,780.25967547939
logs/log_exp8/log_exp8_run1.txt,8,1,38,1251.5332792725962
logs/log_exp8/log_exp8_run1.txt,8,1,39,1210.7869572154777
logs/log_exp8/log_exp8_run1.txt,8,1,40,1371.5111487504787
logs/log_exp8/log_exp8_run1.txt,8,1,41,798.7367877161363
logs/log_exp8/log_exp8_run1.txt,8,1,42,1106.3852233472114
logs/log_exp8/log_exp8_run1.txt,8,1,43,760.1883158979407
logs/log_exp8/log_exp8_run1.txt,8,1,44,1021.5117940825836
logs/log_exp8/log_exp8_run1.txt,8,1,45,1220.9198348808582
logs/log_exp8/log_exp8_run1.txt,8,1,46,1069.5319728011868
logs/log_exp8/log_exp8_run1.txt,8,1,47,825.7500991968172
logs/log_exp8/log_exp8_run1.txt,8,1,48,945.7351770610751
logs/log_exp8/log_exp8_run1.txt,8,1,49,1340.315761061213
logs/log_exp8/log_exp8_run1.txt,8,1,50,953.3389705143688
logs/log_exp8/log_exp8_run1.txt,8,1,51,744.9949057396276
logs/log_exp8/log_exp8_run1.txt,8,1,52,837.3892738559282
logs/log_exp8/log_exp8_run1.txt,8,1,53,580.0270235981732
logs/log_exp8/log_exp8_run1.txt,8,1,54,682.3135611596431
logs/log_exp8/log_exp8_run1.txt,8,1,55,721.5525748686442
logs/log_exp8/log_exp8_run1.txt,8,1,56,599.4393453589881
logs/log_exp8/log_exp8_run1.txt,8,1,57,1294.391017851359
logs/log_exp8/log_exp8_run1.txt,8,1,58,1015.6984012510991
logs/log_exp8/log_exp8_run1.txt,8,1,59,914.1662147520808
logs/log_exp8/log_exp8_run1.txt,8,1,60,1107.241419179621
logs/log_exp8/log_exp8_run1.txt,8,1,61,420.4456717569631
logs/log_exp8/log_exp8_run1.txt,8,1,62,1052.459538081219
logs/log_exp8/log_exp8_run1.txt,8,1,63,779.2494710963381
logs/log_exp8/log_exp8_run1.txt,8,1,64,913.9251510425881
logs/log_exp8/log_exp8_run1.txt,8,1,65,1183.9263351858565
logs/log_exp8/log_exp8_run1.txt,8,1,66,907.1464630908229
logs/log_exp8/log_exp8_run1.txt,8,1,67,1309.5235769375704
logs/log_exp8/log_exp8_run1.txt,8,1,68,990.088836038272
logs/log_exp8/log_exp8_run1.txt,8,1,69,754.0452460567823
logs/log_exp8/log_exp8_run1.txt,8,1,70,1359.3075921316909
logs/log_exp8/log_exp8_run1.txt,8,1,71,1269.5340917165706
logs/log_exp8/log_exp8_run1.txt,8,1,72,886.962898827157
logs/log_exp8/log_exp8_run1.txt,8,1,73,768.8437830346611
logs/log_exp8/log_exp8_run1.txt,8,1,74,792.3540315460443
logs/log_exp8/log_exp8_run1.txt,8,1,75,1021.9765683988726
logs/log_exp8/log_exp8_run1.txt,8,1,76,739.4127975789273
logs/log_exp8/log_exp8_run1.txt,8,1,77,581.6635931451566
logs/log_exp8/log_exp8_run1.txt,8,1,78,864.181980262338
logs/log_exp8/log_exp8_run1.txt,8,1,79,971.3258772907924
logs/log_exp8/log_exp8_run1.txt,8,1,80,761.5629944896588
logs/log_exp8/log_exp8_run1.txt,8,1,81,759.3330185794944
logs/log_exp8/log_exp8_run1.txt,8,1,82,1322.4009053724974
logs/log_exp8/log_exp8_run1.txt,8,1,83,643.8556357879936
logs/log_exp8/log_exp8_run1.txt,8,1,84,628.2134758824137
logs/log_exp8/log_exp8_run1.txt,8,1,85,1146.7685796158826
logs/log_exp8/log_exp8_run1.txt,8,1,86,904.2487830170066
logs/log_exp8/log_exp8_run1.txt,8,1,87,1115.0871768079612
logs/log_exp8/log_exp8_run1.txt,8,1,88,469.3392234762062
logs/log_exp8/log_exp8_run1.txt,8,1,89,682.6325966991197
logs/log_exp8/log_exp8_run1.txt,8,1,90,885.3812112308882
logs/log_exp8/log_exp8_run1.txt,8,1,91,1127.0948423726306
logs/log_exp8/log_exp8_run1.txt,8,1,92,1047.0219660962298
logs/log_exp8/log_exp8_run1.txt,8,1,93,904.5130878465336
logs/log_exp8/log_exp8_run1.txt,8,1,94,733.4993593745581
logs/log_exp8/log_exp8_run1.txt,8,1,95,718.2435537706284
logs/log_exp8/log_exp8_run1.txt,8,1,96,990.6076279463621
logs/log_exp8/log_exp8_run1.txt,8,1,97,761.8948610024288
logs/log_exp8/log_exp8_run1.txt,8,1,98,1063.1581685008787
logs/log_exp8/log_exp8_run1.txt,8,1,99,1446.6763810167395
logs/log_exp8/log_exp8_run1.txt,8,1,100,635.7889335237189
logs/log_exp8/log_exp8_run2.txt,8,2,0,-162.06842992143416
logs/log_exp8/log_exp8_run2.txt,8,2,1,303.10171723880404
logs/log_exp8/log_exp8_run2.txt,8,2,2,800.2096424718604
logs/log_exp8/log_exp8_run2.txt,8,2,3,1975.3918192412427
logs/log_exp8/log_exp8_run2.txt,8,2,4,712.3653801065227
logs/log_exp8/log_exp8_run2.txt,8,2,5,877.9407616593753
logs/log_exp8/log_exp8_run2.txt,8,2,6,596.4238165273163
logs/log_exp8/log_exp8_run2.txt,8,2,7,750.8449717392797
logs/log_exp8/log_exp8_run2.txt,8,2,8,817.9349394566786
logs/log_exp8/log_exp8_run2.txt,8,2,9,1118.8638204863094
logs/log_exp8/log_exp8_run2.txt,8,2,10,1100.0426882248466
logs/log_exp8/log_exp8_run2.txt,8,2,11,654.2890397704751
logs/log_exp8/log_exp8_run2.txt,8,2,12,1154.9563108770103
logs/log_exp8/log_exp8_run2.txt,8,2,13,958.8399388559777
logs/log_exp8/log_exp8_run2.txt,8,2,14,701.4845714376537
logs/log_exp8/log_exp8_run2.txt,8,2,15,738.3496796906546
logs/log_exp8/log_exp8_run2.txt,8,2,16,929.382381928903
logs/log_exp8/log_exp8_run2.txt,8,2,17,1112.7297574050103
logs/log_exp8/log_exp8_run2.txt,8,2,18,912.2174729800314
logs/log_exp8/log_exp8_run2.txt,8,2,19,620.419746178055
logs/log_exp8/log_exp8_run2.txt,8,2,20,1450.8416729520134
logs/log_exp8/log_exp8_run2.txt,8,2,21,877.7701411412669
logs/log_exp8/log_exp8_run2.txt,8,2,22,1014.827415020168
logs/log_exp8/log_exp8_run2.txt,8,2,23,1744.9617194259165
logs/log_exp8/log_exp8_run2.txt,8,2,24,1209.6697611963405
logs/log_exp8/log_exp8_run2.txt,8,2,25,1039.6947597260387
logs/log_exp8/log_exp8_run2.txt,8,2,26,949.4538903151457
logs/log_exp8/log_exp8_run2.txt,8,2,27,915.4514257435385
logs/log_exp8/log_exp8_run2.txt,8,2,28,1567.549448804643
logs/log_exp8/log_exp8_run2.txt,8,2,29,899.084341702916
logs/log_exp8/log_exp8_run2.txt,8,2,30,1062.5180797732219
logs/log_exp8/log_exp8_run2.txt,8,2,31,488.0292387209594
logs/log_exp8/log_exp8_run2.txt,8,2,32,1038.9385505515313
logs/log_exp8/log_exp8_run2.txt,8,2,33,769.0984374571924
logs/log_exp8/log_exp8_run2.txt,8,2,34,691.9996480485067
logs/log_exp8/log_exp8_run2.txt,8,2,35,1148.1802878164171
logs/log_exp8/log_exp8_run2.txt,8,2,36,1081.6828714961043
logs/log_exp8/log_exp8_run2.txt,8,2,37,1022.7734695680547
logs/log_exp8/log_exp8_run2.txt,8,2,38,963.7174912571945
logs/log_exp8/log_exp8_run2.txt,8,2,39,1192.8219092150107
logs/log_exp8/log_exp8_run2.txt,8,2,40,538.5892586916932
logs/log_exp8/log_exp8_run2.txt,8,2,41,1011.8699741785706
logs/log_exp8/log_exp8_run2.txt,8,2,42,1061.9271985392584
logs/log_exp8/log_exp8_run2.txt,8,2,43,756.4818488976338
logs/log_exp8/log_exp8_run2.txt,8,2,44,995.033216369868
logs/log_exp8/log_exp8_run2.txt,8,2,45,1000.5398311164608
logs/log_exp8/log_exp8_run2.txt,8,2,46,723.133918139775
logs/log_exp8/log_exp8_run2.txt,8,2,47,831.6723440186281
logs/log_exp8/log_exp8_run2.txt,8,2,48,719.2050052353318
logs/log_exp8/log_exp8_run2.txt,8,2,49,680.8559239842255
logs/log_exp8/log_exp8_run2.txt,8,2,50,1000.8528225142238
logs/log_exp8/log_exp8_run2.txt,8,2,51,1345.7661851659007
logs/log_exp8/log_exp8_run2.txt,8,2,52,736.7848514254589
logs/log_exp8/log_exp8_run2.txt,8,2,53,1060.483481648141
logs/log_exp8/log_exp8_run2.txt,8,2,54,1404.636225963115
logs/log_exp8/log_exp8_run2.txt,8,2,55,1087.276515908972
logs/log_exp8/log_exp8_run2.txt,8,2,56,1047.969464902523
logs/log_exp8/log_exp8_run2.txt,8,2,57,718.3304520980867
logs/log_exp8/log_exp8_run2.txt,8,2,58,724.0956262716024
logs/log_exp8/log_exp8_run2.txt,8,2,59,1136.1625318229576
logs/log_exp8/log_exp8_run2.txt,8,2,60,1092.0895701259237
logs/log_exp8/log_exp8_run2.txt,8,2,61,1082.3836237194569
logs/log_exp8/log_exp8_run2.txt,8,2,62,619.6817056726026
logs/log_exp8/log_exp8_run2.txt,8,2,63,863.4872833907284
logs/log_exp8/log_exp8_run2.txt,8,2,64,829.4254367839412
logs/log_exp8/log_exp8_run2.txt,8,2,65,762.6577788373676
logs/log_exp8/log_exp8_run2.txt,8,2,66,729.5188578180505
logs/log_exp8/log_exp8_run2.txt,8,2,67,746.3329984432687
logs/log_exp8/log_exp8_run2.txt,8,2,68,821.8537203498988
logs/log_exp8/log_exp8_run2.txt,8,2,69,574.6219751459378
logs/log_exp8/log_exp8_run2.txt,8,2,70,929.7688722882209
logs/log_exp8/log_exp8_run2.txt,8,2,71,686.1991360352495
logs/log_exp8/log_exp8_run2.txt,8,2,72,801.283690298523
logs/log_exp8/log_exp8_run2.txt,8,2,73,1159.6424134535214
logs/log_exp8/log_exp8_run2.txt,8,2,74,1298.3947111101033
logs/log_exp8/log_exp8_run2.txt,8,2,75,1417.5337410222328
logs/log_exp8/log_exp8_run2.txt,8,2,76,828.554170487213
logs/log_exp8/log_exp8_run2.txt,8,2,77,874.9983975540324
logs/log_exp8/log_exp8_run2.txt,8,2,78,1502.8979737079821
logs/log_exp8/log_exp8_run2.txt,8,2,79,1144.8631025579682
logs/log_exp8/log_exp8_run2.txt,8,2,80,827.2789375623727
logs/log_exp8/log_exp8_run2.txt,8,2,81,724.9469682718709
logs/log_exp8/log_exp8_run2.txt,8,2,82,1023.100788978234
logs/log_exp8/log_exp8_run2.txt,8,2,83,890.5473306954364
logs/log_exp8/log_exp8_run2.txt,8,2,84,1316.9220323193078
logs/log_exp8/log_exp8_run2.txt,8,2,85,897.3792177974121
logs/log_exp8/log_exp8_run2.txt,8,2,86,1004.53666603223
logs/log_exp8/log_exp8_run2.txt,8,2,87,1019.3559889846205
logs/log_exp8/log_exp8_run2.txt,8,2,88,1588.2460044525571
logs/log_exp8/log_exp8_run2.txt,8,2,89,623.000160898829
logs/log_exp8/log_exp8_run2.txt,8,2,90,1022.7331864981843
logs/log_exp8/log_exp8_run2.txt,8,2,91,915.5703968567417
logs/log_exp8/log_exp8_run2.txt,8,2,92,958.6304795834619
logs/log_exp8/log_exp8_run2.txt,8,2,93,893.7173320211056
logs/log_exp8/log_exp8_run2.txt,8,2,94,981.8772325498139
logs/log_exp8/log_exp8_run2.txt,8,2,95,1124.7436147361739
logs/log_exp8/log_exp8_run2.txt,8,2,96,1378.931017143373
logs/log_exp8/log_exp8_run2.txt,8,2,97,823.9310509441506
logs/log_exp8/log_exp8_run2.txt,8,2,98,940.9899358145516
logs/log_exp8/log_exp8_run2.txt,8,2,99,660.282872158444
logs/log_exp8/log_exp8_run2.txt,8,2,100,759.5005420759123
logs/log_exp8/log_exp8_run3.txt,8,3,0,575.0347814104705
logs/log_exp8/log_exp8_run3.txt,8,3,1,1027.0162081436163
logs/log_exp8/log_exp8_run3.txt,8,3,2,1239.2679076265824
logs/log_exp8/log_exp8_run3.txt,8,3,3,669.8590995685175
logs/log_exp8/log_exp8_run3.txt,8,3,4,836.8729179877213
logs/log_exp8/log_exp8_run3.txt,8,3,5,849.8808012198776
logs/log_exp8/log_exp8_run3.txt,8,3,6,1017.708647641027
logs/log_exp8/log_exp8_run3.txt,8,3,7,644.940305377856
logs/log_exp8/log_exp8_run3.txt,8,3,8,1064.918536407199
logs/log_exp8/log_exp8_run3.txt,8,3,9,1173.1244898006819
logs/log_exp8/log_exp8_run3.txt,8,3,10,887.094252561441
logs/log_exp8/log_exp8_run3.txt,8,3,11,637.8367232233165
logs/log_exp8/log_exp8_run3.txt,8,3,12,670.697877705139
logs/log_exp8/log_exp8_run3.txt,8,3,13,650.8804812488618
logs/log_exp8/log_exp8_run3.txt,8,3,14,760.0495661327167
logs/log_exp8/log_exp8_run3.txt,8,3,15,583.5766298122572
logs/log_exp8/log_exp8_run3.txt,8,3,16,897.1103081061635
logs/log_exp8/log_exp8_run3.txt,8,3,17,743.6664841932122
logs/log_exp8/log_exp8_run3.txt,8,3,18,1016.2197581554395
logs/log_exp8/log_exp8_run3.txt,8,3,19,881.8406530405357
logs/log_exp8/log_exp8_run3.txt,8,3,20,844.1098854169024
logs/log_exp8/log_exp8_run3.txt,8,3,21,1310.000701581067
logs/log_exp8/log_exp8_run3.txt,8,3,22,801.719130516343
logs/log_exp8/log_exp8_run3.txt,8,3,23,960.9062521281487
logs/log_exp8/log_exp8_run3.txt,8,3,24,1073.143956137111
logs/log_exp8/log_exp8_run3.txt,8,3,25,1391.2733154056536
logs/log_exp8/log_exp8_run3.txt,8,3,26,1064.6408680438824
logs/log_exp8/log_exp8_run3.txt,8,3,27,866.0748006146123
logs/log_exp8/log_exp8_run3.txt,8,3,28,1302.2759847652546
logs/log_exp8/log_exp8_run3.txt,8,3,29,744.8498281318886
logs/log_exp8/log_exp8_run3.txt,8,3,30,854.5046884452504
logs/log_exp8/log_exp8_run3.txt,8,3,31,669.184064842915
logs/log_exp8/log_exp8_run3.txt,8,3,32,1112.3568580910578
logs/log_exp8/log_exp8_run3.txt,8,3,33,671.3827056528029
logs/log_exp8/log_exp8_run3.txt,8,3,34,725.407203732501
logs/log_exp8/log_exp8_run3.txt,8,3,35,900.042472625211
logs/log_exp8/log_exp8_run3.txt,8,3,36,786.378119155027
logs/log_exp8/log_exp8_run3.txt,8,3,37,822.2025929280513
logs/log_exp8/log_exp8_run3.txt,8,3,38,859.6337762291951
logs/log_exp8/log_exp8_run3.txt,8,3,39,702.7428600121145
logs/log_exp8/log_exp8_run3.txt,8,3,40,967.1024302650973
logs/log_exp8/log_exp8_run3.txt,8,3,41,911.5883509666486
logs/log_exp8/log_exp8_run3.txt,8,3,42,1071.6532255795369
logs/log_exp8/log_exp8_run3.txt,8,3,43,631.3822825379218
logs/log_exp8/log_exp8_run3.txt,8,3,44,871.7647109207707
logs/log_exp8/log_exp8_run3.txt,8,3,45,978.4511905543138
logs/log_exp8/log_exp8_run3.txt,8,3,46,775.3766009501676
logs/log_exp8/log_exp8_run3.txt,8,3,47,552.9650521989004
logs/log_exp8/log_exp8_run3.txt,8,3,48,670.7096797635788
logs/log_exp8/log_exp8_run3.txt,8,3,49,834.9212274637539
logs/log_exp8/log_exp8_run3.txt,8,3,50,709.8007032105681
logs/log_exp8/log_exp8_run3.txt,8,3,51,909.4798169059244
logs/log_exp8/log_exp8_run3.txt,8,3,52,677.567783941983
logs/log_exp8/log_exp8_run3.txt,8,3,53,1312.327578492464
logs/log_exp8/log_exp8_run3.txt,8,3,54,966.8655650570887
logs/log_exp8/log_exp8_run3.txt,8,3,55,1030.3505809637816
logs/log_exp8/log_exp8_run3.txt,8,3,56,1293.1542077771592
logs/log_exp8/log_exp8_run3.txt,8,3,57,998.6972633813642
logs/log_exp8/log_exp8_run3.txt,8,3,58,673.7637731516716
logs/log_exp8/log_exp8_run3.txt,8,3,59,885.4286509613373
logs/log_exp8/log_exp8_run3.txt,8,3,60,1084.2166764484475
logs/log_exp8/log_exp8_run3.txt,8,3,61,497.8083167057597
logs/log_exp8/log_exp8_run3.txt,8,3,62,725.5136895899872
logs/log_exp8/log_exp8_run3.txt,8,3,63,1012.3645534873771
logs/log_exp8/log_exp8_run3.txt,8,3,64,982.3417522751037
logs/log_exp8/log_exp8_run3.txt,8,3,65,824.7959367727362
logs/log_exp8/log_exp8_run3.txt,8,3,66,738.7636731889179
logs/log_exp8/log_exp8_run3.txt,8,3,67,773.3299699243354
logs/log_exp8/log_exp8_run3.txt,8,3,68,980.2349524523595
logs/log_exp8/log_exp8_run3.txt,8,3,69,1124.2064826366618
logs/log_exp8/log_exp8_run3.txt,8,3,70,858.8226594690993
logs/log_exp8/log_exp8_run3.txt,8,3,71,706.5021109914493
logs/log_exp8/log_exp8_run3.txt,8,3,72,1125.3089928187062
logs/log_exp8/log_exp8_run3.txt,8,3,73,928.1603295158744
logs/log_exp8/log_exp8_run3.txt,8,3,74,1360.5204423468683
logs/log_exp8/log_exp8_run3.txt,8,3,75,1292.6382960983117
logs/log_exp8/log_exp8_run3.txt,8,3,76,1156.1611762816422
logs/log_exp8/log_exp8_run3.txt,8,3,77,653.1883709745301
logs/log_exp8/log_exp8_run3.txt,8,3,78,1416.2909542008488
logs/log_exp8/log_exp8_run3.txt,8,3,79,823.3522090370218
logs/log_exp8/log_exp8_run3.txt,8,3,80,1072.2405151772184
logs/log_exp8/log_exp8_run3.txt,8,3,81,723.2428407876703
logs/log_exp8/log_exp8_run3.txt,8,3,82,811.3288269305892
logs/log_exp8/log_exp8_run3.txt,8,3,83,616.036958211236
logs/log_exp8/log_exp8_run3.txt,8,3,84,1023.6487534799737
logs/log_exp8/log_exp8_run3.txt,8,3,85,617.5899783665134
logs/log_exp8/log_exp8_run3.txt,8,3,86,940.4942643130846
logs/log_exp8/log_exp8_run3.txt,8,3,87,697.3533044130921
logs/log_exp8/log_exp8_run3.txt,8,3,88,1354.480496038866
logs/log_exp8/log_exp8_run3.txt,8,3,89,1070.6543330506229
logs/log_exp8/log_exp8_run3.txt,8,3,90,1144.3139838653585
logs/log_exp8/log_exp8_run3.txt,8,3,91,673.1382404433604
logs/log_exp8/log_exp8_run3.txt,8,3,92,1447.4228168112809
logs/log_exp8/log_exp8_run3.txt,8,3,93,775.20246570886
logs/log_exp8/log_exp8_run3.txt,8,3,94,490.5096847145945
logs/log_exp8/log_exp8_run3.txt,8,3,95,952.5713583414306
logs/log_exp8/log_exp8_run3.txt,8,3,96,1048.784145671433
logs/log_exp8/log_exp8_run3.txt,8,3,97,1014.6128049709077
logs/log_exp8/log_exp8_run3.txt,8,3,98,638.9987812794609
logs/log_exp8/log_exp8_run3.txt,8,3,99,669.2703594857509
logs/log_exp8/log_exp8_run3.txt,8,3,100,856.4910091469962
logs/log_exp8/log_exp8_run4.txt,8,4,0,841.0068695674385
logs/log_exp8/log_exp8_run4.txt,8,4,1,24.552721765012485
logs/log_exp8/log_exp8_run4.txt,8,4,2,715.2193451622276
logs/log_exp8/log_exp8_run4.txt,8,4,3,370.13082972305904
logs/log_exp8/log_exp8_run4.txt,8,4,4,584.4132833401534
logs/log_exp8/log_exp8_run4.txt,8,4,5,753.3556329757453
logs/log_exp8/log_exp8_run4.txt,8,4,6,950.9866837448224
logs/log_exp8/log_exp8_run4.txt,8,4,7,1016.3719873059283
logs/log_exp8/log_exp8_run4.txt,8,4,8,1404.9890572504423
logs/log_exp8/log_exp8_run4.txt,8,4,9,1106.5271842314828
logs/log_exp8/log_exp8_run4.txt,8,4,10,640.6808629622743
logs/log_exp8/log_exp8_run4.txt,8,4,11,933.3367802631358
logs/log_exp8/log_exp8_run4.txt,8,4,12,882.9787676863432
logs/log_exp8/log_exp8_run4.txt,8,4,13,1045.1035451036446
logs/log_exp8/log_exp8_run4.txt,8,4,14,1069.9083194452603
logs/log_exp8/log_exp8_run4.txt,8,4,15,997.115885287087
logs/log_exp8/log_exp8_run4.txt,8,4,16,964.3019334762743
logs/log_exp8/log_exp8_run4.txt,8,4,17,869.7720650077936
logs/log_exp8/log_exp8_run4.txt,8,4,18,625.2546906866783
logs/log_exp8/log_exp8_run4.txt,8,4,19,1065.3746244373963
logs/log_exp8/log_exp8_run4.txt,8,4,20,980.0142002021528
logs/log_exp8/log_exp8_run4.txt,8,4,21,907.0305626284957
logs/log_exp8/log_exp8_run4.txt,8,4,22,1098.7947908568144
logs/log_exp8/log_exp8_run4.txt,8,4,23,819.2420501706468
logs/log_exp8/log_exp8_run4.txt,8,4,24,852.7901222188805
logs/log_exp8/log_exp8_run4.txt,8,4,25,1152.6430565132682
logs/log_exp8/log_exp8_run4.txt,8,4,26,1006.0255797159782
logs/log_exp8/log_exp8_run4.txt,8,4,27,844.7939520797223
logs/log_exp8/log_exp8_run4.txt,8,4,28,894.6538315304069
logs/log_exp8/log_exp8_run4.txt,8,4,29,905.3705537547897
logs/log_exp8/log_exp8_run4.txt,8,4,30,1151.0926925208526
logs/log_exp8/log_exp8_run4.txt,8,4,31,1260.0896941910173
logs/log_exp8/log_exp8_run4.txt,8,4,32,1118.5294353828883
logs/log_exp8/log_exp8_run4.txt,8,4,33,765.3582728140475
logs/log_exp8/log_exp8_run4.txt,8,4,34,863.7002878128982
logs/log_exp8/log_exp8_run4.txt,8,4,35,1374.3405813694358
logs/log_exp8/log_exp8_run4.txt,8,4,36,1114.0124062413197
logs/log_exp8/log_exp8_run4.txt,8,4,37,772.2474036186654
logs/log_exp8/log_exp8_run4.txt,8,4,38,1088.7683960678999
logs/log_exp8/log_exp8_run4.txt,8,4,39,726.8287072144783
logs/log_exp8/log_exp8_run4.txt,8,4,40,1096.4260302316702
logs/log_exp8/log_exp8_run4.txt,8,4,41,746.3103424664553
logs/log_exp8/log_exp8_run4.txt,8,4,42,1370.028455266407
logs/log_exp8/log_exp8_run4.txt,8,4,43,1071.1041664269549
logs/log_exp8/log_exp8_run4.txt,8,4,44,758.8363318132153
logs/log_exp8/log_exp8_run4.txt,8,4,45,986.1340836451434
logs/log_exp8/log_exp8_run4.txt,8,4,46,859.7238024228697
logs/log_exp8/log_exp8_run4.txt,8,4,47,739.2268312225821
logs/log_exp8/log_exp8_run4.txt,8,4,48,614.3815560693706
logs/log_exp8/log_exp8_run4.txt,8,4,49,1020.5893955651267
logs/log_exp8/log_exp8_run4.txt,8,4,50,960.9575178023997
logs/log_exp8/log_exp8_run4.txt,8,4,51,885.492006193517
logs/log_exp8/log_exp8_run4.txt,8,4,52,716.689051701382
logs/log_exp8/log_exp8_run4.txt,8,4,53,610.6054715524407
logs/log_exp8/log_exp8_run4.txt,8,4,54,1000.5869311654408
logs/log_exp8/log_exp8_run4.txt,8,4,55,819.985004356992
logs/log_exp8/log_exp8_run4.txt,8,4,56,1302.561363350952
logs/log_exp8/log_exp8_run4.txt,8,4,57,960.3003798663834
logs/log_exp8/log_exp8_run4.txt,8,4,58,1103.4090811612452
logs/log_exp8/log_exp8_run4.txt,8,4,59,1338.6693483234371
logs/log_exp8/log_exp8_run4.txt,8,4,60,1143.2553781004715
logs/log_exp8/log_exp8_run4.txt,8,4,61,839.1557379913929
logs/log_exp8/log_exp8_run4.txt,8,4,62,925.2592908105911
logs/log_exp8/log_exp8_run4.txt,8,4,63,1100.0792624875828
logs/log_exp8/log_exp8_run4.txt,8,4,64,991.6534549794651
logs/log_exp8/log_exp8_run4.txt,8,4,65,763.8048145010328
logs/log_exp8/log_exp8_run4.txt,8,4,66,1057.194402745146
logs/log_exp8/log_exp8_run4.txt,8,4,67,1206.1639280199147
logs/log_exp8/log_exp8_run4.txt,8,4,68,741.703812022263
logs/log_exp8/log_exp8_run4.txt,8,4,69,963.5315689087216
logs/log_exp8/log_exp8_run4.txt,8,4,70,1099.9285718797182
logs/log_exp8/log_exp8_run4.txt,8,4,71,1046.4199961119587
logs/log_exp8/log_exp8_run4.txt,8,4,72,925.0408795385829
logs/log_exp8/log_exp8_run4.txt,8,4,73,733.0111656663502
logs/log_exp8/log_exp8_run4.txt,8,4,74,1093.6106338252969
logs/log_exp8/log_exp8_run4.txt,8,4,75,936.7598686564304
logs/log_exp8/log_exp8_run4.txt,8,4,76,1293.1547036782486
logs/log_exp8/log_exp8_run4.txt,8,4,77,1098.775331126498
logs/log_exp8/log_exp8_run4.txt,8,4,78,957.7281114852651
logs/log_exp8/log_exp8_run4.txt,8,4,79,1211.651037234668
logs/log_exp8/log_exp8_run4.txt,8,4,80,1088.2035007571321
logs/log_exp8/log_exp8_run4.txt,8,4,81,1289.6477432351905
logs/log_exp8/log_exp8_run4.txt,8,4,82,725.3555542526719
logs/log_exp8/log_exp8_run4.txt,8,4,83,1056.649476753422
logs/log_exp8/log_exp8_run4.txt,8,4,84,804.4488832253783
logs/log_exp8/log_exp8_run4.txt,8,4,85,536.3544957391836
logs/log_exp8/log_exp8_run4.txt,8,4,86,1052.628140940289
logs/log_exp8/log_exp8_run4.txt,8,4,87,820.8947598822182
logs/log_exp8/log_exp8_run4.txt,8,4,88,630.7918586754276
logs/log_exp8/log_exp8_run4.txt,8,4,89,1060.9052520482924
logs/log_exp8/log_exp8_run4.txt,8,4,90,1019.5251464444973
logs/log_exp8/log_exp8_run4.txt,8,4,91,1029.6691282819884
logs/log_exp8/log_exp8_run4.txt,8,4,92,958.3541569054171
logs/log_exp8/log_exp8_run4.txt,8,4,93,817.2062243352975
logs/log_exp8/log_exp8_run4.txt,8,4,94,1181.0569335788912
logs/log_exp8/log_exp8_run4.txt,8,4,95,1063.1004764687164
logs/log_exp8/log_exp8_run4.txt,8,4,96,1249.1065402971517
logs/log_exp8/log_exp8_run4.txt,8,4,97,714.2976956654438
logs/log_exp8/log_exp8_run4.txt,8,4,98,1151.217641347813
logs/log_exp8/log_exp8_run4.txt,8,4,99,970.1941903836469
logs/log_exp8/log_exp8_run4.txt,8,4,100,806.0748975273282
