-1268.1175644489635	(9, 12, 2)	[0.7622011444911747, -0.7243555839844511, -0.17095123634585319, 0.6888455646137859, -0.429161266033784, -0.9476432603567033, 0.7350035972504014, -0.04538551201577001, -0.5321262715363648, -0.22394152092093167, -0.4155980084932591, 0.7629265055368997, -0.8129744021795047, 0.32119646832237136, 0.6146537229202469, 0.7233880164339932, -0.020961030092486066, 0.5906408736051991, -0.44251084373406857, -0.4312222782488786, -0.94083755869779, -0.6320505225232449, 0.9452800140784328, 0.9838354547312811, -0.9305649363359101, -0.6323036970269715, -0.8200505569754151, 0.8610943937366737, 0.035923995461506264, -0.12304163474658569, -0.6245806010654407, -0.773695478906377, -0.08907666962385741, 0.8317985671693615, -0.6723981993799089, 0.22667340313664264, -0.3558236584893588, 0.5506451603054776, -0.9374150619230139, -0.7536458174322327, -0.9852602335728635, -0.14289914526566916, -0.6049731170700159, 0.9227149508081935, -0.7894464197965525, -0.15072265927248907, 0.38788574820555444, 0.6972441780400589, 0.5664202654008981, 0.0751671330589978, -0.20395409271035003, 0.16935730943185456, 0.17738254832873812, -0.4078546336239657, 0.8229216433878519, -0.5110843721622134, 0.7521517105294422, -0.8154545736388328, -0.05000539853525199, 0.8621473394349983, 0.7776224088719799, 0.18199566505553877, 0.2223408695621918, 0.6460704667001151, 0.9795556702097297, -0.6322598002397846, -0.32464455021611505, 0.031093125327082305, 0.031946474586331375, -0.9796297333496213, 0.5049047858228692, 0.5833903348115548, 0.05493534099436048, 0.7090579844794314, 0.3077518622285691, 0.5159109729504765, -0.5001220409096014, 0.12481611676871074, -0.41304959873816127, 0.28048482105478856, -0.769024772474225, -0.2784141634708994, 0.891014570683279, 0.28158749390268123, -0.21570580436209208, 0.8360286677665265, -0.5128621693274276, -0.7500905834942657, -0.8850447624407918, 0.9692549699279831, -0.638686092071441, 0.4496396349835443, -0.33875403016103545, 0.4587365163819508, -0.7570669656522055, 0.8199471566137579, -0.10036724513959983, 0.26789143709716523, 0.8960942304539588, 0.607709290427237, -0.9313058966984007, 0.5328901212576904, -0.1299133555508567, 0.3891630718235166, -0.8989872301897397, 0.29360131183261284, 0.028671497463111706, 0.8811473385939355, 0.7942215881549879, 0.9078611660334786, -0.00968534601506077, -0.08934495593102398, 0.8100130172468099, 0.6485993925473301, -0.6449239062862457, 0.20444696133625095, -0.17497321545279454, -0.260801704108504, -0.9878826543851433, 0.6418350710843248, -0.8871762843081237, 0.5304761570912773, 0.19293351703066564, -0.2935100602522167, 0.1596907878523759, -0.39385351364070376, -0.6534707255272783, -0.9545623200841993, 0.20539620584450424, 0.3130347199558059, -0.0740570564037597, 0.5124069434179519]
-1121.8211714120932	(9, 12, 2)	[0.28685582409672317, 0.4409130883741647, 0.33006335920736024, 0.708708356745828, 0.04696820710395905, 0.3396410655141744, 0.015291013460807967, -0.1583936274130608, 0.11721199887861138, -0.35221907518686174, 0.5642790350775923, -0.678204565326193, -0.33151184580922877, 0.13447147580240504, -0.3390729275462657, -0.19781144913829884, -0.638393074007871, 0.35143808569434, 0.6582414901199374, 0.547598871356864, -0.23830597779635124, -0.6253441387569115, -0.6535468223366865, -0.2331938087133904, -0.6025516485300144, 0.5588490990583409, 0.6809903073224365, 0.2196621877990085, 0.23224961603038896, -0.716344241385507, 0.1231804503269403, -0.6800691047771947, 0.4306537311815317, 0.6099581895260706, 0.5977211730873058, -0.26772910499847874, 0.14311190203654806, 0.20610309784669406, -0.36765987050274074, 0.7185046012830892, -0.06800839575037458, 0.1001341580286004, 0.03928182280168188, 0.07758082525370773, 0.23383199128284035, -0.27223711731590444, -0.7427154716481523, -0.22895425608757408, 0.8210406486518227, 0.7868936435803434, -0.615562210845543, 0.33109459251976714, 0.2179945898477099, -0.45467488426438063, -0.38558017760764074, -0.14270789097951278, -0.39911442354538906, -0.5138162573896031, 0.08577472359480545, 0.6186499258881252, 0.001942629813437879, -0.06874836202200527, -0.20716422938182735, 0.8333729092790947, -0.5211221217023956, 0.26241711379998856, 0.09786444387166562, -0.8747293773225693, 0.09852746831007027, -0.5948692698064593, 0.8280329656743369, 0.4232061105913366, -0.1722076317626283, 0.07194341332712563, 0.0768938928790808, 0.13060718325017584, 0.7958268691034343, 0.05910945277655327, -0.21795934872341172, -0.02245088118803383, 0.2783810394377648, -0.5972116347007307, 0.0032638350280775885, 0.35950882004338064, -0.5772560426700479, -0.29002325913056237, -0.3264703147940194, -0.17515342986331953, 0.048598344454996334, 0.6388010494157618, -0.6780537362283973, 0.8052553617735941, 0.4892255700042188, -0.24797673857916858, 0.10442574054325081, 0.6442026861810971, 0.09705443259132582, -0.50924100473115, 0.8902478032130684, 0.102027992454749, 0.6576579222623888, 0.3354417099430189, -0.6850744886940199, 0.16055986378384007, -0.520706175540169, 0.6675498567143524, -0.3954286073762472, 0.8188537165582777, 0.9280595756480736, -0.269874818940149, -0.40990354768807624, -0.5142438324709002, -0.213943668077524, 0.1219462659691266, 0.12015189635135702, 0.4630199841098628, -0.04210832220620614, -0.895096299801912, -0.3923083466338647, 0.6737931339520224, 0.018043793068197818, 0.43296286291090397, -0.36562460081704135, 0.3796229219232199, -0.2643668455447137, 0.5343661677062667, 0.06409828713173277, -0.4225927846954422, -0.28475542925345987, -0.07663116678231327, 0.5449711394283023, -0.4975695758913137]
-401.1060884460448	(9, 12, 2)	[0.7622011444911747, -0.7243555839844511, -0.17095123634585319, 0.6888455646137859, -0.429161266033784, -0.9476432603567033, 0.7350035972504014, -0.04538551201577001, -0.5321262715363648, -0.22394152092093167, -0.4155980084932591, 0.7629265055368997, -0.8129744021795047, 0.32119646832237136, 0.6146537229202469, 0.7233880164339932, -0.020961030092486066, 0.5906408736051991, -0.18811475374643916, -0.4312222782488786, -0.94083755869779, -0.6320505225232449, 0.9452800140784328, 0.9838354547312811, -0.9305649363359101, -0.6323036970269715, -0.8200505569754151, 0.8610943937366737, 0.035923995461506264, -0.12304163474658569, -0.6245806010654407, -0.773695478906377, -0.08907666962385741, 0.8317985671693615, -0.6723981993799089, 0.22667340313664264, -0.3558236584893588, 0.5506451603054776, -0.9374150619230139, -0.7536458174322327, -0.9852602335728635, -0.14289914526566916, -0.6049731170700159, 0.9227149508081935, -0.7894464197965525, -0.15072265927248907, 0.38788574820555444, 0.6972441780400589, 0.5664202654008981, 0.0751671330589978, -0.20395409271035003, 0.16935730943185456, 0.17738254832873812, -0.4078546336239657, 0.8229216433878519, -0.5110843721622134, 0.7521517105294422, -0.8154545736388328, -0.05000539853525199, 0.8621473394349983, 0.7776224088719799, 0.23642992573374672, 0.2223408695621918, 0.6460704667001151, 0.9795556702097297, -0.6322598002397846, -0.32464455021611505, 0.031093125327082305, 0.031946474586331375, -0.9796297333496213, 0.5049047858228692, 0.5833903348115548, 0.05493534099436048, 0.7090579844794314, 0.3077518622285691, 0.5159109729504765, -0.5001220409096014, 0.12481611676871074, -0.41304959873816127, 0.28048482105478856, -0.769024772474225, -0.2784141634708994, 0.891014570683279, 0.28158749390268123, -0.21570580436209208, 0.8360286677665265, -0.5128621693274276, -0.7500905834942657, -0.8850447624407918, 0.9692549699279831, -0.638686092071441, 0.4496396349835443, -0.33875403016103545, 0.4587365163819508, -0.7570669656522055, 0.8199471566137579, 0.1661853117674093, 0.16455445822499057, 0.8960942304539588, 0.607709290427237, -0.9313058966984007, 0.5328901212576904, -0.1299133555508567, 0.3891630718235166, -0.8989872301897397, 0.29360131183261284, 0.028671497463111706, 0.8811473385939355, 0.7942215881549879, 0.9078611660334786, -0.00968534601506077, -0.08934495593102398, 0.8100130172468099, 0.6485993925473301, -0.6449239062862457, 0.20444696133625095, -0.17497321545279454, -0.260801704108504, -1.095124249055438, 0.6418350710843248, -0.8871762843081237, 0.5304761570912773, 0.19293351703066564, -0.2935100602522167, 0.1596907878523759, -0.39385351364070376, -0.6534707255272783, -0.9545623200841993, 0.20539620584450424, 0.3130347199558059, -0.0740570564037597, 0.5124069434179519]
-313.8512517091435	(9, 12, 2)	[0.7622011444911747, -0.7243555839844511, -0.17095123634585319, 0.6888455646137859, -0.429161266033784, -0.9476432603567033, 0.7350035972504014, -0.04538551201577001, -0.5321262715363648, -0.22394152092093167, -0.4155980084932591, 0.7629265055368997, -0.8129744021795047, 0.32119646832237136, 0.6146537229202469, 0.7233880164339932, -0.020961030092486066, 0.5906408736051991, -0.18811475374643916, -0.4312222782488786, -0.94083755869779, -0.6320505225232449, 0.9452800140784328, 0.9838354547312811, -0.9305649363359101, -0.6323036970269715, -0.8200505569754151, 0.8610943937366737, 0.035923995461506264, -0.12304163474658569, -0.6245806010654407, -0.773695478906377, -0.08907666962385741, 0.8317985671693615, -0.6723981993799089, 0.22667340313664264, -0.3558236584893588, 0.5506451603054776, -0.9374150619230139, -0.7536458174322327, -0.9852602335728635, -0.14289914526566916, -0.6049731170700159, 0.9227149508081935, -0.7894464197965525, -0.15072265927248907, 0.38788574820555444, 0.6972441780400589, 0.5664202654008981, 0.0751671330589978, -0.20395409271035003, 0.16935730943185456, 0.17738254832873812, -0.4078546336239657, 0.8229216433878519, -0.5110843721622134, 0.7521517105294422, -0.8154545736388328, -0.05000539853525199, 0.8621473394349983, 0.7776224088719799, 0.23642992573374672, 0.2223408695621918, 0.6460704667001151, 0.9795556702097297, -0.6322598002397846, -0.32464455021611505, 0.031093125327082305, 0.031946474586331375, -0.9796297333496213, 0.5049047858228692, 0.5833903348115548, 0.05493534099436048, 0.7090579844794314, 0.3077518622285691, 0.5159109729504765, -0.5001220409096014, 0.12481611676871074, -0.41304959873816127, 0.28048482105478856, -0.769024772474225, -0.2784141634708994, 0.891014570683279, 0.28158749390268123, -0.21570580436209208, 0.8360286677665265, -0.5128621693274276, -0.7500905834942657, -0.8850447624407918, 0.9692549699279831, -0.638686092071441, 0.4496396349835443, -0.33875403016103545, 0.4587365163819508, -0.7570669656522055, 0.8199471566137579, 0.1661853117674093, 0.16455445822499057, 0.8960942304539588, 0.607709290427237, -0.9313058966984007, 0.5328901212576904, -0.1299133555508567, 0.3891630718235166, -0.8989872301897397, 0.29360131183261284, 0.028671497463111706, 0.8811473385939355, 0.7942215881549879, 0.9078611660334786, -0.00968534601506077, -0.08934495593102398, 0.8100130172468099, 0.6485993925473301, -0.6449239062862457, 0.20444696133625095, -0.17497321545279454, -0.260801704108504, -1.095124249055438, 0.6418350710843248, -0.8871762843081237, 0.5304761570912773, 0.19293351703066564, -0.2935100602522167, 0.1596907878523759, -0.39385351364070376, -0.6534707255272783, -0.9545623200841993, 0.20539620584450424, 0.3130347199558059, -0.0740570564037597, 0.5124069434179519]
-418.78574874314654	(9, 12, 2)	[0.7938114349735133, 0.39149291799400165, -0.9584332433087523, -0.15168125264888643, 0.541717604107079, 0.07241853597716852, 0.9999927930829084, 0.23773898828575413, -0.5669517931080752, -0.11678267774243278, -0.3093224117646456, -0.5687795965523692, 0.538054831157383, 0.5401396596387951, 0.049133689908748224, -0.4347761947373081, -0.07450174201532844, 0.9359260350078602, -0.8021160106475214, -0.34968680220161574, 0.36289834763213613, 0.6736256339588875, -0.5397990140093178, -0.46307495891999806, -0.6486400728944286, 0.8302346667564053, -0.44844733570389117, 0.7080544353267575, -0.008240926869256482, 0.2920351933063918, -0.5369803670958644, 0.8510364525317831, 0.04864534401461218, 0.2868304310491374, -0.11584962219292816, 0.040741422784120296, -0.14712713689173573, -0.48673131215221876, 0.6296385524561765, 0.4286413362758863, -0.4047226171429672, 0.28541525435091386, 0.3273524084413695, 0.4497135638903098, 0.04175466895270197, -0.18343762515601325, -0.2448754563901325, 0.33496741764804283, -0.9417748542826692, 0.3487497359565599, -0.624628987276699, -0.6382386017901294, -0.6790495791764615, 0.7425815412471728, 0.6867381012809779, -0.7639381428656917, -0.9651638360715695, 0.31612924452990177, -0.890341829637739, -0.9727949855577889, -0.8580903197609586, 0.856822551244417, 0.26141816126162754, 0.47539303819181034, -0.9134293111120302, -0.5523245469093365, -0.028590152519567535, -0.40521142962166956, 0.17816406703165488, -0.5443586637823663, 0.6561738958730614, 0.07830013438873196, 0.9182537908128925, 0.026726587522184708, 0.02383477002119294, -0.16635862979633398, -0.8800066668983344, 0.6225541505462087, 0.7871081823955046, 0.9022197510784686, -0.8747680060414791, -0.20232546504540116, -0.7137617076731201, -0.72957229046209, 0.3628358977276125, 0.7699854923550116, 0.6830884394922019, -0.6237840507879704, -0.5206723746583319, -0.32087078934514723, -0.7642683452327268, 0.8992545714766993, 0.4077799633332271, 0.8954142983323345, -0.43935024167008363, 0.3865006704497367, -0.23282929003170416, 0.14808940571907603, -0.922470193363427, 0.38208466257275786, 0.609636000546127, 0.19019457704145282, 0.29932397902838526, 0.8202372811548901, 0.3788452680344687, 0.3078294338413101, -0.524187814522695, 0.7724661725944943, 0.40702060237029714, -0.5386183487033382, 0.0512736856905025, 0.12883284268949025, 0.31395642111324507, 0.5173647021137189, 0.06543343751504338, 0.14431561096947854, 0.32357695511437834, 0.9325409783543623, -0.6858143259067411, -0.5367400141272403, -0.3666754176363993, -0.14200250131856618, -0.5278926051742847, 0.302517153882198, -0.7091111401080283, -0.1596505920921112, 0.8861590517337645, -0.10893206773965614, 0.6588613259593683, 0.18606135221291686, 0.1760967046859434, 0.37191392808915924]
-729.855334971196	(9, 12, 2)	[0.122957805386104, -0.4224646425499814, -0.13682044131212495, 0.6602655776581868, 0.25369664948073595, -0.7960375267037153, 0.6442019873938127, 0.4844648520406018, 0.11525363393863461, -0.17556418101288032, 0.979173049782129, 0.4379813021131323, -0.49023135482082825, 0.357420970155868, 0.5425045152179523, 0.4851733614611473, 0.06907172000499635, 0.4971186544521963, -0.19966608527473123, -0.3562840538346181, -0.6750285461053083, -0.07778384203137981, 0.4959680232762927, 0.28308240225987363, 0.14798052406016404, -0.44827058762836713, -0.6603743091265992, 0.0951794084322965, -0.1359307379519042, 0.14121964333580433, -0.3242912367718668, -0.8191378653217665, -0.4041027416364455, 0.8327364711452101, -0.004764272113284406, 0.15339831486235458, -0.27483098061433, 0.30070603553413056, -0.7009105696596328, 0.04164409991740965, -0.9012259521014352, 0.22807382099100768, -0.5180811113228652, 0.1702300064985542, -0.712935936006561, -0.11439464342112494, 0.5176685537558687, 0.3772456236979581, 0.13236161583733952, -0.01522353427903752, -0.20198987707358518, 0.12362345888027274, -0.08233132430531405, -0.40203102349118475, -0.3154390581961641, -0.5650367015319251, 0.4920458449478476, -0.6276128005445143, -0.10046759593358369, -0.036300991188925325, 0.012573582909267328, 0.14496427164860362, 0.1978061054828581, -0.469536523913866, 0.7484475088594575, -0.5805596184139055, -0.32987880094318894, -0.31741505830181826, -0.0354256310588795, -0.45673896158588245, 0.15370232774297307, -0.4522244133124453, 0.26262107586458067, 0.10619592956801452, 0.12761072405582174, 0.4472004552763994, -0.49823661928675034, -0.14765417031507558, -0.08941492519573394, 0.1136601144578272, -0.7662283890170118, -0.43392042856975954, 0.14882947333048951, 0.37574871757700423, 0.017106109546214103, 0.508998875908482, 0.11348116863902116, -0.46567981483972926, -0.9035524982493377, 0.23837316728473854, -0.05071973101663002, 0.5225154719302674, -0.76539063891587, 0.5720993019232827, -0.7769297682164176, 0.19822786315032562, 0.11440831754997435, -0.34417177819098504, 0.4209183121355929, 0.49664305620616156, 0.028072279962936125, 0.4879813931742223, 0.3380726006797939, -0.010065244735970091, -0.3984100041171613, 0.2577820575536662, 0.15793708805719103, 0.5415941545644742, 0.4524403048948506, 0.24788776216675126, 0.28312275552936433, -0.09099598547365263, 0.8060741755812337, -0.18624931567277944, -0.4641792315922579, -0.5351331336218421, -0.45259688552211197, -0.2607905664544338, -0.681568200222002, 0.15361928097645788, -0.17375254787328576, 0.23013089965047465, 0.09166744997338047, -0.3209360565874993, -0.10867012351027863, -0.05434717587031873, -0.3884600341441141, -0.9102319474595598, -0.06792892897005554, 0.023082085031178368, -0.25676572362288386, -0.32672737090183723]
-447.8036555371188	(9, 12, 2)	[0.013486409462620239, -0.4206574292149804, 0.001475927369462924, 0.5950798197277389, 0.19401693872552936, -0.7945924987440954, 0.6078793620665761, 0.1429451186012675, 0.21599161875423728, 0.35229158491231144, 0.4891723089550498, 0.37707243865478485, -0.4233732647718267, 0.26165850131886953, 0.4181555068691478, -0.34973915203466865, -0.03470298764902905, 0.4055603758398362, -0.12095233164388916, -0.28143572308195763, -0.6462803843745882, 0.24794096868919283, 0.592572831523355, 0.26384599376919304, -0.1520168742364619, -0.40186790722833127, -0.6513975179571889, 0.33702494835199465, -0.10794342473741554, -0.10490776669783981, -0.23068731645132726, -0.7520171780501677, -0.4014959140900224, 0.7131367774107285, 0.08241855000257504, 0.0553792152197057, -0.3150710486967342, 0.4603821916888454, -0.31010149734689063, 0.09119233852891703, -0.3590800381274485, 0.24313488789896842, -0.4366091950204867, 0.15554479880121244, -0.693749282633513, -0.04620993655564934, -0.42159474866555147, 0.4187347268814799, -0.05086937177889106, 0.06262856367286217, -0.22426455139669732, -0.1117545209702255, -0.036299497010124845, -0.3201801384741868, -0.09196075017000477, -0.4668724779021162, 0.3278014605731705, -0.6856760744801081, -0.2036346142464974, -0.4166519281561583, 0.017817540641820437, 0.23568869101730275, 0.1338793299705465, -0.4664641723781089, 0.7286363901051447, -0.4681450332534405, -0.2920615300031998, -0.3150306915824095, -0.04886873511209916, -0.2221450466268934, 0.4586897525715363, 0.03798171499881706, 0.23571037174549603, 0.06894517489205346, 0.017642603690289846, 0.598986098710254, -0.2389154058381311, -0.8296143147693219, 0.17686024646817947, -0.4649477380799731, -0.758795465536466, -0.41612859264475566, -0.04727700378285514, 0.40995975610517893, -0.0392933018761986, 0.47638164607088906, 0.22420479858195913, -0.1229350789256149, -0.4983365271567306, 0.27549755842741186, -0.43571641212010837, 0.45280910965768983, -0.5374365053889362, 0.7169356451419553, -0.5753116077350455, 0.330055804130951, 0.06628540257108315, -0.07713552193704953, 0.3868736512049741, 0.40983028240226416, 0.5336981077122939, 0.4628752921956789, 0.17592766505031981, -0.05634221080128925, -0.3904982607668493, -0.178481822314852, 0.12091699402617874, 0.5634347894649483, 0.4455208633758109, 0.0536840632874254, 0.07531715200298553, -0.054592193044518, 0.4916457290367159, -0.10391143818528006, -0.07575211792522854, -0.4936854396201306, -0.21761905766533363, 0.12416739938394447, -0.24148093068830928, -0.33783787844524765, -0.28927105171505524, 0.10145371327006575, 0.36871394800179996, 0.22622051254337738, -0.20636476036958387, -0.7490119937495507, -0.12389856169958656, -0.41389975090189446, -0.26663367856654874, -0.03456104864973855, -0.40325717653380266, -0.07117019025820234]
-211.87079644395712	(9, 12, 2)	[0.30452669311382896, -0.16680214258317852, 0.17021256112108382, 0.42969839023145573, 0.4095251484558507, 0.2590930954381219, 0.09919973141699945, 0.15178309425714712, 0.01324942178257292, 0.0004280242533399956, 0.3127992881200583, -0.5084387922834861, -0.030806393778743356, 0.2651697775219316, -0.1821395319763038, -0.13799017607800884, 0.5288645212773591, 0.5849526770620697, 0.5952670825504875, 0.1269252693273474, -0.24638386747034152, -0.33492169470760674, -0.2181455354789104, 0.26486928157895223, -0.4728892782074908, 0.5496374795015786, 0.11007306674358722, -0.4599708693848946, 0.4785305761938132, -0.19369951126716856, 0.21379674605943572, -0.1023053139382035, -0.07494784653302222, 0.33610423667784467, 0.1709999948447831, 0.05779381478223631, 0.4420520255756938, -0.1609411955948223, 0.10806718708856188, 0.31621747741462414, -0.38158249295278235, -0.17853882871019328, -0.39456717315638834, 0.07094589594807305, 0.01844767217746695, 0.3412700051365554, -0.22761278386267939, -0.2735568982845834, 0.26860792807753714, 0.47826478418875173, -0.47565019534570685, 0.0016441598499407906, -0.016865463760099203, -0.5250053392413923, -0.13894775417082203, -0.04793844617335073, -0.20588028610620437, -0.30105086347596005, 0.06182634234343567, 0.3279709904206357, -0.30092179850317724, 0.404998836826641, 0.1044719836422975, 0.4665701513746281, -0.5032471920683356, -0.03723025579146755, -0.44268636918903626, -0.4543610130846909, 0.2801215577674633, -0.3046486021980487, 0.38966861374192885, -0.36451464383921584, 0.690155287642282, 0.012611871533019764, 0.12346152670051283, -0.4102321769639022, 0.3547387885453772, 0.6633372617222619, 0.3907903317030612, 0.21481604348401093, 0.25538671778735866, -0.11466111400752395, -0.2741783373897882, 0.6227518500254868, 0.0015789903573455444, -0.24328306388545945, -0.05818853088219064, -0.7512796241036125, -0.2510777432123741, 0.25962989385831886, -0.3181649919832536, 0.4885819377730519, -0.0407058386605099, 0.11088621117589173, 0.15862552695433485, 0.6449546695029418, 0.01025805504673577, 0.2324465330545959, 0.3705954670215131, 0.20269375912647947, -0.2642774770966995, -0.10541697000622698, -0.4000154879424081, 0.5410508894872104, -0.6064944194171037, 0.5807459882839151, -0.17717013224842898, 0.6948889699041214, 0.30639849193699426, -0.14954808819123108, 0.17191067381895353, 0.049164489202373374, -0.043331382594674714, 0.28300018462390725, 0.15320575899191735, 0.2910180615246471, 0.1819145628023799, -0.10022682468347971, -0.15115792415360635, 0.3591974945952568, 0.02282722934810018, -0.020698227056204756, -0.06704600309022613, 0.3205945084370542, -0.07034984941886557, 0.36687776795994, -0.00028315858278185613, -0.36509116238008205, 0.17686102193240297, 0.03247157572870571, 0.3108053599234156, -0.057466877352467645]
0.7180818185577778	(9, 12, 2)	[0.04742066233346576, -0.17645858803936643, 0.06928532490737861, 0.2622743995569993, 0.39158041262092497, -0.2915390241370733, 0.22337799689735502, -0.23342675733481882, 0.38930819921073645, 0.13297927776309534, 0.8041637346572115, 0.03868488547781739, -0.2029411604451975, 0.0669491537156297, -0.13968154087027512, 0.2982366997309275, 0.07987207287618416, 0.331690997250529, 0.12686215798849637, -0.28591782919854125, -0.5220995344841132, 0.06912418347182826, 0.2923103900678832, 0.30343955301443404, 0.11922189872075843, -0.2956358878804875, -0.5740643472347664, -0.21828016835920966, 0.008246068761353989, 0.03859164046559911, -0.37987319290861776, -0.14571747499330023, -0.18223207263246488, 0.5516795577604725, 0.40824368074587936, 0.2297287041220537, 0.20018633187275786, 0.3335484014151902, -0.5571015067636564, -0.20964544040102487, 0.12534127037425102, -0.17026092025720344, 0.26962447413708923, -0.6421031454064043, -0.6147218660956719, 0.35065549762357323, 0.24132435612533773, 0.3028115633632486, 0.21647347528585828, -0.1258788174462822, 0.0074087686073047165, 0.26287740310412244, 0.023664432543267725, -0.004311649678865742, -0.2836289305244078, -0.26736721817294434, 0.4613996129783217, -0.2529320060423823, 0.3398687766275508, -0.12837964710741306, 0.11292840213996973, 0.21348606824544095, -0.3454758984140002, -0.0002159650331138574, 0.2735696905783466, 0.11354338438179948, -0.2820746244133427, -0.0883602526408481, 0.09494513026187529, -0.1556689569112656, 0.13088962507630966, -0.3174298287347476, 0.2374859778257767, -0.15117806589510246, 0.08880050849522655, 0.07115945919130728, -0.11612846394686235, 0.3153675410138977, -0.12946523119656259, 0.48434481926829565, 0.06061680134841879, -0.15533819415046096, 0.11275797991204384, 0.14586487321461872, 0.2646044966502876, -0.14607674820820704, -0.2965512522070588, -0.009438324685767274, 0.223385180350966, 0.01756659744912825, -0.10218847623950573, 0.25502346234506984, -0.432577709299937, 0.0848403378237777, 0.0162268775093421, 0.37790019177880385, -0.11954991283661301, 0.09383815191570422, 0.20548399148615096, 0.14777705936986948, -0.15490485696394665, 0.1453877651852654, 0.2146754343906556, 0.6245527142377255, -0.14412070120965378, 0.37854769596194326, -0.11143835123866638, 0.0703656033822706, 0.2159938896273399, -0.042194810278765066, 0.26326184704600847, -0.04726501446186501, -0.16134475350734565, -0.28490979966633745, 0.08895964290811711, -0.13321405462224448, -0.12735650663681874, -0.03562196264193083, -0.10483041105167966, -0.29439903941298695, -0.10107185719478383, 0.1413872201807263, 0.1486259965613217, -0.09725298616960709, 0.1331521317598287, 0.11618889775669206, 0.08434035018065492, -0.7507855639200872, 0.352176340339946, -0.5278736224352275, -0.04873797795057378, 0.07800736720912098]
-416.74620279176565	(9, 12, 2)	[0.1355728115674511, 0.24193579654314312, 0.06157129796766003, 0.6006611449324666, -0.06722383727513025, -0.41469592652807485, 0.498671843111844, -0.1570037650469936, -0.11609957035508461, -0.05091900456098663, -0.06764468501491236, -0.1425613882907834, -0.6385217685782509, 0.12209967384491327, -0.1637461969127004, 0.2019433872046647, 0.05709024071182583, 0.2951780441814088, -0.02802077106095327, -0.034680663238216475, -0.19493816068433154, 0.061043860051015586, -0.1490898454702706, 0.33951141445046396, 0.27544489850709475, -0.03203224103633179, -0.3926632228730529, 0.17875679685146656, -0.11575055710968403, 0.09450623200746475, -0.3272610303398993, -0.3447000389159497, -0.5849132344521469, 0.10753750259823865, 0.15704681738047055, 0.10274174592212157, -0.22969237715057167, 0.5489702141812859, -0.10384220674799118, -0.24740006071399057, 0.05644490870509315, -0.1700792731401728, -0.11506317896821985, 0.013221920131284376, 0.08537008274597216, -0.14769806075285338, 0.24544531929689684, 0.18943820555887, 0.08605460532165862, 0.4117308426999018, 0.2818801417314829, 0.16128694976691652, -0.16433714789156115, 0.37688003968634515, 0.00905470034830489, -0.049699752193940724, -0.6762061637001294, -0.37557182783797904, 0.4411944133165313, -0.27084560183101425, -0.36722202865803544, 0.251078820295218, -0.1768928224070881, -0.4570592802877153, 0.18918222295326712, 0.13025385061678796, 0.3625473886962409, -0.28054931180662, 0.06205112550335583, -0.119364371451228, -0.1997267310894642, 0.021370070216149117, 0.03112421830910206, 0.11583763848175971, -0.0652982834590398, -0.09887984118012166, 0.058069940782211976, 0.6899286749824167, 0.21224544166727144, 0.06373946046542396, 0.24164702086750328, -0.14601485698806205, -0.014912338547363273, -0.058840512871806916, -0.3005860605962899, 0.022180784091748444, 0.09677917711921658, -0.1337015402803589, -0.711399284968206, 0.04064447100232053, -0.2584878566190934, 0.39652163181122735, -0.4537232353135654, 0.6857735710997036, 0.13313479334930384, 0.26356835888273805, -0.02182666177611209, 0.03006824912393062, -0.018701284159915038, 0.3915289337164837, -0.005718584938821367, 0.2931318073154433, -0.14152037865986927, 0.20685458001128168, -0.33142190723102477, 0.5591566039194784, 0.20795577989077252, 0.3664698639272865, -0.15293086221815183, 0.10621011945429117, 0.35504063361455396, -0.33400860935797816, 0.48013620921899297, -0.06521144129741854, 0.35997903315428387, -0.6013348593465158, -0.6564470301029873, 0.09272323577381297, -0.2388836771731684, -0.3904674448726288, -0.04391939745187983, 0.1988791292876648, -0.18185626778341496, -0.04438094411358079, 0.09568966376753002, 0.08189412815048586, 0.3617393440347928, -0.4083035870383731, 0.09868137257143114, 0.04401742490275948, 0.00582943409099489, -0.0750220053675124]
-228.40821488131513	(9, 12, 2)	[0.09928893517209345, 0.22354356274506926, -0.23952962092073368, 0.42308073006720187, 0.02814404269403796, 0.193099666290851, 0.6214331343356827, -0.08076362164244222, -0.1497956480183274, -0.06693850410990639, -0.33200201884417874, -0.14658991208787103, 0.41753835620627133, 0.20499218412038128, -0.10696387824473402, -0.37156412918159065, -0.30566715004472994, 0.5471362612768202, -0.3492878262743769, -0.3094073515121516, -0.08522203020978512, 0.08929230842511185, -0.4257229343001457, -0.1521545028395046, 0.1853851335285472, 0.22276611039932187, -0.1932801841961549, 0.16703178178714506, -0.03113396803642523, 0.14578353827979856, -0.3623655954570306, -0.3162446614800418, -0.16844866078108733, 0.20157813715011808, 0.05680746397641738, 0.09985657298386479, -0.21213832849156297, -0.22619068194846342, 0.5784534203326017, -0.13912971060881202, 0.05632904565056448, -0.09642599573361216, 0.11629563327875227, 0.0462027637253331, 0.058479240589778186, -0.11494381090786883, 0.04545292793432268, 0.1904278328044129, -0.7756072267235488, 0.3613221851809613, 0.18457740883751703, -0.1627645768858872, -0.3174128940502612, 0.5642805027475578, 0.1685850831538014, -0.47033540279661984, -0.6868365672335915, -0.19287237947071278, -0.043941458319500554, -0.009050198699522193, -0.5202601619539288, 0.26588385118068986, 0.24055111547850183, -0.26972544961455963, -0.5344170287219219, 0.18699453857240134, 0.3231800887766912, -0.46328024080759245, 0.11567209056122188, -0.07646436348045027, 0.39482951516583714, -0.0010691821833730842, 0.08636231170024923, 0.07147765100254178, 0.05615968840649639, -0.09883630482178066, -0.3530009902777719, 0.5902924009804728, 0.1874776619195537, 0.7698148247810234, -0.08971103818209306, -0.08599212493080904, -0.6323666613461538, -0.09999560108636091, -0.23497190566545945, 0.4949719338042811, 0.2964062155674805, -0.2460830546224463, -0.6881558287838172, -0.20652728724504285, -0.5018877012334102, 0.6216325988714816, -0.226312437318831, 0.6494296453692371, 0.1612171577269093, 0.180048562666208, -0.038773622030630256, 0.14551105392869665, -0.4708724424088731, 0.3445728031932287, 0.3590748076990394, 0.12750698715673375, -0.10716306028838936, 0.07768013069318076, 0.03358404123286887, 0.31229118935329764, 0.04111904930632093, 0.5531740989154201, -0.12936509548058486, -0.11407318235733294, 0.17276948383334423, -0.27830861829452636, 0.40719106160007507, -0.0462412604851168, 0.2529823504612232, 0.04113148985148152, -0.5843098585706904, 0.290363098831369, -0.25379931398851935, -0.5303601834447201, -0.13859680036469654, 0.11470247895813124, -0.2644804592429132, 0.17911250562400127, 0.05847965397770653, 0.06980664163209647, 0.5123428394785956, 0.10665551718856428, 0.2908634949020717, 0.23109358184413803, 0.11991870866503944, 0.006487035552583079]
-610.0773173920156	(9, 12, 2)	[0.41393981028174454, -0.02438978113580934, 0.3177032043206755, 0.08497738696230057, 0.21949266694372, 0.16443985405670794, 0.10978854943018132, -0.17397787880532872, 0.07807495688625254, -0.09391549908901374, 0.7064983670793117, -0.1345727014090806, -0.1935918129858789, 0.06181317326572305, 0.17311695044359268, -0.051348721785144144, -0.3441867978516302, 0.6232775058820641, 0.22653129793988808, -0.0336768437315465, -0.8506421781144334, -0.21421363623322445, -0.4625798428702329, 0.3320811233068264, 0.2556358251238928, -0.14884272597702197, -0.3207803517380958, 0.024369612719653915, 0.09931612818505231, 0.08203996522684513, -0.03169002074958044, -0.15044603676821464, 0.12932982586506303, 0.06739463242188143, 0.36829615749394135, -0.011041379893267526, 0.0630132172418345, 0.2720799975013179, 0.5199186081607092, 0.14276667881200283, 0.08677698248511793, -0.47315374834348906, -0.22472035502836976, 0.7188131298289984, 0.08485668624919623, 0.057595572971020775, 0.1619451471696802, 0.07119012394132329, -0.14844482365786774, 0.40393004677557, -0.17794995842887706, 0.0911886564037655, -0.093787379701602, -0.4775957330510817, 0.22981191792167685, -0.18993622940834964, -0.1452524877659493, -0.038929812357872504, -0.0917849781132989, 0.11511921733903432, 0.21541289014034526, 0.137965861229638, 0.3749559006977658, 0.5068347244720853, -0.11421168504702403, 0.11794371502544816, 0.039507078847848334, -0.1910011018009961, 0.25195892279587717, -0.14755699337270967, 0.25687023585093594, -0.007268584589948085, 0.08459660590920284, 0.30371593301230565, 0.04603009479647148, -0.3898473509801134, 0.48178931321856033, 0.3419509139547334, 0.08851419060061053, 0.22472549535416192, 0.09082172937753141, -0.19753325996343357, 0.06671167048225386, 0.38015655160576833, 0.16269807668487435, 0.19288711491034377, 0.2552848694758058, -0.1793624946459667, -0.505838674010389, 0.09632712072035887, -0.015221955104829508, 0.5991156488251723, -0.221964237285196, 0.1298911724144366, -0.363744482837868, 0.6314119853348323, -0.46504602407667084, 0.04309881696594331, 0.25960545867454926, -0.2700912962506837, 0.003473931153305177, 0.3429660361733863, -0.07700769792192119, 0.07803533956596571, -0.27229246271588414, 0.1842920213522927, 0.36355588883819834, 0.23458624806809542, -0.1268991552333794, -0.23175750325083702, 0.3131415290789499, -0.32946147609702703, 0.19294651966372073, 0.20251915521068548, 0.06866658169138459, -0.09308869090200701, -0.2784319263200056, -0.21712758073920957, 0.15354144498624223, 0.11499836480083697, -0.2710228986305305, -0.0003526404413767212, 0.18169070135411108, -0.014399995424375717, -0.3378837815936338, 0.18240166503742114, 0.24517054288012524, -0.6716117771040383, 0.21218148173277157, 0.1339948769028647, -0.059277130495632116, -0.006419378525461039]
-91.2943850021357	(9, 12, 2)	[0.2944966880777378, -0.06017738883762615, 0.07477644028795663, 0.08910569088344247, 0.33843256585902043, 0.24906502469561398, 0.15682906487184273, 0.11800537262710839, 0.10087268240023589, 0.09080775430810147, 0.19958733137653697, -0.04342196638771915, -0.10563622554471572, 0.06958090332744553, 0.17677375381284924, 0.10651589389477359, -0.2810971341124391, 0.6172186509327535, 0.2127771136504861, -0.15605957045997207, -0.062026017261971586, -0.14487401187817178, -0.2887402266133144, 0.04428777394457484, -0.03714772813007678, 0.21622400807244457, -0.2944109660479203, 0.0050511823084715655, -0.020735742821355083, 0.08020822123142077, -0.2674174128794551, 0.4782909712651951, -0.04138598016529994, 0.06956349050249744, 0.1295643705838328, -0.06962545977275697, 0.12674774884823875, 0.3111537933574237, 0.11118231781439876, -0.09356952964275117, 0.09070193809228694, -0.4430850250690328, -0.04295177491669935, 0.5461028487352049, 0.08550495793427423, 0.29442021332142637, 0.24568066203955663, -0.12231288740043958, -0.19898517253596593, 0.08649856920545876, -0.09155956287780155, 0.3092818889253879, -0.08492691558650871, -0.4810848215049346, 0.38363642919014795, -0.088592364964859, 0.1685580111535369, 0.05086948963443237, 0.18759018280476475, 0.11197286205581214, 0.01577273416187447, 0.22497570824615346, 0.3261097535562799, -0.11154912859277745, -0.32919457429311455, 0.32852706513384666, 0.14995036587911248, -0.3589504216095666, 0.36459801503541756, -0.14633013960041194, 0.08396513404860247, 0.08461793086200539, -0.15128131635299596, 0.37195781906110253, 0.12194547075818969, -0.1470611081668396, 0.04534807696620681, 0.4759460464317761, -0.13598472977220902, 0.418325007567129, -0.1543135539686598, -0.21503446738524926, 0.042671728423010216, 0.23977785631059678, 0.19452933867298253, 0.3601205994452042, 0.21195009469236348, 0.028556491599469894, -0.23628631861673594, 0.03972395016633343, -0.19642277588174986, 0.6991725337018577, -0.2888019347793283, 0.18338483632155128, 0.16321471090495376, 0.5422845773739541, -0.18826577498016886, 0.2323009794158373, -0.4434922721555334, 0.043348370484899854, 0.025054215477053852, 0.32097643006054355, -0.061371317673231174, 0.18855367432461467, -0.27895922460297917, 0.2291510476141947, -0.18077189848411862, 0.03389942738809882, -0.22722119729327406, -0.21159404262271478, 0.3475568466083365, -0.3362504383727498, 0.01045105872367641, 0.06049431019555125, 0.0991887583964361, 0.024370229209535868, -0.14612317679461687, 0.04284848101180339, 0.09938263491957389, -0.3945691201197346, -0.19270674773349128, -0.14994569951874467, 0.208378771727129, 0.13848197492712003, -0.1891459328285184, 0.5367301836207277, 0.24190812716933874, 0.07006868216840541, 0.18155578062744207, -0.232567121384884, 0.19565432378457584, 0.04813354054608058]
-329.25064804267686	(9, 12, 2)	[0.08136350504637786, -0.09104301221688509, -0.3456695852007658, 0.2064845527008177, 0.23055997428494998, 0.08977285336195134, 0.3145839462910117, 0.40145324688328154, 0.15410439821665378, -0.021346303015682612, 0.14027845693280297, -0.19524901570422934, 0.061506808018102155, 0.2685368333771903, 0.04541651973983739, -0.026032887071413786, -0.025041887617433208, 0.5140641819032591, -0.012461222545983724, -0.30908632108828277, -0.3086762775012917, 0.1076730024232278, -0.1626000278467156, 0.3571740166656676, 0.07050531137538503, 0.02141526112566211, -0.2259377106385756, 0.2119743152935455, 0.11287820432362922, 0.10029120962203329, -0.4278758343123371, 0.10372670469723672, -0.3690140028620728, 0.17092165008605203, 0.23266023773418892, 0.0086528888050851, 0.061004675315873676, -0.02820585269072637, -0.03536196282823481, -0.18213016535609747, 0.18081939418534274, -0.27328049656805264, -0.13059089419249972, 0.16496509130520068, -0.418153268439882, 0.13571309414463617, 0.28542644873361606, 0.02807395269595227, 0.15538291766612145, 0.15364679146766677, 0.033820871321645435, 0.10099364007760138, -0.13825664572329618, -0.00664678917776925, 0.24090389334012585, -0.10822771338843479, -0.0898784511750457, -0.12702430350925512, 0.246118017694551, -0.0761461451642368, 0.10998892609608399, 0.13592495961876777, -0.1693134666285099, 0.3089184687130091, 0.5053450663983414, -0.18778346721472777, -0.00041756268957126317, -0.4130251629669943, 0.21271066325214194, -0.22790646917823223, 0.1328758706979482, -0.11313525170741325, 0.14775947713912269, -0.005093059716360385, 0.055913868805063896, -0.20963967417102594, -0.0852626123234254, 0.24695017251700496, 0.07449927121277591, 0.13085268134818084, -0.02563319825568848, -0.2668712381539074, -0.02242653319710657, 0.37879966348816996, 0.14732713549580453, -0.08040172976264315, -0.022458357394258333, -0.3825024773418137, -0.2622047784575676, -0.013008257047818158, -0.4205516288230033, 0.3740688580077648, -0.13248624437719966, 0.36622324552786145, -0.13953411298469653, 0.3197286011738737, -0.30122202117752883, 0.23341378550600883, -0.09865488153833361, 0.28365223181666965, 0.04279928930341804, -0.008503861276882047, -0.20364678654898918, 0.3382890798192746, -0.29912750236422414, 0.257124817527817, 0.1166213249349636, 0.30420414935781337, 0.26411611016209524, -0.2192808522377406, 0.3722682179544949, -0.30679902973804135, 0.08179073767273108, -0.004481308683668611, 0.006297010076303899, -0.27434150496954257, -0.5673590079375166, -0.19448188056726345, -0.32011575251690116, -0.09274345382026337, -0.32129517094064997, 0.17976431728154385, 0.09128619482613604, -0.12511739494605292, 0.003290363615787273, 0.4255893332504651, 0.20269855568731165, -0.42037379713311085, 0.03422808488063533, 0.02149281626981287, 0.1357520376373615, 0.125975735971323]
-284.62868081349393	(9, 12, 2)	[0.35947844203370555, -0.19147100890407676, 0.21963284941960426, 0.12076330940272795, 0.19260867875205426, 0.27094806961362944, 0.0439911768189479, -0.16934954396758123, 0.05170260228292692, -0.039312698802661694, 0.7007665367724265, -0.14730061199104588, -0.16404374180124343, 0.06112947888279189, 0.1420467922043095, -0.03418090672488042, -0.34673026726882683, 0.4861258419525639, 0.4066134645139661, 0.08434850832271526, -0.8546597697035897, -0.3710983678579002, -0.3483028867577347, 0.34183285803276486, 0.24951607131064096, -0.12013699553045255, -0.27299095162108733, -0.010223990618263464, 0.1021710420336078, 0.04570630469460519, 0.12376720572032127, -0.12872716589316519, 0.22591404499364107, -0.018326409048069744, 0.325665114713256, -0.020755159141257612, 0.16134749649518942, 0.5043173402957176, 0.5356626200115009, 0.15148840450982473, 0.1230549633102795, -0.5083950882015206, -0.22327569010247772, 0.7709025164699536, 0.0025846059741159583, 0.3016995050717719, 0.13944534189956276, 0.06858679716885999, 0.03263331357266818, 0.6041306339980815, -0.2982069974809731, 0.1695845772814028, -0.05867811036358923, -0.5584349207220389, 0.28295692751013113, -0.19546257114388982, 0.18348256070971034, 0.009942424619813772, 0.09999898842192706, 0.4140186318769628, 0.268473354250292, 0.12517315194557346, 0.4303515790018541, 0.6113343495785724, -0.20734237185877363, 0.2711092559964456, 0.027878852092374236, -0.48715461099495605, 0.2519693870909575, -0.40346305309935315, 0.27860759891792297, 0.09141507769353877, 0.0715161262351221, 0.29473546496568975, 0.09927296959917326, -0.20235003712685945, 0.5424393306491039, 0.3124082422697578, -0.05132506162918085, 0.12398312080461141, 0.29429689589345487, -0.13281713981695784, 0.07041421394861497, 0.47941544389731056, 0.10314485561528526, 0.04402280628684867, 0.248402136496741, -0.19730689635788295, -0.22067688714087144, 0.09189787576574292, -0.1951398575768773, 0.6083123301917258, -0.14487974010839477, 0.08964540206494492, -0.27468495481960553, 0.6784139636459947, -0.38519446140371344, 0.10890210050986154, 0.2834563495490842, -0.2696595204954114, 0.10152069352862685, 0.1295667071653761, -0.11332161542083263, 0.5036619720638943, -0.3952971558211319, 0.1842893042605473, 0.32802726521172454, 0.16376906133173805, 0.16866265646709416, -0.2666051125429507, 0.29417466243822255, -0.40114167332374695, -0.06809259650794747, 0.19924759033264236, 0.0665130277542525, -0.06242423389852819, -0.19064916150459335, -0.23463284109790536, 0.2443780302374322, 0.10472739948499854, -0.3621429507733328, 0.02525691592603185, 0.2101727808076882, -0.013479963975277115, -0.4106245339756541, 0.6705473501542727, 0.23546212639495506, -0.6703244986074313, 0.18338561676903115, 0.0967606926349309, -0.0035358530062932735, 0.01528012308984067]
-255.24836819052894	(9, 12, 2)	[0.3727576424694122, -0.06888399647561042, -0.07069513318464517, 0.07009223622111142, 0.2947119806034791, 0.13270571907754727, 0.2522726559933217, 0.1496971129373957, 0.05394845172288743, 0.06926528241787686, 0.27123766400560695, 0.052400847338388144, -0.10125284843144806, 0.07584942330304886, 0.13774413403736332, 0.07753541506778205, -0.24648511049578578, 0.5980119178829513, 0.0867621537817107, -0.21516219697804367, -0.05766739154871647, 0.045557924657295704, -0.3263355526100982, 0.13996183056017342, 0.057273363153979864, 0.2714517387307178, -0.2670511977373795, 0.14158317329524792, 0.020790443065217656, 0.11672695950039526, -0.17407237374854465, 0.262933802336909, -0.01755512566621259, 0.13551191524793738, 0.18147541963131872, 0.016360581920854083, 0.08808926765397487, -0.047516170936807926, 0.1315761140634231, -0.2601976144865912, -0.19045441566317062, -0.4318745232942619, -0.007752381969908632, 0.0932345738843219, -0.17306557934858097, 0.30404059932257405, 0.2147573452603978, -0.03334777949140573, -0.04570294269340286, 0.04320276681694679, -0.011956005157284254, 0.2391592118581701, 0.020175475477240117, -0.37058237545100986, 0.11013686944333795, -0.24261427288718826, -0.13340074803071228, -0.038914468214493354, -0.19562341980977802, 0.20215980858745486, -0.15959024185985599, 0.10076249406417523, 0.21076588461192058, -0.08300292959290267, -0.2947794580370137, 0.14702425644466285, -0.04650983942555849, -0.22379032701865215, 0.26137234012264077, -0.10260292634162144, 0.07750453311744745, 0.011608740251112323, 0.1385983649088417, 0.47091192613592314, 0.18942992536855038, -0.08112764942584683, -0.026802534479225607, 0.3767866865126809, -0.02548350233810494, 0.42646378288296466, -0.18527225394608832, -0.14890918186470317, -0.10298743060039049, 0.16681930959601116, 0.1212181508952159, 0.29260163007525314, 0.43071911957958453, -0.24335291052751323, -0.2699693021166493, 0.014318101576584575, -0.08041290883989749, 0.2905029295494771, -0.17617434406486876, 0.47445814768430095, 0.12479638919836032, 0.36551992943630907, -0.1707714432064493, 0.2920794846489734, -0.4239184922972673, 0.17211895533587737, 0.02338674930057154, 0.1955159470884198, -0.059294377835881915, 0.16614925904829134, -0.31907210732118685, 0.26560112252613066, 0.08911097321275692, 0.033454283358167844, -0.16683367234179244, -0.18848270861570549, 0.3703113502499781, -0.26400583338222544, 0.12526981491663763, 0.054896209489531965, 0.125308550638773, 0.10708042046653672, -0.18335955431504528, 0.0407183914065646, -0.09631379988337983, -0.3204738031093599, -0.12543054984434018, -0.10512607989528297, 0.045376095651067025, 0.05377814424587563, -0.2077466088669169, 0.40047361985136987, 0.3412397191297463, -0.06552623621640029, 0.20524739702271946, -0.13844601899981798, 0.14844687920709607, -0.08427978209621194]
-225.88264910928794	(9, 12, 2)	[0.09987942805040176, -0.0239973366334155, 0.12058416338045828, 0.20420761715099622, 0.2940736928584252, 0.14812620859274783, 0.26488238347736986, -0.1397778847294591, 0.05514152784946812, 0.08878193549759344, 0.6516495809933823, -0.03995512097569869, -0.1859344206317366, 0.056326617608356874, 0.0085792391463506, 0.1614962100142771, -0.22769367926507222, 0.5540982701051895, -0.0029216417338637952, -0.1584626423187227, -0.20126130253069124, -0.008207574234073346, -0.4789715283006375, 0.22658982658084287, 0.11865994436989294, 0.10038124528338047, -0.2813248803144297, -0.0652093449228695, 0.032518861687943476, 0.1183802642474778, -0.0490532691500289, -0.33048899149510697, 0.05916789754285376, 0.10460169003553572, 0.16465822635708932, 0.05612621430829565, 0.03531250010374257, 0.4859241186667016, 0.3499089118999731, -0.11553721945629812, -0.0693190252629517, -0.3619040652451399, -0.06348198161461825, 0.5308148706014022, 0.022587706276276837, 0.024836347249263858, 0.19015821809380118, 0.07324106618554824, -0.07904457605333173, 0.11866958446994369, 0.0731751482171448, 0.2815782105637881, 0.20623555300307975, -0.4398828526227134, 0.2712394033174865, -0.22404759659399567, -0.2531510660966402, -0.09298100223071402, 0.14052038281218676, 0.002105358385001513, 0.15072643989616347, 0.21930068196471478, 0.5714453632695337, 0.0031143701942364377, -0.0856606030263946, 0.33312367854349995, 0.14656039826928793, -0.37709975214776104, 0.31057338012816904, -0.15504181118329327, 0.21185812733759218, 0.02448936210894915, -0.051680462784114894, 0.4327672908805761, 0.15553400854450075, -0.030720689082247392, 0.14734758074733287, 0.2918797220295582, -0.05161948214613786, 0.37541681731409665, -0.09072392357917988, -0.2040839767891674, -0.043034729143462964, 0.16484704939755176, 0.07824941318201875, 0.20987276572213925, 0.5840900868963711, 0.056497041333708115, -0.4300598814755364, 0.04863442197619304, -0.23629390654062757, 0.6831409560462975, -0.2146287988339141, 0.29289850957189745, -0.05257645470815683, 0.4830297588845891, -0.26248908089861894, -0.19372163182357394, -0.43758554782692755, 0.027666533236472904, 0.05070363847788448, 0.30197162166491953, -0.04505115169387713, -0.4203989471854852, -0.30230625965739405, 0.22348030174543895, 0.23058253512609833, 0.04933470866982067, -0.10555981939310428, -0.20442027372827495, 0.23203501232187018, -0.25181395547085894, -0.021319250374813907, 0.02649472049550563, 0.11386982236794654, -0.04787654710231638, -0.14622086946240678, 0.16967304215071477, 0.1490757417082884, -0.2709685396971804, -0.10380626669699311, 0.06715235176253563, -0.04656598608551966, 0.07327925173421986, -0.36636615887156326, 0.4549086422957056, 0.2723726854864344, -0.3890835682493017, 0.22151255359610011, -0.15829068222598797, 0.10102235118412776, -0.0014487235078258325]
-345.1188953849483	(9, 12, 2)	[0.24693469449386643, -0.048995851635486275, -0.0686073176252116, 0.08994893826375208, 0.22423601821054356, 0.10277030796132444, 0.227696732662365, 0.0812107382173813, 0.027407606551092697, 0.011953226938467728, 0.29980782768004555, -0.3266959781562504, 0.07201279317717031, 0.25166481682996855, 0.1191525837288457, 0.02206986920147974, -0.17013220866798395, 0.5347536204506328, 0.03191825261427258, -0.17525946626952738, -0.7084270488182692, 0.007567421821250466, -0.15198356950846728, 0.2844480385169127, 0.10598956317701579, 0.2168817844162605, -0.14180976860659653, 0.14362799675140298, -0.0022842705753494757, 0.055914502755415596, -0.04331901599124825, -0.017803817660407124, 0.009497638458861968, 0.2702607958401467, 0.28605478078980695, 0.036174785378323436, 0.1331919649810265, 0.14665214824564288, 0.15357565161064707, -0.019295817772566955, 0.16271426944813394, -0.23857049555734486, -0.20149738889230373, 0.22488917654121926, -0.3481326852473697, 0.34407214678356257, 0.28691701043813855, -0.04430148179593584, 0.11846486191576758, 0.4308791070959895, -0.032464595983240245, 0.08377944631078799, -0.027700660496750917, -0.28628899007872843, 0.18664905969413798, -0.1775593960057758, -0.05288409913653429, -0.09279889571263523, 0.1296461974743929, 0.06796402575298756, 0.057556098162995444, 0.11258158793996764, -0.011008557950343903, 0.3221276821179432, -0.16104522991227593, -0.1217575018469831, -0.11210253335861889, -0.39126940731578785, 0.2525736172800557, -0.10270292489380917, 0.1480092812854183, -0.07007938813323283, 0.09965890738918445, 0.054740624906371715, 0.09529934050557412, -0.21738629325091494, 0.15511178268448456, 0.26667885962261983, -0.044921700988046494, 0.19109310353479453, -0.04744727772548653, -0.21855927860096003, -0.009291499716599, 0.3355616291019937, 0.075395235301106, 0.01009790051031692, 0.17657531164750326, -0.19464736867804638, -0.21782289590605977, 0.023766461134496993, -0.23003240722200086, 0.35586560541378653, -0.2267016114869034, 0.18848562108773428, -0.09134481116642607, 0.307196459085779, -0.3616319744100951, 0.15390244464426459, -0.1208172949414272, 0.16263350978044686, -0.03622368287507642, -0.16018932670578998, -0.23754629945224523, 0.2720716597269094, -0.27117583003818035, 0.2289666479230278, -0.17314602766179552, 0.41410324974927176, -0.017109836403519083, -0.1510669501038593, 0.3368986652602885, -0.24740737548305497, 0.09185554701063423, 0.08251098451365113, 0.07722919518290437, 0.025715287462191375, -0.4081166700472214, -0.17063291282225543, -0.16101700584476578, -0.11546176780891988, -0.26656089738283634, 0.16249763371626022, 0.10618013733142136, -0.1516570506454675, -0.2180152373431145, 0.4612469457646855, 0.14481666573252802, -0.3915031386791993, 0.0937287120375418, -0.03285895750633736, 0.057779494665523526, -0.0763467013714068]
-227.19276024127782	(9, 12, 2)	[0.24001665398248592, -0.026793340083685172, 0.13404105712099426, 0.13456338753706332, 0.32582877599848203, 0.098269773513591, 0.18971055397082, -0.1226681363313221, 0.15322294485672117, 0.0402346667168084, 0.35008471466596147, -0.07845854812243676, -0.1526381925265591, 0.07773924981815467, 0.09937620386808309, -0.1274987573541687, 0.4053473768604021, 0.5808048172168334, 0.1700192437904655, -0.18412394137206678, -0.31582729171873336, -0.13635584912949103, -0.17961181350142646, 0.29613700963796674, 0.12680846400632934, 0.09651570312237835, -0.14353705649585455, 0.1630755297559053, -0.040737770481380976, -0.09325109054722479, -0.19198695945283611, -0.03168609257997177, 0.0738095785733083, 0.3281289656058868, 0.5192428064396967, 0.021846036689274956, 0.08364944576304323, 0.17661300046347117, -0.02531761414135615, 0.06429510183232637, -0.0807531858645766, -0.31471512135080215, -0.04675472273140514, 0.22220752591183604, -0.09436757513590859, 0.09710825553557516, 0.18479283164503785, 0.01387372327349867, -0.1883209959098146, 0.09844388235592759, 0.019235279850151735, 0.19034353080071556, -0.11214455952273954, -0.28892751746245415, 0.23462654613064932, -0.2968820101881997, -0.06210472796662391, -0.06498712833599576, 0.10204739490280397, 0.01045964916740055, 0.07770567240753502, 0.3183587724543052, 0.1323736158213707, 0.14687423807784655, -0.06631566055596622, 0.043987624686344484, 0.07630497677108006, -0.26650321113886644, 0.1254736956781861, -0.19262202603049522, 0.2042590421607071, 0.018591332304760677, 0.07427397183773715, 0.0455659378371373, 0.0848219804512863, -0.17704920192404938, 0.11796680498178358, 0.3682549785287784, 0.056363372468263, 0.40647015496700967, 0.06744037171684, -0.21435447969053947, -0.01022233762597335, 0.15826547696987972, 0.03191660425133147, 0.21354254552038054, 0.19318439651116975, -0.36007609174347555, -0.41830344173247924, -0.0698813357466336, -0.1293766695999451, 0.5519099954698291, -0.14158843002807203, 0.21861811673232895, -0.007183633192505554, 0.3032272519032919, -0.16517681272409754, 0.0190512272704009, -0.28700448181959504, 0.05253008780436029, -0.04616340944408541, 0.289563348639893, -0.151589597426373, 0.47193850115802005, -0.30895646489122564, 0.10232438188021245, -0.07773765482374272, 0.12848124552070245, 0.1129745078037054, -0.14500345144746668, 0.36078066891645744, -0.056138143872359006, 0.22411610004436183, 0.078317676724896, 0.15572369674074582, 0.010934748145928284, -0.28924316135752337, 0.09894572829335349, 0.02917727655895625, -0.2227203905208687, -0.003967381300273437, 0.12002558784425692, 0.09650377008701425, -0.022221298450167234, -0.20853341693530875, 0.4290747265688706, 0.1724624592418519, -0.3194662214653433, 0.15752207799198018, -0.14538128854419696, 0.13293673615527338, 0.11892628686696449]
-151.34674280449366	(9, 12, 2)	[0.18611499779097873, -0.07932362583482867, -0.01631020880034313, 0.14566460425107627, 0.2886763755236241, 0.17156627543607633, 0.22513643771296132, -0.0368755316748743, 0.04675906935052852, 0.034380986311217346, 0.43409846756969234, -0.14361729771917459, -0.15586750444495912, 0.2488763482856621, 0.03319312260445481, 0.07865330747224601, -0.16851621828863775, 0.5593472160332926, 0.17187861305224372, -0.17962999867793736, -0.43153428869513943, -0.030111001860379228, -0.1853490264870386, 0.24420550588361523, 0.1539591465392801, 0.10638016352175558, -0.13619346136281535, -0.009482645794897396, 0.02293439335956158, 0.10323008923287391, -0.18888102279812094, 0.11575940350981603, 0.04345629637997438, 0.12209259335047276, 0.22101874729748067, 0.011376749979775534, 0.09047091976018164, 0.4375645249662869, 0.27804246029623897, -0.08648148409577827, 0.1284055368179867, -0.16739309741825892, -0.0670903380410686, 0.2989795101418861, -0.18186395095130017, 0.2196255862460987, 0.25960729277150585, 0.07074695928478261, 0.08192131414540238, 0.3285354487275452, -0.017449477692997595, 0.11432907539678983, 0.14851603887770853, -0.39835877615293347, 0.12201512657209249, -0.2124355539974879, -0.10992160235990606, -0.03521036151513515, 0.15023892663504954, 0.06713682884017107, 0.007353715020167044, 0.052771566137419824, -0.002854809016736709, 0.07524876673242209, -0.07838457494910546, -0.01727484250207031, -0.08620448913273195, -0.35424116997788613, 0.26538391845415843, -0.1988731716477453, 0.15119187971858328, -0.0798060813328442, 0.031584490237157786, 0.4393746732982913, 0.17900845469725427, -0.15117284054649954, 0.12210866902586627, 0.2582209311569764, -0.040740813629181985, 0.2372171231024066, -0.09942884033884825, -0.16963706818795196, -0.03300193105123329, 0.2759753546075596, 0.09295491830757709, 0.024479711581056524, 0.4097064952177266, 0.033291081559046795, -0.2606791164079787, 0.03392482435350336, -0.2026146386126822, 0.44580543967476094, -0.19297633847878512, 0.22196059285874697, -0.03668112938244354, 0.3857888606423605, -0.21266593513078555, 0.05466226968724032, -0.09247095712621377, 0.12063399509821204, 0.042528807083412536, 0.0360714190643477, -0.06111587724782104, 0.11181430917534113, -0.2911992609484201, 0.21397166923692568, 0.07056850116314221, 0.1593119141677691, 0.01650210896872209, -0.10850570406655796, 0.24961923153138899, -0.0644660223105923, 0.00871586037473085, 0.009650451851071195, 0.12800773663697576, -0.043405613325185, -0.1679500245862346, 0.09787206043164363, -0.11976102383939449, -0.2169845803425991, -0.20339656537176637, 0.03748480339759547, 0.0496840564255724, -0.0040070014857904075, -0.1971153264092979, 0.43985891248081066, 0.2484042698554642, -0.4836724005671662, 0.18054671043418302, -0.06364827714287684, 0.07449795863391248, 0.06547098472545836]
-256.12874713739166	(9, 12, 2)	[0.2834773528201968, 0.04494622373628995, 0.2678352303479704, 0.10484659669335228, 0.33175641100355235, -0.01241689968680175, 0.0774612450674518, -0.1910886222609361, 0.13661893643595213, 0.09517682560355052, 0.6571933968756412, -0.03115370275170949, -0.08244175711647533, 0.08368714460718053, 0.1682850746874977, -0.05902681573070977, 0.4342000661048621, 0.6627527041916034, 0.3637861798545281, -0.3753266359828247, -0.397468672134492, 0.0031854932444047995, -0.18432300810129998, 0.33010813107557335, 0.2196744205140549, -0.012862894190538779, -0.039440890909040655, 0.19977795098471945, -0.04934181091780013, -0.09979203677173538, -0.2122903918830855, -0.0515370872709645, 0.17638210432112325, 0.48903941139303786, 0.5428214306404406, 0.015573626802635063, -0.001217165600706534, 0.06743234126626337, -0.02691860959156815, 0.131627489547833, -0.0238531191370756, -0.27023826774118875, -0.03515014966441515, 0.19302540040943078, -0.01701795966384359, 0.04602522492920883, 0.16938369971214112, 0.041567229586649816, -0.20010709025419, 0.5833755915084626, 0.07774502641424492, 0.07454368254378049, -0.12213340226596839, -0.22312057108850863, 0.22120968679120157, -0.33605511218011774, -0.367404536871348, -0.22211797271338857, -0.01791699537695436, 0.01641011709936715, 0.2603243996971369, 0.5604610103948728, 0.11779115628634157, 0.1670121489402595, 0.14984183833236825, -0.0009943498839793813, 0.1258738348281716, -0.23387679977130107, 0.10780465788659947, -0.07215310066698269, 0.2387577821016192, -0.0161543180710437, -0.2036707250068276, 0.2733101616440032, 0.016803694401373335, -0.23949850034455306, 0.25314428024425223, 0.3844106624545786, 0.08091130964354014, 0.5587262516068665, -0.023413284489315175, -0.22108509456182796, -0.010059101475161526, 0.1540002083612796, -0.0027246272038761454, 0.20636375230162546, 0.34429713313855115, -0.30922461567565107, -0.28201712854874583, -0.07366704304575153, -0.026250164457617048, 0.5459065549967782, -0.261392610584603, 0.05911508581213033, -0.007259280120845604, 0.396459962883085, -0.17473466853474806, -0.05599786174369076, -0.1475787064821244, -0.15449792943662813, -0.04555422620337048, 0.3083499766968238, -0.023096570491079674, 0.13539876253270594, -0.35502106009361334, 0.09937870879633576, 0.2559635161299859, 0.28951674539770145, -0.011451024879508075, -0.2366210699236016, 0.324245201959901, -0.010515563158667848, 0.3259145762570801, 0.07699848452390415, 0.2536919775677753, 0.010847594766452896, -0.43787475945063686, -0.0070996622345313315, 0.06417321899681579, -0.17216419446113998, -0.0029257927256819034, 0.17367699735145706, 0.0942451697507933, -0.09442591778002866, 0.047377703743351644, 0.486429890673956, 0.1194014133148236, -0.5388278840519821, 0.20238306659792776, 0.11386396755054524, -0.038155424077725084, 0.13794707571458337]
-201.06659021926345	(9, 12, 2)	[0.15699411943125668, -0.18609887027582403, -0.13271517322953508, 0.19967334980949622, 0.2950034859460342, 0.11543322130648645, 0.4592391927751287, 0.11235589322490892, 0.0835269781467672, 0.030587793062897523, 0.5098896167056022, -0.19146910083441995, -0.298636853312031, 0.17555776033416676, 0.04646953800929176, 0.07023966448351744, 0.0589011055553746, 0.41616227861852206, -0.013132114626056705, -0.2878390811999645, -0.37299468862538465, -0.023482332558643845, -0.1911991915023752, 0.35674607237398687, 0.05659825221181509, 0.014133405088729147, -0.31094523453618794, 0.14673744116035356, 0.011024613791058397, -0.04461427131046882, -0.20541674695332954, 0.006070497203632419, -0.38221060076661273, 0.27622453817402326, 0.3097629135944052, 0.030291039872296338, -0.019340501132165025, 0.23189849480417551, 0.032250153096730294, 0.06361899487056745, 0.15387519661516774, -0.11925696353460902, -0.06827074559515818, 0.19317303605328023, -0.17264861233105538, 0.18520029948061298, 0.17866389165764873, 0.10769504677792069, 0.08127049176857942, 0.21942177418478212, 0.07699679726490688, 0.07577950545823339, 0.012006956702828114, -0.010305525545795738, 0.12728862450165446, -0.21844227081075943, -0.1452826917717301, -0.1552396595384044, 0.007756471859129834, 0.090379063084354, 0.10538041316895237, 0.18814836057755674, 0.11243521425947627, -0.11314187743627091, 0.21792266683679062, -0.047096655801008365, 0.0749687575591967, -0.3650535571855676, 0.1431090968068506, -0.062102361246012566, 0.13614545370783906, -0.050099830177774696, 0.07104537491653798, 0.14147581564091483, 0.04266434534238915, -0.14121655598184085, -0.042834328161665, 0.2312704004200361, 0.06132509221769388, 0.255338054706363, 0.01624131130228503, -0.22992912608238653, 0.023978277245029482, 0.42689796978097616, 0.3183200148928473, 0.032532760340919155, 0.42568486959593277, -0.39011405130492366, -0.27370847737370524, -0.018946419706762137, -0.2929197945230478, 0.7488228756154518, -0.13917986088657536, 0.394271041512452, -0.12164309618284253, 0.42066963132091784, -0.2848542318682028, -0.02545855505484796, -0.18971723440308613, 0.13758981131097298, 0.03191147319047982, 0.1341783807352896, -0.09878699681788534, 0.0456338691749704, -0.312155233656453, 0.203841237023399, 0.09441896114257467, 0.22579088515985268, 0.03843634181700761, -0.13146823140563235, 0.29568791941250283, -0.2207616967957487, 0.32340779208010384, 0.013377140469589627, 0.046127880705459305, -0.25683561440494085, -0.25068696224609127, 0.15518106735122325, -0.22305512097652636, -0.18052632389373538, -0.1549743308062065, 0.12418178093707663, -0.05538613712898318, -0.01779191103109662, 0.059533137508822526, 0.3457191824082255, 0.18077441204408942, -0.5472701668594501, 0.09142680023781642, 0.04351934809777368, 0.06921277928126111, 0.06496681038223581]
71.5964240180204	(9, 12, 2)	[0.22167801435024387, -0.07892726043924835, -0.16199277362244954, 0.14695994037383805, 0.2725688150523265, 0.10269350154314962, 0.27377650069323267, 0.10388057414508611, -0.008018941069958877, 0.024806869380331262, 0.3605740808549224, -0.13914246887369378, -0.08790433433891313, 0.17990866475026895, 0.09700138747861899, -0.06241302442440455, -0.11427121353518836, 0.534395398238793, 0.014890433765518376, -0.23875282973251163, -0.5298025137976514, -0.022537641944772327, -0.26023537008639536, 0.26100061260149965, 0.1471461255923314, 0.13456320990971798, -0.22245634450549512, 0.14226444596091112, 0.0022516580598378466, 0.0562512567359633, -0.2014951311846072, -0.031524021519583154, 0.00029539972771078227, 0.19047477840333063, 0.18006043850583817, 0.00970984322704566, 0.07261763930716156, 0.13623006067441137, 0.16310644904978044, -0.03674454400954011, 0.04593655588292002, -0.2132000465937847, -0.033591832719130105, 0.2644859610281609, -0.140483288461345, 0.2830155312051082, 0.21262258248144875, 0.04648182618984675, -0.044753901223097185, 0.19802483280981195, 0.032012161821632204, 0.15313330193568844, -0.07497930739644593, -0.2282415114572556, 0.23396852981981345, -0.19398965866848422, -0.1569435223190786, -0.18417026065853961, 0.06703108026236707, 0.02962019239439889, -0.04010095848583332, 0.132225134633765, 0.11386939479546807, -0.021177759624097552, -0.06753171100423552, 0.1736861315758418, -0.13823021388352077, -0.33925164866043356, 0.25831247073061636, -0.1279508254437614, 0.10345077832366967, -0.047589684874366545, 0.10964303485637833, 0.2960327779098948, 0.10867411693925508, -0.13930143807313392, 0.08225514537178583, 0.3029921779907533, 0.0077313734762986825, 0.2740144772011107, 0.002025235314460687, -0.18682387094989755, -0.060854553526054546, 0.3125151166326626, 0.128269268953563, 0.010413470956472394, 0.2900940256927336, -0.2560861083932498, -0.3011691712233815, 0.013781656097251205, -0.331036124564181, 0.5564409471032105, -0.2421934954380705, 0.4383487516116863, 0.02555108816115905, 0.42865361648789735, -0.17051590794654242, 0.02153052391775357, -0.19687520437504197, 0.10560351388045129, 0.030956498282834994, 0.11883021972190679, -0.08220649501168782, 0.18796969163657243, -0.24159021625449845, 0.2730513205401078, 0.01746088213772661, 0.2091460321091256, 0.008541137677056785, -0.1016373145414947, 0.31549830621474384, -0.24982842639960112, 0.12988696349639994, 0.026298135819280147, 0.06830216401133844, -0.10439046648912771, -0.30430720265565486, 0.11658743681501968, -0.0829185778994265, -0.23391778711971134, -0.18270880842938755, 0.05894998626360155, 0.11782596565424587, -0.017803505413248745, -0.19368185326240264, 0.44440598667531317, 0.250577308282254, -0.4277543618959861, 0.16753891177562902, -0.0879003969088272, 0.09371845565287545, 0.014872628811363486]
-14.705177108792043	(9, 12, 2)	[0.21739331631651038, -0.054165598490035716, -0.28392691210767085, 0.16390647947424192, 0.2534162006470974, 0.008034349268831877, 0.2748064438508846, 0.17408583482870427, 0.12683842900732395, 0.11522150361228974, 0.29479533123004054, -0.22949426513563453, 0.020514924654091098, 0.18974142060665028, 0.05358329422159401, 0.05261638722734415, -0.04668675182547968, 0.5068524438026867, -0.015548367178555223, -0.26237380810002464, -0.21773615205255975, 0.03693430916777443, -0.23972161177942944, 0.3065169204105619, -0.07460952959381226, 0.0906501499631392, -0.22975314763543592, 0.276500665180262, 0.05830268008528869, 0.09565940294260879, -0.19246919456910086, 0.034821714869943184, -0.21203126411653897, 0.1762496942890014, 0.1544756088191243, 0.012589937802272948, 0.004184496081126423, 0.2821865515908577, -0.060705216173136324, -0.07297765154682592, 0.05563139572728609, -0.3189196988445551, -0.09703019567874452, 0.24985187494524927, -0.29129912397361024, 0.12348321430633424, 0.23204742343533313, 0.09452847631729736, 0.05916293629010684, 0.17391201836048228, -0.02884180208515193, 0.10818913403923622, -0.08162694706898577, -0.05156416983994518, 0.2437932149692092, -0.17831009813119725, -0.2930931157442717, -0.15140570365425246, 0.09881270842477266, 0.06938703316814575, 0.1209289314685654, 0.15668877227455102, 0.11827762106689034, 0.2674790201608419, 0.030292137623140827, -0.06452094568279158, 0.004046064386742602, -0.3794889561148419, 0.2474150206596736, -0.22860471612625408, 0.13008204199808596, -0.07254873447200892, 0.1147649027420517, 0.09520605795964523, 0.0598085463718376, -0.18172082038443532, 0.03561255775001998, 0.25409787546246787, 0.044800364709102064, 0.14065235758136152, -0.026491327928787833, -0.26637658271779957, 0.008241895465619707, 0.3479577694531626, 0.11626485554272947, -0.06488878504510315, 0.04906085144573647, -0.31624577279171867, -0.3101811841967964, -0.031835154487675134, -0.3335188485124525, 0.4272157987615041, -0.15042818820204057, 0.32252448000847533, -0.22326594544870904, 0.4098594808246191, -0.1519365843557537, 0.06403673105045024, -0.2893081169418673, 0.19279146963594404, 0.03614251401259544, 0.03190151500244395, 0.0041609022163766815, 0.27433296292191944, -0.2955772380435831, 0.26657244461015833, 0.03267902576074649, 0.20368149908008473, 0.11676641395442339, -0.1621381939090991, 0.3400187139256615, -0.29480878622891415, 0.25618203457635663, 0.02689036090349072, 0.0835925041513758, -0.1387430156760984, -0.37407071050437324, 0.09855797968587293, -0.2084684102830102, -0.3036486681205868, -0.14957649803331435, 0.1210608359267264, 0.04537135254651095, -0.07844664234941864, -0.11213046986999388, 0.3990314427747904, 0.24491535452646274, -0.46216900282902795, 0.10120622657738024, 0.030021019597119357, 0.10008305518423014, 0.07840004438876884]
-446.2128666380928	(9, 12, 2)	[0.17078049517526422, -0.11215003102335959, 0.06661979661107696, 0.17099164186540278, 0.250094940589278, 0.09420705527938276, 0.20232138840768882, -0.09858749677765208, 0.11464241002573039, 0.006861636397018528, 0.3620401624052493, -0.08225233345111624, -0.1236014144749852, 0.11049870675461104, 0.09166780103848977, -0.050528717633081456, 0.020242057578095107, 0.4546202844470675, 0.02961534852159447, -0.1257089481626132, -0.3487789316659981, 0.01398860212016219, -0.25720328933468006, 0.28681979697635956, 0.09137498599915005, 0.06993179785923653, -0.2875046697598618, 0.12130398764545805, -0.000230547339059996, 0.0818675787628432, -0.18745847389605197, -0.03651402942061693, 0.04683561809495218, 0.16008962860018167, 0.5094479131061, -0.018510440973472833, 0.04491931805601015, 0.11582903574793012, 0.10402950797458314, 0.05984822179408152, 0.14304062968435477, -0.21307292647602993, -0.010404806029446727, 0.2501992064927771, -0.12028927653499005, 0.1385419467731729, 0.19714847718520828, 0.015906131706480402, -0.17660302770799077, 0.10873458664613833, 0.08182085013538211, 0.17049744072982803, -0.06994577101697347, -0.32176305530885807, 0.22284102490127844, -0.2898894440592927, -0.10450220700335025, -0.1016616628747574, 0.07499729367156507, 0.0432858727712573, 0.07488790242186116, 0.279962905108206, 0.1314235886252763, 0.13779840164932974, 0.003665820020221899, 0.048380275992654785, -0.004652968865627112, -0.3214964212158034, 0.31513119263064915, -0.21186609887649505, 0.19218728538113983, 0.013548862496222303, 0.0890585943613728, 0.14165241091433806, 0.11840091028926818, -0.16530876157978647, 0.07640066757744637, 0.2815183576179263, -0.03842722265398977, 0.2856639343357384, 0.03488051598366523, -0.21498192189476234, -0.009900241900957065, 0.28412442291844986, 0.13838302037526384, 0.14985405219848458, 0.312591894234552, -0.1449768902288669, -0.40636035786695807, -0.042407165888550216, -0.208815120266217, 0.5682661618082968, -0.13746518656639284, 0.3192884496987066, -0.15608262391428074, 0.3478213890869033, -0.2506729291595567, 0.01632306217524744, -0.29852312994452296, 0.06971085134052343, 0.0022935869178316148, 0.2125599311125464, -0.13356368337781638, 0.36655035612145787, -0.3100280468730046, 0.14778014221138802, 0.06242952350865403, 0.13531777664342365, 0.045405580213759594, -0.15679986764773074, 0.35725207884864013, -0.16702110178162197, 0.12525522329710223, -0.03848622023536327, 0.10830243760055117, -0.04737812703010306, -0.31371744239973176, 0.06148912920390294, -0.003487973425542583, -0.218523998607837, -0.14168954958071425, 0.10931468740304649, 0.06903948417318709, -0.022294240224821703, -0.20239731662725266, 0.42950073386848925, 0.20223344805988297, -0.34881671398409864, 0.14909586739331038, -0.08606323425186824, 0.12237289556860691, 0.09044819199007056]
-22.844475610040718	(9, 12, 2)	[0.16864462106820158, -0.0722163733826156, -0.16126601437423801, 0.17219079691623895, 0.2696241273484034, -0.05671059978776637, 0.2664215895760892, 0.08402017788415811, 0.12894575830305202, 0.02186055628004032, 0.39973358362415845, -0.16019898421518047, -0.08761780706075073, 0.1418904609342559, 0.08900976175488597, 0.018626330936617214, -0.11954389524346279, 0.5146040717549979, 0.0172873147985062, -0.20517588736574555, -0.36144375429001935, 0.006667522891774249, -0.15762027650671762, 0.14270527186113474, 0.008123097134018813, 0.11741147488495095, -0.2224088944716241, 0.1668970326406385, 0.0103841481377975, 0.06088398684439468, -0.19858692939425565, 0.012384591252507522, -0.0021234766141543784, 0.2219264038313504, 0.24265947711070895, 0.07094561348739309, 0.0970319124020365, 0.14564559655415416, 0.15176706297135292, -0.06421280619110933, 0.02383655963928751, -0.2162692881439758, -0.06526456748264976, 0.26114472762997215, -0.23356172915745682, 0.2810928953533803, 0.21284305447236657, 0.04353915951969579, -0.019446105475432813, 0.19922713143295295, -0.04178622628530746, 0.13247034298461485, -0.07666118686790835, -0.18598816678376434, 0.20001632519785303, -0.18548546111639352, -0.15004618688376756, -0.11769603385196753, 0.05656809509139338, 0.07102739471604194, -0.03710001292681208, 0.13361196272538942, 0.11552163985233657, -0.007736389249313708, 0.02029217585467266, 0.004128553387709594, -0.11825424243034399, -0.3522237748220082, 0.20893499640352048, -0.12860011511329217, 0.12921173698347896, -0.05215207205844724, 0.08807371004004676, 0.2338880354630084, 0.1033816106587135, -0.15694620696576644, 0.11396016109760332, 0.24205987210465463, 0.004144071191589806, 0.2661338484247271, -0.022511761835985127, -0.19347897509063655, -0.02125584736164044, 0.3464840401671542, 0.14923200082534932, -0.03355009491305939, 0.26769274643263047, -0.26373890245306975, -0.2971266093160525, 0.01033040204587402, -0.29490592186943965, 0.5007069256773926, -0.25976783149264354, 0.3280418479162742, -0.1840025312180713, 0.43233227162762095, -0.17014604680209117, 0.038314269274052404, -0.18239394860186411, 0.1302143445048457, 0.011619149327493142, 0.1035691707161952, -0.07549923695464254, 0.21497576290172588, -0.25409547548108014, 0.2605890887928397, 0.016858104300634356, 0.2683045777246407, 0.12546503949498092, -0.1290782726398273, 0.3119407592783886, -0.2809584095596422, 0.27193684013381364, 0.032681504306460496, 0.06767870418817702, -0.11074175977351758, -0.27777021652351896, -0.005694623320520786, -0.016111049233913488, -0.13515761886387803, -0.17526077408554205, 0.07654498728681293, 0.09134543254023435, -0.026703504285323303, -0.14221753181673566, 0.45037725390125033, 0.23188213412534514, -0.43792520226935555, 0.15787873164646066, -0.07636391303107047, 0.0836506253676386, 0.013026320109542154]
-269.7963406455158	(9, 12, 2)	[0.22167801435024387, -0.07892726043924835, -0.16199277362244954, 0.14695994037383805, 0.2725688150523265, 0.10269350154314962, 0.27377650069323267, 0.10388057414508611, -0.008018941069958877, 0.024806869380331262, 0.3605740808549224, -0.13914246887369378, -0.08790433433891313, 0.17990866475026895, 0.09700138747861899, -0.06241302442440455, -0.11427121353518836, 0.534395398238793, 0.014890433765518376, -0.23875282973251163, -0.5298025137976514, -0.022537641944772327, -0.26023537008639536, 0.07963353571246964, 0.1471461255923314, 0.13456320990971798, -0.22245634450549512, 0.14226444596091112, 0.0022516580598378466, 0.0562512567359633, -0.2014951311846072, -0.031524021519583154, 0.00029539972771078227, 0.14907252265665522, 0.16414506475154556, 0.00970984322704566, 0.07261763930716156, 0.13623006067441137, 0.16310644904978044, -0.03674454400954011, 0.04593655588292002, -0.2132000465937847, -0.033591832719130105, 0.2644859610281609, -0.140483288461345, 0.2830155312051082, 0.21262258248144875, 0.04648182618984675, -0.044753901223097185, 0.19802483280981195, 0.032012161821632204, 0.15313330193568844, -0.07497930739644593, -0.2282415114572556, 0.23396852981981345, -0.19398965866848422, -0.1569435223190786, -0.18417026065853961, 0.06703108026236707, 0.02962019239439889, -0.04010095848583332, 0.132225134633765, 0.11386939479546807, -0.021177759624097552, -0.06753171100423552, 0.1736861315758418, -0.13823021388352077, -0.33925164866043356, 0.25831247073061636, -0.1279508254437614, 0.10345077832366967, -0.047589684874366545, 0.10964303485637833, 0.2960327779098948, 0.10867411693925508, -0.13930143807313392, 0.08225514537178583, 0.3029921779907533, 0.0077313734762986825, 0.2740144772011107, 0.002025235314460687, -0.18682387094989755, -0.060854553526054546, 0.3125151166326626, 0.128269268953563, 0.010413470956472394, 0.2900940256927336, -0.2560861083932498, -0.3011691712233815, 0.013781656097251205, -0.331036124564181, 0.5564409471032105, -0.2421934954380705, 0.4383487516116863, 0.02555108816115905, 0.42865361648789735, -0.17051590794654242, 0.02153052391775357, -0.19687520437504197, 0.19446245303059537, 0.030956498282834994, 0.11883021972190679, -0.08220649501168782, 0.18796969163657243, -0.24159021625449845, 0.2730513205401078, 0.01746088213772661, 0.2091460321091256, -0.042351029203406616, -0.1016373145414947, 0.31549830621474384, -0.24982842639960112, 0.12988696349639994, 0.026298135819280147, 0.06830216401133844, -0.10439046648912771, -0.30430720265565486, 0.11658743681501968, -0.08057486163424978, -0.23391778711971134, -0.18270880842938755, 0.05894998626360155, 0.11782596565424587, -0.017803505413248745, -0.19368185326240264, 0.44440598667531317, 0.250577308282254, -0.4277543618959861, 0.16753891177562902, -0.0879003969088272, 0.09371845565287545, 0.014872628811363486]
-521.7817375634667	(9, 12, 2)	[0.10449459065023005, -0.07089273561569998, -0.029268692749665724, 0.14989578534663928, 0.22616333845198466, -0.0359708039139279, 0.24354940787241586, 0.09128271976672124, 0.1191311587487594, 0.009256597553385237, 0.3987838061202034, -0.1539918281295686, -0.07486884353126863, 0.10907508245743339, 0.08034160722813018, -0.0413449194525191, 0.015735767999032372, 0.5179469517862557, 0.03749157203745333, -0.15724283101999548, -0.4408441198940028, 0.010207906174813684, -0.22979234101266677, 0.2871502010154995, 0.015241180336051437, 0.0804806427664686, -0.2770619197053774, 0.1584892042206081, 0.061978215654332945, 0.06840390234692025, -0.2137892519770923, 0.05145382421120586, -0.19970189206999572, 0.1746336829198995, 0.3012199276627547, -0.009923994671253936, 0.0602871846925607, 0.208417380438203, 0.06755985586870439, 0.05807105686873361, 0.14630285593184192, -0.21696630896428953, -0.007697248306733746, 0.24738056697280472, -0.22684538827738115, 0.1512975781038166, 0.21073260248391376, 0.10962703604069542, -0.06993199898151875, 0.26563657685150033, 0.03928916338030806, 0.12689230129056692, -0.14694354552125855, -0.22891476157420382, 0.22172097862605555, -0.18644330692363908, -0.19150292209612582, -0.09532581616649528, 0.09320396136991585, 0.07324959762821923, 0.002930142745224809, 0.23985305681448965, 0.1978214215870039, 0.1537926079579678, 0.032479910029295136, 0.045739065785626296, -0.08705775246078976, -0.321529397999038, 0.31341047725269966, -0.24360779805361032, 0.13044555373909458, 0.010111813640312571, 0.09271756938958717, 0.1467136931517802, 0.14121321045436291, -0.1816144670207454, 0.11229859150826466, 0.252363825614412, -0.03383566392339278, 0.2417870358782428, 0.06361660598278594, -0.21587101152072924, -0.0041144817794339554, 0.3616118046571882, 0.25119244581168704, 0.09510686349763424, 0.2505144668757081, -0.2978653294065633, -0.37527198223226366, 0.024190886774282622, -0.2816444816776423, 0.5385277833031645, -0.13351310578245168, 0.2523368869865046, -0.18150036969629887, 0.4092224284155893, -0.23861530699770608, -0.0066168612560908715, -0.1469032225835629, 0.08596166149657943, 0.03597897467557297, 0.08912644358666891, -0.132455751241661, 0.36526091455099846, -0.24043483717498482, 0.22282125028381827, 0.06965919383583133, 0.13540361662215455, 0.06463157243705941, -0.1559131059998888, 0.34383747905484774, -0.3018870730972441, 0.14404680827484143, 0.031870741785500686, 0.052890715530708524, -0.046691794105416934, -0.31969751873945546, 0.056289750792269194, 0.019103213600045035, -0.14313090012954716, -0.17815675017615556, 0.100979241745699, 0.04696833060834547, -0.017896122964155013, -0.16914372912414471, 0.42744530203333275, 0.20523206346392192, -0.39732244935841476, 0.11800233902617413, 0.013222807169251824, 0.10830968905151103, 0.08600226278626727]
-251.68939108853448	(9, 12, 2)	[0.19540763657792237, -0.06996509139784589, -0.10406093106991168, 0.17571491925006008, 0.19963506805333958, 0.014847895886999057, 0.24805130421391303, -0.03174683152623059, 0.09617444112125084, 0.01677352293917854, 0.383813930512956, -0.2468615044039178, -0.02461503068705056, 0.13900578947628162, 0.06142158189892943, 0.03432690509137861, -0.0366462534811314, 0.5036482236147732, 0.03372747043828506, -0.2680449293319263, -0.3596272492743371, 0.01830258134189244, -0.18499026948269123, 0.31259416221536335, -0.003964961122649479, 0.10793715322637601, -0.20561946600200626, 0.15821104522945956, 0.02987106687258852, 0.029814436487828028, -0.1513529283312176, 0.03417028534492683, -0.1264805333962557, 0.2660113958163434, 0.29223553600680885, 0.042736200225624285, 0.044669228383908265, 0.17360228758890583, 0.028126212181652677, -0.003731714449747614, 0.04734223435394133, -0.2961831541201012, -0.04664893397226988, 0.2506063737701133, -0.21483703023055162, 0.13210034780592786, 0.21457578665519567, 0.05456819341759252, 0.003982086758951852, 0.23435353730418942, 0.023775895147786132, 0.1265263482077979, -0.05676089634972323, -0.17719405182612866, 0.21453610413547336, -0.19005190695037616, -0.12974558577933396, -0.08359669873491138, 0.01774934299196238, 0.06837612413194294, 0.0055391241110217294, 0.21190670883296747, 0.10037840196572341, 0.12642376169736885, 0.04061634031978012, -0.038977508057128483, -0.003903150145085457, -0.3570679962961446, 0.22612384611036268, -0.1700159549414969, 0.12290925134947742, -0.02484099943644727, 0.05985662427922635, 0.14150905281070053, 0.09755176075575121, -0.1420168326999892, 0.06044719189592673, 0.27300300734078675, 0.0024010109470507333, 0.2164267865227767, 0.021529175953053585, -0.21631520911814345, -0.011724147969749328, 0.3385336525698325, 0.13875749131880183, 0.06821165399014698, 0.2524006516978203, -0.23869505235434949, -0.3093526925112032, -0.009883090847174439, -0.28109023258823984, 0.4935410326373674, -0.14345517194813853, 0.29294163306366333, -0.11498468862467434, 0.4807597457947941, -0.17373978873907878, -0.007892296321291573, -0.18778432377137128, 0.144711312696927, 0.013968471286572963, 0.10072946095205447, -0.0690014833429029, 0.31947324141487987, -0.2536154846145656, 0.2595171314723531, 0.020749664425206576, 0.22399593902539738, 0.09832934300296933, -0.14936976961064666, 0.3102673941851457, -0.23763549511234397, 0.17575175029291612, 0.021818773957282985, 0.1073167393543275, -0.13606446070465594, -0.32338628482591986, 0.011976417832031804, -0.08930769110900416, -0.11351861202637546, -0.2247061253431431, 0.06570678927696812, 0.020495362615006098, -0.04870591358286099, -0.16907917422811186, 0.4404666694584183, 0.2659620390821231, -0.43112572177632014, 0.12367578065959797, -0.0166828773026009, 0.10086031050718158, 0.062449066425580665]
-463.0664402718686	(9, 12, 2)	[0.20970219833781706, -0.08171767421116295, -0.127945547616056, 0.20678957523127178, 0.2909313199194086, -0.005538250577429876, 0.3205543377096808, 0.1370016130024097, 0.11329879902712613, 0.051356793044499145, 0.42505604750351733, -0.16098952905375571, -0.02322402761312045, 0.15122003736735057, 0.05270232576044595, -0.062152900556777954, 0.06507969733102739, 0.47422502436831493, 0.03227322956213506, -0.23498788833235568, -0.38314778385111176, 0.01457415401690964, -0.1261130129478882, 0.3307107768503441, 0.024639780198274168, 0.07478371263325312, -0.21021128073172377, 0.16825118608900452, 0.023680779856592456, 0.09331583456951922, -0.20150297443555817, 0.07120265861674832, -0.15597512707933123, 0.20650368015174136, 0.2634163003908896, -0.002512721653215489, 0.006579468842052289, 0.12747972264422963, -0.054182422848631326, -0.12848837169506228, 0.056733074727945546, -0.33271747535018803, -0.0986158288464608, 0.21448102622320803, -0.2706070712897404, 0.14255394626057866, 0.19852877583852038, 0.07528266714404289, 0.061311194309233145, 0.19259274230889667, 0.04287130175094848, 0.12011265431648521, -0.11421877184823703, 0.02799242395266545, 0.18734044601939856, -0.2008901735073704, -0.30294241345766976, -0.14070229017781855, 0.0785662120308947, -0.0190861819764971, 0.024673560715308088, 0.15727830045087252, 0.06355011807399216, 0.11539643027861002, -0.04782840949411872, -0.03694771891072328, 0.025105441896696667, -0.38643421100630904, 0.18108019014577056, -0.17788895953447664, 0.11054643398010952, -0.05167057707469633, 0.12573809922476475, 0.15146523188175226, 0.059063002702914036, -0.16870924261734124, 0.05708375774643952, 0.27571868778223396, 0.028217666508521085, 0.20632208590817955, 0.06423158224217308, -0.2965289289012446, 0.022518009798910405, 0.34298657888275186, 0.1279794812541085, 0.0363833479827122, 0.05913358132953217, -0.28495472902031016, -0.29551639437934263, -0.23519634120148528, -0.3031925073497662, 0.4792658820057008, -0.20737185646343234, 0.35719696639458093, -0.11517409561322248, 0.41268671564333825, -0.2564683566670479, 0.01137307456099092, -0.31708160427323934, 0.1765829121500324, 0.001966579307470959, 0.0443880726084418, -0.13691066766675633, 0.2542263508274763, -0.30685480600142867, 0.26826767583001965, -0.05115711242787993, 0.17395237563260357, 0.1662848298842172, -0.17303952583066726, 0.290872330485709, -0.3577157560744021, 0.1515021767061386, 0.01252334933300566, 0.081424639844327, -0.12254170330179003, -0.3155484885782481, -0.0492589563615625, -0.19098557527951476, -0.132176020199911, -0.22942390343841457, 0.11337693408595448, 0.032331308468472146, 0.08250203582343218, -0.13414250237898245, 0.41874184194401354, 0.23934720385002456, -0.4580437133570927, 0.11318701565602028, 0.022460392598338, 0.09142967281164592, 0.08416173869373633]
-351.6412563555536	(9, 12, 2)	[0.20019719704169014, -0.07650510836323951, -0.038268754145852166, 0.17045498679154303, 0.2531469941666031, 0.06639731907793517, 0.27809924640788863, 0.007454231288838644, 0.10201375725440137, 0.01807705065867288, 0.3646918358936416, -0.1581789527026384, -0.053049562762181986, 0.1296548741355132, 0.05355674737962544, -0.03808870351147435, -0.054602694150022967, 0.4848719585086669, 0.040041602941778755, -0.19623089928734985, -0.390833299780348, 0.019759515897448888, -0.21413808952844393, 0.3285797782759233, 0.027863303732433946, 0.10391306578662834, -0.26618278303790655, 0.1610587698642914, -0.005246851049854284, 0.05434820205705942, -0.22975324205231645, -0.028026769116257916, -0.12831069318944885, 0.1913534172035703, 0.3769534947252417, 0.00045009101631840454, 0.033604286702713, 0.14243531759478462, 0.03823393572793958, 0.045868185319979375, 0.0357743237714031, -0.31207496753430386, -0.08505953672893915, 0.25774524323709247, -0.2590657950944214, 0.17568891486565816, 0.19694016294337938, 0.08546696154732965, -0.049466828206119834, 0.21353963629748843, 0.0832497100073957, 0.1271144381150864, -0.09039294084424221, -0.20531990438861744, 0.18863677257614875, -0.2720736827867148, -0.20334380963527962, -0.10532811936373404, 0.11185060753520588, 0.02715940721349555, 0.007394349878229735, 0.17302024206610142, 0.16064578132991328, 0.28988273327113745, 0.003035903949481073, 0.013831279156462862, -0.023748327453925768, -0.3521614465724109, 0.2162017806968594, -0.19824077449036454, 0.1004208035793722, -0.034721160280036724, 0.08770547925495441, 0.1841172339456456, 0.10159180475958574, -0.16804320550147409, 0.04885716179192802, 0.26816177501839533, 0.009717795713670279, 0.23785227724186056, 0.0513161716789539, -0.2322711224838135, -0.00614029076985381, 0.33096209518021197, 0.1331058867714801, 0.09176473655026386, 0.25582882044905625, -0.22770558221826628, -0.3168078402215794, -0.09530013579368897, -0.2716747971994957, 0.5336649011523196, -0.13443672497614406, 0.3295176544559616, -0.15124494433268346, 0.4041829958411245, -0.23014270400914483, 0.02632393098515164, -0.18338031511863204, 0.1219866945652991, 0.02018916725713877, 0.08149543017837901, -0.12454068420047429, 0.27357886366609663, -0.2848611237318797, 0.20477476531983058, 0.03134312520421821, 0.29494534999614147, 0.13289117102918552, -0.1419560439114346, 0.29924253622652913, -0.3379102219210845, 0.12459300511846559, 0.011407524267605256, 0.08193245844798368, -0.07164512919237734, -0.33399286165062436, 0.0009627055312300002, -0.1327862803108688, -0.16139246368179724, -0.19357274355971082, 0.10498406147841624, 0.04162315932488875, -0.0085044709576677, -0.15757726111395653, 0.43182411888697825, 0.22194620654641506, -0.4202277312689088, 0.13875814832412442, 0.019370275531796637, 0.082426747743519, 0.08148722936430708]
-183.2427351144445	(9, 12, 2)	[0.18500166792212278, -0.06961591256322058, -0.03477890051863151, 0.15036349082028364, 0.2696847846131855, 0.051065080875156134, 0.27867690190466554, 0.06782229319669064, 0.13193160263868878, 0.0015970674575242708, 0.34074850235171916, -0.16791415974071577, -0.030958865941803096, 0.11907946772708575, 0.06057819956598057, 0.011068653169525492, 0.0023803525556006537, 0.5119918100205462, 0.03668580156159717, -0.3094657399535795, -0.2929367606372342, -0.003620522278212586, -0.2545899184719951, 0.2940566273838657, 0.084770490173582, 0.12698606918276414, -0.19280676681118156, 0.14147677711788942, 0.06034059813903519, 0.04862559607915521, -0.22998920852776425, 0.017814158755989355, -0.12003885357243956, 0.17420166504891088, 0.33333010295239224, 0.0017140978230774887, 0.05149469357764654, 0.14943623541453935, 0.12952545891501005, 0.025061574864076903, 0.06376824989050145, -0.3203935154594652, -0.08664039188373462, 0.24397431129802105, -0.24319271148261212, 0.1838682868387479, 0.2040031665959642, 0.0711274150252174, -0.04182788608822864, 0.13612305951391204, 0.007578550749008099, 0.13231736378658948, -0.10129331837650163, -0.13115643257007345, 0.20558219572264125, -0.20602182050046602, -0.16880479575416407, -0.0681951090937941, 0.09671221910797675, 0.022465316555444703, 0.003984814742836282, 0.11994606739249628, 0.17214324740662384, 0.17364803595378653, -0.022080646599726174, 0.053456501032269406, -0.060286144656738795, -0.3462911291628502, 0.22862639115586286, -0.2266357538538801, 0.13888769322736985, -0.022063029518438818, 0.12339685138241227, 0.17157172188507785, 0.09278456610557687, -0.1652342503221177, 0.0812969854006107, 0.2698359955410502, 0.0005318697351493247, 0.196923155675265, 0.030131204964865543, -0.19897153676052665, -0.0052931521823841275, 0.32523877750025104, 0.15414691676979417, 0.03571961349758468, 0.316372370355284, -0.31903142301800547, -0.3352736533548282, 0.006163012818027058, -0.270388665238923, 0.5251785572965711, -0.134750250685289, 0.24601052069483062, -0.1081191663358668, 0.451718668789778, -0.25317792444024867, 0.02075658778572702, -0.20626803299555255, 0.10398219355521031, 0.015514876304978963, -0.0026937616465148332, -0.11474813574609474, 0.27560434648727655, -0.2439350543746494, 0.2601380404161, 0.05039907770116063, 0.1907122130393644, 0.10673104621105693, -0.156962859245054, 0.3195377021612961, -0.31512374834350265, 0.08664062764498377, 0.02250626954985861, 0.08900466767430795, -0.1135633405967112, -0.318445739636834, -0.0057354925601994355, -0.04629982735512771, -0.10695921220490617, -0.1511624395129779, 0.09119336216697611, 0.021336238767457893, 0.03891982679954254, -0.17633701769427282, 0.4348307177732779, 0.20864462287762459, -0.46266414205537376, 0.137569200486456, 0.0012409312179209628, 0.11925713908234381, 0.05419576661728788]
-1.9723999474210245	(9, 12, 2)	[0.1770863812021282, -0.08428890185887823, -0.10923475428558596, 0.20648483141944549, 0.28256408391427534, -0.024465692366140768, 0.3034457605264703, 0.10284048807192797, 0.09188471938108042, 0.039256592162719796, 0.431196210313086, -0.05101034113203197, -0.03608570001520735, 0.13661966458618222, 0.05786403735559406, 0.02617386565901038, 0.07629079642120137, 0.45408608516720816, 0.03190736281711534, -0.213907688271396, -0.40407166325501237, -0.009473693044397448, -0.1514622025152929, 0.3829635382528375, -0.012038007621828306, 0.1060237884076782, -0.2167907061585825, 0.12129377837002651, 0.02322608244519478, 0.04746968241529348, -0.21589030154970884, 0.041675612898609986, -0.11580568604083735, 0.37392097044042993, 0.3059375939325433, 0.012190610733055062, 0.05719375290839949, 0.15422382176647598, 0.041633919828468584, -0.08860501313427675, 0.06158808925897999, -0.2899407157014767, -0.048911909661260765, 0.2693718849820856, -0.21580214123196034, 0.18877460993314987, 0.22127803438389748, 0.042187220205643854, 0.001842119354338893, 0.2150771428291075, 0.06609608836755622, 0.12052283938210674, -0.050825537070097404, -0.16309338205450355, 0.19117745046538911, -0.18702605156331947, -0.18228209197408474, -0.1303483719767989, 0.04575593340891202, 0.08032943978597207, -0.02320676636650206, 0.12277086375906371, 0.16028078958059988, 0.13581444879045812, 0.040755394512150656, 0.053164358797213755, -0.018003664305123977, -0.41431770647075294, 0.18844953250165297, -0.18574856698897674, 0.13755707965453523, -0.049915082363112984, 0.028979527203155428, 0.14201695948951798, 0.07373847283487718, -0.16566601722113622, 0.04060447276451594, 0.26348417850482103, 0.022826874254088605, 0.23987237390621383, 0.06325167508527135, -0.24211180445577618, 0.01194652312732675, 0.33243726811272406, 0.13809762990023922, 0.007066897230589289, 0.08668406593387845, -0.19882531648164425, -0.31331758245867736, -0.09662508145083756, -0.2819471018921633, 0.5508531292088754, -0.18662546770219246, 0.296753361899989, -0.19058908493677074, 0.40906993713049095, -0.23624629228121563, 0.028456704041199175, -0.27206807065128225, 0.12106282977914888, 4.973751060842555e-05, 0.10606038593438707, -0.09907231333628068, 0.2911944505856267, -0.289741931965127, 0.23802570288662606, 0.12025880200251697, 0.18981801708974547, 0.12412368093469381, -0.15789884242867885, 0.2916036864623032, -0.23927718125969996, 0.1617229938222754, 0.010525458826062243, 0.10312187421246297, -0.12644909891961956, -0.3223073453329474, 0.015052303356850854, -0.16533573093469953, -0.1254653568537074, -0.15010002376746423, 0.10116523939590985, 0.048883906048596215, 0.01899143825389853, -0.17584591629493562, 0.4282993908341514, 0.25742656714546513, -0.4511842617304199, 0.12305086354741082, -0.018354233658181868, 0.10468344715454908, 0.042240489674460556]
-453.31799850885443	(9, 12, 2)	[0.1802433835830956, -0.08919537520537088, -0.09285598119658652, 0.12187073082978968, 0.24688509104879536, 0.027076551383481782, 0.26976837330184866, 0.04850566246106047, 0.09042174982564963, 0.019206891338288658, 0.45067234502003284, -0.2126471605870838, -0.02694994575586032, 0.12557365871949228, 0.05332953646570748, 0.03196559894420253, -0.03912513943169295, 0.4813035622970151, 0.05332448904976225, -0.23985328367963868, -0.41598861770856554, 0.004494187051273452, -0.23008663112853434, 0.30488110715129185, 0.0007822967678522223, 0.03227319480240131, -0.2727248077926154, 0.1477860343688837, 0.02453877646839683, 0.034305131243734834, -0.24179481632486777, 0.02862872275535316, -0.00507017466367286, 0.20963261909477585, 0.3313979128839398, 0.008146185000879701, 0.027917848827190908, 0.11706034603538143, 0.09559521540493107, -0.03903567973712178, 0.07123532967526026, -0.2709621193777082, -0.024587916941494866, 0.25326646536046793, -0.20054961847865643, 0.2003243663713683, 0.212373194004841, 0.07418983497807377, -0.04850844337177094, 0.2279824326904304, 0.06437720397496934, 0.1424480487678808, -0.07368038732922164, -0.18001608049970164, 0.18672790290802077, -0.19690264052318202, -0.185955387381652, -0.12354996205983759, 0.09133239394198758, 0.03466586184411577, 0.0016363965136526263, 0.1880966201346878, 0.16744259246766763, 0.12209016915717168, 0.02427761282835079, 0.05041586267889956, -0.030598116849369673, -0.34902138030787805, 0.13385562298689305, -0.14528813930291276, 0.11638861276199851, -0.051154493578753735, 0.11179542822001534, 0.165909948364914, 0.1081195890518758, -0.161514678295804, 0.06241494049749775, 0.2989581783833033, 0.007749641572924711, 0.2562541647321755, 0.04445110826421898, -0.2139442549108914, 0.007202255082890985, 0.29861920276837756, 0.20431006543603797, 0.023318206506753134, 0.27245794230703274, -0.31278055372074043, -0.3480384613783247, 0.004271682465664196, -0.4904284709505172, 0.5371250244270798, -0.14358309452540113, 0.3102667555253019, -0.16233321605312612, 0.4492956918490986, -0.20477710557509826, 0.02747589183023402, -0.17114246653122803, 0.05800658021717485, 0.006331051325405698, 0.12500919603851113, -0.09834693143331544, 0.2619724037146532, -0.286478729258479, 0.19549905456242186, 0.08422501363399923, 0.23849280909071288, 0.10911103080545997, -0.1380864352881423, 0.3202240067821115, -0.1581186427891908, 0.21915614549479076, 0.04860574173972877, 0.08552914441542711, -0.10503268148787413, -0.3431574515295427, 0.027429858596637945, -0.07005686687272197, -0.14537239592758908, -0.20297364117404632, 0.1485708574367498, 0.03525424410597269, 0.004993861709550679, -0.14341849921401298, 0.4165014215472154, 0.23589645604581222, -0.4654016388874452, 0.0987091506645199, -0.006299441773023391, 0.0847334318348794, 0.07252138816869022]
-256.01404803428886	(9, 12, 2)	[0.1904797982330127, -0.08310128806000477, -0.0766606814366631, 0.16566188831230313, 0.23453022177561914, 0.08656502156940811, 0.27350695554705934, -0.06457777153521889, 0.08886582915152866, 0.020932541147218715, 0.3838850663405462, -0.20606365337505556, -0.026648689320452598, 0.13208034305433347, 0.04637696126166495, -0.017481491274211437, -0.0033532296941892886, 0.5090591902543853, 0.03600158261781214, -0.20506910191880195, -0.33919366826282665, -0.07977096106705302, -0.19705717681923854, 0.30829761414403156, 0.034327501517274116, 0.09644800630607381, -0.22589508508333134, 0.13614654310358337, -0.004593379328062638, 0.040427964372018683, -0.1542279499722093, -0.002186963397864422, -0.12102891564830959, 0.23588525352561435, 0.3011597353397371, 0.03621470256804159, 0.07080742148756136, 0.12423255408117863, -0.05616184241804055, 0.027555012619126497, 0.07232966035211283, -0.2892230015021608, -0.07963657554444017, 0.262119927447822, -0.204654743086762, 0.18443233741696313, 0.21157114978956992, 0.047313567480795335, 0.018207342908725475, 0.23229263330593086, 0.030086085415000692, 0.11924272771952565, -0.11280815244039327, -0.15162321613812113, 0.1967357500795408, -0.23425998471793608, -0.1594979307457928, -0.11044546336592925, 0.026497105018768792, 0.03416576236051982, 0.007379629570543517, 0.18176517315087032, 0.14768277523756507, 0.1079096676040723, -0.005590315859750255, 0.008463655546609897, -0.00867563982028258, -0.385903037103197, 0.23750138727090037, -0.12903122069009343, 0.07573272038032744, -0.041428938052011824, 0.07729012583481956, 0.16963044932831745, 0.11613246489762005, -0.13666556673900948, 0.03633335998401653, 0.2433922529536407, 0.022957736927160313, 0.2185612178066001, 0.033306812619645215, -0.31455857198564074, -0.006804828280440144, 0.32928071137909026, 0.16450520189583134, 0.042453452003387515, 0.2388572061986391, -0.23967160371735233, -0.320662565094136, -0.035283803608541844, -0.2862395245963267, 0.5359555678053025, -0.15300375494911836, 0.2678764599731467, -0.1637421158973168, 0.40163895546789735, -0.23107319759022832, 0.020140523613647973, -0.22493088561831656, 0.15420865219467328, 0.012460991354914533, 0.09738507946595497, -0.12413521181520942, 0.287640377425342, -0.2715368954067578, 0.2366045993291424, 0.09652864805991067, 0.24749613455054412, 0.17796011725340685, -0.1552997283099189, 0.30332196622835417, -0.24721431164490387, 0.15711169218906965, 0.013511978196851793, 0.08838849834635873, -0.12456025258322688, -0.3360198823496791, 0.09023091219873723, -0.07186578126373357, -0.1717729945507529, -0.15236690178098977, 0.09376553433607054, 0.04023931455655444, -0.045632700899299355, -0.18325890473814488, 0.42627612021016104, 0.23286541527909788, -0.43087593850202965, 0.13679584337040732, -0.0033393351351818272, 0.08825457627449067, 0.06507970981065783]
4.142522341432084	(9, 12, 2)	[0.1802433835830956, -0.08919537520537088, -0.2185491439723048, 0.12187073082978968, 0.24688509104879536, 0.027076551383481782, 0.26976837330184866, 0.04850566246106047, 0.09042174982564963, 0.019206891338288658, 0.45067234502003284, -0.2126471605870838, -0.02694994575586032, 0.12557365871949228, 0.05332953646570748, 0.03196559894420253, -0.03912513943169295, 0.4813035622970151, 0.05332448904976225, -0.23985328367963868, -0.41598861770856554, 0.004494187051273452, -0.23008663112853434, 0.30488110715129185, 0.0007822967678522223, 0.03227319480240131, -0.2727248077926154, 0.1477860343688837, 0.02453877646839683, 0.034305131243734834, -0.24179481632486777, 0.02862872275535316, -0.00507017466367286, 0.20963261909477585, 0.3313979128839398, 0.008146185000879701, 0.027917848827190908, 0.11706034603538143, 0.09559521540493107, -0.03903567973712178, 0.07123532967526026, -0.2709621193777082, -0.024587916941494866, 0.25326646536046793, -0.20054961847865643, 0.2003243663713683, 0.212373194004841, 0.07418983497807377, -0.04850844337177094, 0.2279824326904304, 0.06437720397496934, 0.1424480487678808, -0.07368038732922164, -0.18001608049970164, 0.18672790290802077, -0.19690264052318202, -0.185955387381652, -0.12354996205983759, 0.09133239394198758, 0.03466586184411577, 0.0016363965136526263, 0.1880966201346878, 0.16744259246766763, 0.12209016915717168, 0.02427761282835079, 0.05041586267889956, -0.030598116849369673, -0.34902138030787805, 0.13385562298689305, -0.14528813930291276, 0.11638861276199851, -0.051154493578753735, 0.11179542822001534, 0.165909948364914, 0.1081195890518758, -0.161514678295804, 0.06241494049749775, 0.2989581783833033, 0.007749641572924711, 0.2562541647321755, 0.04445110826421898, -0.2139442549108914, 0.007202255082890985, 0.29861920276837756, 0.20431006543603797, 0.023318206506753134, 0.27245794230703274, -0.31278055372074043, -0.3480384613783247, 0.004271682465664196, -0.4904284709505172, 0.5371250244270798, -0.14358309452540113, 0.3102667555253019, -0.16233321605312612, 0.4492956918490986, -0.20477710557509826, 0.02747589183023402, -0.17114246653122803, 0.05800658021717485, 0.006331051325405698, 0.12500919603851113, -0.09834693143331544, 0.2619724037146532, -0.286478729258479, 0.19549905456242186, 0.08422501363399923, 0.23849280909071288, 0.10911103080545997, -0.1380864352881423, 0.3202240067821115, -0.1581186427891908, 0.21915614549479076, 0.04860574173972877, 0.08552914441542711, -0.10503268148787413, -0.3431574515295427, 0.027429858596637945, 0.06493023621739474, -0.14537239592758908, -0.20297364117404632, 0.1485708574367498, 0.03525424410597269, 0.004993861709550679, -0.14341849921401298, 0.4165014215472154, 0.23589645604581222, -0.4654016388874452, 0.0987091506645199, -0.006299441773023391, 0.0847334318348794, 0.07252138816869022]
-360.457709910034	(9, 12, 2)	[0.18566119395893008, -0.07676311198291272, -0.08487530386162033, 0.1721204335128219, 0.23937120504231418, 0.07507585862557287, 0.29956114820901864, -0.07884945452979639, 0.08874731245739606, 0.018944948176481076, 0.4026166849006946, -0.20093167453571636, -0.017881971502891822, 0.13254973497768363, 0.047441603898709106, -0.0061094311279501715, -0.008030223363040346, 0.4919419478482034, 0.03700883971901009, -0.22036738981758672, -0.3781488943470637, -0.06465647097924078, -0.21381269120963234, 0.36191902755216443, 0.006165177901603636, 0.09825953573404231, -0.2599573235990138, 0.1373409805039818, 0.0037868331267155524, 0.040236320260224535, -0.18854193482620046, -0.00032987750515781495, -0.07234004164501615, 0.2300471800574594, 0.30794813429224777, 0.023044910890256377, 0.10847144197641315, 0.1279783285426416, -0.058355509294434844, -0.012979361887479581, 0.0487023957171567, -0.28999455480802855, -0.0636173563500676, 0.253944688240354, -0.17874179973651444, 0.20509454964415558, 0.2116148274559149, 0.05780927915652255, 0.008177097834977408, 0.23556789753633425, 0.033791440393736806, 0.12354836119433663, -0.11049838463363365, -0.15173352006208737, 0.18910828379060357, -0.2235497940250219, -0.16042001945703455, -0.11002580809802245, 0.08245782212461313, 0.034825379260280606, 0.028914475011546162, 0.22293808426467165, 0.14862294912743707, 0.11757861871398316, 0.0053077801276393, 0.009470494270908524, -0.010389227831250809, -0.3854919179547082, 0.23993735062790011, -0.1493020090726317, 0.10677992104445405, -0.039122786325618865, 0.07581495964715887, 0.1583943107276768, 0.10935183224838463, -0.14058192066836972, 0.04880979917741955, 0.26392396721057265, 0.012040512059063202, 0.24470986108844386, 0.03138764788247745, -0.25988773919770014, -0.00404259749731567, 0.32643425849853647, 0.17428675746797218, 0.044020811897613296, 0.2424115659925312, -0.18560082901722483, -0.32127895147918867, -0.03512904135305349, -0.2853748794248694, 0.5473039280571377, -0.15146731211756645, 0.28399861585272684, -0.1627634810880389, 0.405721310664299, -0.22474878481670973, 0.031086223760850927, -0.2261634284102615, 0.11662478009131585, 0.00975048413541222, 0.11006897845597303, -0.08364574751103784, 0.27160294028721665, -0.27970565924222424, 0.23158884757381115, 0.08027018984702895, 0.23962794860469733, 0.17556533605334929, -0.13011190701888173, 0.30844318064234716, -0.24188149164373804, 0.15577848341842987, 0.014845949936601745, 0.08863538499263078, -0.124507920297613, -0.3349407971033381, 0.024730066609161817, -0.07519226647797513, -0.17583707807323493, -0.15431967037061695, 0.09232055744795575, 0.043020813777603174, -0.045768826009395636, -0.16390722339523803, 0.4290931698543671, 0.23322500783268432, -0.44101272457886853, 0.13613551487990727, -0.008326268861740014, 0.08883455815195246, 0.058323536597942]
-407.33416243798627	(9, 12, 2)	[0.18286182453616756, -0.09749973932254002, -0.1119597216986558, 0.192121967303376, 0.25460711227184724, 0.030441020400638404, 0.2854023056630102, 0.032540447688242276, 0.08906861746527336, 0.027493022637853335, 0.4042914196867853, -0.16011894577758676, -0.04960064076128304, 0.1294778358324232, 0.06969426632257165, 0.005266803380731724, -0.03535339129845029, 0.48395454019130935, 0.060267188232463596, -0.24888676210837524, -0.37773569404575014, 0.0012424390651764475, -0.19709531692887614, 0.2830392391390504, 0.019666026335408388, 0.08262392661053082, -0.25476936068265593, 0.15345256842593397, 0.021962406908555797, 0.058281423800880326, -0.21460240864891225, 0.0012935012428963257, -0.14339301241793645, 0.23004435505936374, 0.33756417158524943, 0.015311248503566327, 0.017885373718001966, 0.1309538425068858, 0.07341712781032433, -0.014071083579883268, 0.005201562059708759, -0.29165813826988296, -0.05405668205364419, 0.24813228197787837, -0.20137033289394787, 0.22511148182680563, 0.21756761388604323, 0.0932423533565131, -0.03330378433022603, 0.22981161873948835, 0.0887390974353442, 0.14312336396861058, -0.0842463079202622, -0.15631886805629924, 0.1917225921093132, -0.20754382590846715, -0.21560343127877074, -0.10182488457924681, 0.08554227583964522, 0.04566715411874204, 0.049389271524936565, 0.2508108139111046, 0.1496963685923288, 0.07744046708623449, 0.027336489652338695, 0.022950449960223614, -0.04113783151924676, -0.3786615214669711, 0.19874552340917556, -0.13621146229184428, 0.12032179552446556, -0.03869521898767517, 0.08994893082553493, 0.1820097509158839, 0.1198825377178002, -0.1581915308375702, 0.06063513387292817, 0.28483279901359904, 0.014992288433143975, 0.21723162746877278, 0.05502633509502498, -0.22431276844095585, 0.0007036220150132642, 0.324403996112208, 0.17296434204389335, 0.029322732705180085, 0.24550948018419244, -0.20554051892856123, -0.34490323458414535, -0.08374196659171378, -0.3130885518210529, 0.5310895979602207, -0.1927147431503788, 0.3141910550787639, -0.15259008874408797, 0.38490192924174993, -0.22694826583198327, 0.029702372959389593, -0.29131663298578425, 0.131309097313961, 0.006435083487608495, 0.11060064504643705, -0.0755601600978319, 0.27238027577045176, -0.29087771717797556, 0.1786928135034503, 0.10644991185533798, 0.2235197140261017, 0.10585492632837733, -0.1137793041309847, 0.3093829549471743, -0.24235029078617046, 0.15666354250574455, 0.030048038884810932, 0.02432995246574597, -0.12637313675815187, -0.32884797909961244, 0.0950106073252061, -0.06346173252924088, -0.14864622535845337, -0.18929220772904296, 0.089585583292123, 0.04899480766475675, -0.010659254091270992, -0.1802109841802623, 0.42521276028816896, 0.22209227546017568, -0.4582090460998613, 0.09444994697628559, -0.03173725056412138, 0.1036038944966067, 0.03345434812668099]
-65.203432500307	(9, 12, 2)	[0.17634207960085826, -0.08474983636181989, -0.08891316333398679, 0.18908045446717606, 0.16946298093132078, 0.058383027293549446, 0.2937356685631726, -0.010917230733785883, 0.09679127888566871, 0.029395042510617104, 0.39291820963021185, -0.14272567171116873, -0.0007667314533348511, 0.12607306660676773, 0.05426195579193197, 0.022080980770281887, -0.027108434715647913, 0.47958445507260106, 0.06791272315215184, -0.2271931733504726, -0.44530721305173127, -0.009079268907263445, -0.2795124200964209, 0.2937700895019994, 0.041265318964379995, -0.05557665505654463, -0.2549348592903842, 0.1498647714052768, 0.023224960786421264, 0.06561311271363622, -0.199114411033583, 0.010100748981959213, -0.08974486388089428, 0.2762346161271606, 0.3133421173216272, 0.01669875812120413, 0.04002386236098455, 0.13638953208798832, 0.08444031829152601, 0.006131417070972324, 0.10992670449973788, -0.3037471408294067, -0.0714846346867912, 0.2549308530532144, -0.19077654449382173, 0.1822340438727413, 0.21353085258862564, 0.0567421890228839, -0.00847079104242171, 0.2264884259768581, 0.048339607933040374, 0.12510090324534948, -0.05330401911403726, -0.14872330991559607, 0.19900095607837898, -0.23168746231741458, -0.17916391206339088, -0.10252763585504301, 0.04216904998218764, 0.02624798962190203, 0.014643297675446379, 0.17200233420791966, 0.13996676380343703, 0.14609603560543988, 0.035983527784626906, 0.015463049700442596, -0.04520735195917742, -0.3278195586490982, 0.21648085435720202, -0.06123877242883968, 0.11233887529964001, -0.032877429791415835, 0.08751948171161675, 0.22987956980494206, 0.10404299781164413, -0.051312046555640346, 0.0719708434073863, 0.266579313384999, 0.009592235081986155, 0.15214591512494785, 0.04704013921789239, -0.21867175231029806, -0.0005245209175463896, 0.32969935794303673, 0.18074448197161447, 0.004646485434261435, 0.1544925421682335, -0.3059911156936632, -0.3127829445033131, -0.04106104098964497, -0.2811248821794476, 0.5800255301995336, -0.11828354535968433, 0.2943119246260178, -0.1321324927838455, 0.44382203174099, -0.23349991309791557, -0.03390080485775944, -0.21503705147655916, 0.13056981864834907, -0.02691264317893082, 0.21306410119187916, -0.10015504695782713, 0.27059138777874214, -0.2550613384899527, 0.19215622578762406, 0.10873192298998025, 0.25361774211585236, 0.11561724710422994, -0.14832703305402298, 0.3064434958358083, -0.23884854797877378, 0.1911986379729061, 0.012336121050360938, 0.09090110029925337, -0.10213451232184577, -0.3346941753019029, -0.048053900722214264, -0.08920871382743954, -0.14838944205554147, -0.1744566673217647, 0.09865849444698949, -0.020002477821249642, -0.024878825022136866, -0.1548114869698211, 0.4337942019786923, 0.2215044203587959, -0.44757686135819363, 0.09386720085807947, -0.01733976798117676, 0.08965748759132011, 0.10164935339713421]
5.910402116038284	(9, 12, 2)	[0.1845006438801477, -0.09595408849537608, -0.09378788396868266, 0.19967540508432474, 0.243556453762653, 0.07665747623405847, 0.29143876565096727, 0.015163493107801379, 0.10681921080880313, 0.02562791755658053, 0.4138657090289768, -0.1722470996141326, 0.010845939212624096, 0.12824774871822722, 0.05585115840190303, -0.005269442431504888, -0.016349949877488834, 0.4786837746397313, 0.08860401434251015, -0.23936699471375522, -0.3606196929422251, -0.005442421388205829, -0.16354146664128416, 0.33635069967692083, 0.035750898567885735, 0.053234122681878535, -0.2968015310624951, 0.14412517572649228, 0.15531545841639566, 0.06518279910002393, -0.23204171184646732, 0.002155770478880919, -0.08329883712537978, 0.3023871735395287, 0.3632450310848061, 0.014482768443390423, 0.021442131464027323, 0.11693073750452188, 0.08615318380320891, 0.03194711840164065, -0.0013773717810529468, -0.30227822335440335, -0.06950565216183661, 0.25331380157482647, -0.20080065761669968, 0.19727408528414458, 0.20559876944440905, 0.057176560609485956, -0.024523566542715005, 0.22389679850626276, 0.05884797611210874, 0.11553733381107742, -0.05851222741173498, -0.1801385910405991, 0.17888412345499002, -0.21229104374570404, -0.17650918562125267, -0.10128018092888615, 0.06313775246965322, 0.005044000729935816, 0.024112831492877636, 0.1948316258878895, 0.1625030839468652, 0.12069172498747159, 0.043325480850996904, 0.02494816929540447, -0.005781425093525805, -0.26846639498006114, 0.21176800346214608, -0.057446631986312474, 0.10153342801644845, -0.04170947087224848, 0.11106038491058406, 0.18108198758780036, 0.09905256159380756, -0.15974709213992777, 0.07199353283199741, 0.282930171236562, 0.01987838898280482, 0.22549138345275993, 0.04641589758129935, -0.23542534660014808, -0.004211553200887077, 0.32081876907355333, 0.1692719099578709, 0.024257240880332993, 0.13186916977182067, -0.2692392031346202, -0.3479112461586784, -0.022498215650545005, -0.30157797884809956, 0.5232376911531753, -0.14204000178866882, 0.32296182842543697, -0.13775729381752716, 0.3976164195789459, -0.22321909139768142, -0.017989720316527992, -0.29819775272770416, 0.13036312237539133, 0.008219424314411809, 0.11905364534356463, -0.07763447143456821, 0.2833065238502752, -0.28701304837048375, 0.22386628637512648, 0.054636961854149346, 0.23988053644246296, 0.12254062726353676, -0.10340725218378935, 0.3114626539514048, -0.24784797924361443, 0.16693691341905975, 0.04044691673330837, 0.08408260107681223, -0.10587164299594218, -0.3318961496933326, -0.04179298272586323, -0.10626316847633743, -0.12765834140706553, -0.1911068559612663, 0.12618074789880274, -0.08267931404565136, 0.08566839144229199, -0.14960189658409145, 0.4291613353627166, 0.21934619470372452, -0.44763758908526763, 0.10014394952730662, -0.010228546347767833, 0.0893256314257623, 0.0817869576697283]
-320.28815160452507	(9, 12, 2)	[0.19830770283035554, -0.09598995109186564, -0.08689850853129778, 0.19220040737555533, 0.24191429166415218, 0.07062296603113527, 0.2858119046401403, -0.01926365907624155, 0.10432440938443592, 0.02928845543182973, 0.41075068338472254, -0.1541514159557736, -0.028113188058668716, 0.15110873837906544, 0.054830311958937894, 0.032475171496382516, -0.012864852656382668, 0.48548010495513916, 0.06043985039272737, -0.23272571847956763, -0.47305611179220924, -0.011143349117516164, -0.16000325112169433, 0.43332244440576634, 0.010678620341561175, 0.0720912040708181, -0.2684829576511377, 0.1464494341632677, 0.010454086886099391, 0.05409441255381481, -0.20331541160566774, 0.013541865529304314, -0.022927126519639608, 0.23422309376367756, 0.30962984868213433, 0.01837682521313427, 0.03759188962089889, 0.14317858345778858, 0.10028681020267405, -0.013398348556460521, 0.1226884151906973, -0.2939320484841137, -0.06416529990076959, 0.255393277688158, -0.2042388090228522, 0.19939230474245467, 0.20893289487980066, 0.05271937539611514, 0.015955578471945172, 0.22407933303555494, 0.10414318901827614, 0.1283963262547806, -0.0766887259277878, -0.1387780632110363, 0.21704137873400167, -0.1936274628098531, -0.1854777212802668, -0.1161686202799171, 0.05312856462811504, 0.03196064804639846, 0.014561632998809575, 0.2191811898422755, 0.15003903662254617, 0.13295455801259431, 0.020118731475629394, 0.014006417844721345, -0.036089191970813346, -0.340439053947003, 0.208809224080418, -0.09690426424749832, 0.10916589515186137, -0.03543542662010037, 0.08038399532764941, 0.16689586976119894, 0.11757762501826258, -0.13547011285492805, 0.07115097106645527, 0.2543773719021704, 0.020168251160922617, 0.19449769686461443, 0.05007084715216571, -0.24341556120577468, -0.0009195657458530264, 0.3284136910346587, 0.1776833262193936, 0.011755061814671605, 0.19767375570977677, -0.2290050299574095, -0.3348130168993755, -0.05843875455304271, -0.2785244532413006, 0.5663706704794256, -0.16131148284488142, 0.2898244011851639, -0.15211259885824427, 0.4191505457279531, -0.2260849649519195, -0.010119472621388759, -0.23379787508762745, 0.10277767586896383, 0.008893607618364835, 0.12058310365352362, -0.09342216044093074, 0.2703849449792237, -0.27863499855629636, 0.2219998677718774, 0.08057348167546381, 0.2396292560642004, 0.125989907296757, -0.14814066289558459, 0.3079282065879551, -0.11166527640555844, 0.15202288045653667, 0.024908424817441828, 0.0863020326237329, -0.11610113011097714, -0.33340049443384734, -0.02595407504738739, -0.07379982530531393, -0.15731456068177838, -0.18580653535432134, 0.10558572282802364, 0.020138432423659074, -0.038258412182429626, -0.16873634837148485, 0.42959678629822085, 0.22248729107271575, -0.4422085715100831, 0.12950592708551162, -0.009819750582398094, 0.09176553068482167, 0.05275086917264921]
-320.80792579241233	(9, 12, 2)	[0.1856077346375557, -0.08595708730959768, -0.07147845475141426, 0.17924263302529556, 0.1927201630766191, 0.057740662020319994, 0.28085205275903186, -0.04596820214133879, 0.09806555581342247, 0.03514797915346004, 0.4023645826153094, -0.18822753277786414, -0.013141592151641299, 0.13196548561634633, 0.05418463094647011, 0.0360200483531694, -0.018246095699147882, 0.4885738482563048, 0.04184624403666447, -0.2335103108005462, -0.3792201152497994, -0.013866915706747007, -0.1940160480367244, 0.2598260252541228, 0.004729284713651125, 0.08245394647750351, -0.2722620206236491, 0.14518141452862296, 0.02452568488249604, 0.05250585293564712, -0.18930201105731478, 0.008125681060670272, -0.06239718513038265, 0.241361896198724, 0.3424243279841119, 0.024740445075377475, 0.13246195147803108, 0.15123718999998637, 0.08626091707472205, -0.055696744901485816, 0.10500224306367636, -0.2933843205911811, -0.059263515837914074, 0.25632417041905786, -0.20795637759096858, 0.1969777583009707, 0.21058908536289034, 0.06587913849501537, 0.021014669228832494, 0.23515224157999237, 0.07148931030837716, 0.13884356047602617, -0.08721156367573021, -0.13175065070349737, 0.22323441993584053, -0.16346658039567405, -0.19364837520601774, -0.11663730476371438, 0.044977965031994735, 0.026253688514466456, 0.0705829458906457, 0.187935737834285, 0.174451062889113, 0.10265342458737997, 0.017013874816396005, 0.02074250101968192, -0.03624002228750722, -0.5589381729288595, 0.2244797372763116, -0.163261374860051, 0.09724947000883988, -0.035068026345879515, 0.07658655663088976, 0.16420995063973004, 0.1056892690972322, -0.13027419858403988, 0.06593520540343362, 0.2549436103610946, 0.005634188145582942, 0.18489487289924028, 0.04280686444625402, -0.22261378845040372, -0.0005881216503062516, 0.32402062130695464, 0.18720736444957428, 0.03834301199964319, 0.23260972424139462, -0.20858839385192857, -0.32992947057814914, 0.01070335050809821, -0.2893684915160706, 0.5520919766090808, -0.14425095858403805, 0.2831823169517623, -0.16262229846640247, 0.4222860217253702, -0.2262223082335946, 0.031732650685923416, -0.23134444638542168, 0.1354731502694538, 0.0072997572726437275, 0.09564440967153498, -0.11084082490661286, 0.2641106939737724, -0.2858369472657975, 0.21737142502818566, 0.08102974804306674, 0.2170595033443381, 0.1384796752607009, -0.14784360887896078, 0.30921955771001625, -0.22766584886424832, 0.16055143977187364, 0.017595121612984904, 0.07957613606905618, -0.1239168308594401, -0.33098655804417315, 0.03953943199312314, -0.07953144655165012, -0.1621996406893645, -0.1637673425045434, 0.10247353576657138, 0.028392700065977865, -0.03957872275222783, -0.18707754384479616, 0.43428385062582747, 0.23474102380568967, -0.44008983282240655, 0.11902889445486611, -0.015247958814926434, 0.09836850220065822, 0.029968989539504942]
-221.5214284662886	(9, 12, 2)	[0.18223292416949755, -0.082018736920052, -0.0918685528459156, 0.17936172348428794, 0.24116155692399968, 0.047713191687366964, 0.2860375417908928, 0.013650731042428267, 0.10260293669532757, 0.01645903004863862, 0.3977011998471939, -0.1803952204084997, -0.03529799973232587, 0.13675265536327824, 0.052594642472647106, 0.0008719283033439909, -0.0005931529012613698, 0.49276451911831, 0.013836132933856075, -0.2312936819998911, -0.37486821408491633, -0.044798827670433174, -0.19543058843607322, 0.29193196665017934, 0.033118591631455994, 0.08400393472924836, -0.26093262503144643, 0.14676346440253998, 0.0139035558193394, 0.07266885703661209, -0.19286721076678687, 0.010035665598676493, -0.08944508118145655, 0.24585498083197885, 0.35853637000734734, -0.028894413655558643, 0.07341708783023641, 0.13581064931825446, 0.049857804209672785, 0.03727606125444392, 0.026350831602607636, -0.28517950582124935, -0.04389260309815843, 0.24015662021975764, -0.2122689553961269, 0.19804276644308658, 0.21163130853860612, 0.062357312268733846, 0.012415520166467464, 0.2322375629898048, 0.04728958432972864, 0.1175917376389192, -0.09737114697000697, -0.15423148881468185, 0.19085735172976778, -0.20257904546394712, -0.16376792471999158, -0.11181518266195589, 0.06048520352674791, 0.03216864599349651, 0.014076510155826423, 0.2155349869998612, 0.14932002110484738, 0.10206058583894548, 0.015496989212104094, 0.01733286945772506, -0.035941805320061096, -0.3764022902938571, 0.22722798660077312, -0.16203341693366347, 0.11087038860222624, -0.03904679204099312, 0.06677973427751185, 0.16263644112756281, 0.10462188242225252, -0.13783531838179736, 0.04923108508818643, 0.2757781796389039, 0.008375355396007552, 0.22509579006527008, 0.03428627473043708, -0.24217972856333497, -0.007368578757908198, 0.32340063958641024, 0.1877766804583545, -0.011325955520907672, 0.21798591134128975, -0.23145365043063929, -0.33418445197886487, -0.013670192558766822, -0.2863960326234255, 0.5446248680435434, -0.14998629477936537, 0.29481929619767777, -0.15714173045447002, 0.41947113948933984, -0.22532278353911778, 0.057585430259828034, -0.23910891942057935, 0.12444025557326073, 0.018284980019187776, 0.09794730621214678, -0.08205120125224105, 0.28340693088180746, -0.2707469750199809, 0.23109593632995035, 0.035019533428997184, 0.23104941432709358, 0.11819591322068312, -0.14451710097088757, 0.31196997305735535, -0.26156594392656507, 0.17143799182995934, 0.022361895181536744, 0.0834906782932841, -0.12400684788316219, -0.3338307448035275, 0.03960948688220576, -0.0717433098165321, -0.16840548803973024, -0.1857657502286653, 0.12542390410336393, 0.03807812601989632, -0.024417406794851, -0.17018904521666514, 0.4299056262391427, 0.23357373929803346, -0.43225541538755224, 0.12663331129680316, -0.0077979456192689, 0.08253533013605718, 0.04587809321381531]
-122.9259619372576	(9, 12, 2)	[0.18961319918438457, -0.08415873533295729, -0.08155149320913364, 0.19476717258278164, 0.2610151876194228, 0.06884646980262657, 0.28920838309048147, 0.015167527303512235, 0.10671133309715844, 0.02683280356653328, 0.4078934460146833, -0.1884799692639695, 0.006117038820184112, 0.13335856353242914, 0.05580655411551425, 0.0019648688221014085, -0.005997035125571675, 0.49340171286815676, 0.051281959926749936, -0.22279714229736292, -0.43785159179179545, -0.00746422441509259, -0.22565237403146055, 0.3539435593669002, 0.013667972715742147, 0.08350636848379431, -0.27147634325509884, 0.13269409767316195, 0.022958589982598535, 0.04610460654388425, -0.2030254392308848, 0.011610871006806835, -0.016704939981773536, 0.23407975542924772, 0.26520899005508447, 0.020374766097198956, 0.04731915947846412, 0.14454351427433387, 0.06774183537132587, -0.002392916821841692, 0.06475503445550193, -0.29067532762822734, -0.07314055722200019, 0.2519218935280221, -0.2177797326150191, 0.15025593277116495, 0.21175151644005066, 0.06232458106500696, 0.018547663284111116, 0.21076947910031218, 0.06917719067669845, 0.1268197061687879, -0.08269076214698963, -0.13386814492373794, 0.20746165550478124, -0.19596685764970742, -0.1907013440845829, -0.11186751900670866, 0.052440406440617794, 0.037758698603968695, 0.022840619702341476, 0.2004271019507002, 0.14979582768086666, 0.11181022539963102, 0.0059119925844314395, 0.016849090334743258, -0.04508952470064682, -0.3706300025002403, 0.21443190433486378, -0.1565486380392225, 0.10680136435949493, -0.02657221560748604, 0.0647214116820109, 0.1599015037238949, 0.1580057506418263, -0.14030414190881357, 0.0754171657921239, 0.2692693338806047, 0.008135612591433859, 0.19817151009087192, 0.0443745010940341, -0.24543069852050994, 0.001987858500840438, 0.32677415536294596, 0.17728549556245118, 0.012471428409921513, 0.19334847400616775, -0.20840951902550336, -0.33409351808289667, -0.046775974736361886, -0.2835009514421076, 0.560439156087637, -0.15394229265736012, 0.2879980593897065, -0.155585799867972, 0.41369502300731725, -0.22500377935484311, 0.046461572298408214, -0.22986646066114672, 0.1340259345123126, 0.010903381751604, 0.08502786249113561, -0.09739346958029219, 0.2908011997631388, -0.2767804618906492, 0.21896986521870604, 0.08635969990346395, 0.22246896361547847, 0.13486502382349316, -0.14299398971439006, 0.3069235775309913, -0.23023388075227486, 0.1587344376157692, 0.02134991864816978, 0.08603039685573255, -0.1282649048762033, -0.3328076151255085, 0.03401320459385001, -0.06425911371579368, 0.04218149866202295, -0.17798555063871224, 0.11693625536868005, 0.028407409753087073, -0.04218071845570719, -0.1703571717342153, 0.42825697527887874, 0.2341141025021606, -0.44083727048293775, 0.12874041231810907, -0.012506010473798757, 0.08879863142811892, 0.0560413729256763]
-336.1835888598148	(9, 12, 2)	[0.1840168862916371, -0.09211390967951744, -0.0955856738937608, 0.19514272990375453, 0.2550755751275095, 0.08708269179600298, 0.28153233016660356, 0.023155549498522335, 0.09338791945079783, 0.018198526621578497, 0.3991297816146068, -0.19097770207788708, -0.029827130306617135, 0.1289726071261085, 0.05916099838428081, 0.008644303328241223, -0.06700309544133143, 0.4890637437130316, -0.0019903434883007803, -0.22356032687636554, -0.3753689047167333, -0.01380428648536147, -0.20755375568112533, 0.30048163917491755, 0.016291028171037482, 0.07957122529970662, -0.2829151962859162, 0.14847144452419034, 0.023726857408478276, 0.11268378348656302, -0.21024536510699132, 0.014448146698248157, -0.08079326376085838, 0.22517199937806098, 0.34877442862059865, 0.016109342742724277, 0.03176834595108669, 0.15624012858909556, 0.06254641447977591, 0.002840621556619108, 0.07868965516118079, -0.29238055464450385, -0.012563467314508314, 0.2526814988025985, -0.21993168842529726, 0.1998534316233248, 0.21125651283807034, 0.10301029165215703, 0.01261285559732416, 0.22739058887486563, 0.06816951075816102, 0.18291365128970583, -0.051640038929372654, -0.15856480206038348, 0.19945237549670208, -0.20641899632464256, -0.19820994996247593, -0.07580999926233886, 0.05887517741947866, 0.00771332287361078, 0.01515334108690933, 0.24798776929181376, 0.1413041316769007, 0.11365065928590522, 0.011889854005141882, 0.017475068623711093, -0.051074269960424065, -0.3700708695700562, 0.2138388553439457, -0.16329287635103823, 0.1107833116027798, -0.04315914258991931, 0.0890594089624468, 0.16486560090592448, 0.10158705692611508, -0.14583800643376335, 0.06944641512758676, 0.2713099489543539, 0.009160552263402844, 0.19326582687093763, 0.03998138448772039, -0.2378637972102554, 0.0037923026575068975, 0.31963366183871655, 0.19215458688941153, 0.009022002466911242, 0.21484293326035564, -0.20481081582733762, -0.3463360665860592, 0.005427046457299492, -0.3066019076303687, 0.5553521721632698, -0.14659411818111417, 0.2935863646304986, -0.15509495434441933, 0.4199822619700442, -0.22604843123647117, 0.03806047785937095, -0.24122553308286093, -0.030753777893279086, 0.00912229300821763, 0.10176231960109292, -0.07860006134387074, 0.26257127007108766, -0.2775934656614748, 0.2192407669524749, 0.06128348375162766, 0.23290254701916702, 0.11287347847652057, -0.12998243249006278, 0.31283583339777893, -0.25515714301113085, 0.18883562252400876, 0.02481505249736562, 0.09257635556467284, -0.12767096273530507, -0.3311130455066356, 0.02833151753267515, -0.07324441594571851, -0.16585725767602613, -0.17949490803113952, 0.12428635266259591, 0.025943034858058708, -0.021263561132200025, -0.16982975407368872, 0.4248408981975356, 0.23393742704346904, -0.4340297984477466, 0.11510132144801358, -0.00837381030762766, 0.0757022711589216, 0.04513283393616077]
-329.6333449936237	(9, 12, 2)	[0.18487564895399514, -0.09009341239221547, -0.09879038854220004, 0.18188074602095822, 0.205979728262075, 0.06883564124399685, 0.28826596506245095, -0.017775656418091545, 0.10021434139165467, 0.030283153536538182, 0.40431179592524, -0.18875613369200986, -0.018644465784543884, 0.1329099788537583, 0.05553202414322822, 0.020967691436386895, -0.09827955169430003, 0.49861454572367814, 0.04287070642242677, -0.23251368185223617, -0.3951821533311427, -0.010909111100634711, -0.1892254301171497, 0.2787969482025629, 0.012294897381597898, 0.08641864331124874, -0.26390217505929425, 0.2167192098460469, 0.004734984672995382, 0.08709882644373125, -0.21125424509273943, 0.010339146639764079, -0.05357978184074749, 0.24193253708704338, 0.3445805932081839, 0.022307440136666554, 0.04817528051006482, 0.15836674425901842, 0.09199608341318462, -0.006740147229589835, 0.039751464329306686, -0.29340839732658225, -0.05594225156149662, 0.2576958080175206, -0.20681248489395032, 0.19933143358265704, 0.21337952139330105, 0.0517147646736195, 0.017272883105653277, 0.22751313563911363, 0.08529427606046372, 0.12217949004365708, -0.08410337955334338, -0.15868006181270689, 0.24346104077544417, -0.19651818255127249, -0.1919292040602986, -0.11885904257326485, 0.0466394034132568, 0.030038097883696678, 0.024370477131994254, 0.210061625472881, 0.1495280722691873, 0.08679080883391346, 0.017917894030288616, 0.017430168671147016, -0.03736401621067501, -0.3545382005368737, 0.21471167238688255, -0.15477288754531554, 0.10508370094801901, -0.06423213413604721, 0.08423521247034313, 0.16728023794158836, 0.10676064858892792, -0.13566036124201605, 0.0702105511629264, 0.26221619151965325, 0.014539581955385001, 0.18551153710105997, 0.043021809435649865, -0.2402344253537475, -0.00044077591701951086, 0.3233175147654053, 0.18800311421696259, 0.010060906468596828, 0.24438104560501397, -0.17053864474927144, -0.3326609105856198, -0.030241588138213274, -0.287792402866801, 0.5460145478385278, -0.14812479762403458, 0.2947172593705322, 0.032548913708505295, 0.4052673121590377, -0.22569833548990548, 0.03005964282745394, -0.2413120849461743, 0.12195283656948197, 0.015302590583758751, 0.11451663575943988, -0.09715781882206673, 0.2691409095249258, -0.27984660219481805, 0.21957095908866908, 0.05892317121429554, 0.22614099202157406, 0.11358875698976646, -0.14633992250217143, 0.30974955408708305, -0.18231022437651725, 0.1551648833834976, 0.026290983470117775, 0.09597383287281921, -0.12016331454235388, -0.33065416166925055, 0.01792199784272672, -0.0661358384941732, -0.15964001417333584, -0.16154472420389066, 0.10538923903043261, 0.02092369477238345, -0.0363006564248461, -0.17151605136206943, 0.42766069946146346, 0.2318927065835446, -0.4377885082024689, 0.12002335940730807, -0.0020282911778285615, 0.0885750887601977, 0.054649805694996154]
-371.2110010989901	(9, 12, 2)	[0.18676910445825753, -0.09272786771976128, -0.09124946542014647, 0.18833364827817342, 0.23576568921799584, 0.06415848493674853, 0.2834470316656153, -0.01621458614740963, 0.0854527587031131, 0.02112229242761949, 0.40608483769460213, -0.1833750089492612, -0.012045882665413576, 0.13535176714989722, 0.05799694342715789, 0.011322372045932817, -0.019393677740357454, 0.4879855306756801, 0.04113487597278489, -0.24385814314261922, -0.3868254968843369, 0.02163726779079029, -0.1972160294980942, 0.29993122281378526, 0.012202602442620523, 0.09006234730139197, -0.2771848186736926, 0.14361492884611837, 0.016515183338188792, 0.05572180069767839, -0.20445347270705547, 0.011007412577558325, -0.09746382782856665, 0.22130847704175782, 0.3450753232513512, 0.020881249808353784, 0.05480825913178799, 0.14546950714910356, 0.08920615071562522, 0.044761609663830665, 0.05790175173099562, -0.2926492399116571, -0.05385626734144714, 0.3489848559457668, -0.2062421732632525, 0.19475932082620503, 0.2110285352701192, 0.05778905329188787, 0.016865363901913417, 0.2230684608045319, 0.07648508597184739, 0.12321765270699339, -0.0897419563254589, -0.1523047491834768, 0.19272723408435924, -0.2012233104329811, -0.18416022282904368, -0.13685749579827056, -0.10964850162867856, -0.04447609872157404, 0.018953802940730125, 0.19545199991963746, 0.16817131851431008, 0.10815988319082619, 0.016215657453189636, 0.030913584027655934, -0.0230835413513822, -0.3701467945037255, 0.21265353606212012, -0.15295525743001764, 0.10726922358029997, -0.07375776407708534, 0.07782945372851852, 0.16317847361956572, 0.10537275797945056, -0.14617769957276638, 0.047748082003646296, 0.2624596084852639, 0.005730046191687473, 0.15598536064844387, 0.04856595753760674, -0.23407661810184244, 0.00046681687831923386, 0.32349722325624775, 0.19284656347523504, -0.007857713101708314, 0.21947157635210823, -0.21739371558381793, -0.3269373282731153, -0.037479128223497166, -0.28648082980418743, 0.5679708866538631, -0.15093324850060488, 0.29041653176451726, -0.14650214619321136, 0.4237290591978622, -0.22488782342222174, 0.03310108367987236, -0.2341757842114954, 0.1273592953886176, 0.008519140322692432, 0.10857404481961538, -0.10546916395986315, 0.37590853913235733, -0.2756496599827072, 0.21364381841051475, 0.07270374755787046, 0.2289431940551388, 0.1186985247348541, -0.14993774646867816, 0.29560060134368993, -0.15696631739617814, 0.1496317794936013, 0.030716026707668483, 0.09301656791364471, -0.10380931745566253, -0.332929458799401, 0.021233832416411094, -0.06751030772940897, -0.1594782764668998, -0.1710525635351955, 0.11380381440079966, 0.020054113873389387, -0.04032144223313959, -0.17483634941148085, 0.4231377965212302, 0.23075188659476847, -0.43748878398482133, 0.12291455014904298, -0.009558589589341665, 0.08835437003808866, 0.04803365006892541]
-168.0155121591233	(9, 12, 2)	[0.18281750264564997, -0.08991749481993316, -0.07675718788549227, 0.18726622839005128, 0.20971116964697065, 0.0632802520079633, 0.2740243079497836, -0.01291458758720965, 0.08519026795756106, 0.024823326675426735, 0.40847637146785354, -0.19228092142687986, -0.03802032613784516, 0.14055652847256886, 0.056986442637975296, 0.002222700166961941, -0.020615943074157345, 0.4904511768223151, 0.04471170104382162, -0.21812690439596577, -0.39541373976202787, 0.0040117984557950705, -0.19246484021465493, 0.2893354594386419, 0.025513147900632683, 0.08758076174768153, -0.26187005787134643, 0.1408816254067914, 0.014734791003502582, 0.09887250162676631, -0.2002053191626135, 0.013400180482332734, -0.06181199613101164, 0.2642387201836231, 0.28656666116413426, 0.03760558733723494, 0.00950623876920241, 0.1553480620618856, 0.08338586661834506, 0.017867617008981398, 0.033508661469305194, -0.30259536706086426, -0.050567810466659466, 0.25498775269226065, -0.20831044913320562, 0.20059971151134667, 0.22178596956129604, 0.05808893007507292, 0.03245973961517023, 0.2175329694387462, 0.058318681384097126, 0.1284442763615163, -0.07406146939066685, -0.14888938788848902, 0.20897646048311352, -0.1882882488521375, -0.19014120611978774, -0.11371029487658169, 0.04890079742352817, 0.037366867408251715, 0.026951965564677036, 0.16942357066699423, 0.16857803970891969, 0.08537522939704983, 0.0014956828910348916, 0.021233040363106755, -0.03538835471009477, -0.3672571440167276, 0.2113545507877464, -0.14033977529656166, 0.11136263891154694, -0.05447796910374486, 0.09144228002942706, 0.16090590958056197, 0.10770580479902284, -0.14094354454320465, 0.0719091118990825, 0.2679291433141933, 0.035530359968815095, 0.21945485602412096, 0.043359049325619466, -0.23521631287473022, 0.007797058021476875, 0.34502300804712965, 0.19138177870527456, 0.019810859649646736, 0.2182111722808769, -0.20302080601127365, -0.33364970206773925, -0.03549813290577725, -0.2786509302826627, 0.5743798380052239, -0.14529473484049463, 0.294851870844987, -0.12351717357678915, 0.42875159120840056, -0.22375119503656526, 0.024919590469142376, -0.2406970315220069, 0.13016049343419206, -0.044675739606480594, 0.10222149368977854, -0.0896185233467976, 0.27261217185355413, -0.2780172250043235, 0.2192509673195425, 0.06775084711059262, 0.22935271852562206, 0.11845181303208185, 0.019227161007525917, 0.3713589702253712, -0.18540894969378496, 0.15438527422123313, 0.025628890942364316, 0.07659597976337086, -0.12620874382275038, -0.3309274134109453, 0.029043365083319006, -0.0651508619466504, -0.15558369966148747, -0.15613791561799942, 0.0833829292610323, 0.01263956887255154, -0.05175329851069552, -0.19216302594647788, 0.4279720702661351, 0.23621537702788464, -0.43818792111246707, 0.13029093924048382, -0.031234453784324462, 0.1028178949337371, 0.051404132649346526]
205.06078150277537	(9, 12, 2)	[0.30041846125311555, -0.09856350678508072, -0.08906781554688456, 0.19098970903465382, 0.24406320883693344, 0.06339650032176015, 0.2864439695832703, -0.015342661695425698, 0.09338242754021135, 0.02903622071985652, 0.3990219397324037, -0.1627088345256443, -0.01114510427640535, 0.14106114524845015, 0.05604843772494773, 0.01666143272198238, -0.011856998211933197, 0.49562033938762573, 0.051886682871444365, -0.23393611623882082, -0.37952834338914576, -0.009263152556973702, -0.1960255938370674, 0.26418027378924747, 0.019586287244633217, 0.08538652305184645, -0.27123217098665525, 0.14243220435107445, 0.01909304831443562, 0.08374736620352753, -0.20472561738300915, 0.009482854984306892, -0.03310999542711492, 0.20028990762584514, 0.3506415556352216, 0.0055063711746589595, 0.03619035470078958, 0.14925813236593133, 0.10695842293391197, 0.0008652489506157015, 0.0678094857972771, -0.2943234220868133, -0.07186568529464059, 0.28835263277380724, -0.19947250567966923, 0.1924464161057346, 0.21205967533110207, 0.05626933637405253, 0.022748120608958436, 0.21884582201692487, 0.07004202192083435, 0.12853414805205166, -0.06911410780281785, -0.13440843640803568, 0.2079793671798035, -0.21592728179527093, -0.18500026355423962, -0.12213456371069928, -0.04639090389651571, 0.03842795403097607, 0.01186015203773096, 0.19159038399507045, 0.14444979391732404, 0.11325797819351974, 0.019211885050504536, 0.019200564290868746, -0.02313067683863136, -0.37468227356625805, 0.21317116611488912, -0.14668365052739468, 0.10642728538373872, -0.030135730188360056, 0.07755184472023162, 0.15943521904564487, 0.10480798608756203, -0.12877127237517544, 0.06290852234343501, 0.27025837684589554, -0.00799953642019735, 0.19337417957970998, 0.04267742529857221, -0.23580396235203033, 0.002536743195672591, 0.29493591608453745, 0.17826908233069552, 0.01579703875857328, 0.1558103651305763, -0.21656122070680506, -0.3249017064048336, -0.04175177050994611, -0.2843261388894709, 0.5676543403014646, -0.15447242746102627, 0.29008098287190764, -0.15001748280236604, 0.43187976968261066, -0.22682720328962153, 0.030899326565452134, -0.23627515633422913, 0.13081821867030713, 0.0018455106312494883, 0.09741123970113325, -0.09621142407255703, 0.2930308956251467, -0.2716161642305316, 0.20083473543857833, 0.0665206745086832, 0.24499662248942639, 0.11872636911863907, -0.15730747861443226, 0.29840196033552174, -0.20929432889766827, 0.1575017598736052, 0.02273735921745902, 0.08388211715661102, -0.12579133674439913, -0.22625488278892186, 0.010672834229121783, -0.07254101434624677, -0.1502917250740904, -0.15884556928130256, 0.10153292473219519, -0.0042672216914807415, -0.03314459266077735, -0.18041131631494, 0.4288244711444833, 0.23272575113580635, -0.43884742636838636, 0.12750831687537667, 0.014143986498724568, 0.09626422885364799, 0.0671060901620103]
-183.37326427801486	(9, 12, 2)	[0.18118803141656906, -0.09854546209474549, -0.07157762656067013, 0.19298391924484098, 0.20503789075958256, 0.06440516526525475, 0.2843554438254351, -0.0021501521790543107, 0.08390571996016974, 0.02270236413777443, 0.4053874292538898, -0.19450929851833773, -0.0547389073670859, 0.14083440200767194, 0.056194435547217106, 0.014526526995164607, 0.009258139136967113, 0.4900100964857289, 0.036315326309604205, -0.22994122875031242, -0.3803571612269262, -0.013145257409274917, -0.20618605915205965, 0.26185160496376086, 0.04189631856256862, 0.08107488576028914, -0.2761002049261912, 0.14250379196045324, 0.021412297527688834, 0.05554766809466732, -0.2038253911927504, 0.00982181897236909, -0.07797301469108187, 0.2367627022376913, 0.3151439695000219, 0.07636214092368034, 0.03632465133683765, 0.15360240261069355, 0.0678094055595112, 0.013999335060989394, 0.046910469660273686, -0.29458829382576224, -0.01357018418594205, 0.29838220015048167, -0.20915237601985287, 0.1977702350317211, 0.2122607201719863, 0.060147676391387704, 0.03277695401123543, 0.2186599835534192, 0.08027325665147816, 0.12922996968375602, -0.07921232927420294, -0.13860226831221006, 0.20269050419100026, -0.20733916175153452, -0.19323840820110325, -0.13782911497265837, 0.04858973159296196, 0.030760384152871245, 0.022911188207814293, 0.20173611528329866, 0.14631407571732288, 0.10416049431969591, 0.0021842648589064477, 0.014631878854491175, -0.03382072470128676, -0.3885518387103942, 0.228322741077028, -0.1471229395723299, 0.10433185122099023, -0.03250255861768313, 0.06968924481035028, 0.19434704806669595, 0.11046824044994306, -0.1207326591205034, 0.06929160983175836, 0.2950949579019537, -0.11316994119924058, 0.19194697464951893, 0.05856310526279658, -0.23459675548850853, -0.0022848201649745188, 0.3238523703696707, 0.16590744314257957, 0.025258889086082367, 0.22729894331114367, -0.21322828016345774, -0.3292883830904868, -0.040373965153828156, -0.27052562855388557, 0.5693414030990842, -0.15120945055546106, 0.2950154160326992, -0.15592054276485018, 0.422882763849759, -0.22592504460673848, 0.02742492334351727, -0.16837242387579132, 0.12585458874312616, -0.016324676298156687, 0.0900883198180388, -0.08600618319333864, 0.2739351254329824, -0.2734963782706531, 0.21497932920021215, 0.06515134586320316, 0.22805739783912915, 0.12216502396828524, -0.16386129219764517, 0.2734026038163817, -0.22425121889360583, 0.15540467498769553, 0.02583772274306834, 0.08032907083073235, -0.12640940396138456, -0.31288276157369277, 0.0303199364529924, -0.0734752613005721, -0.16489878060786028, -0.16943765725655502, 0.10042457496177865, 0.024958833856462744, -0.03163191820428538, -0.17046913508298228, 0.4276745764035556, 0.23900332952971093, -0.43862885086316145, 0.125711448054886, -0.006370200296608388, 0.09059927781776472, 0.048349378812447094]
-44.12600192407366	(9, 12, 2)	[0.182608293535114, -0.08621904545022728, -0.040012161091672015, 0.1843259865572893, 0.2294803033451469, 0.13127782066569865, 0.275273366602964, -0.0016076635545117046, 0.07977942301287148, 0.025988071906522775, 0.4025531996072641, -0.17455477333127967, -0.28419794093915873, 0.15678702308631232, 0.05670262010654885, 0.02078171085437759, -0.012547560766844719, 0.4919701616637543, 0.01907417852479107, -0.20007318148695874, -0.4041619441295176, -0.01910143170742399, -0.1944691416375089, 0.27707922498934057, 0.029477585209341406, 0.07638152526673406, -0.26501967774212526, 0.15081484053197616, 0.02323036227594057, 0.05718526562008694, -0.20668519197518498, 0.011160605023518143, -0.059555344446353346, 0.2391109281799103, 0.34911793867443336, 0.018476676736150104, 0.059952713818089864, 0.14470043583338782, 0.09615220442393815, 0.025607978784576775, 0.07496168760775657, -0.2925210674791916, -0.06105502207754435, 0.2482829822942505, -0.20803627372313882, 0.19442725645312753, 0.2122404019727476, 0.0554972895994495, 0.009942479235430068, 0.22318648213179476, 0.057631913659357784, 0.1304362283531596, -0.08293516732753706, -0.1359625476906795, 0.20437482469614954, -0.2141209448370027, -0.18699797550682018, -0.12897126225428654, 0.05376570922611675, 0.03903064400361667, 0.03482352602679081, 0.19620474560595993, 0.14833639206449933, 0.08549355512335537, 0.01141122516628431, 0.021340043975215824, -0.03562571752270764, -0.37060358792886916, 0.20420092677626367, -0.1435695077791761, 0.10986922369373343, -0.03636400169596479, 0.08552558003020733, 0.17858170990810848, 0.18688708789501962, -0.14092813379848973, 0.07569581767886804, 0.2862528926548802, -0.030639455458104346, 0.20531419532122205, 0.039394220903107756, -0.24158326671960997, 0.003955532145136709, 0.3254021803306545, 0.18070825522428086, 0.014599991061021217, 0.17611772772010786, -0.21895597298235253, -0.33111285183307704, -0.051764855808205515, -0.21382488578589465, 0.5702473510227608, -0.14400032850736202, 0.2875909931244727, -0.14177479172492524, 0.423639267302508, -0.22661197571953517, 0.04018364168852667, -0.2333432243797083, 0.1295278638302246, 0.0007713178826052368, 0.09877913033882857, -0.09647212244359146, 0.27719829436360804, -0.2751772187083689, 0.22282818296983883, 0.07492423098822389, 0.23301887568796753, 0.11887787356140639, -0.16922666888502957, 0.3036127757739952, -0.21718110868204793, 0.1373783602301999, 0.02307291329161491, 0.07952561335193527, -0.12500312830273375, -0.33135107211364484, 0.030432569403777886, -0.07281310006489579, -0.16184173244356542, -0.1746475157757689, 0.09391216132066835, 0.012931281417518141, -0.03175498333571795, -0.17571496456588023, 0.4282401587324889, 0.25885503752712535, -0.4615521420804013, 0.12381766753259976, -0.0009375466428812697, 0.0988792999017852, 0.04827279547620847]
-403.47655048678473	(9, 12, 2)	[0.24648535454379777, -0.09793619027011019, -0.08636884447578011, 0.18772716062755945, 0.20714187552458788, 0.06292367363712943, 0.2868872623628259, -0.01540959945322074, 0.09274880100601125, 0.029023307097127714, 0.4205683646439944, -0.1708184890544295, -0.01241047599672444, 0.1363778490258322, 0.05582643053290946, 0.011512398258380104, -0.0294098858176398, 0.49430663508562794, 0.10155659180535577, -0.22245697285311042, -0.3755314120018522, -0.01160641523827579, -0.19084772160450988, 0.2766890781563216, 0.020905646684908484, 0.08555333710708196, -0.12157342350203423, 0.14240965859594154, 0.019316353493889386, 0.09508420381685159, -0.1987564880639895, 0.010967913820685129, -0.050293670544259976, 0.23762377877443452, 0.3439958079551121, 0.017858727325501467, 0.040863799216780225, 0.1495902804310421, 0.08018557493035058, 0.0011040699284996622, 0.028182124939278463, -0.30651063487673463, -0.056367001916454544, 0.2854962995141922, -0.20102875731806147, 0.19616590165008077, 0.2266113803630078, 0.058026107665857474, 0.023333934668715785, 0.21770914833779714, 0.05870817891968426, 0.1283787316443568, -0.0746579254353891, -0.1389444920740392, 0.20790792143811593, -0.2040122893634111, -0.18439417188965745, -0.1145886332388289, 0.016137588494482633, 0.03367243524956814, 0.015502637269057973, 0.21831004796743475, 0.16410479459781904, 0.10096807026169027, 0.005712098944876712, 0.018835843676194036, -0.02877230383642719, -0.3734151468700975, 0.2128669752728756, -0.14464701282406567, 0.11223740704229573, -0.049183025183080396, 0.07367490131497668, 0.15942004316624137, 0.10604638936641161, -0.13017940608520148, 0.06363320489021349, 0.2670668615371458, 0.00716708877185087, 0.20154174088831775, 0.04269914826115985, -0.2357817488408178, 0.0005841425624414437, 0.333670840719814, 0.17950051413667473, 0.025983555916107903, 0.2004015013180804, -0.20958579826269427, -0.32633553402304777, -0.047348448841060604, -0.27184562700812337, 0.5732026868275801, -0.15074367083789383, 0.29792795131582395, -0.14815406180184088, 0.4303188611916303, -0.22357460531207862, 0.028703985523845885, -0.23655027993478764, 0.1306295114914624, 0.00432524631692408, 0.07500989406383629, -0.09212782880871324, 0.26826868895774136, -0.27210232368648524, 0.21400586691230042, 0.0691131307251318, 0.3337900810745662, 0.12258687685763876, -0.12676200603812313, 0.33217035415184815, -0.19239829367609987, 0.15598836621769516, 0.025151622592734464, 0.08387091109968008, -0.12578762984190217, -0.24858895913364226, 0.025840782032285195, -0.07801367332279627, -0.15171978609459993, -0.16106707188160918, 0.12820702056650224, -0.0032367634317742805, -0.0390192821329683, -0.221767274115404, 0.42853743884845363, 0.23281528557939826, -0.4390714289327118, 0.12651749674828427, 0.01115701122928655, 0.09555433476395395, 0.050002580521618836]
-360.8335413469498	(9, 12, 2)	[0.17824717970537335, -0.09359217786298406, -0.06849758140517742, 0.13359474270790406, 0.21733742875984546, 0.06183717641106498, 0.29032661964411716, -0.009578477325306648, 0.0828481149763395, 0.022587993184134778, 0.40404691601289605, -0.17770257488442318, -0.025945390960250992, 0.1430543780051366, 0.05623862724375581, 0.014741893263998647, -0.010701944328050276, 0.49220647857199723, 0.04531745621253029, -0.257239468446887, -0.3814367682068821, 0.02265569375019156, -0.18352351483742704, 0.23971996207780905, 0.052684735982546915, 0.08767252581715332, -0.2768590942611089, 0.1405237735825298, 0.020170300965981918, 0.0819147591941734, -0.2052156980530954, -0.018308639675211506, -0.07649000921191287, 0.22957245980144914, 0.3311910409950082, 0.04028155085409766, 0.013814078014434935, 0.14601790293406774, -0.05471296881268767, 0.014201223210189793, 0.04290336613496739, -0.28777851732458326, -0.05244130283679789, 0.26235879679385304, -0.21227080408910465, 0.1911405340133725, 0.21190034464515925, 0.059366720903322075, 0.027757156731927683, 0.20541863421819032, 0.05224215041216784, 0.1388450348872335, -0.08219295104402112, -0.13867867967572697, 0.1995332642047825, -0.2018944334066535, -0.19479428479870187, -0.12078869893226465, 0.06664884815248891, 0.0244782712043927, 0.026797035510126518, 0.2040551807651999, 0.1637335826856345, 0.10234491666811231, 0.011697368315101877, 0.021179867907942917, -0.032073240722141017, -0.38533924700685973, 0.20955578075191053, -0.15095480299215586, 0.10936609451490142, -0.0322903077648414, 0.07764732822808418, 0.16230729274726377, 0.12009480969507942, -0.11987039715882976, 0.0663860496666384, 0.2872755183133895, 0.015092688315017883, 0.18543281185540056, 0.04205792260630569, -0.23481934304593055, 0.00247695572213443, 0.32089029490480375, 0.18266256980950438, 0.025631313767448614, 0.21972585855475923, -0.2157221802267963, -0.32716992920672305, -0.03511936597172665, -0.2788682098672151, 0.587202683060789, -0.15163993790594385, 0.30239819669567536, -0.1290830031928835, 0.4230213623046911, -0.2252373494899117, 0.03345245091601777, -0.24065391869105845, 0.12536790434548375, -0.012143645077634345, 0.09580682283177298, -0.08904785392775155, 0.285013108016143, -0.2734567701302294, 0.2246528630734747, 0.07423064172440927, 0.22196867674573686, 0.12433004496439831, -0.08957255563740135, 0.32104262969427866, -0.15987863486471576, 0.15510947119922716, 0.027420956327733004, 0.08252082025479232, -0.2769065969407647, -0.3310115106578104, 0.033890985272150134, -0.0719309464688437, -0.1570633868447761, -0.16808634647307902, 0.10830932147615412, 0.018688792227984894, -0.031194312742688857, -0.17732068680724, 0.42813487697834185, 0.2565423708544122, -0.4383295602674488, 0.12399109949152153, -0.005583604975375726, 0.08684935438711253, 0.04637839681668113]
-403.6934763027019	(9, 12, 2)	[0.20972816037443615, -0.0947089332154313, -0.1778299365660872, 0.19067494155469183, 0.2160346560794687, 0.06263065401249975, 0.29270731211492257, -0.015444498867290171, 0.08600776234868358, 0.022419544429104432, 0.40586890600745873, -0.18875949713217144, -0.04863507767150113, 0.13612937175785278, 0.05593984328863696, 0.02184507844697947, -0.024442741700380244, 0.4870229486851838, 0.06874774458356507, -0.22179891245247538, -0.3801154963418386, -0.0020126258745926445, -0.20361328425598452, 0.26593252913864196, 0.039398444454652334, 0.08692686920820339, -0.2655463767459697, 0.14194103931037907, 0.020513154659687644, 0.061152429012255885, -0.20667853869369315, 0.013836961591140309, -0.08205291546324905, 0.23557115027692355, 0.32908309355194965, 0.03763863619742773, 0.026958590075401453, 0.15114985470643894, 0.07451505739679797, 0.006771636066292222, 0.07537247920441834, -0.3018662067258614, -0.03967840432683682, 0.2738091277135302, -0.21298732558641795, 0.19855955181680804, 0.2155790193461667, 0.05885097086055738, 0.029819989896262684, 0.2122226293617932, 0.06596448755868385, 0.1338322872364113, -0.0813106400944144, -0.13548513923132907, 0.20131205874390992, -0.21669384788103394, -0.18602581556956804, -0.12295356053414674, 0.04158695946534181, 0.026780820870802014, 0.03178503168291763, 0.21093985610294566, 0.1557609962430803, 0.10384148367498859, 0.0025088033745634315, 0.017377596968661792, -0.03357441330124125, -0.3909959856277193, 0.21337514823361975, -0.14569777712648516, 0.11576691991111242, -0.03515884032139886, 0.07063825628569016, 0.1634466601362329, 0.10864625615892204, -0.13541198063824522, 0.0703367017259085, 0.2928445968572043, 0.003851447470925516, 0.1889092991812713, 0.041286949259356276, -0.23525744500728818, 0.00039313392203904087, 0.3275672137268748, 0.19569134532016255, 0.029747207861542727, 0.2176194066052769, -0.2114148652013148, -0.32679075035054894, -0.031750959495127434, -0.2804599308160389, 0.59174692694227, -0.15297560333027138, 0.269896216643248, -0.14964900362217837, 0.423251122980315, -0.22188965786373122, 0.034210056903069386, -0.23230343318636149, 0.14638981646252408, -0.012029525455298699, 0.08393165328195773, -0.09068734924865446, 0.2726315600316506, -0.2736027956099836, 0.3702602550717497, 0.07133702671122827, 0.23016420625517722, 0.1263934461990164, -0.15752490214221587, 0.3135200422543187, -0.23008910937622287, 0.1315967114820021, 0.026981048995891606, 0.08150905705211323, -0.12850242093424227, -0.32687768343340506, 0.020688058641815166, -0.07048860211973565, -0.15564123588976897, -0.1714905927912913, 0.09339234728692394, 0.025678199560995887, -0.035161383374087196, -0.17952900748227646, 0.42781054136321167, 0.2382368990900987, -0.44802615368029486, 0.1271331982707735, -0.005277015741272705, 0.08935389242381639, 0.04615568232317646]
-466.6626629276642	(9, 12, 2)	[0.21094463190770982, -0.08920487617409012, -0.07618307303761446, 0.19226478823789064, 0.22979342394633187, 0.05896652889715249, 0.28046502489773695, -0.01688154208163228, 0.09196783668225808, 0.02060398180106479, 0.40031637500800704, -0.17633265450691132, -0.01815996726931703, 0.14368395202149534, 0.05697019561323156, -0.0007651229158446454, -0.0131125327490684, 0.49080547347429726, 0.045594431412144976, -0.20157070196219154, -0.4007882650836606, 0.009530353524120648, -0.20549148364661343, 0.32057387958151795, 0.02292488114630811, 0.08050072911709545, -0.26750595527729726, 0.1523911653382045, 0.017481089344886392, 0.07845493030198282, -0.20182014439416, 0.011730907079686643, -0.0732089141962883, 0.22352739732084373, 0.3297663814234747, 0.0368646460788888, -0.048175798722233924, 0.14185422036592196, 0.09711767722137796, -0.07425647211832125, 0.07415423766575883, -0.2934222369554244, -0.05620537597677662, 0.2630472376449745, -0.20687051973722775, 0.1954273644637593, 0.21313821090822047, 0.030790163714379266, 0.027806850143123975, 0.20293954380292395, 0.06453132683306365, 0.10031140759478979, -0.07363144036629198, -0.14395938830780836, 0.21031367240265686, -0.2095867465690137, -0.17922751083755528, -0.10696132046188733, 0.000406942779765784, 0.02707236269090414, 0.03407530123366652, 0.18571982550861899, 0.16501144378206817, 0.10341174533184982, 0.02393065335191825, 0.024708955945769634, -0.03224132629242954, -0.37291301931420323, 0.20980062694517593, -0.14984762591666737, 0.11137153034084271, -0.03938692733229639, 0.08994214906861724, 0.16380945192019922, 0.10693509973960715, -0.1325021308250066, 0.06786819754607674, 0.27231860766390514, -0.0041762056683539986, 0.19403727035158425, 0.04154004532111155, -0.25505506339839334, 0.0025822159772407533, 0.32405002208902284, 0.18484201540150325, 0.01870197352732349, 0.20130790677683869, -0.2240328620582593, -0.33421107800056277, -0.04520856868024365, -0.2912359728927138, 0.5681511619639452, -0.15561168044354687, 0.28966611360941313, -0.142206329617051, 0.4249849674695878, -0.2245618269423661, 0.044940228062620116, -0.23433119795594226, 0.13009608762754316, -0.01092135028300139, 0.09915915463260784, -0.09482407504058966, 0.2812532257527204, -0.27797988086491443, 0.21132864561602271, 0.08155721445404962, 0.23408758866547466, 0.11992703920545245, -0.14226394167838943, 0.30790533922312924, -0.21072026589908832, 0.12883245486495742, 0.04372758687650767, 0.07935988411598673, -0.12360347920804213, -0.2551232852048873, 0.023143554175104088, -0.18246062160223953, -0.14757792145419468, -0.17137287340979934, 0.10428328113739108, 0.020475408083515657, -0.03571160087972083, -0.1772350134601628, 0.4400843342268927, 0.23464275578183344, -0.45687128241143704, 0.12844106850696455, 0.02437532217409643, 0.08113876121660293, 0.05336000573777329]
-421.30602203966873	(9, 12, 2)	[0.18895826973098043, -0.08765708938716821, -0.07951783073535255, 0.19922255319293034, 0.23595305845084175, 0.05883126280794377, 0.2728189761520028, -0.01977458283980945, 0.09407229046795347, 0.008591901572357405, 0.3938660335106884, -0.17780934271601276, -0.0115118130493954, 0.16669853816416919, 0.05647160588859941, 0.01473398458951237, -0.013280485173333996, 0.4976463514922482, 0.0435683276481595, -0.20599282731223548, -0.40391726453634524, 0.012734778900419196, -0.1872858600343266, 0.2592734048501025, 0.02893093453244931, 0.08425771221586371, -0.27857733846085375, 0.14157170007985678, 0.018252442661011763, 0.0515948511339275, -0.20785209833351054, 0.010286261010169792, -0.09065129196697336, 0.23241101117773894, 0.32105354551969767, 0.020471419203061423, 0.02914104465908485, 0.1417457655215006, 0.10561260254898899, -0.032124168526543116, 0.07709470945065208, -0.29400708919236046, -0.010317559738344535, 0.26200073500970744, -0.2086654979632402, 0.19313434801310628, 0.21349402008590052, 0.06013543929652028, 0.025795547923306274, 0.18030893424148509, 0.07081597291514265, 0.12892904448358347, -0.06882351894093444, -0.15105668063742275, 0.22166817978379993, -0.1958562345167254, -0.17060344740159622, -0.10590106188951484, 0.03770568765484594, 0.03661470850985515, 0.12609089850499106, 0.19201368279721975, 0.1665658991305587, 0.10012523367099807, 0.018294381268242677, 0.037137671066837984, -0.03269306948464043, -0.37713612381277195, 0.14373213960402675, -0.14824887157383565, 0.11179578314104002, -0.04176571130365807, 0.08806425860845421, 0.1643396223045288, 0.10741619142643463, -0.1326342504198199, 0.006250693728678787, 0.28037444612235, -0.0145649735173229, 0.1908226588180449, 0.035690188718386535, -0.23328208677315598, 0.0008900271995549777, 0.32733809111234136, 0.19292366540355238, 0.01880554415065634, 0.19291956521247852, -0.2394693134913998, -0.3274525526845577, -0.05544298078158405, -0.2911077042696453, 0.5556475917984066, -0.16874254960556317, 0.291801991109539, -0.14425619432226228, 0.2337109078363861, -0.22742503615385862, 0.017251955869513037, -0.23055049690024088, 0.1334141112222244, -0.015050002517307193, 0.11847611569902836, -0.09412226915441302, 0.2735052448590074, -0.2761800386878536, 0.20785469013184688, 0.07635435205049214, 0.19302035112363744, 0.11606456112892477, -0.1666057441359781, 0.3089981657084919, -0.2108586620444266, 0.13620846474860931, 0.03141286223818991, 0.13548238675279609, -0.12330134547734921, -0.31497870653946886, 0.03199148707337026, -0.06526663820399654, -0.14415228055513174, -0.24500469178487266, 0.08211177821554368, 0.019326540512137266, -0.02958140980088596, -0.21386728900087873, 0.42961373518715384, 0.23297150997481184, -0.3824371795658981, 0.12747404722622474, -0.0048514440644994525, 0.0759029664009289, 0.0640297142743563]
-266.3667249855792	(9, 12, 2)	[0.20972816037443615, -0.0947089332154313, -0.1778299365660872, 0.19067494155469183, 0.2160346560794687, 0.06263065401249975, 0.29270731211492257, -0.015444498867290171, 0.08600776234868358, 0.022419544429104432, 0.40586890600745873, -0.18875949713217144, -0.04863507767150113, 0.13612937175785278, 0.05593984328863696, 0.02184507844697947, -0.024442741700380244, 0.4870229486851838, 0.06874774458356507, -0.22179891245247538, -0.3801154963418386, -0.0020126258745926445, -0.20361328425598452, 0.26593252913864196, 0.039398444454652334, 0.08692686920820339, -0.2655463767459697, 0.14194103931037907, 0.020513154659687644, 0.061152429012255885, -0.20667853869369315, 0.013836961591140309, -0.08205291546324905, 0.23557115027692355, 0.32908309355194965, 0.03763863619742773, 0.026958590075401453, 0.15114985470643894, 0.07451505739679797, 0.006771636066292222, 0.07537247920441834, -0.3018662067258614, -0.03967840432683682, 0.2738091277135302, -0.21298732558641795, 0.19855955181680804, 0.2155790193461667, 0.05885097086055738, 0.029819989896262684, 0.2122226293617932, 0.06596448755868385, 0.1338322872364113, -0.0813106400944144, -0.13548513923132907, 0.20131205874390992, -0.21669384788103394, -0.18602581556956804, -0.12295356053414674, 0.04158695946534181, 0.026780820870802014, 0.03178503168291763, 0.21093985610294566, 0.1557609962430803, 0.10384148367498859, 0.0025088033745634315, 0.017377596968661792, -0.03357441330124125, -0.3909959856277193, 0.21337514823361975, -0.14569777712648516, 0.11576691991111242, -0.03515884032139886, 0.07063825628569016, 0.1634466601362329, 0.10864625615892204, -0.13541198063824522, 0.0703367017259085, 0.2928445968572043, 0.003851447470925516, 0.1889092991812713, 0.041286949259356276, -0.23525744500728818, 0.00039313392203904087, 0.3275672137268748, 0.19569134532016255, 0.029747207861542727, 0.2176194066052769, -0.2114148652013148, -0.32679075035054894, -0.031750959495127434, -0.2804599308160389, 0.59174692694227, -0.15297560333027138, 0.269896216643248, -0.14964900362217837, 0.423251122980315, -0.22188965786373122, 0.034210056903069386, -0.23230343318636149, 0.14638981646252408, -0.012029525455298699, 0.08393165328195773, -0.09068734924865446, 0.2726315600316506, -0.2736027956099836, 0.3702602550717497, 0.07133702671122827, 0.23016420625517722, 0.1263934461990164, -0.15752490214221587, 0.3135200422543187, -0.23008910937622287, 0.1315967114820021, 0.026981048995891606, 0.08150905705211323, -0.12850242093424227, -0.32687768343340506, 0.020688058641815166, -0.07048860211973565, -0.15564123588976897, -0.1714905927912913, 0.41077206154406476, 0.025678199560995887, -0.035161383374087196, -0.17952900748227646, 0.4137914276426435, 0.2382368990900987, -0.44802615368029486, 0.1271331982707735, -0.005277015741272705, 0.08935389242381639, 0.04615568232317646]
24.78700041283645	(9, 12, 2)	[0.17824717970537335, -0.09359217786298406, -0.06849758140517742, 0.13359474270790406, 0.21733742875984546, 0.06183717641106498, 0.29032661964411716, -0.009578477325306648, 0.0828481149763395, 0.022587993184134778, 0.40404691601289605, -0.17770257488442318, -0.025945390960250992, 0.1430543780051366, 0.05623862724375581, 0.014741893263998647, -0.010701944328050276, 0.49220647857199723, 0.04531745621253029, -0.257239468446887, -0.3814367682068821, 0.02265569375019156, -0.18352351483742704, 0.23971996207780905, 0.052684735982546915, 0.08767252581715332, -0.2768590942611089, 0.1405237735825298, 0.020170300965981918, 0.0819147591941734, -0.2052156980530954, -0.018308639675211506, -0.07649000921191287, 0.22957245980144914, 0.3311910409950082, 0.04028155085409766, 0.013814078014434935, 0.14601790293406774, -0.05471296881268767, 0.014201223210189793, 0.04290336613496739, -0.28777851732458326, -0.05244130283679789, 0.26235879679385304, -0.21227080408910465, 0.1911405340133725, 0.21190034464515925, 0.17864861881191632, 0.027757156731927683, 0.20541863421819032, 0.20777128869214456, 0.1388450348872335, -0.08219295104402112, -0.13867867967572697, 0.1995332642047825, -0.2018944334066535, -0.14476562688906902, -0.12078869893226465, 0.06664884815248891, 0.0244782712043927, 0.026797035510126518, 0.2040551807651999, 0.1637335826856345, 0.10234491666811231, 0.011697368315101877, 0.021179867907942917, -0.032073240722141017, -0.38533924700685973, 0.20955578075191053, -0.15095480299215586, 0.10936609451490142, -0.0322903077648414, 0.07764732822808418, 0.16230729274726377, 0.12009480969507942, -0.11987039715882976, 0.0663860496666384, 0.2872755183133895, 0.015092688315017883, 0.18543281185540056, 0.04205792260630569, -0.23481934304593055, 0.00247695572213443, 0.32089029490480375, 0.18266256980950438, 0.025631313767448614, 0.21972585855475923, -0.2157221802267963, -0.32716992920672305, -0.03511936597172665, -0.2788682098672151, 0.587202683060789, -0.15163993790594385, 0.30239819669567536, -0.1290830031928835, 0.4230213623046911, -0.2252373494899117, 0.03345245091601777, -0.24065391869105845, 0.12536790434548375, -0.012143645077634345, 0.09580682283177298, -0.08904785392775155, 0.285013108016143, -0.2734567701302294, 0.2289201949760872, 0.07423064172440927, 0.22196867674573686, 0.12433004496439831, -0.08957255563740135, 0.32104262969427866, -0.15987863486471576, 0.15510947119922716, 0.027420956327733004, 0.08252082025479232, -0.2769065969407647, -0.3310115106578104, 0.033890985272150134, -0.0719309464688437, -0.1570633868447761, -0.16808634647307902, 0.10830932147615412, 0.018688792227984894, -0.031194312742688857, -0.17732068680724, 0.42813487697834185, 0.2565423708544122, -0.4383295602674488, 0.12399109949152153, -0.005583604975375726, 0.10062601507865089, 0.04637839681668113]
61.66121328129165	(9, 12, 2)	[0.19078287935412058, -0.09175630972623308, -0.0639142218041548, 0.18037272021832956, 0.22102890417196736, 0.06455337033447286, 0.28708520774784896, -0.009764277000323736, 0.08017324560901447, 0.07665607361470389, 0.40218762938743524, -0.190256641738512, -0.05764307743927184, 0.14192370782792546, 0.056272368244145, 0.01737933592478029, -0.017023049796250467, 0.4790590348662485, 0.048292138582842675, -0.15496284128843443, -0.38698026655544526, 0.0028756292185289603, -0.1894235229288547, 0.2607794485112881, 0.043800861383803236, 0.08100057992436809, -0.27045808867389, 0.14374440076647857, 0.02029173674442244, 0.07169983283300416, -0.20680391113218866, 0.0029206348431880212, -0.07387432790232264, 0.23283638711534344, 0.29477197444849046, 0.03193914356660008, 0.010446416839987857, 0.14974275766816583, 0.03874513076659493, 0.0083169778327011, 0.0644889241704409, -0.29656188314268317, 0.12117910081193617, 0.27115789229156734, -0.2087449391017776, 0.1976665773625707, 0.21277760373324667, 0.11537442457501916, 0.026511822356486567, 0.2113770953121269, 0.0658887040060478, 0.09639822503019307, -0.07950501916084977, -0.14007528241933298, 0.19982128867046, -0.2127109833915707, -0.18778755240521627, -0.1276839537813391, 0.04811320678127761, 0.02996489479245166, 0.030055061945860714, 0.20882530576127004, 0.16084195852041921, 0.10083362897477113, 0.01084292743893763, 0.021281433122557078, -0.033061626836847935, -0.38628007954769583, 0.2095355258158558, -0.14851485775721152, 0.1100540974254096, -0.0333767317305924, 0.07151475595858744, 0.1702361622902743, 0.12220562002172249, -0.17137374318084014, 0.1515901244819243, 0.28998408033891854, -0.011940192556058446, 0.18690555263685765, 0.03391046238494427, -0.2376607154675791, 0.0025548820540147285, 0.32524029288801115, 0.2719127564783871, 0.027075993740839122, 0.19660400642323736, -0.22121518158372946, -0.3279066024613809, -0.04508660318522016, -0.27928361025694637, 0.5979944470238412, -0.14765117235636196, 0.28454635070386447, -0.14858174648774647, 0.4235783407958683, -0.22521426272555056, 0.033780237563094506, -0.21131763062769723, 0.029975207117863167, -0.010374870042964435, 0.09367388856246846, -0.09008273402746779, 0.2796677092280888, -0.27417193906494186, 0.22742529173688558, 0.07137399911687359, 0.2279053719764374, 0.12175561926922086, -0.1543872683758566, 0.3156990393859742, -0.19647304864593446, 0.14590982855908827, 0.027610708792410968, 0.0824243400874275, -0.16965989376079726, -0.32040768135451914, 0.01709794984124662, -0.07150216546165349, -0.15879491623108755, -0.17128050960921126, 0.09767199884773387, 0.01869740961177939, -0.03330423443118171, -0.17678146562403088, 0.4281224557237208, 0.24760845216982824, -0.45609371080394945, 0.12475281311970082, -0.02838281984053996, 0.08819207358616954, 0.04744983399477866]
-299.72090293278393	(9, 12, 2)	[0.19540537453607623, -0.08760850925960528, -0.08140925242566636, 0.1957170399062837, 0.23436398386600343, 0.05914116503327878, 0.2749594664623149, -0.017318551730292092, 0.08990443260992717, 0.11176303527687226, 0.4015753064477472, -0.20038322999632524, -0.025038711240395254, 0.16525178976609672, 0.05584206089481511, 0.01499885218819579, -0.013398077479424014, 0.49217799658994815, 0.04296508385500627, -0.22179307335958937, -0.40020157663170774, 0.01033061288901585, -0.19119695278098242, 0.26437752506393397, 0.034811774823716814, 0.08287244592828993, -0.27886068084054805, 0.14231834395737236, 0.018815829999872184, 0.05634126461417431, -0.2072031454229424, 0.008659491183705993, -0.018527579999905334, 0.23278574301685917, 0.3223784072237939, 0.022924370972546657, 0.024021370709494866, 0.14430225860641716, 0.09439347901107793, -0.016192957377171188, 0.0697976608789337, -0.32108666963304167, -0.022205608237930566, 0.2617775368498776, -0.20863074247668592, 0.18165016215539778, 0.21192500260361538, 0.06125685783548673, 0.02686616479673615, 0.19812301484427303, 0.0661587084696315, 0.11537559897274802, -0.07710843021636779, -0.14551870711326487, 0.21081334960572706, -0.19822805845749258, -0.1784788677760541, -0.11832795145806585, 0.02354439567804171, 0.029519499836644016, 0.026850192084313804, 0.19449084008740436, 0.1635658370000971, 0.10322314240121228, 0.018250640558143263, 0.0485604086124886, -0.039699203825680277, -0.37728770846588133, 0.14606043027566584, -0.14353517010492742, 0.1108703762077522, -0.028059325693192253, 0.07082061845188262, 0.16889783755684754, 0.10976394777406809, -0.1331054703065241, 0.057338049493628425, 0.2852610011247461, -0.012556466258258611, 0.1884955031678293, 0.039515235208716006, -0.234378429691724, 0.0017873117282934505, 0.32670302628570136, 0.18215556119676102, 0.017787791658153137, 0.20885648044800045, -0.21768868538136676, -0.32769492777575865, -0.054718182559734964, -0.28291039471142737, 0.558823545384992, -0.16190476730267434, 0.2907701346022496, -0.14464713975364696, 0.23632481073256206, -0.22600572107303774, 0.025306363100420046, -0.22997853015073463, 0.1306111865738577, 0.008750624615837007, 0.10989481638851847, -0.09516247206901705, 0.2772320069171984, -0.27621118060017297, 0.2308105194292885, 0.07499568801938032, 0.2073135905288745, 0.11873940000414471, -0.14412645447419598, 0.33531177832728887, -0.21035355234907974, 0.11149573741233823, 0.030609661194537084, 0.10009145564038505, -0.12235099875380379, -0.30123953740195836, 0.03690072258882289, -0.06586153028038222, -0.1575962460286407, -0.21264697988361042, 0.07788973722701298, 0.020348769146518002, -0.030981744652652396, -0.18972158057575378, 0.4299466480603376, 0.23524846749347633, -0.39414197021529496, 0.14118279754381466, -0.00965066491505844, 0.07907014947938178, 0.054961634999225135]
-215.7182725522756	(9, 12, 2)	[0.19117711570608942, -0.08146205015191137, -0.08185043145871086, 0.1597144128642862, 0.22776999944703516, 0.10458732658157308, 0.27394667815559837, -0.011924103669142861, 0.04118198475599046, 0.02261935225346684, 0.3846976510956493, -0.18196466330220662, -0.02846105152779093, 0.14161145048262677, 0.056343596246675315, 0.016569204517598447, -0.018029786545727632, 0.48552048998672565, 0.04290728696720633, -0.2402909513635719, -0.32332161623259836, -0.002232738669579595, -0.19387845857009525, 0.2514176770288351, 0.04168550685102396, 0.08124212220250855, -0.2732170827473095, 0.14193906176454735, 0.020290378620312313, 0.07244773566337231, -0.20128941971080755, 0.0064443071175946404, -0.07295629780678997, 0.22559954392529705, 0.3425511378799214, 0.031517315614690414, 0.03125089368849971, 0.15076661070773917, 0.06931528099504707, 0.009618451232709834, 0.07350081780112837, -0.25754203632170203, -0.0497262614135418, 0.2637022792193278, -0.2122416605036083, 0.19467275706978743, 0.21354769666097492, 0.05946842396923009, 0.026536698938174133, 0.2100777757831529, 0.06642048424844882, 0.13040484013093828, -0.08785511913619823, -0.1413526585163733, 0.20344470624920666, -0.21187472510880906, -0.18331470535056718, -0.07806176224557532, 0.030574013207813316, 0.03084782724237773, 0.030458442050368705, 0.20102019961414164, 0.16115760346298152, 0.10449089884557174, 0.07887323053623088, 0.023165143660274105, -0.03151619485137219, -0.3800484748890548, 0.19576886413063677, -0.1463977631277026, 0.11631403963500078, -0.04073945477061992, 0.07308656765785793, 0.1731093366158309, 0.11642194198857558, 0.1400582390001426, 0.06345088352322859, 0.30692303541479216, 0.008967258787014026, 0.17729650073763173, 0.04153108961115678, -0.2351423663082005, 0.0033290717074307458, 0.3252557099774266, 0.1834098635228151, 0.022448206737554554, 0.21688486563950313, -0.21607528938080736, -0.3297585366075673, -0.04792647570687546, -0.28991568008512514, 0.5766074662634274, -0.15198995352975275, 0.29662373968994493, -0.14187851373393134, 0.4231397160661827, -0.22319537109773757, 0.024779472786359637, -0.23545979744558382, 0.13284395270041047, -0.010384141799048095, 0.09168487810586845, -0.09317150641014865, 0.27928795230495607, -0.27697264840298613, 0.23533078587037012, 0.07860423251633807, 0.23287672828700587, 0.12750697191593655, -0.13324772703038268, 0.31430800416728044, -0.2229677405437816, 0.1512610934614042, -0.01848761405459115, 0.07692236327038275, -0.1765532709803793, -0.31624220559977334, 0.019249747718400496, -0.07043419803247065, -0.15401068356647823, -0.17069517836080966, 0.09590463506386607, 0.020808017300807287, -0.12736664315364163, -0.18033112577528912, 0.4282823137157874, 0.23905060527403138, -0.4479979480440298, 0.11999504302469496, -0.003847132905962944, -0.039033633940648724, 0.0486770714612786]
-189.75423628443323	(9, 12, 2)	[0.19773566610405502, -0.09094074086346254, -0.0924212384319276, 0.1881034120793299, 0.21956207227283236, 0.06153471784445061, 0.28187207975187306, -0.01589383977461666, 0.09190799282785925, 0.06411591785440773, 0.40405259756877565, -0.20480291996831562, -0.04582853585582156, 0.14180845185971078, 0.0560795815815138, 0.016070013973745412, -0.028544077892588973, 0.43881232048749136, 0.058225537184186875, -0.18368626787200598, -0.38481877694465066, -0.0036730918438171297, -0.19111319207323108, 0.2769586883617385, 0.03378553267619938, 0.0816204173363857, -0.26843493850937783, 0.1447942633872068, 0.0199812560277271, 0.062125202372526375, -0.2056883741482104, 0.006686292688409541, -0.0651813529846415, 0.23566348084271677, 0.33170069830371385, 0.03276008369905373, 0.03382009735929378, 0.14915067201988327, 0.09355403291053985, -0.005591227313860463, 0.06736116736903096, -0.3079816112755894, 0.0330022740696969, 0.2590098300540903, -0.208827275413147, 0.1745069895705958, 0.21205006623778247, 0.082207156439437, 0.027932390942837587, 0.21411835204961305, 0.06539497508401235, 0.11970610321209131, -0.08182387100553479, -0.14038009652073918, 0.20134753846527265, -0.21006415613717055, -0.18535329954465185, -0.1167704529512996, 0.025077564017823357, -0.019873767560090096, 0.03389733478421344, 0.20350826472870442, 0.1554302625758795, 0.10312040624546853, 0.014491154583836825, 0.02047020201171586, -0.03498136822444897, -0.38371038619890674, 0.21565263583827957, -0.14341355371365633, 0.11099935942248468, 0.0020040067666671282, 0.06313194755967304, 0.1675438057321415, 0.10910362839085927, -0.1342185443437292, 0.0730431682661695, 0.28928104485589073, -0.007132511045442494, 0.18430052666209706, 0.04148653387473293, -0.23753602143393515, -0.07035369742138192, 0.32528000902676674, 0.18328311353333215, 0.022785941390728044, 0.21133741644045406, -0.21521321033505186, -0.3255252031326202, -0.03992488585800551, -0.279165296680278, 0.5912044090222933, -0.14901202850881473, 0.28411703814016054, -0.14859696275112474, 0.42214307271162116, -0.22386067289901185, 0.03220409766024509, -0.21727439878450386, 0.06097309835865911, 0.009730328601356171, 0.095777175802176, -0.09170152239753164, 0.2807072887897775, -0.2451805661910639, 0.24640944378866134, 0.07282670133559653, 0.23458403229254715, 0.1238908949514865, -0.15327714112684915, 0.31616143904705407, -0.2087032075996602, 0.10697365957153221, 0.027431328379121427, 0.08424088318158439, -0.13004123316479171, -0.3221905993148789, 0.021598490833858314, -0.07292187856290169, -0.15686352310099416, -0.17174126569995282, 0.11084637199564264, -0.05060800221723466, -0.033606228640374707, -0.17509038044758973, 0.4291028369180807, 0.23793840123143123, -0.4267071272358608, 0.13526980210695994, 0.004883237162026516, 0.09083175021594814, 0.04858371078984739]
-370.2341662419343	(9, 12, 2)	[0.19241585832982994, -0.08343512748497418, -0.10088703019331074, 0.18962394375011357, 0.22692410078882008, 0.08152034675744449, 0.27778583318097866, -0.015089906614375962, 0.08387256346848412, 0.023028403140731506, 0.4012199611810148, -0.18894269927200974, -0.038575456408569145, 0.15055296222441913, 0.055834722664211474, 0.012485390317942883, -0.018504756778793166, 0.4896899019133256, 0.046649712968128795, -0.23489649753722064, -0.34872923017263147, 0.000990132588192651, -0.19123534264052394, 0.2632379139014822, 0.03625704152154426, 0.08124134377553763, -0.22665306892262915, 0.1549416655472398, 0.01574911225627211, 0.06207380892730761, -0.20156326308977296, 0.0076589226346579055, -0.0744514658108404, 0.23113950238716674, 0.337563079004698, 0.02700248386226381, 0.03320932927671816, 0.1498716181084222, 0.0736273751003164, 0.006605879204569265, 0.07421030074060055, -0.2908026246815735, -0.04784927523692887, 0.261680247039148, -0.21051486823001903, 0.18176688705133479, 0.2129597014896492, 0.08165086816274075, 0.026225319328588903, 0.11251001037872548, 0.06484519806527478, 0.1258509413689811, -0.08390180467272644, -0.14226911153695473, 0.20360846942065508, -0.20967493856135772, -0.21696286014487046, -0.10970823522243853, 0.027512146668829476, 0.022840502855737573, 0.03168320582323102, 0.20157766168791572, 0.1665517560801152, 0.10405290952129118, 0.06143979783009872, 0.02003392823114026, -0.032932543333394945, -0.3824919791584648, 0.20050159121179625, -0.14542884714110574, 0.12015570118488794, -0.037970855419142885, 0.07263692569428765, 0.16965897860414064, 0.11100999851036239, -0.11193631901378291, 0.06494479413207387, 0.28534314822641194, 0.006655632359631392, 0.18499390442333263, 0.04080080795254737, -0.23804703192302118, 0.003264360402555239, 0.3329374242927442, 0.18871327780305192, -0.05813590208402233, 0.21693652948060826, -0.21580347887697193, -0.2684137387595825, -0.04019716487844508, -0.27948677707964037, 0.5684819528311917, -0.1692987849169163, 0.2820505911410092, -0.13621567881221724, 0.4220412125426069, -0.22343662254861218, 0.023178102564897995, -0.22491765561520474, 0.13283415014263406, -0.013485150309163092, 0.09358830100237284, -0.0927164481704845, 0.27993665256831385, -0.276735728464161, 0.2579328367576205, 0.0813451445686154, 0.23207470279133166, 0.12244079578357918, -0.13958481631149322, 0.3232537059987733, -0.222163714610595, 0.1304691890108977, 0.026204940150794387, 0.07220579098369322, -0.1401964457199833, -0.3154057749189103, 0.019654738591017896, -0.07106067085333935, -0.1557415397724964, -0.17091840576255024, 0.07344746846887154, 0.019824283413617663, -0.08595441404249599, -0.1827050082058246, 0.4280952422659524, 0.23658999498461997, -0.4526314657435044, 0.12550422830991126, 0.0002786493272372172, 0.08045262595437651, 0.04608877965797281]
139.09107574064697	(9, 12, 2)	[0.19078443748897836, -0.09161194004052088, -0.10973380610490198, 0.13862304690955476, 0.2250877154677874, 0.06166840471264129, 0.2767271411407795, 0.004694181548564737, 0.08565955200300582, 0.04908478905703531, 0.3995190708093403, -0.18195254058492089, -0.03668578783130571, 0.15427589228048413, 0.05625054211022169, 0.01330205341134233, -0.014537647072932838, 0.47241945785215744, 0.04850302762622797, -0.23033886566854073, -0.39344288660023174, 0.002815228649779394, -0.19203849932566186, 0.2642329735709673, 0.04186842995087103, 0.08165773037580869, -0.2639456838598591, 0.2084879158249156, 0.022132999970715543, 0.07110395877886104, -0.20086821866569884, 0.008060413935797537, -0.0756418982698692, 0.23253474762164184, 0.31567014498499835, 0.03573520956398797, 0.01965531085697725, 0.1487581512165933, 0.05985363424866049, 0.0056752734140771595, 0.060922891418377756, -0.29172934187716265, -0.031147938764395942, 0.2713793824805132, -0.20829237055220023, 0.19745622663806656, 0.2137226121389719, 0.08087315539330217, 0.026454794319882475, 0.21194667776293827, 0.060913589427220166, 0.12062425523401998, -0.07928509827325628, -0.14169862207589773, 0.20107866731704216, -0.17483450567974834, -0.18336559621828136, -0.11621606395235583, 0.033906087773502666, 0.020172115240882346, 0.03305357877924853, 0.20382168580120247, 0.1598893778836173, 0.10330088751412406, 0.014209296692882114, 0.019785764069625983, -0.032907591317091235, -0.39119133783450144, 0.19859129719495322, -0.14717657526573058, 0.11593116749150015, -0.03572233985037349, 0.0714119185964486, 0.17417913098652454, 0.11609455451422274, -0.1449000580674899, 0.07800880137661242, 0.2919813717911099, -0.005682354264844033, 0.18850340545380195, 0.036278224546503555, -0.23835789658712192, 0.0023720375330160376, 0.32669151279386055, 0.17022228027955477, 0.024577720515024035, 0.21511626093001918, -0.2207950317918425, -0.32672208779563394, -0.04399102903226117, -0.28076341543265676, 0.5878368609566353, -0.1890347840214977, 0.2884864952940378, -0.14474317599139563, 0.4219020137976721, -0.21230793959202587, 0.026932755549924296, -0.21796657192588412, 0.07988692385440788, -0.01658786062013074, 0.09436775469178715, -0.09248537483271836, 0.2759233937590841, -0.27547431139484835, 0.2299505018301516, 0.07728039356552141, 0.22871793291970965, 0.1214536994321277, -0.1544416817096803, 0.30440983994270504, -0.21788326666491722, 0.13611363574249055, 0.029444731836499937, 0.08338458779479324, -0.16273258878654911, -0.31038283094430985, 0.013972771023123397, -0.07118969796048608, -0.15671455724025535, -0.17348774530072852, 0.09664377669304233, 0.02015533707406108, -0.03313482586803139, -0.17858748558098572, 0.429943485826457, 0.25526595213288505, -0.4696733979333063, 0.1439432130361233, -0.011281571494092747, 0.08317534766733076, 0.0485171229873756]
-81.24300103151799	(9, 12, 2)	[0.1926627770744657, -0.08804897831905514, -0.07779363069529222, 0.18162359794607685, 0.22435011768843482, 0.06476915942899278, 0.27697665800063537, -0.013780723506687208, 0.08542383204484423, 0.09603714803006376, 0.40063144612261237, -0.21761185047250634, -0.038841622318019145, 0.15480883913363136, 0.05614614631848032, 0.014716650786394975, -0.017530051296096028, 0.4913669370001598, 0.0549783496737562, -0.2318160993003382, -0.3980446205724095, -0.009930061669758638, -0.22191714627087333, 0.27162157489951655, 0.039288417418591, 0.08111251263206237, -0.3009601341386708, 0.14256865389577728, 0.019991930857335968, 0.06717761252544827, -0.20638894579363204, 0.0056376093691740655, -0.02726426909652172, 0.25544541355198913, 0.316871616875958, 0.028210336217490705, 0.025034679148314906, 0.14586128262796053, 0.08862496577823735, -0.015851011318121912, 0.07481221146387437, -0.29688799168193203, -0.03696092261650851, 0.2630980107833573, -0.20825071317510138, 0.18515747907410823, 0.21257764942653176, 0.07971628855913537, 0.026937530268359926, 0.20682516992641348, 0.07803382015965017, 0.11538768630681365, -0.07848795080344192, -0.14367456687818816, 0.20019044647527046, -0.20546583457615236, -0.1822853466101162, -0.11854709043185369, 0.2032628423657989, 0.027560802586560896, 0.028006827348261702, 0.19611260531880004, 0.16239173022670178, 0.10388357962314322, 0.01824215688534157, 0.036707876393899656, -0.03886773837354866, -0.3954634357210438, 0.17821477914188988, -0.15601807970475368, 0.11293022669317727, 0.019689736025372037, 0.07098851022826176, 0.16919616843157526, 0.11042043914746445, -0.12994146660216843, 0.07931380911429867, 0.2874849452898045, -0.005143154410098339, 0.18786040818194785, 0.039348624279101324, -0.23465537447135543, 0.00276392503699364, 0.30831976872979766, 0.1744786086040175, 0.02006231337040202, 0.199201606600412, -0.21746624443998264, -0.32718081915840747, -0.04720951151181534, -0.28255624421640646, 0.5617128847509377, -0.1745335435668311, 0.30283083971809, -0.1433834644296308, 0.32147009190548037, -0.2244855840182362, 0.029607619375951258, -0.229557711773746, 0.12783063747653753, -0.0013896826838250779, 0.10639589640865972, -0.09501734594938038, 0.32697056323557866, -0.2757378014100962, 0.23216685719039096, 0.07478886564441747, 0.21652129955603652, 0.1209096497859882, -0.13981427759326806, 0.3326234506326377, -0.2077365300796662, 0.12250382738596388, 0.026887853308370884, 0.08593819470543596, -0.14245911105959463, -0.3189015773373023, 0.027711013621856944, -0.0669973568634429, -0.15732757302904016, -0.2401909237056764, 0.0752350270543349, 0.019558325353585426, -0.03838917076871948, -0.17802723479289442, 0.42719732191525245, 0.23805988831752423, -0.4345932096443682, 0.057406142587668865, -0.002448297764389795, 0.08005379301570476, 0.05384852228451405]
-238.88633966777115	(9, 12, 2)	[0.1925210350881602, -0.08902363566409481, -0.10198141704813624, 0.2014386621689453, 0.2271053912104131, 0.06470737003539864, 0.283166317853372, -0.0060838302767820315, 0.08917651899040094, 0.043078692966180075, 0.40171478310437375, -0.20318255701865517, -0.031037624245467115, 0.1428278929558501, 0.0559280404761576, 0.017368015207666326, -0.028793695741732805, 0.45936184529209545, 0.04718744865043374, -0.20300421477499048, -0.39413408728656557, -0.0011371498299759706, -0.19114764826145494, 0.2852405372132538, 0.033749639989142974, 0.08434025833778357, -0.2708871132211484, 0.1447257830126439, 0.03598779049619992, 0.05947710527975787, -0.2026590059970261, 0.004726192674003721, -0.07366451426323312, 0.23388867220780618, 0.3223073580061381, 0.027073647048329746, 0.012246850379710045, 0.14910186355538124, 0.08805681993874118, -0.0022343910978673324, 0.06568326566162029, -0.2786421665547675, 0.027923885805359573, 0.25381424557775734, -0.20788458513723113, 0.19194929105240918, 0.21235648384790506, 0.062207732584919316, 0.02603446861293668, 0.21962776965910435, 0.06245787624888918, 0.12258584536269582, -0.10782192868533935, -0.14096720741165938, 0.201128312202089, -0.20670713590985196, -0.1857289822446181, -0.12476918871679615, 0.014327725224792873, 0.014478353039640873, 0.033661522872266564, 0.3035548047007448, 0.15636097202475002, 0.10434682064147915, 0.012537743346238299, 0.020159930672950944, -0.03310746581669681, -0.3907054916041967, 0.20997413575231313, -0.14347662029584068, 0.13361595801648596, -0.014869964161879436, 0.06624776527026359, 0.16490258313389133, 0.11053008345292689, -0.1368673435314622, 0.07777392768284491, 0.2863502181041011, 0.0035123576974562566, 0.1829622869785682, 0.04169679732508779, -0.23782566292033763, -0.005539392537409725, 0.32834322455151466, 0.18627937778676995, 0.022984720287230073, 0.21183403225063416, -0.21829512217674463, -0.28525969351501046, -0.033281357327790764, -0.27884554881093226, 0.6350512132560474, -0.15990459855640604, 0.28991265191624854, -0.13180178190242592, 0.41953249972474804, -0.22144227951372492, 0.02399365788556359, -0.220145301223478, 0.11831576747798361, -0.00033244536464218364, 0.09561880186000374, -0.0942673043616612, 0.2779576139085189, -0.25725572833794497, 0.24261766716723648, 0.08169075835461087, 0.21561597112343125, 0.12472745843136054, -0.1336942306424508, 0.315050947432496, -0.2102567955418218, 0.12941758485374877, 0.027294951761017053, 0.08478809467988756, -0.13874006176611642, -0.3214236275730573, 0.010919134869802484, -0.07283258105331844, -0.1513589046333118, -0.1800635256315378, 0.1121512719063141, 0.018575092346512053, -0.032821187748459525, -0.17638508139463732, 0.42810117034385703, 0.23915695476648213, -0.4366292180997764, 0.1334000859756119, 0.002300235350382656, 0.07540448693274782, 0.04762557876960802]
-203.61286182913076	(9, 12, 2)	[0.18784805558336315, -0.0922040508351455, -0.09794604700623592, 0.1839782086889295, 0.11149242552218469, 0.06228040465909924, 0.2857246047640452, 0.15156828479143833, 0.08978669283576153, 0.030051384385182185, 0.4012985668935637, -0.19733844165325293, -0.042321578196261186, 0.14072668612612071, 0.05608666180834615, -0.005459882826820932, -0.026883118716416052, 0.4870364195981146, 0.04256364494715778, -0.2266436996621677, -0.3888455376552512, -0.0008729523231413268, -0.18894533372953787, 0.2659758435698813, 0.03912432857076807, 0.08054700711590781, -0.23233862807766237, 0.14352735563334318, 0.017167193378601273, 0.06743735220037429, -0.20542712134110364, 0.005688196638458735, -0.0727453159855588, 0.23165544946937872, 0.327700599139219, -0.06162017980154252, 0.03692868982806614, 0.1501842589551306, 0.06660562589980981, -0.001243217905756659, 0.06700103284963155, -0.27212331477111545, -0.018281063979111684, 0.2559038066879114, -0.20813948699464044, 0.18934901412299582, 0.2132832724851587, 0.06234981554378781, 0.026803610387326243, 0.2959617839434489, 0.060511066646646405, 0.11308947257864728, -0.15987007753876348, -0.13999413118629314, 0.1967814187252146, -0.20594380134428447, -0.1842783868564331, -0.12320325445306933, 0.034244194411615934, 0.023567774408389863, 0.02820916243718755, 0.2057486739999273, 0.15947897874326003, 0.10585875549125243, 0.023498744838086567, 0.018642169443607613, -0.03309416630169821, -0.38417823618227476, 0.20805364944046056, -0.14524842991569892, 0.1153865410298215, -0.022077399516532578, 0.07355017084292685, 0.16559523522502367, 0.11519014826965134, -0.15820585126108605, 0.08699532685787834, 0.30782005728359096, 0.0006086865489919725, 0.13416491391849553, 0.0409006552264313, -0.23914423185425687, 0.002119847105376083, 0.34863297109286756, 0.18665116596539982, 0.014957128266920337, 0.21149953119299758, -0.21888367741142328, -0.3284108805328786, -0.046023103354862566, -0.27998144354601573, 0.5922400992889674, -0.1543584148282359, 0.28723525889118207, -0.14844355223067843, 0.4154174185288865, -0.2245123468275912, 0.02512660129484311, -0.21993414429043745, 0.19298038078949276, -0.009765909066147025, 0.09181620035139805, -0.09621651542856757, 0.27418767808005534, -0.2786897792278704, 0.24879434019935032, 0.08650053524961, 0.2315411820214652, 0.12569598204762913, -0.14291252767359194, 0.29965206464291944, -0.21974948229128421, 0.11572097941112114, 0.024469821754653502, 0.0857646512681363, -0.1927263328489536, -0.32104005232988575, 0.01539375107380632, -0.07106062699472868, -0.1506847788495644, -0.16869325049876233, 0.10292701740459498, -0.0015986265370652492, -0.044095628063713956, -0.17687048748864365, 0.42961209718706816, 0.23973956372054384, -0.44689650805618364, 0.12654869411527087, -0.005367886553152335, 0.023890504322796987, 0.17440322156963978]
-290.01019950831517	(9, 12, 2)	[0.19669258467042477, -0.08840433470641583, -0.09419952974869243, 0.18709755803114947, 0.224534086276199, 0.10079543806418426, 0.3115179233571708, -0.020902845755349966, 0.08949565692881442, 0.03048549460723647, 0.40199272578405754, -0.2668660399731579, -0.05751839265065722, 0.1414480807070013, 0.17019878594405846, 0.014422715608386216, -0.02273665929987077, 0.49104903474811035, 0.05992610486722336, -0.225035139722988, -0.39017794036324915, -0.0015559651160007995, -0.19976541669418352, 0.2692651313061488, 0.040984261633291906, 0.08397870961085682, -0.2718745119136912, 0.14377544211332213, 0.01933054981498636, 0.07286277391548235, -0.2050356319870963, 0.007706512227809912, -0.07570203072218529, 0.23377568479768035, 0.3290189142461237, 0.028389034476209975, 0.03240131197456674, 0.14880223738823967, 0.07062031718289906, 0.0024189245204344133, 0.07670299696522737, -0.2660099604496463, -0.045685637208040544, 0.2654881077216725, -0.20981409418178865, 0.19347154962446458, 0.20157811275501858, 0.06317542253871496, 0.027673376762716063, 0.21103727967119518, 0.06637591689923938, 0.13357180928818013, -0.061853418131690374, -0.14039197932865846, 0.20161763256201592, -0.21321283311304995, -0.1852128368948224, -0.11318780880580948, 0.029554618532494345, 0.008773945332875788, 0.017182684360351745, 0.2060956311284875, 0.1584400569739571, 0.10518708089402544, 0.024610234147822967, 0.019496985922059153, -0.03257688514963723, -0.3864758335066614, 0.19859997907237525, -0.14525952218211058, 0.11402824030472447, 0.04469622057022983, 0.07069759020899549, 0.16429393091756417, 0.08654365335813935, -0.08441054538926807, 0.07072441815013675, 0.2946898861910994, -0.0017110622556294267, 0.18540522468336657, 0.04106383899871519, -0.21703110051727442, 0.0025174115612776157, 0.3294964561749956, 0.18874405168386482, 0.05200932581951997, 0.2123477065113698, -0.2158850007613956, -0.3205158842568638, -0.03876845044584476, -0.2825801437570017, 0.5741949042469341, -0.15409096399162103, 0.2875251888276033, -0.13993748951599436, 0.40822936189664627, -0.22315101101435075, 0.0330107641766384, -0.23988897512151774, 0.13214826621878864, -0.010543175427121434, 0.0974817279513147, -0.09244009925078575, 0.2796979361764186, -0.2881181309903422, 0.2660305963926789, 0.07581793070003985, 0.26381721098553346, 0.12694888569257667, -0.13667753865862067, 0.3173579351829259, -0.21729821529750346, 0.11400148184009373, 0.022371452407012757, 0.07923285490462778, -0.13700556882995418, -0.32058418911940906, 0.02130188263569064, -0.07219504086439003, -0.17357162041346577, -0.1728900501290013, 0.15965348067437676, -0.007597687437146922, -0.05429586702526544, -0.17745547843355722, 0.40844670834085395, 0.23330867030560845, -0.4414741962727917, 0.1259220664569904, -0.0032480004077040958, 0.050765424964981994, 0.04682390743997043]
72.77362177640927	(9, 12, 2)	[0.2737559647948287, -0.0910311451764205, -0.10488922001309987, 0.18213956126247283, 0.21427778649067866, 0.07957738292364377, 0.28765682651386787, -0.026444594260356714, 0.08659721842641097, 0.03898772580604951, 0.4271846018969707, -0.20589703705003556, -0.038595927106578554, 0.14120667260340525, 0.05610370488481825, 0.01417232783101699, -0.02934615893413242, 0.4883718141739529, 0.07442298355639437, -0.20968600774956073, -0.3922645225970586, -0.003417445700179599, -0.1963432942174027, 0.2599732244635735, 0.03437880075045555, 0.08166746957624435, -0.25982571770068036, 0.14358725427266517, 0.02059242047245214, 0.06814127336895814, -0.20509809799452272, 0.008078122417608472, -0.06428240112507543, 0.2315507759912205, 0.34222353410479406, 0.03020988482719089, 0.04093628447155771, 0.14950676043579555, 0.11572705857828766, 0.004162022275953689, 0.07490713904215937, -0.2574370505074474, -0.04728659249559515, 0.29545627349940096, -0.2097913464712577, 0.19597792947873588, 0.2132252685782801, 0.060216357555860134, 0.02838624594799302, 0.21407303313123258, 0.06629019457238557, 0.11954221586262295, -0.09447120598261635, -0.14062746827159414, 0.20087992860506965, -0.20622928924249198, -0.18658291785811082, -0.11710932292646664, 0.03768758530524137, 0.027308890434033894, 0.034008694092781455, 0.20464584782557615, 0.15782339387039704, 0.10661871082255014, 0.05851789720432867, 0.019254400368928972, -0.03253788109157692, -0.38888370575052, 0.2083149398037649, -0.14748708876883282, 0.11558285335118015, -0.009513625481489036, 0.07150444677405945, 0.16786574773877505, 0.1000562077750875, -0.13371055090625455, 0.074778822989671, 0.2906848640849534, 0.009728222284039875, 0.1878494653921784, 0.07962799575362893, -0.23405688646303596, 0.02861665409581083, 0.3353798360538401, 0.19410089771706182, 0.009869663512087245, 0.2107324250251651, -0.21593588365050662, -0.3302811717251004, -0.04083189380347388, -0.28008408012437763, 0.5761566466027965, -0.1536451069023184, 0.2707708890458626, -0.14120549132830984, 0.4154612688449594, -0.22204668301696995, 0.022990796548885407, -0.22912185760463666, 0.13522225497106705, -0.009372054197450033, 0.09137054167509072, -0.09219165530679338, 0.26309398719191424, -0.2749278477275253, 0.24403531698627987, 0.07913521334890147, 0.22917724822482854, -0.06725405827852879, -0.14908958168895747, 0.3167459860238087, -0.20872115083017467, 0.1307628398175612, 0.027184340490328886, 0.0825037632942207, -0.15355720806473044, -0.3226211904684666, 0.017103358259332478, -0.07151863888588107, -0.15353027358685684, -0.1717824906008524, 0.10444228237253755, 0.005884137709226904, -0.0060986153054515616, -0.16909929091392195, 0.4443856799800651, 0.24270467861329084, -0.44545912365293505, 0.13606261437097233, -0.007555913166004712, 0.09240181190112573, -0.0514134843197022]
-321.57416537367624	(9, 12, 2)	[0.19483803796294855, -0.08837338220438289, -0.11342773095321619, 0.1902010008339453, 0.218043235758168, 0.12684544111438, 0.2853554649292629, 0.1478784600322351, 0.08723088530174736, 0.03154323057885585, 0.4026581475809302, -0.3162792702620665, -0.05320064347755573, 0.14123690968955435, 0.055968241951618675, 0.012928331651631864, -0.02940004119079332, 0.4901691158282085, 0.03163903132991104, -0.22679425896151645, -0.3928261892667093, 0.002193744568660983, -0.19186598256801748, 0.25908634020632715, 0.040323633922466434, 0.08201146262812738, -0.25714684434501067, 0.14434980099411618, 0.019301584951199657, 0.046411915117912095, -0.20475519571366657, 0.00789661158932213, -0.07578372523329498, 0.23011209405918337, 0.3311287008610153, 0.03082434530005583, 0.028797321288305214, 0.1498462753123222, 0.047135162362219006, 0.004898979295144179, 0.07654175041709037, -0.2800660372892022, -0.03244151653878152, 0.2578187069476843, -0.20813285014407185, 0.194136170617262, 0.19746806761167685, 0.06916389632485472, 0.02695348816256353, 0.2283697671782907, 0.06747683293887462, 0.1308738800460102, -0.06819875390300979, -0.13395142227565263, 0.20151823035891087, -0.21698163497489042, -0.18573822558375622, -0.11609883158389936, 0.037963205886787796, 0.02712532422310099, 0.030584749565350303, 0.20656377690500607, 0.1584762652967668, 0.1042377924942733, 0.030588641841913372, 0.018572872178442123, -0.03210290362206669, -0.38133952851620384, 0.20774694165706062, -0.14301916204100354, 0.1131978549239969, -0.024809797069240195, 0.07297237097128396, 0.16413196354079768, 0.11128265537831851, -0.09651771017091887, 0.0777677959937405, 0.30243517194119574, 0.0009205495006689049, 0.18415707277407733, 0.04033716875425793, -0.23547102343263765, 0.0014601866588983044, 0.346119632188457, 0.18775171314304936, 0.03714652211516395, 0.19705434146043657, -0.21682368285334672, -0.3332024483288133, -0.04226475958081822, -0.28201303180568993, 0.5820688269053117, -0.15205592028496648, 0.2716613554865219, -0.1397582630823721, 0.4146373403879179, -0.22250826475317098, 0.03381765397477414, -0.22316500715754678, 0.13340389023802174, -0.009300484302569145, 0.08637825628195107, -0.09598678591307709, 0.28118025701438715, -0.28380244811258376, 0.26464517025878925, 0.07734762049103253, 0.2318726605559436, 0.12668875854571285, -0.14660699866187277, 0.31611678762852125, -0.2149546951861005, 0.12939727474899357, 0.025961443381147063, 0.08186212231790968, -0.20049530789033715, -0.3204540598940052, 0.02124882073493134, -0.0708996105894516, -0.15457486524907776, -0.17060651235134747, 0.10792225609306506, 0.0123456263082196, -0.06311411675625896, -0.1773221783436373, 0.40331385567597466, 0.23543224668409712, -0.4458736346511983, 0.12550034447004701, -0.0010262014085381797, -0.0017529992634311526, 0.04544978109578934]
-63.785271803764886	(9, 12, 2)	[0.1915408729160721, -0.0910311451764205, -0.10488922001309987, 0.18213956126247283, 0.21427778649067866, 0.07957738292364377, 0.1779523855057218, -0.026444594260356714, 0.08659721842641097, 0.03898772580604951, 0.40426723244600615, -0.20589703705003556, -0.038595927106578554, 0.14120667260340525, 0.05610370488481825, 0.01417232783101699, -0.02934615893413242, 0.4883718141739529, 0.07442298355639437, -0.20968600774956073, -0.3922645225970586, -0.003417445700179599, -0.1963432942174027, 0.2599732244635735, 0.03437880075045555, 0.09245925531279203, -0.25982571770068036, 0.14358725427266517, 0.02059242047245214, 0.06814127336895814, -0.20509809799452272, 0.008078122417608472, -0.06428240112507543, 0.23155077599122054, 0.34222353410479406, 0.03020988482719089, 0.04093628447155771, 0.14950676043579555, 0.11572705857828766, 0.004162022275953689, 0.07490713904215937, -0.2574370505074474, -0.04728659249559515, 0.29545627349940096, -0.2097913464712577, 0.19597792947873588, 0.2132252685782801, 0.060216357555860134, 0.02838624594799302, 0.21407303313123258, 0.06629019457238557, 0.11954221586262295, -0.09447120598261635, -0.14062746827159414, 0.20087992860506965, -0.20622928924249198, -0.18658291785811082, -0.11710932292646664, 0.03768758530524137, 0.027308890434033894, 0.034008694092781455, 0.20464584782557615, 0.15782339387039704, 0.10661871082255014, 0.05851789720432868, 0.019254400368928972, -0.03253788109157692, -0.38888370575052, 0.2083149398037649, -0.14748708876883282, 0.11558285335118015, -0.009513625481489036, 0.07150444677405945, 0.16786574773877505, 0.1000562077750875, -0.13371055090625455, 0.074778822989671, 0.2906848640849534, 0.009728222284039875, 0.1878494653921784, 0.07962799575362893, -0.23405688646303596, 0.02861665409581083, 0.3353798360538401, 0.19410089771706182, 0.009869663512087245, 0.2107324250251651, -0.21593588365050662, -0.3302811717251004, -0.04083189380347388, -0.28008408012437763, 0.5761566466027965, -0.1536451069023184, 0.2707708890458626, -0.14120549132830984, 0.4154612688449594, -0.22204668301696995, 0.022990796548885407, -0.22912185760463666, 0.13522225497106705, -0.009372054197450033, 0.09137054167509072, -0.09219165530679338, 0.26309398719191424, -0.2749278477275253, 0.2440353169862799, 0.07913521334890147, 0.22917724822482854, -0.06725405827852879, -0.14908958168895747, 0.3167459860238087, -0.20872115083017467, 0.1307628398175612, 0.027184340490328886, 0.0825037632942207, -0.15355720806473044, -0.3226211904684666, 0.017103358259332478, -0.07151863888588107, -0.15353027358685684, -0.1717824906008524, 0.10444228237253755, 0.005884137709226904, -0.0060986153054515616, -0.16909929091392195, 0.4443856799800651, 0.24270467861329081, -0.44545912365293505, 0.13606261437097233, -0.007555913166004712, 0.09240181190112573, -0.0514134843197022]
-420.3312185996709	(9, 12, 2)	[0.19210725105772386, -0.10638493075350494, -0.11959793947394709, 0.18146174795932482, 0.22290933685794734, 0.06532428646980062, 0.28103618310995765, -0.000605456988461768, 0.08366057861490458, 0.060124387456936955, 0.40068550714467, -0.2394897659998276, -0.04280698018300338, 0.14289531544749706, 0.05606997889117596, 0.002947599355951432, -0.02141622944827997, 0.4898753896191338, 0.049998816387739134, -0.22987507823970993, -0.3900663951149367, 0.012343687319794943, -0.1939510684369084, 0.27287589726928657, 0.03726619863914403, 0.10081665337343794, -0.2869430482637743, 0.1427605524805865, 0.019327386402927943, 0.06974451960839151, -0.20459339567804613, 0.007414850777982332, -0.04917258241317975, 0.23411367525434781, 0.3315438033945717, 0.031100733696082482, 0.024522336054198537, 0.14854992005841353, 0.08122178315310785, 0.0009409947652807861, 0.07083909956421457, -0.2751139500755747, -0.041213356082309666, 0.26644233382714544, -0.20836705349619533, 0.19169718413697734, 0.19062174499570508, 0.07417162376502766, 0.027772927268964867, 0.2153570695083529, 0.07040163424301026, 0.11908089403642932, -0.07881986281605041, -0.08638142865936169, 0.20102271377692782, -0.22887901665058696, -0.18493138486134647, -0.1196837438306641, 0.05215665988836417, 0.016290722189053343, 0.02844943856422751, 0.20543810527759593, 0.15904146793240773, 0.10407810106823429, 0.033815880991790566, 0.034911402432207236, -0.032631433832336326, -0.39003734997223277, 0.19585226967489228, -0.1487507382576258, 0.11733141742333478, -0.03178948460656328, 0.07058309476731274, 0.1714205949244368, 0.10888155115146782, -0.10049803170222457, 0.07709600272554713, 0.29820446579204685, 0.0022725052516360724, 0.18319548323232154, 0.04698764631956165, -0.2259204978234906, 0.0018428749619908808, 0.31543167907040354, 0.18780688168885898, 0.025126589011976296, 0.20526061650499722, -0.2168710025530711, -0.32568161685287766, -0.04462354553707145, -0.3064126033597693, 0.5775369360162443, -0.15798715030421207, 0.2755059205038811, -0.1397388044772185, 0.38704967486000236, -0.2235653814662837, -0.08921019779546083, -0.23210075115448697, 0.13006955453977215, -0.009758428534613641, 0.09742401796486755, -0.09251543223346717, 0.2901979227134917, -0.27712806539963963, 0.256206520216626, 0.0784898957138338, 0.21787034892987311, 0.1251504468403802, -0.13966636948437927, 0.32090714142212035, -0.2088220418143614, 0.12948378738817595, 0.0243802790520236, 0.08241675672249074, -0.2904355110966576, -0.32260014823897515, 0.024067907748871787, -0.06812137151939093, -0.15468911176328887, -0.20295889134678324, 0.11499378576890365, 0.0029776799513317213, -0.0584088381192502, -0.1750878728577303, 0.42795466949189565, 0.3022246054477653, -0.4424772423294051, 0.09791235710475785, -0.0029703929746244155, 0.06951684512800477, 0.06373844805869179]
-467.115902947108	(9, 12, 2)	[0.19074880709395126, -0.08964364075883198, -0.09760719401954619, 0.18179427217132094, 0.18047616333062894, 0.08088835027347388, 0.28039848094133174, -0.02102400932968924, 0.08627382791250018, 0.04029343109678572, 0.3917981609740673, -0.2230673419644808, -0.04595861192660248, 0.1482789317958398, 0.05605777337603457, 0.016219828599740634, -0.044469006009997876, 0.48936374264359034, 0.04781212799230427, -0.2277427476652052, -0.39072098387156473, -0.0013720999151956544, -0.2106910944273629, 0.26826294513474924, 0.04095088193968907, 0.07972390847145511, -0.25219038594279153, 0.14639370435476365, 0.006335707675778164, 0.0628978478800254, -0.20511194444452271, 0.00767526571376098, -0.04947226259283098, 0.23936847323493946, 0.324656600558286, 0.024761348423795758, 0.02634478558811669, 0.14839748987669207, 0.07963573230870485, -0.0024274991726813866, 0.07449902735741727, -0.26313361630055476, -0.009902030851850669, 0.26470746292058156, -0.20782195737643705, 0.1902518420515016, 0.21267418577579386, 0.0639196177278721, 0.027031769490137234, 0.2088393638731938, 0.07643065680577169, 0.11774262675634345, -0.0917912629329588, -0.13912832256728494, 0.20083672739906788, -0.30335253345532087, -0.18557997132170645, -0.11764414066459788, 0.0585295900739682, 0.02742451946982618, 0.02587682602274265, 0.20832503232114344, 0.1615013485776139, 0.10395391393615017, 0.021791290252022893, 0.022267054273734092, -0.03645127938964692, -0.3891634170576265, 0.20504505550399285, -0.14605879216317885, 0.11475779833249711, -0.02019933020116172, 0.07252054612860036, 0.16793277755243066, 0.11699253479478976, -0.2237272733912489, 0.07770200153871117, 0.37832922560854393, 0.007270090858087156, 0.14277287977098174, 0.041339404868627715, -0.23310550045198108, 0.0019558221922959095, 0.3430863126669254, 0.18556762985120356, 0.19980301680756543, 0.1996202995274153, -0.21629600906398583, -0.32690156502730755, -0.0448517648832361, -0.2787076617138839, 0.5869867239631328, -0.1683330500591858, 0.29007535538698265, -0.14288970754195462, 0.40142574578277157, -0.2239440766169833, 0.036200192148159824, -0.22582441763039018, 0.13231554566694476, -0.003707797949215232, 0.09620028435819487, -0.09348321070555057, 0.2890603758916432, -0.2798363274723921, 0.23722606817734104, 0.05831462006669233, 0.22908856654699716, 0.12366086835869948, -0.1454379006976023, 0.31567427434987644, -0.2459466907637881, 0.11930243162993132, 0.02590744664289218, 0.08605452824785285, -0.16863919340571581, -0.32092746046661624, 0.019497451265701495, -0.07061160671528607, -0.15807818508998217, -0.2062082254698694, 0.09763859493422898, 0.019353895490232018, -0.044505122175342346, -0.17745707366839875, 0.40637367712890393, 0.2394502586150946, -0.34608617517606466, 0.11824748095244833, -0.004676013956524934, 0.05224732745620502, 0.17017010639786645]
-56.87336797089935	(9, 12, 2)	[0.18920035239320898, -0.09234006510431969, -0.09867936061010542, 0.18154443291621253, 0.19061735986121708, 0.07598294920746419, 0.28153274285990654, -0.01634663859737838, 0.08644530673481302, 0.03225613286179042, 0.4007122184143593, -0.21759385219122745, -0.008632039842394724, 0.14465729912104955, 0.0639122136174741, 0.00878162846163578, -0.036742076910277637, 0.4888427490229216, 0.05014258766599487, -0.22804641166461576, -0.39167402535528784, -0.0030335400415665253, -0.2197381509113836, 0.26726998556932735, 0.04043816198016903, 0.08174822025028196, -0.26911758407588404, 0.14688044101572348, 0.004321260625153177, 0.06357056901158212, -0.199609242870667, 0.007570888984150421, -0.05352043398920046, 0.233533568900241, 0.32870604251177366, 0.03255014482730691, 0.03305308824740884, 0.15040325353935247, 0.07389677577374279, 0.00257401111983607, 0.07836605426085377, -0.2623921330381051, -0.01915544915058494, 0.26492066365272327, -0.20888592025837865, 0.17980504087728988, 0.21279770532418865, 0.06585637285481401, 0.027318670720440707, 0.21274906666879104, 0.0757384969722909, 0.12062005712948491, -0.09216785062678197, -0.17199056600641865, 0.19788296347225423, -0.27725736378395993, -0.1857337481794501, -0.11779185900668619, 0.04300461182164369, 0.024022826162920327, 0.025262347452554748, 0.20598968833693396, 0.1593827987259891, 0.10434193527856386, 0.035684741503039456, 0.022272557589560923, -0.029546891450506103, -0.3918818910289955, 0.20473415734851497, -0.14618724068371897, 0.11608916889093707, -0.012167679924734314, 0.07213249598909027, 0.16800619563914593, 0.112377485042514, -0.16764914657119162, 0.07841679940270459, 0.3433053017143272, 0.006128668494930426, 0.15228673405601278, 0.0419211581533359, -0.23085875264129968, 0.001834749654462453, 0.3462005260922738, 0.1891893222840611, 0.09589565378015892, 0.2062036782039142, -0.21624463176424974, -0.3258796833518479, -0.04232925279095076, -0.27878246903430537, 0.5868797005351275, -0.17537899789265515, 0.2778493233626865, -0.14052448012287702, 0.41168494922133647, -0.22484682395815805, 0.03884278610846323, -0.2244431400077715, 0.1325379122332458, -0.00774135291197811, 0.09681895484090512, -0.09344751540377776, 0.2785481631695382, -0.27995943587535027, 0.237542975527357, 0.07699464837071521, 0.23111180041864832, 0.11424668365397567, -0.14522291417529412, 0.32796789878448196, -0.23889715195797082, 0.11896266320554855, 0.025642718842103816, 0.08374637724952488, -0.16639085088949543, -0.3209406892401147, 0.020041072356961398, -0.07053440950302302, -0.15637888518262139, -0.20394816632085525, 0.10613431774705395, 0.018341732544675485, -0.04045989596576375, -0.17684828421692636, 0.4064053886862566, 0.23920034579787092, -0.5596829670334236, 0.12257815537760523, -0.005023415007928622, 0.05529800674119321, 0.10116259154343636]
-347.378427971134	(9, 12, 2)	[0.19059941037648162, -0.10194210263935216, -0.10371277257626185, 0.18235060664721175, 0.2206326534645777, 0.06060551724635877, 0.2883580521542758, -0.0022298536643312137, 0.0876013690107016, 0.04787833039075421, 0.4039218907676466, -0.1823671907303867, -0.030596001324378206, 0.14107417494145907, 0.05638461059012169, 0.013935703737370325, -0.02931447533381555, 0.4832464716190139, 0.07447070482812795, -0.23553608251617447, -0.39311918868883083, 0.0737161738705646, -0.1972314338275598, 0.2637158999311042, 0.03808768056632024, 0.0816930559443717, -0.26815580985103493, 0.1437921088941105, 0.020718752891521516, 0.06718285405808698, -0.20664915306487633, 0.00913681913485445, -0.06397333364194535, 0.2341204377436809, 0.4017970086998071, 0.032952701064068654, 0.035025452938529926, 0.14829708598747385, 0.04958457421928866, 0.006159088424120645, 0.07507804096303741, -0.25330710912189214, -0.04635323323363551, 0.27350746265802484, -0.1754275558111431, 0.19601799086729046, 0.21278237082103882, 0.06879049638889706, 0.028747032042199954, 0.21372895239262743, 0.0651124543410877, 0.1153504801513954, -0.09385177315107082, -0.1409884650750629, 0.3341608157840423, -0.19536913875534262, -0.18591393354149283, -0.1173957347477439, -0.022488484957184467, 0.024952409502447245, 0.03485692856279051, 0.19575539239830525, 0.1558988767824676, 0.10662745851462518, 0.07821434694410463, 0.019634419652471823, -0.03258332335975401, -0.4039632516136476, 0.22439234379562317, -0.1478817442486453, 0.11395687564756089, -0.03181965765067197, 0.07123579691655876, 0.1781123088309445, 0.11068415723047274, -0.1321293872276737, 0.0737920535738921, 0.2807378052334924, 0.013992292930879714, 0.18787945816737284, 0.08883137721585001, -0.2332511322596011, 0.001884097052367072, 0.32782813292712454, 0.19928247829340986, 0.031354600944038864, 0.20918569508520746, -0.2149809735810125, -0.32521265130650456, -0.039627201461302664, -0.283455042556037, 0.5927920054571315, -0.15338281164248624, 0.27276824158055657, -0.14192935268006046, 0.42126441822507565, -0.22163931412854038, 0.03025524139010532, -0.23424908178962478, 0.13392207215291405, -0.012199224658788149, 0.20925433363327128, -0.09117560481701162, 0.26255350847129816, -0.2748333371049223, 0.23168231472868345, 0.0790427583380707, 0.2297999489098861, 0.12424913116303003, -0.14974898404611456, 0.3133811702896254, -0.2051779969340315, 0.12679826935318272, 0.02791919852452392, 0.08238989220675029, -0.15452616211712214, -0.32550510917757636, 0.01637321879584995, -0.07173706993497334, -0.10997617562882096, -0.17352971878309814, 0.100200994112671, 0.02141428774307146, 0.04549869941558396, -0.15814917861778074, 0.594610254071283, 0.2427609529836906, -0.4433890635051085, 0.13818422176805434, -0.0091214810763692, 0.06981375614996212, -0.0695455468903282]
-237.29613341712985	(9, 12, 2)	[0.18928018475754768, -0.0976766618986685, -0.10352916042031694, 0.1875576412298317, 0.19542690463948725, 0.061280332213451576, 0.2866004574588394, -0.00924909583474599, 0.08588172509936984, 0.03736348678667751, 0.40261898355037373, -0.20074299954919778, -0.0401446175656391, 0.1378397642997271, 0.06591155063265706, -0.0013608885083962454, -0.02635005078288385, 0.48691220432455184, 0.04200625554055276, -0.22581992003879725, -0.3918740272418595, -0.0018292298027111444, -0.23100378304448962, 0.26554343138626874, 0.03848491546866061, 0.081707344507748, -0.26061197594881436, 0.1453013505370805, 0.010253110758047771, 0.06527529519801464, -0.20214548282799047, 0.007735527204460869, -0.05500744517750624, 0.2351584473031737, 0.3449442646542197, 0.037017330223076135, 0.03526164390504964, 0.09876272971942371, 0.07598526706748085, 0.005150594221547886, 0.0766991997511681, -0.2682009387722371, -0.017876726580757778, 0.26432884968463266, -0.20849376658519142, 0.17864975589104304, 0.21283528439609922, 0.067632607353083, 0.029456248740109655, 0.22818190778095804, 0.07223118355836863, 0.11985956829168912, -0.09435804716517665, -0.18182824165279826, 0.1886760783434158, -0.2061829665465716, -0.18579952832829189, -0.1193008788720085, 0.043988006487221336, 0.024303892638314565, 0.0278327873650719, 0.20324089018273916, 0.1587195533694752, 0.10455038803880334, 0.035258022214265564, 0.02195020077278606, -0.029865992620969284, -0.39892133767527405, 0.2047814861868482, -0.14730934657654446, 0.11522377976438421, -0.018057310149813703, 0.07135508202219068, 0.1686020942177358, 0.11200723579512878, -0.1190773364231696, 0.07766921062035692, 0.28549909348649, 0.005377754440626711, 0.17230943455346212, 0.04392236603796431, -0.23952184850400737, -0.003224712986796066, 0.37066761495292816, 0.19680489683506608, 0.03294865140181159, 0.2086264190052907, -0.21587295534773368, -0.32515375639680677, -0.03817273280416535, -0.28407862101190773, 0.5896099359724519, -0.1852576073452315, 0.28561865957089155, -0.14079328108516048, 0.4119844724095774, -0.22410736324728142, 0.05754011800713331, -0.22723324676467999, 0.13723509207610396, -0.007068652427974283, 0.09631144878020703, -0.09302798830821077, 0.2693931735510517, -0.27805849884070255, 0.16746689841761478, 0.077257096445654, 0.23158919860362237, 0.12285380764935391, -0.1442244967735705, 0.3311635926409158, -0.2240962191981562, 0.12625656801088717, 0.024168674231168214, 0.08236034993663122, -0.17014346182426693, -0.3186767220896071, 0.019326032305376606, -0.07002705596867159, -0.15508967679536073, -0.17774469529469156, 0.17600572213953203, 0.01599520838274359, -0.023753883601200874, -0.13404076089200856, 0.42612848973298256, 0.26401063780973244, -0.4457070453254156, 0.12780935274769664, -0.001206929475522001, 0.07269241583496638, 0.043136231734002856]
-427.3295478109884	(9, 12, 2)	[0.18929181845919238, -0.09758758780577981, -0.10102415116575879, 0.12698154725572797, 0.21250076694014705, 0.07135510114347512, 0.27917625587020845, -0.015449622502948335, 0.0868305606565779, 0.03249684449327777, 0.40693330932522065, -0.2152948938337253, -0.03408987978790291, 0.1417816698426044, 0.06286685888404166, 0.011379227288123404, -0.03037226078664187, 0.48811540819279253, 0.06815490345517375, -0.22752894259561926, -0.39205071519248746, 0.023997026450019884, -0.20780271531412517, 0.26810854674836837, 0.03744757829687932, 0.0823467715258856, -0.26838738073683516, 0.041898304969913064, 0.017618129932309434, 0.06583259920998928, -0.2024961917491017, 0.007604533565097778, -0.059547090007163746, 0.2323728232919044, 0.37966848964955496, 0.031458989684110254, 0.035696945385981275, 0.14971034116424298, 0.06265482999084665, 0.08333335154362712, 0.07766303605601377, -0.2574939990337089, -0.03982405121519152, 0.2684433806253612, -0.20226109735834186, 0.19455972128950116, 0.21290247353346176, 0.06770002487555146, 0.027607729124398548, 0.2199895662795305, 0.07211728206691279, 0.11988133343736108, -0.09418708549584232, -0.1742270318323967, 0.25735931328199163, -0.24202406815394745, -0.19806288513995607, -0.1056481513862403, 0.036337196094686074, 0.02482235962378647, 0.027626805283428053, 0.19907155672603005, 0.15868684124616064, 0.10502519535124753, 0.04829356571740532, 0.020204656441337118, -0.031642228464528396, -0.3942848387664725, 0.2191885085954292, -0.146830901756741, 0.11553989287284311, -0.015409952743184683, 0.0715344610469323, 0.16919804265441443, 0.1107285209586786, -0.13525540980977946, 0.07812175228276991, 0.31240720392743615, 0.00483009243702804, 0.17534451218960723, 0.047467958419602496, -0.2317142104312045, 0.0034993120450955858, 0.34503883262686896, 0.1917152540822726, 0.060203333847012146, 0.20877158509590887, -0.21616620787579094, -0.3254625548195844, -0.03978202689270206, -0.2824555653709267, 0.5846655904555212, -0.16843168914350648, 0.27339075084769726, -0.1411818839706712, 0.41383436686835895, -0.22417946297171873, 0.021755968995163, -0.22882654885366674, 0.13643937140299184, -0.00949285366373791, 0.10125470314644744, -0.09268285373826718, 0.27536995177387813, -0.2756758495319795, 0.23840423453967752, 0.07681829607526144, 0.23015295147896764, 0.10133609867615155, -0.1455784656297294, 0.3188086266837418, -0.20847089533424634, 0.12445276993347937, 0.024867337545069437, 0.08272116581280768, -0.15998637972106083, -0.32269883302567537, 0.019323230713766605, -0.07050249572130365, -0.15437254469610112, -0.17659806848350848, 0.10561193858551647, 0.018682202158009146, 0.01211053639866539, -0.16613726599446874, 0.5021397249682824, 0.24081301877314432, -0.47119241003103307, 0.1741151894147681, -0.005821590095929942, 0.06979765161370168, -0.010115066790174411]
-242.25550930005178	(9, 12, 2)	[0.19026756309068854, -0.09830065087093327, -0.10545817442146795, 0.18486430806005721, 0.19589641067539038, 0.06614534939055225, 0.28677208746698285, -0.005802945456362646, 0.08668848677440068, 0.04066562529619875, 0.4035568186142393, -0.21009882448823605, -0.10800950400286152, 0.14130438398647405, 0.06781378450830577, 0.007932231680174368, -0.026419886038574807, 0.47432845214924146, 0.03627098823168017, -0.22282590069466704, -0.3397729914980635, -0.001795089921261579, -0.19339297213778608, 0.27559567043366784, 0.037849027905093334, 0.08391211381892294, -0.2664031171880352, 0.15035912913053023, 0.015112575934219056, 0.07036082963321907, -0.18356245266539334, 0.00768576430400004, -0.06496872905019248, 0.2527781433715215, 0.3300072277252392, 0.026221930156075258, 0.036733270935109474, 0.1501808119359233, 0.07058819429423523, -0.0001442986581710321, 0.0781172255520539, -0.26749746080377446, -0.02135029516719198, 0.2646249256865769, -0.20883234983265267, 0.19253085227373434, 0.21287759383464885, 0.0670177002782987, 0.027644737300462477, 0.22215938726273754, 0.06261524902661891, 0.1195085463788626, -0.09439663708735546, -0.14461925499704822, 0.19063015072781722, -0.20818862924912315, -0.19172906695582623, -0.22420682716463355, 0.012366519712947407, 0.025079720732114855, 0.026017079059570708, 0.20420889731215353, 0.15904515993217888, 0.10126789081049853, 0.03698894410787161, 0.021603668577584847, -0.0327693288899808, -0.3896060308413586, 0.20559630830794703, -0.14832274984054655, 0.11526494528338668, -0.07959766220602105, 0.07101915158168627, 0.16642607590445693, 0.1151809188147634, -0.12591001323528184, 0.07280178365688832, 0.2913187855240259, 0.004407764745322, 0.1766231689186376, 0.12446551340088712, -0.22537993735230188, 0.01563624762816438, 0.336198064597543, 0.18838056640201004, 0.030405852677621966, 0.20810302493379232, -0.21477920216829227, -0.3265257804213262, -0.03714835550036393, -0.28274004275775494, 0.7264410966997319, -0.15846972817343166, 0.2828016573287725, -0.1429619135673441, 0.4095100089886214, -0.2135646836077149, 0.03152685993738293, -0.2198985098969575, 0.14326222672875033, 0.00820559414499841, 0.08781437779264446, -0.09333917192283844, 0.19314883092804375, -0.2743198737242118, 0.2403769925614708, 0.08040060626521747, 0.23322947226109925, 0.0975002845911121, -0.23674759381731542, 0.31430616823524626, -0.22594246886551722, 0.124883545944144, 0.02325767038316715, 0.08035761155492371, -0.15825450716206368, -0.25217913146827836, 0.020099389062035563, -0.07079964934420523, -0.15437599771712518, -0.18541606932282273, 0.11507863043897894, -0.0018168133409403064, -0.0191540314573485, -0.17559258210110665, 0.43004616379139216, 0.23939231999551297, -0.44568097738690704, 0.13194734887174175, -0.004488778980483458, 0.04915864038053386, 0.0745432871252603]
-377.7596862295021	(9, 12, 2)	[0.1922491623240633, -0.11980558013343533, -0.10986311652581726, 0.20600388396672245, 0.1741123311899344, 0.0625313679899111, 0.2926932443878448, -0.004619010964077877, 0.08766519299072391, 0.03277448022379251, 0.4284722067662475, -0.19308227714508824, -0.04210035999137706, 0.14233091464195635, 0.05623573312456586, 0.012225578980774835, -0.022580713975603205, 0.48332392702400406, 0.040521842511829866, -0.2216223793642443, -0.3898461772937426, 0.008862050443026811, -0.1950651588299594, 0.2839099965989307, 0.03228769101789001, 0.0910735324686604, -0.2661262888175873, 0.17746159765814318, 0.018834021382689903, 0.07011362943645777, -0.2128102002993396, 0.007750572955824485, -0.0670271553580552, 0.23330537748771962, 0.32919987055193306, 0.02051563663172676, 0.04074880359549728, 0.14097686205792692, 0.07153043607767531, 0.003997987939951655, 0.08325238658295162, -0.27131125689797864, 0.0022514818349638932, 0.2747061404921, -0.2090245685309079, 0.19290490806646812, 0.2135803946179947, 0.06173355324825171, 0.032767045690614734, 0.21342847576464144, 0.054478705679189394, 0.11991403623032126, -0.01723921945814188, -0.1401649135370705, 0.19604537342736783, -0.20711636520154586, -0.1919883352854474, -0.12057300930794716, 0.042674510530795844, 0.02480418604346693, 0.029139981629073594, 0.20468083942706433, 0.15986571133168523, 0.10444383703444637, 0.007696189685015776, 0.02567137251519879, -0.015608275746804375, -0.3886442409575662, 0.2065799902501625, -0.14640443804898357, 0.12374292416203389, -0.0342671430458428, 0.07364076418450044, 0.166146867913693, 0.1608814357124755, -0.13674620992127573, 0.06874016003820968, 0.28553036692414974, 0.006778401207433438, 0.1724895797920869, 0.04818672075677308, -0.19652600253808836, 0.005802764819906581, 0.35556122395584877, 0.18186019329017986, 0.0219447777657105, 0.2144566651015155, -0.2161803628156661, -0.3239696982968381, -0.03895768846615348, -0.28150731806375806, 0.5770271844037885, -0.15517662246218838, 0.2848998552930195, -0.14554741670820454, 0.42047943986175673, -0.22075034420849787, 0.03085268491105403, -0.2269183984745845, 0.21806968489215398, -0.00831308621686039, 0.09120343594748094, -0.09372908251655887, 0.2531757215592707, -0.27599937991836454, 0.2394787314202803, 0.08380458543810351, 0.22861295339281085, 0.12171105363730902, -0.1476733818301178, 0.31731739784252777, -0.21462529574539066, 0.12085937132736699, 0.00956022348181396, 0.08395459809908362, -0.16600295374354077, -0.31900685978752896, 0.021470419926114873, -0.05383070448617589, -0.15050822266101263, -0.17378316174110878, 0.13672773983895808, -0.0014928258122184994, -0.030099829777676022, -0.17627669367485221, 0.4404138320300445, 0.28451542574831623, -0.44832387597168033, 0.13546164099685742, -0.005328187700389887, 0.0906744749713563, 0.06155642052938207]
-391.54634518301214	(9, 12, 2)	[0.19225610889308914, -0.11962783733092915, -0.1097513171288667, 0.1867358084081741, 0.1914126966526948, 0.06317405803326058, 0.28923089298934174, -0.005591334735949621, 0.08963066945913481, 0.033601016717727805, 0.41993140989595756, -0.21882506712765445, -0.04174251775699065, 0.14652028053383717, 0.05485199719352517, 0.010152395528876404, -0.029948991831100273, 0.4829739871493722, 0.04496001210573579, -0.22445169451026703, -0.3901241942551733, -0.0023153487787724632, -0.20174315914027224, 0.2707982344616444, 0.03854109460537553, 0.08584887602245272, -0.2650957667154811, 0.18039780904915637, 0.01877923700995804, 0.06913755377059433, -0.2037299449365686, 0.007736579147861342, -0.06769611521128865, 0.23458354974416468, 0.3287513567763432, 0.029391245935813305, 0.03587676923039493, 0.14402559891119635, 0.07243115985039167, 0.001780837649381481, 0.07807148958290624, -0.26212628515001385, -0.002247449498511381, 0.2696862330597612, -0.20901941916492775, 0.19155850770211424, 0.213989754440739, 0.06534923622607426, 0.029035372866985834, 0.22539670866532907, 0.06593986990118925, 0.02314498661547512, -0.06132972127246111, -0.1418297820937506, 0.12908242509502144, -0.2068672946217347, -0.1891334749931286, -0.1203812929004876, 0.04057582229752697, 0.021569852276028693, 0.027305336928070297, 0.2055321164689577, 0.1599154845076893, 0.1045026389735861, 0.03470866014951532, 0.025291699325242695, -0.025713125329472192, -0.39502940441440326, 0.20530673279269385, -0.14667662964264935, 0.11790831086630255, -0.03053835721071768, 0.0723165606594049, 0.17059885524810608, 0.15537296457414607, -0.13315799950031335, 0.07163396230754362, 0.2885170231055352, 0.006110625001860435, 0.1729589191923176, 0.05758854613705475, -0.2076963697403546, 0.005361252329481532, 0.35548874769198563, 0.19097830459875717, 0.0393121130912935, 0.20753727597349977, -0.21631709837535384, -0.3225683454897282, -0.11265672971323944, -0.2970073961320099, 0.5809773561857187, -0.16020409006584316, 0.2848104223795474, -0.14325920314776314, 0.4142201390664675, -0.2213353743461819, 0.03896422707834432, -0.22969215285939074, 0.19374459221690296, -0.007738485177397569, 0.09376169032420627, -0.09181620661153467, 0.2532482875590937, -0.27799409798794694, 0.23123744247501216, 0.0807349282031447, 0.22863521219947927, 0.11990637153452563, -0.1471975674613783, 0.3248872688335342, -0.21475349871733784, 0.12107801335597904, 0.021233167877428537, 0.08358466429120207, -0.16079488813942155, -0.3207106468137159, 0.11108502113531096, -0.058757629819959974, -0.1514997327051007, -0.1749586154900653, 0.1245565186989803, -0.001079137978524571, -0.031920167518926866, -0.17621319203738695, 0.3526932885352534, 0.29809976309511244, -0.4472765850707099, 0.1580814559378621, 0.0046487538240577615, 0.07874802597015987, 0.047111129130687344]
-202.60664670109696	(9, 12, 2)	[0.18929181845919238, -0.09758758780577981, -0.10102415116575879, 0.12698154725572797, 0.21250076694014705, 0.07135510114347512, 0.27917625587020845, -0.015449622502948335, 0.0868305606565779, 0.03249684449327777, 0.40693330932522065, -0.2152948938337253, -0.03408987978790291, 0.16972463303482813, 0.06286685888404166, 0.011379227288123404, -0.03037226078664187, 0.48811540819279253, 0.06815490345517375, -0.22752894259561926, -0.39205071519248746, 0.023997026450019884, -0.20780271531412517, 0.26810854674836837, 0.03744757829687932, 0.0823467715258856, -0.26838738073683516, 0.041898304969913064, 0.017618129932309434, 0.06583259920998928, -0.2024961917491017, 0.007604533565097778, -0.059547090007163746, 0.2323728232919044, 0.37966848964955496, 0.031458989684110254, 0.035696945385981275, 0.14971034116424298, 0.06265482999084665, 0.08333335154362712, 0.07766303605601377, -0.2574939990337089, -0.03982405121519152, 0.2684433806253612, -0.20226109735834186, 0.19455972128950116, 0.21290247353346176, 0.06770002487555146, 0.027607729124398548, 0.2199895662795305, 0.07211728206691279, 0.11988133343736108, -0.09418708549584232, -0.1742270318323967, 0.25735931328199163, -0.24202406815394745, -0.19806288513995607, -0.1056481513862403, 0.036337196094686074, 0.02482235962378647, 0.027626805283428053, 0.19907155672603005, 0.15868684124616064, 0.10502519535124753, 0.04829356571740532, -0.301319551188461, -0.031642228464528396, -0.2455553067880357, 0.2191885085954292, -0.146830901756741, 0.11553989287284311, -0.015409952743184683, 0.0715344610469323, 0.16919804265441443, 0.1107285209586786, -0.13525540980977946, 0.07812175228276991, 0.31240720392743615, 0.00483009243702804, 0.17534451218960723, 0.047467958419602496, -0.2317142104312045, 0.0034993120450955858, 0.34503883262686896, 0.1917152540822726, 0.060203333847012146, 0.20877158509590887, -0.21616620787579094, -0.3254625548195844, -0.03978202689270206, -0.2824555653709267, 0.5846655904555212, -0.16843168914350648, 0.27339075084769726, -0.1411818839706712, 0.41383436686835895, -0.22417946297171873, 0.021755968995163, -0.22882654885366674, 0.13643937140299184, -0.00949285366373791, 0.10125470314644744, -0.09268285373826718, 0.27536995177387813, -0.2756758495319795, 0.23840423453967752, 0.07681829607526144, 0.23015295147896764, 0.10133609867615155, -0.1455784656297294, 0.3188086266837418, -0.20847089533424634, 0.12445276993347937, 0.024867337545069437, 0.08272116581280768, -0.15998637972106083, -0.32269883302567537, 0.019323230713766605, 0.049364106604645006, -0.15437254469610112, -0.17659806848350848, 0.10561193858551647, 0.018682202158009146, 0.01211053639866539, -0.16613726599446874, 0.5021397249682824, 0.24081301877314432, -0.47119241003103307, 0.1741151894147681, -0.005821590095929942, 0.06979765161370168, -0.010115066790174411]
-291.6560961843184	(9, 12, 2)	[0.19286186099052272, -0.0994650271608161, -0.10622432929109149, 0.18299792448434052, 0.17690677092646395, 0.06608174492227073, 0.2900075503636498, -0.0038251204903093187, 0.08781582806428309, 0.028774584084140353, 0.41830429181430284, -0.22937899586652769, -0.03679857489384425, 0.14266694407705421, 0.05042988345883277, 0.013259883758803808, -0.040636560973795754, 0.4768229960388088, 0.05313694338843113, -0.22561867978732472, -0.39316341629349744, -0.00029015902755489387, -0.19644324489701684, 0.26998893373326727, 0.03951725464938738, 0.08605032060625775, -0.25521023502186185, 0.15915603074605403, 0.022000512219214723, 0.02029777968384483, -0.2032088346186928, 0.007726629645104768, -0.06419183011557782, 0.2341475743159058, 0.34481889196863275, 0.02527385152698772, 0.05685696990973433, 0.14694456691078583, 0.07071419030404381, 0.0030967726470515367, 0.07882884031091376, -0.2648044837267185, -0.024576698682169024, 0.26975802926878206, -0.20849764462246406, 0.19258238733271424, 0.21298887102719666, 0.06473603414647934, 0.028475155001153944, 0.22147617041011297, 0.10906193958031954, 0.11839746469915907, -0.0582004679325809, -0.14028345916415716, 0.20282974188374225, -0.2076235594203968, -0.1926740060967721, -0.1186310057277832, 0.04079142515351933, 0.02239404768102743, 0.027823492325412768, 0.20632761862957175, 0.15829366068788725, 0.10433943867467738, 0.024775451503358557, 0.021370963820701028, -0.02404133868895439, -0.38793374864302244, 0.21054363899260398, -0.14658880977332261, 0.11856285199151388, -0.011883349519149095, 0.07214582309231944, 0.18550348002971564, 0.11584953455392545, -0.13744300793122116, 0.07736228895883614, 0.3102753406602154, -0.004886879606064793, 0.17367181333184373, 0.08079202839049472, -0.22079831011071113, 0.008368116309450046, 0.34953332947468874, 0.20363512302548742, 0.0352623516754325, 0.187390921264452, -0.22984973768626754, -0.3272319931144487, -0.04643793589365558, -0.31687092648965015, 0.6641538294502554, -0.16132834032537519, 0.2794936224208708, -0.14180014716706635, 0.531496793658875, -0.29411853482758965, 0.04381722285149936, -0.23041972046059117, 0.13597664381027597, -0.008216750371231658, 0.09461142449669016, -0.0935036403308306, 0.23905686980376267, -0.2768322566601672, 0.24051036618562915, 0.08301813752000717, 0.2303478795450158, 0.115130976136569, -0.14593369040040338, 0.32574577418229894, -0.21692626843835022, 0.12656839284389793, 0.004074321887266133, 0.08164078822689738, -0.1567535774216997, -0.3231415806903765, 0.02040920849648868, 0.0028239925434119517, -0.1522234721791217, -0.17566855132971143, 0.11106742635670575, 0.0065257846968073355, -0.04924440158489403, -0.17440515240402044, 0.4358901817919849, 0.2620244053551168, -0.45728681701509893, 0.15750576650753564, -0.005818072643729347, 0.06922833981878071, 0.039379487433059884]
-142.70054073122878	(9, 12, 2)	[0.18796773066661332, -0.10417348226874573, -0.10361220347785904, 0.19394363205781712, 0.17948734348671574, 0.06999066738112886, 0.2921577431234183, -0.009938119853124209, 0.08779603601849359, 0.05092000239895727, 0.40507063421147815, -0.22974287036685562, -0.042646781211411536, 0.14197912037283753, 0.055818922981768646, 0.01220438051777874, -0.028082291428489996, 0.4834176179155381, 0.04871066425165939, -0.2266491688109154, -0.3930052239367643, 0.0035812641118992527, -0.19895706542517674, 0.27499851733235425, 0.038146847465230865, 0.047194306571217766, -0.25088103089917646, 0.13638631693944198, 0.02310391650103337, 0.06673462875752532, -0.20790658325639363, 0.007750173123059232, -0.06507404116144319, 0.24003790070333153, 0.36353837190817573, 0.028433808506855313, 0.034117697331381064, 0.1277316156942333, 0.055724221636753876, 0.001972334127451946, 0.07757596208553838, -0.2684383359955645, -0.013958051810169217, 0.27241186791870403, -0.20826661517475137, 0.1921394582024633, 0.21287925432644572, 0.06847186560063823, 0.028903911513984533, 0.18749140822709429, 0.0728220662301717, 0.11760253155292731, -0.060548889236930394, -0.1545227257823121, 0.21956494546969824, -0.21156007743914312, -0.18867564873191267, -0.11880227764087704, 0.030721440219151793, 0.024978704050179774, 0.028045429285657397, 0.21159107113594053, 0.15853891536382614, 0.10488944203959658, 0.03866994541624449, 0.021111077020939947, -0.030636553703582984, -0.391171418332135, 0.20465542269843168, -0.1469362040657518, 0.16771676750109601, -0.026693302673828717, 0.07362055283002741, 0.17156612977026284, 0.1717643382519723, -0.12502873507093185, 0.07471352877481949, 0.3193710185108735, 0.006692906920129269, 0.18774864300565303, 0.06684453506523139, -0.21856259696383, 0.006048242857157614, 0.3474719155393551, 0.18276750511905113, 0.02845080741636532, 0.20670744560791177, -0.22061683074583005, -0.3263141664585183, -0.04096271149348738, -0.28263439216093494, 0.6045659364511362, -0.1371034405776333, 0.2809557033107828, -0.14466704454805884, 0.4168778492317263, -0.2185634656479829, 0.03913462113653124, -0.24997340719941163, 0.10595393207601764, -0.06623169096302184, 0.13203830701900865, -0.09084363697098363, 0.24876102077255466, -0.2776397725440531, 0.23765486605808742, 0.07726927339699563, 0.23270072650951484, 0.11564757289959497, -0.14382845196357874, 0.31120008117030135, -0.2131635206475618, 0.12584817887789007, 0.017048290285980337, 0.1625381810828636, -0.16407359569330238, -0.3452106588243141, 0.02132891532090181, 0.0006192633662835054, -0.14652722948125851, -0.04799410003966857, 0.11224802292507295, 0.01682229485741188, 0.016260713822845572, -0.17303060688175945, 0.4519970409951255, 0.24182135659887594, -0.44522020506938137, 0.15003166463953038, -0.006174349158067408, 0.06612038481262905, 0.0019535245445334165]
-385.1238331661751	(9, 12, 2)	[0.19475966547544118, -0.0963245399117167, -0.10393103906878766, 0.19491242166542147, 0.13166143171045921, 0.17246217047917656, 0.2909797907216213, -0.004982520087249533, 0.08825032950462135, 0.03321015981994497, 0.40416711562425844, -0.23746904987234613, -0.039726494391003196, 0.14278891214798145, 0.05360928286886846, -0.002186278390086751, -0.029064417070038925, 0.4809660816710608, 0.06252235063610763, -0.22906889380057852, -0.39307916460995723, 0.027815660989161727, -0.19832000884481518, 0.27186619497133313, 0.038280171896115156, 0.0917940644766727, -0.24482821603274696, 0.14871896103613255, -0.006593977947976093, 0.0697469500057496, -0.20440689965744957, -0.004149278622437245, -0.0656838475327011, 0.23397746832812066, 0.35664534691473576, 0.028798418667565072, 0.043401990174955246, 0.14984212634048452, 0.06431617705788406, 0.003682172536398235, 0.07462012250698172, -0.2575099725550727, -0.009298543306706339, 0.2687914246336719, -0.20523807267095906, 0.1942594294122893, 0.2129958087888319, 0.04470407995101985, 0.028156665251772378, 0.2149220408214112, 0.07222581909400178, 0.11588321378895963, -0.06978153106069222, -0.13921299879312918, 0.23267038026461562, -0.2076711876287113, -0.18086236168859923, -0.11892537894861792, -0.004957797860810425, 0.024068050004389344, 0.02823796175064369, 0.20976846918722442, 0.15751703152388993, 0.10529552093734146, 0.027000090820067546, 0.021031368359937293, -0.026370490108562683, -0.39047967558245383, 0.21402612740774007, -0.14745268678510035, 0.11478382330158797, -0.020506858475355473, 0.07133037967111866, 0.19531579213054284, 0.14865287889465875, -0.1338729231160864, 0.07242202740715258, 0.2838831112039348, -0.027796662284335548, 0.1757372383600445, 0.10808326312473632, -0.21165912249014807, 0.033381555498894065, 0.3406744069247909, 0.07183180885572947, 0.02814857299663207, 0.2087474859542263, -0.215600484837574, -0.3268255071080079, -0.04428153029028159, -0.2834856687573072, 0.5904654822220974, -0.1559571907916081, 0.27739622207276143, -0.14253905707109443, 0.40705674809057835, -0.22066999642491067, 0.0030206351473968523, -0.23167503865354117, 0.048017994144626965, 0.00992429569465206, 0.11954537259414141, -0.09164839838703354, 0.2216881803307933, -0.277369326477071, 0.23783744122246542, 0.08261635796824301, 0.22975081280696924, 0.10805742707212651, -0.15234444227334287, 0.32346351916386096, -0.2245964470893453, 0.12657528140726726, 0.012878204929168871, 0.08285742816178637, -0.15552952833220063, -0.3916480338297533, 0.019734943557961234, -0.07066852713260052, -0.13407734485233772, 0.00011999323043107579, 0.11723712383928629, 0.0131893480039326, 0.02950018325849021, -0.16902192805074612, 0.45391609599137644, 0.25487017766686343, -0.4331481363798276, 0.16834647011026882, -0.006573683773877656, 0.06285424354320336, -0.050343977757923]
435.25822888418725	(9, 12, 2)	[0.20195051325065858, -0.09941290234339585, -0.10775489265343544, 0.18854268565011018, 0.19228728543485613, 0.07133966021008836, 0.29282992675947767, -8.873889728300364e-05, 0.08711120516340037, 0.039541909077673784, 0.4296579530622706, -0.21618030453478035, -0.038910240873022056, 0.14564123737896778, 0.05991091177663377, 0.005577917514170022, -0.021920656157419068, 0.4726566057497893, 0.043466299132839295, -0.2251621195730646, -0.39207412119127993, 0.004606000270530297, -0.20369159928309138, 0.2701679831935385, 0.04557098533836323, 0.08511323004741364, -0.25079057857502396, 0.3155808918696581, 0.011786867558830811, 0.06576358928547094, -0.20517651216488095, 0.0075737431089270574, -0.06641818919529995, 0.23479171046946457, 0.33404150001875804, 0.04159291080734728, 0.03899567407921625, 0.12894531402522433, -0.09493781615796028, 0.0018588700342277425, 0.03275607744245264, -0.2669812783248552, -0.01953018477267179, 0.27431562914827134, -0.20702968541263883, 0.18891362834536976, 0.2070213207623866, 0.0672206285527136, 0.028409951193945723, 0.21981847195461687, 0.06589632920001405, 0.11961887404233892, -0.07262886950794512, -0.139970359855579, 0.18094836878426698, -0.2106673354229972, -0.18758634210534314, -0.12061076474845753, 0.03756303341823274, 0.024734191003113616, 0.02229405988403447, 0.21026036470151677, 0.1592033991245582, 0.10269222613194469, 0.03501578528315225, 0.022439704403088987, -0.02743835948584945, -0.38981119164246936, 0.20510910255365017, -0.14702309083843002, 0.11754891581365126, -0.01008889641439607, 0.05405091932661422, 0.15491547982419646, 0.13657528508060923, -0.14270011695319323, 0.07543096374604064, 0.30328507415000006, 0.004425240809440643, 0.2290009339799023, 0.047706967756540306, -0.22025318641465214, 0.006829540879819226, 0.34475014950514027, 0.17889884376630039, 0.03416232827644113, 0.20693459511010742, -0.21018955337784567, -0.3255060830544345, -0.04009799587895033, -0.2833640845752229, 0.5825792045778043, -0.1613563295357623, 0.2814147503731015, -0.14314749625114237, 0.41188391192177154, -0.2236752919106153, 0.051684340614653754, -0.2273315540351981, 0.13974334908249372, -0.0091123351056246, 0.0977460963743792, 0.02067775402293521, 0.18774170992289493, -0.27768102922341165, 0.1875547242543707, 0.07941132255221427, 0.2312661320619176, 0.11577178020435017, -0.17920929603942815, 0.3185527030553902, -0.22388278139673262, 0.12272202266614046, -0.06751419633362471, 0.08167240003071471, -0.1598548943325918, -0.325006919736642, 0.020113153444759526, -0.026942128117187256, -0.1526415498484239, -0.17683616507222058, 0.1110138604696766, 0.004717221157034136, -0.07042215449486977, -0.1706147200224976, 0.434004522661466, 0.2441522752923102, -0.4505653188032259, 0.1518529032749037, -0.0028272717762730538, 0.07009120344065774, 0.053073232719006026]
-46.8902231507019	(9, 12, 2)	[0.19144149028733493, -0.10407979120428279, -0.10397598128055166, 0.19369810451198147, 0.17813567793923737, 0.16956133683815244, 0.29043521567884356, -0.008978248138359946, 0.0887131477520174, 0.034760316306249525, 0.4048844628003404, -0.23774639580401175, -0.04089946350422515, 0.1428709841932126, 0.05482638717324079, -0.05048704813849664, -0.02887129333113355, 0.48190494955852137, 0.05650933313571818, -0.2308010893222201, -0.3925878171865086, 0.010134257984422987, -0.21875660528191732, 0.2717686856443805, 0.038435570698712014, 0.07895498467084364, -0.2608543759506691, 0.22207326379045156, 0.01509994275750165, 0.0883789748248596, -0.2049928894245337, 0.006088680195474119, -0.07765880454168958, 0.23465652621440417, 0.36844844106734487, 0.02816521379782922, 0.03749670353648642, 0.12536133728293597, 0.0627980810967585, 0.0024040207340512965, 0.07499826846639325, -0.2586238415060439, -0.017479551877201495, 0.26909537385117616, -0.20681488188369637, 0.19462749298910312, 0.21691722466298968, 0.07650984036254652, 0.028889342759455268, 0.22085100494431692, 0.07175784948345997, 0.1106335143768418, -0.07835544220241472, -0.13999603740367247, 0.22045416024431905, -0.21025402382791347, -0.2104971679652844, -0.11909456163402987, 0.022554324832800503, 0.023957622093689165, 0.02707220816904593, 0.23902534953527033, 0.15712081761715369, 0.10512407960563051, 0.04578953990018486, 0.02188587290589352, -0.02829442844669578, -0.40117787152990925, 0.20646830764337248, -0.1475392230303244, 0.11502232419209293, -0.0208983336241081, 0.09096016874426693, 0.183166143979149, 0.1682203371556588, -0.1347114898795046, 0.07217805490697665, 0.2945870155916641, -0.025821017956650018, 0.16850275603434556, 0.08319488286666318, -0.22482755642029253, 0.015780006544501943, 0.3521398048552064, 0.19484949711114813, 0.030029239591555304, 0.2079142163314433, -0.2159377044231125, -0.325740401810743, -0.06723276939735068, -0.28668095320640474, 0.5688432377039205, -0.1521425722889849, 0.27951356888872686, -0.14249772855571696, 0.4091811674771342, -0.22663996952914087, -0.0013746977834599126, -0.23297104819197928, 0.10112583128456493, -0.012877587317390724, 0.11158633238968205, -0.08979351205118923, 0.2334014211335647, -0.2783313656121308, 0.238323637923515, 0.08463936929880594, 0.23312992488632794, 0.11902338436176091, -0.22400427336108317, 0.3199029777121559, -0.20758433563544235, 0.12254919356924282, 0.02364208056299882, 0.08143496037503216, -0.15933909871713706, -0.29791929639477843, 0.04075032039531407, -0.06662410917979893, -0.1399656086760988, 0.08833661304073077, 0.11201309677181985, 0.011408413601325385, -0.020782824726720616, -0.16777631275485325, 0.4555577468830895, 0.24533466372277934, -0.4378465796558409, 0.14744970425318524, -0.0053370000917803495, 0.11004701106650282, -0.019720624399948233]
-459.48405433790833	(9, 12, 2)	[0.18268737623338518, -0.09861478812780064, -0.10391424450186519, 0.187916636699112, 0.1655390411031163, 0.054942328500367975, 0.2949949688572077, -0.007054110002790099, 0.0881173440527288, 0.031090217432032063, 0.4044251399728398, -0.22835183528376637, -0.039302393684125636, 0.14314133841663598, 0.05477694321490075, -0.0018960684520561875, -0.030018815847770677, 0.4793738832568364, 0.059501023188678746, -0.22744401816197155, -0.3926229935726812, 0.051271506363215466, -0.20013823596150865, 0.2697789587639653, 0.03788888180420698, 0.0886574301363736, -0.2448904060344996, 0.14720783697059917, 0.01594247262626673, 0.06643464015687103, -0.20435016123367244, 0.005370374257967826, -0.059297949593363035, 0.2377954471978831, 0.36199587723313265, 0.029015019275241936, 0.037650744929767915, 0.1488353237415445, 0.06173441120465625, 0.00232979353588711, 0.0775862614709812, -0.26099532361534505, -0.02464665044051708, 0.26844558600587815, -0.3186043888815019, 0.26609369954636625, 0.21297242562105456, 0.0486221344082082, 0.027913051385374255, 0.2175299152376727, 0.05305406268824181, 0.11685625771540996, -0.08371069449709416, -0.1519096506352199, 0.20100316407507535, -0.24477046188235932, -0.1862013720299593, -0.116818719479377, -0.0004618184660011883, 0.024490769293127282, 0.0903785414867869, 0.2061887955720009, 0.15823062892565803, 0.10371467366880513, 0.030784742979219893, 0.021074549498884494, -0.026605010622946207, -0.3897881377603839, 0.21506867162113644, -0.1549995033168074, 0.11516201194805925, -0.01567340519633228, 0.07165744408594486, 0.19508528632597377, 0.13911193323691018, -0.13053257039885863, 0.07561876653758537, 0.31014760050558055, -0.0034697447393495654, 0.17614226559664659, 0.10641911653361574, -0.22727397191174536, 0.011922135262427584, 0.3421600969099336, 0.12867513576922654, 0.037256131343487583, 0.2087103572446411, -0.22586833538948548, -0.32657675829691035, -0.04344017880484223, -0.28277801331030417, 0.6004570452831803, -0.15886726811291962, 0.2758921154512571, -0.14251057129544442, 0.4076167959930397, -0.22060279033457855, 0.019011709063880628, -0.23207731457140104, 0.11592437937409251, 0.009437850752823544, 0.10087033095618189, -0.09238831279128262, 0.2428876623373663, -0.2771525986203082, 0.24071079231772377, 0.08195122031850398, 0.2333561655666765, 0.1080259503075415, -0.14305717524346914, 0.3180583028435094, -0.22451725633072714, 0.1263272746951073, 0.013108220242206571, 0.08247301689334131, -0.16202767005203028, -0.35898108298662745, 0.019924572255703054, 0.09470020740197131, -0.14430116130432738, -0.01742675945840651, 0.1120247659975798, 0.013181433298821984, -0.06798614037460485, -0.17193689287616792, 0.44536413211573284, 0.24714381631900792, -0.4365955487845716, 0.1663627687741916, -0.00621634257187905, 0.06348388429971079, -0.011138031883453615]
-273.19052491067015	(9, 12, 2)	[0.18916091366543425, -0.09394324326958037, -0.10424493428279727, 0.1862905385395961, 0.18674308736351744, 0.1060396398195557, 0.2877788230129526, -0.005189436905422342, 0.08808028023758172, 0.03539306877849232, 0.38348784491427496, -0.23463034639648947, -0.03649295667755884, 0.14385735865422478, 0.05512971175572244, 0.009251826255753257, -0.02547081632186589, 0.4773852729759718, 0.05362432677288739, -0.22766257982465954, -0.39266378044996375, 0.03102441225038855, -0.19995247498060897, 0.23296207833077123, 0.03836088256906246, 0.08694594173022377, -0.2479960040118776, 0.14474472997397023, 0.07379348081419845, 0.06875473922949733, -0.05034729971858075, 0.00011878153421644114, -0.06727575754514094, 0.23556803564308648, 0.359936361425801, 0.028508978222314543, 0.0354813731241806, 0.15011384884137224, 0.039103311093091155, 0.004247656337571398, 0.07537461867020706, -0.25436481613521617, -0.03242338091998049, 0.27117580449024864, -0.2068460973307832, 0.18701562108572356, 0.21309624750247141, 0.05593214922487007, 0.028575382949968815, 0.21763119495489536, 0.07854233104901387, 0.11859804817651882, -0.09144372451729849, -0.13599457946061272, 0.1654394797244565, -0.20453785372745073, -0.21432921312775677, -0.11866225493458618, 0.011361499282324987, 0.023914167864162676, 0.02709321960024838, 0.21452106110025515, 0.15386575191195856, 0.10506383134663327, 0.04965630888160407, 0.02015649213914404, -0.03125789804453488, -0.3935147400640563, 0.17931478717753835, -0.14730862058773267, 0.11501339278771944, -0.02581008225524881, 0.07201586258107907, 0.17856736944502408, 0.1270728229239683, -0.13263221860254337, 0.07362503475560601, 0.28896135752968743, -0.04818585237959911, 0.1816729897396251, 0.0944981145391163, -0.22157156015090249, 0.014148604640452322, 0.339803533312225, 0.19278701871712475, 0.034756250558806774, 0.2080358919548867, -0.21558637875455297, -0.32578008750978593, -0.04656872287689811, -0.2856079249104083, 0.5881155605490835, -0.15515553646532293, 0.27814630450113176, -0.14347064930914227, 0.40904271781648, -0.22056813763165886, -0.07987337717637141, -0.25031524232536273, 0.058220678485303975, -0.0038385733148993545, 0.11985277193097311, -0.09057763131785487, 0.23315816245015536, -0.2778302632890107, 0.23693940725359264, 0.07991162007016855, 0.23751613183489304, 0.11753065744816879, -0.142211613804848, 0.32011487718944714, -0.206008237386997, 0.12538297059586923, 0.012786124460252696, 0.08308419533781296, -0.158188020052814, -0.5748693245100951, 0.024785461257708218, -0.07065865704164087, -0.09498621857288467, 0.10187158013633724, 0.1052583696215581, 0.0196248243557045, -0.05833077374849921, -0.16735740217696946, 0.5283540836438161, 0.3283874796452658, -0.4354277452973584, 0.1599584322749406, -0.004683287315798054, 0.06028598832765207, 0.021301200630655787]
-410.46121211256514	(9, 12, 2)	[0.15446350822725477, -0.10229906227653034, -0.11314191729632773, 0.18878788588519352, 0.18887288525595133, 0.08362374684163673, 0.2875294097054291, 0.026704235159298005, 0.08757206222262445, 0.037428665507302214, 0.4045607304528448, -0.22710197789257414, -0.03807525748524812, 0.14332565437554598, 0.058287851636908444, 0.05266024071393772, -0.06624820257101936, 0.5381346746518187, 0.05462369895821874, -0.0910522981446078, -0.38500011221873603, 0.01203561201732318, -0.23344474315293778, 0.26406432617469144, 0.04416880279368391, 0.08479523375633158, -0.2598320889678238, 0.10311940374725236, 0.02001146172767612, 0.05995238303766366, -0.20554319667943965, 0.007638057889772027, -0.07883541081385573, 0.23625681065456688, 0.33835226092668813, 0.028491469018251846, 0.05184408081431911, 0.13715269791609516, 0.05947538211578038, 0.0036016733718747277, 0.07479121266021174, -0.2623558743659252, -0.024323084615649308, 0.27121332916651014, -0.19955914949865497, 0.1888124732585929, 0.2223952493443977, 0.06496021246422336, -0.04909477325419877, 0.22335438014079456, 0.07608469156731673, 0.11924513877333782, -0.0720517319732219, -0.14156130938719252, 0.19038746790520744, -0.21822039723452424, -0.1831671592820985, -0.10954883670642923, 0.048301636494447325, 0.010667391882335885, 0.03027803065613737, 0.20971946286707083, 0.15586454688521423, 0.10411670623832475, 0.030719689602093182, 0.02175156075802854, -0.03523381625526116, -0.4004024139879249, 0.19963261967035018, -0.14921492474883422, 0.11864265720460632, -0.028189940080634628, 0.0722555479799114, 0.171031202661182, 0.1411620979900302, -0.1375997168763955, 0.07247564629135711, 0.2988861447009401, 0.012698425970858355, 0.17111753403347374, 0.05797615289394329, -0.2343115515733357, 0.008389297687552366, 0.3491080438406605, 0.19106960171410148, 0.03457287326661265, 0.14437755504364327, -0.21674221016867257, -0.3261169990505448, -0.041197021391952623, -0.2831750818157793, 0.5708381850972332, -0.1569386437318444, 0.2751707192362136, -0.16477198494361486, 0.41436000996447153, -0.22416016933628316, 0.04709144159542384, -0.2331830491490067, 0.12398500713345648, -0.006519515411929462, 0.11238442615053892, -0.09248944214158593, 0.2573335078515555, -0.2781737674359363, 0.2310814798260036, 0.07756762651885053, 0.23910756148976103, 0.11000919276142135, -0.154264958664704, 0.32204772657154157, -0.2193316689651146, 0.0904940301032254, 0.017061037432153762, 0.07976652543845224, -0.16084298015990806, -0.3438123566142621, 0.023667602942585974, -0.06416865673572618, -0.2023616098080258, -0.13549797015179524, 0.1116145425214659, 0.00728547532703446, -0.03045787310967256, -0.16196732045500428, 0.4107264131817221, 0.3951518222760434, -0.4477436006273797, 0.13931409106276055, 0.00021614860650098376, 0.06909621693482931, -0.011489179111522241]
265.1884403669658	(9, 12, 2)	[0.19332381272865873, -0.1052590946567002, -0.06784689879577785, 0.19325547489356334, 0.18145278611716292, 0.07120629577149976, 0.29177991497918976, -0.005036712447462409, 0.08773414484303897, 0.0409415106674724, 0.4195115010211131, -0.2211340575695222, -0.03980625493143746, 0.05460923139620432, 0.05810633864629976, 0.0061228442066655064, -0.029108156817464755, 0.4816544139026397, 0.04522429780188793, -0.22958155637391914, -0.39059083168056524, 0.0050721981141720485, -0.20086086347866128, 0.27181504697819575, 0.03199066845451145, 0.08612998480411993, -0.2529543915267466, 0.29571602108903805, 0.010913224193753967, 0.06333561596474241, -0.20523649796176338, 0.007008639317608537, -0.06608125379624255, 0.23540637887215793, 0.34863187829281983, 0.03814192386773486, 0.04318044986641684, 0.10343109322712396, 0.037133168126726866, -0.011934710613319304, 0.04696038966272947, -0.2690885591210913, -0.05516738020360815, 0.27405441975840583, -0.20843005682745525, 0.18920317021305644, 0.20959111241911393, 0.040431494724781976, 0.029048752186170475, 0.21978200661998792, 0.0651138158166702, 0.11860280207827657, -0.06665860335220918, -0.14041019755028034, 0.19162627934837168, -0.2136043626365354, -0.1857248184803876, -0.11996597322185715, 0.036724912611069825, 0.02371636531745343, 0.026834115226023848, 0.2182725090157438, 0.1594970406236721, 0.10346040955944599, 0.02791848365590681, 0.02313597720449187, -0.02549771037802396, -0.38983139628415114, 0.203929072942252, -0.14555610216370168, 0.11669142453650946, -0.010482745999856024, 0.06284173708568574, 0.15967604144766384, 0.13742649108312588, -0.13980823344658605, 0.07101763383302326, 0.2969572578925634, -0.011788139997205158, 0.23006209378034048, 0.04661215520595505, -0.2135807537273974, 0.02213928869553442, 0.3459515511734335, 0.17837393003316276, 0.031157397993265955, 0.2063696556300653, -0.2156078044048128, -0.3259761106871504, -0.04115264988518189, -0.2834068025318592, 0.5902903090980449, -0.16100462079050645, 0.28031270280830456, -0.14334916185293478, 0.4126859380670834, -0.22224837049351817, 0.03759584697302569, -0.2241411482042053, 0.11271042574048704, -0.009712191241208097, 0.10107155665378414, -0.02500023586470892, 0.21908645759805362, -0.2776245186822365, 0.2144179204689067, 0.08055843033205015, 0.23125605448533704, 0.11879865289513468, -0.1531340801444956, 0.3167367500213648, -0.22396501638536634, 0.12341083526157126, -0.03747627028698034, 0.11628347803279275, -0.16023355448326315, -0.3367521993638025, 0.04788768884801451, -0.0503631271914343, -0.14816242159204118, -0.13617341504540365, 0.10320559155224653, 0.006936136537830456, -0.05910479514066925, -0.17064443081987274, 0.43983583311694985, 0.24761998991168022, -0.45209497567959395, 0.15017535256299544, -0.0038781525788756013, 0.06662955428239896, 0.07448423700433435]
-257.56242732451585	(9, 12, 2)	[0.17751118800081783, -0.0995987496096281, -0.10696896842719528, 0.1869538264836416, 0.17801821495516637, 0.10575733071727025, 0.2857620089496423, 0.05418175766478067, 0.09544558435805502, 0.032779466062039686, 0.40970339516852616, -0.38718450382354047, -0.039565398803002666, 0.1424367383158677, 0.06049273292783049, 0.01320605887371547, -0.026858554650348195, 0.4827999960696458, 0.06396684572794296, -0.22857453065802275, -0.39611728945742997, 0.0076991396628691726, -0.20813258925280037, 0.25790132134607097, 0.044182864958161955, 0.08496587348954797, -0.14215505075339394, 0.17172194999932952, 0.029061726666387344, 0.06554919796572677, -0.11548407189285706, 0.0029378755697155434, -0.06886109609140922, 0.2346897553430372, 0.3402190575018398, 0.026410150133449408, 0.03838830804940181, 0.1264394202194757, 0.04761080262297501, 0.007806875907699073, 0.07842253478347787, -0.26371156625619696, -0.011755945947230489, 0.27083402309052723, -0.19868921601066014, 0.18804496065315168, 0.21934337027050707, 0.10548130637983946, -0.072381564851059, 0.21876298153967155, 0.06754570044473285, 0.11876121307339807, -0.07153062901903037, -0.14436379723681209, 0.17726330832958928, -0.09290908010673617, -0.20173138682366915, -0.11974879925668688, 0.04312762218490829, 0.02343647435673643, 0.028406296460536436, 0.22416038106191064, 0.15599472386727772, 0.10166303423598255, 0.04244566822462068, 0.007381496061567303, -0.026347739562231774, -0.39102545149868273, 0.20146227740623496, -0.14666408484038412, 0.11539474938100003, -0.020267621487560734, 0.07268504029254132, 0.17702562007148087, 0.12438869082345587, -0.1393262578938348, 0.07104341888197571, 0.30161960366236545, 0.00991555260248769, 0.171306185678115, 0.05978512935787281, -0.25085372130441663, 0.005340919542242713, 0.34999888799260115, 0.21834482692805754, 0.033538412018279715, 0.17442155365449794, -0.2158643418527387, -0.326152368199635, -0.04266795309979133, -0.2863931624686541, 0.5802491677469159, -0.1547458582285991, 0.2784230920683151, -0.14280965283168565, 0.41259071532720726, -0.22958812359099007, -0.005427391618346253, -0.23206121252277412, 0.11830946542047732, -0.011903743707790477, 0.11571100593995272, -0.08551654762194089, 0.2708442784138891, -0.27853814587068304, 0.22206439133521053, 0.08061888212941787, 0.2346406590965158, 0.11728028811551909, -0.1946956254556984, 0.3177824943839426, -0.26704025884919075, 0.12453321330087794, 0.012045999254410382, 0.08214538893513716, -0.15980063251140925, -0.4178833538492691, 0.024687002704097894, -0.038419401758739445, -0.16220219474692388, -0.14561260912189858, 0.1121757996061252, 0.005112234864819133, 0.0013219371584236488, -0.1701579382297302, 0.4266926333099551, 0.35656869731599156, -0.44021656610322113, 0.13644904037981115, -0.007990237113895668, 0.06522387639861052, 0.05626330954840861]
-542.5768253660075	(9, 12, 2)	[0.18874179388672643, -0.10066448252028602, -0.12140540399475946, 0.1926288167044688, 0.18268032441542925, 0.057145122832363525, 0.2901003308919946, -0.0033377690288753877, 0.08770184579815213, 0.024281346073309333, 0.4075451809364664, -0.21666914235095475, -0.039853142200083194, 0.14243330228878953, 0.1088225304750226, 0.010170487590870365, -0.02346798066784221, 0.49115415904346155, 0.05523939361028162, -0.22678273143904404, -0.3909910989532065, 0.033076887566645424, -0.20010390587755855, 0.27622154288183376, 0.0475179232285726, 0.08436188351960772, -0.24996154314308142, 0.14885170893729144, 0.018604345770768346, 0.06695164177317545, -0.20457408995552792, 0.0033348826502514785, -0.0742296069615559, 0.2049489594366128, 0.3400608836567315, 0.02112474511014482, 0.05608740029276494, 0.11824022663047318, 0.05261381266624576, 0.002657295697018415, 0.07876689845190052, -0.3184913290778705, -0.01661523657911909, 0.2711795713712646, -0.2026600701306193, 0.18912285395046835, 0.25228193587200476, 0.09342571846955439, 0.00011914074592593235, 0.21769188914032905, 0.06860138010938914, 0.1584952212078542, -0.07686474430920565, -0.14003389450978734, 0.18221604821311785, -0.2140961647796123, -0.18825407573670327, -0.11771159149249011, 0.029708827733707456, 0.023673946408128817, 0.027572386509146965, 0.045704188502578874, 0.15698284817144995, 0.10460660078558182, 0.0322318840179913, 0.02151400161361008, -0.025515573280316485, -0.38973073047336615, 0.20135332872452574, -0.14476090971370767, 0.20798398004910856, -0.026987446039063022, 0.07270705813534051, 0.17250090871214505, 0.14956464113920162, -0.14764846865757003, 0.07195404157388269, 0.29930630805606045, 0.004337787828818943, 0.1697836298333737, 0.04958588370003027, -0.23960808011948462, 0.007702481298804905, 0.3450662818997671, 0.17636782358059072, 0.02840102644707381, 0.2019680468850035, -0.21761901320703658, -0.33957451681624684, -0.04339925682058728, -0.2854450899912266, 0.6542454368596854, -0.06533895446722454, 0.27936373542747617, -0.1418287252389253, 0.4111393687182673, -0.21060801765170573, 0.04212635236140049, -0.24421244626236702, 0.11551714149440394, -0.00792442803670723, 0.10908468494350088, -0.0886165932698949, 0.2596210564908704, -0.27848737831207454, 0.22645233253394575, 0.08009040148514454, 0.23024931312967062, 0.11079258534003329, -0.15190284096629994, 0.3156070600279841, -0.25149127270694, 0.11269719077639391, 0.05317941139531167, 0.08250498668788578, -0.161188828807427, -0.3419862777184208, 0.02978630143784887, -0.05096578747083087, -0.2136000788024493, -0.07809228384831307, 0.11587942525822051, 0.0032931619054856406, -0.031149017827160695, -0.1685688729032371, 0.48528450436619697, 0.2745365137662091, -0.4477366555329313, 0.14233134603870604, -0.0030740890110425743, 0.068755946973023, -0.012102601290793031]
-386.15196600232093	(9, 12, 2)	[0.1890699972910973, -0.1115751635587506, -0.10601834715028396, 0.2056844969417745, 0.18627036695809346, 0.1036933813426945, 0.2917281721940934, 0.02088197496253467, 0.08817763087697672, 0.03959213916194215, 0.3876305644031266, -0.22886377675913894, -0.04123549961779992, 0.14291085522614366, 0.14551913817306575, 0.010734900544636017, -0.03421238993128847, 0.4822201284070377, 0.05041280330697294, -0.22511780624701472, -0.3905973308167765, -0.0033081367825219038, -0.20358077735167596, 0.2695129602700159, 0.04189141277856437, 0.08213005820732644, -0.26080396609465695, 0.17307723583098808, 0.013663832200588033, 0.07008226661579195, -0.20522307685752034, 0.005794834642920129, -0.06745137865942846, 0.23610123985750517, 0.3294071883692232, 0.02638658782921268, 0.05767044872994312, 0.10194540064145835, 0.05050359771503532, 0.0016780734053435686, 0.07852860969722936, -0.26666992352938645, 0.040374050388815245, 0.27227327215500174, -0.20544919338245324, 0.18964330300615764, 0.2166315096119471, 0.13231068100233695, 0.02802535331221255, 0.21818559720789082, 0.0687445267205315, 0.11660825939481498, 0.049547777250889914, -0.13743519478097088, 0.15751662771857022, -0.21050960986806316, -0.1895542761796032, -0.11944463829175339, 0.03150432406179743, 0.024328618212168033, 0.02733422490965544, 0.23038337595257546, 0.15977687481139607, 0.1044922147667256, 0.03550659386620585, 0.023205566037510814, -0.020316109448540554, -0.39001069823255674, 0.19332122036441915, -0.14808971914674177, 0.11480548121806491, -0.02990597378815843, 0.07257673863578126, 0.18938171198530324, 0.13985059024422858, -0.13671627266002837, 0.07027269580763269, 0.3016374318736805, 0.008693396460281524, 0.17407422428337233, 0.024262254447318634, -0.26762279192752736, 0.006912379487361148, 0.3509945663812854, 0.16286710973319735, 0.034912670733362364, 0.20641159404904114, -0.21640143228234376, -0.32536032920517705, -0.042436024176430956, -0.28953016298297496, 0.5723749763263337, -0.14813335980915143, 0.22799787020438333, -0.14296902174210607, 0.3309038687719644, -0.22994812678316043, 0.05081625912079704, -0.2417771076472329, 0.23058269246114121, -0.009885038239469948, 0.09510623396120896, -0.08644850728624333, 0.2333707243732496, -0.278289538248603, 0.23180290128529502, 0.08820784914903726, 0.23297773148767867, 0.11906228733297602, -0.14238792561550034, 0.31314930138408237, -0.2575237068647884, 0.12023182945127486, -0.002301026359980242, 0.0825345418709557, -0.16228584718825295, -0.32577285969782643, 0.04583557854429157, -0.05747110853911071, -0.14892472988589386, -0.14862550165361196, 0.13098205554543776, 0.001053342866813081, -0.03730581534799939, -0.17291088511600183, 0.4095758335398122, 0.26426651453365, -0.44781078226617416, 0.1554665107756928, -0.003090295210972624, 0.06660864931635158, 0.05635576651356688]
-239.00425190108902	(9, 12, 2)	[0.195446999517227, -0.10142796162787138, -0.1099269542282654, 0.19808284847849503, 0.16646651284340525, 0.08710461922786747, 0.2921069980265732, -0.014131715078980095, 0.08614517184156023, 0.03293599179976508, 0.40865918693791936, -0.24568205798187687, -0.038150434473513246, 0.14397947922912346, 0.06279485102220875, 0.004155632085136352, -0.027703666419448755, 0.5086418221797773, 0.03877476636170925, -0.2278242891467587, -0.3956077347613455, 0.00415918980032591, -0.19466337997143782, 0.26690365131547555, 0.03348955467325408, 0.08490670274623367, -0.26591029441919134, 0.1630340819899875, 0.018030928620677584, 0.06206297083605397, -0.20168696440803832, 0.006027624952020034, -0.14004045343805027, 0.24022284463004262, 0.3380999538305545, 0.02749556399372041, 0.04020256693599346, 0.11475762805198939, 0.057304816162651165, 0.005044598215266732, 0.07598990709155536, -0.28313702094283355, -0.0380192846657214, 0.27070413679642213, -0.20878392776459773, 0.19589091174984385, 0.20735138387855412, 0.07736848451143116, 0.010288962296798397, 0.22217902702341308, 0.07567287011216589, 0.11765417041000284, -0.10330722177202353, -0.14932922207854407, 0.1981409318175223, -0.21236499559195543, -0.18195497602844798, -0.11601598473216215, 0.011683506473554317, 0.018408974086371536, 0.03582343794161287, 0.2342065487326232, 0.15252391599716014, 0.10348543726937093, 0.036957690097037324, 0.022017229562461552, -0.02587126656283289, -0.3918470846472425, 0.20064806934996654, -0.16330980164232461, 0.11404176606213771, -0.022107992665255517, 0.08344804629217636, 0.17824089474058497, 0.1448870127073999, -0.13533504915134903, 0.07422339984617603, 0.28897778396681895, -0.004331400383993503, 0.18217611477742526, 0.06000606536827878, -0.20884939948066034, 0.006597442275172432, 0.3459386204064277, 0.17342231092087956, 0.043580886013924916, 0.19547219314942782, -0.2210564271901785, -0.32626627115059037, -0.05968153467302613, -0.28528742797141493, 0.5949704569049059, -0.12629811537556487, 0.28342874438587434, -0.14387387897836207, 0.41134774324694146, -0.22529960640489352, 0.03832924502334529, -0.23322013956634963, 0.12102895252267627, -0.004274434010393094, 0.12807391435452536, -0.039347206219571225, 0.24814840751265058, -0.2891644382394506, 0.23651748970351413, 0.08072756928816953, 0.2239761848346099, 0.11523594747827338, -0.16919694326237522, 0.30589424449737146, -0.2200999643314685, 0.12331221834719583, 0.03764197170828346, 0.07961011494724318, -0.16112129032234546, -0.309862601912342, 0.025856055170772895, -0.041509567634104474, -0.14866098921564833, -0.0015510718591742242, 0.10176497864301075, 0.011792039160838496, -0.04775998071009281, -0.17455184479777186, 0.4445831962287131, 0.31037177144714945, -0.45701736501522494, 0.14580634438690585, -0.013363665160715504, 0.06731197000742893, 0.013815300267518685]
26.53186958870313	(9, 12, 2)	[0.18959425562448512, -0.1005546367378401, -0.146911191138406, 0.19029689920295112, 0.18353445154520714, 0.07362226123942792, 0.2861065735662742, -0.008080834204750302, 0.08632238383323482, 0.02746130104906835, 0.4025052334558369, -0.2654318540884143, -0.03848659662344465, 0.14308751394579963, 0.08618757282391135, 0.012042844690821664, -0.06547288286249822, 0.5356681295015897, 0.08006666850073679, -0.22795127661553488, -0.39632834117700005, 0.014396062831627126, -0.1978944794924702, 0.27584146211103555, 0.04481192932628213, 0.05299505056905787, -0.25098706278040067, 0.15518702506730647, 0.021231105017899862, 0.06749459678152493, -0.19996880784238702, 0.0033116196175916306, -0.07252319192927113, 0.25437230588030757, 0.3422460176734742, 0.08148784586912755, 0.047410518051041815, 0.12323360514136897, 0.053645049635707265, 0.013797285342639942, 0.0804723798365759, -0.2724005837044245, -0.02740277947596778, 0.27059709097242735, -0.2032536297011404, 0.18876449505542586, 0.21517011944429, 0.11629027475011106, 0.017561154003545548, 0.2184031554561106, 0.07161385940966122, 0.1360849743697001, -0.0783847981179383, -0.14541807740078563, 0.1909855514435087, -0.21008081169094311, -0.1896483905932626, -0.11868698749473126, 0.03074257711715248, 0.022749683591607787, 0.0292678677699236, 0.21270301021276547, 0.15594123385304615, 0.10191100940518674, 0.033808960051386956, 0.022568217402772116, -0.026672227628962264, -0.3981777986119995, 0.17903877271829038, -0.14753788586977531, 0.18569542326545777, -0.021421375208041285, 0.0723174942676392, 0.1500667978974371, 0.14896790877267085, -0.13997483902619864, 0.07010960978110585, 0.2952484068797606, -0.04372911497547316, 0.1702875857562807, 0.037390451707894845, -0.11740524235686274, 0.009084765753572513, 0.34709432595220885, 0.176909672313899, 0.03887464111928632, 0.19325210759809783, -0.21604502345276103, -0.3313108025097279, -0.04366392384774304, -0.2856143078168492, 0.5954273688320069, -0.1562988072317546, 0.27739801619498416, -0.14262055007007546, 0.4116755427722575, -0.22189107698044494, 0.022453533082080826, -0.2378753850646671, 0.11288010592174906, -0.006529636726530949, 0.10677621683912916, -0.3550523248401215, 0.33515232140297424, -0.27800028284690603, 0.23494738100158483, 0.07965419227402015, 0.23266964747237354, 0.11342919667860968, -0.15561373541536835, 0.3141226929298805, -0.24249146255125625, 0.12038349302040388, -0.005287259432589023, 0.05719070196822154, -0.16098771258673966, -0.3255529865405254, 0.026475818741846735, -0.01621478319120883, -0.19972474873404947, -0.07872379141758672, 0.10788689787032495, 0.005694239173109952, -0.04304129776748437, -0.17367880524904866, 0.44616913917421464, 0.31389218640426925, -0.45673443405446246, 0.14351943842637194, -0.004892054114913806, 0.06693273583323434, 0.015496394149407705]
-205.35537442390094	(9, 12, 2)	[0.1885943881835165, -0.09965828466882141, -0.07410832455782052, 0.18933690609144185, 0.18909399497846768, 0.07078634506827838, 0.2907937685140586, -0.009274145897337063, 0.08783143082385639, 0.029440909468911737, 0.4016617985863473, -0.22191280808111213, -0.038815059888376545, 0.1424572751307111, 0.08818494351389566, 0.06587032552285613, 0.024543964804567074, 0.4949831840005301, 0.05869643894739412, -0.22751664674787953, -0.3937200618515522, 0.018061837219343013, -0.1979779235478079, 0.27502792638469953, 0.04177380311467232, 0.08375878254156544, -0.20401293079807126, 0.14098267130266562, 0.01426937798752257, 0.062159980718568465, -0.2016690446201523, 0.004240491693939707, -0.07121139527929263, 0.24111947936292724, 0.342367032417297, 0.027746500873340206, 0.04322718028019567, 0.11674036252936067, 0.05566476329227141, 0.002406415537106414, 0.08366537368199141, -0.29905586712665394, -0.025570029282251508, 0.2712890409892287, -0.1974971811234696, 0.1891426172586584, 0.21560301811532792, 0.07644675525101127, 0.010984963274663619, 0.13056845085626015, 0.07261249061810715, 0.11686525706147809, -0.07254455697411351, -0.14826350358590507, 0.19356689869420557, -0.21450043853812983, -0.1663838621043372, -0.07397909152874924, 0.031063986723471992, 0.023476461330445335, 0.06790365429530014, 0.21829273182918574, 0.15805675489102605, 0.10373847538233572, 0.03228577115251595, 0.02255108033138764, -0.03155048896297898, -0.3970135074614362, 0.19822988244973436, -0.14696166673592465, 0.11717477012527219, -0.01899213790107461, 0.07178038447836221, 0.1754789815932036, 0.12868914446497964, -0.1337840283989927, 0.07016187222181593, 0.30220970178900197, 0.0028147995493129708, 0.17643121285989638, 0.015306218249922336, -0.22486208756240417, 0.010637810543933842, 0.3692049247131738, 0.1807598213165197, 0.030899518394384966, 0.18913890562072785, -0.21738672665513797, -0.32718228363621926, -0.043796861733605544, -0.28668524585696264, 0.6230131468236071, -0.14529547724719413, 0.27572386786987524, -0.15617417433919434, 0.41263018808198193, -0.22057558419772305, 0.027003931264962245, -0.2406097945509825, 0.12951199451050116, -0.008157926499999173, 0.11148360117508233, -0.06170879244042175, 0.22146364596766285, -0.2704005755033364, 0.22707958565430478, 0.07364958425805503, 0.22638453153138638, 0.11796401713466498, -0.10402437337071524, 0.3125387295925309, -0.22993438949536818, 0.12266980312738641, 0.008766799942730698, -0.02363151630013572, -0.16029651918012044, -0.3497401056014429, 0.02510657230356589, -0.04674718825480837, -0.1766481953330416, -0.15518686799581013, 0.10975875978839274, 0.00837851463754171, -0.04164625224375411, -0.17104661815450994, 0.46242557380017957, 0.27323386725937204, -0.44744149154160495, 0.16647964958412798, -0.0026797686684717644, 0.06900447930863562, 0.03399015731731553]
-72.45634629373797	(9, 12, 2)	[0.1897967720907079, -0.10122833776457633, -0.0835391005551041, 0.1902527533418728, 0.19204069719570022, 0.06757411420187012, 0.2905543991795536, -0.0034763715756853325, 0.08916484745656782, 0.026406730411394262, 0.3997327912590223, -0.24137067947774163, -0.03896522311211109, 0.14335056996166484, 0.09254232709956035, 0.010968429107000108, -0.0024414850503163797, 0.48791029364580163, 0.0556154600194023, -0.22843460126416718, -0.3907543402889115, 0.0085333774563163, -0.19948423256355546, 0.2701059024702135, 0.031669563387146715, 0.08212981726338547, -0.25117677635507607, 0.12398865975731005, 0.02237741636088153, 0.06337491015032162, -0.08342437398852054, 0.0037640455295090453, -0.06650266956954783, 0.2387787650782441, 0.3448871402581294, 0.036976595196541034, 0.047749369552368845, 0.11468993949497847, 0.053302424431929916, 0.004475108380366384, 0.10106037139330137, -0.3071587792532837, -0.030989980659050065, 0.2714311891246267, -0.2203806535068911, 0.19000340401195684, 0.21638347494525362, 0.07054520892512098, 0.022598048941029736, 0.12377089710721477, 0.0955282806137496, 0.1168989384054352, -0.06176066057709971, -0.15248500663090733, 0.2044717874415073, -0.22301919265664855, -0.1716793658948777, -0.0027004465940643034, 0.030531586971682637, 0.023020028022863584, 0.06905067275192601, 0.2141034477651726, 0.162205242978838, 0.06879445603139336, 0.03121294145035893, 0.02261108790987991, -0.02547482346726594, -0.3936117717268085, 0.21838898649252453, -0.1506653424467312, 0.10822920772250198, -0.027769227911074366, 0.07518689268452167, 0.17628898399218862, 0.13329983520404673, -0.13189143531752257, 0.07416374986979962, 0.3019412437501229, 0.00010248634831619023, 0.18448494332608928, -0.009611351021205316, -0.22285272990270055, 0.011646635184554832, 0.34568029929689814, 0.17623605631862616, 0.0632092225761994, 0.1897484266294306, -0.26763174017366886, -0.327026142600591, -0.04103782990537292, -0.28766511609798495, 0.6027192118760158, -0.16334713897766606, 0.27551509147095443, -0.14847621161118227, 0.41401602004146565, -0.22091600770592637, 0.028309027408767444, -0.2412669346258924, 0.11659393858888986, -0.0097533884148891, 0.12115746993234848, 0.08487423788982862, 0.25315871480420954, -0.2709537548644932, 0.24860586052758588, 0.07992142051611001, 0.22967349209893223, 0.11266300035672208, -0.16478008375669312, 0.31616028255260453, -0.22960900561858705, 0.1517211711953516, 0.019280661032336936, 0.06020236715443673, -0.16095664021432032, -0.3501359289420107, -0.0035088993592411223, -0.050509257746326225, -0.1658635847215092, -0.09047314873378404, 0.1047961812269453, 0.00902220922094348, -0.034690590128014884, -0.1675762319168172, 0.46169871675152774, 0.2647583979493784, -0.4492424167527133, 0.1434743110085144, -0.0002120198615243455, 0.06753762796594559, 0.0014166756530168134]
-323.0993794252082	(9, 12, 2)	[0.2094988049976924, -0.10336889421941567, -0.09347418613007458, 0.18980235815478122, 0.1890778626964803, 0.0812378143990733, 0.2905826919194956, -0.0026247650462747772, 0.09079743191073364, 0.03352401664987431, 0.39964674106630727, -0.24368352271290705, -0.008154981538742827, 0.14418330520839612, 0.1269282470767166, 0.00996600501374761, -0.02134279587996929, 0.4868834901862149, 0.05561982476447008, -0.22775336388340445, -0.3879491191184627, 0.014827794316248876, -0.197411751051834, 0.2668631100994423, 0.027543259113639442, 0.07520846036608557, -0.2539504200351001, 0.17043044285230058, 0.05018707646233178, 0.05196101451650239, -0.2005828464239896, 0.00369649764124706, -0.06626914343356075, 0.2540521164353489, 0.3444937130941202, 0.054024753307165066, 0.05649750420804453, 0.10454017780887069, 0.1099262043131636, 0.00478323974623475, 0.07000110308288449, -0.3008976619023327, -0.02283685076858227, 0.27143950766121544, -0.22399230931537575, 0.20131985305088324, 0.21799561812553087, 0.06077536312199905, 0.02570635655484218, 0.2168621362422599, 0.11639133076821395, 0.11844871961629613, -0.052375329978734265, -0.18286496184523074, 0.22423858931545834, -0.22480769789504754, -0.17355200781426455, -0.11444143489439379, 0.029325836899824, 0.022364402106446857, 0.03876155098161919, 0.21499038268823414, 0.2080596693488943, 0.03592620131233912, 0.03384381921092263, 0.022660765580110594, -0.024208407484367766, -0.39327765848657814, 0.19855809692408952, -0.1597733693939233, 0.0895228081648059, -0.02958083563824472, 0.07534214866050752, 0.1820369847557718, 0.13397533496478392, -0.12968189596111535, 0.07551586759919435, 0.3024834119165415, 9.965869473212452e-05, 0.19035605114410042, 0.03556140546207785, -0.21513564509966754, 0.011985725857866517, 0.3506425616036454, 0.17281674499562474, 0.0701133563895604, 0.19769164539949224, -0.4025480444792223, -0.32621783448438335, -0.039646088486466835, -0.2835704459429222, 0.5912349318904453, -0.17515740807946956, 0.23767521121732293, -0.1553642568040778, 0.4151501937480999, -0.22285951643055096, 0.031284797625516086, -0.24147528686458108, 0.11891593910180828, -0.011606621149223605, 0.1230741792590535, -0.06832335201478257, 0.24400968139171947, -0.29346654907664965, 0.2715187687719268, 0.07966141661461999, 0.22511965525550248, 0.11284624148938652, -0.17241970151063674, 0.31622552323650516, -0.2143905416366576, 0.16046309066801812, 0.029557966748747916, 0.08449953545549947, -0.16367749339517443, -0.3386842779126148, -0.014685783775258053, -0.04955956998550902, -0.12973362795256296, -0.10736194777569699, 0.10407881263617752, 0.009312321811915642, -0.036035618144905746, -0.16839911093885518, 0.43236113763298734, 0.46965677858998217, -0.4543583054416358, 0.14812456012519012, 0.0024568152699540537, 0.06767109416830511, -0.04330856325227689]
-381.87111794117936	(9, 12, 2)	[0.18333629475939944, -0.09980935818279951, -0.1218933838076824, 0.19239607774365547, 0.1616530748386061, 0.13984401162735638, 0.291138489319007, 0.00017697592186546353, 0.08746928161191175, 0.03399581937807167, 0.393442527328658, -0.28425730963259627, -0.043815303062962385, 0.14221422111163423, 0.12452854702859062, 0.023922966235159424, -0.013548631304474769, 0.49051234257180293, 0.05559779403826566, -0.22766929985479092, -0.3918573410934803, -0.0014123581957576643, -0.20752240693962418, 0.27063568715919134, 0.05144457439270174, 0.08462190584988241, -0.3762601992488563, 0.1520417722206101, 0.016211361500700225, 0.0658068399955824, -0.20433298251694526, 0.005922804213663105, -0.13810482423267675, 0.2394320915714115, 0.350815892201657, 0.026459513508984123, 0.044615945213750015, 0.11856787630889122, 0.05693980934436698, 0.004236546235627588, 0.07945731152572783, -0.2786241249088458, -0.002194629531280398, 0.27096441926174336, -0.17472687785324867, 0.18838580923755782, 0.21771936315484586, 0.1267010115145803, 0.010048428184171131, 0.21360619236238404, 0.06887650993172155, 0.11758463555031437, -0.03012483663575172, -0.1451716491693869, 0.18956475004973067, -0.21331900576216242, -0.17603664177047487, -0.11308941776241091, 0.04646394311335894, 0.021444151680135526, 0.0334135010160174, 0.22637122402399756, 0.15484974194272472, 0.10325079248293756, 0.03502918764033736, 0.02291236489465318, -0.02478529409741863, -0.39852419193032296, 0.20119402308334844, -0.15317570591131868, 0.11519822889115147, -0.02726081333962837, 0.06795076986707241, 0.18174771199368867, 0.14012213748133057, -0.134051704968421, 0.07102139567235566, 0.2998157371212285, 0.008657950724042332, 0.1729512270635532, 0.02774887412283899, -0.24397597690377928, 0.00930884533985742, 0.36672470896716275, 0.1818458873511027, 0.031748113166427755, 0.17442326894374707, -0.21747604981373786, -0.30259449173732145, -0.0429412112477394, -0.28582709193366973, 0.5863090920124892, -0.14210016512295312, 0.2685991432679613, -0.15216756381439328, 0.40301004059475454, -0.22564484334455137, 0.02843440924076334, -0.235294848884046, 0.12684194685924338, -0.008651427301675374, 0.10657064229391498, -0.08562807255705465, 0.2423552705499185, -0.2767342604999664, 0.22926112721291225, 0.0681943096622207, 0.2368539399121599, 0.1175502700834708, -0.17671099823219805, 0.31084897903144065, -0.22828447656165718, 0.15298453329905382, 0.010239740753725978, 0.05749399412945541, -0.16108951829067308, -0.300270242005585, 0.027275507165389793, -0.05116517228498619, -0.1881566913953719, -0.1394164600555383, 0.10975664093685975, 0.010104208022366196, -0.03321587506538644, -0.17277205954912736, 0.4473428281311008, 0.31782623634242513, -0.4481828146566923, 0.15450254311850017, -0.01998108416626211, 0.07360226039755721, 0.030283016271575536]
-333.2715425596814	(9, 12, 2)	[0.18297486927257486, -0.10276903158558988, -0.14393534751768214, 0.19071106239186675, 0.1738941092010448, 0.10625227223319485, 0.29340285293893453, 0.001844171134868486, 0.08929933655759381, 0.03240512796431248, 0.40223912479474544, -0.22525892446155357, -0.038954005035353845, 0.14311009077457632, 0.07238065116973509, 0.018614476951914698, -0.029854439516446535, 0.5715257551955666, 0.054809788052530055, -0.22983052114972524, -0.39142114123766647, 0.01465048692999008, -0.18047771746499097, 0.2599437570322804, 0.04433297936244475, 0.08042153341972254, -0.2580407097895013, 0.1623001745397905, 0.027744498111967983, 0.024206777401702913, -0.2037121622795183, 0.004958854112885031, -0.0774465175063696, 0.24465067215888928, 0.3428697235670498, -0.0010021056373457843, -0.04021052391016338, 0.11262684463229444, 0.0572396417822532, 0.005538639911343544, 0.07771847792175553, -0.2944885113909004, 0.03994628392240203, 0.2707123660171104, -0.22100001695547594, 0.1886633601995531, 0.21705879166250452, 0.0827600222469688, -0.01151618489032755, 0.1726744903224153, 0.06238969975669053, 0.11863176990886481, -0.05788198822860482, -0.1562233523216359, 0.17420188432903144, -0.22054675347896757, -0.18839735054799459, -0.1164473892369039, 0.03591677938402166, 0.021839560735958417, 0.03035086949415438, 0.2372381944919027, 0.20051670474040373, 0.10908834398143546, 0.031475579535582957, 0.02260762512952548, -0.024101645023175473, -0.47039650533067895, 0.20298098844321744, -0.15876799442085907, 0.12265944004995392, 0.04704966829782774, 0.07173857716944904, 0.17765758947977894, 0.13723771903504434, -0.13456250124004163, 0.07287562774428219, 0.30890287874244415, 0.002214858850513852, 0.18000091794813, 0.05582234295287335, -0.22594905275139213, 0.02002344248997895, 0.34979718097945134, 0.1748732585146674, 0.03258654977072959, 0.19548501349475528, -0.2176081292709819, -0.36506752546989596, -0.04151692166786873, -0.2846549529959152, 0.5747693191801896, -0.14346906499041331, 0.26527925686976744, -0.15898422611466828, 0.41193642413928666, -0.22473356802044525, 0.042561870873285966, -0.22528161272087957, 0.11787153692053812, -0.0093358737780647, 0.10736616738729514, -0.08247662818687167, 0.23149773073026872, -0.30658952384634286, 0.23937733440693432, 0.08158921303759852, 0.23448719300043985, 0.11561354143569241, -0.15599212351028, 0.314178222375068, -0.23005861963175628, 0.14244787108571927, 0.003495984070546994, 0.08069212259936688, -0.16227471083577072, -0.2881238764765646, 0.024893427290499908, -0.05567735921963071, -0.15832488821600396, -0.13070718861737887, 0.1151890256382851, 0.011237566763350639, -0.040278217862700263, -0.17055984968360588, 0.43189286944663363, 0.3135106611239635, -0.4642690738307049, 0.14989021075806258, -0.021377272406033775, 0.06774179155271694, 0.04811777623477949]
-317.3481379157268	(9, 12, 2)	[0.1828323799857211, -0.09963033465168764, -0.13385619820636252, 0.1910192196595345, 0.1757774493289574, 0.08895017062334865, 0.29036963728441295, -0.0040432233116175125, 0.08483871510522731, 0.026932597406596342, 0.4086219608168622, -0.2706091970699387, -0.03909763084776923, 0.14332700054985123, 0.07528503269437414, -0.013659262541909025, -0.05012412411779219, 0.5095085399171884, 0.05423343256100691, -0.22772001305237025, -0.39664879926661695, -0.005492131350639044, -0.20044093186349582, 0.27076953058986303, 0.04187223080184564, -0.06277685022784588, -0.18035032325482958, 0.16368838275666445, 0.019216315903917702, 0.06108317787329214, -0.1986339242056609, 0.004724048290191711, -0.08173339205337483, 0.23624398675579922, 0.34408105976510156, 0.0007176373270374719, 0.04223024535552294, 0.1174018865770193, 0.18562311482389487, -0.018512368737643056, 0.08148982603599388, -0.27594528373416816, -0.019988762357377423, 0.2702061210749877, -0.2113895663730337, 0.1940911257071584, 0.2199920554291721, 0.08073504818293943, -0.002513340258320134, 0.21956154757493554, 0.07691427688056898, 0.12521220757249346, -0.070428587669827, -0.13481336354303267, 0.22422410072437612, -0.20059695992031273, -0.18801556119403046, -0.11714243522898295, 0.036865911075159075, 0.01983951597463205, 0.03100345555929774, 0.1698078717507175, 0.15399958269305322, 0.10044036874671627, 0.0325973833656024, 0.022452530178989936, -0.02526628499135288, -0.44255694612321617, 0.199437295072525, -0.149523936091721, 0.09555198272536554, 0.003695663536062833, 0.07179634307958097, 0.17462377074877622, 0.09098238844665045, -0.1594414481890104, 0.08051860435031313, 0.30388854733702164, -0.11223446793043015, 0.17889113838217532, 0.042324005440475154, -0.22695229484433616, 0.011958545864596593, 0.4241306346039758, 0.17813683960842222, 0.035504164941476284, 0.23650506835473345, -0.2176129041681773, -0.3091885523759702, -0.042531373629035335, -0.28468324396616995, 0.6097889675876738, -0.14376542296985587, 0.27364074726427834, -0.14877585023916862, 0.41090780830785, -0.22821143324230528, 0.03236694136895974, -0.26331562353710813, 0.11346710485630637, -0.008005303380421736, 0.10666237644427978, -0.09969938397311096, 0.2502013420448626, -0.27825209884694846, 0.23225853406974312, 0.07861309149449744, 0.23607057361584674, 0.1642026719219548, -0.1841697391082418, 0.31251163552929767, -0.21603461944685204, 0.14405917784565347, -0.013282527420543278, 0.12707203570375358, -0.162869526448932, -0.33023072606425286, 0.018982945930278522, -0.04026463165080992, -0.18289184620695262, -0.0756387872886844, 0.10834318417744074, 0.008532576129578582, -0.03371745211811393, -0.09629932018258372, 0.44549775615952225, 0.3098041979933903, -0.4526760100166827, 0.16060856200416218, -0.018679217641974156, 0.06704751440524473, 0.03004446321463556]
