-1139.4343058605305	(9, 12, 2)	[0.34454629402865544, -0.11905921651646056, 0.14222520753066004, 0.3436151955611615, -0.2577522960509202, -0.37664304405716353, 0.2079415277254797, -0.29522474457145176, -0.6922850789403932, -0.8385903274446456, 0.6859351392166244, 0.1518863877123131, 0.13522604077932243, -0.10077690615437551, -0.1944071095388531, 0.4054497193600288, -0.34490951822880644, 0.8877351128277602, -0.8279172424413612, -0.38544448843211865, -0.6737369509673268, -0.043101385659031655, -0.12143861577829052, -0.3622889201411452, 0.4823364041320526, 0.5910427136764764, -0.7502392463206686, 0.3825490121231445, -0.4922046078289568, -0.36590391567479785, 0.8954247288378085, 0.5900353934956479, 0.6921950964649561, -0.5363765523770496, 0.7635265732283814, 0.7668071240354704, -0.7235561758299531, -0.6584420227987084, 0.9603631747714301, 0.08063895206652183, -0.18621577781801602, 0.9070329430919195, 0.765567087494121, -0.5135949929921293, -0.8625811047043637, 0.4204741270155514, -0.5820539819835049, 0.9655754840655972, -0.4195551233658559, -0.9661204984870222, -0.4651005531012655, 0.7549154422811399, -0.8811790529980901, -0.6008830270195398, -0.4274859336978236, 0.5903914155955279, 0.3969636651136219, 0.7453747656600682, 0.4940260529923224, -0.3133782570895103, -0.6249374113337287, -0.21805008686348937, 0.024266321081710895, -0.8890621449531055, -0.5816427184988977, -0.6588386325343587, 0.08175392985295726, -0.7550626231103912, -0.6402798477898028, 0.8748691713729131, -0.10101092571174775, 0.4802167012316343, 0.890352160832526, 0.6845542022791979, -0.43886139286485104, -0.10613545921037582, -0.21494780056627416, -0.733882944812527, 0.8726216632828687, 0.9017006391513456, 0.6387473698491555, -0.20819709933836372, -0.21868839926884087, 0.05604020965439127, 0.9374990460776202, 0.07350271672381714, -0.8066763488839981, 0.13383924990010532, -0.13750754725904057, -0.3933833807250282, 0.6428875668228822, 0.6154816285713016, -0.23660876616320814, 0.9580928871009129, -0.7652853292148887, -0.16152538818985285, -0.25231867542502395, 0.39838231852287076, -0.9753745212990212, 0.5146201618321429, -0.88585439219024, 0.5329714619374881, 0.3126499725744549, 0.492756702392837, -0.5161166482921475, -0.41010255616450597, 0.1799220662002814, 0.47424291649436445, 0.2818031134261658, -0.06755905921110839, 0.30376040659838655, -0.1567611039700303, -0.8859271228690797, 0.24652639243032026, 0.7590269763266217, -0.5700553418144394, -0.5385345899660878, 0.8209481097223859, 0.13764388719663767, 0.6478232577784646, -0.3730588748765924, -0.5922455908880124, -0.34119041389777416, -0.943992163563709, -0.18086635438175547, -0.44133857998647064, 0.3365711878311939, 0.5283902049480911, 0.6041805132990943, 0.9226014842171595, 0.5577548938497543, 0.5830352769716534]
-471.2165175158314	(9, 12, 2)	[-0.5896623789322404, 0.36457084942832674, -0.07295903178320956, -0.8357363924473457, -0.184299297215917, -0.6659356665846765, -0.1178354581263734, -0.5959138667652271, 0.9929876975062677, 0.0005821662684663276, -0.613145864076359, -0.1549921504433139, -0.718027354375892, 0.18186094418636628, -0.013563763574800054, -0.5577896566188487, 0.1393745045155953, 0.08720289037206239, 0.362067342283933, 0.39832242532818307, 0.06741245147875213, -0.7791102282907805, -0.21335389993614545, -0.15991590704171688, -0.254915575621637, -0.3118243477238911, -0.6278964112856722, 0.4737824438582209, 0.9592511105117528, -0.008467342518724053, -0.08896707283096986, -0.3616603436746988, -0.349802522987591, 0.5511264285124204, 0.7344658511263515, 0.19053417909978132, 0.3934052588641428, -0.035387708109998535, 0.1410392632720784, 0.355931779777225, -0.25709701815854197, -0.06410185332615874, 0.413945001106007, 0.2959550526147279, 0.15974629919221744, 0.20497435977723227, 0.2578300435239743, 0.31506233743073936, 0.210344516656595, -0.2025025420410042, 0.11790291984707912, 0.34367034243928907, 0.07251798793397919, 0.34613599306762155, 0.8644932464001724, 0.8129456480181145, 0.6511051781858552, -0.9807043348278077, -0.6529715318492002, -0.4724977111271832, 0.24818652620299947, -0.30605054594556524, -0.16052726551440058, 0.5131622926186903, -0.8648969620051249, 0.20493181455479745, 0.1545569387933458, 0.4327936443626314, -0.9024621983355781, -0.28773166240561543, -0.34732592207527124, -0.18830065367026688, 0.5092879497969316, 0.21954547500323285, 0.3431941954489452, -0.0674990568296174, 0.28352792078965994, 0.8945656382772917, 0.7373668277497348, 0.08013310001272106, -0.08768544983689336, -0.08790685605272663, -0.4350747968994833, -0.7401358041673949, -0.07311023944066097, 0.09255775493800328, -0.15133861228665169, 0.26120048006159335, 0.7355956385217127, -0.7496421761535258, 0.05232572153139386, -0.5382656981815643, -0.5196312166047603, 0.36502960490856295, 0.2966570993176253, -0.1403121554671367, -0.4690251699254471, -0.010966355150986457, 0.42564168670208813, 0.18791850554622974, 0.2751521331956222, -0.35299545987743247, 0.7337821699669911, 0.15978134907015057, -0.31656206889807853, -0.7765851204308132, -0.23712310130864805, 0.3411901829450993, -0.35499509608449936, 0.07864103133630028, -0.5926117156103319, -0.3401964333394682, -0.02831901800493211, 0.644277196956548, -0.1825818518356742, 0.372011041963166, -0.5013471890665614, 0.18657643486579015, 0.2796301259909543, -0.03274793854662615, -0.06498858875404673, -0.45385039012487793, -0.0764726055033329, -0.13043780862947393, -0.651980655863679, -0.269803985985224, 0.39046231970017037, 0.7825154943667261, -0.04756284400392419, -0.826696899341346, -0.09439533399245076, 0.4572616726451251]
-331.37913536460246	(9, 12, 2)	[-0.5905996129870809, 0.49785693111747686, -0.09745111450406695, 0.6354969750849591, -0.2451390627487539, 0.11891185646828728, -0.2629204737935128, -0.02224272696029525, 0.6121885158485614, -0.8214722741926795, -0.7602470008138449, 0.8944859252939334, 0.13426815949632462, -0.5764168911926739, 0.8928238960863376, -0.36540669462201836, -0.25976124033641124, -0.6301992916485146, -0.7133642273026741, 0.2399350381882987, -0.27790872267237493, -0.5490345092252772, 0.5271359675377502, -0.38649306566717245, -0.5682332420199725, -0.8464625006195693, -0.19115053004517382, -0.5562400423404106, 0.34299342453086507, 0.769106352151817, 0.3531601232049467, -0.2658551549449322, -0.6966071644530425, -0.20756868716813165, -0.38255655933665406, -0.7416746140074979, 0.05005163785562414, -0.38482505208804063, -0.11383131134857644, 0.07399234054299789, 0.036650944628420154, -0.3710271034993575, -0.03351424896545878, 0.551586337399019, 0.35501838803888014, -0.8314490328009043, 0.6569492467482007, 0.6677177852809084, -0.8339855570995005, 0.8703897972717731, 0.27881289610661825, 0.6282844241269514, 0.26466446777090386, -0.23118880485225451, 0.1151559171517374, 0.09971652513513372, 0.26703757150116697, -0.858179664350702, -0.7610116585643147, 0.8757000114805988, -0.23659567157747363, -0.1338808126207375, 0.2197953156384556, 0.018321426338525737, -0.4783473044961887, 0.5094592862852054, 0.02139754296462186, -0.22029468819368253, 0.810886900836588, 0.8356032524054287, 0.3344026588432331, 0.7711666220424409, 0.08151672555997619, 0.4150923579567738, 0.35718885888679464, 0.5397413461535805, 0.015098376090201843, -0.2541198769828814, 0.9557076021953617, -0.2792575032991211, -0.19755486792854213, 0.28631934010847526, 0.08554439518440732, 0.7456721668077405, -0.4774719640474433, 0.2850444953780088, 0.8926482011872483, 0.29981288952774776, -0.7581972479971107, 0.2645206839027252, -0.6304042635608335, 0.337250179150242, -0.4178790606517285, -0.39002023127905117, 0.7289835070233768, 0.07997020919198554, -0.14864476706272614, 0.6893900628995462, -0.0635315252998347, 0.5224909563304638, 0.7571933343268129, -0.19378596501125706, -0.15567054271910322, 0.2772043294108986, 0.4322389759200872, 0.6797021252715786, -0.7560626853023991, -0.574900649660141, 0.28329974125813434, -0.4078543980484386, -0.3280900407398215, 0.25362231442915123, 0.910857115195835, -0.22152799515733507, -0.7195313571706334, 0.30602299774529207, -0.5152997322778361, -0.8242426185282988, -0.2422683686293901, 0.1255146962542518, 0.5061309201626489, 0.695158750323515, 0.5552942251169322, 0.19022159154973398, -0.7069818103275439, 0.2180463487142188, 0.04063807948201461, 0.3181977876608398, -0.2192096514252195, -0.07142498441908288, -0.028990957961605848, -0.5345067798929226]
-338.70768571042765	(9, 12, 2)	[-0.4912784288851072, -0.15837156729119797, -0.23002337290006786, -0.05916087960665631, 0.008525782251524006, 0.09406979052023545, 0.053583258621986374, -0.17387862957880054, 0.029320999613170473, -0.3154141500849961, 0.1961616651813531, 0.12768749327104173, -0.37110390407494526, -0.14426732964301572, 0.38327332502844735, 0.432527070632014, -0.2988298061075779, -0.05701230914873153, -0.20266832077868052, 0.49916235134817993, -0.23849127204547735, 0.24816044389360792, 0.02906271196901572, -0.009367651641334879, -0.5192640880510719, -0.5767609050698673, -0.7271702780933271, 0.11085511162824133, 0.5981511591301348, 0.2062739296378232, -0.02250226982540144, -0.15106383023366224, -0.4230792877283479, 0.14656858158261138, -0.22380138082538606, -0.04406725844784222, -0.16121059745943284, -0.05253797392574039, 0.01947528125663378, -0.01141749350028785, 0.17693033318592968, -0.025526878485937946, -0.08295659611509532, 0.6179877305515098, 0.10624118929721008, -0.5866244755892566, 0.20348963402389889, 0.12660161406016668, -0.23495974321345556, 0.6085571820585294, 0.1857741058328906, 0.06816498968458984, -0.6423209750745132, 0.3554906605733941, -0.13069830200961188, -0.012516093156118735, 0.21717641074202282, -0.16372852599429805, -0.6530634430421004, 0.24900113609846092, -0.282400840764569, -0.2745581044028665, -0.20701957997010564, 0.4960920759985403, -0.7825533431392141, 0.3194469358809041, 0.12501168043985955, 0.321516493430663, -0.6343358408095545, -0.30564517654849005, 0.17929109446099878, 0.2818674413028897, -0.3867404742648286, 0.31174026443465563, 0.5179410854246123, -0.031687993186408185, -0.6789928771820833, 0.15128622355862634, 0.1025422378112251, -0.4030170204863454, 0.118997959910047, -0.2765040099096449, -0.10448629963965446, 0.2280595262562752, 0.28664787734890473, -0.5787231969304232, 0.28818802359579937, 0.3889556874307391, -0.5660925744692815, 0.21626521800654594, -0.06043610480592316, -0.03201821338462631, -0.1720619732553244, 0.3474333747746763, 0.4608822702400688, -0.1661418449873608, 0.11630007760869529, 0.5160674227837047, -0.5743316576936193, 0.10778873308660035, 0.5151004311403277, -0.1896286253996823, -0.10383639291009902, 0.26933811412967285, -0.3908936208577747, 0.18311016443532374, -0.531762169813728, -0.16464332721397115, 0.2349940816125272, -0.19575091117724755, -0.38627302405564523, -0.22762823574872842, 0.22265374620015937, -0.11073284011107908, 0.1353536259493631, 0.22479519680135981, 0.24245458091718808, 0.41288044780406064, 0.4098568578827766, 0.5448362664111398, 0.21581536172987387, 0.03470989943140126, 0.4280068219319648, 0.12238117675267887, -0.6885478125958259, 0.17527487936113414, 0.26103791743763927, -0.33165661072181696, -0.20218143801651384, -0.16635299524161956, -0.30963213599109035, 0.1921971397312482]
-419.52219545227774	(9, 12, 2)	[-0.17503618258111275, -0.338995650571884, -0.5266914318837611, 0.27461533910513913, -0.2512477494651297, -0.04306211604029473, -0.17470153097850843, -0.6070154087882469, -0.15711418623418102, 0.28092028276438497, 0.022937419101453166, 0.00019843116126334187, -0.09809321758599815, -0.21221733475324414, 0.08712259930737215, 0.15931719617856988, -0.5873859086562124, 0.4455744031061971, -0.08530177744888844, 0.12143709082271313, -0.23867776273355973, -0.025149452513274745, 0.18881872318139753, -0.17023765114912442, -0.24553013875917917, 0.08519154345128041, -0.6712645838996969, -0.12394482115316593, 0.34509029389612994, -0.32516988023004967, -0.2670188092058588, 0.1412520800201329, 0.33658883582722643, -0.03019283281735878, 0.4974734202877156, 0.24091632234656563, -0.1516078528232348, -0.18618200120580378, 0.3267511591690773, -0.14443273013522562, 0.04305458710141058, 0.16995315870336186, 0.44269270172017133, -0.48596582781099795, -0.21415209646760694, -0.31782023040647034, 0.18276038409798903, 0.0796989618275845, -0.10810653698805162, -0.010933940428682561, 0.22008611387183857, -0.18397186959867584, -0.4165545197376961, 0.33430397345546925, 0.10301980471036856, 0.17874881378453472, 0.3598997293399074, -0.10354333555202203, -0.49505331671437325, -0.0924015794953443, 0.19684103055070334, -0.027160627148095667, -0.285262375733033, -0.2690290662856381, -0.1320905554458362, 0.300473367150845, -0.015505314475407934, 0.20556052455153437, -0.03944248508471767, 0.27706220881701094, -0.20504009144191515, 0.3506867978578989, -0.5600704348420101, 0.13597569688114003, 0.27795246403215274, -0.3630284918682993, -0.16838270297050278, 0.24698090616608417, -0.22317722475904184, -0.2678859213985708, 0.3920978219577671, -0.3932188373997796, -0.20191179237965293, -0.4696453479867786, 0.5684682279683422, -0.0036327099015327387, 0.06643588013762082, 0.5704471086376227, -0.298524690674478, 0.5731808716439333, -0.13125272652544234, 0.28253162040645763, -0.18650285558970126, -0.03144775772535686, -0.11211828076294286, -0.16823428943745086, 0.26248860425752646, 0.22003650235310973, -0.4090659093773827, -0.4127485544772417, -0.039150235804822534, 0.31758117099971184, -0.3617633698741136, 0.23939551093849964, -0.05422725326244878, -0.32598267881859855, -0.15200702549256623, -0.15815250669587042, 0.22043630647403395, -0.03683685311709575, -0.1177177500857012, -0.12062592531631601, 0.14341930313268691, 0.22539850800821204, -0.18960444350503303, -0.23582161162940535, -0.16096195697933255, 0.12006658210267149, 0.4725267843711927, 0.4962966471005925, -0.18967044728641136, 0.4118850435826148, 0.017769909740818594, -0.5370387090368016, -0.11611549329317769, -0.23094981132733045, -0.43668395794982867, 0.42410030547808386, 0.5440806522390242, -0.024456416777748277, 0.3981985614041785, 0.5355021293945623]
-230.14561048324302	(9, 12, 2)	[-0.19518398141827623, -0.1591391851966748, -0.18430724848788166, 0.32965463519502414, -0.24882889581826384, 0.006881238139179244, 0.019835804028504496, -0.46636459842265815, 0.2019324277018792, 0.056434232225220086, -0.18790722641225502, -0.04070231713253137, -0.3232303612510222, -0.07019942484755484, 0.4366904200508247, 0.3467598870983704, -0.2113468741279144, 0.11368995218974015, -0.33064511720603146, 0.4146518419012748, -0.2848066669527923, 0.21802008598405978, -0.04644222612272263, -0.4062936220226151, -0.13720874899853983, -0.5483565365132854, -0.5872593447511203, 0.012920669668061054, 0.42523157974421855, 0.11169685083511913, -0.43881073852630953, 0.09287870912012822, -0.48787040468163195, 0.1646071245686803, 0.3802422474090791, 0.031089353688239584, -0.18615790736403362, 0.16323729223347205, 0.33360028895006794, 0.04944437362680468, 0.0643479482198527, 0.3570470205934067, -0.21035082077999173, 0.12650032253221685, -0.31972472751083414, -0.6371154077629656, -0.05675483284335278, -0.020776018465938496, 0.12209869308024326, 0.4366637083745094, 0.10146207633492915, 0.06106018302287441, -0.3182838543827568, 0.24988578275230772, -0.4432916611009518, -0.18936211157736477, 0.34885182745648946, -0.25823646837912206, -0.07027457444816215, -0.0942054817941694, -0.11100616443550007, -0.26760680301455264, -0.29694731980089817, 0.3726428778967726, -0.2259409303768864, 0.19917705769699778, 0.0670361923926671, 0.22556899296334942, 0.28657712494164067, -0.1585924660005123, 0.009736648005597943, -0.1513519929629371, -0.055620569789990165, 0.4820356683144677, 0.5770570154665475, -0.12761450132468777, -0.19086515370534168, 0.0324851617072732, 0.5500453400704247, -0.06739420478562547, -0.2270191772873345, -0.18743840074464735, -0.20507838020932578, -0.291816943419051, -0.47117538195452635, -0.4134424290127191, 0.5634523559197265, -0.12741909711926266, 0.13913178835907059, 0.1538780691936245, 0.09298452559954404, -0.17042639306508614, 0.026877199326041525, 0.25734091650081, 0.01727913828828625, -0.24811328232696633, -0.05116820565288682, 0.0022720780898637938, 0.4025813817242522, -0.06883517210810844, 0.4787845893898093, 0.32364328060190434, -0.32058601797175745, 0.4034317996013279, 0.24747237564762614, -0.19343451674103712, 0.1023067547049187, -0.3719350966548772, -0.02548851594758398, -0.22754087651761823, -0.007245327576223093, -0.10471858923227044, -0.056575178475273935, -0.35262603134067955, 0.2225458948247862, 0.09359171467389578, -0.37562550210415363, -0.42725318520140143, 0.4274970213299969, -0.2708873756535281, -0.11835111275575516, 0.29439002217424265, -0.013791019006775746, -0.05474316609538184, -0.15724028342511448, -0.33283463026490834, 0.021213601211570482, -0.08244067882510506, -0.547384451271608, 0.32310244294598767, 0.42190668385449304, -0.2494095557139808]
-449.20114732650035	(9, 12, 2)	[-0.26292821877551037, -0.287285261967941, -0.40465226749524597, -0.009886052115565262, -0.15501355404413497, -0.304055939238437, -0.1761712033621819, -0.34379082152920404, -0.12716111145335646, -0.41672581585571056, -0.48611274851956576, -0.12708737513652532, -0.2180592656044204, -0.24022699557140198, 0.3870154048385591, 0.28795362992483503, -0.11245338639578298, 0.2194048894693681, 0.009440940592539596, 0.5128730746012575, -0.22962727910592534, 0.10507333994816602, 0.12333892870490067, 0.004110627921927974, 0.023702952651577555, -0.039686762015950464, -0.19851685622016962, -0.017961639951627528, 0.26693396958939675, 0.006806525883399234, -0.1887933508461738, 0.05194543093114823, -0.018986166397171614, -0.06115848223722782, 0.26310337889033697, 0.11157820922574684, -0.24203393254143415, 0.213279316202819, 0.1067528803581865, -0.14727880384212264, -0.07753840935144997, 0.1318316283415044, -0.11240702391399078, 0.0949943145254404, 0.3534358141580276, -0.028634944412534162, 0.27359847139370497, 0.25646253516014744, -0.09207416694933991, 0.12444981717436054, 0.04511714213102917, 0.053027456776631156, -0.1410035068130847, -0.010503190740509337, -0.18003565656975348, -0.1817252712427288, 0.17387040545211774, -0.2768256248594967, -0.3248417303747949, 0.004109190299282861, -0.06797506335540779, -0.01603890390977212, -0.12983495681333274, 0.2872991681089789, -0.1926293860467037, 0.29967703211652674, 0.2227611883316707, 0.04612548565062838, 0.29299160284708414, 0.01877424628930748, -0.3920405005303243, -0.38046019323675495, -0.04062098380599749, 0.20411266557390245, 0.09542557891913765, -0.0078093134814597315, 0.11195219559895497, -0.038415896850005675, 0.24958576345356992, 0.3190462010395449, -0.14104235715623753, -0.03518458160104182, -0.009321831549993956, 0.13767382333826045, 0.30081646838911, -0.39437873041304883, 0.1653014284941672, 0.09479457420244691, 0.3791651481257632, 0.17528890514296003, 0.06197609600031188, 0.0035830745126280844, -0.08041390280407112, 0.08403958162556109, 0.10535355550020378, 0.10076635711592097, 0.10301213075941766, 0.044003246458451176, -0.09061365569935814, -0.40919076120854475, 0.38606863087242266, 0.2864188914962883, -0.5766330914603275, 0.39733692636672163, 0.007962187125839258, -0.18634279844678758, -0.08828084072247061, 0.3428618558850811, -0.04995877417839052, -0.2337790810572712, -0.5932914025701396, 0.017292020881228873, 0.31101979454490913, -0.39233556713097806, -0.10864434342611522, 0.0980012993280235, -0.2773496492914159, 0.24033645313751373, -0.02992453693529612, -0.2877704041370228, -0.061560215836670755, 0.027590642416274208, 0.34548270087461835, -0.11635270934820457, 0.011318548404640388, -0.2759870662172735, 0.12400254770326131, 0.12172972440716048, 0.11270283094043682, 0.0649639035083908, 0.0682789810751353, 0.2695706621021903]
-323.06107930790876	(9, 12, 2)	[-0.1344415107646782, -0.09467411408875345, -0.5152595200492851, 0.14062514740365145, -0.2738033927074208, -0.24693419598112298, 0.1242050971719054, -0.27291290659925665, -0.01127573151123032, 0.16020074039554205, -0.2939584897025446, 0.3212219952624172, -0.21849787713137064, -0.12795021392590072, 0.4296172506456328, 0.3836915992890795, 0.09192703948021162, 0.05550651670772336, -0.16009428800651626, 0.30500251030813097, -0.08439932259158772, 0.006152318475994775, 0.15028009999624317, -0.2262985368896519, 0.054791240325536825, -0.12110373081837067, -0.09602686319333964, 0.15144922104543124, 0.29509597941770005, 0.2774318389808339, -0.31014153437754705, -0.002261091502040208, -0.017246377778929692, -0.04291384297449148, 0.06506237208802197, -0.2065811113343726, -0.0848072412565429, 0.1634579464197518, 0.24349635101636274, 0.005989131050765034, -0.1058174033950812, 0.0026064013858825424, -0.2478766579325648, 0.17770098205813545, -0.08678888961012705, -0.21488443991685224, 0.22298027105314228, -0.40949745778267377, -0.003653104315683345, 0.49074111844453683, 0.1516864152423693, 0.3024814493967472, -0.23761927492645807, 0.38023353591385384, -0.18091621965428664, -0.17798196475573566, 0.4064254958075892, -0.24027311698020254, -0.2620584542096236, -0.15162319224190235, 0.03916287090567036, 0.05541455115349129, -0.1900896149328674, 0.07021761728895061, -0.20169423409515888, 0.4468286650378907, 0.055325549768773845, -0.38453727097125123, 0.1456312716440759, 0.03513022085874895, -0.03207380416789024, 0.06938150255097966, 0.021647785238861125, 0.1218728462117046, 0.2611116472580793, -0.21774265799051393, -0.14515987928125937, -0.16520019869637015, 0.4981277065347094, 0.049402766434878245, 0.08175341538285275, -0.030688202842032174, -0.0053320993823162965, -0.42942919464033324, 0.10231849064634854, -0.24195251161630865, 0.0024017188396534914, 0.23628547062142408, -0.1167802966307773, 0.3348690851734884, -0.038294261806057175, -0.21489310694267022, 0.06294140925090286, 0.21787826080699396, 0.07731689566868227, -0.08019107003301212, 0.047355184197535094, 0.4744271011590613, -0.14953085633089114, -0.16384431879828507, 0.43704906149183254, 0.27096305710626556, -0.3856039666036834, 0.38194927989208455, 0.0881160043995406, 0.23329467022353537, -0.029998944319535998, -0.08756338887541246, 0.16344002086854312, -0.1495899543990025, -0.21600299833533498, 0.02143455676890614, 0.2043994703838758, -0.28058733862324536, -0.08678078125703104, -0.006975348181612835, -0.1378726361327418, 0.11217872400906442, 0.43802605891742696, -0.10357232565579393, -0.3393910578993432, 0.22171415508676479, 0.2825364312742823, 0.19473334035580697, -0.293780419425899, -0.10665968809482212, -0.007344141295283897, 0.13709740745065688, 0.33432933312193636, 0.2778980824643609, 0.35229110610197156, 0.03564927522632402]
-282.2219396614436	(9, 12, 2)	[-0.17632102182565124, -0.11079984646197856, -0.12830119492621567, -0.06169927953865373, 0.289076742472955, -0.21799019730983146, 0.1624874327276734, -0.20557142188172928, -0.057515392551627756, 0.09091711761739242, -0.40125138744167566, 0.1822777020131016, -0.21405308755387106, -0.06684918794566788, 0.371093783106354, 0.2680497584817437, 0.09181018543053768, 0.11998345372319413, 0.06111211485796906, 0.36188448309780663, -0.16431526067066216, -0.04313481098741055, 0.27459440201454194, 0.17240473538666126, -0.4331985145515497, -0.3380609530063742, -0.01589845640622698, 0.05352937881696446, 0.3459146508692643, 0.1810004205328369, -0.039892569378243835, -0.1034269070865122, 0.005914085420174631, 0.03340584843972261, 0.25414591708493783, 0.06991318198829449, -0.0053568722243963855, 0.02661522453049228, 0.09333764206662595, -0.04389774779590076, -0.14886270920904, 0.00330950761176194, 0.02019688358613117, 0.06146051714127302, -0.18829305102027033, -0.017514760651765778, 0.10160500721488033, -0.14908020717430648, -0.10356918610712493, 0.3442526457801607, 0.16532051945567405, 0.24554381262909214, -0.2053829693615523, 0.23931803762736978, -0.02104251626890965, -0.057306886035688426, 0.2895206063037258, -0.2921882989551045, -0.12067767553026547, -0.15382498350509943, -0.21493159937223055, -0.07722498899441792, -0.026739120057766817, -0.4087286567380601, -0.213295131960508, 0.24629495866409698, 0.25478251794126916, 0.2106686856441684, -0.08395186081870559, 0.24073421876851153, 0.008032706900383794, -0.30368682882474224, -0.018952758067110616, 0.3003036667226181, 0.2713444192863917, -0.004763145874290818, -0.07326024694447757, 0.011785720226749587, 0.33430050944205847, 0.19488282404878302, 0.07141674092748666, -0.16123942360168367, -0.03906967515628131, 0.021142726401710984, -0.008810444819514741, -0.04721879541123796, 0.3664590701931512, 0.00589916512452917, -0.18758709514315514, -0.05185772429508463, -0.05843348679973791, -0.06750770211197714, -0.016779289790618337, 0.11531121092875023, 0.018958022588310974, 0.011267112814076836, -0.15921316772278812, 0.2129762525165041, -0.19792989398197675, -0.46570491106819345, 0.27474714834146113, 0.2485228885458424, 0.005079733703363825, -0.0717011647603094, -0.13610851690937698, 0.13853992812667945, 0.2066218667360713, -0.06900617986850899, 0.10341384286732587, -0.09207627780327654, -0.17026106021417514, 0.13362203809153944, 0.03938426095803666, -0.1259456260284809, -0.11814435794030308, -0.060221529067184365, -0.17536844059672058, 0.060252027688801335, 0.1937988370026238, 0.1225990804326253, 0.05309742606618259, 0.25612536277292586, 0.16740558087657847, -0.2092631834441456, -0.08095171934082371, -0.23300024678735803, 0.07666669641619196, 0.03084158030851873, 0.17075887333809986, -0.2478714520770146, 0.2481152182666575, -0.009990643862154012]
-182.39472583086615	(9, 12, 2)	[-0.3062070577996301, -0.16953173579801903, -0.3317011811966737, 0.1554158285449936, -0.08386163636650784, -0.16890122198570887, 0.050432136204471886, -0.23558290946244906, 0.004236898809209244, 0.12251965193117308, -0.14897683255736927, 0.09813452380273799, -0.2419439377101328, -0.048348078987057154, 0.29423262338465805, 0.18222601305927633, 0.24565623337561918, 0.14540844908366066, 0.051140117258011084, 0.31996093149808713, -0.20073758066475297, -0.08557572100130809, 0.0192856354720652, -0.004012010540743835, -0.033387201777545755, -0.18232613962760313, -0.28745418497278014, -0.3225805454869239, 0.20845046649165472, 0.03205810810336651, -0.1696368101441974, -0.03893871889317746, 0.13605205205835497, 0.0204242733603403, 0.30641318224039915, -0.005998348096538909, -0.1456748827884689, -0.09679812948446606, 0.22439051464482299, -0.08960538736867318, -0.11557835967538332, 0.19145663209051084, 0.3386795508177542, 0.07383206733479071, -0.26609451526208716, -0.10124351607186177, 0.05514863949575655, 0.03147437240514929, -0.09986522095626423, 0.4042113327989255, 0.2435310355899638, 0.3684441482589052, -0.20086257770401564, 0.2583066941340457, -0.24139726310852083, 0.2088587529596603, 0.20580785840254562, -0.3104578018398434, -0.24205009161789182, -0.16293826572645512, 0.05369848616596677, -0.10631680000534681, 0.034889354864759525, 0.04933337060714074, -0.3840610866509211, 0.34676055840438613, 0.01302237902631773, -0.09586450392550594, 0.05470770133544534, 0.17799172249556, -0.06593254718553937, -0.22479862508195111, -0.13329702367485366, 0.13137386261342393, 0.241816529197166, -0.13718649102461078, -0.13546313632060739, -0.06955063021556912, 0.1619480734666353, -0.051498688957423065, 0.0982051050430221, -0.2356968510085768, -0.13877439973345707, -0.24260445951733386, -0.24775895609609347, -0.11753015611351153, 0.28571276709701166, 0.13811291999955735, -0.033728149970413186, 0.141128771854208, -0.06036932228661313, -0.09696189365838072, -0.07428309311625284, 0.1709300796141128, -0.10929312482567, -0.1347450552528713, -0.1452237075803749, 0.18063730298895098, -0.1109688761444778, -0.13011415740520438, 0.10716061275609409, 0.14968540743896583, -0.25397274731201824, 0.10262235042877138, 0.03984487786117513, -0.20895354886533174, 0.06969212004150376, -0.1936424272896946, 0.13680744307786769, -0.19479050043843832, -0.16509619207007756, -0.041168914662157836, 0.08760007683653283, -0.12068530123124198, -0.09587282326515847, 0.006393260965324547, -0.16830265798396807, -0.02775334426556154, 0.4054359160129754, 0.1472580056945829, -0.018997564804878082, 0.1278720893878909, 0.12382835579612464, -0.16079756428404524, -0.13984051155209104, -0.13066158909039036, 0.025363081655861448, 0.04161722497578811, 0.11148696143965328, 0.10162348454274407, 0.371807076385755, -0.009739649953190238]
-292.57196892997166	(9, 12, 2)	[-0.21873536526728182, -0.21039758978070486, -0.19371821819089535, 0.1569137912816081, -0.07757514125518397, -0.18890041471896943, 0.01635872168366164, -0.25060968277801765, 0.009064007182685449, -0.11377101852642794, -0.1955374992124864, 0.3613930477815557, -0.1712669943608445, -0.1293497486271042, 0.4510279844405628, 0.33201717223244276, -0.1803113221790972, 0.09570061165755188, -0.1448844689104593, 0.23010003288440328, -0.11746001555699015, -0.15893016720082281, 0.15913234184738756, -0.1980662585979419, 0.07862233228758617, -0.14482964996891504, -0.11032159024879754, 0.09468488387900018, 0.23263638260594116, 0.08143934749549972, -0.12047449390798069, -0.12790127143271918, -0.07523675119062573, -0.05953685242494629, 0.22488985136387998, 0.014056976105995725, -0.22843298275049878, -0.08492092073950742, -0.020960578306431832, 0.012754105854611642, -0.10216067338661722, 0.07845621523233674, -0.02429037247215466, 0.07346597619517284, -0.05277752298166778, -0.18916571100696955, 0.12547670929518856, 0.297655783382105, -0.11588995825738135, 0.3303577123818185, 0.011081673754965743, 0.3042622309752197, -0.26205587151874266, 0.10732380368319162, -0.051049959789229715, -0.022222324011722243, 0.2961543653599635, -0.25343055804597925, -0.22515567563195896, -0.0744128717453131, -0.05448911384850352, 0.07693676263752713, -0.10640989618178939, 0.21208614097157266, -0.30428890443145284, 0.29333129561932964, 0.08629954590005956, -0.0688422365345395, 0.03650079136566929, 0.04788665254345689, 0.12462671564534951, 0.07801154742234312, -0.045656151632960974, 0.1995832875282228, 0.2338259434547949, -0.1874397529247318, -0.18568156017255494, -0.18265000413693533, 0.1868159070853888, -0.016518160697276064, 0.11164942842488117, -0.07061963967082471, -0.03902081239359542, 0.005173672526294429, 0.0479857159673069, -0.3076881101099491, 0.2503557789905201, 0.3182729471851813, -0.27443423501431, 0.15466980925856014, 0.027369567555472964, -0.122156151978886, -0.03313080163534154, 0.06666550332155967, 0.07389917382149236, -0.07577454804749764, 0.05134234659550947, 0.2445061138035545, 0.04860535681864978, -0.0937282882587373, 0.19359204649925688, 0.16380653811579277, -0.07151655134124217, 0.2018195656177833, 0.13952245012344283, 0.4463289797992336, -0.04252248091379113, -0.07240102884940545, 0.27091675056233716, -0.2131872204067996, -0.12201750150675358, 0.0407168114797341, 0.21496196113476979, -0.17857595254637448, -0.10001512641923314, 0.08937745373895535, -0.1957784615956317, -0.004345773035797392, -0.06696002841500315, 0.13869275333379016, 0.058763012624266496, 0.15719915968875192, 0.05434208605354028, 0.034046231904089085, -0.27125005615547376, -0.13691443994292396, -0.06121084546314973, -0.00632790477834972, 0.16520872051996852, 0.050695562399302604, 0.21806317045871157, -0.09332295569134173]
-264.7540307300626	(9, 12, 2)	[-0.29281961596669714, -0.2346265100958143, -0.3075492202368425, 0.18593520807446992, -0.20116411457691155, -0.18753813563655092, -0.0009680392975875414, -0.10923543458045877, -0.03953891918431858, 0.054582116497699014, -0.2643694822318452, 0.18333571810757476, -0.1943652745466729, -0.10234142585627053, 0.4339140214468944, 0.3055575782379878, -0.003466181763545453, 0.17898401345496034, -0.17366926489098417, 0.3068655563278907, -0.13689229208994264, 0.005312789562211272, 0.12845905009806002, -0.11415725620319753, -0.11940267313920319, -0.1572475605161245, -0.12299862442244189, 0.0626519952528682, 0.3088701237650572, 0.18540400365349202, -0.14594854129817036, -0.14566890162143406, 0.047542662652480944, -0.002476692913436253, 0.24248100664203137, 0.012600197975980248, -0.20888275477635132, 0.042233261563993305, 0.1773439904197324, -0.041281552019097036, -0.16459123508040613, 0.03415600681978568, 0.04829284501636478, -0.022118488958550925, -0.16806237948404237, -0.20798827400150843, 0.03868321172569314, -0.0549829501110762, -0.050441995990411645, 0.3613311618681517, 0.02000981506405607, 0.2752296833189885, -0.3064330680063094, 0.09477767245486954, -0.09848005420245734, -0.03726420925351491, 0.29857876646088094, -0.20483810573342123, -0.278773326369029, -0.10764736898917643, -0.07817094191704665, -0.06844157236543696, -0.12819981096322258, 0.16170962927741367, -0.07370044902518397, 0.30247008512257945, 0.12154347667115908, -0.1276662334161747, 0.1427086864477918, 0.045336127054534395, 0.0607908208753695, -0.029006033551353907, -0.021013606107602157, 0.20258928367701523, 0.25653028895815433, -0.17216696537413537, -0.17017279104070573, -0.14693895509021448, 0.09975334940173, -0.025652302069266573, 0.16362374718934194, -0.11458589966178982, -0.032058009687610786, -0.18070365181047346, -0.015340924890316788, -0.27681102789250706, 0.3150616017178084, 0.28385012424928846, -0.13017415179287536, 0.19954345712532023, -0.03108323707774726, -0.010058237654448122, -0.03412805098722697, 0.10253911967267257, 0.08427513606284648, -0.09725225268792564, -0.06805618901728552, 0.2257537340585807, 0.06924330942879749, -0.1726915837040825, 0.3430510992190977, 0.1709217851292285, -0.083316150923524, 0.16391074415474075, 0.0867453279284562, 0.13691929038918393, -0.031719729377344186, -0.10675865555439007, 0.17304350509184518, -0.17745611868907696, -0.07832910947568913, 0.08884784393409141, 0.24272710149193938, -0.20615853464060174, -0.10670839721023481, 0.19515611544525255, -0.1566336742492167, 0.014947622878943948, -0.033042421629580106, 0.001391016871966768, 0.05313140336612575, 0.18086093405519893, 0.13897186254229482, 0.08105314843646398, -0.23607305115606436, -0.13084871235773085, -0.022041680634209047, -0.029296053587945424, 0.11506254179334603, 0.07164871821333006, 0.2746523979511717, -0.028995232872106345]
-283.4009319106641	(9, 12, 2)	[-0.19311982796167676, -0.19509496839158563, -0.22107112808289045, -0.04593056876519673, -0.05683529943023763, -0.1485625472637778, -0.003860196605727978, -0.21115286390036458, 0.04490150250656681, -0.10182592975104791, -0.22934140055427785, 0.079887038112872, -0.22538347138781667, -0.08379917967930194, 0.3563338690055038, 0.2619915901217238, -0.037926619831323186, 0.1094052595417346, -0.17081187910040765, 0.3281188791029967, -0.1790877559884363, -0.06553660637155737, 0.039762392646942805, -0.15468866913961335, -0.02582609436118785, -0.10749966178860039, -0.10872872140173775, 0.13446256034264925, 0.21361500004435496, 0.09355107746112051, -0.1484065719429947, -0.16240336945314027, -0.06054568558765468, -0.027751513426356185, 0.3224059307533536, -0.0334283948640179, -0.1997391102136079, -0.06962715149861007, 0.15643328568932469, -0.0162932704116542, -0.10618793498803006, 0.17991374268530155, 0.018029895453380733, 0.025269921090023847, -0.20206112659828937, -0.2016168518389218, -0.017802292229186837, 0.006404970713570135, -0.08518275176608513, 0.34036085805653316, 0.14925625060738473, 0.2406823590424605, -0.2907613371145366, 0.12203514728287106, -0.12358059003985358, 0.010329905784097655, 0.24182905371843572, -0.264516421382955, -0.2256554732065016, 0.010605585982461025, -0.0021931621145208358, -0.04896569508767272, 0.05631074735119669, 0.1499081616605552, -0.1994736820761551, 0.3043289672200599, 0.10615637323891561, -0.0982631537253706, 0.23576539085997225, 0.015444356803290801, -0.013443396293873434, -0.06894745711165202, 0.030911141008959274, 0.23854133568722496, 0.21284363445407745, -0.12997751894493917, -0.219386891749131, -0.1659760726008041, 0.07930295438227097, 0.04509435893182244, 0.13924726273604215, -0.13751305019741633, -0.05312781955598731, -0.10300639848761559, 0.05828408822659589, -0.2188038775467835, 0.2457866551821372, 0.19017514264168858, -0.011829632776946382, 0.10514047808597325, -0.07783510508776822, -0.024355408499955312, -0.03388297155046057, -0.0934385223868194, 0.05751828031950981, -0.15633867289806797, -0.05918124766678243, 0.1334496327586439, -0.1580664699951018, -0.06321520600376399, 0.27225603155663064, 0.20275184824419465, -0.2635117763737638, 0.15624837830524374, 0.0724662394023202, -0.047567954906498525, -0.051018963241867096, 0.020464987072547347, 0.0029928061536233994, -0.14539009629268507, -0.1873949055800359, 0.012127212384116043, 0.11411895668894814, -0.15414833098503128, -0.09784301669717162, 0.08270363846568676, -0.22516556628366263, 0.09052353555055603, 0.10033693163047752, 0.15917906688395525, 0.11577241353119139, 0.14585584630585088, 0.17320598587043268, 0.07475809002950516, -0.2655202965042937, -0.14671441932701634, 0.06774958349831321, 0.020955999826499302, 0.06851861696248523, 0.07537830119411615, 0.24945780156299463, 0.012122592368804789]
-528.892904618705	(9, 12, 2)	[-0.28579174757217235, -0.23756746042163324, -0.3311693822422689, 0.11842602350164173, -0.11286661653369784, -0.06793487307933457, 0.04440175455736945, -0.17066120567715912, 0.01218644899985485, -0.05801953476247373, -0.3644130793876162, 0.1349236173305947, -0.23885589831508225, -0.10620335989040772, 0.3994827658381791, 0.3188436795599371, -0.01919489958659589, 0.06617804486408156, -0.13610035351322983, 0.35798234885744085, -0.18124905631341712, -0.19061813693949395, 0.19587657466455666, -0.0895668598114851, -0.13066246684504582, -0.06274946924521826, -0.12572454796176358, -0.10717929810630057, 0.24894819720980554, 0.09171925646942267, -0.19888381972454935, -0.03726035864896218, 0.04162218823026685, 0.0026719074306049747, 0.2669625205762035, -0.051680417954658615, -0.15902019352966723, -0.2106592704314732, 0.25741727985430607, -0.0005403820041307936, -0.21432225534886526, -0.06472357275395219, 0.11784959646184977, 0.11253485812009963, -0.11649989150779538, -0.1462732028769356, 0.0630358235335413, -0.15132985508447971, -0.018114145211872983, 0.27292296650531905, 0.017267154607752133, 0.2562484135336392, -0.24630031805357522, 0.14708422342091182, -0.10851735599119057, 0.0906104934178197, 0.2528836287191912, -0.16747756110387316, -0.2766621102811669, -0.09354979276368608, -0.06562819916012572, -0.02025702024298105, -0.0055864827156355615, 0.026467158708453155, -0.29528961668865655, 0.29579546797151995, 0.19979841048154054, -0.17110846610800096, 0.267073150996127, 0.06196445171354426, 0.05266345033692684, 0.032186937672430076, -0.07462034374865745, 0.15286020380222862, 0.21157999716556578, -0.20162636503490144, -0.20895137681519135, -0.2125348444105586, 0.17437405600243266, -0.03127082309939087, 0.26308505542685856, -0.10366315766951026, 0.026355421863099915, 0.1066977913381872, 0.033554939178859836, -0.24645506327103683, 0.3635860897636798, 0.19351104542043396, -0.17896521143982524, 0.1142304730804038, -0.0401803071574883, -0.047660827971464585, -0.11855594533834529, 0.08563179801288666, 0.12013343382447689, -0.2155556074638303, 0.018481542169535244, 0.19719106706340955, 0.0518919888578459, -0.10697704092326876, 0.22528693124858484, 0.18166475249034367, -0.03291660711721336, 0.15673289258115153, 0.08330601933645936, 0.022041521424958084, -0.015421533634218857, -0.12210303184351845, 0.12074670457901913, -0.20631238905356036, -0.12444469697355491, 0.014847931967530587, 0.21274029871830186, -0.23964801908233344, -0.16322327920532637, 0.13369054136179231, -0.16287088983969256, -0.00048725639724753016, 0.11802654926359316, 0.007576194447194949, 0.056330875030613084, 0.05929604800270745, 0.0648944372459962, 0.00815308782068307, -0.251915405945562, -0.2176189416639043, -0.0008739298388351566, -0.004031035117467092, 0.11031699318577136, 0.0025213542197962836, 0.2683509407368932, -0.027826141755221107]
-540.9674570351212	(9, 12, 2)	[-0.2486281262089004, -0.1747072554631243, -0.2268522867307988, 0.18636559702276026, -0.1310626678923516, -0.0956425966355066, 0.03166968427473853, -0.20746524204126437, 0.019042360129579286, 0.018906682157908097, -0.28887599030228617, 0.18001348196637962, -0.2262878524703934, -0.09970067046912286, 0.39414509973027484, 0.2679051432716265, 0.15968105327654908, 0.07117288504627443, -0.1322779545001431, 0.2871433045025126, -0.16386938189147754, -0.13542864778607844, 0.2173602433752502, -0.1786759029184722, -0.14782461392672136, -0.156263074221133, -0.15224237951398092, -0.019302386868278253, 0.23171366818177122, 0.10084090894944622, -0.07620042193132424, -0.16432330227524972, -0.06830749375095842, -0.014017942758745162, 0.24244836723818441, -0.012410251728104489, -0.15979161932923547, -0.116269802718523, 0.21259167131766607, -0.011113587383218023, -0.15760706653019713, 0.026744983250792914, 0.028011618809723873, 0.013736105906907258, -0.12212760680680883, -0.14119265566785622, 0.08412295501104342, 0.06409628100693673, -0.04773622735486513, 0.37452420294446553, 0.05699913691613541, 0.3052055206983645, -0.2745328193267925, 0.13362561771806414, -0.11193173571080586, 0.03312955595022692, 0.2692306185434452, -0.16606592460784955, -0.27075416909905575, -0.013847808212218937, -0.03858036744461464, 0.026477670790320065, 0.002351971145278091, 0.013936216110687832, -0.25254418460916855, 0.25902379068839443, 0.07652001332127696, -0.13614059952884644, 0.05786679228740236, 0.05461321834828009, 0.056173604238371894, -0.09265959409748642, -0.06576889451477363, 0.20679559797309816, 0.1455551150926318, -0.14246367349389977, -0.1910676633630109, -0.15994267026092127, 0.263560088697466, -0.005920380454668498, 0.11371781342405174, -0.17357226053684938, -0.01828784773077885, -0.07495961468709306, 0.005351020630054918, -0.2074762948326142, 0.32816455692233626, 0.16443307740722415, -0.263110005327983, 0.14961906143827053, -0.06196330133251096, -0.12160456465563296, -0.062148773880179475, 0.1138364376824719, 0.05060989060178997, -0.20074335790044098, 0.005500926909938459, 0.1640881734828369, 0.005411770268522364, -0.17450239740687692, 0.24776833388783676, 0.164756814766704, -0.21021081963032395, 0.17892789290735978, 0.08211741961016583, -0.08439394513213061, -0.023121336109176417, -0.06286985956766233, 0.06424890919111606, -0.19302267806926351, -0.12930051921475338, 0.06230480099543479, 0.14726454883439577, -0.22339344365253144, -0.12504942210265418, 0.11833429394631313, -0.1910539010655337, -0.01199806328451591, 0.12629994091120217, 0.07222628341327535, 0.013200733872956744, 0.1658469552425823, 0.1279546847827342, -0.0025279213306760757, -0.18200782195325058, -0.12449258979973007, 0.011965850905947466, -0.024479054121838012, 0.08572494319083161, 0.042652323736894183, 0.3028472619164092, -0.05870162454627606]
-314.9314546149859	(9, 12, 2)	[-0.230492417016553, -0.20553018336825973, -0.22529882550091185, 0.05695138951833976, -0.15105497548187732, -0.13543825774454404, 0.032639461119077756, -0.20990990793010744, -0.012917677534702307, -0.025475087128346775, -0.33142428549026304, 0.18926165633501055, -0.21537654097549083, -0.05314324993907843, 0.38113796880569206, 0.263392631171337, 0.03285817837986604, 0.06740003498045183, -0.09356550597048575, 0.2692205615928851, -0.1936724652082204, -0.1067317767237913, 0.23776935693063328, -0.13611618634410516, -0.09396777902973255, -0.178887409169383, -0.10111513604286324, -0.0069455245448588904, 0.23816744005600754, 0.1689527819249116, -0.13575016252037503, -0.16666718668456815, 0.047186126368930305, -0.01199234122662289, 0.26492637461239077, -0.009027283474109252, -0.14659622610674525, -0.12106352653829333, 0.2033713543693647, -0.013979322694295655, -0.19253253300206746, 0.06804060479365126, 0.06302592943086034, 0.10680110374885245, -0.15323410706806886, -0.1230103297338867, 0.06837942838613918, 0.028529658484880427, -0.03526385175478547, 0.30297084196655943, 0.042460114140151994, 0.22331941601561153, -0.28714958607419705, 0.16730614566219182, -0.1324169670218941, 0.06600197526293783, 0.2617776067924737, -0.22077886393786053, -0.24945009124475412, -0.06157011094937696, -0.07140581423533471, 0.07054984364509953, 0.012654142937653915, -0.013827833560343703, -0.2532403675673211, 0.25815331018958654, 0.12957836334951603, -0.2187640869619122, 0.17713856653175453, 0.0332976139374376, 0.08137796988005946, -0.02673420968170225, -0.11890155725773535, 0.26832072056769823, 0.12708366011668717, -0.163783785005845, -0.17531255187825462, -0.145931428442523, 0.2181682940010337, 0.004431601532017539, 0.14413100755268715, -0.16717958187377813, -0.028142793267779506, 5.749564237643315e-05, 0.026950953679444483, -0.20696109496583098, 0.29146963735295456, 0.18098801916677704, -0.12764646714219233, 0.12983047085176322, -0.052580404837986316, -0.12053185752909742, -0.05784503439142757, 0.08728063696880106, 0.060381763644178396, -0.10775945122320368, 0.02593935149856992, 0.16361383360016102, -0.011552582890953983, -0.19598253749692104, 0.2638283367637017, 0.1630645494529383, -0.09699764198373954, 0.25650132606153536, 0.027826500366016776, -0.043148947822475255, -0.0004734929797369173, -0.12635269215061126, 0.1557806982835004, -0.1935661842674739, -0.14117056715863294, 0.11715134714357636, 0.19181492283455354, -0.15393099789302372, -0.11302580535005624, 0.12540857173678868, -0.20250568007246722, -0.0681521775965059, 0.13728654929498055, 0.041038008842287164, 0.02173867307925853, 0.20739857737325595, 0.05898695064136189, -0.056601476036729756, -0.191133004357372, -0.13089942912764532, 0.004968252146992331, -0.02605074358885954, 0.0820933388646338, 0.0933746461826785, 0.24972735004987318, -0.048764191949114334]
-307.98457370731444	(9, 12, 2)	[-0.23008086729534255, -0.1905475353799249, -0.25764428128522576, 0.1633197816552741, -0.14086016254773884, -0.10005697763824378, 0.033748516463343405, -0.19376266462559166, 0.004070089445701999, -0.06675796230381188, -0.2468543139770975, 0.20119962302637795, -0.2014432996653037, -0.15114262956430138, 0.4044376620824158, 0.3070492648178972, 0.04814965980950206, 0.07604917665148314, -0.013947362378950794, 0.2270195549166077, -0.21487438966378453, -0.04368805070793156, 0.16587073146077969, -0.06853530518842983, -0.06732929880333333, -0.14775523080031758, -0.1397565618290766, 0.06373261781200573, 0.2616797762522551, 0.13123860451323077, -0.14431530412621574, -0.13058678362965156, -0.017027483226040308, -0.02293300509675705, 0.2528392354642782, -0.007772132988295039, -0.16303048236639783, -0.0551032103595432, 0.179652241074388, -0.05429666566052364, -0.12959625092630228, 0.07409707058373173, 0.06585575517573729, 0.07978574761683833, -0.14169434133799816, -0.1260249693268755, 0.08728700096157492, 0.004759932734205135, -0.06149902569875246, 0.32876047613017817, 0.026692122292956342, 0.25393763771721267, -0.2606847563765493, 0.119787380647643, -0.14879868989611936, 0.04732651473110716, 0.2969080152236187, -0.22178968133449495, -0.26157987763444257, -0.06675721716079673, -0.13011468187336614, -0.0661751074673781, -0.06613022915263869, 0.11835605159510842, -0.2663766601215672, 0.28802361941281246, 0.08779928992416994, -0.09212896295382816, 0.10474655331192446, 0.08781388260201278, 0.03718576047468216, -0.028722342654571496, -0.08846642437830664, 0.21493207347486687, 0.19431868429979893, -0.17418186697704435, -0.22385637887001236, -0.14627965366406337, 0.18502863096486186, 0.03797162449305989, 0.19338392852709801, -0.1452256700192432, -0.04328305890956745, -0.061939380592470145, 0.002587902504325778, -0.17761639642821142, 0.26072813034489306, 0.20235547286873118, -0.11713989255468947, 0.11714701835178945, -0.0365793870100901, -0.04302623566311475, -0.06318298140982881, 0.050591571081897845, 0.06145706569811495, -0.14079319830449535, -0.04311324576707763, 0.1990060252516242, -0.05203503871317297, -0.1155729392666311, 0.2682341545039511, 0.1901644410219234, -0.06008202247701424, 0.18367346152458708, 0.01534156258626963, -0.013494585895983097, 0.0013868007219516756, -0.09891014172986824, 0.1427868318853687, -0.1522180454273328, -0.14084377396264625, 0.13595254824515063, 0.1678384156288275, -0.20702795298238985, -0.09037213063816141, 0.13442287952733162, -0.176216050224212, 0.031743773931410306, 0.06968289978828969, 0.04897267078229056, 0.030600130451231184, 0.1834690149947611, 0.14134114509871162, -0.03107375731189714, -0.23438481826356378, -0.15321335354940335, -0.009515505841733895, 0.035431765541202406, 0.07031702913935363, 0.039742283930118805, 0.2838240468887765, -0.03516520468979473]
13.724305090080179	(9, 12, 2)	[-0.22205707668010105, -0.190672365868585, -0.25680460050926185, 0.1505636965842313, -0.1438672161332552, -0.1416098866183772, 0.02091768042171464, -0.19402024515530142, 0.006784198733650657, 0.013500623198209242, -0.2604292723378696, 0.17251804344329957, -0.2094880389412972, -0.10220758124024093, 0.3999944745953014, 0.2931468742203928, -0.013858153095959374, 0.07852010624998457, -0.08610682785028478, 0.29206873329201966, -0.20786723281135933, -0.04698607153396879, 0.17974755331575765, -0.10061223612548216, -0.07923397183730237, -0.15258855156585927, -0.1327084421830902, 0.01808414129094126, 0.24483455285505862, 0.12249943319216526, -0.13941251245955597, -0.12888825999316117, -0.016459928758280087, -0.031019202155998914, 0.25559020680972866, -0.01943925530937225, -0.1629308735035537, -0.040606736628920566, 0.18020874700082293, -0.04980904539613305, -0.1243612247541489, 0.07415364232842578, 0.057720831657617315, 0.09884382236105091, -0.1419187614449831, -0.15551880395176992, 0.07331240704493155, 0.005762454462405268, -0.04987076040102899, 0.37987958655254994, 0.04692871508727673, 0.2539514602701706, -0.2646540181208384, 0.1228133448276509, -0.14672179256708925, 0.0489969654466538, 0.29170179366927335, -0.24080642794483959, -0.28003048049459073, -0.0660258359067123, -0.08541578209800973, -0.05564118154027839, -0.06537954549154283, 0.03571168195789468, -0.25707663857353213, 0.28935118939188936, 0.10180155664954198, -0.09192949206074388, 0.10353611639262272, 0.06486354188257346, 0.041079126562319566, -0.029643932381576952, -0.060232198433766836, 0.2146655450582878, 0.19541183751250213, -0.16578338782726815, -0.2021954460843523, -0.163255148562316, 0.2150954939957438, 0.031034132864362185, 0.16201674294904514, -0.1557857583448657, -0.044035514904902366, -0.06434563337816321, 0.0006407611905331174, -0.17695794761084704, 0.30761626929141267, 0.20115390778530873, -0.1190524428271331, 0.12943326947188027, -0.048378148728939085, -0.04612221685149393, -0.041205099195168085, 0.11456300686156873, 0.0318385297416502, -0.15714564545017867, -0.04885909438612846, 0.10788104897112348, -0.04375251430098877, -0.11605916975899035, 0.28404217743686727, 0.18651293381282952, -0.0604631372549186, 0.17361973065299885, 0.03438774741290252, -0.001206338747426438, -0.016783385763600344, -0.09370931927041166, 0.14307125528917106, -0.16548145566054112, -0.13902812200754647, 0.13545223364560063, 0.17217812072042754, -0.1903624257244697, -0.10164707717438341, 0.1276515999796924, -0.1709970224917619, 0.025319691663353107, 0.09386181904869977, 0.022275754638495588, 0.028493747076360283, 0.18309197091131757, 0.14060905480420727, 0.016714958905042973, -0.26844775269845006, -0.16298287464929434, -0.00787563470404233, 0.027287675334701438, 0.09901256597072165, 0.04825832800867809, 0.26807140232235144, -0.0364897811764217]
-75.06726616734241	(9, 12, 2)	[-0.19911299145687927, -0.19867612888511693, -0.2551710854855788, 0.1828635355032747, -0.13990853613022805, -0.1802689333103502, 0.021034050076634073, -0.21370115830454287, 0.014175886669194171, 0.00022619636143653924, -0.29775757524650903, 0.12077885887156693, -0.223901408003165, -0.09690674865216889, 0.3635037986713643, 0.2923127995972567, 0.0017879138075549033, 0.07443615822613475, -0.12262502795565315, 0.3157811509910157, -0.20757988610175557, -0.06772419819260794, 0.17702882147631066, -0.09680226873395986, -0.08501871240643927, -0.1688384861371578, -0.1315522562171075, -0.0547557395973421, 0.23593539002342748, 0.10186995432381545, -0.15216913131189375, -0.20828391216158962, -0.020565699389366716, -0.028944328636091712, 0.27622433615644054, -0.025035545006230682, -0.12218800579351138, -0.09657929127169024, 0.19525122408882173, -0.03112327822167507, -0.1870294680888342, 0.07173970956864417, 0.0483567910512857, 0.07423988629618737, -0.12640137769454107, -0.14851116129976483, 0.06316143864754155, 0.023745827927274078, -0.05474850511067843, 0.36349677953183057, 0.06387092869011192, 0.24492669142351878, -0.2703188450344797, 0.17370249275915634, -0.1185103077599689, 0.04280642716458063, 0.27849708255188954, -0.2141747116006859, -0.26623688779029336, -0.043073942718464917, -0.07201875300546784, 0.017183643579934165, -0.030163745370481172, 0.05111810707094618, -0.212028206271979, 0.2865246397251809, 0.10729254211304784, -0.0701122490283609, 0.10315539266139963, 0.063140944369519, 0.010530168113891175, -0.03901267916061811, -0.04708444660588144, 0.2139379498565094, 0.17250956412734003, -0.149122000038517, -0.21153037392277907, -0.1784649146077789, 0.21847085187123477, 0.009800269457216208, 0.1394486238719925, -0.15437834388465388, 0.0023302231457993524, -0.08753719812819802, -0.03661363663859092, -0.16908767424266372, 0.2607172983392241, 0.13664469745881502, -0.16650506553603775, 0.13038078333998285, -0.05619685479061387, -0.1165150884939446, -0.044114614826643084, 0.08067992260518263, 0.019382329763633292, -0.09301557678295061, -0.034528978045613015, 0.12162842214618148, 0.0182957722150938, -0.12140674003740526, 0.30547450898860984, 0.18731336894628606, -0.13981895958289486, 0.1768598069069291, 0.055693159931341156, -0.03033742081990149, -0.01655638936455338, -0.06374566335010713, 0.10828725835757802, -0.18493719389004917, -0.167331209621156, 0.04037768287125272, 0.172344724861245, -0.1877388195913156, -0.10681512302722272, 0.12713143816164474, -0.18173817030391848, -0.023756171364997563, 0.11565859576315424, 0.021109838337666394, 0.03459204877868537, 0.18166066686573568, 0.10764182361757524, -0.00644684849102729, -0.24515201255894062, -0.15764475772276879, 0.04085530959509384, 0.009453661851355499, 0.07932009200124143, 0.0495694105759549, 0.26798027293910287, -0.043627866964990526]
-100.29979208702426	(9, 12, 2)	[-0.21852228002152527, -0.2106206363208153, -0.24259934989510787, 0.1704985798278976, -0.12408299143093118, -0.12408999404995724, 0.02314137315093006, -0.21731097567309715, 0.010802727966497434, -0.026652209894545267, -0.2500653048365992, 0.1858723951908778, -0.22620449954828345, -0.07166646616488576, 0.3781605316105967, 0.2866713982043107, 0.0429088729636339, 0.07934964974641502, -0.12367027539797237, 0.30239266751452004, -0.1957927107820593, -0.06328065053954392, 0.19442764547693214, -0.1299717875610071, -0.10448764344565156, -0.1640986456119755, -0.10769938088022128, 0.00678992603761207, 0.26151621893431176, 0.09835657531526074, -0.12959482778788076, -0.16903984253696336, -0.07376125383779025, -0.03368408178341282, 0.1864551555477404, -0.010780767554751445, 0.017936856872422493, -0.06828507323343003, 0.18275208331993467, -0.01821505255783544, -0.14996198941339053, 0.06313897473160097, 0.045555630223876264, 0.08406926435521087, -0.12663041626238428, -0.17243190903205138, 0.0453256266745726, -0.003447567793628578, -0.057558151938030905, 0.37068369389594236, 0.072955967039314, 0.23108058293908385, -0.24878119588987702, 0.15625218275590402, -0.11862282408984742, 0.0300740507752929, 0.22287537573146513, -0.1972572853403341, -0.26182427772160477, -0.030068823074939775, -0.06669366042677764, 0.009970392926508514, -0.02434699876973284, 0.008977215034110907, -0.2442656561430952, 0.2805017964015883, 0.12036473958987257, -0.0980289723387569, 0.10210475308259735, 0.0309036704087612, 0.016374704013164567, -0.050426060022816035, -0.05739091024837988, 0.20842683311250904, 0.1984466692663154, -0.14657567662975307, -0.20744682138407747, -0.15657279395482426, 0.21834782861150095, 0.005756140737906358, 0.12702777813708102, -0.1561584198392769, -0.0358539964324499, -0.10212449361088007, 0.0618811452526259, -0.19015114003930478, 0.29684778428989234, 0.1535452522607773, -0.12627325369700987, 0.15797430099098783, -0.056759717967492365, -0.05744107256939438, -0.05386951702666253, 0.098774016489284, 0.03565701546320958, -0.1386419304375687, -0.040329048109920496, 0.1969017018398468, -0.03107171346528698, -0.1342410558808989, 0.28368730105616735, 0.17653044085792685, -0.11236201581341396, 0.17125337031769527, 0.07031231314949868, 0.010421182185592513, -0.026453338834777077, -0.05990773282222074, 0.10833840150934249, -0.16480445862496626, -0.14179149220959392, 0.031881399606259006, 0.16516703633129062, -0.20578471783851382, -0.09674057209110787, 0.10757578329291576, -0.19684950888512007, -0.003120779989822955, 0.11410143262705502, 0.00830349888923498, 0.0011848877852634328, 0.18221472093114663, 0.11733238788987432, -0.0124911334827358, -0.21487630085841136, -0.13996313508799613, 0.002269678574341789, 0.011081520579623716, 0.08724271683704013, 0.059370250433394604, 0.284834881574793, -0.053741840621135496]
-41.449640372000175	(9, 12, 2)	[-0.2232798105273908, -0.19269514234520094, -0.24816884341770795, 0.1381151103378274, -0.13162049592570244, -0.1527301476636702, 0.04467375632716126, -0.21217841921758274, -0.014711032596924056, -0.029456972231001174, -0.2609627399430547, 0.175855031788235, -0.21398180397031674, -0.13443278076716392, 0.3753524784849105, 0.2905374465350606, 0.034575798556286126, 0.07772055361687946, -0.06097284899912599, 0.2877873777379647, -0.21349345136573358, -0.07420775084343864, 0.20124606012357582, -0.12048818272814457, -0.10460221238608183, -0.16962053835755941, -0.12274013163630625, 0.016776722106725653, 0.2213976160054692, 0.12431246040648367, -0.0816811759278216, -0.15914319668374055, -0.014268476813851799, -0.02558105293974918, 0.24961920610616414, -0.010825555914693337, -0.1430335779153107, -0.09774850206412886, 0.2165600899043424, -0.02192233813721282, -0.21093837691951586, 0.013596175091237731, 0.07007281430228648, 0.08002218565577013, -0.12379139469875655, -0.1411493147493564, 0.06432774868148586, 0.059927821030353816, -0.05289934306641355, 0.3389535172314782, 0.05100715518624507, 0.26244975979985696, -0.2619718366756782, 0.14380435254954455, -0.12128913918830392, 0.04931486568902659, 0.26263669328872374, -0.22344421300485384, -0.2628722448617016, -0.0449044102623361, -0.06751802078493373, 0.017459898352656406, -0.044294812385684404, -0.01271776690601308, -0.26279799278148097, 0.29105045350963676, 0.0966228868335603, -0.11130573959675213, 0.15666910924600605, 0.04215834735063612, 0.043062400771272186, -0.0669228950119511, -0.055851245620695184, 0.19932537360346944, 0.18436266976314417, -0.15295522569343928, -0.21340531417159372, -0.1725634889759198, 0.2287342928223443, 0.016480656328323334, 0.15677429262506748, -0.1560390845788494, -0.03596494725302359, -0.06245585282272963, -0.03546092491343797, -0.19746138960549708, 0.26796466187533674, 0.19055612621186882, -0.14629428671050865, 0.15375277295903395, -0.042775153860982615, -0.04940244307626068, -0.06761782595213686, 0.08421447524846604, 0.10987816579791013, -0.13736544607085985, -0.04725990798054708, 0.1859067188310639, -0.03741065789280713, -0.1441934809620416, 0.2830393582826393, 0.18996694631196792, -0.10543955226189333, 0.17098668193578714, 0.026372569259308993, 0.0070359277197917965, -0.02044811834681936, -0.07959554514768637, 0.12636284415492777, -0.17286373314913744, -0.15099298796790944, 0.03886330815517214, 0.1768423726963657, -0.20002699137866897, -0.09576483829804487, 0.13756728120410947, -0.19013576041087896, -0.021747306111147068, 0.13589578893234378, 0.02420154618368138, 0.02737892508172712, 0.1850548029426196, 0.11314076592662511, -0.040547613078933835, -0.21211932882475104, -0.1479472745247673, 0.0014306397811236612, 0.016296067260670864, 0.13224614744766724, 0.04728277921389731, 0.27774968057764143, -0.03854096671973872]
-420.5092648618883	(9, 12, 2)	[-0.22354837848064013, -0.2069511336269803, -0.24289190983909542, 0.16985474111490467, -0.12804744862450707, -0.1241881697900351, 0.03924202440567716, -0.21435893877869716, 0.010725439036693195, -0.02552605783178983, -0.28341482349138347, 0.1803277796291209, -0.2282573683319178, -0.10241564052045313, 0.3806396874474194, 0.2842184424870208, 0.0418510027191, 0.08340713963350531, -0.11463245387028104, 0.30195795923040547, -0.1970665803344686, -0.07646839738823838, 0.18290121876622692, -0.1261517604645073, -0.09689140950797963, -0.16304220805376482, -0.12441508559568935, -0.022686504430336717, 0.2680826647010096, 0.1064190625934393, -0.1512396334440057, -0.1715893666252734, -0.0363503742238598, -0.01715413861750194, 0.29204768002255727, -0.009760430106029535, -0.01777016322446477, -0.07401956811204502, 0.18472792873336208, -0.02441615720966886, -0.16837234964503228, 0.0650500071740743, 0.05562901146274714, 0.06979059973584424, -0.13281024241088377, -0.17141130295372808, 0.04711618165308949, 0.10679604591619102, -0.06408669982490119, 0.3544010344063075, 0.08281698823356298, 0.24992813840397704, -0.270958194406341, 0.14818146522514403, -0.11891744614713352, 0.0453382442371248, 0.22740749640596636, -0.19503677873802794, -0.2669760082501507, -0.04833424538978541, -0.06236726847460869, 0.014235139479905306, -0.024177668963068645, 0.06173019732322353, -0.24435449325227152, 0.27931053104469683, 0.1011444685899979, -0.1011529321065045, 0.10123179536350993, 0.032259096633421344, 0.041806565737045644, -0.041072403217757514, -0.05829477697133182, 0.21383018494495126, 0.1984276467332715, -0.15318776820607125, -0.2062190217820104, -0.16997209129073892, 0.2214936489925955, 0.0014171374120199118, 0.1389418715983388, -0.16103667211890765, -0.02501951244261852, -0.09608005362909426, 0.051508166017521284, -0.19154821252767731, 0.2976404558836272, 0.15805947485894017, -0.12672194755891733, 0.14673179090934474, -0.053962870282195124, -0.057520323428729175, -0.05963087490172185, 0.10372769442410756, 0.03873217685159519, -0.1351080747235536, -0.03587549441629119, 0.18103877433535964, -0.02237232607256197, -0.14166794677968908, 0.28403666000840067, 0.18337577671781433, -0.11476144740850604, 0.14405070547794047, 0.07261894200784363, -0.044034081136664883, -0.025941856452575983, -0.05894374773153474, 0.12489330691644462, -0.16517515211202724, -0.14265170419110068, 0.03228082979420877, 0.16597184129949769, -0.1888523821606986, -0.19590782196228174, 0.10729304062468636, -0.19526488752196317, -0.006263832273460586, 0.11171845003885486, 0.004164284485357003, -0.015829874800010538, 0.17627632754414718, 0.11560724559570254, -0.012577499753224586, -0.20142698632708825, -0.1471199638745872, 0.010524491175713208, 0.008260646599213432, 0.08702495768656363, 0.059150043862396355, 0.2860203620211198, -0.05355146927793485]
-16.65987768556772	(9, 12, 2)	[-0.23573841845429233, -0.2031287853112037, -0.23207657763954148, 0.13901220543849674, -0.11797181578293953, -0.14834309659474243, 0.07235518852048017, -0.22144906701723385, 0.002727710343713431, -0.009408390518643905, -0.2551031101198798, 0.16294963509387056, -0.2141854036249245, -0.11001816668869333, 0.382949500203585, 0.29222361269092356, 0.03926771670745634, 0.08403883305770621, -0.07461963795506274, 0.2936907078688125, -0.2016324355290472, -0.161105694576411, 0.18057480804480558, -0.15621340963145972, -0.09621823449184305, -0.1501110276815178, -0.13236753154585426, -0.005035984475393314, 0.24676882694884372, 0.10796402333427568, -0.1382649318227123, -0.13667498700949046, -0.013390188803774798, -0.01882222010452345, 0.28114406016154847, -0.01215598219543055, -0.15499033792246347, -0.09136098869676976, 0.1932881790014442, -0.03392431537941102, -0.14369887050231214, 0.07087118410248662, 0.05707941275554971, 0.06518199309500157, -0.14820385710417944, -0.1586400611772675, 0.0646585877395968, 0.057196621201380256, -0.041032870284176806, 0.3348164354979157, 0.05575973531002848, 0.26485388005777866, -0.273949231286953, 0.15378826687791697, -0.12558086260560974, 0.023757090807794073, 0.2737391506572947, -0.22301957801251157, -0.2580695547652611, -0.048929818662543936, -0.07853506577355279, 0.008066053008984123, -0.0006787484159751873, 0.02970279146540599, -0.2527661345960481, 0.21472779947539206, 0.11449153164678721, -0.09654477341959053, 0.12529547557687837, 0.054401461413343816, 0.03219873696804834, -0.052421091700195294, -0.06227315209713712, 0.2033222105809064, 0.029302228033460005, -0.17092229868599704, -0.21839905319328998, -0.17050385810669832, 0.2332149348314303, 0.00011155998885986666, 0.1681269584471398, -0.15096614315008475, -0.024043356320215734, -0.0873416051790192, -0.03540248941884513, -0.1918465699056056, 0.29905857140541064, 0.19157101577962987, -0.1424277980094803, 0.15154578543349054, -0.061558954499980605, -0.06519111405429906, -0.06408000128028866, 0.07441580869832788, 0.05489545493496851, -0.12976611308096464, -0.037179596845298535, 0.17906809150154046, -0.00776827950627129, -0.13627561156856752, 0.2388869365836221, 0.18768671923020158, -0.11063178167709505, 0.17108283485532094, 0.07303126887378489, 0.02326644162806576, -0.005936219220158046, -0.07369190434010704, 0.12008252383287873, -0.16297576868803038, -0.16403854180197738, 0.05919122563149345, 0.1619689447368616, -0.20584332464582056, -0.10750040190068054, 0.13644194231012985, -0.17351559150662055, 0.009743545344928392, 0.11337757019391587, 0.031946202461304044, 0.015228224313968926, 0.1765592222383764, 0.11533573412315935, -0.02550215357743384, -0.21856770239651613, -0.15240829965608055, 0.03202599547109458, 0.008126728510460614, 0.11030931011171011, 0.06119741641900264, 0.2765141441922907, -0.0371856701936453]
-0.7811290206579713	(9, 12, 2)	[-0.2206147613936831, -0.2608126951628798, -0.24433278817538398, 0.16869904983499281, -0.12961863216203232, -0.13341094067715237, 0.046469168410947725, -0.2116884347230636, 0.001906426411341422, -0.013996916521977643, -0.2626431586038255, 0.1544650064513059, -0.20707678185021416, -0.0975636420897865, 0.3741034630312421, 0.2973820006287941, 0.028886140976054853, 0.08722143809100597, -0.11012535480304297, 0.31136271169661617, -0.1941401582328458, -0.06731054166018204, 0.1916971846030182, -0.0693958160010635, -0.07039383569741717, -0.15595530962640536, -0.13132337379519882, -0.034549155098184285, 0.25641014030220005, 0.09623432664952014, -0.13496021051273208, -0.15276808180865709, -0.021923335954449848, -0.020284179593915243, 0.2540628814283221, -0.02806911789184087, -0.13009265874379847, -0.07326025963272559, 0.1891771607374632, -0.029002188478356603, -0.15394469183656453, 0.06799488001608003, 0.051916329310741485, 0.07089727264962625, -0.13168813822537778, -0.15826123483963223, 0.06612056952317058, 0.04016318624907236, -0.04238093649960473, 0.36783615381191825, 0.0660420116614743, 0.2533069392030727, -0.11793027127985842, 0.15079207893521085, -0.1277914345390188, 0.04088394968795128, 0.25883273913669275, -0.22320090778863308, -0.26287230723977534, -0.059204685897348244, -0.07153298077813022, 0.002677954868923503, -0.017677812789446967, -0.008966487901246413, -0.23598176200197724, 0.2785469231668925, 0.11898667781950328, -0.09210777798914115, 0.1065338696895175, 0.0567842631421015, 0.031656763347503336, -0.044420918232172486, -0.048811275318049734, 0.2074083709883178, 0.18463335889669716, -0.1560498453850254, -0.21302552233350278, -0.16624529205067237, 0.21179564804514603, 0.007183382027714104, 0.14314606834509125, -0.15310689866760385, -0.01845833578244051, -0.07988508202622902, -0.0029564761622628806, -0.19647744528052985, 0.28504446940179035, 0.17584579076247517, -0.14915761936394406, 0.15193130846592803, -0.05835498346762268, -0.06700299894802941, -0.05334773600231694, 0.09025650030111505, 0.03578015371374768, -0.13908838546004182, -0.027084131769198223, 0.16999118895284887, 0.012308755669823925, -0.1362095885321425, 0.26313394477104807, 0.08809275633545746, -0.09212764762757905, 0.16542575673362236, 0.06857278725342822, 0.0007173487067814895, -0.01901206110638886, -0.09451292919448125, 0.1156443880761803, -0.17052028772326422, -0.16064366777049163, 0.059060738626881645, 0.16294424685410244, -0.20504325031928994, -0.10691011806039927, 0.11837670133585781, -0.24603347878023682, -0.006576936754007219, 0.1223712918184123, 0.024903216781390024, 0.014650879324668083, 0.17530037553955422, 0.12438415740854006, -0.03683013300369507, -0.24604005253459166, -0.14510245172591338, 0.021715583936463032, 0.012066134253735565, 0.08779711391038454, 0.05325258972034698, 0.27418903770902703, -0.041754803891009495]
102.38746622393543	(9, 12, 2)	[-0.22953145038880998, -0.2082922256506285, -0.21957550129521755, 0.14888904972119762, -0.12872085658259175, -0.13413432782373247, 0.043785645512837604, -0.2210727858286256, -0.011289945076142888, -0.013002133571047007, -0.27166650104677326, 0.17847001465994294, -0.21986314665979798, -0.1371050767985954, 0.3575799547745778, 0.2968159285577804, 0.021949293998383065, 0.08227321716413458, -0.09233703483811359, 0.3001111225354428, -0.19637943025406673, -0.13211108447684464, 0.19186010639630746, -0.12041093273681201, -0.08713237264635933, -0.14902244359213285, -0.12784870725703684, -0.014000687038815716, 0.2456124062434833, 0.12250871906656878, -0.1216424550334523, -0.1567003302567862, -0.022945195454826865, -0.020056814411809846, 0.2721735199385864, -0.011957798566801391, -0.152589337276454, -0.09314589653235134, 0.19206642680511543, -0.0259300167267489, -0.15154597055082503, 0.06835392619942435, 0.057401931816130666, 0.07436843244048125, -0.13259335017460472, -0.152742459562836, 0.0721077722759792, 0.048405731517868804, -0.059998172195959903, 0.34616283787797647, 0.06577550109970823, 0.2509702570481001, -0.267777168694316, 0.15149594778379566, -0.12761868634599977, 0.04437840197895265, 0.27267717214277265, -0.21313870593186846, -0.23079202416152955, -0.04801671313820837, -0.07664674504353405, 0.011095818415163683, -0.017436863092072465, 0.021317466782468278, -0.24347560627481, 0.2852099779120588, 0.18322722903377045, -0.1064612883049627, 0.11669309396360562, 0.04986747673320656, 0.024626850235748846, -0.05626768607247249, -0.05425635122897943, 0.20920083313005428, 0.1877496814515282, -0.1563020175111996, -0.19498672921250096, -0.18296188559255205, 0.21287742353127012, 0.015548867637080807, 0.15758386191734466, -0.1555641113847108, -0.02059061608709021, -0.07281035868759606, -0.026131108940058764, -0.1866279192551935, 0.2834560363177914, 0.1738133564642952, -0.20707771463452956, 0.1447166131202706, -0.05071715246659041, -0.06423196839681283, -0.06332435403710572, 0.08200795141996325, 0.04552877115398749, -0.1404481531324942, -0.02648264250515373, 0.17825183827818708, -0.002487137924648387, -0.13267015253784623, 0.24291138752596964, 0.18004022993847146, -0.0911184705710021, 0.17641331488324521, 0.07183848211724118, 0.0024832499850670894, 0.0010552266636171888, -0.09178644031244886, 0.12359025256290546, -0.16886298932371008, -0.16276986389232567, 0.053074852439297965, 0.16983469148642075, -0.19676248456194168, -0.10499247714736644, 0.09856486754231795, -0.1828103760036598, -0.012622861720110744, 0.11686695836338737, 0.017108404177926764, 0.012935140170838064, 0.1747114434603708, 0.13015084134742158, -0.01973252023234133, -0.22190260478504112, -0.14214493499949818, 0.011644717672833751, 0.011829683873744288, 0.10071846581277247, 0.0509298979212706, 0.2756770857779366, -0.04060240325503804]
123.57731570836953	(9, 12, 2)	[-0.22687368553000134, -0.20510958214057307, -0.2516913013472335, 0.15533933095372085, -0.12496788874202355, -0.14481296628886547, 0.039991657271279415, -0.1267611102376649, -0.0021264819850928427, 0.023482516135418005, -0.26255518251605076, 0.16738116344351683, -0.21657852543316702, -0.09517558611981405, 0.3744978663044216, 0.2962191273300848, 0.028734375594037014, 0.08208519489496395, -0.10888014480522275, 0.2847310600552009, -0.1912228562474325, -0.07542122937545997, 0.19090873908517292, -0.10203269080322178, -0.0749167337738955, -0.1523320044557226, -0.1290083159322324, -0.021345026065981054, 0.24036960199360988, 0.10012517977313011, -0.15138697549792007, -0.15383838774418426, -0.027579412714309463, -0.02027404743173889, 0.2721687951184667, -0.022568585385783657, -0.13646415744345738, -0.08152679776280122, 0.1860006212016459, -0.030070391411322162, -0.16143500517108456, 0.057596343368882946, 0.05393406515559797, 0.07730476873090081, -0.13470840850837273, -0.15384080132296002, -0.008441985341388373, 0.051746368051659025, -0.0550617142673646, 0.3485475785937176, 0.059907972366832436, 0.2580004607309953, -0.26983627521225145, 0.15193957320897622, -0.12231575455634149, 0.04340101251009327, 0.25542051969750273, -0.21585596564202575, -0.26556078216769197, -0.05915397111662659, -0.07432170974860554, 0.005768015606588845, -0.026249570696855653, 0.013589021339988929, -0.24041733920347083, 0.27853744395174906, 0.12704425587811347, -0.09658243415673438, 0.12502083617059462, 0.052396559406867924, 0.03323112946684444, -0.050403515123885106, -0.05745555750890133, 0.2070273273381904, 0.18785621691625567, -0.15739913440878728, -0.19580347001546905, -0.17650431886639056, 0.21375696740676997, 0.003602931450572593, 0.14313946383266182, -0.15793555633799755, -0.016168392394119206, -0.07464287448223517, -0.02433944770977586, -0.17864489856315494, 0.2954644737106743, 0.17085772394768678, -0.1401909787537274, 0.1431563308791694, -0.0521977450073391, -0.06790963162893149, -0.05268724383740208, 0.0902963374957478, 0.05239250790902468, -0.13366729676616868, -0.023744542898479073, 0.1763040970661373, -0.0017297028578484317, -0.13731490395513044, 0.28251883152764834, 0.18903440687198617, -0.09788840623372257, 0.18442298147933736, 0.06989255608150839, -0.0025941951190245386, -0.024075352070687776, -0.08684696613064335, 0.20783439596479317, -0.161337066225416, -0.17246987812404538, 0.044380305052512, 0.1667202252044876, -0.1913633342077131, -0.10963616388953443, 0.1147021732395409, -0.19237771485842042, -0.015602109299353357, 0.10867572690792449, 0.0179492549811329, 0.008493772605557882, 0.1615024577066878, 0.11939796965847657, -0.00790716872732139, -0.2242753607424448, -0.15148489541269594, 0.02210129650200879, 0.009094886736805516, 0.09956249727070524, 0.052272179804758685, 0.2720022204597343, -0.04076911867742882]
-228.26166783594033	(9, 12, 2)	[-0.23137482016259991, -0.20347153990918698, -0.24133607223464537, 0.14682514829496468, -0.11924869462316601, -0.1463969978613311, 0.053003013831199625, -0.21823032032492484, -0.001606285216799052, -0.009781440972398548, -0.2619176696561809, 0.16845678540356646, -0.21621893650806087, -0.1031232817103836, 0.3786577799611582, 0.2924907710626398, 0.037143674968106666, 0.08117599102268631, -0.10679757943065782, 0.28363496251789405, -0.19879976847821101, -0.12938458473401862, 0.1884411357120783, -0.1398108386852647, -0.0886093306453147, -0.1478756439339063, -0.12867188290932552, -0.014040889785897915, 0.2497380173126232, 0.1993932070946796, -0.14140075271288707, -0.15453731256613895, -0.018417722710365916, -0.018975540528243438, 0.2766399296209597, -0.013892892889940799, -0.15243041358588827, -0.08516561803613613, 0.1917837043221034, -0.03663021736380678, -0.14740048847534826, 0.06544898669217944, 0.05999508311658161, 0.0723112114051551, -0.13513952238362217, -0.15602621660870514, 0.022926952542230983, 0.05422873191497139, -0.06205927446472103, 0.33998033255209414, 0.06258304377063462, 0.2629600345979721, -0.27268446341709307, 0.24872139304462432, -0.12553135980665464, 0.02923676038924893, 0.26931070805497304, -0.214371922627777, -0.26204111079557524, -0.07157043318280015, -0.07681026627698014, -0.028505340496209442, -0.012302534968593641, 0.02963279020451219, -0.24788364457789408, 0.2697858884321381, 0.11280401491805035, -0.09739136848401152, 0.12465232473745803, -0.010730649932019332, 0.03991483280367778, -0.04561522542577179, -0.057294904821041305, 0.20714544996630962, 0.17198847855047178, -0.15403067570583387, -0.1974023486702667, -0.17237302089737783, 0.22291887695683832, 0.001682116568229526, 0.14690790359404948, -0.14912563764418882, -0.022453023596297302, -0.08159298174184486, -0.02296213494832125, -0.18920026419915376, 0.2953227612179713, 0.17395305729287272, -0.14294606050164124, 0.14533673772270003, -0.06378454739040845, -0.06620442283638989, -0.06182702182367958, 0.08505693408701542, 0.05260564969826664, -0.13348025604424324, -0.02770241591477079, 0.17071524392719975, -0.0037763336902884854, -0.1367496429566015, 0.2763387352655271, 0.23266570359384867, -0.10611908271156845, 0.17362674788245624, 0.07200585595608072, 0.0002750007085137394, -0.014057129315762522, -0.07761248235060009, 0.12258701403571717, -0.1659319083378976, -0.15757136379685177, 0.049840213692816424, 0.17058475846921595, -0.20226346557056174, -0.11281503680275025, 0.13224132514084863, -0.18845047902841577, 0.005199488607227914, 0.11139625025501507, 0.03137364854019473, 0.013143797776047277, 0.1748543634775081, 0.12580336341926623, -0.014617123865795448, -0.22089365610818493, -0.14969964324854823, 0.024882960030566777, 0.010334699709844294, 0.10227797173178743, 0.05851219996289779, 0.2663882195735864, -0.03877562531068044]
-297.1024717090909	(9, 12, 2)	[-0.233961929920875, -0.20305757114484577, -0.24532248281073746, 0.14711547020924265, -0.1242713572847542, -0.14133000095135495, 0.04655372325426652, -0.21128360504511845, -0.001487229620694763, 0.02389940510978247, -0.270175933218834, 0.1641479159333906, -0.21492607708139014, -0.09810659337137953, 0.3751201789909283, 0.2951495247010337, -0.015349317867560533, 0.08467729187824993, -0.1102547099769372, 0.29970912352152274, -0.19972330123435816, -0.07628433540053767, 0.18665763302425414, -0.12095715565472318, -0.08631921568652202, -0.12881476013610038, -0.12617531203462712, -0.006088564645823385, 0.2521144412924733, 0.10535658544709313, -0.1358916993891827, -0.16699842179277968, -0.019837433840441263, -0.020883465924770667, 0.2689595704992985, -0.019219230964312897, -0.14733399946358805, -0.07445529007039874, 0.19418059773818283, -0.029572873699018582, -0.16251099360843851, 0.06476462317738775, 0.06063632412084466, 0.1150722490146805, -0.13266072867058076, -0.16101547206829675, 0.06718005179763192, 0.04540211340547926, -0.0492690131066767, 0.34750909103231176, 0.06810263648825404, 0.2575078076026181, -0.26718052286369925, 0.14744663990749365, -0.12584181552957405, 0.03905098509129462, 0.2732708707289543, -0.21756461214452333, -0.26514686918277436, -0.012822731798092967, -0.07302957522391874, 0.0015405787425380006, -0.019356959222154572, 0.02359076352514091, -0.2370367118477059, 0.27827255086708225, 0.15266390951885112, -0.09140163417861571, 0.12033093757162193, 0.05714445648089294, 0.05708018005012443, -0.04568866673232188, -0.06346796336867314, 0.20573450277107155, 0.18573686006185786, -0.15828656398830948, -0.23080179047254196, -0.17810080146563412, 0.21263045594485724, 0.005933844895835525, 0.14573433906933309, -0.15380476363764992, -0.024412858736808634, -0.08232008995358475, -0.016379198206257696, -0.18516308795656844, 0.3066877959384167, 0.16250710125508894, -0.14729967945477992, 0.18438164832475615, -0.055148281304146625, -0.06251467485833201, -0.057378152308086426, 0.08662508592744558, 0.047865702746452396, -0.13114014057218867, -0.019695490226815944, 0.167421472280204, 0.010703386811817, -0.1350038538427661, 0.2698353875655291, 0.18504177149055293, -0.09666584951228543, 0.1832000072453946, 0.06459925752420008, -0.003491134878160068, -0.01578874243480779, -0.09955597870984069, 0.12683432640389886, -0.16697711998356313, -0.15388576821112696, 0.055250710668964274, 0.16225650427755323, -0.19981790348881856, -0.10620477094726309, 0.1312839640997035, -0.21096572946411982, -0.005322741645095064, 0.10783981869071846, 0.022053701637747336, 0.010321539868582578, 0.17135473756315614, 0.11649783841222416, 0.0002723614035676748, -0.22581735553544413, -0.15328120704673825, 0.01921481804957793, 0.009461943381872385, 0.09387354290907701, 0.04757563153018612, 0.2616131756720025, -0.042961367955856464]
-354.06528273398146	(9, 12, 2)	[-0.22932133163416094, -0.20614332352194603, -0.24149507102360418, 0.18235046351249876, -0.12158546565025238, -0.1422934315359325, 0.03593895284803749, -0.21178940893209228, -0.00467058996995855, -0.002887419216340753, -0.26459596484191006, 0.1615589620655196, -0.2156423959040263, -0.09993780004339746, 0.37588233837337537, 0.29605562542811664, 0.02178798580503431, 0.07729057183921936, -0.11126504007961831, 0.29821349777765116, -0.19588858731522568, -0.0749840391216853, 0.18846730967149722, -0.11070033663180563, -0.08371254201725851, -0.1454376999724432, -0.12370157107719773, -0.010420525635209813, 0.24286259048817183, 0.09967037877289102, -0.11940334141682012, -0.17049778953307815, 0.02966444082469433, -0.0219399201927341, 0.2659542732961583, 0.006815195436009669, -0.1335222821763054, -0.0793058675873815, 0.19420631523491533, -0.02766948161986725, -0.16072539645471653, 0.05510604265368094, 0.0571161201800335, 0.071267161082943, -0.15813751208011423, -0.156626970853932, 0.05944958606528855, 0.04208817391430125, -0.055748462139314156, 0.3492522265920394, 0.0645217049336547, 0.2558848365947567, -0.26954802097335706, 0.1522648479020582, -0.13151462550782256, 0.06539464651543703, 0.2731601844938682, -0.21864169623290028, -0.26438623166663155, -0.028098557900055977, -0.07083840923829698, 0.002905645746935675, -0.024499117894310043, 0.0213127341404852, -0.24230741088119934, 0.2871527483045756, 0.13186769292426131, -0.06668810575527692, 0.11411171950749201, 0.054547860369079396, 0.03151282209056077, -0.04452287365547779, -0.0559490421201065, 0.20058676314744678, 0.18302739853985095, -0.1533018366964339, -0.2643662964555326, -0.17599868362239962, 0.21398757719598197, 0.005461327294416058, 0.14716544495280895, -0.1566015937936194, -0.04932585912120847, -0.08106473475466118, -0.009109055295670193, -0.19143188759704158, 0.2925596148575073, 0.17514292557330235, -0.14470982776780875, 0.14802155501995845, -0.05429680860313181, -0.06474456516757136, -0.057215290501654505, 0.08487815728413402, 0.045880945309423334, -0.1398546988283076, -0.022077975601082357, 0.1667376050581909, -0.0018184366081199404, -0.13110166202113058, 0.2754514715132322, 0.18528031497047642, -0.09723711863577268, 0.19761680992589176, 0.06339400827548101, 0.0016141727433462794, -0.015295992682165712, -0.08089795925725707, 0.12674229852693508, -0.16671072803088055, -0.1663501760347647, 0.0895299825034185, 0.16850616357873774, -0.19151684122376858, -0.11050445973007575, 0.16468464358997675, -0.19622103941151298, -0.009827423393455782, 0.10964072941576242, 0.11005888391258346, 0.011366896602349488, 0.168636165124967, 0.11949942974596256, -0.015071476926950428, -0.22293024721285265, -0.15368059448131252, 0.025300805588929456, 0.01186010931833399, 0.09892966948644406, 0.05032496439795164, 0.2575814040938344, -0.038941001261295106]
-575.54770346729	(9, 12, 2)	[-0.24130755075633664, -0.2041104768759556, -0.24438521668003316, 0.15504098382672882, -0.12038523620157233, -0.14790058471119294, 0.04187396180192486, -0.20948226393089953, -0.0020740232059721984, -0.014690853505999461, -0.2382887448797547, 0.16637161001932874, -0.2160766557179074, -0.1062123615609323, 0.3761313680922248, 0.2961597142834611, 0.023973693660949754, 0.07802574548257023, -0.10502210821621852, 0.29605218723043647, -0.1969186365388594, -0.09830759198773126, 0.18761003755160235, -0.09100200614482185, -0.08602015328085505, -0.1498080486831373, -0.12699527847882439, -0.004892128770646045, 0.24363085342122037, 0.10603431769823496, -0.14210203921398065, -0.1615139638590805, -0.010768345333486428, -0.01994130522472145, 0.26614863787012005, -0.019181281330801086, -0.1470946600006984, -0.08012763423667613, 0.19288013910199597, -0.02361573319078871, -0.1515101872116517, 0.061826786888416, 0.060481743461560517, 0.07211942773414613, -0.1354706325599, -0.1576604540799329, 0.06675914085609592, 0.0474434210692292, -0.05918153441758867, 0.347020475215133, 0.06539335647411174, 0.2625499154181054, -0.26849942659501713, 0.1787107460545568, -0.12583825164755696, 0.03848329609369736, 0.26536403730445224, -0.21808829650008354, -0.26297141925028955, -0.0542186419636595, -0.0729233748871905, -0.0028736340327704035, -0.02610320606668711, 0.025228474669661476, -0.24381353094382568, 0.2853816228115068, 0.11458948207792101, -0.09826444000771914, 0.11478368971013016, 0.03184136319795725, 0.049262082127265065, -0.04385147407658338, -0.055281658324257694, 0.2058406500954948, 0.15684866379982434, -0.1639404937795728, -0.20738296843593385, -0.17612555646578432, 0.21582912175110638, 0.0022475581511342798, 0.13945578137656905, -0.13943879835165907, -0.023139492787008508, -0.08139510333001262, -0.009561836193891417, -0.19142197646894865, 0.2957074964555112, 0.17307491152164978, -0.14005758997839812, 0.1460576486546521, -0.05771627736434935, -0.06461866159350235, -0.061286731001918796, 0.08444854618042016, 0.05282376979467805, -0.13987597002816904, -0.02786486449252981, 0.16804874361037286, 0.00025112576202681095, -0.13514356384303702, 0.27496367335772787, 0.20146453727329378, -0.10172137416733486, 0.1710682227925661, 0.0696193784207271, 0.0056319797165589325, -0.014327205131319843, -0.07723396713515376, 0.12213043615135791, -0.16533755248061519, -0.16315873316020113, 0.05707160063212159, 0.16666366711609676, -0.21971932664201177, -0.11289128027903086, 0.10647419792524136, -0.18352363586850223, -0.012582406338285832, 0.13408943716970956, 0.022511941090026143, 0.014351989501079876, 0.17569587343778084, 0.11878068515009925, -0.017321163145465352, -0.2213978625860447, -0.15092912785583362, 0.020921401832601258, 0.00463570744190968, 0.10514527098829234, 0.05126864575966793, 0.2592463695769889, -0.042414017299272445]
-564.2981162228597	(9, 12, 2)	[-0.23329945912110517, -0.20394035331764418, -0.24733463489676852, 0.14252079260243788, -0.12477604155477245, -0.14444840701881284, 0.04255698885038031, -0.20992084699126284, 0.0019096170910859968, -0.012584604751465157, -0.2558797651022687, 0.16636630717119935, -0.217113796319387, -0.09509933258065591, 0.4078072900670298, 0.2960917520333001, 0.01734863583759404, 0.08348976221094273, -0.10584574145387068, 0.2903581123964107, -0.19612081050625568, -0.10330388222803637, 0.1860946367294166, -0.09500436584241878, -0.08691283284006934, -0.13451638598133897, -0.12728657859553322, -0.012756122258701055, 0.2470509501178623, 0.1006663798954243, -0.11508657405971204, -0.15770082560180426, -0.012791579259200613, -0.020960283517743608, 0.27598726332980944, -0.016025536889280115, -0.1430590542442346, -0.08024809878093583, 0.18974881054837497, -0.026050187253304238, -0.16677135675667643, 0.06170149988933226, 0.06176718533820791, 0.07371302846356714, -0.13102345858815206, -0.15836692780173142, 0.09449415804075367, -0.25218293611755466, -0.05816117688057947, 0.34708481499845173, 0.0640341133940169, 0.2579776250737772, -0.2678907639148962, 0.15715060294513714, -0.12565822047726186, 0.03676353168886818, 0.2663460261281747, -0.16513021040109782, -0.26402706000609555, -0.04617447990054353, -0.0706463274988594, 0.0031627600805427796, -0.028895667435222108, 0.025172713670045015, -0.23954773628125944, 0.27519557944056333, 0.159875335930685, -0.09748951909001614, 0.11726211786139454, 0.049953359443382875, 0.03616472377384243, -0.04682490138027966, -0.062193098962938946, 0.20360323113105463, 0.16788372910161073, -0.16023123448118487, -0.2096873881820338, -0.1748454178828568, 0.21231878869528978, 0.0047689707944965675, 0.15343340316640083, -0.15152700079229445, -0.028597196278742635, -0.08123448212170316, -0.013548114368150618, -0.19031802676345955, 0.2991191306707619, 0.16007702004783356, -0.1499141939605345, 0.13868112037965405, -0.05506541969932818, -0.08991585594775062, -0.05838545589600156, 0.08402791648451063, 0.049025812368836144, -0.1578143318099608, -0.02587007770349671, 0.1697131033291628, 0.00199446170090816, -0.13830151608247207, 0.27475709454345276, 0.18650332074532228, -0.10702696110894577, 0.19609736644878756, 0.07613838104896994, 0.002951135396086114, -0.01597922822517253, -0.0811229321429602, 0.12175617358416657, -0.08961176274196231, -0.16062610946432632, 0.06424124201174643, 0.1558976938113758, -0.1973727986504134, -0.11653027892918401, 0.11700777420668002, -0.1920252225350791, -0.010587011276939395, 0.11235724824812615, 0.018472178860883915, 0.013413442577468068, 0.1885277600796026, 0.11860839695974967, -0.014937286817086561, -0.2224491138369768, -0.15287781297443928, 0.020232163032132416, 0.010749283641580327, 0.09935593453273044, 0.08662475648682932, 0.25778981745913554, -0.04045961712015346]
-285.302431761802	(9, 12, 2)	[-0.24142957863256304, -0.20909261956877837, -0.24360192277425619, 0.16667951834307435, -0.12685158146085196, -0.14474851221777535, 0.039345053320423345, -0.21255649314481384, 0.001387230222626727, -0.006179548756820394, -0.25335960548069936, 0.16131509108374872, -0.21621117280094415, -0.10160704478081042, 0.3816758936601096, 0.303626878605245, 0.021224589355949324, 0.08011359225349445, -0.11286298871481273, 0.296289744120068, -0.2037545310193985, -0.10542940487217617, 0.18914329884925862, -0.08510191481288909, -0.08403245987142816, -0.1380010555549358, -0.1259661598989174, -0.008209225058332553, 0.24666376120838945, 0.10191834684657511, -0.1353776556761275, -0.18946486932102974, -0.022951525138168505, -0.02166866302086591, 0.2710701174312856, -0.004461149430839973, -0.1369632175481126, -0.004947022986374262, 0.19261289237900925, -0.028420539921696727, -0.15861993959130632, 0.05867806259032298, 0.058827705977643, 0.07653862023419761, -0.14677389747564143, -0.15683841499539902, 0.05200817985204332, 0.17063190252329086, -0.058145922400050794, 0.3327795198365392, 0.06417876931324223, 0.2595990763679684, -0.2914279304779157, 0.16221716128192518, -0.12727339313934255, 0.05311841209020055, 0.2708590410389312, -0.21821296335815787, -0.25597525734478943, -0.030183016409069077, -0.07213841018950691, 0.0024390943758400923, -0.033335659780155055, 0.020850208122411854, -0.24251200441639412, 0.2802002843093845, 0.13132582710191715, -0.09274164089480713, 0.1193858274127955, 0.05214493716638425, 0.03626926640522095, -0.045919118557786215, -0.05898214726605823, 0.20519135414042727, 0.1632618602228741, -0.15784172762333862, -0.2211545936326791, -0.17720758080722737, 0.21561047595965402, 0.005312829452294891, 0.14345272837040746, -0.15742263740585577, -0.031931123504906234, -0.07985679521742509, -0.009374056350120974, -0.1953808206811774, 0.29629708775171315, 0.1759266754120577, -0.1458876272725531, 0.149019886910166, -0.05555196874950654, -0.06498867199228413, -0.05919497848366788, 0.08493425142410596, 0.04740827622602108, -0.1369511069850834, -0.02655656864245659, 0.16337837260799726, -0.0010650089430555443, -0.13337347358314178, 0.2703321623840387, 0.1850229387232109, -0.10023229606480033, 0.20763131834472354, 0.06489534925711965, 0.08020090958710553, -0.016020680685282666, -0.08202755281546938, 0.1291985709945534, -0.16321046479029858, -0.16088968183737654, 0.06858212455522117, 0.1603614150412761, -0.19689453595791168, -0.10991473897221643, 0.10803477344137878, -0.18809469134533627, -0.008829334100011453, 0.11203152401577852, 0.025204121883245015, 0.011649697486721153, 0.1676650508374879, 0.11966010789856243, -0.01582875513041496, -0.22126378534811253, -0.15248128852049259, 0.022913729036086353, 0.0014027771715824826, 0.10334534664120981, 0.03862422868204357, 0.26048708649818453, -0.0431104917824323]
-361.87428792594324	(9, 12, 2)	[-0.23648341476147436, -0.20472780588946915, -0.22884609336578765, 0.15599865033117546, -0.1252391852449883, -0.14041397420693164, 0.0409096252491363, -0.2086617224095103, 0.0006326286471404774, -0.014374762345479738, -0.24521746708716988, 0.16604284920867854, -0.21654459254037084, -0.09891006184489173, 0.3764936273376761, 0.30262235922532627, 0.025929728888162768, 0.08013399141415117, -0.10647703578546677, 0.29095624103608103, -0.19635057305702763, -0.08499330804637462, 0.18733091757552253, -0.07057382438326604, -0.08580346540040415, -0.14863209300897245, -0.12602542420519897, -0.010755766190026519, 0.2137144430964083, 0.10496607222563357, -0.11376425889855198, -0.16446099221786886, -0.023165650912210692, 0.03472411226337304, 0.2716342636134328, -0.01423233018646795, -0.13865854496750335, -0.08191379588478231, 0.19238115280452106, -0.032059651598534265, -0.16766946843623357, 0.06105178785866801, 0.05924623346350092, 0.08059678373711361, -0.13610260275461636, -0.11476246470434968, 0.057339518732657524, 0.04030687626106972, -0.0565661724514447, 0.35112288725423124, 0.06533153800872096, 0.26033413412529804, -0.2672658885448206, 0.15630617873070107, -0.12813295672494196, 0.046899221681118014, 0.2689380187442075, -0.20291514508620132, -0.26383178941478347, -0.04247061529988916, -0.07161254884088782, 0.00355450585901659, -0.024697356537100153, 0.022755728045933798, -0.2426918923852729, 0.27333679937002997, 0.12827778470365192, -0.09705435132282522, 0.11936526992723141, 0.05797914898572777, 0.03563210597818217, -0.050526828208911766, -0.05664928089163132, 0.20650533156543008, 0.17525032007565086, -0.15788244377196192, -0.20570663882977194, -0.16949860916224704, 0.21451589969515358, -0.009862730998074038, 0.14251240023545125, -0.15630477160899298, -0.0384022597380606, -0.08069209751493156, -0.010094022571270024, -0.18970532636274037, 0.29651200932609534, 0.1744010847332609, -0.15140156859618362, 0.14560278810961066, -0.05565838335511085, -0.06587680457703214, -0.05853065291712396, 0.08449203119535555, 0.051120400022493795, -0.1376348743168143, -0.025438753883789317, 0.17248134778762778, -0.0021996952006874152, -0.1353553226958368, 0.2702483088838731, 0.12891669498814273, -0.09866346552493471, 0.1978847570513155, 0.06778914159814986, 0.10219394696013188, -0.015447929484886448, -0.0819745534863187, 0.12433739985300474, -0.16429119088503868, -0.1616126652425368, 0.06739399505911949, 0.08314513796616801, -0.10484624172775006, -0.11105725055633614, 0.12154767216799565, -0.1882029721897457, -0.008919453033103148, 0.112609692711291, 0.06753127371524356, 0.011657996716766816, 0.17039689898134436, 0.11809676159554815, -0.013361385729300297, -0.2231340049945872, -0.15162183584755387, 0.022584486513024023, 0.003351859258431193, 0.10079348368687861, 0.05729911493637933, 0.2622222534658585, -0.042900551129310106]
-341.8064791680835	(9, 12, 2)	[-0.23421525418859496, -0.2031343443667956, -0.2405730703937036, 0.156141994410203, -0.12329522051484401, -0.14531329224699108, 0.04367174421881555, -0.1955892258917703, 0.00016713906611931788, -0.013378374827310927, -0.2547646111946269, 0.1778028138944291, -0.2165536080844988, -0.10164482581353812, 0.3756618308590936, 0.2962108022401294, 0.02392836439458318, 0.08102110594366169, -0.10555501611402897, 0.29070093829897975, -0.19614435644640196, -0.10335319779459241, 0.18737479472570245, -0.0710773614885112, -0.08527612487139086, -0.14952263506501623, -0.12643222724859385, -0.011808046465364323, 0.17998246951443084, 0.11335469976894494, -0.13107244648750427, -0.18067975774521072, -0.013124755072613651, -0.02041436816035549, 0.2696141060943908, -0.012146932293211302, -0.14367116659480442, -0.08492024122770286, 0.19107998293047723, -0.029623913911802545, -0.16414584201042717, 0.059640003044214795, 0.0612554597618233, 0.07996811768812241, -0.2034653197794862, -0.1538168046008742, 0.05940515862276193, 0.040881729205398135, -0.05127402160773217, 0.34706456109254935, 0.06512826323246527, 0.2610750336442611, -0.26819978923349114, 0.16264854501224854, -0.18790698295049071, 0.046771397739244394, 0.26598380774019975, -0.20596848472672097, -0.2637042098959069, -0.02739000901514619, -0.07226998297456066, 0.0036062604922319024, -0.027133996496330793, 0.024145088853634755, -0.2423228001256293, 0.27236762449143614, 0.14010106982162526, -0.0972026509979177, 0.11825550203689769, 0.05279576206359376, 0.03630992008205001, -0.045674730112473985, -0.057883614850343816, 0.20539896164807536, 0.17213646988922024, -0.15830486250431905, -0.22596093922944552, -0.1763652268410067, 0.21498623912803552, -0.01279726115687006, 0.141971795327323, -0.15545671252695448, -0.0347157715274112, -0.08022751016552966, -0.010022362476199087, -0.1900209040363057, 0.29641529526495275, 0.18868612392485506, -0.1479510243103931, 0.1389723486149347, -0.05624282386568891, -0.07660721924238771, -0.05902031729553971, 0.07293503603496493, 0.04891787188312384, -0.1351668685311152, -0.0294080712967313, 0.1723631239971469, -0.12298689804948655, -0.13773491069472113, 0.2737297078324462, 0.1478200668606239, -0.10593130598340969, 0.19359668940801555, 0.06603687990805196, 0.029124788594947194, -0.017047950844436673, -0.08433044478269815, 0.12482436993511636, -0.08164844474109706, -0.16277986121697371, 0.06543194413564372, 0.15418664801239026, -0.20594841726100122, -0.11016215115788341, 0.11630155662659918, -0.1991344510327365, -0.008295063731503051, 0.12069224608150453, 0.020686943473102626, 0.012305518727414992, 0.1730294053490127, 0.10660740801194754, -0.013579173164487644, -0.22289235845669023, -0.15151829831706048, 0.01961794908539323, 0.0014050009583903675, 0.10126567747901054, 0.06505238803790209, 0.2634172969094416, -0.04819771439409505]
-357.9904736722443	(9, 12, 2)	[-0.23752438865976916, -0.2064981760453148, -0.24584436540507912, 0.14968193807763377, -0.12485273779048854, -0.14655406800559423, 0.04160973485560719, -0.20624892622476967, -0.002032077258748943, -0.006934813062968083, -0.26002383453428507, 0.16388422563246885, -0.2198469110063029, -0.10227461644098715, 0.38251059847783164, 0.2960424258061116, 0.025130344266167906, 0.08214885945600334, -0.1068877938442716, 0.2911458060481215, -0.19942272570051292, -0.09070199453794647, 0.18267249247330158, -0.12865976347613026, -0.08508752928925058, -0.16624578339429513, -0.1275237000365322, -0.01187827243780661, 0.24760496607960814, 0.10736896616143658, -0.12355515239542925, -0.1790174677332835, -0.01619427952281628, -0.022029197912387832, 0.2700654171885167, -0.009947165541282735, -0.14649809455848528, -0.07867513860787118, 0.19528488082081594, -0.026370077801102655, -0.15708273245180976, 0.060218895956822414, 0.06042543859677582, 0.08225046541794792, -0.13385956187774092, -0.15465340515735063, 0.0668015559212056, 0.10357128630940121, -0.05382437865415126, 0.3346916287215381, 0.0652047625505418, 0.25997849256474814, -0.2741639727281437, 0.1645827010385964, -0.1267922585126208, 0.03720415059611573, 0.2651585250584427, -0.2073817411471758, -0.2615193956337669, -0.03471693966741786, -0.17427762653293993, -9.478471967635724e-05, -0.026368604259818185, 0.03984654918211466, -0.24114332620173234, 0.2817539863106302, 0.13937968675590653, -0.09493407899500608, 0.12115265523681679, 0.050800482489229415, 0.04105367770420819, -0.04696826570471354, -0.05818681647645028, 0.15598760590168917, 0.18444747839595302, -0.15834035227024454, -0.2166950269777278, -0.17902397687432478, 0.21103829254481432, 0.004813002740972502, 0.1523371943935678, -0.15384909690041376, 0.003964049403999574, -0.08044813802673467, -0.014020443980039642, -0.189489401194606, 0.297507750641508, 0.1866548106671826, -0.14672478427069974, 0.1417413730716441, -0.054811200931735284, -0.06870728909879063, -0.05861956337892564, 0.08314990000444972, 0.04777062040223253, -0.13589215926926193, -0.04202223903998783, 0.16982824193541968, 0.0015120169363490306, -0.13408982280946175, 0.27626681958086907, 0.18401278029080198, -0.10205447825251351, 0.24504450503742148, 0.06581141317768, 0.02743109626340869, -0.01706000588886775, -0.0867429813834848, 0.13173584914681322, -0.10310854062505652, -0.16098551355334068, 0.07153858603862402, 0.12015153793425927, -0.20818412799831987, -0.05094351525567576, 0.11339725704999093, -0.21137904070600722, -0.007802031913196532, 0.11735077082718767, 0.02817474364486802, 0.012850495921833297, 0.18884936142625838, 0.08415871144302271, -0.014375884051738523, -0.223240113985715, -0.15230606926809506, 0.0240661749451351, 0.009880220587654791, 0.10678985095993328, 0.05765843544001929, 0.264161208131353, -0.04575125932940325]
-384.8339727910129	(9, 12, 2)	[-0.23506972002941592, -0.2036615319016635, -0.2445151134150742, 0.15361330817467125, -0.12481725393010897, -0.14325011538690277, 0.04121895481564635, -0.20339479532411947, -0.0019352614474913525, -0.011022198947174879, -0.2538591374748594, 0.1682795220941816, -0.22106798796282878, -0.10128397920117682, 0.3746856901959093, 0.30001686442262293, 0.024046551372916156, 0.08126409949008177, -0.10650761140874447, 0.29231594589037635, -0.19666608469814534, -0.11314946546282667, 0.18651479240796107, -0.08863774593373512, -0.08604223380894743, -0.13438561837067844, -0.14792959013949392, -0.010028804593194846, 0.23752246141990452, 0.10288055078082348, -0.12496230878053381, -0.1696183968548336, -0.016477235376620984, -0.014341207011940511, 0.27378621915139295, -0.01848391805171701, -0.18822713690806459, -0.08203559829529614, 0.19245589582710215, -0.026264509703716542, -0.1604961475137353, 0.059798968654283476, 0.060203221865575376, 0.07617071697673708, -0.1345509932541822, -0.13707451246639887, 0.05896955730900935, 0.03958648380118948, -0.05541455819098448, 0.3497985075139777, 0.049457839464666156, 0.2601252360413365, -0.26753747932369987, 0.1616273040453743, -0.12673259342679785, 0.08211056438090236, 0.2673479383596097, -0.20393170670900612, -0.26351276648056887, -0.04511190710287764, -0.0715980368040749, 0.0024800833765942897, -0.024634608479408338, 0.02811328133971941, -0.24344449404368507, 0.2801381048050159, 0.13434595630095064, -0.09725926817542267, 0.11856171777770691, 0.05148043476097596, 0.03682157326351565, -0.04685388727936315, -0.0587318710676363, 0.205860424134412, 0.19177609416109365, -0.1579261842098587, -0.21323519707831134, -0.18551633879724141, 0.21161297277673666, 0.004815828123840936, 0.17964995295549538, -0.15067337491036298, 0.015285028179763096, -0.08095104313531996, -0.012008518032248125, -0.18923342620207056, 0.29658962891830654, 0.1568213244814203, -0.14909673899993187, 0.14422458205319824, -0.05863148173989981, -0.06945659136762482, -0.059085361235609965, 0.08135455424462734, 0.05106766025124184, -0.13652080532640865, -0.053921334678578126, 0.17108557728207696, -2.0269255543302663e-05, -0.13580795415214508, 0.27102797643725335, 0.1634293313258913, -0.10658109121205472, 0.19530170566209476, 0.07089233259555001, 0.06943096830157795, -0.016095230129045575, -0.08218467275676394, 0.12433039801352042, -0.1451773644521337, -0.15778522711578877, 0.06486230587124817, 0.11445257263811265, -0.18748958647362038, -0.15074493985003848, 0.11754442081545581, -0.20947734195794263, -0.006709798859507229, 0.1127556465563353, 0.04248016481022802, 0.01236630223617104, 0.17754963410267546, 0.11499722432493098, -0.014674499982432455, -0.22248151333576893, -0.1516973104880009, 0.02292733984771215, 0.0013529247107800292, 0.10184801165148702, 0.042528371964868146, 0.26305364069841053, -0.0352820263037554]
-407.671520070518	(9, 12, 2)	[-0.2352099318759494, -0.203889324135274, -0.24422349949627453, 0.15628278417631836, -0.12388040007925154, -0.13962798850809302, 0.04287868567687628, -0.20111366879326187, -0.0010080585207870626, 0.02551631377078103, -0.2576271907984991, 0.1751224268375852, -0.21799198682287504, -0.09962471301310535, 0.3777113673519334, 0.283977985970309, 0.02472239304000206, 0.08082433538262596, -0.11050647920060933, 0.29130312154349075, -0.19699988020552997, -0.09403942617724427, 0.18766229051858185, -0.11496336633371818, -0.08502797780975796, -0.11711667248220971, -0.12707576834492518, -0.010672173919762691, 0.24284979736592133, 0.10537834805652775, -0.13050527279635685, -0.16608719207833622, -0.025693593892200328, -0.026105409997420552, 0.27543742717465336, -0.012537375763802566, -0.09932613634911147, -0.07074626876892705, 0.19285912885094136, -0.0180336878634062, -0.16003421097935078, 0.06004695992578679, 0.059301972465013494, 0.0784896237122252, -0.14675520652945764, -0.11904305457649997, 0.06361644622000331, 0.049260775443756136, -0.05977145176496863, 0.3457739042009946, 0.06480606016552223, 0.260951028060172, -0.2688526979579079, 0.15558971903463165, -0.12645401731994033, -0.044409098180137704, 0.26497600343255057, -0.1986115988946871, -0.26200399616789605, -0.04237298085130711, -0.07165927589496479, 0.0031937148226944484, -0.02554488468045943, 0.025220964040055242, -0.24271632579614982, 0.267419348778973, 0.13248256041706447, -0.0950639372587417, 0.11793839683114736, 0.04744706457462047, 0.039402299673404126, -0.09292220167279312, -0.05760731097838559, 0.20574073752227193, 0.173945408968869, -0.15852189273437578, -0.20990964420156025, -0.17043310901161524, 0.21578657763369563, 0.01881929528073272, 0.18838003351386692, -0.1515981415912431, -0.03555764195243586, -0.08109223369359933, -0.01211248394530848, -0.18947275340264647, 0.2967902933606409, 0.17436922411062325, -0.14732347075554728, 0.14551398606256088, -0.05516449275335645, -0.07239220327640336, -0.05905756410098454, 0.089192532897981, -0.009954525101417554, -0.13637894154986627, -0.028600063513960366, 0.18796151482796214, 0.004788188972928101, -0.13496960532550203, 0.27137513491163134, 0.17987375619974705, -0.11338754498895552, 0.1898646153087314, 0.07066004162151249, 0.0416865492339216, -0.017806680525851163, -0.08359281584919862, 0.1129120647746149, -0.12741883944074275, -0.15883985776875, 0.054437974363739816, 0.14930680948519426, -0.2013856072546655, -0.11507844201770095, 0.11961225124214486, -0.19398736973506886, -0.004255835095150838, 0.1133698682037445, 0.02474068221703113, 0.01238605458626019, 0.16116730024450127, 0.11530510483202033, -0.014911236392415409, -0.22299665527949045, -0.15235079561480025, 0.021901538787899043, -0.005256926234853298, 0.09755621244082073, 0.057022325447303, 0.26344204328807025, -0.03216297900782092]
-239.38742427753596	(9, 12, 2)	[-0.23588368822041172, -0.20577897745621493, -0.24231092802700865, 0.15192917220569135, -0.1252793506519583, -0.1455916269049457, 0.0389518686982434, -0.205160580741115, 0.01149607685379141, -0.011263907238555596, -0.2542346507117388, 0.164492064911426, -0.21805889243320442, -0.10159264965458573, 0.3782190922598144, 0.2971963234393758, 0.02295628075049845, 0.08925472618611768, -0.10769633328742266, 0.28854700757015017, -0.19915152282595394, -0.12071290715873595, 0.18655421090386332, -0.10603999066872566, -0.0858243777699724, -0.13843810115772337, -0.14424064124987546, -0.021687561176483534, 0.2482910614277067, 0.10342940256016009, -0.13150849750813806, -0.153224487624056, -0.0164443883079204, -0.014106649350804926, 0.27273991372922324, -0.013190129185502109, -0.14461849673885308, -0.056334906690045636, 0.19677352888451294, -0.025768711169254464, -0.16571017224383763, 0.08189824474641519, 0.05993938184050602, 0.07809332136889205, -0.13438744290643917, -0.14895538379243073, 0.06476307314793876, 0.0477252347734701, -0.06054590221209065, 0.3431242259883595, 0.06322706620309083, 0.2601375858831477, -0.2712123273203803, 0.16660493841032956, -0.12655767395785653, 0.04773931531511463, 0.26632074437066977, -0.21030523226285547, -0.26076552406715575, -0.021141586153272596, -0.07282774447500753, 0.0028087219764627454, -0.026646094260789746, 0.023011901916190344, -0.243017110524101, 0.2795550553229424, 0.13128384806781276, -0.09460714450033614, 0.11691758329669275, 0.050953116931214126, 0.03866890375993456, -0.047096941499959834, -0.057299169569751104, 0.20610090795849628, 0.17898654439980796, -0.15849351068702142, -0.22313677604837692, -0.17876902075421958, 0.21263732376251887, 0.001528071901895732, 0.14654310995383577, -0.15312465889033267, -0.020125096675629867, -0.0810570054979684, -0.012359308759114314, -0.19073956826689334, 0.29760634109987905, 0.18007058464663395, -0.1495221553657663, 0.14098804215275265, -0.05518390538576305, -0.07049451243461566, -0.05881538444869419, 0.08303270995784626, 0.05305439604138903, -0.1378579427091034, -0.02701697388113171, 0.17159223819220226, -0.028594796402239806, -0.1360312163395702, 0.271729857893112, 0.1823727713932864, -0.10559797591645553, 0.1908592976086624, 0.08172866844265507, 0.03878568108677942, -0.01844394440230008, -0.08263061883253307, 0.07661639244577015, -0.1542878620976228, -0.1446152003406662, -0.09321035443012982, 0.11324425496566051, -0.19755393827652734, -0.11132213769750823, 0.07061596504773184, -0.2095255386564752, -0.009436412885156883, 0.11352918700349285, 0.05596321794844287, 0.01273322055052856, 0.1674377536439564, 0.10283182824815608, -0.016241845318569384, -0.2226525257557615, -0.15630941243180818, 0.022564268894672942, 0.015162075579648882, 0.09101085502210352, 0.04721146237110157, 0.2647425794401849, -0.05352824776256815]
-179.89475219366793	(9, 12, 2)	[-0.23756184244908649, -0.20532932459174927, -0.23943670763277122, 0.15554980180596117, -0.12536330702606013, -0.14531723980482, 0.03775008450765727, -0.20351598290681946, -0.001075879515070636, -0.009944516664834258, -0.2570205232426913, 0.16426258001366875, -0.21759319171560895, -0.10177290355790297, 0.3863306098572014, 0.29404802292560756, 0.02512341317609391, 0.08017325091752532, -0.11001561564578474, 0.275154456196848, -0.199864922361787, -0.10236880679242681, 0.18730977694050074, -0.10767162466374139, -0.08911069279615415, -0.12964151882494834, -0.1391279733491328, -0.010485101876936164, 0.247595991608536, 0.10282974226163119, -0.13372192284848328, -0.17661682621851893, -0.01651681011167697, -0.020915487845181706, 0.2734902684117311, -0.014556302600322174, -0.1441245482556041, -0.06843945568804055, 0.1923712301732585, -0.02658112400562222, -0.15729614438298203, 0.060176374439024814, 0.05936581742715817, 0.07654933325247741, -0.13419375416972742, -0.1523251090117283, 0.0631761466874187, 0.048780727421008994, -0.07780152235172426, 0.34442660778072615, 0.06451941114859314, 0.2593887975942287, -0.26973894925118486, 0.16920308190147035, -0.12686349137454755, 0.04269780631855854, 0.2647451464629933, -0.21468960894437095, -0.2625936929653911, -0.033860170421081054, -0.07213817687972326, 0.0019798460450974036, -0.02718610858704115, 0.023243619267615097, -0.2430505577190324, 0.27948205148756, 0.13584606798094565, -0.09337893635751777, 0.1173217534546439, 0.04931617685397311, 0.039654098972782326, -0.05067010251038372, -0.05754108656655919, 0.20524384670273746, 0.17576360197855578, -0.15767487582765244, -0.2148840231153638, -0.17605618066741002, 0.21253148877787273, 0.0010621925113670047, 0.14758010712114328, -0.152158190371371, -0.039602178802662404, -0.09010803910096628, -0.01305199365510015, -0.190416816673891, 0.29853923947681493, 0.17523921593381747, -0.14933177387322202, 0.13538329935791488, -0.059683938794566856, -0.07592222856720132, -0.05863280570159866, 0.035725074990223794, 0.050406746662451846, -0.13773231852982903, -0.054535165519996, 0.1730274298097485, 0.052697776447261854, -0.1360362685216151, 0.272044480351172, 0.17864159709058217, -0.12426699924841156, 0.19833397805589198, 0.07705290631482434, 0.02072892191948662, -0.02352819120646487, -0.08257733067994176, 0.1228575295472567, -0.15398447460885753, -0.1532670108349032, 0.13865668394861078, 0.13689621441002903, -0.20474354579085452, -0.14174054542363637, 0.11351728277757703, -0.20139917941742141, -0.009222930461355774, 0.1104355006886707, 0.08911651806795119, 0.012599714817879196, 0.17639157409524386, 0.10114919858164911, -0.01554144443766959, -0.22327526585097102, -0.16069589672309958, 0.022836063987531845, 0.026887450410244627, 0.10537487442776594, 0.05547050304645923, 0.2615455688217484, -0.045118611026612306]
-232.0696398082477	(9, 12, 2)	[-0.238406238213062, -0.18864220540162122, -0.24094309314586548, 0.15396112765946413, -0.12508201223462118, -0.14501142706033335, 0.04056840627016679, -0.20257472968824433, -0.0017544873000892632, -0.011958700089323628, -0.25536600728858505, 0.16422510406262364, -0.21442402815671235, -0.10194112474929594, 0.3881020670021845, 0.2924514152611086, 0.02352231343673846, 0.0829666065779073, -0.10811166983271814, 0.2807577116343074, -0.19924405673126852, -0.21378958432694573, 0.188023198388118, -0.1107467899452774, -0.08734263845082095, -0.1370120583537997, -0.14126681384547107, -0.010487100339827854, 0.2532867265143713, 0.2794227486788349, -0.12993951896403386, -0.16886630127275998, -0.01442101041444566, -0.016077397930216716, 0.2736531699882265, -0.010922376694348925, -0.14467076791416994, -0.06686457942913598, 0.1937572308275935, -0.023429772098802485, -0.1596843617403707, 0.059652718025073465, 0.059953717240807, 0.07661129175637552, -0.14133986282775024, -0.1503510654426533, 0.06464884663916601, 0.04890198590657597, -0.06261883169127634, 0.35454840520262526, 0.06453265061081728, 0.25906094752746744, -0.269773109480354, 0.1652517541597351, -0.12723522323884703, 0.03999025425660578, 0.2657545410695793, -0.21352165172045576, -0.2600122214985762, -0.03824031076162243, -0.07207849275223341, 0.0032418094910324838, -0.026647767103905602, 0.028108515225097414, -0.24293028862252256, 0.27936869483085036, 0.13616049591199586, -0.09484831580038647, 0.1163158291593978, 0.04900332584506725, 0.042557511194243655, -0.047099346995634, -0.057674080897245406, 0.20551827318881982, 0.18276099347345023, -0.1582368269473133, -0.21661168283088533, -0.1767518997683422, 0.21288871349241045, 0.0032131608954998315, 0.1478442181313403, -0.15024861204894616, -0.025014746481243327, -0.10430689197584965, -0.013021181178974004, -0.18819859449033585, 0.3113069832384146, 0.18114589656294244, -0.1362122940222194, 0.13756535374650913, -0.058324372883762174, -0.08418318301333134, -0.05481464995676661, 0.08272382784718793, 0.0497248881510039, -0.13933928482606334, -0.027909622728172913, 0.17256703161754322, -0.0016703254212154625, -0.13755336811324634, 0.2720389765082675, 0.18326433252568788, -0.12030363712360392, 0.1921141768953408, 0.08197169999187329, 0.0345274535447414, -0.024009178134081228, -0.08470937005559614, 0.14170411245595269, -0.13834674754845094, -0.15644595898562894, 0.07572116761471129, 0.15028601717818524, -0.205283558818552, -0.12496968165530636, 0.11468239066661956, -0.20552776119907393, -0.009049958039943747, 0.11266504423465906, 0.04344654449775057, 0.012257324839151087, 0.21430886930020154, 0.10053002513983293, -0.015751034612391933, -0.20882175132159084, -0.16705605886228259, 0.02282145506293303, 0.028446939645082877, 0.11101799708527732, 0.07270562322347293, 0.2628148882074342, -0.042845543895137096]
-278.7824281040822	(9, 12, 2)	[-0.23465185667893462, -0.1981241369075482, -0.23825994128424774, 0.15416522859125395, -0.12512077751234987, -0.13701674739197, 0.04105428685586894, -0.13563380738817865, 0.003330614820693733, -0.010676117256147047, -0.2566596767939401, 0.1650712704873328, -0.21683333447193823, -0.0920876273617627, 0.4017791071598598, 0.29580237915805513, 0.023778712499031664, 0.08240807339828532, -0.10706569039838353, 0.27287670256525487, -0.1990254176659274, -0.11258104427828436, 0.18749123213564772, -0.11009506849553878, -0.022005786075640084, -0.13489642622280895, -0.13084591266269918, -0.0027529693571821104, 0.25269756358763085, 0.103232208500927, -0.12871050158103375, -0.17484041710008788, -0.01769530306092985, -0.018375729482633038, 0.2737881546913588, -0.014245605561232604, -0.14910372871785996, -0.06160378898029199, 0.19781076981021606, -0.020491665829319734, -0.16290817094301838, 0.061024388946532795, 0.05945408845642765, 0.0823966595294186, -0.14763212627821054, -0.13535729478979067, 0.06673239521582211, 0.05511316438420915, -0.07042146240138036, 0.34473187893284785, 0.06359403572866651, 0.2592801616576973, -0.20107250026592133, 0.17079071472623963, -0.13325366013024562, 0.045322252122025106, 0.2644185264512884, -0.2162295220226475, -0.26199638677567866, -0.03848214783207975, -0.054315122757703505, 0.0012650216626530415, -0.0031680962723336804, 0.0246119406911979, -0.24334595432869927, 0.27537018502407884, 0.13081625667278937, -0.09555215269766903, 0.11711888143013469, 0.051481150688598334, 0.040836634256251704, -0.0521704350591392, -0.05749412326358133, 0.2059723798216181, 0.17782581448994794, -0.15887954624884965, -0.21758065305630617, -0.17809006225120277, 0.21235020759186163, 0.0036650265128259285, 0.14686203880408913, -0.15323386653948967, -0.024953518172908955, -0.08125017797916223, -0.013740553943461312, -0.1895108368045975, 0.30174478481709177, 0.16769121201540935, -0.14867244215105663, 0.14286641621891444, -0.055541082084897136, -0.07602005786000496, -0.05892825132474544, 0.06366609065243478, 0.05304932573563205, -0.13805600822056197, -0.037675311657329597, 0.16837111189189014, -0.01610935817630514, -0.13644662728814433, 0.2720893010024314, 0.18335918797657325, -0.10967896853490487, 0.19547117758802798, 0.07709897991925595, 0.044014006925442356, -0.03951063720709359, -0.08470572145320651, 0.14236958947479017, -0.1410318787642588, -0.15175867057540104, 0.060867223973419954, 0.14307838736066508, -0.20192631593321791, -0.1306034509135092, 0.11301848263061487, -0.11473453758332529, 0.08436221603492501, 0.11373376520217038, 0.0549368227672639, 0.012807889301507617, 0.17671715964117088, 0.10264511826962346, -0.015826250049329936, -0.22288628961368123, -0.16505370510289646, 0.022270524382361642, 0.011520585065822488, 0.08687659805325003, 0.05772547346768468, 0.2629457485702215, -0.04146629524212353]
134.47317094513616	(9, 12, 2)	[-0.23580115543591507, -0.20448266231004966, -0.21742248300685807, 0.1549329072111089, -0.12526267448898054, -0.1413884568608079, 0.04075168124914142, -0.20571118486224294, -2.233929793638435e-05, -0.012888504176568297, -0.256981981301403, 0.16488347944800574, -0.21673205133073364, -0.10181824694901837, 0.395695303894975, 0.2929283006393737, 0.08702999551122809, 0.08614002620111483, -0.10826337618332434, 0.28631431569740395, -0.19947821556274797, -0.09491378942369773, 0.18758097218783915, -0.1094966450441163, -0.08594207190974712, -0.1392007368637246, -0.13639813842600643, -0.005582760344446509, 0.2517784236796987, 0.12510255673075674, -0.12935267991130112, -0.16749014997384085, -0.01788915312963281, -0.002839713250141829, 0.271889509339036, -0.01288509363721492, -0.14321646256868217, -0.06844199901961569, 0.20195547469617392, 0.002194414216451827, -0.16002773053517974, 0.0597821029636052, 0.05959352046399334, 0.08003219049104839, -0.14437749122025856, -0.15215956982946868, 0.06396294786070643, 0.04478443528856385, -0.07138237178065854, 0.34026963474166994, 0.0565850750820902, 0.2502062550371947, -0.27045668794369826, 0.16994071056155435, -0.12696467720195745, 0.07299250258277713, 0.2646580869544941, -0.21304535489888002, -0.26999706413287233, -0.03740896991834054, -0.06774531649530846, 0.00614710320470767, -0.02773793364644943, 0.029341961118936926, -0.24308468734023414, 0.27561530462419254, 0.13396856356578196, -0.09540185186575466, 0.11784700063472267, 0.05027625675284528, 0.03926928094942404, -0.04680515393018571, -0.057615381851942336, 0.20594018853402865, 0.200802855407886, -0.15801378978633865, -0.21611575934908744, -0.17197191965447745, 0.21222612061336854, 0.0011956258287470166, 0.15221637233037985, -0.15195500017176133, -0.022818168749087386, -0.08833108384003793, -0.013310300988038988, -0.18812982747392393, 0.2975472988521694, 0.18049892891743965, -0.15149441862893404, 0.13975756798829894, -0.05669119483607205, -0.07359596594310869, -0.05897541051071389, 0.06927744237855445, 0.062133161795696785, -0.14052553384343294, -0.04195625922523917, 0.17570830867168818, 0.01538556453012293, -0.13588427851938545, 0.27190386943933154, 0.18350953428407266, -0.11950595097526301, 0.19379487191059735, 0.07573754274687364, 0.0295052186217807, -0.029624179422707318, -0.08443356004140598, 0.1261178907867292, -0.14190872237217622, -0.15593653767716803, 0.09427826999640776, 0.1341686238061391, -0.20106167878142212, -0.13769340789605078, 0.11475040877490238, -0.21102109217941423, -0.007976338132661472, 0.1159717657845857, 0.040148148792760074, 0.012663511768803652, 0.18363363359121204, 0.11233780109070703, -0.016128784377942754, -0.21948830694582375, -0.17128238632134368, 0.022324314696018425, 0.026057053164195286, 0.08529363537857024, 0.0647742468339208, 0.2624399023261972, -0.04162475644668537]
-152.87688600250104	(9, 12, 2)	[-0.24250373180483492, -0.20247201160517272, -0.24261696451266174, 0.15502729045333621, -0.1246483874188391, -0.1448113749317966, 0.043322719586319176, -0.20438747449217506, -0.0009519929697963641, 0.030725183896283464, -0.2557222734727467, 0.1642847824715935, -0.18855428267329033, -0.10193212630710645, 0.37947644085174287, 0.2906656447178682, 0.02150883575161578, 0.11123832007388271, -0.10859845978582186, 0.28178535937125576, -0.19471646186379105, -0.09893541273696116, 0.18712728766949294, -0.10793201406377631, -0.08748575144024644, -0.13362935923275898, -0.12440431192755827, -0.010896074068810005, 0.24898222872373793, 0.16044189537243964, -0.12661043318807785, -0.16846257434380016, -0.018424417929301475, -0.012440658219561983, 0.27153118211274213, -0.11034368768471657, -0.1426325208159024, -0.06754197189874969, 0.19532810416692536, -0.01717739491917829, -0.15952661069931764, 0.05755355808750886, 0.05858981789858744, 0.08079739851361575, -0.13832844579898462, -0.178505238644593, 0.06592037903932041, 0.048480427060402134, -0.07056052666833526, 0.36341336171198907, 0.06375347420172428, 0.26033039144932435, -0.26983838224053736, 0.17211861970815806, -0.12845570335640719, 0.05004942204496801, 0.2651855976088538, -0.2183345536162434, -0.26127492995176804, -0.03581215987691585, -0.07026534067562214, 0.0018540160704804058, -0.02681239297670221, 0.0320294357111843, -0.24299807389948935, 0.27076473255650474, 0.10285470406606778, -0.09781142500394334, 0.12097406906691333, 0.05051099306906573, 0.04124873203732305, -0.056251254225838515, -0.05774622972935492, 0.20574378204065008, 0.2434461070418519, -0.15842514210416309, -0.21643766554889515, -0.1807983043374014, 0.21544230313958943, 0.0014869308166338628, 0.20951386719255993, -0.15309738328697825, -0.01872099189422724, -0.08681529690025576, 0.063429315209413, -0.18920691070654166, 0.29741661321469903, 0.1725352042042089, -0.1585680407339968, 0.13255986649937848, -0.056342588927347836, -0.07735465510723055, -0.05842767697842263, 0.08135468361275484, 0.04884875306542158, -0.14033240339781264, -0.0286352629243648, 0.1757883771054987, -0.001690475003917008, -0.1373908166143175, 0.27192341775603623, 0.18139531717896096, -0.11584165775054941, 0.18928201928121996, 0.0893113844477724, 0.022789114099532666, -0.02310712329606607, -0.0846365282957174, 0.130744745794787, -0.14170789875156037, -0.15856796471341433, 0.0659330251353381, 0.13939977157656025, -0.20194278692649928, -0.1262848543602135, 0.11375226312605495, -0.19576575856839928, -0.009181072450891246, 0.11391264074040294, 0.03252151160695286, 0.012457912440493803, 0.17591397529689812, 0.11097712512912031, -0.015185222747641643, -0.22751956796709855, -0.16689579171733981, 0.013922698363406783, 0.00995469759676159, 0.09167426374222773, 0.06131123369094867, 0.26293343608037606, -0.04085690004159404]
-240.38243304464507	(9, 12, 2)	[-0.23617691873611876, -0.21404037848170704, -0.22070251357125112, 0.15580130621538169, -0.12514174970264605, -0.143135629746437, 0.03874197867254965, -0.20534072316234547, -0.004617894038851409, -0.009301733445357363, -0.2560870403240824, 0.16565496095992654, -0.10509868796260148, -0.10173470793649345, 0.3958196973576391, 0.29434919321061204, 0.053974654102395034, 0.08313524979136305, -0.10813172523846673, 0.27400393735457984, -0.1991020072716429, -0.0977937902300335, 0.18763088202929137, -0.11175422302720027, -0.06396580097253875, -0.13592549929540088, -0.1291475290760587, 0.009366947060591258, 0.22257194497000327, 0.11159682185228864, -0.12940494528892302, -0.1690131041980666, -0.017855704554795945, -0.012241148776421348, 0.27176360114259934, -0.012164024021439382, -0.1408275175331828, -0.06669144895681353, 0.19509872903645364, -0.015976179115055153, -0.1603089876341195, 0.06223059350243283, 0.05949098660891424, 0.07670072769959795, -0.13938414060468202, -0.14321450769349953, 0.08862634425531585, 0.0474127135283412, -0.0685732769071904, 0.33051412903360244, 0.06404111564803863, 0.2502185898504463, -0.2372256695970517, 0.17060626446582672, -0.12351066211681003, 0.04583930391087769, 0.2654094642009193, -0.25056915773638505, -0.2696542829690816, -0.02467013170633632, -0.06796425986306835, 0.02006114039377911, -0.0015882734852284443, 0.025164341295769416, -0.24298060286464362, 0.2729365998901121, 0.13260001550722628, -0.0942886703354698, 0.1175607249789861, 0.045160382063295, 0.05408654566339556, -0.05652245284900595, -0.05766143135830993, 0.20491707338208287, 0.20373511563824542, -0.15808822141708279, -0.21569203996942576, -0.16665053867446153, 0.212734596352364, 0.0014201249284321149, 0.14044776588322705, -0.1538624364398619, -0.022706881686097285, -0.08971566925381612, -0.013522321600294063, -0.18900101183100063, 0.2979271744619212, 0.17430497726966254, -0.15033443082181575, 0.13830528171664536, -0.05778991871636069, -0.07220506559394449, -0.05895657367781834, 0.07170121788522855, 0.05567708507618105, -0.13944028071705064, -0.031165441395903465, 0.17409391023704232, -0.00022877599949973164, -0.13667812956317266, 0.27182825705874364, 0.18538518073853433, -0.11547420086341993, 0.19519201738468273, 0.07536826594624292, 0.02728122617704036, -0.02164816056907271, -0.08360596380754215, 0.1290167602179797, -0.13147858456442055, -0.1551506564159405, 0.06200671457486345, 0.13869666333656533, -0.20263370225746327, -0.12921037151780237, 0.11318846942059385, -0.20806427963054333, -0.00865388590098395, 0.11575020273516365, 0.04610219293500563, 0.012694149615779221, 0.1724862908401381, 0.11256202353100622, -0.015615921149153644, -0.2207897058219114, -0.16200793646285383, 0.02155474667546931, 0.01786844229944854, 0.09560379605800066, 0.060264792023685024, 0.2632405982589814, -0.03955388971665684]
-312.4939296200203	(9, 12, 2)	[-0.23576239106234478, -0.20191535093504986, -0.23257581555900966, 0.15751422535549187, -0.1267909461377868, -0.14438582927962101, 0.04178910182044125, -0.23545447400501998, 0.0003748162294571992, -0.010370645718911956, -0.2553064829155892, 0.16539508739441866, -0.22559555584615903, -0.10097551754286063, 0.3877515803314289, 0.2947629516449506, 0.047814062750310485, 0.08647732594867225, -0.10799666560201113, 0.2860935623188757, -0.19824303969950943, -0.11688586368885301, 0.19147694865367687, -0.10900912641657179, -0.08671911481816735, -0.12784503929942098, -0.09282939199043065, 0.004187243679717271, 0.25206454519960536, 0.10436357279162842, -0.13153300475720117, -0.1679654255022946, -0.01697427372236446, -0.01118779060611625, 0.2729164158478516, -0.013504068702424474, -0.1447853453460001, -0.06965708216286248, 0.19614917538648818, -0.018035541268634103, -0.15828945975977304, 0.059979694597533564, 0.056840364008062805, 0.06255459590110408, -0.14197427851733496, -0.1468513117406075, 0.07193980557121428, 0.047477755289322826, -0.06554223214211097, 0.319925117657725, 0.05047400510847123, 0.2537364502708755, -0.26977507400635237, 0.1692278231198762, -0.1281246405657582, 0.058726504554915515, 0.2654272697919473, -0.2165268245401503, -0.2617800340205972, -0.03584315567055915, -0.08224849061029664, 0.008223991568104353, -0.02910775736645433, 0.026540415782738018, -0.2105051844753971, 0.27285805761687654, 0.13212907795534684, -0.09696124023541416, 0.14131891711369196, 0.04921459110923265, 0.04014527435660062, -0.05328516010989638, -0.05774928367662645, 0.18013889997457036, 0.18267493883302366, -0.15872579066653172, -0.21723507697511013, -0.17567367416588475, 0.2124810739195524, 0.0028169881421012963, 0.15318408672156206, -0.15303389950035728, -0.02356517254114042, -0.09027868615485467, -0.013886451789065269, -0.1889294099458966, 0.29775781542540514, 0.17586557767983582, -0.14905229831879346, 0.13389318466150169, -0.05668467637454375, -0.0753477299217296, -0.058181718082851906, 0.07909951554986197, 0.06333855888437, -0.14086753209387484, -0.029817284407771746, 0.17196489892223377, 0.0020687836108719093, -0.13617755714782365, 0.271775721942385, 0.13465641579244358, -0.10684877734000443, 0.19311630716900688, 0.0862877840085014, 0.030156884307445224, -0.024742535313213743, -0.0907075306344577, 0.11918652683886936, -0.13661353131993725, -0.156284547989652, 0.10592600401449628, 0.11489920913923266, -0.2017877148760412, -0.12703885086359923, 0.11444248730745091, -0.183377063580633, -0.008582984202875819, 0.11410859557807021, 0.04009912233819636, 0.01262898256702031, 0.14847234935792303, 0.10854986115781429, -0.014966394860596746, -0.22253570133514333, -0.16942711379688968, 0.02160016290788401, 0.01742484351007492, 0.1008673491409229, 0.05961365408614812, 0.26271466333545324, -0.040777422814598216]
-121.4917647705102	(9, 12, 2)	[-0.23603355933949616, -0.20894217103219886, -0.23498083605541215, 0.15642745480911444, -0.13672781817581062, -0.14407351965035536, 0.04038515070512038, -0.20977401200965887, -0.001290668608138787, -0.003854384916476288, -0.2545900051385627, 0.16542331081909747, -0.20250784422269463, -0.10593483940740181, 0.3925066119195493, 0.29472667956163445, 0.03989104115344958, 0.08755312782829901, -0.10757527785521448, 0.2807576010701542, -0.19884127940867855, -0.09766270272455194, 0.18750519432670212, -0.10978438129991261, -0.0827672278197249, -0.13267350235377068, -0.1430487978290343, -0.0026387702455912413, 0.2332543768653169, 0.12774743048426526, -0.12952188124529213, -0.16970568801653088, -0.017115027711413797, -0.01159030410860963, 0.2724512435651767, -0.01642434686559037, -0.14176717407331924, -0.06937770602349111, 0.19553491630565278, -0.01299055130145714, -0.16377514592942066, 0.06153959218560082, 0.05754021628652469, 0.09696725243299191, -0.13957606058244032, -0.14675363272983355, 0.0691619117127431, 0.04575350433547, -0.06734657378281757, 0.3379424181900556, 0.06309323515912559, 0.2591908809022374, -0.26201273645103734, 0.10955849926147701, -0.12164075908494512, 0.04807280540428565, 0.2638608773577182, -0.24371225321575693, -0.26365776408112496, -0.035245126125817025, -0.0705999533339248, 0.011328445921115777, -0.019536022676872128, 0.026748645214231592, -0.2160888734999742, 0.27533428495362916, 0.13314583850199527, -0.0949877905517541, 0.12261396325837937, 0.04868082728534036, 0.04321031256314753, -0.049738077753563634, -0.05792489046522497, 0.20520939488273032, 0.17995639127416158, -0.15805347051538132, -0.2125513401375341, -0.175421485881567, 0.21403625939898177, 0.0030541482145413088, 0.15209604528518145, -0.15221549739180223, -0.026905142743877553, -0.08795154820846877, -0.009779103093792714, -0.18910561126855333, 0.30042871148070904, 0.17505929208352944, -0.15335359824741596, 0.13652763852995103, -0.0560345766925992, -0.0717598207613518, -0.05877555829714833, 0.07330702691998263, 0.051894249650108956, -0.13951003057436348, -0.027143981653355635, 0.1741515999853181, 0.0012249185314474958, -0.13634238437342433, 0.2723544552325653, 0.18280864356870485, -0.1154608621636945, 0.19399356029042797, 0.0762001781940513, 0.02958244377163985, -0.03017168789621924, -0.08355331658283657, 0.1245613160642477, -0.13342909970729971, -0.15537475815921248, 0.0609074117334716, 0.1445124497267331, -0.2011424564617323, -0.1296222394100622, 0.05060676228040807, -0.20819328365108888, -0.005343852222019314, 0.11667711521534781, 0.040098511745724104, 0.009541866839228932, 0.18014059888095912, 0.1114646579691777, -0.015307161305590768, -0.21972447148233853, -0.16185070663401185, 0.020635714724006094, 0.016062061575768914, 0.09058956377707982, 0.05859389575966288, 0.26343079416527776, -0.040976154741967995]
-337.3637520733691	(9, 12, 2)	[-0.23785917078520338, -0.2048438540896083, -0.2374202819473416, 0.15603508099806795, -0.13259512158161757, -0.1425408194213304, 0.04169389089306049, -0.139085382061647, 0.000375667496462788, -0.012047389654893916, -0.25624474054863644, 0.16002436001331033, -0.22049270184953904, -0.09123266236230784, 0.3913754698040095, 0.30062111235097133, 0.030055537875872118, 0.08589427885544214, -0.10515591519610364, 0.2796513980386899, -0.18991295892648416, -0.09619381238998709, 0.18790247675895672, -0.105952134722903, -0.07977214603303685, -0.13724242631576233, -0.11182437648827073, 0.0024945483194816747, 0.2502084890135179, 0.11362763048384344, -0.135363423491089, -0.1691945058862011, -0.0173900189186912, -0.011619949661905944, 0.27278531856711535, -0.013660587967003056, -0.14444328441316862, -0.0690154145582717, 0.19712745967992537, -0.018266151976909423, -0.1499758309778721, 0.06031898690848812, 0.056439637866556584, 0.08027283156528396, -0.14193845227407262, -0.1447308452909363, 0.06721333343337006, 0.051942513298340987, -0.06438052645361275, 0.33843448495341166, 0.060160448288138574, 0.25173959607744073, -0.26586489349570486, 0.17153497603265888, -0.12872243854557008, 0.05579148975440854, 0.2653292352020159, -0.2190027723226795, -0.26632262852167743, -0.03649220666227482, -0.07258977422152366, 0.025601855795736546, -0.03289846134402387, 0.030550473960623936, -0.24286322241261274, 0.2732803733524423, 0.13079331619172568, -0.09621584531461685, 0.1212509344775861, 0.04939043301677816, 0.03968823188726323, -0.055862450580978815, -0.057672605866164336, 0.20588822518062277, 0.1978275156354238, -0.1530783999260072, -0.2168346158992918, -0.17506414669316225, 0.21295874135294196, 0.0024262130597728824, 0.15695595766249565, -0.1547610599067503, -0.023929979735716162, -0.08931891445818446, -0.013619575937444046, -0.18884666280869006, 0.2980688649453351, 0.17697345640298945, -0.15254430669551014, 0.12783789108191157, -0.05676992765635323, -0.08038518167070736, -0.05859918766048806, 0.07849504422244408, 0.05530018730783339, -0.14851791048443996, -0.04492720411347233, 0.07049329460909802, 0.0001692143143500745, -0.13567242082326697, 0.2718775238744536, 0.16713427022503252, -0.11147353861021955, 0.18986584999880984, 0.07982584069275867, 0.02891767856250456, -0.02930401100885455, -0.08356815052435664, 0.12004431423754665, -0.14071010903610923, -0.1560355904607389, 0.08153051851567486, 0.13477744460440225, -0.2065004041983624, -0.12949647880849005, 0.11444885999346924, -0.2022321949147956, -0.006615701446856131, 0.11450256673383538, 0.03134622087000385, 0.02169695150722397, 0.1325202102278963, 0.09724746104457818, -0.014888967093698082, -0.22039088366370585, -0.16677881551314364, 0.021753665626994025, 0.014337920760145315, 0.09318510874581919, 0.05787047184266991, 0.2571947424216258, -0.040999240782805924]
-498.9969116925986	(9, 12, 2)	[-0.23545340953445462, -0.20421958617612038, -0.23060279446595805, 0.1578627636378348, -0.13211227391897257, -0.1425245023632765, 0.040696949195921595, -0.20569328858691904, -0.0031992279290087933, -0.006167052915549569, -0.2555906259780502, 0.16504730076767882, -0.21642933655105248, -0.10033379037457577, 0.39343784075461113, 0.30076852695904394, 0.04976915254251181, 0.0924341752369754, -0.10807358114083954, 0.27849599981346906, -0.19881862951697338, -0.09776831440123532, 0.1877596738324292, -0.10667605682968911, -0.08577909653759716, -0.13703745442268644, -0.11168034398514061, -0.10577451082903677, 0.24625753762250324, 0.115172482561225, 0.024934280429451616, -0.16796551157391826, -0.01766443254642268, -0.016176690943073314, 0.27189408181130403, -0.01319018682611141, -0.1431340433515695, -0.06725456209396347, 0.19506989633348915, -0.01854157809875344, -0.16007379352894113, 0.06388505058306714, 0.05781953042773249, 0.08097508243860148, -0.14040119446785013, -0.1524610922276354, 0.07128423004057173, 0.049747850447122544, -0.06860434883829575, 0.3382551205067591, 0.06217032587786002, 0.2567723982421923, -0.25893341453817253, 0.17045098918547086, -0.12728235084707454, 0.04750543414264082, 0.2643920095443777, -0.2238277120263023, -0.26551811725861263, -0.031910905658692756, -0.06712583303913615, 0.1404033789601017, -0.001786497020922786, 0.026849764599392877, -0.23559112797837203, 0.2741192789610857, 0.1316643435323133, -0.09520984614878733, 0.11744667724909053, 0.04952960660427401, 0.044020005552011014, -0.05606362175881912, -0.05771380892844898, 0.20570622098812602, 0.18449111545466013, -0.15827879004589096, -0.21591807190286516, -0.17187150118196534, 0.21341559619667913, 0.0026773211789814814, 0.14362325381532823, -0.14529879999126336, -0.0005708447373547199, -0.08823147970164129, -0.012506972414424495, -0.18903050910474198, 0.2986465597625967, 0.17457049607518318, -0.15121860591206687, 0.13676949091611024, -0.02153402120430324, -0.07467495080653686, -0.05891551290596536, 0.08216115138401414, 0.05374181247659474, -0.1393558878095481, -0.03446548847409775, 0.17342902026168833, -0.0010020716740002837, -0.14064547789220636, 0.2723083586856686, 0.197453348266104, -0.09741525192170229, 0.19338945167164268, 0.0761384414505566, 0.028042236701242607, -0.023662392527154588, -0.08359921661510054, 0.12285643091537779, -0.11833697799959524, -0.15552527293750873, 0.0663565615811232, 0.07312080612640125, -0.20106824042896831, -0.1268495057564537, 0.1295250917783079, -0.20894091197407988, -0.007224695851216436, 0.11925708254554149, 0.04093251648952501, 0.01168440279112977, 0.25090388979951017, 0.1092246789013533, -0.015081960854406575, -0.2175456492556412, -0.16548667955975604, 0.020556614877073567, 0.01637095340772743, 0.09299673898575686, 0.0578179309358299, 0.2609963024112889, -0.04136811095667734]
-96.19267820949716	(9, 12, 2)	[-0.23542502556457334, -0.2031764799720417, -0.23112971172854938, 0.15796814446031063, -0.1373363425394148, -0.14257053032822806, 0.041653926298689296, -0.20838508071860667, -0.0027082705820883593, -0.00944799945549694, -0.25553623418580396, 0.16501368723677967, -0.21911450462924958, -0.10037514660083816, 0.39295803039734123, 0.29824533890631433, 0.02920530200781452, 0.10239654015843977, -0.10586925119539166, 0.28083842201072573, -0.19868692819801803, -0.09718690876868989, 0.1878880252647514, -0.10786758424173984, -0.08620121410106309, -0.1374700937839361, -0.1172944107466164, -0.029606225064198067, 0.24283476542940813, 0.12315818411701576, 0.006268344588998682, -0.16959495063936145, -0.017178020062078418, -0.008647463643815915, 0.2721084546336492, -0.022588636707598215, -0.14080803812012133, -0.06829927513900537, 0.19586628146064602, -0.01704811941695877, -0.15887410302384214, 0.06762387849631916, 0.056291194356532896, 0.07632002001966927, -0.14063116244770424, -0.15222496328020999, 0.0701603891092533, 0.048761744122804845, -0.0672408672435912, 0.3337598701551904, 0.06114610328084888, 0.25652610212598026, -0.26290040548058374, 0.1715584796503688, -0.12416233852476291, 0.048603000232734894, 0.2644334957598979, -0.22379856847190904, -0.24941907513063755, -0.03590430141776493, -0.06918585692246923, 0.09133103564265073, -0.01836964624838434, 0.027070388595998116, -0.23454502966172516, 0.1913617185720466, 0.12712779031773777, -0.09546073677937031, 0.11760889980018843, 0.04936513809022031, 0.04297298749948114, -0.05458741729883793, -0.05780226426564293, 0.20691671708674297, 0.19782696053566146, -0.15915198392823426, -0.216029530182745, -0.19976760004805874, 0.21366219492556462, 0.0022995287958090978, 0.14417253526127247, -0.13859138913370744, -0.0032412566372590455, -0.0879974947949016, -0.011512114256014203, -0.18907989302841174, 0.24077964979416183, 0.17577694802252233, -0.156158225041399, 0.1360013915627726, -0.040703609410114014, -0.07654453060732885, -0.05852660106967692, 0.07820803688698597, 0.05415820135159339, -0.1398665097919024, -0.034808698923685315, 0.171129883301373, -0.001429570024937577, -0.13961784408345496, 0.27229582350897286, 0.19685803524400988, -0.1015954003566719, 0.19306040023190366, 0.0832778025801396, 0.029808539541420945, -0.022039291419044253, -0.08365508341852003, 0.1246560803300912, -0.1242187171868294, -0.15607595699750054, 0.0664993260764307, 0.10856066414495731, -0.20180997835834977, -0.12747196310080794, 0.12703746421354395, -0.20467518239132912, -0.005726753244362485, 0.11805179925541114, 0.034810795477617305, 0.010531287397954728, 0.24326985837469073, 0.10966821774057375, -0.015177633844746408, -0.23156895829877122, -0.16627162767188047, 0.020654300080676074, 0.01702888828793985, 0.09246325341281778, -0.15318211498786147, 0.26081198885363205, -0.03892265342846245]
-326.2636140003257	(9, 12, 2)	[-0.23632213895833562, -0.20637496973931083, -0.23888301040615617, 0.15810610388981916, -0.13650667427285154, -0.1419942572878532, 0.04140131788925218, -0.20738724416875107, -0.001796609657547309, -0.0011800555897454783, -0.25447578171030105, 0.16288977133581783, -0.21654526027897375, -0.10209823618737017, 0.390254180641041, 0.29631413246259436, 0.032552449383133064, 0.08962382009575008, -0.1077365693905369, 0.2803582105438855, -0.19765906902470332, -0.09777166959042118, 0.18744983484096472, -0.2127677440042559, -0.09123469729015915, -0.13734089182538237, -0.1411464659274257, -0.020270003708704565, 0.24600496805966027, 0.11856496544667505, -0.12975970501642398, -0.1696168175544721, -0.017179587286743306, -0.014070573458696006, 0.2726957957185022, -0.017914616412900472, -0.14757049487077534, -0.06775435785794995, 0.19562000402942048, -0.017521306029194272, -0.15572357128519992, 0.06682153471642407, 0.057602766100155564, 0.0801500425356152, -0.11792611225911764, -0.1478622138240885, 0.06742956396326803, 0.048987572914745495, -0.06875158571928881, 0.34080580724774195, 0.06264064933650801, 0.25378735772176797, -0.25884876052873035, 0.1701420933777257, -0.12459651666501556, 0.06035962114432903, 0.2645842596154454, -0.21686407680632522, -0.2702093885021614, -0.037899624734798694, -0.06583105817647343, 0.0017720676182138898, 0.01318545335465408, 0.02949832596095457, -0.23149007568505103, 0.2657282355857389, 0.1309629734455424, -0.10141548506230359, 0.12174689673308065, 0.04893994344558436, 0.03993675874937965, -0.05656224537291606, -0.057835960587655576, 0.20541662400660707, 0.19427935813096753, -0.16294066696253967, -0.21734357246924518, -0.17343127848372591, 0.21337482565654659, 0.0028344651943129693, 0.1730209492694241, -0.1310339038999849, -0.02195644588001563, -0.08675119235736728, -0.011572339289765294, -0.1888881192385351, 0.29908343509604196, 0.175227296382058, -0.15246738278489624, 0.13440517985268577, -0.052866748147731527, -0.07689385231580866, -0.05904263925266765, 0.07268515620103488, 0.051582541994915895, -0.13980982939633907, -0.03962318817766931, 0.17407047372528958, 0.031052845811940562, -0.13744206154786284, 0.2720108508704096, 0.18851613159381245, -0.11213351865527625, 0.190797124694491, 0.09282983490077144, -0.016034800818098528, -0.025627824187766084, -0.08224535012775655, 0.12013490796122786, -0.13958674834709342, -0.15586658188692185, 0.07702030655611586, 0.13908083333204305, -0.20213251864023327, -0.12749641003206663, 0.11111046363420976, -0.2049437322430901, 0.002619614382293687, 0.11697268839346374, 0.0891599937103292, 0.036130709192878856, 0.1762395168148911, 0.11222663776286794, -0.014621763630884146, -0.21552578909388453, -0.1655476332188828, 0.012282487805243141, 0.014041535125513396, 0.09106539435932963, 0.032526734146634734, 0.25193720670483943, -0.040383153779543324]
-676.2096734022384	(9, 12, 2)	[-0.23568024759610245, -0.2141246282316157, -0.23895158813926753, 0.15079176211130474, -0.15053205622348506, -0.1923498341239325, 0.04165264705130014, -0.16632224855462935, -0.003100641515462631, -0.0014030819568121374, -0.25530944038602965, 0.164709459947979, -0.21922765226184016, -0.09947899976207843, 0.3922070946431652, 0.2976890934278138, 0.04883779196626169, 0.08917611220025493, -0.10524001918585871, 0.27941749127156734, -0.23594606335204854, -0.09101929316102678, 0.17439520757706894, -0.10781375025155769, -0.08771688944947578, -0.13607330638055887, -0.13026022948217608, -0.00983969562551961, 0.2462612434257644, 0.1356252202374703, -0.11447843881281207, -0.16905884906774368, -0.011534314176980412, -0.026592813757205146, 0.2513199751936198, -0.01943807101192322, -0.14427190132563486, -0.06628704606636059, 0.19576032143938416, -0.03061095595547211, -0.15876307348186935, 0.06159254832737181, 0.047306349824408504, 0.07865604887643524, -0.1400595470044608, -0.1507112568298423, 0.06487145481305626, 0.04810882354949772, -0.24895010252565652, 0.34218112738697387, 0.06032435083424979, 0.2560852654764165, -0.2556424562406511, 0.19392241265975121, -0.12268391491671135, 0.06891611479204879, 0.26527825335830885, -0.2314262472385272, -0.2681291858145095, -0.03494698336812416, -0.074857899637093, 0.040042029565689766, -0.016986352253891057, 0.02861573249806233, -0.2308610028127209, 0.26884566151747913, 0.1319072233678447, -0.09543107836013778, 0.11810575665007816, 0.04317193162828323, 0.040560817587496634, -0.05621697539006634, -0.05814466036837762, 0.20579933024426522, 0.19081208598261906, -0.16862182404372858, -0.21588599461710564, -0.15152949860775916, 0.21398482618315, 0.0024074924875550595, 0.14536181381040822, -0.10695736308143769, -0.015481413547992911, -0.0885052613368276, -0.00999079807038362, -0.18901929105486842, 0.2990166108119555, 0.1762216685143541, -0.15559040732372434, 0.13448578790396595, -0.052715362700561326, -0.0589296221816924, -0.07951307119594281, 0.08981492849721921, 0.05456850664844615, -0.14119430741903732, -0.03897640915421688, 0.17200507757907635, 0.0009427204024991698, -0.13768376744638744, 0.3211653999994722, 0.18683054688643239, -0.11108277033333816, 0.19169490087918548, 0.08385330988599664, 0.03359611038943438, -0.019338344974091638, -0.08376300606232467, 0.11722638349594248, -0.151189097113505, -0.15568321986349595, 0.08115180476175773, 0.13759368826730928, -0.20262219142585713, -0.12889633087999217, 0.12419801868573843, -0.20321865298821226, -0.0013978258345579788, 0.11590886180418312, 0.036010851259440035, 0.018555547394760355, 0.18500997638234282, 0.11037276575834012, -0.01510281846428632, -0.2169622535042838, -0.16476151650369036, 0.02128334079335724, 0.016826263510932492, 0.09742779355191585, 0.05585640524702182, 0.260673769520559, -0.04295825348873333]
-323.6441894769385	(9, 12, 2)	[-0.23590014009675508, -0.20427460060215263, -0.2359886552888687, 0.1572641861697872, -0.14271093832245293, -0.1421354849191799, 0.04179782807729711, -0.18007015619081854, -0.006651345775262083, -0.004971739948007657, -0.25519742972239495, 0.1636204732842445, -0.2181265879685713, -0.09918128316682817, 0.38922612429794196, 0.3013333467392168, 0.03251419448705663, 0.0974366610456835, -0.10461145536613334, 0.2882751769419938, -0.22507875795116467, -0.09955958791065206, 0.1883488568997604, -0.11512116321053803, -0.11570472120842755, -0.13686692059555078, -0.12383146572670407, -0.006710073168556588, 0.24421737013225858, 0.1380344816209284, -0.13034629442692677, -0.17214974444584477, -0.017253153670474322, -0.043392908386085824, 0.2724080292966127, -0.01800461150808033, -0.14238206250931418, -0.06563357620126276, 0.19555384566028608, -0.01613236282747882, -0.1562597037682288, 0.05664103067772401, 0.05505193744660812, 0.07890104945618041, -0.13704113660866882, -0.14920513533190463, 0.0675765381992244, 0.04875548982119371, -0.06761985112585922, 0.32246353940460315, 0.06089590397552059, 0.2539098561459179, -0.27601604491832454, 0.17146607857699872, -0.13009655498218908, 0.04567642315897882, 0.2645954243192269, -0.2212710895661144, -0.2651714329357261, -0.036643435566326, -0.07061504225626807, 0.008496651315432873, -0.014865233064492351, 0.020628320205887035, -0.2355292968398112, 0.32957767727929344, 0.1276471474894885, -0.0958747825570164, 0.12179713836961148, 0.048952909383119664, 0.041140106444284154, -0.05537212201316148, -0.05791040785039591, 0.20544293115110004, 0.19399096259111318, -0.15854553547144135, -0.19423162382920037, -0.17576489061066441, 0.21361072845648246, 0.0028418044489479893, 0.15508509497168926, -0.13062587601392975, -0.01950814998977262, -0.08926681397389617, -0.009440651129028685, -0.18010367410252873, 0.29853488329418887, 0.17594094207423094, -0.15502090942983157, 0.13149232590381796, -0.055528132964674896, -0.07651368987512884, -0.05940535459892886, 0.08422641979667445, 0.05464865292540591, -0.14191289841118981, -0.038550074087327496, 0.15425541204792753, -0.00240484554559945, -0.1378963997372052, 0.27196105490606837, 0.17762977807740266, -0.1140333522445942, 0.19009507652774177, 0.07944484380903209, 0.03065425534713053, -0.031625420041747565, -0.0690535416810905, 0.12217248277604684, -0.14377471311791176, -0.15621302530691028, 0.07888369849711474, 0.13552311870474124, -0.20289075518786182, -0.12689232343115422, 0.09098639913233178, -0.3675605412176817, -0.006140520624061284, 0.11619410502230137, 0.05358386469809593, 0.013355685423643597, 0.18565249137828255, 0.10948570746748147, -0.014946669856482336, -0.22052350720714153, -0.1663009001117883, 0.015566522451956572, 0.0012069483236149458, 0.09561368985347034, 0.057821304387641596, 0.2612529973269513, -0.02963190798608966]
-445.48150625550693	(9, 12, 2)	[-0.24266172731609587, -0.2040805910468434, -0.2401421750080951, 0.1947141039852049, -0.17039380411157326, -0.15567616522893257, 0.04173459044734956, -0.2021526598314864, -0.006135317240406265, 0.00014356890123243837, -0.2556200336296554, 0.16301104551460163, -0.21799167351698334, -0.09941050124404596, 0.39552739638162315, 0.29988951713558043, 0.03157286644671964, 0.1064102115327328, -0.10593553038694549, 0.28068793153430316, -0.19575338514228086, -0.09731124182953396, 0.18817758965667777, -0.13837390154884377, -0.1087709121157523, -0.13637781813002087, -0.13813172697702872, -0.008036509480915294, 0.25533283962118847, 0.12526143375869397, -0.12458578674296583, -0.17378346692479665, -0.017685914459910943, -0.012365135349798813, 0.32722693625958593, -0.015765483168765998, -0.1470497373980006, -0.06039630255483261, 0.19580208300936391, -0.01710633125848878, -0.15754025233796126, 0.06318343350367062, 0.04277946633374356, 0.07559854404554911, -0.13537955344599772, -0.14948395646563942, 0.06862455496757383, 0.0487961913307177, -0.04366106768356784, 0.34380286075260635, 0.0624592221146372, 0.2544087711098604, -0.257226349693917, 0.17032749156205823, -0.12101123626001559, 0.055753127893182944, 0.2648168098322928, -0.2187151800943161, -0.2684230544554164, -0.03635584425991295, -0.06332515425485583, 0.025467383583816935, -0.010856969030893896, 0.02078844278524095, -0.23973519483350264, 0.2665868792760875, 0.13039442120504854, -0.09671517621284983, 0.12131243234316061, 0.04459002059684672, 0.040305405744091756, -0.05541613018645544, -0.057953639636577396, 0.20526765696558097, 0.1911410256249986, -0.16692143480040134, -0.29243963510688586, -0.18036798389809855, 0.21347433215602946, -0.004699667706119012, 0.15014512240512948, -0.13366264874785763, -0.021392175045548842, -0.08914173541261247, -0.011065075206846096, -0.17859812919742848, 0.29926480791932325, 0.17692514378444446, -0.15425975617537838, 0.13604933852051398, -0.0508087843732041, -0.07747144739238235, -0.05944025630327507, 0.08467032407275714, 0.05304979668345787, -0.14185629140876196, -0.04837214458247309, 0.17038015732322037, -0.01193805687729215, -0.1363611554599776, 0.2719984863995226, 0.17879465384954585, -0.11406396955489834, 0.19191082410795718, 0.08205690202355287, 0.04989615879597882, -0.02778920192797122, -0.0836862566154378, 0.11848792543709505, -0.14154107309309952, -0.15599273365167046, 0.07878510060867336, 0.1376499841535037, -0.20294848781888936, -0.12861546650678865, 0.11537280780736182, -0.30944882754984826, -0.00094798739902325, 0.11219181557306493, 0.07628918535600583, 0.01775129912522366, 0.17185651283891618, 0.10911996960764564, -0.01502490920496085, -0.21662986303973564, -0.16647391129919292, 0.020144525167181997, 0.01215414302756283, 0.10057587297869522, 0.050947219172654296, 0.25864289676944063, -0.04238824037010103]
-383.83751419713286	(9, 12, 2)	[-0.2360658651958482, -0.1919109896524393, -0.23411060623637028, 0.15752746308398402, -0.1362439051268996, -0.14808080749504732, 0.04139411528980304, -0.19128323646084844, -0.0018901923396856786, -0.0034954799325875334, -0.2556178596574582, 0.16407573961753466, -0.21556177713122637, -0.09875560206476117, 0.39115866658928533, 0.2962160793909455, 0.035615880729757084, 0.09150400138340288, -0.1080098469536196, 0.2814226742158985, -0.19845255713837184, -0.13424531545401916, 0.18773471786170476, -0.11207320639817273, -0.13481567703456096, -0.13588489052844926, -0.12872677942809965, 0.002836548169525991, 0.24550824827694978, 0.13455571677343725, -0.08316597283680155, -0.16884433291158407, -0.017161416607424596, -0.012038443745617277, 0.27246832598868403, -0.016550160327169643, -0.14344346726807927, -0.061185696205486126, 0.19476249249851, -0.017061197075096853, -0.15671387863266678, 0.04924148019976384, 0.054897704468110806, 0.08060959428834402, -0.13595279245748673, -0.1512748984647547, 0.0680068769552786, 0.049007110612005196, -0.0866159662295844, 0.3391504693565732, 0.06213664363048463, 0.27286843169435016, -0.26249308731598897, 0.17061147753940517, -0.11691938393681466, 0.06216900963714227, 0.26453215795521295, -0.22486580921178687, -0.2607919297703939, -0.04403826652019859, -0.06991948595651899, 0.029185605084383778, -0.014121681400961707, 0.027661050198741904, -0.234198340949226, 0.26452322345386475, 0.13174032153046303, -0.09688128810681959, 0.11951622911612209, 0.04824874993899565, 0.042747036192847504, -0.05398736666938227, -0.057776466381690886, 0.20556630534529924, 0.1974209069721536, -0.16053131178671592, -0.2175862552030995, -0.17833366947091187, 0.21385277708364248, 0.004768311614763871, 0.17249562761225554, -0.14081443232599178, -0.014102444136075077, -0.08746227263364198, -0.009737653457770373, -0.18907721638861655, 0.29686996449942543, 0.17563305326899195, -0.15243961149917812, 0.1348218444331915, -0.048928396463055995, -0.0769862394350963, -0.058732116428472494, 0.13896903187145426, 0.04798203487336522, -0.1407528943286047, -0.036055149560611253, 0.16129311102149244, -0.0006025642563973026, -0.13918419001911989, 0.2724130779665212, 0.17805924416954258, -0.10105448068484701, 0.19071557804316858, 0.07975940020169765, 0.03437457194350939, -0.02027934411159264, -0.08303992478375213, 0.12146659536867152, -0.14482821511497113, -0.15581670581545098, 0.07245623438663973, 0.12454887982980191, -0.2022280470104838, -0.12910976882733877, 0.1124547544322164, -0.19798564829418566, -0.0050658123351272994, 0.11763971096813633, 0.07302349869919483, 0.01868022804833864, 0.1823319642283655, 0.11080034451492393, -0.014962684126120639, -0.21585949131933826, -0.16553927845062189, 0.021081592061763223, 0.014469020191525434, 0.09063951323451055, 0.04704081432432313, 0.25940004679394413, -0.05014738502897441]
157.41152658344564	(9, 12, 2)	[-0.23654431988843708, -0.20689689736489292, -0.232506994771069, 0.16144753677939844, -0.13106542870029947, -0.1482411140818434, 0.0501699209956529, -0.20471543132301018, -0.001857030810881035, -0.018435307547081448, -0.25935159691946175, 0.1645141599709578, -0.21565941555427856, -0.10147981259490069, 0.39859384001027454, 0.29670308015642116, 0.03367985764401886, 0.10034573421718299, -0.1098153387581733, 0.2779070556325506, -0.19772724376927064, -0.09940593659877582, 0.18804462083033358, -0.10707132252664955, -0.09085364107065996, -0.13656524811234527, -0.250605476032513, -0.014715631364967672, 0.2469290761575189, 0.12256427772822603, -0.11072585808222687, -0.1691938166319935, -0.017244424698817967, -0.010730710387667293, 0.2745955255808508, -0.019357015246928143, -0.15032217473957954, -0.06727549713864084, 0.1314104620251218, -0.01758130202437845, -0.15655405176539866, 0.06326934326351687, 0.055976795475482434, 0.08138706389747835, -0.13875698445884344, -0.1534730601150796, 0.06803024679513926, 0.04921639291441382, -0.06778368282209667, 0.33867855651529627, 0.0619046221990408, 0.26499431781495814, -0.261833506761752, 0.12227457576714705, -0.12293418391225389, 0.049284123202444505, 0.2646026288045575, -0.224433691951622, -0.2718094011279762, -0.03738822407063254, -0.07025496456503816, 0.015318553099398044, -0.016317748148592708, 0.02748708905189956, -0.2492472494779895, 0.26515333470584534, 0.131461771099908, -0.0976344621112788, 0.1216730984203985, 0.021346371420945212, 0.0699302234614868, -0.05550594850262773, -0.057303231157619545, 0.20454561807217136, 0.18019450512902316, -0.16014470717519871, -0.2170692385552534, -0.18953074311387771, 0.21292769162103298, 0.03035716709214808, 0.1532930498773582, -0.14069665583346375, -0.019203196134507793, -0.0879781866262015, -0.012718601840094322, -0.18898447239090518, 0.29239429397447836, 0.17549347998974957, -0.15150291497378066, 0.1333432407965055, -0.034829159655376946, -0.07539175385120267, -0.05915466745465642, 0.10637174248697545, 0.04896769437365939, -0.1413302404945649, -0.042908763369923, 0.16761350244684403, -0.0013960607799101661, -0.13813678860500211, 0.2738975445563685, 0.19006258235486861, -0.10995476737892133, 0.19199638782321898, 0.08012049715210585, 0.033451876259688325, -0.010623367188062055, -0.08236786130528001, 0.12068412940053894, -0.13889641657438534, -0.1557555120210247, 0.07633650015811211, 0.13587910182242485, -0.20258195832500978, -0.12738989910573925, 0.12698765455096478, -0.20268733920901494, -0.0034560369790904055, 0.1168024691910129, 0.051362135522053834, -0.032077362052366366, 0.1670592857826314, 0.11014031132010485, -0.014987562419422652, -0.2071165512400982, -0.16518829274531838, 0.021209806678134095, 0.09880480258194796, 0.10144375986952979, 0.052015448351444116, 0.18618938641049043, -0.03248445803493772]
-175.71822908908837	(9, 12, 2)	[-0.2415532206954796, -0.21094233368633442, -0.23451865304860015, 0.15357384152167808, -0.13704189475281212, -0.14886204408680545, 0.0414543086623617, -0.20215364701293126, -0.0030736426385361173, -0.00390816273616722, -0.25624636545638746, 0.16344808733085456, -0.21236657099600686, -0.09794875775746174, 0.39100342056191395, 0.2995069195250374, 0.0471944329382564, 0.09562522650780035, -0.10697205501305392, 0.27673318164686134, -0.19312073446598166, -0.09800767198928174, 0.18759344017569585, -0.11062497993262249, -0.09696911944230006, -0.13653279661493295, -0.214397219729639, -0.018459155996572885, 0.24663475706001065, 0.12178599180728678, -0.12778710002158117, -0.17134013903981588, -0.02772510617245058, -0.013297651415357785, 0.27393323402517805, -0.018142349959534232, -0.14551443790125487, -0.06834430306349223, 0.19570722763945436, -0.004146251063536459, -0.1421024320339384, 0.04932735884517411, 0.05326073252623595, 0.0780743243098437, -0.1377070554006663, -0.1512298719610542, 0.06800519993954263, 0.049078253497318834, -0.07203850930206515, 0.34695309526407775, 0.062019015739718214, 0.257590054077219, -0.2623875754989531, 0.17014068815532102, -0.12298315313532841, 0.049398888727397436, 0.2646907811961644, -0.22289316949283133, -0.2856394066031464, -0.03940515032507876, -0.07037408698089032, 0.010896633638955669, -0.04494421939943813, 0.031009908410372617, -0.24252426716699976, 0.2684882693572848, 0.12894499428432232, -0.09623499367377542, 0.11935555985004687, 0.047646432224075067, 0.04121888144514193, -0.055103581389770576, -0.05772346078663257, 0.2054632390065254, 0.1883042488844951, -0.1637865999765974, -0.21628469393340682, -0.17981295051484728, 0.21008245848449608, -0.0015511268237879594, 0.15739445037071462, -0.1212247372675426, -0.069126686669504, -0.08847984881668865, -0.016302581736812774, -0.1842993932595195, 0.298465775058491, 0.17566235336744876, -0.15602749093487253, 0.1366892362177067, -0.0450761069652074, -0.07464054256010448, -0.05956773779297919, 0.08883822643533634, 0.021241318051470892, -0.14169114817149928, -0.04026432740648869, 0.38628289757984136, -0.015139340602466281, -0.13858439896245997, 0.282157459749186, 0.18455946734889103, -0.11379967874012333, 0.18965470053682487, 0.05949744472056542, 0.03173352216990761, -0.010772883150743326, -0.08321990404904614, 0.12029199123380811, -0.13992853192170746, -0.1487616419673249, 0.09358557781686787, 0.1386748616838228, -0.2013708995485798, -0.12740812153360714, 0.09383840250571142, -0.2271004513754612, -0.005045414354575856, 0.11692056550774949, 0.046971664372891714, 0.04863892344651845, 0.179882808682479, 0.10965179359100236, -0.01496547137790533, -0.21652288965018218, -0.15366646098228454, 0.020013482448893012, 0.01510752426733109, 0.10145830892632543, 0.04170879209264459, 0.2589084082939108, -0.04101208833019544]
109.70191514387903	(9, 12, 2)	[-0.23429530738171764, -0.20895310436586584, -0.2370390399878216, 0.15800684776620888, -0.1436571804001386, -0.14891500719400608, 0.04739057162737144, -0.2010734734057324, -0.003579440465643319, -0.0018575039541714516, -0.25820417719535244, 0.16462455841831927, -0.21496020675353725, -0.1011300271513385, 0.3919907979189138, 0.297143607913957, 0.04294087581145989, 0.09479256234241383, -0.10857815501665456, 0.2795273663537776, -0.19634721954125556, -0.10420695639822222, 0.1859644732736658, -0.11172917383944928, -0.10318549362292148, -0.13644271390278367, -0.1304730556973118, 0.0012246779307470233, 0.2471974655852301, 0.1202857792473522, -0.11764948199861075, -0.16940796955934992, 0.03722259717093023, -0.01242214997084971, 0.27420714312615946, -0.0187209029520489, -0.14963740392609254, -0.06497353892999125, 0.19615238520772627, -0.0011510207718701984, -0.15190293285043022, 0.06045668104111284, 0.05717289196500665, 0.0793942793904523, -0.13937086309802665, -0.15042677090603856, 0.0836915049144634, 0.04878732973714586, -0.04033792887560145, 0.3380097252488593, 0.06581812129640287, 0.2595516490363532, -0.2603377046014104, 0.16889672474780995, -0.12091326948794157, 0.051561148613837066, 0.2646981048901615, -0.22450532689455052, -0.2760697921427388, -0.04264788203573632, -0.03715761873727635, 0.010541167820535827, -0.032655121888998884, 0.02614745654430977, -0.22945531224445706, 0.26362048297593804, 0.12935686662934284, -0.09584889724082493, 0.11935305579014563, 0.04510164005125428, 0.04674219599529119, -0.05417933671156705, -0.056063205745847354, 0.20546960257573801, 0.17752715777766478, -0.1331946865427452, -0.21685120549323475, -0.17995364958244323, 0.18493255782527723, 0.006340680888428622, 0.16877746155068185, -0.13048553125266965, -0.017640344514865822, -0.08801621534577353, -0.014719432632439643, -0.18788949327835738, 0.29715750385359735, 0.17585034695245294, -0.15352868674627135, 0.13502008102729574, -0.04421755384977487, -0.07243896283479212, -0.05997347132788132, 0.09823310305809906, 0.055272977349962726, -0.1422293805003524, -0.01337489107655717, 0.1745043527407809, 0.0012475753104503192, -0.14822169795228515, 0.27269419889270763, 0.1821252308367015, -0.10934199921281507, 0.19164656459292362, 0.06565493207808161, 0.03393557342470784, -0.015370181521501401, -0.08322375958373884, 0.12177269674738922, -0.1397431470579231, -0.11000889506801066, 0.07487397209274727, 0.1371031686697026, -0.20167937700188487, -0.12838726314575066, 0.08718944389378992, -0.19727583075309443, -0.004213420566372355, 0.09816931520134803, 0.04774976653544889, 0.014772566162686724, 0.1806119132048613, 0.05506550637499336, -0.006883076824413789, -0.21452716542499733, -0.16180466770509055, 0.020413939126535212, 0.04668408644632331, 0.11159314349870092, 0.04875385142596743, 0.25978956859003005, -0.041623087110165276]
-358.9307812162436	(9, 12, 2)	[-0.23119723393867236, -0.21451778165298546, -0.23272060108052003, 0.1582410999655026, -0.14056086601235035, -0.1505573642010634, 0.041341360171507364, -0.20164205647352912, 0.0003019100393153683, -0.0006460868313634034, -0.256935475451084, 0.16373525551522428, -0.21446172725149787, -0.09867419887373607, 0.3907287075761876, 0.29740487600154225, 0.04307267469802873, 0.09068025883517225, -0.11408525961549389, 0.28008503789019135, -0.19481631574185748, -0.11328890672590068, 0.18703900685455385, -0.11043999416297176, -0.10971608643940703, -0.13672994315884707, -0.12949075320448916, -0.005050859873765915, 0.24688384561588197, 0.12316526405638187, -0.10678161854031351, -0.16889018882142823, -0.01678100970287699, -0.010640085808348406, 0.27379472299981783, -0.024337802325032264, -0.14816044186768124, -0.06780840592150496, 0.19610552788940488, -0.012006200200540988, -0.1498683417747289, 0.05636485193767886, 0.04918064454444264, 0.0798892742461529, -0.1548723700757305, -0.15055906915393, 0.08625979384611121, 0.04905611134151139, -0.0642831355279847, 0.339338966827752, 0.038202403541969895, 0.2546935563474933, -0.2625053848394258, 0.17005785741575014, -0.12494812701151918, 0.051969584617298906, 0.24886760899874974, -0.22515679127690025, -0.26496929535894226, -0.04973080042260153, -0.07105552988024784, 0.005714290246493022, -0.035457701231371624, 0.037345974267283956, -0.2423081136593556, 0.26570919813003563, 0.10764816922525297, -0.0962612003207422, 0.11932263778994373, 0.03459831086651265, 0.04848982987296356, -0.05478370878354741, -0.057919575464110716, 0.2053715127847871, 0.18996308997644226, -0.13915606121739538, -0.21611787647399167, -0.17775254464509763, 0.19215857212369467, -0.0008011064725088851, 0.15796415380088957, -0.1415466705903034, -0.024024948152532175, -0.08783321867322336, -0.016789219135109678, -0.1878887421994495, 0.29661453025287454, 0.17575111680281585, -0.1534991248904749, 0.13601541616673002, -0.052079342390649305, -0.0747157789394335, -0.059674722204663876, 0.09223012961698342, 0.024526625522434543, -0.14154672836775897, -0.033975775368921664, 0.1690683579557572, -0.004264898683265303, -0.1511057117610995, 0.272845285311373, 0.18591843256954327, -0.10840850281717625, 0.19116962381532135, -0.012789171557720459, 0.03734552239136641, -0.01971313025195723, -0.08538542755839833, 0.12359611794612399, -0.1404328266075427, -0.15560505841635255, 0.03930918999471387, 0.1370931862346068, -0.2013047608525222, -0.1283385462772909, 0.10926494246719937, -0.1950270891271464, -0.005049442013122962, 0.11469772320544262, 0.05507798250476702, 0.013045990337113353, 0.17757992152352745, 0.07187248287914029, -0.014877425646200381, -0.21553472522535486, -0.16387107236155052, 0.021595458784730178, 0.030901989124157432, 0.10118156954175048, 0.04958274992932426, 0.21824742417182968, -0.04167397329299954]
-175.11813269084226	(9, 12, 2)	[-0.22231733408695267, -0.20870792386518983, -0.29050959040299584, 0.1532282310552302, -0.13613382618688374, -0.14928150993721861, 0.023332563696225786, -0.19953214834066568, -0.0024871712015084356, -0.006729238978113193, -0.2598848327535182, 0.16361182577037642, -0.21503163729856484, -0.09676395341174038, 0.3933432808674008, 0.2972197768583693, 0.038951619358014444, 0.09493861784821682, -0.11113783183517661, 0.2802932641809298, -0.19657161593519923, -0.10322986683080657, 0.18639442415694008, -0.1108404541033477, -0.1000684685557616, -0.13653887979089777, -0.13003236223841472, -0.004317842885975486, 0.24768016627511927, 0.12338986371670221, -0.11016625085300834, -0.16920762853336369, -0.015758281541235222, -0.011355825527678262, 0.2890753455953196, -0.018680903551236794, -0.14844708369150894, -0.06477331808722106, 0.18821124078860457, -0.01548023625851145, -0.1497989520085522, 0.05961718304583355, 0.05610232341609189, 0.07889581091299329, -0.1398304254892267, -0.15146557211234374, 0.07306278903484931, 0.04899917972461905, -0.0638218144787271, 0.33166330345552436, 0.06626025740684478, 0.15849332420376142, -0.2619061088881008, 0.1669315452777815, -0.12390678857618988, 0.052247218411647714, 0.2638552120662755, -0.22443018842537557, -0.2735237794766387, -0.04286700356468671, -0.06821106173981395, 0.013876803926829566, -0.022952574770498512, 0.027046581467848947, -0.23274429811817055, 0.26619385274332097, 0.13009016413642024, -0.09646791503716812, 0.04032718998474249, 0.030249135832527137, 0.046035953542956684, -0.05448599745455169, -0.05236650022132159, 0.2046189859158567, 0.18667555897339175, -0.15931361746533607, -0.2218807351957115, -0.1854402570655196, 0.1941301840277634, 0.017084359786875267, 0.1619477173951835, -0.13636029363008775, 0.006145489802374294, -0.12120844072503881, -0.013682451939790188, -0.1880499824833704, 0.2963435463165329, 0.17561719312730445, -0.1536476051920737, 0.13413914143761688, -0.04409286382745507, -0.06931499461176435, -0.05962988498117397, 0.10887892252754487, 0.053492559246065864, -0.141928183749657, -0.0408847676846425, 0.1696703098717973, -0.013832471895658893, -0.16737366734482656, 0.27290538812799087, 0.14243363326799308, -0.12960908663326576, 0.19136750043981496, 0.07823048531816108, 0.037052824066348154, -0.015327642806619409, -0.08269154009646668, 0.1221932720846265, -0.13939983003033687, -0.15525100687634644, 0.07291183519527249, 0.13468354299215804, -0.2019029191969256, -0.1279586517171582, 0.10026547663809338, -0.1935834852158964, -0.002964972516194503, 0.10874244391212694, 0.053085086716778106, -0.01832833822645504, 0.18264478495009026, 0.10857096340998772, -0.009257216027603382, -0.21527001131646853, -0.16534380015459965, 0.020876665831497585, 0.06921469999516845, 0.20146904513339703, 0.03675574417791989, 0.22013761239027022, -0.03788158537185379]
-274.6112355831309	(9, 12, 2)	[-0.23422184352896808, -0.2071449702909532, -0.23631453165215482, 0.15771889512440246, -0.13800332136066754, -0.14970524389817913, 0.04191528779982742, -0.19857277221624792, -0.0017886101024995207, 0.00027367948576951075, -0.2574862343272489, 0.16404781768404283, -0.21402979400422803, -0.09719662650708091, 0.3725541639223401, 0.2955215549017981, 0.0434501001327224, 0.09377126661103691, -0.11212388731176506, 0.28255525474860027, -0.19707632919212334, -0.11028899083552557, 0.18432004593942114, -0.110688968556133, -0.11779853430821857, -0.13629277221829683, -0.13763327834760003, -0.02383002109383437, 0.2465578618528071, 0.1252244957605849, -0.10270632299083998, -0.16911739965885272, -0.017233797634519932, -0.011469518156623898, 0.27308601498284474, -0.023652859592671764, -0.14815366889234166, -0.06556846251820017, 0.2760835088117882, -0.014663713441078053, -0.15307494873746613, 0.056141615248741804, 0.050699245391306616, 0.08090011945527935, -0.1670972530384749, -0.15080641571417525, 0.0839165772161206, 0.04906642005970152, -0.06422494460257797, 0.32452035400358503, 0.05924263082434335, 0.2639775001432934, -0.2631934952824988, 0.1696513105412858, -0.12664926341508195, 0.04938266707500016, 0.25976646838010575, -0.22584012960857372, -0.2741009912230351, -0.04246902299249337, -0.06117192563169781, 0.00931731814480485, -0.025223230734988097, 0.030447913562577346, -0.23599916858464753, 0.26741581934026054, 0.12405357178173153, -0.09536959001750185, 0.11976167075794192, 0.04386961828986248, 0.04696913914195361, -0.05461657405747277, -0.05741898754470602, 0.2053261340212654, 0.18756917320670494, -0.15929622991571474, -0.22284225556675571, -0.18124142501966606, 0.21058133665129322, 0.0005069957002454439, 0.15805911688360572, -0.12584939640948278, -0.012084610019194414, -0.08881592955563267, -0.012858293294255339, -0.1880869104075181, 0.2975694982926274, 0.1757176633037919, -0.15468795012438893, 0.13433744797973704, -0.04715171245123868, -0.07441915226902107, -0.05989678643868119, 0.0952342594396006, 0.16682914849674688, -0.14200619205760148, -0.030082861535015444, 0.16910518060577942, -0.01086394179314226, -0.14661925829452951, 0.2728099914504436, 0.19516351287668393, -0.11073615716195831, 0.19131223597017505, 0.058856413996421296, 0.04892873015637853, -0.02154675151267712, -0.08488972965508905, 0.12406410241672074, -0.14071017397659863, -0.1445585665074585, 0.06393949548577134, 0.1358676389254774, -0.20023977967269457, -0.12826210723424583, 0.1104278214658286, -0.1993834600208528, -0.003730265497660255, 0.1147785045375401, 0.05326274454812764, 0.02578122676897564, 0.1842622167812425, 0.08870547269659104, -0.013046426967661548, -0.21516934832131485, -0.16150864384129773, 0.021840730462018468, 0.022846375177771674, 0.11808051396209365, 0.047973611301888944, 0.23936950637101276, -0.04097788776471799]
-292.0172192840595	(9, 12, 2)	[-0.2343099897645076, -0.21000076160618636, -0.23346868529539874, 0.17005251424440476, -0.1401061668745665, -0.14622957724096325, 0.04195392960867175, -0.20170390155671825, -0.002834317753442541, -0.003979834675368554, -0.2586073501260733, 0.16418613908798882, -0.2150292357388971, -0.09393611104263344, 0.39115643044379406, 0.2981156024579875, 0.04003711324627225, 0.09573947173967609, -0.11301239761780585, 0.28409777576518624, -0.19581912945067997, -0.09892856853244086, 0.18708130314195326, -0.1108203338667695, -0.09361905052813702, -0.1358168969610662, -0.1456667729587523, -0.013348902029420337, 0.24917112424006613, 0.12387944577558488, -0.11919061608853958, -0.16934418935116213, -0.014055602066770381, -0.01176611787776759, 0.2749465012272256, -0.004049000691546324, -0.14893366822991333, -0.0655947294984269, 0.22426030794169716, -0.014863394723359246, -0.15328787897705765, 0.05622345867435967, 0.053564310471355896, 0.07980384009438843, -0.1410604445962379, -0.15046607327530534, 0.07758065880212733, 0.048854786764230565, -0.054939362828808895, 0.3377589392980723, 0.028162874498510827, 0.2508613851323464, -0.26165598291691533, 0.16339436954207537, -0.12478301115408003, 0.055716857499336005, 0.26466242138176715, -0.22380392991513404, -0.2787188263127284, -0.040618673812774994, -0.06237689886650388, 0.012781493987484984, -0.026343209294689224, 0.027166335088968544, -0.24730084539707392, 0.2659893561513467, 0.12956770172923993, -0.11227294672274252, 0.12058195258952356, 0.04484840055338176, 0.06851236697081114, -0.054732557156363645, -0.0577860959058864, 0.2053666078245865, 0.1846105868509968, -0.15635329758727012, -0.16878493974034878, -0.18090570668900513, 0.2024098456971779, 0.01367601256779842, 0.15771082116479604, -0.13534470571776472, -0.00038590887307690495, -0.08794906110926366, -0.013946815738696116, -0.18745831232346427, 0.29824057554387257, 0.1756666510052555, -0.15185401214509178, 0.13371552340192264, -0.045380124221251976, -0.07385330553753369, -0.05971421201561766, 0.0945648401918826, 0.05078359794436062, -0.14146046096762543, -0.030206856470860598, 0.16545398314351573, 0.01730821676423736, -0.13898387254056496, 0.27034713176492486, 0.18600705146126126, -0.23253294280907574, 0.19081072904205645, 0.07481455316697913, 0.033782069144149995, -0.015052052794576562, -0.09578893947693862, 0.123128330726072, -0.14002504483018763, -0.15100281769209745, 0.08297104835418509, 0.15486366623509773, -0.20088276210844883, -0.12813751217417793, 0.10499749655299692, -0.2083983846758313, -0.003472307082943926, 0.09986881379990437, 0.0486567705525364, 0.020408191014799407, 0.17955027974342433, 0.09159673715888624, -0.014659849245137219, -0.17171566130902566, -0.16478008485867532, 0.019099300653144635, 0.029845915356096556, 0.10038980669387582, 0.0429517627469703, 0.23369821151367448, -0.03801885907949217]
-498.1876605408216	(9, 12, 2)	[-0.23645016814337969, -0.21374297038852397, -0.23315516281466409, 0.14880576825809938, -0.1415512816325527, -0.14853212994843454, 0.0415098415512228, -0.207480385433658, 0.001892902077740391, -0.003199058070659285, -0.25688746070927676, 0.25615091599059575, -0.21401362930712414, -0.0942231609160924, 0.3904276178121074, 0.2961725501560911, 0.048630979693020625, 0.0940789841652461, -0.1081893489300194, 0.28325537488546687, -0.19675977835089675, -0.10963320290637271, 0.18754054554607885, -0.11338577196271876, -0.26801038983585146, -0.1355083380087307, -0.16926908199966914, -0.01024467885473015, 0.24567947530874695, 0.12519973191106418, -0.11753821756234001, -0.12134307460957994, 0.004039593208965568, -0.01171156046709649, 0.27531864663267136, -0.014458983057947135, -0.1492157751269635, -0.06552466673817905, 0.17771471336485575, -0.0034101935734764614, -0.14534192503284601, 0.05757121300085906, 0.0921731121134895, 0.07894437472733659, -0.13685610503065898, -0.15126215835490153, 0.07120943791097221, 0.2240096834389214, -0.05263080108685886, 0.339292932745532, 0.056926828765831494, 0.25977082356327896, -0.26224155164515556, 0.16924483215643893, -0.12319776210041752, 0.04861699197192488, 0.26468022670476404, -0.2251594504440842, -0.28022307647598715, -0.036873645378702496, -0.0690353380675083, -0.016043794927640635, -0.040958006688656706, 0.026710150294488623, -0.22512772271993248, 0.2798908369081569, 0.18621011193413617, -0.10080038290700824, 0.12029577105217482, 0.043254983112337664, 0.044272751847653204, -0.05431642517969884, -0.054220609964294716, 0.20580021782221622, 0.1873221134429215, -0.16087259126659184, -0.22074138008927335, -0.17885380155577071, 0.2088448830587047, 0.006916122586074947, 0.1593086598310537, -0.13810601111494525, -0.042555507829079596, -0.08804523864621738, -0.012882035461305742, -0.18059509126296952, 0.29774723598185693, 0.36024125129658, -0.1418026398228407, 0.13965789620283306, -0.04705206440080926, -0.04913445329172554, -0.05974739603820314, 0.08687987347952095, 0.04878837960042029, -0.14151556585051528, -0.03350255560547674, 0.16760013016914788, -0.002962248021844034, -0.14776643086992802, 0.2729589042380265, 0.18581445221300644, -0.10981315887396022, 0.19129366407304096, 0.04459894098296247, 0.04073448468626845, -0.016654849222489616, -0.08287727112116934, 0.12282428655351957, -0.14018333470591787, -0.07090196697104155, 0.08005364476504315, 0.1411447013526911, -0.2020410246621574, 0.024827784264393006, 0.10450201336738033, -0.19956369094392057, 0.08225679839551979, 0.10877298820681247, 0.046272012204234866, -0.004526275327366503, 0.18472635611517146, 0.2748332244721807, -8.420296509815137e-05, -0.24732516500109392, -0.16483180239305562, 0.02176230686371086, 0.022895945157366735, 0.10858965505007172, 0.046999199805110733, 0.24729698137694725, -0.09583076540200042]
-435.17644443387496	(9, 12, 2)	[-0.23231654519128092, -0.2095160045261757, -0.23447009605742763, 0.1555662707956489, -0.13717743331298893, -0.14069624385156565, 0.017264480489461807, -0.20302583865024498, -0.0018215556775804335, -0.0023905096756176854, -0.2570797200145196, 0.17170131305112912, -0.21443785111499591, -0.074362999259966, 0.3787582919808276, 0.2977246161796827, 0.04254753992101112, 0.0991817763428553, -0.11130849674434155, 0.28444545922093983, -0.19718096515880787, -0.09856475477545062, 0.1847081535126712, -0.11911392701686406, -0.10776891911826514, -0.1359592356440242, -0.1507797082141573, -0.009774632546529525, 0.2423383227332237, 0.06941136697865741, -0.11749597597308345, -0.16999912534737144, -0.010275478835004119, 0.1742055830950645, 0.27699397015722155, -0.016652039438350426, -0.1482990172649361, -0.06114778705586042, 0.22242716193930903, -0.005304018132029294, -0.1510237587766646, 0.051831648531512495, 0.05329013200804246, 0.07934670187845713, -0.14250387222231126, -0.15134925438149532, 0.081091605740018, 0.043404315632931706, -0.05965428208019741, 0.33589897499150523, 0.05860147885325242, 0.210721006183373, -0.26305255024768703, 0.17035178318500427, -0.12339502691045864, -0.06878580222027578, 0.2629124043225541, -0.2240230892539934, -0.27472622415083625, -0.03434940716056764, -0.06846603874560124, 0.011820863193543956, -0.02519297585865679, 0.028361754303187645, -0.27257520654263145, 0.26648788648893074, 0.1272297455445648, -0.09618450811524866, 0.11225902540933164, 0.04761471604056175, 0.056353361756512343, -0.06387047342354664, -0.057713827662428274, 0.20553920347863314, 0.1763381003980497, -0.1584619275372547, -0.23795421770916658, -0.16864934339989276, 0.2058624499853649, 0.011066142691448656, 0.15938986953863432, -0.13469648822825334, -0.016418891723932683, -0.09425196993183987, -0.017210188340086828, -0.18677666817847643, 0.29692848980086206, 0.1757123809600726, -0.1537575334172615, 0.13718195603686953, -0.06585576148414887, -0.07336334149851348, -0.05901010529071475, 0.09211047123878022, 0.050262362376068126, -0.14877580151706, -0.036568097039232354, 0.18071759227262163, -0.0013471617973198108, -0.14755361242117537, 0.27367107493110093, 0.1807002761670411, -0.10964452213074516, 0.19130237440844192, 0.04607398075200894, 0.036523006778928835, -0.01785776483460568, -0.09530391729640729, 0.12414135076643143, -0.1406116517675812, -0.14949511062010526, 0.08124194493826764, 0.13916895728142212, -0.2014500852796984, -0.12805203811366483, 0.11036837697962765, -0.19780447816835042, -0.0021246377109794814, 0.09593485175764649, 0.04882717317432879, -0.01090077251229575, 0.1842222431087875, 0.04232792091442315, -0.014540645653823335, -0.2125470809047471, -0.16156342275030078, 0.022262939459435173, 0.020366408600714574, 0.10213276294371085, 0.06593525720428449, 0.21133028821627037, -0.08637947347913486]
-320.96197053477493	(9, 12, 2)	[-0.23569259209682952, -0.2108971480564663, -0.23410532332130513, 0.15326395156691036, -0.139388035783933, -0.149411475769968, 0.037742200298740855, -0.20345351126535505, 0.0026546937409885354, -0.0006962222546292975, -0.2580573476358714, 0.16978116648823638, -0.21515329981073367, -0.09435329597780506, 0.38926425126413244, 0.29360268532142214, 0.04299733298937855, 0.09570284079532546, -0.11618959173895778, 0.28579610861877586, -0.1973695029805479, -0.08187501389123947, 0.1883355701114604, -0.11587619086092563, -0.10237618485333082, -0.135812312216288, -0.13682576786126727, -0.01148904803795224, 0.24859148682213594, 0.12651142159714146, -0.11837562789009305, -0.1574383651129792, -0.0033435467622118333, -0.011213267445428025, 0.27846539012896326, -0.015914109492389236, -0.03510447044460886, -0.06635872968090371, 0.1966312865762064, -0.0141514125582489, -0.14884742754067015, 0.05725127158413844, 0.0567221137662709, 0.07942658159137496, -0.136581665477903, -0.15074573015395493, 0.0937867481033966, 0.057435873542549656, -0.05629233779942083, 0.33744523124763365, 0.05693341909792038, 0.2604169542291871, -0.26236840083083135, 0.16916949989836724, -0.1254216010029322, 0.053223530967751155, 0.2643615878244391, -0.22390305298040653, -0.269451764616092, -0.09772979604949894, -0.06585187191075685, -0.000966483226027103, -0.021122068429391648, 0.030646304953999434, -0.22615833500997184, 0.3009968280330941, 0.1348873456539324, -0.1048745575168569, 0.12084834790877685, 0.043698835431134925, 0.027848243693236963, -0.05467811199978504, -0.057424624595540485, 0.20528001801279896, 0.1864498925383345, -0.17498020357665872, -0.21812697171715595, -0.1905275820445601, 0.20740820471915425, 0.005576029429381784, 0.15830567037516974, -0.13713203869565282, -0.020581498138391777, -0.08902615222707214, -0.014771558865622248, -0.14833614582976562, 0.297534831630309, 0.196957101049369, -0.14677495815405694, 0.136712522364609, -0.0603597096686455, -0.06393087835240364, -0.05854247666839285, 0.09472914537824803, 0.0515268804278485, -0.14764675830068863, -0.034093315080538804, 0.1716014178109042, 0.001197974697600773, -0.1441827585638224, 0.2725030701324537, 0.18550595951079943, -0.12865627402715316, 0.19118402347269814, 0.05787548369821311, 0.04373607410597406, 0.002486451912063387, -0.08461750293386609, 0.1230332094367766, -0.1403970478834024, -0.1549040801754528, 0.07950648592558798, 0.14093491513436446, -0.20096885491887578, -0.0703579442296865, 0.10549967284639186, -0.20265663302648035, -0.001321740238087092, 0.10010679574394528, 0.04752595990607878, -0.016834697195875114, 0.18282976254802155, 0.09683372368466261, -0.011243585278697277, -0.1985707501611102, -0.16297953334937718, 0.013662875609608341, 0.02366500719858238, 0.10939209656781754, 0.044200189683135084, 0.24602120426391516, -0.04464128898193909]
-437.4113633309072	(9, 12, 2)	[-0.2358887936377355, -0.211244718186472, -0.231532915859824, 0.15602207557744135, -0.1393924184123462, -0.14962426877602075, 0.031693209221477774, -0.20221117341248585, 0.0019580275857175107, -0.0026270819987039827, -0.2581284221305223, 0.1722834007513209, -0.21496167436827437, -0.08581499014566171, 0.3892415964705892, 0.29676191654724954, 0.0412552393140859, 0.09753300971417359, -0.11085539616816695, 0.2852093693700829, -0.2684999957660874, -0.09967370196958704, 0.18792658219335728, -0.09122262731150324, -0.10617214417560847, -0.13582112315017236, -0.15733291483684048, -0.015688887717619705, 0.24689736378279536, 0.1270137269075568, -0.11705367837216796, -0.16941553987589725, -0.010391497053624974, -0.011643815518557244, 0.2763698679981252, -0.012989707504450852, -0.07017102928338953, -0.06591511852188857, 0.20002691541000167, -0.007460529383460146, -0.15126474101693915, 0.06078346072825943, 0.05522988507690188, 0.07946310060689762, -0.1379460396974033, -0.1505504970165922, 0.07319105605072519, 0.05252376875975618, -0.03917122030382477, 0.3384356979842492, 0.04718767802806449, 0.25895142028172763, -0.26195501098822577, 0.16950407006484872, -0.1260459656186087, 0.05299754652927758, 0.2653886174472485, -0.2223693386772216, -0.2695989847769629, -0.03719168201853983, -0.06670616840619453, 0.01410083329414396, -0.023660276371470855, 0.0898005353883245, -0.22491081479093628, 0.2670889149413658, 0.14259840388368183, -0.09876285896823445, 0.12015539530389736, 0.04128520914421446, 0.04868175661687, -0.054610543193056395, -0.05685629373231803, 0.20534626205836898, 0.1824511958754864, -0.16377767140476904, -0.21796151884084872, -0.1837880520830148, 0.20811787800966802, 0.011152733481303806, 0.15842360557494983, -0.1387464124001696, 0.008552307507110942, -0.08816332318822898, -0.015171809176003775, -0.18674765141534552, 0.2978149188903163, 0.17627947214326248, -0.14368495583852547, 0.14140253227887556, -0.06695766197645567, -0.059574964016592416, -0.059602110596262484, 0.0937419066473492, 0.0533351906502283, -0.15594814976756866, -0.03234077815175043, 0.16874292770805652, -0.003018950715468882, -0.14721585051551447, 0.275024571348804, 0.18422012670348017, -0.12512943640623186, 0.1911088554374888, 0.059371682267862935, 0.04134205015581888, -0.017201568074992433, -0.08548299471920055, 0.12562092701934577, -0.13093244456763445, -0.15218629208062778, 0.08089907994622958, 0.14353040058001326, -0.20162369291024954, -0.1261623995406776, 0.10504445490084574, -0.20553619854836536, -0.0016565274995542325, 0.10295876266155399, 0.04977312591634771, -0.014626635551955154, 0.18236363301763336, 0.1112133242005808, -0.013776698446678769, -0.20688902803980289, -0.16465592161978443, 0.019625581639689152, 0.025521332372961378, 0.10501343774926575, 0.04490880793426323, 0.2471651244391388, -0.09384491059516956]
-139.64625613168704	(9, 12, 2)	[-0.23449748502494, -0.21058384955278753, -0.2346584703081537, 0.1582321248986637, -0.13846891200918482, -0.14960847929065135, 0.03669555050153825, -0.20181684068854408, -0.001446494991715037, -0.002561186311416278, -0.23763324728048912, 0.17374195165645012, -0.2306868736948351, -0.048369369529796695, 0.3904824430472183, 0.29664622444851413, 0.04237456018262015, 0.09625996335104409, -0.11031248859635662, 0.2871956760879213, -0.1974807652079728, -0.09098181244097579, 0.1876768087298243, -0.11503849238589732, -0.06757000570935479, -0.10559799499418598, -0.13803493632218744, -0.013437238975995943, 0.2463779550467742, 0.1276774660143946, -0.1143695277287129, -0.17127066159711568, -0.013519090890591525, -0.011299547185774125, 0.27704255735361416, -0.016261605592333337, -0.13475040188209322, -0.06642538229999047, 0.196975367123583, -0.011267625778881378, -0.14917557018839048, 0.0577460059433015, 0.05563235554252175, 0.07952755767571519, -0.13922399930288248, -0.14829982168410788, 0.09173678037047742, 0.04942667111452198, -0.05836604251216104, 0.3382522166964165, 0.05181783121515408, 0.2598902033771603, -0.2621969039146513, 0.16859062211346398, -0.12523479401734328, 0.019435032291076546, 0.28862458338188557, -0.22418306150782616, -0.23456901427343918, -0.04231098835417955, -0.06758273720748861, 0.004910848585995208, -0.02237948776278557, 0.02921203218787137, -0.22966837504430732, 0.27015717694638586, 0.12593442251866177, -0.09843672004518739, 0.12021823258162356, 0.04172592185779828, 0.031110053996301235, -0.05387668823325985, -0.05740116253360217, 0.20526364824912, 0.1869560571204105, -0.16443839278437217, -0.2099050017657637, -0.18575340048451824, 0.2068603492319699, 0.009746067643208036, 0.1586842239340051, -0.13748282836070788, -0.005307848255103665, -0.09061058780171688, -0.015282744807704713, -0.17568448045715734, 0.29661815291932825, 0.18653674135625636, -0.14940126337843038, 0.13639644077857793, -0.05590725199208332, -0.06770612189501576, -0.059372122199613735, 0.09489098411311592, 0.058183038042866175, -0.14598246045369034, -0.03285320841649809, 0.176870708624477, -0.00030156687950343906, -0.14443792551090331, 0.2756122058642089, 0.18575141880243856, -0.15409269337573325, 0.19124949985348383, 0.05913095721522915, 0.03978443259181856, -0.0187669707766647, -0.0905117292131997, 0.12404856017151239, -0.1398052108488595, -0.15320847626726855, 0.08179534071971548, 0.13943668787069874, -0.20161393787492932, -0.05769966295312198, 0.1050692758091592, -0.20861057113709686, -0.002407575421502075, 0.10096327715856727, 0.04952822635933697, -0.004166148330483003, 0.1822676648538646, 0.09802415007287835, -0.011771546177439562, -0.18286144190520315, -0.1633817835540707, 0.019638288978667335, 0.023032716932363556, 0.10712690572880663, 0.04589982420970838, 0.23644718454011615, -0.05651671535322306]
-322.39365719145144	(9, 12, 2)	[-0.2330536269280632, -0.21061630634833617, -0.23452459793352506, 0.15211416649996887, -0.14032662471494187, -0.14862963332724777, 0.030531194221089762, -0.20148703113431726, -0.003385180836064779, -0.0016345114083301843, -0.24189094963815885, 0.17175760113530422, -0.19618327241447325, -0.0786255516085779, 0.3883460975491023, 0.2966160810775922, 0.045705685665637444, 0.09676424180403503, -0.11326334129288287, 0.28761478442336813, -0.19802237107457624, -0.09605757798466179, 0.18813535078994004, -0.09560738228479315, -0.10509448723327477, -0.12623469976441076, -0.13315114693932548, -0.012883146467417051, 0.2462872687719218, 0.1246309671485242, -0.11502549304906395, -0.1853910143457774, -0.008832179157879231, 0.0311962271940658, 0.27631798470879776, -0.015820740660178297, -0.14935571096257422, -0.06666785075757733, 0.1988309108988452, -0.00844062274028047, -0.14685120916753425, 0.05837006063476922, 0.057862891666043276, 0.079701765262744, -0.11860482721379641, -0.15017716627427924, 0.08434752254314623, 0.07785703192792144, -0.05684692682666125, 0.33752761861709557, 0.04575242875343, 0.25403524656376775, -0.2627110130747255, 0.1687355738299935, -0.12447727005264482, 0.06716392361966247, 0.2775050658506719, -0.22442806226357584, -0.22163815539016762, -0.03554287419476577, -0.062028627744279315, 0.012013778107239729, -0.022403758389372412, 0.028516914055798714, -0.21873495839904017, 0.27422762854723526, 0.13010128615181873, -0.09789380033031167, 0.1590539958216517, 0.04189754442126784, 0.024319353287213002, -0.05438848662861593, -0.05757806326005986, 0.20527861318358842, 0.1782020994636277, -0.1674078019842198, -0.2164793042098726, -0.17523673720587832, 0.20614351052154395, 0.015287889655203809, 0.1364873029177969, -0.13706329804242223, -0.02259672399456827, -0.08957490699289933, -0.017039053885111118, -0.1698876329983429, 0.2968761871265222, 0.17871678418618836, -0.1518567837134851, 0.12489821160529938, -0.069848426937372, -0.058163240953803194, -0.05668258842305188, 0.09593565733910762, 0.06162716216085848, -0.1521686485142589, -0.033091041817405104, 0.17701975837720785, -0.004948465732416509, -0.14683118601911857, 0.27902953464677316, 0.18659838604769363, -0.11558146080417642, 0.19151791609827062, 0.04346567656680743, 0.043787954752168456, -0.013766414205042302, -0.0885892744012661, 0.13058206840020822, -0.13998665441254177, -0.14920833722804755, 0.08053740635222034, 0.13876603173439572, -0.20195474178561365, -0.11583021586836921, 0.1051912652185846, -0.2030479803275246, -0.0011966985917014515, 0.10278269102749471, 0.05004808424190206, -0.013244374169760842, 0.18254903281139756, 0.1257017943781125, -0.011769476411681638, -0.20145625939413414, -0.1642481190459727, 0.011747178083167905, 0.02158623137114768, 0.11291560195318563, 0.030933740561079816, 0.23339393415878062, -0.05004471915822442]
-196.55331806436016	(9, 12, 2)	[-0.23397349932880276, -0.20943994690477913, -0.23480911132567575, 0.1561777892182186, -0.14447039835304165, -0.1491989721216277, 0.033976620907482644, -0.20322188572048352, -0.018208001944617153, 0.07023177294419959, -0.24856699805303573, 0.16872388575059485, -0.20169227832079986, -0.09303230478754722, 0.3891690448078192, 0.29670502138451216, 0.04318494706160689, 0.09897648606467775, -0.11233737314993664, 0.286505216626885, -0.2557758258414701, -0.0982738375192693, 0.18233638370343536, -0.10422494053821876, -0.10499131489704479, -0.13487791316591854, -0.22278391658129865, -0.014252239839407255, 0.24758318970719737, 0.12138060224792119, -0.11599490487139122, -0.16711178157961812, -0.01129691887691902, -0.003456512047909573, 0.27693039246567497, -0.01875167234949769, -0.1454448344428891, -0.06680463408742968, 0.20614084579634184, -0.009429646106521274, -0.142452120513148, 0.05873299779564241, 0.05458976105098263, 0.07170162031424498, -0.13895232742974525, -0.20656133410581937, 0.09090651255891535, 0.05049415026983817, -0.06102193524794922, 0.33662617640184583, 0.050328483402211216, 0.25220953869057094, -0.2617126436539948, 0.17033843394992412, -0.12537659730917428, 0.05975609814741, 0.2675917600114532, -0.2232451831878432, -0.274538624991593, -0.03870546421153747, -0.06694874574938733, 0.009605514299961516, -0.023598901130961396, 0.02733631463583991, -0.23059147457653806, 0.2692893809752923, 0.13843192603475707, -0.08483030958880514, 0.12440986690749042, 0.03941780886595142, 0.05144985061386746, -0.05448321659389318, -0.04593323624448889, 0.16329703230866635, 0.18280493535696624, -0.1642081559452739, -0.220074550868746, -0.1779322301350874, 0.20570375874499972, 0.009095008906704, 0.15836534931649288, -0.1396056519868194, -0.01639064691957129, -0.08574652334882744, -0.015479366660879562, -0.17279041441484605, 0.29683226335770213, 0.1955229894161893, -0.15016817789238293, 0.13411144789470988, -0.05586439366999998, -0.06597138358204402, -0.06003059999161841, 0.09655950429728959, 0.0513290094317191, -0.1468148927052187, -0.03446613390437712, 0.1745931788567988, -0.004255276908098005, -0.14569466655959626, 0.21098670480964485, 0.18664605509022497, -0.14433611959610315, 0.1912724487431616, 0.05407534358668547, 0.04250355795654874, -0.015663337750953344, -0.09157249590625646, 0.1275153262862591, -0.1383243104304211, -0.1343853398404532, 0.07856703736693732, 0.1387920643841636, -0.20190654200132718, -0.10515300373447561, 0.1058366851081646, -0.20267850090181957, -0.0024479598542465645, 0.10476246973687572, 0.05296388480213787, -0.010592831439825225, 0.18388536741552755, 0.09441420696417302, -0.013398358852840766, -0.20684141645932302, -0.1623093704103099, 0.008619041876762608, 0.025522696265601365, 0.106129302324794, 0.050648378083281, 0.23544023508915862, -0.0569584835169833]
-168.31185619485254	(9, 12, 2)	[-0.23432798380914005, -0.21127650045452828, -0.23038160994030588, 0.15938947664874129, -0.13889776495084966, -0.14798899447721398, 0.03642735161763365, -0.20219663912623773, -0.008649411712720096, -0.004051524573666521, -0.2399320979942729, 0.1734537519028495, -0.21995490781549865, -0.11312760582873768, 0.386901832213186, 0.29683571575144835, 0.043922698098030476, 0.10739759944793932, -0.110792716090063, 0.21912843357147946, -0.19604663739736938, -0.09746787375845907, 0.1616461085595585, -0.10926638511923414, -0.10681515280682972, -0.11474830309083808, -0.13672823585817506, -0.011037271252657029, 0.24660065450535057, 0.11931646536635204, -0.09506395488447798, -0.17776126777599355, -0.011565447799527695, 0.08115268893135666, 0.2757369230025493, -0.02021868663298391, -0.13367152352852807, -0.06596015791738886, 0.1960446512362844, 0.0045923436996262125, -0.14862721701192189, 0.057530375599399435, 0.0548069370917779, 0.07946544336637683, -0.15357831143052264, -0.1082632588901193, 0.09930821410617305, 0.06785763671821854, -0.05468383520455659, 0.3377320670893502, 0.0010463236665656254, 0.24325071199060944, -0.2606443446084057, 0.1694944609175303, -0.09844698657530929, 0.04171726216694125, 0.2810853693532552, -0.22184469283125408, -0.26700781193834655, -0.03081777450017128, 0.08779628297146508, 0.012922641650927463, -0.02335521796917142, 0.015519599171386213, -0.23630227948026516, 0.26831605862569485, 0.13974331833188586, -0.09641687883798873, 0.13981875315166162, 0.043859159340189656, 0.04324373396354528, -0.054408018811914066, -0.057416094941981966, 0.20599951063766092, 0.18565093744500538, -0.16543724110263075, -0.22043753826059584, -0.1777934330436643, 0.204624225324628, 0.010874912421936563, 0.15507836693720395, -0.13782237359656946, -0.013946749524550554, -0.08947035593083948, -0.08939201194065809, -0.18741548844864386, 0.2970432995668729, 0.18867636615436853, -0.14968607532277184, 0.13539339934597402, -0.07808561484280196, -0.07063761159742074, -0.059617468854335214, 0.09609995250598782, 0.05324357992752832, -0.14750126445891276, -0.033454422811806814, 0.18438624050233968, 0.023999987943964362, -0.1463705327834376, 0.2746946631526652, 0.18623255695449217, -0.11898909054136401, 0.19132063709708186, 0.053954449254735394, 0.04068467445897272, -0.01389184730517408, -0.08823778820266451, 0.13168645972891602, -0.17168404029925444, -0.146065712085782, 0.07845429754366855, 0.1376608703040628, -0.1149175725796571, -0.11362718866028285, 0.10847459133612652, -0.20534045605187343, -0.002819957084551042, 0.10046431638088696, 0.04957509133742932, -0.0040886752494463385, 0.18207347056624534, 0.09352922322850987, -0.02046987092981678, -0.20263705809778626, -0.16169809251852582, 0.01797443439112037, -0.05035350923664736, 0.11006529690578698, 0.04271725232685842, 0.23510640151154089, -0.056571559551974425]
-192.68441966964903	(9, 12, 2)	[-0.22253904683253417, -0.2093051551848581, -0.23471935596701632, 0.1580628299864665, -0.126248050757625, -0.14931787951265274, 0.025220963484543623, -0.2024141625162398, -0.0045625865356543225, -0.0036846077581304437, -0.25290940516083404, 0.1723423762326917, -0.21988726473146358, -0.08196291206677851, 0.3894681889253929, 0.29325711367528295, 0.04330005715794193, 0.0990036328948705, -0.11194231935741705, 0.2860551470065544, -0.19735463392214703, -0.09582714763258789, 0.1849848665952192, -0.10184363702673341, -0.10854480002392636, -0.10597838001922143, -0.13701022953075337, -0.01296024651853163, 0.24661045857834318, 0.14711274073425698, -0.11362299392689999, -0.17757661823828985, -0.005280129338525382, 0.010689836281204738, 0.2696222260501848, -0.019021524364195977, -0.11374147684228766, -0.06595882888326361, 0.19944891286562916, -0.011124008639154423, -0.14882519334520286, 0.05845491184276007, 0.05574883631320889, 0.0787752978623381, -0.14195881066242644, -0.15033843861273677, 0.09510530935019504, 0.05283704608060693, -0.059052291472128204, 0.3359302245223711, 0.05013579645039787, 0.24648516270685628, -0.262590765250426, 0.1490042029416752, -0.14716918907418342, 0.04974862146467423, 0.2875800966963912, -0.22377618180080344, -0.24057497257812144, -0.0375906631824773, -0.0660775528566267, 0.007914032852619579, -0.02173635437735129, 0.026156371448128234, -0.23299385951470475, 0.27306144976643504, 0.13659420672502143, -0.09638631434224558, 0.1278473709899717, 0.04364182242590295, 0.04303616309412874, -0.06663454575694053, -0.05349023038419236, 0.2053816772957549, 0.18347019388592042, -0.16585136686338275, -0.21316484297362884, -0.01830002775742612, 0.17945137252856458, 0.0071834450922998476, 0.1583622067125124, -0.1428326139911671, -0.01076260675734023, -0.08226597269311386, -0.016241335419819262, -0.1902115092489744, 0.29720158276730024, 0.18149158666763876, -0.14885540677679068, 0.12198890768801077, -0.08773277139250094, -0.071007259381452, -0.05946525522625772, 0.09943847609807537, 0.04496234444807276, -0.1518423696812336, -0.02396990972275189, 0.1776226966160972, -0.004225122119356859, -0.16542301715286378, 0.27668384814536173, 0.18360902772414253, -0.11714753342343687, 0.19134681773988524, 0.0529707483831859, 0.04674708465605736, -0.01713051316809461, -0.08729505115342259, 0.1394639265895411, -0.1428076078223032, -0.14738201062963618, 0.07830624402252814, 0.1291554137291404, -0.2016022302340306, -0.09715848602428938, 0.1087924159034842, -0.20275450544399162, -0.002421815842107057, 0.10392254952664483, 0.04965347283597623, -0.0013352885583029278, 0.18284017350354714, 0.11165158772468943, -0.012948796711868759, -0.2048247323023475, -0.1630274852177777, 0.013947504558059274, 0.02476511671920955, 0.11697503278712852, 0.05441072385893221, 0.34072021797716723, -0.05284566763146116]
-450.7782192947832	(9, 12, 2)	[-0.23409447943824452, -0.21035918079506427, -0.2414239896911377, 0.1563438739576906, -0.13866956747945097, -0.149556421814922, 0.03508384077196034, -0.20753627474293446, -0.0004395333984255376, -0.0025136127105590458, -0.24874421108635625, 0.17278832307070427, -0.2114951583962017, -0.08520490262400147, 0.38913697867950303, 0.2965698385278524, 0.05233051184885206, 0.10424495589081374, -0.11094693940899104, 0.28485391469496374, -0.20227551404381255, -0.09243726074570716, 0.16760194612321005, -0.10039049728300638, -0.10496539628878723, -0.1241718056415558, -0.13996798217116527, -0.011072436077495139, 0.24895753938854576, 0.20674930044630585, -0.10342723571013604, -0.17491086379018475, -0.01286530975782612, 0.01903988965912929, 0.2703705980201968, -0.017154735116272156, -0.12229533102880141, -0.06720704602348304, 0.19960815607433935, -0.004201371839732127, -0.14528729341654992, 0.057585858780696025, 0.05161977358893386, 0.07968520062921332, -0.15607519946247767, -0.14739691927038248, 0.07073024248568167, 0.060538121332421174, -0.049808373704802573, 0.33774844993485265, 0.04573780944933332, 0.2446774452760435, -0.2591954274829809, 0.16401826078590453, -0.1248643999840797, 0.04145226824711387, 0.273915079334062, -0.22333486409482098, -0.24207397336636277, -0.041759701016450525, -0.06599521846823692, 0.010343514499039213, -0.02169901517406739, 0.02895598725297661, -0.2284874478180691, 0.27244338370127325, 0.13391035169139864, -0.0954719181573695, 0.13105252407676893, 0.0418106654743496, 0.04752254321756073, -0.05577908345823254, -0.07370309319139388, 0.20543503742801084, 0.17500908366543372, -0.17200121991577766, -0.2204793210249883, -0.18040726358720344, 0.20743706191730865, 0.006484898218573745, 0.15705350947564403, -0.13502172061413237, -0.014564549242855208, -0.1630269283051896, -0.01569520646243083, -0.1891069234207728, 0.2971771930857375, 0.18060515733165283, -0.14850868683209809, 0.12503237821715416, -0.06166837397234233, -0.0709535265770756, -0.05910187412732287, 0.09375218826353543, 0.0597200888029093, -0.14978915176382876, -0.03376645404954771, 0.17906597714542247, 0.013956273029957075, -0.16187331423106383, 0.2618950068422995, 0.18597797809642683, -0.1258723493860997, 0.19132537820758697, 0.054992293717990366, 0.04309082594247375, -0.015933302478542844, -0.14911959937172672, 0.1361175829689921, -0.1414967631651038, -0.14674860874086673, 0.07729136111307194, 0.13676403483267288, -0.20160784058665177, -0.10978011962080805, 0.10484388118134728, -0.2031228697301497, -0.001623114957594497, 0.10276642185405074, 0.04964926955092677, -0.013162423189775348, 0.18299238095681986, 0.10667839261912887, -0.014308614866130094, -0.1987348629694678, -0.16318781577728647, 0.018565986192838512, 0.02515606328683068, 0.11008589526227379, 0.04723492647894659, 0.23688743235013954, -0.0498828846567919]
-181.92825337804817	(9, 12, 2)	[-0.222782099178619, -0.20800408561996708, -0.23609298352975716, 0.15760365506902488, -0.141579155361277, -0.1474487481293742, 0.032058668995549405, -0.17591620451490447, -0.00415453437427254, -0.0032019322902944207, -0.2460584537947208, 0.17476259756732465, -0.21562512739853998, -0.002300788465878445, 0.4039136610772669, 0.2962604594717085, 0.04579387851488458, 0.09785375844199035, -0.11364713868096367, 0.2718083990755036, -0.2090894709161919, -0.09700370904872303, 0.17660315913600863, -0.10842344536447875, -0.10549442372811568, -0.13068346160800615, -0.13779316816517861, -0.014126541571461836, 0.24826961050709212, 0.12231516097252622, -0.1133899499427851, -0.1718128705599941, -0.011355510898987476, 0.035337459591392006, 0.2725499862269455, -0.023157891408896094, -0.10891658824677272, -0.06637576676831142, 0.19929484190825159, -0.013446622865916925, -0.14770073240936216, 0.05755160088518177, 0.050839164158442675, 0.07904245768390661, -0.14644339705940232, -0.14429830665347948, 0.08833784088030147, 0.06484258359197227, -0.03042619154219776, 0.33829252391076625, 0.04584575057565686, 0.2446854443101876, -0.25254381013838534, 0.1688875980743328, -0.10708940527781055, 0.04743407669571764, 0.2743372411594216, -0.2199699238777459, -0.2505452709632155, -0.036653753214683255, -0.032225020128917675, 0.008249789275267282, -0.00427261513266752, 0.031243193946065333, -0.24191613913341015, 0.2737303550651764, 0.13446459756427004, -0.089924262929921, 0.12391641553001273, 0.04156555992154308, 0.04981229893020682, -0.0553071254392703, -0.05736469971561965, 0.2054738280263789, 0.18256157203340434, -0.1690330091278086, -0.21833937151692054, -0.17207931020110484, 0.20641615303203353, 0.006448097268964789, 0.15780871318472506, -0.11779497239392156, -0.011844039863430538, -0.08965057765949361, -0.0037755171499636413, -0.1799111779654807, 0.29701305057036476, 0.1802809874232556, -0.14874144660617078, 0.11715419081677343, -0.06283346021121158, -0.06826590644050194, -0.05946204575888713, 0.08914814906623184, 0.05584205597559257, -0.1476028839660297, -0.03229727971959149, 0.17786606876244465, 0.009590064552234212, -0.14777993583937662, 0.26966800296862853, 0.1974691936620934, -0.11714517786671035, 0.192480493787053, 0.055733902464327315, 0.05171120879203061, -0.01720017176458695, -0.09991936737806593, 0.1300149127165419, -0.14525172080764182, -0.14505895304189437, 0.04551374623278624, 0.13788471020423854, -0.1826331690610274, -0.10019945239698261, 0.10930408480312884, -0.2041502139315621, -0.0024468926026276335, 0.1015109256553232, 0.04932879580176264, -0.00715721975781561, 0.17611148713435776, 0.10096321696545707, -0.014756123573539568, -0.19889205457646325, -0.16233970300127495, 0.01603104619207845, -0.001368018882497544, 0.11173758980688318, 0.044028313506995494, 0.2364678018963787, -0.053349599807789826]
-195.59120597015425	(9, 12, 2)	[-0.22159652661706142, -0.2086555578884124, -0.23821403602217572, 0.15741735476829694, -0.13943335519508465, -0.1475482119610406, 0.03482572787261174, -0.1348350742900652, -0.0035174263665188085, 0.0010492276790138029, -0.2340256949850925, 0.17086827974917518, -0.21679985853933634, -0.0809048605992448, 0.39886086909295915, 0.295290386814675, 0.026485974779980166, 0.10237657404682028, -0.11411959934685921, 0.2851888633035375, -0.2124747057029541, -0.0959022462575077, 0.16976732909782774, -0.10910817363548805, -0.10444251514160682, -0.1270746555086203, -0.1372813700278103, -0.013311421486326039, 0.2613037299768222, 0.1374702598148576, -0.11000754031179359, -0.16972925228191998, -0.010505662112112471, 0.017017549955983508, 0.27618748037246654, -0.02313469704319688, -0.11656534641430441, -0.06644159199060319, 0.19962140454782082, -0.006895118247563979, -0.14349064991455257, 0.05764272936292055, 0.054761048242899915, 0.07925942824209589, -0.14225348150928266, -0.14442200442000352, 0.088795805526388, 0.061561020759404166, -0.0011021476724610109, 0.3381769463875486, 0.048098978324322104, 0.24865045314675727, -0.2599116809878207, 0.16742666840108758, -0.10482988688449683, 0.04703217268865221, 0.2771777717860388, -0.22294122419863868, -0.2586571328720307, -0.03823641357243261, -0.045785479998797785, 0.007969349263589073, -0.021369515862063183, 0.028311585929361695, -0.23075474136310156, 0.27585632180126546, 0.13630137922075622, -0.09239392719718839, 0.12813449304829183, 0.04278807421860497, 0.051701332001384805, -0.0550592047758999, -0.05045951060908976, 0.20560662858298095, 0.21369374975742758, -0.16841476021028118, -0.21590862011170764, -0.17694900107849684, 0.20602989576244427, 0.006250886211579015, 0.15796942651163487, -0.11989288798229827, -0.011543478307897549, -0.14907248581003438, 0.012916009062376414, -0.17891562010218104, 0.29706885927634474, 0.18199744513757377, -0.14875577092952158, 0.13375384871189244, -0.06446776233274334, -0.06899074073755863, -0.05937374711886753, 0.09530959941725303, 0.054880001410569285, -0.1473449570401835, -0.02572143932548318, 0.1826505769553458, 0.007352032666772898, -0.149599217156065, 0.273211474831319, 0.18776634592245625, -0.12449463478869688, 0.2012189185560908, 0.05525800999929313, 0.043870831714143674, -0.01692787326878291, -0.08961498633817132, 0.1273093641562833, -0.14826737722851194, -0.146176241712966, 0.06308067345605789, 0.13897834022468272, -0.18369059961159467, -0.1047130760869523, 0.1097851364141174, -0.20268872376414576, -0.0020567717463035513, 0.10300748588645146, 0.04874068316393783, -0.013176479559391326, 0.18071211736600395, 0.09980075763993317, -0.014254122993787314, -0.20100847609911549, -0.16246500100732925, 0.014084694508233934, 0.0055754201081841285, 0.11112525301844095, 0.04750011221863656, 0.2377741708753644, -0.030405520520547687]
-274.06937511320166	(9, 12, 2)	[-0.23371247817026156, -0.2226118039849092, -0.23487894163661713, 0.1566975027984751, -0.14413350886158202, -0.14849581788398752, 0.038005215375857784, -0.21056892086936474, -0.0009390337878164648, -0.002880274936923807, -0.25030915250235314, 0.1713259196542716, -0.22086226194526504, -0.0873075596734085, 0.3885794276033277, 0.29171994568521764, 0.04377015656915048, 0.09843208009909635, -0.11222774726538945, 0.27514666354999134, -0.2010638669514298, -0.08270486787220041, 0.17891467538917755, -0.10086884996833057, -0.1030532646669061, -0.09255731816244707, -0.1371963333511539, -0.013143545303919268, 0.24706155654993334, 0.13614896185347033, -0.11179043594358133, -0.17161147608186317, -0.010956540101146522, 0.005639095623231556, 0.27376910891086226, -0.01583031838577918, -0.12224451593583914, -0.06624331277259489, 0.2137430714711487, -0.004125217353538931, -0.14796295802349815, 0.057553037118358796, 0.05653863100602261, 0.07242502002007772, -0.1456033751884067, -0.13866613159560665, 0.08339836004577426, 0.05984710004299921, -0.05216923854501872, 0.33675005550320625, 0.046506212668055553, 0.25003101667679684, -0.25882722778007944, 0.1657384462985425, -0.12383385745733645, -0.12539497796947122, 0.2774019602983509, -0.2229776489638542, -0.24908886525802076, -0.04518630155962225, -0.06528366699127033, 0.00935581922318563, -0.023369516700664596, 0.03687581479485262, -0.2339181295185702, 0.27708808645180827, 0.13559805001930608, -0.09430748647906435, 0.15607057377114109, 0.04256843855042775, 0.04338700783546855, -0.06215848899719901, -0.05376601903431998, 0.20547152922620304, 0.18182846182411067, -0.1695480614170046, -0.18822156420770825, -0.17880918242155078, 0.20610042078845947, 0.009354736856826452, 0.1576691557863443, -0.14185358407682164, -0.02011033327827462, -0.0901941573636281, 0.002557493122682289, -0.18671818136055643, 0.32984004989535176, 0.18696967604571343, -0.13935196721878712, 0.1258843684385193, -0.06485952979062412, -0.0707884193470184, -0.05945741648379964, 0.09651652450602637, 0.059124034478890496, -0.1490195899206406, -0.027826841302230097, 0.18070140623902842, 0.007292504591575792, -0.18484706260677242, 0.27138395159647033, 0.1853216458653681, -0.12219960003636886, 0.21185592805809791, 0.05353527819888582, 0.04445025927972947, -0.016316474236986997, -0.09269460262959353, 0.1322852001414878, -0.14771219406664707, -0.14709725666555998, 0.07777570489009908, 0.13685036567757236, -0.20134646594952027, -0.10264090210187755, 0.017886881495603725, -0.20386874558217333, -0.002007972694850451, 0.10224166967510362, 0.04897045461006942, -0.014045835215026583, 0.1484918133649222, 0.10040268543378333, -0.013739877221287665, -0.18195136663939618, -0.0756440152279249, 0.016809650044164518, 0.016113720221766402, 0.11110349620502061, 0.044707235634632206, 0.26348467468934533, -0.0488784726756053]
-441.34927919579525	(9, 12, 2)	[-0.22923918494438442, -0.2118732748348758, -0.23670019195789443, 0.15697607624088092, -0.1273639199143476, -0.14947078356802027, 0.036096480549880905, -0.17689115489342963, -0.008411314362463493, -0.00046749416380772855, -0.2429709999998551, 0.15794074381587936, -0.2162448558696532, -0.08369170628067346, 0.39345043325184414, 0.2913022530000573, 0.04425022442752382, 0.10128970197116077, -0.11046966493725907, 0.27680707453360537, -0.21034859385335808, -0.19213215954797902, 0.17473622879844392, -0.10908264238663315, -0.1049057352099097, -0.1282763101631488, -0.13658880504375992, -0.013665222776667957, 0.25071068836113797, 0.1230611255964177, -0.11420070282970791, -0.16930642980765925, -0.009964481711377518, 0.01434146350529015, 0.27200730705877685, -0.013798520357501662, -0.1264486026945908, -0.06716700439584121, 0.19958379186494613, -0.006565900526112475, -0.15305402401169466, 0.05746698566770901, 0.05478405561716528, 0.076357896567165, -0.14285036710594468, -0.14044782972771427, 0.08893677936593407, 0.06577313528072544, -0.04259652315513755, 0.3384706530652669, 0.03983290931409668, 0.24839762148044123, -0.2572411455127047, 0.166709181131846, -0.10891172558316663, 0.047271584788692034, 0.2814822030718006, -0.2230464359114216, -0.2507236338265362, -0.03832360729031001, -0.03893495791598304, 0.0077625448853664, -0.024195851449392528, 0.03020808860234906, -0.2388544014361838, 0.27371904627619087, 0.1325984688969007, -0.09294021947046228, 0.1296006015669841, 0.04224414514955614, 0.05014737771343818, -0.05525762754940916, -0.05356437395846847, 0.20503277790562646, 0.20500699366066644, -0.16780479807660234, -0.2160272828172401, -0.17178767303167333, 0.20813533630838785, 0.0068537008123890795, 0.17344399475373834, -0.12819002828691167, -0.012980876811899224, -0.06578663253826433, -0.009155826077735673, -0.2649123931963618, 0.30714798727257675, 0.19116459821786122, -0.14881578888809183, 0.1237861114670065, -0.06326720488912824, -0.0721198099184028, -0.05940210561373912, 0.08988698909936992, 0.05470525855852114, -0.15061560780356437, -0.028291751920167196, 0.18078632341938836, 0.005407633183028856, -0.1490134753186706, 0.2729849629695793, 0.18774397104218066, -0.13932453089797964, 0.18572737333021586, 0.05447489594347414, 0.0444891841139613, -0.016381207188672597, -0.09321105884597133, 0.1323658030329927, -0.14641600865967536, -0.14619057762448318, 0.07031615839622729, 0.13749212666905283, -0.1932951757270377, -0.10319653743986636, 0.10826425438741083, -0.20343303406205915, -0.0021394796548467347, 0.10292281211416465, 0.049079913455614375, -0.03534165661429442, 0.18053020092143074, 0.10261982811824649, -0.0141919034149341, -0.20099036715727828, -0.0923866125169438, 0.01457262912192029, 0.0198870077860604, 0.23047411591628414, 0.047023623622877174, 0.23726409846653032, -0.0477073067703863]
35.33616554568772	(9, 12, 2)	[-0.3366254746177989, -0.2160918395833419, -0.2359893037987731, 0.1572989003356092, -0.14195066319081961, -0.14859053052389565, 0.034916682988496456, -0.20311347716952152, -0.017890113779677183, 0.0011620365172501444, -0.24725989863277564, 0.17215589700874334, -0.2203554701356255, -0.08257988088664982, 0.39977950354802844, 0.28950519054134627, 0.04509412281732298, 0.10561475858110542, -0.11311529954474572, 0.27502150582065493, -0.20453212180092825, -0.10078720000891046, 0.1713602774457417, -0.10451538491518912, -0.10334650418485655, -0.1250984643888671, -0.13800269782805583, -0.01367462418661258, 0.246748665739078, 0.1341592802788712, -0.11333801038909964, -0.16994034090724375, -0.010222276945038864, 0.06657224148832738, 0.27248438559850024, -0.01763951477813026, -0.12526425815325576, -0.06633968284740334, 0.21163260441507942, -0.0045340956542466535, -0.1437455983738649, 0.057173315590277496, 0.0739821532233271, 0.0762017838885164, -0.1429947668096705, -0.1370216859976291, 0.0856880292102428, 0.11032381768359707, -0.049478850605110765, 0.337396324941067, 0.04936319876757377, 0.24790694953870326, -0.2619909811394334, 0.16421208292137893, -0.11578553962006452, 0.05468442763794981, 0.3007721375909881, -0.2231644141072713, -0.25285321602430255, -0.045372100556373, -0.009862536118891183, 0.011410826341946258, 0.0172683913657665, 0.029428974008814834, -0.23251780745727094, 0.27393517247783766, 0.13753760275928895, -0.09552379323173069, 0.13561412560990582, 0.043495966580363574, 0.04544130385117541, -0.05517842003468647, -0.053085973989244105, 0.20556265993395875, 0.19817648601189014, -0.16290614907967174, -0.21065432681000731, -0.1595175833646541, 0.20350495256147605, 0.007359107257669082, 0.08942048786610805, -0.1371820539275807, -0.014797903613990769, -0.09871957847057936, -0.01171396762602005, -0.18130744148336594, 0.28548465897124, 0.1951808816504662, -0.14732172948734884, 0.1284434720879578, -0.06580358753293056, -0.07089675008993815, -0.058447644768156434, 0.09512862365492533, 0.05196921164733788, -0.14847865612165712, -0.03028563907556788, 0.2163833244883884, 0.010365746489733598, -0.1473562512265605, 0.28190720355555043, 0.1874997851071176, -0.12380994832949192, 0.20162131770911662, 0.06908687457176388, 0.05901009374781374, -0.015146471026033927, -0.09091922000072998, 0.13355208543403677, -0.15217801963126135, -0.16347095410832269, 0.07613199798352216, 0.1372104853732784, -0.18370776528361593, -0.09889322096202079, 0.1300922082521188, -0.20428813360364645, -0.0024343602732776336, 0.10240579231484324, 0.057410783753872444, -7.244869128083435e-05, 0.18093904160901692, 0.10072393396365853, -0.01379730307688826, -0.2028250981995743, -0.16302288039394705, 0.015063659331143545, 0.01632547287343218, 0.11040906595199507, 0.055798027355566986, 0.23720884345639953, -0.049821229848165074]
-222.5166019269351	(9, 12, 2)	[-0.23177118770922758, -0.21088531954716389, -0.23521116659117206, 0.15766992320437026, -0.14439149444699562, -0.14850773726354968, 0.03557291933013325, -0.22441277015789735, -0.006024792592508826, -0.0010394451309500797, -0.24642939437566286, 0.1670941019658579, -0.21822344943904798, -0.07232372701417156, 0.38930654722828, 0.2886214039586717, 0.042684367218749616, 0.10716314271220177, -0.07146449948959104, 0.27320944230477345, -0.20655026231283888, -0.1071531298974636, 0.1741367911872248, -0.12263446584610466, -0.10624102075452051, -0.10879124472351104, -0.13740648020952906, -0.00576897799283244, 0.24855987025341397, 0.12743089624895704, -0.11361485170193145, -0.17024358340360343, -0.01040472683697858, 0.020541899109947415, 0.27383312839328605, -0.0216245293022407, -0.1356433500764997, -0.06692333229662036, 0.20870328481521808, -0.014609667433457322, -0.14402092849844425, 0.05743254663010248, 0.057463497417145876, 0.07695855322901389, -0.14628702374315783, -0.176001238058709, 0.08000132007546011, 0.06034057226383374, -0.04450281100488642, 0.3387386791439514, 0.043084884370596245, 0.24764437291006897, -0.263801162687567, 0.16286659206865128, -0.1210655022505649, 0.10446809262189366, 0.29067536076248524, -0.2225939991497088, -0.2522357737842896, -0.036872396092561606, -0.012503469517414366, 0.008855432547909454, -0.018573100581177955, 0.029475597373028198, -0.23296330168098037, 0.27433690632081575, 0.07569153771797846, -0.09455450273593793, 0.13158277714742148, 0.04218534264734629, 0.04624228522602198, -0.05509206927424431, -0.05550043747498374, 0.20694990153079107, 0.198589560138125, -0.16735737204653583, -0.2142467448644703, -0.17421878817714567, 0.20659362399642903, 0.007610478268010746, 0.1571479163327063, -0.1337528817887006, -0.02900006651345795, -0.10215732557270144, -0.013002636479733397, -0.18389915276250482, 0.299429989786464, 0.18682166499832464, -0.14871881080474905, 0.13021220821793728, -0.07519712135567952, -0.07195508446965561, -0.059303489573366557, 0.09548013717161032, 0.13589036871128357, -0.14848633321365795, -0.030527821981155185, 0.18058603594382625, 0.00833901872183817, -0.18393188008399083, 0.27387291115436563, 0.18888437167173722, -0.1210562545552603, 0.19744705210580132, 0.052530340435071925, 0.04661993609823979, -0.015481867631220392, -0.08965022088472159, 0.13094749840607947, -0.1505377266545613, -0.15060073646052557, 0.07259650424097601, 0.13779645036241273, -0.19545349452884342, -0.10487185077025209, 0.10662937309118113, -0.203753000522964, -0.036138436494895766, 0.11054330216264202, 0.04914504375199059, -0.009596535690341612, 0.17670215075142115, 0.10148872144281593, -0.022665629790049355, -0.20084220107607365, -0.1308602807626945, 0.015749923210328146, 0.019083255600662718, 0.10854382699426639, 0.05023870115814795, 0.22552725379909666, -0.08825468029688485]
-427.7832958396675	(9, 12, 2)	[-0.23129068550499238, -0.20998369707088035, -0.2353063244460134, 0.15778343398274167, -0.14169879516487585, -0.14998076936597865, 0.034726920541640144, -0.19529696835131022, -0.011841573151182576, 0.002341738550785834, -0.2426920406887405, 0.16953372488904067, -0.21851962005873915, -0.08153685968301559, 0.39062357390669444, 0.28646451726250566, 0.041937797665233645, 0.10467571857096958, -0.04399707255860115, 0.27674568754395085, -0.20660014927958525, -0.09326392316221324, 0.17722628760286047, -0.10906289938570113, -0.10365302920826437, -0.12485739454517109, -0.11430243337891305, -0.013333554273560979, 0.24706211939342992, 0.17531455384559252, -0.11316327519124134, -0.2082175928408046, -0.005077664370301954, 0.018682805697569537, 0.2749763210017544, -0.006763215557834391, -0.12886850318735713, -0.06422960086200835, 0.20733679999326982, 0.01608900902739864, -0.14852717732864942, 0.05535530602467758, 0.07747904384965913, 0.06861986155745878, -0.14230011063241121, -0.14284381467479856, 0.08855325410960871, 0.06785884392013825, -0.02867145238120496, 0.3375356341207124, 0.046446251663021715, 0.24932550848616547, -0.25978814046772686, 0.16862192383545963, -0.11631933998935208, 0.010390965081982707, 0.28446669257937873, -0.22330687352594975, -0.25134865517569593, -0.08497047261750397, -0.04061280853081611, 0.019316442374291178, -0.017935451388184524, 0.029151431048662794, -0.24027755345793894, 0.2755942527131783, 0.13319584729404715, -0.09338390137992668, 0.13461286246385334, 0.04200396333099324, 0.0520961151556581, -0.05572091709693615, -0.05385158952420142, 0.20516045931439342, 0.20507184710840187, -0.16838269044802712, -0.20169918968825104, -0.15617110352503316, 0.21604083679959735, 0.007778831792855476, 0.16420852282575876, -0.13479390115286335, -0.009142714605327553, -0.10038219949843469, -0.009632520145329946, -0.1831161605612255, 0.2990539959098869, 0.19031352811828206, -0.14977824824535013, 0.13054226641662248, -0.06472606857088353, -0.0670672740853608, -0.059315101188972916, 0.09507185387954005, 0.05378945829395372, -0.19853842308418318, -0.0316939786597804, 0.14174176793018156, 0.0037742999023152512, -0.16100570704223552, 0.272669987759382, 0.18779992843025123, -0.12107166263593513, 0.19617429146943255, 0.058507448905709664, 0.04476624883753745, -0.016299067990178863, -0.09166875742451194, 0.13188187983761215, -0.14639975099312566, -0.1485283043526832, 0.1013362894781439, 0.13734531254429405, -0.1954030199730885, -0.1012536659241737, 0.10890004843844595, -0.20236193996185772, -0.002281025774745904, 0.10229985061450447, 0.051644241348676366, -0.0061415764886470475, 0.1825523739125022, 0.10131933138705196, -0.014025644892960688, -0.2029159099785265, -0.1567966973572912, 0.014930883527670849, 0.012717446185381943, 0.11747433557577924, 0.028666563181738172, 0.2471168138494041, -0.0784839928534715]
-250.33866615442565	(9, 12, 2)	[-0.23128001665651804, -0.21230379679496753, -0.2348837837140172, 0.1574855717816738, -0.13813274052683044, -0.14824260976437847, 0.035183644210041, -0.19277283106289606, -0.015353229633094073, 0.002664792092402, -0.2428661694697356, 0.16178175919190083, -0.21686593814212615, -0.08737785821666269, 0.3920883272139962, 0.2872853591664949, 0.03910093894563359, 0.10050198886358458, -0.057706232742911825, 0.27216889979326236, -0.20584300825496707, -0.10081253818260065, 0.1771848658520796, -0.11470699625727485, -0.10374053035493128, -0.12673225822524753, -0.11569674024328229, -0.01345965793824674, 0.24975805563450043, 0.1281610591314831, -0.1136049646285965, -0.16961863756643988, 0.02650919961393243, 0.01584933210010741, 0.2730741458303501, -0.0024565523905415473, -0.12785056967230932, -0.06645133947234204, 0.2728612651172466, 0.010629010146687927, -0.1470228016677752, 0.05873192708240539, 0.058844117523866396, 0.07176607767571563, -0.14173883463408476, -0.14050113623496327, 0.09347668312341241, 0.06280113931198257, -0.04654265830991257, 0.33711824262730206, 0.03741825455101056, 0.24837848331458937, -0.2503765235766247, 0.16732216503601233, -0.11403523677528427, 0.04393840052006727, 0.2887739892830393, -0.21725059100990096, -0.25414430931287557, -0.041188202957515144, -0.03300334477042839, 0.016110458497633505, -0.010528879631530806, 0.02942499045105723, -0.23527968667114238, 0.2734527706341562, 0.13113319802529977, -0.09476560450781488, 0.13083806341606774, 0.040644666789877215, 0.05673434417383824, -0.055369941270404704, -0.05321225377324291, 0.20450010711530017, 0.21183604014738536, -0.16860302153787993, -0.21515828581279206, -0.160677702658189, 0.17790570114154197, 0.007914606919722069, 0.16307389201506725, -0.1341283962638043, -0.012838035072873864, -0.09175218171954519, -0.011518306140201093, -0.19119519653808406, 0.3068773757802257, 0.1858059655577221, -0.1488857615154059, 0.13009804555589072, -0.07415256159008027, -0.06796916868989211, -0.06650093596234531, 0.09165849666555495, 0.05985703495526019, -0.15145140293033602, -0.030501619311129727, 0.19587333853352565, 0.004249987640504681, -0.15028431969241487, 0.2748649667953661, 0.18699919767896317, -0.12147606752202038, 0.1946256675237783, 0.05320580443247972, 0.04645085105259002, -0.0171200416093703, -0.09717080850340755, 0.13100985498605755, -0.14658962110030416, -0.1488177208383642, 0.09078828463024603, 0.13527380041278492, -0.1962156766478446, -0.10271074394012103, 0.12109914429587507, -0.20431331741094272, -0.002203443433710628, 0.11549112882741933, 0.051471170837076294, -0.008589663848741196, 0.1861069146434122, 0.1006371169015894, -0.014564751191496752, -0.20201997579453462, -0.1255554666284973, 0.01436507145089012, 0.019249676395730237, 0.1168862087842787, 0.013650223999085796, 0.23253390310608535, -0.04619035205225275]
-164.21688612228257	(9, 12, 2)	[-0.22673343481497088, -0.18722770753111045, -0.23527301827376174, 0.15827734373832997, -0.13831038961895606, -0.14751721180408972, 0.03587247128583191, -0.20750000293293816, -0.020819343989998695, 0.009698898715782892, -0.2592425563191948, 0.16851146579783785, -0.21940049234580872, -0.06444283406055196, 0.39111729600396195, 0.2887821427055795, 0.04272794258481568, 0.10550073439564851, -0.10156617768226615, 0.2722846130548922, -0.20684078509034642, -0.16606299343049566, 0.17405723967668651, -0.09096306511683128, -0.1048275435641342, -0.11893673132041119, -0.13653336875382266, -0.014150447942654524, 0.24766456928375913, 0.1313293603976657, -0.11293370781640848, -0.17893660752155058, -0.0076909611413804365, 0.014891782197110154, 0.26711283258315066, -0.019444001527280517, -0.12825993717764692, -0.06664516807742973, 0.207001539369293, -0.0037147316072648814, -0.14631649650888912, 0.05835866788358418, 0.08033578958133542, 0.07547796011961004, -0.1446726086019494, -0.19515737560288962, 0.08227501881852667, 0.062375228989316314, -0.04313121587135681, 0.33661500281185897, 0.043588473341055, 0.24775648416168758, -0.2607117730442424, 0.16950254950591048, -0.11462957423093877, 0.05044569446575156, 0.28539229888261897, -0.22094665907564434, -0.25560993161334633, -0.041314815053840555, -0.026611175012316333, 0.009362405106378863, -0.018312799504191325, 0.029587589014724126, -0.2366803448873013, 0.27413881120291933, 0.11138037068717269, -0.09356442849224425, 0.1337609724464694, 0.039585071266174256, 0.05157833352012555, -0.05501018060014414, -0.054389303406201746, 0.20535084152837518, 0.19323005479096667, -0.1674636060406719, -0.21323785889561753, -0.2666979874341581, 0.18686539981710087, 0.0059581098616929415, 0.16402130491678507, -0.13083765588482293, -0.019199073549438877, -0.1029172847060343, -0.01240795449639077, -0.18313881887254135, 0.30089883514902854, 0.18993533371662852, -0.14945779590779507, 0.13011424782023986, -0.07901306368685287, -0.06774297008019867, -0.0594969518248612, 0.09500977495470135, 0.054038110605484455, -0.15218971034476186, -0.030297757648301872, 0.18052437674766958, 0.008499972515246807, -0.15561022741406494, 0.2733716293941788, 0.2371298461491107, -0.13413953583733468, 0.19742159544750354, 0.05541827538949534, 0.04469120847649774, -0.015844343601414193, -0.09022957548644621, 0.13346651893912154, -0.1509375721765478, -0.15080594725262134, 0.07896795097935379, 0.13798603975443938, -0.1953507807699912, -0.10342359400022869, 0.10825271914415514, -0.20287727400828537, -0.009756567789388005, 0.10625481653530428, 0.05199902161628356, -0.007501948926444429, 0.1785579777686219, 0.1018626801308867, -0.015984768476566203, -0.19679143867518603, -0.1499458297902816, 0.015474395235591687, 0.014132319372409285, 0.10862852755323457, 0.052832819262742095, 0.24033261655451332, -0.08057702294738266]
-371.01742623009727	(9, 12, 2)	[-0.23116002424212584, -0.21121556381409712, -0.23526123115271558, 0.15776192029853706, -0.14091429479523124, -0.14881631667975895, 0.031000714287680795, -0.207719718290712, -0.009601610868671237, 0.013517480675458365, -0.2589880385972332, 0.16856647337652012, -0.2180070322551648, -0.08207519880315713, 0.3925333590468281, 0.2893811452038153, 0.041843469892269544, 0.10302007808453992, -0.039485431581570786, 0.2758838208436131, -0.20654583226632495, -0.12713419292937575, 0.17527957019764256, -0.1046625490555673, -0.10376514105459488, -0.12054920087883847, -0.13310807402736147, -0.014782005818092105, 0.25076933554868686, 0.1306504861732796, -0.1128331581699303, -0.17765785422612038, -0.0040538340186256645, 0.01675706586791594, 0.27254436697910084, -0.00793591384289101, -0.12654120217492845, -0.06673558728951885, 0.20363895617014116, -0.0034861213938049288, -0.14697950905609822, 0.01770307623514481, 0.053457617636938765, 0.07565824724307567, -0.14191234360053864, -0.15935527110123893, 0.0896779064616134, 0.06619779780690671, -0.042714405943813184, 0.33807828357955816, 0.04461486556692733, 0.2486733979546346, -0.23907523294567717, 0.165829461691845, -0.024041889633959895, 0.05190079683146899, 0.28531082205467073, -0.2210177375438122, -0.2518390832027679, -0.04120729874387036, -0.03452046325932045, 0.018425725049685933, -0.005626955038242398, 0.03405860562320348, -0.23522605134256414, 0.27434856792287143, 0.1325838521540263, -0.0940432838652667, 0.1305651156887946, 0.04091407915892879, 0.04907617821669075, -0.055330090369825405, -0.05512252026484696, 0.20503344309426494, 0.20189077744558423, -0.16878026802339313, -0.20308341702529406, -0.17032083923746785, 0.2004316428848062, 0.007717705674059141, 0.17046449651761703, -0.1330782995694651, -0.012566481031436759, -0.11642726451224104, -0.01183315195891393, -0.1862351877184329, 0.31813475199861063, 0.18730886260208515, -0.15056119715397057, 0.12873612652556662, -0.07347956196530353, -0.06915619394051026, -0.0635359000948254, 0.09437957319552068, 0.051663212429179234, -0.15570369941168846, -0.03105180773098612, 0.1852594275143122, 0.0027498498275043454, -0.1479853138496594, 0.2758786291738315, 0.1881793342197293, -0.12188531162071481, 0.1930464085517956, 0.054272264400056905, 0.04513562261274223, -0.016592900403082457, -0.09342053389723244, 0.13143830168239035, -0.16121459984148712, -0.14889998339641625, 0.07545488928157534, 0.1364529062449255, -0.1947562123699959, -0.10689350883950617, 0.10856057046320407, -0.20381935423199768, -0.004316718021389446, 0.10464472416318601, 0.06895620922361845, -0.009774792443439938, 0.18667949639113554, 0.08549639348207169, -0.016750117596557212, -0.20650481120396608, -0.15232393595925728, 0.014554181905269942, 0.015553175010972843, 0.11590228512090045, 0.037350797212869456, 0.23514389190529622, -0.055945140755248285]
-112.98016088922157	(9, 12, 2)	[-0.24658992750606776, -0.20115101336604915, -0.2341485247153013, 0.1579026845028859, -0.13726502150386338, -0.1481367130601355, 0.03400544806116962, -0.19495160113161558, -0.012121840178211475, 0.02100480236975371, -0.27587960114090704, 0.15037290201090434, -0.2183532114252631, -0.0817986621684033, 0.392497463877976, 0.29081107846125714, 0.03803920990425969, 0.10299993918416717, -0.058352087518605614, 0.27537992536049216, -0.20616364721391517, -0.13671533619706172, 0.17569892341348448, -0.11235383060380918, -0.10507324736315149, -0.12226035259343189, -0.13001451284526228, -0.015457735692441247, 0.24850528400319016, 0.13116147940900819, -0.11216117144089485, -0.17967728890077933, -0.004943150432835466, 0.020162901885300687, 0.27135688318902834, -0.004345112277576539, -0.12894548212134524, -0.06644266207200543, 0.23557051349399413, -0.005506819364796293, -0.14801381935261024, 0.05735946997533886, 0.05939990334339931, 0.0704774456966033, -0.1433026886836489, -0.16337108837142056, 0.09058895092531513, 0.06463107385416803, -0.041427853333403535, 0.33648581999086213, 0.044171883873929826, 0.24895770598662098, -0.2593429705487367, 0.1681636402121621, -0.11199627400466011, 0.04769435458706846, 0.285260385680311, -0.22278746927015092, -0.24077310445515918, -0.04343359166428932, -0.021710316667163904, 0.0003071619110950521, -0.01444708443104147, 0.02919431531060921, -0.22690675002905145, 0.2753701297199206, 0.1330656178709428, -0.0940619274158714, 0.1356159928849895, 0.040507560753150415, 0.05706488211713077, -0.055187590732807976, -0.05434821615919323, 0.20502641236435376, 0.21078476269963528, -0.16843994308001606, -0.2094740465341434, -0.16245224685084977, 0.19517902011823998, 0.007496517455838118, 0.17171061415726102, -0.13563177074900334, -0.013756199775850624, -0.098382052085829, -0.019644521438959856, -0.18432425180448378, 0.3019628132272858, 0.18951836004843414, -0.15057068033789622, 0.25990323817891947, -0.0732095794632575, -0.06982842218979553, -0.061812574219209986, 0.09458780914363565, 0.05284341462294732, -0.14960801342076357, -0.03171730819246342, 0.1783968070751805, 0.005475493154440578, -0.14882670066329837, 0.2747936251115019, 0.1875951187113604, -0.1210740017562345, 0.19771459753680462, 0.02770939665922047, 0.046912523452232624, -0.01704647842023259, -0.09556291781675501, 0.13173646881102355, -0.14566701845182667, -0.14860380063145062, 0.07329640249072485, 0.13764454242848476, -0.19640559175940117, -0.10240839706676329, 0.11201783592637943, -0.20375307196865433, -0.004099730264649385, 0.10526176306810177, 0.04767540956302017, -0.003009666490475843, 0.1784975390498489, 0.10196853301450912, -0.015016239447200787, -0.21142337997977922, -0.14725414517798, 0.017372902345684407, 0.011461448670355309, 0.11879700199185118, 0.04545587549444896, 0.24065356062651044, -0.04766365500788676]
173.25506035613662	(9, 12, 2)	[-0.23192340017047341, -0.21149408555548355, -0.23515407439875177, 0.11825884838259906, -0.13729302286884298, -0.1103161938616686, 0.012771606327767616, -0.19945278607985006, -0.010103868068405936, 0.009761107423528901, -0.24719445631807752, 0.16427937480413402, -0.21783189032940797, -0.08457856701486902, 0.39231438389565826, 0.2892302381165851, 0.036657761957959376, 0.10457613721164108, -0.08993445846138833, 0.2763280666657811, -0.20578026523709061, -0.12489378351494293, 0.1774452163579026, -0.11965817677548284, -0.10398709196813613, -0.12043879353231124, -0.12953433742725087, -0.014197417965975736, 0.24780449579551195, 0.1321168367324165, -0.11286234773325107, -0.17548537157415706, 0.0013059324721248818, 0.01840137944579122, 0.3241641582848234, -0.006784564813230384, -0.1260213802545248, -0.05822940447269535, 0.20333345515237944, -0.004192843085606566, -0.1486128584330738, 0.056012526562030915, 0.06108774228634624, 0.07038659387766794, -0.14319519536126218, -0.16630135688486142, 0.08942413234909136, 0.058444621668018226, -0.04021271658503282, 0.33726088373669594, 0.04409948667337103, 0.24123703446404005, -0.2611509197610994, 0.1646246134879138, -0.11489537923941395, 0.048407826160587766, 0.28760871865300053, -0.22069107711120095, -0.25298726594501997, -0.057873066466486135, -0.021607714712577514, 0.011257239178890667, -0.016733769352985674, 0.030469162091206713, -0.234881856363747, 0.26627796658917025, 0.13334583167184086, -0.09380371010698092, 0.13239176916805628, 0.040644639575034544, 0.054816231821323634, -0.05532563291936857, -0.053965822747559414, 0.2050549586422203, 0.20771982889789686, -0.16802955512093867, -0.20742496323298082, -0.16143538051971112, 0.18951810295414762, 0.008103756197386798, 0.16788119148358258, -0.1347004340307852, -0.014134230354099997, -0.09880668435080307, -0.011725063815209937, -0.1873706940717184, 0.30180339623294383, 0.18929756783009902, -0.14924149177738105, 0.1288905976293177, -0.06918714068183174, -0.06703188999017488, -0.059781311266592405, 0.09422651279347842, 0.04886830894270799, -0.15949954938611044, -0.03291832902906251, 0.17699667399871077, 0.006069687059061577, -0.1506497509958557, 0.2712461593694776, 0.187908215459693, -0.12167895172678135, 0.19304350880671653, 0.05387596408591728, 0.0454523087136512, -0.017726373379166063, -0.09344571124331044, 0.20537807665642913, -0.10813146060740353, -0.14794075773548943, 0.07170644933719696, 0.13731731589221824, -0.19544876807128497, -0.08823050967163014, 0.12112189280364719, -0.24902303877433074, -0.003798003139048508, 0.10027982538593917, 0.05106762760162395, -0.006588065555894434, 0.18214239076694896, 0.10184560661793733, -0.016145056480371886, -0.20270169282211775, -0.15342152431730327, 0.014705736765960053, 0.015881612177734965, 0.11607111661593633, 0.043326983016357054, 0.2399470039558072, -0.056081915727377966]
-252.23185723587918	(9, 12, 2)	[-0.23126161041597337, -0.1976543570997915, -0.23492743920304393, 0.15768998304349857, -0.1385284365113195, -0.1475729125064774, 0.018782537309264984, -0.19597922920943991, -0.014329401799077088, 0.0028123368340511306, -0.24973381587025334, 0.16699327142162193, -0.21793583081682763, -0.08391035416167222, 0.392905038772171, 0.28824397440725313, 0.03995368709718537, 0.10278231660374369, -0.07215342477497141, 0.2780356063194991, -0.20595875246014334, -0.12050721655976544, 0.17635653380963495, -0.11040832036823098, -0.19635403588323014, -0.12133818269886207, -0.11999764098597948, -0.016006710654612274, 0.24854979495281898, 0.13001510224502774, -0.11330176614133108, -0.1884379859920891, 0.023827813097277006, 0.0183914279038794, 0.2774107234964478, -0.003934612186476689, -0.12580407890192907, -0.06440373993572068, 0.22193275977358073, -0.004029057268423282, -0.14750784965825206, 0.05479006238218933, 0.0583276328592499, 0.07067088899984966, -0.14319747808987768, -0.15111593799560305, 0.08887056704280251, 0.06567646036678196, -0.046409732543539986, 0.3371683477493248, 0.045376038527527834, 0.2120308950125914, -0.2589485329507736, 0.16166572027831577, -0.09439073508988069, 0.045422130597648464, 0.297123650277979, -0.22099608807330712, -0.24365728876815188, -0.04988173841456575, -0.02480778391274807, 0.01387913338023126, -0.016149904492379078, 0.03155607366026489, -0.2350359388875406, 0.18127855896555373, 0.12752938665444738, -0.09384618162982357, 0.13087123919243307, 0.0422080506633665, 0.05099847628248913, -0.05523965612159501, -0.05352841062858163, 0.20494184070151722, 0.20958985243571193, -0.49759744029325914, -0.21032340085642537, -0.16042952447205314, 0.1906119521361369, 0.008087488318967533, 0.16524219498596848, -0.13635443076646228, -0.012836767177985873, -0.09970432573980367, -0.02116086728869031, -0.1861326398694055, 0.352451154334865, 0.18871469060842605, -0.1507046020748346, 0.1293235347590587, -0.07058568725166282, -0.07009471831263567, -0.06335856715532259, 0.09320011940486604, 0.05882559577033665, -0.15431991424810568, -0.03214586214417783, 0.18003286874094027, 0.004416809005782693, -0.1528146247603201, 0.2699306057524308, 0.1871354918060007, -0.12228558185672887, 0.18317376366036386, 0.05433807181059665, 0.04567734279467697, -0.01859110719427365, -0.09333798293688006, 0.13155628373747152, -0.17238509024456145, -0.14901629082444906, 0.06992179277649008, 0.13715065430593212, -0.19571754574808348, -0.1018325147375766, 0.10956782333531785, -0.2552378429430618, -0.0032894680706030983, 0.10458999253362439, 0.04913809671697984, -0.005764673592001052, 0.18191904901559178, 0.10207349921761227, -0.015447096244204907, -0.2021591095757282, -0.15033436309165288, 0.015693740642491502, 0.022299939158351854, 0.06654005445880994, 0.02232071827097527, 0.2375598885008832, -0.053849005769533026]
24.90596634086475	(9, 12, 2)	[-0.36155148647803215, -0.20269089207533578, -0.24613667607234088, 0.15704154106612517, -0.13929755936849905, -0.1489022134992955, 0.0660383477126849, -0.19664335023364932, -0.01059096542429268, 0.022833217192418667, -0.2540482730721787, 0.16440980758484874, -0.21822792462295595, -0.07916703641254227, 0.3921458778827005, 0.28945680363932047, 0.040370443562434175, 0.08073964202776324, -0.06680901511265903, 0.2752456437207718, -0.2066615585763946, -0.1045080883207964, 0.17617842930339828, -0.10397195700730735, -0.1042772605994809, -0.11956953658273366, -0.18771938721482337, 0.006057147689913789, 0.2499943855112285, 0.13398459029784412, -0.11289535784813587, -0.18220216635801612, -0.004379363738696427, 0.018196237069404823, 0.2718375642159214, -0.008361071154429148, -0.12568491462198866, -0.06484187361354908, 0.20527042702295434, 0.003376934614308601, -0.1448884926630586, 0.05507091875978103, 0.05904692746119791, 0.07425640642867867, -0.14470128755342201, -0.15075550688995654, 0.08970784311526198, 0.028685719571742374, -0.04037416609316184, 0.33764776942515246, 0.04419729062559661, 0.25375825102750993, -0.25604701778636524, 0.16806058899695542, -0.0840276868755538, 0.052766712285729926, 0.2864580652904419, -0.22191750538866323, -0.2536171283986116, -0.05096895068530641, -0.023465050374431938, 0.01344674132807713, -0.01046611740994298, 0.030497030329065172, -0.2354356228501603, 0.2741431265376909, 0.12534848603634824, -0.09360418182341632, 0.13298644811490037, 0.040600942225930636, 0.05402475581418371, -0.05536053122817757, -0.0475244964448388, 0.20503695618206821, 0.20725475680824335, -0.1686514540487815, -0.20727343726449782, -0.16083121639183645, 0.199442875374183, 0.007724583416851847, 0.16504982092615172, -0.13369131813185275, -0.016126390821660102, -0.10069015196877819, -0.01012637411353296, -0.19057667910853163, 0.3040202260347927, 0.18833148717143638, -0.14867928283270754, 0.17202140641418692, -0.07239292992996167, -0.0676380732813096, -0.06235952975720583, 0.11140085460844676, 0.05330380968607058, -0.16281277816129694, -0.03220542202854847, 0.1729657749757763, 0.004391862348291192, -0.14679369973209172, 0.27375108484518273, 0.18777392629482578, -0.12248941591557276, 0.18413543894946605, 0.0656789256556347, 0.04616053548681292, -0.018932875609860435, -0.09323918760927577, 0.13155803429552532, -0.15681594109527192, -0.14893124983005046, 0.12008868012598665, 0.13692466549534643, -0.06904938135008049, -0.10299637440354005, 0.12064602100363248, -0.20396159921155774, -0.003074837617026748, 0.10677918065138531, 0.05747675141564618, -0.013189348339483445, 0.18184069045527432, 0.09984152167857716, -0.01800467714222232, -0.20602840703651615, -0.14096873375083052, 0.03301144975615763, 0.015914472493741234, 0.11772208844757903, 0.04372796505589403, 0.2382667479303568, -0.05701661873656709]
-317.4900015035179	(9, 12, 2)	[-0.2340598157686593, -0.20268850983734427, -0.23475618289605593, 0.1576729248790934, -0.13855740655687077, -0.14774136833062573, 0.028285613043513125, -0.19566070386887174, -0.012687642908034778, 0.007466914406703589, -0.26923583580153365, 0.1663848106943711, -0.2179820777895165, -0.08339241474772674, 0.39251820110295704, 0.28828185177771004, 0.039284559551669776, 0.10210019480776153, -0.07189894605032181, 0.2760423464608607, -0.20613458423729736, -0.12024626832231558, 0.17620601968014105, -0.11085746562253618, -0.12313864394853373, -0.12172983974724917, -0.13101633970605944, 0.0029071023657564017, 0.24880411427059562, 0.12983342668557435, -0.11311621268963098, -0.18386666002722785, 0.02133504865077887, 0.018389338947708063, 0.2718153010526191, -0.003988595868071345, -0.12669732634445294, -0.06471175121551485, 0.2320625906691719, -0.004497054614627025, -0.1472279926606772, 0.056509159719291144, 0.060368936997304154, 0.07066181535783694, -0.14316352806688812, -0.15171749056838127, 0.08922672424962691, 0.06588178363684681, -0.04200794458555012, 0.4138338868123281, 0.045307003338358534, 0.22662298037062442, -0.25794796078071336, 0.1667580658427171, -0.09684797759208304, 0.047746614243570004, 0.2935209141998686, -0.22113531299313632, -0.2478507903312745, -0.048043531362361516, -0.025432209854985278, 0.012092763946177018, -0.01432065516208691, 0.0313565903738455, -0.23486232316509648, 0.2268672921582156, 0.13170026642135646, -0.09329035812405571, 0.13116620513728955, 0.04165940168706338, 0.05158883091534417, -0.05530940543856391, -0.053859224554078475, 0.20497947563337976, 0.20709710544358348, -0.2211243758369592, -0.12426068825873067, -0.1618085389034514, 0.19691884053507808, 0.007632088076841322, 0.16512570654983574, -0.13500518523777916, -0.014642068549833421, -0.09994283978363014, -0.016878126353591465, -0.16960871427153704, 0.3218788904955714, 0.18890542122107679, -0.1506317349824755, 0.16942071129310815, -0.07100139306823079, -0.0692462241454813, -0.06190745808607556, 0.10225576224681225, 0.057391346970700974, -0.15229777294259883, -0.03213219520002457, 0.18036664837989982, -0.05858482989239091, -0.15187696442150125, 0.2730257474713429, 0.1875279735986877, -0.12213794607951559, 0.19686939485765853, 0.032412705004868834, 0.04657417441421607, -0.01842119405417807, -0.09363380909168526, 0.13190368431838512, -0.1540090287669569, -0.14894314496017186, 0.07277233560735194, 0.13695329424527697, -0.19584327603340673, -0.10258987909162665, 0.13885840132075816, -0.23096667942515836, -0.003620402612361402, 0.10575388401738493, 0.05144451891137082, -0.012519167088876244, 0.1811466287168012, 0.0031379249823445727, -0.01522093422647406, -0.20977921012265577, -0.14692164270183222, 0.025229621742572653, 0.01402648915422414, 0.06686304323934693, 0.027672625148080946, 0.23732661666307822, -0.052692530550498204]
-470.39254822845703	(9, 12, 2)	[-0.33269931960941723, -0.1967920354293929, -0.2407268295309173, 0.15735372523980393, -0.13950248999753628, -0.148080539486534, 0.03656578250383662, -0.19790489277391085, -0.011292408920715744, 0.01096985794155748, -0.26310931755582373, 0.16436785849614155, -0.20917424030895654, -0.07962962275419605, 0.4010675106540113, 0.29448798243646696, 0.038869895214584275, 0.09447145328629959, -0.06848429022237532, 0.2749287512134522, -0.20665060105460903, -0.10349996578549188, 0.1789027793688221, -0.11169657665394256, -0.10590345885128252, -0.12148205539300787, -0.15762061389262028, -0.009972679550210386, 0.2491852104101585, 0.13535202814389968, -0.11266032943982979, -0.1790897782392874, 0.005809735037439289, 0.019723625169893014, 0.27217468628230584, -0.007894616911905716, -0.12824498536488577, -0.07979558939001255, 0.2093641850967384, 0.0015734119116748014, -0.1450640659488818, 0.05679068635889329, 0.06047814107589701, 0.07291456289899752, -0.14651696920201246, -0.1624674516544719, 0.08993866757982155, 0.05436287428209918, -0.03976542230470577, 0.33748575285584964, 0.0441223883137809, 0.25062746711812095, -0.25633959726484984, 0.16748997553545483, -0.11692712847647234, 0.046075056134969566, 0.28648145486274124, -0.22187016061104445, -0.2519324608460205, -0.04542642312262213, -0.024491282555297013, 0.012924653975296513, -0.01293953555941063, 0.030100829586979825, -0.23480175162185107, 0.1857609328790233, 0.12916388572838172, -0.09838520976585233, 0.13137234338629833, 0.0412711073731939, 0.05270463384384193, -0.05529102609126376, -0.052258825695384224, 0.2050680471801506, 0.2082097074265577, -0.22098981107824525, -0.21028530959209904, -0.16187139779871473, 0.19625627975502286, 0.007668408940242453, 0.16932452673214077, -0.13502167076766916, -0.017276818737914573, -0.09974498417606771, -0.012999950038434254, -0.18984246388331003, 0.3043326989252415, 0.18842398631778734, -0.15047424702769793, 0.18161387680548757, -0.07269380024958477, -0.06949550358758423, -0.06230729334776399, 0.10674607782107032, 0.05535530494065502, -0.16475993053241061, -0.03531094583419514, 0.17851237070070566, 0.002915568904211416, -0.14834395688856294, 0.2717072390328184, 0.18857023190805933, -0.12233310690011612, 0.19421990888003254, 0.04262941279573688, 0.052404215543828944, -0.017812549580294674, -0.11637500137464303, 0.13163129612903215, -0.1551585200523107, -0.14894313914754176, 0.1117813792175157, 0.13697903212455761, -0.17452366393807697, -0.10809100416160808, 0.12248229471118818, -0.20576590872272954, -0.0042418293535084585, 0.1067686956241814, 0.05324256772732512, -0.009984492951038409, 0.17956818971747726, 0.10073372139059111, -0.016233555089854593, -0.20536189979596808, -0.1486885675470545, 0.02580704148956767, 0.015340077090498427, 0.11648350631358072, 0.0399723614757032, 0.23935049945085335, -0.05345632048660155]
-532.4603904962628	(9, 12, 2)	[-0.2498375055367245, -0.20639110475903355, -0.23471076165945481, 0.15749694060987712, -0.1400514607738162, -0.1493797160286821, 0.028013372045005237, -0.17419454979785842, -0.006881998924521937, 0.03232492045521011, -0.2723664887685558, 0.16195494190106532, -0.20958046416872111, -0.07984495294127127, 0.3927458199816386, 0.2931663180239835, 0.03944236334113018, 0.09920911005261662, -0.06719585563851575, 0.2747482551625422, -0.20648725859516182, -0.1400438078286472, 0.17565378284076816, -0.10954715010627852, -0.10412385098771665, -0.1218215562214445, -0.132861896911564, -0.014340862876105375, 0.2485911827826, 0.1319655221058287, -0.10930090948868623, -0.17896914904451966, 0.00364527050099163, 0.02612022711092803, 0.3135982413301137, -0.01104365442841889, -0.1273816612566088, -0.06540712057190949, 0.21312306393463298, -0.0010068133303765099, -0.14137567242693092, 0.0557446585339717, 0.06655723794914845, 0.0738975580137247, -0.14455068421633566, -0.16235038351507478, 0.08952142097303302, 0.06503646212389029, -0.04053456866217781, 0.33741963783503554, 0.04425534237344963, 0.2362574220327747, -0.2511827802199591, 0.17015987987116243, -0.15064147744338005, 0.04507637278050205, 0.28602746493330733, -0.22188029398766818, -0.2531993709359773, -0.04734259090427754, -0.018607094883252392, 0.005803892561892827, -0.011362238495072516, 0.031349433005575536, -0.23278222455781053, 0.25464501016228364, 0.1295731975593853, -0.09962877931177419, 0.1312349507135424, 0.04079051654818752, 0.0550032614761311, -0.050937850848622575, -0.05339165926855869, 0.20507996357674696, 0.21243685610747692, -0.16811735167763459, -0.21085502142656565, -0.17481907218663345, 0.19395586198845205, 0.0073570564197369724, 0.16443740195575882, -0.13503334888459956, -0.014834432737807792, -0.10268811421669742, -0.011980943260523024, -0.1859735891900672, 0.3022593671932101, 0.18831283629374201, -0.16380179560543232, 0.1318582123157275, -0.07197884630345269, -0.06793797978982091, -0.06285016444198654, 0.10158147372390955, 0.05092858233245715, -0.16632265949528732, -0.030794572816511427, 0.17883258250054604, 0.0019518947830618216, -0.14731930072645621, 0.2553090011312363, 0.19052255390511044, -0.1220934008477998, 0.19481037441280505, 0.04456613783077519, 0.04796338112376755, -0.020847816798998508, -0.09332090528068168, 0.13119859275091808, -0.15657324609321044, -0.1486275426332926, 0.07491221962841091, 0.13713926485378292, -0.19379883016668797, -0.11079851359969882, 0.11783573310478049, -0.20584200529134533, -0.0035691995818584385, 0.10515025010992934, 0.016748613922115813, -0.007353078077204736, 0.18065860470110823, 0.09714444379473264, -0.01623911134308105, -0.2057490272656436, -0.14810732827800632, 0.019697640412911464, -0.027262400823135004, 0.1017082542741238, 0.0444556801654471, 0.24200447505948408, -0.04908945145859627]
-213.37220987265022	(9, 12, 2)	[-0.23391785216399347, -0.1988178835715852, -0.23478240141869774, 0.15421842252963835, -0.13805550268667358, -0.1482153330484721, 0.035938460744935743, -0.19199221712162762, -0.010665134789127716, 0.010927557052219164, -0.26142897492083783, 0.162559737007539, -0.21726599251041542, -0.08105443008837321, 0.3007351869940068, 0.2895411501241014, 0.03934833475687512, 0.10228813292658728, -0.07637001194325599, 0.2745348612461428, -0.20330371843496065, -0.13934633289598292, 0.17606671604110172, -0.14475783060772868, -0.11618742131351084, -0.117768661417749, -0.12378171956811329, -0.014816921125542063, 0.24814296909703348, 0.1272355091958517, -0.11129907610294486, -0.17941925292976382, 0.0393825297698788, 0.06536558068650673, 0.27817109679247864, -0.007524535898576686, -0.12772758898708186, -0.06035798398095068, 0.2216374998291618, -0.0005501349054406038, -0.14310126139588802, 0.05435281439158405, 0.05708245291115778, 0.07115855016612503, -0.15094078877815856, -0.1570936099007025, 0.0889492186436893, 0.026139341762001826, -0.04049225555875792, 0.3368968666347095, 0.04240471758656412, 0.22592620977431255, -0.2558726334726171, 0.16825653174853009, -0.09694811684897883, 0.04563838203513888, 0.28343514275295173, -0.22202620043802113, -0.2497882345542634, -0.04960030706952321, -0.0244180923444701, 0.010751986860380099, -0.011218675543611119, 0.030829822927532932, -0.2336335741296062, 0.25820348844297153, 0.1604612759993964, -0.0942071612436016, 0.12936076455848133, 0.02493802103604484, 0.034525788671219346, -0.044325236138615415, -0.054237775740030574, 0.20515553721019555, 0.208095800679337, -0.25939605345140027, -0.15175026204308706, -0.16407851560219738, 0.1631067101925127, 0.007495434431187866, 0.16561690011948105, -0.13006117442255394, -0.013798436014571404, -0.10455156154012739, -0.013939882214379433, -0.17918347664200843, 0.3098603543916087, 0.18862100416669514, -0.15032608840491404, 0.1295364814522717, -0.07076848232512567, -0.06835080565821924, -0.06158809543695136, 0.09577743467550373, 0.05627869642885066, -0.16294825660027837, -0.03158443827477786, 0.17404384224986627, 0.006967822206508142, -0.14881069515632173, 0.2684777664152159, 0.18620292748755984, -0.12235141220356568, 0.19443502754950925, 0.07476978204097512, 0.04654810089011612, -0.019253463200848073, -0.09322684786037652, 0.12774918025178755, -0.1605221054362267, -0.1487314233988563, 0.07339060213317364, 0.13692521984283892, -0.19623186060810832, -0.1091102574111325, 0.10829894253604824, -0.21665009539850996, -0.0038709794526964833, 0.10394098219655437, 0.052233579376693644, -0.005120527846445184, 0.18082531654207099, 0.10144003098061198, -0.019397077508798863, -0.20430608246349183, -0.1504083951589296, 0.015697483213111398, 0.013459007079223385, 0.10105369692984195, 0.07273691616208403, 0.25230823879238906, -0.10951155076531781]
97.86609741663162	(9, 12, 2)	[-0.2538918871610636, -0.20155081125016422, -0.2210912890507783, 0.1564709595697423, -0.13716848180877533, -0.1461074208940618, 0.04862301540365765, -0.18687852754315226, -0.009166885704572181, 0.01412734638921796, -0.25811193995330023, 0.16153773443283306, -0.21143772432788954, -0.07992583013072115, 0.3930430572124811, 0.2916812182141809, 0.03824536512032801, 0.09848964644436455, -0.06723983151687582, 0.2780589329602513, -0.204940864757203, -0.1386888689939831, 0.18240503569847158, -0.11172402633292182, -0.10858744270585124, -0.12085106988657242, -0.1285279031591217, -0.014358596947214015, 0.24747394386036717, 0.13186241723042097, -0.10719655518714469, -0.17987994977906874, 0.010015414308902173, 0.034996348386430134, 0.2822127870102295, -0.009301794814149465, -0.1265647639543917, -0.05612947857045388, 0.22135491064254137, 0.0008430871934212624, -0.14393041412634816, 0.05591163099583638, 0.06098673629373077, 0.07228909591640081, -0.1455825796686122, -0.1572729840395797, 0.08900447971281275, 0.05824612850947575, -0.040837211004326864, 0.33312977235739266, 0.044433991908202436, 0.24991179508896166, -0.25393757182502863, 0.16058796879588555, -0.11108909867881267, 0.04626647956612652, 0.28306207556346225, -0.22100732241946378, -0.28469216611808845, -0.05382909014717087, -0.025663413435139126, 0.007864782551422868, -0.014307182553774552, 0.030033813861092537, -0.2328626461153801, 0.26291353899226755, 0.1369554870629371, -0.09487421308822158, 0.13142450497968466, 0.0383466777942426, 0.04299939593316255, -0.0480586757385316, -0.0532103615071063, 0.2051016756441507, 0.2109428208733709, -0.17076799389965713, -0.2211323426146854, -0.16596360347999561, 0.19664729941887968, 0.007228234202853802, 0.166616791959019, -0.1271058482970915, -0.014350500970587415, -0.10098232580120828, -0.009688416215371578, -0.1891355516166793, 0.3138403607982986, 0.18908038300280675, -0.1515791917119108, 0.16846804005029956, -0.06980563483012606, -0.06782940886896598, -0.06302140593744533, 0.09824426914095472, 0.05712991805757858, -0.16026950008710475, -0.03278862059666852, 0.18103208878348534, 0.0042687938157610445, -0.1507976931459313, 0.25958468191663214, 0.19092769459614725, -0.1220034823759898, 0.19235271452921282, 0.04724813090596931, 0.04653270324349952, 0.012162631992293399, -0.09354949524551222, 0.13204067318827298, -0.15034056326273762, -0.1482281662956034, 0.0736110968254729, 0.1369704204476208, -0.19343305342220818, -0.10214824535727404, 0.11045261186566499, -0.21342244561781765, -0.005562255159711349, 0.10500381623412156, 0.051607593474996244, -0.009498478683347213, 0.17812689355025751, 0.09841028307500678, -0.016365565483638506, -0.20269923849502208, -0.14824410094268223, 0.01755740836543752, 0.015146341558241416, 0.10363798679354552, 0.04278235726974331, 0.12148167121000045, -0.030793269691136986]
-143.7451254375686	(9, 12, 2)	[-0.2987594472952885, -0.1995999246510374, -0.23353045735974107, 0.16338669409663442, -0.13768124187004366, -0.17376064859489512, 0.04032255680483302, -0.18557371295476277, -0.02284013237928869, 0.023477166104713013, -0.2611859294918059, 0.16232975589405096, -0.21441419304899367, -0.08031798624223162, 0.39326896445359816, 0.29206719221460864, 0.04935748447219468, 0.09257154306573061, -0.06872163996703523, 0.27395299705273773, -0.20573077756415778, -0.1316592294172462, 0.17444406330411566, -0.12240129336998669, -0.10587701865360115, -0.12014763637412429, -0.14652190619737554, -0.011226273863889026, 0.24849162768943617, 0.13080286928165863, -0.10947228817290483, -0.17934773533796522, 0.01088827060043901, 0.033920452227469935, 0.28258633701094915, -0.010522041012852342, -0.12090022792814331, -0.06599102477773988, 0.24123436275202362, 0.00011546450814995387, -0.1443817014015031, 0.056114683604523846, 0.0630356244457543, 0.07263172722362728, -0.1454500213703998, -0.15876115953239273, 0.08907233596210211, 0.05837644598406512, -0.04013646570241767, 0.337446172559793, 0.051967753481184285, 0.23661955463094497, -0.2451175860602298, 0.14863327192346673, -0.09547924538279692, 0.047523875525048685, 0.28094113367799417, -0.22265013484137294, -0.2521158042167251, -0.05034648100423383, -0.022888843762491194, 0.007562818836902248, -0.015322144001584688, 0.030098502312100373, -0.2334407676505219, 0.2232339840539569, 0.13928355316493132, -0.09555626072345264, 0.13152327606726671, 0.03936073424224397, 0.045281919533558576, -0.04640117361051524, -0.04321066412808182, 0.20509101293705964, 0.2097594778753614, -0.18221596395334075, -0.20835880623817638, -0.16639320847049704, 0.19842098481626616, 0.007599084679749743, 0.1676392613998812, -0.13305893460358736, -0.013753488106998897, -0.08434028597034063, -0.0036143634098686904, -0.19029406060681542, 0.3049189665455748, 0.1888170683951583, -0.15329681132114195, 0.14920557982279076, -0.07071099553228599, -0.06862632029984032, -0.06204683522409789, 0.09939253229604689, 0.055992973418024325, -0.16001786876112667, -0.03355240286513932, 0.18011884328695651, -0.006025807658800747, -0.1513921665376325, 0.3270823429264341, 0.19010606941074332, -0.12196406284738931, 0.19355449912148587, 0.04695192031449639, 0.046861637357537636, -0.01870667152314723, -0.1045391842640414, 0.13225925293170981, -0.1634492938852864, -0.14863894315835485, 0.08463631783352284, 0.13701169055708345, -0.19501847206167208, -0.10228594035928507, 0.10621090637828232, -0.2890866608522276, -0.0045232774002020165, 0.10691179949991307, 0.038431342201572266, -0.008700194635246761, 0.16394091474215, 0.0978075860298191, -0.017596420454185413, -0.20956885526153457, -0.14789916599005629, 0.01833146260096884, 0.01729501280950469, 0.1090002091804853, 0.04040265958516858, 0.24364583447849286, -0.04341388492438168]
-232.14773957686094	(9, 12, 2)	[-0.24855622561481053, -0.19661848733680914, -0.29351388333619916, 0.1565337865953411, -0.11037298472868903, -0.14744041750313747, 0.01378997701484612, -0.19597145516753717, -0.008897857849990167, 0.02642754955338719, -0.27346162973555665, 0.164156176912524, -0.21231272762229986, -0.10243677455975439, 0.37659809219320256, 0.2914313248141214, 0.03925554699680342, 0.09736129457292776, -0.06926193520162774, 0.27445190827695687, -0.20522146488816642, -0.13248295007995603, 0.17158745256751567, -0.11561729818302553, -0.15438836776206744, -0.1174751871101176, -0.12549347657031792, -0.0126138300910465, 0.2482490232116915, 0.13037184067576105, -0.11460812158729078, -0.1795681171598418, 0.02231557580871355, 0.0402953400342001, 0.27300645221828646, 0.011856206724175282, -0.12714442840472967, -0.06933843005160964, 0.21587457664177806, -5.444029252617817e-05, -0.1426453082710436, 0.05482130668630334, 0.06193241529570209, 0.07199991087502015, -0.14583532642754898, -0.1609279684136066, 0.08941065251479194, 0.07863209313330265, -0.040638922108611905, 0.33551110208130075, 0.04931231036169707, 0.2451865067190967, -0.25620172173399414, 0.18976012272708492, -0.10091811334380017, 0.04706458074544728, 0.32730676437461564, -0.22172438558299765, -0.25239807612032383, -0.04964722303251884, -0.02138881837924434, 0.007087206007653408, -0.1035540697664321, -0.00603611755351024, -0.236348513211644, 0.26143235664602227, 0.141150109633848, -0.09490619299301051, 0.1284968069811107, 0.04010478489064387, 0.05002582062999425, -0.05056052534790679, -0.1099781362687982, 0.20510989440322427, 0.18420385006952075, -0.20314781697936188, -0.18570228999750715, -0.16954466880921754, 0.18613019135702458, 0.007582305303314553, 0.16515475311781677, -0.12787443231794052, -0.014546148643268518, -0.10414948716866854, -0.014001250293377272, -0.18427044750231297, 0.29181985544270767, 0.20659619542893867, -0.15112338617614587, 0.1413471603202081, -0.07070441209631156, -0.06862871019043437, -0.04789558940042731, 0.09748071112444466, 0.052007157293293194, -0.16180535162990636, -0.031047910387581402, 0.17699962320289137, 0.0005278305016716382, -0.1492856435574393, 0.26521480929334784, 0.18747644986792045, -0.12195701309274981, 0.190503400030889, 0.05166985658221328, 0.04515591659952934, -0.02020886031949279, -0.09533017884105219, 0.13074062153618915, -0.15206926736589346, -0.14849285934560064, 0.0801648237553598, 0.13699493234778426, -0.1873663971417211, -0.11109436654652287, 0.1103665578789591, -0.2064406470483443, -0.004109629960138058, 0.1040863494478389, 0.05025789532180692, -0.004592735162763941, 0.18283462437945044, 0.08030668594583634, -0.009613555078652823, -0.205370608726418, -0.1463279603296318, 0.017697060616955886, 0.014267854335055757, 0.10159834678929539, 0.042176650222012696, 0.24578524973070429, -0.04206814290394602]
306.92629676442994	(9, 12, 2)	[-0.24008062738128652, -0.19797492988517318, -0.23475467887094392, 0.15494550161513082, -0.138777193312366, -0.14024279231952747, 0.038899261706415646, -0.19646558850250406, -0.010062270476967759, 0.01901204488391082, -0.26257528416031817, 0.15846958169037634, -0.2167360258601716, -0.08052829990491853, 0.3594900059503823, 0.2910332454363643, 0.05337665468274892, 0.10085105482916645, -0.06833510875784439, 0.2745646748518272, -0.2038684090639288, -0.13090231357919055, 0.17805195627455284, -0.13294026176494578, -0.09153843136427303, -0.11783304069119907, -0.12556597875245823, -0.013012336565857933, 0.24051840283336284, 0.1302186078121832, -0.1106948354556379, -0.17960815059420046, 0.03816065243814601, 0.05257557688269605, 0.2926760307047977, -0.008345253673453078, -0.12747020229184547, 0.021257842451422634, 0.21872449004142613, -0.0011072831326197955, -0.1429904338649805, 0.05599320883711026, 0.06145565909700265, 0.07262368703542912, -0.1504289701159115, -0.1596189560743749, 0.08895694022119108, 0.05733222396759724, -0.04055581621846191, 0.34418201106175106, 0.04483287566207731, 0.23803466473709195, -0.26457380801408514, 0.16628655308724394, -0.10699822354328394, 0.04641054734668864, 0.2923267245608486, -0.22169011591048976, -0.2506671504288621, -0.04745998383175271, -0.026025979251427873, 0.008471352805225927, -0.012636490189625954, 0.030803720318724637, -0.23381220910401007, 0.2621796456469079, 0.1878841866205754, -0.09495754682887944, 0.1720690725505758, 0.03496919804487231, 0.03755415550373273, -0.04633264642163849, -0.06908897241341751, 0.20445601868813768, 0.21089780947384903, -0.18983022825089566, -0.16398959427531673, -0.16507726699525613, 0.17278833663709603, 0.007457644432903011, 0.16641956519898637, -0.12218696423519278, -0.015345592508603902, -0.08550426657238985, -0.00994714594052519, -0.27417390870055025, 0.30873634578184916, 0.1872305504273019, -0.15166126907268757, 0.07116432308977899, -0.07093279521671475, -0.06827378824929833, -0.06260047876680522, 0.09688830118644498, 0.05595813814009728, -0.16136682083042483, -0.03159335438097467, 0.17544108924014457, 0.0061659248791882965, -0.14868972977350636, 0.26644517670135515, 0.18738388840619127, -0.12188931255641455, 0.1935978075822045, 0.05131642598049026, 0.04667451784631348, -0.01673335166743404, -0.09328249406459095, 0.1292661498879426, -0.15670673627589135, -0.14856711154815735, 0.07363646788508525, 0.13702250403683458, -0.1954111348285718, -0.1049258006572392, 0.10869721408223162, -0.21433685968541727, -0.004298784916503312, 0.10761639317627676, 0.046024141735251475, -0.002886419580776195, 0.18063649718977529, 0.09614692646534205, -0.01719911272720726, -0.20333567630641866, -0.14865369505608808, 0.016474872562805713, 0.019514905554397395, 0.10701201430908514, 0.05676608630848698, 0.2455862703810995, -0.07273018411930421]
62.74339800346604	(9, 12, 2)	[-0.25185681620668693, -0.1991865934657754, -0.2584448357501593, 0.15591982871092222, -0.13213774343777807, -0.1412139468157923, 0.016597082295640216, -0.19459845466799497, -0.012683754159332575, 0.02415913202661086, -0.2637493748334997, 0.16995618255113382, -0.21150212562206377, -0.08698958288145985, 0.3769067870973222, 0.2915841314831901, 0.0495599866592684, 0.09829200103331127, -0.07010007289420937, 0.27564444718560804, -0.18452824910004034, -0.12676827430937762, 0.1729882785333085, -0.11858627912493222, -0.14267607213061823, -0.11683912089566093, -0.1246615129565205, -0.012131812536052344, 0.24817507474888967, 0.13111198959344708, -0.10983208626683008, -0.18039798669365986, 0.012172562486716929, 0.026759249505640827, 0.28326002433787384, -0.0032253636200417638, -0.1256954573085584, -0.06649774200874871, 0.2265864539949252, -0.0006645458977760817, -0.14240626363966502, 0.040315728695874076, 0.06379982745828319, 0.07013866737763806, -0.14544729156721267, -0.15983929696028448, 0.0891060773676762, 0.07120702760214871, -0.040518868857728346, 0.3377783655245383, 0.052667612563383766, 0.2445326424116686, -0.26022091174842465, 0.1684115814902249, -0.11090956856255857, 0.047178388924857706, 0.2972040578008737, -0.22458409710879512, -0.2575259201603722, -0.04958949661297417, -0.021405412625590932, 0.010260948725948434, -0.03358132454642834, 0.022459907015558934, -0.2342146985737983, 0.2606265444267639, 0.14475363731188925, -0.09483263432920767, 0.13112041017959503, 0.03990743111138376, 0.047741789208903845, -0.051831663181048794, -0.06127629046118997, 0.2050875044898671, 0.20148579233740804, -0.19019106508712094, -0.22571747331571615, -0.1678751137416536, 0.19845420271097386, 0.007509696958340323, 0.1662021238368654, -0.13547241686442163, 0.004082200005938806, -0.08710034945605258, -0.011040022802418071, -0.18840665066245096, 0.29880583975170294, 0.19551144438955512, -0.15165962784761938, 0.14675976340137883, -0.07004585671676458, -0.06878919001804835, -0.06204634059908949, 0.07190492427116435, 0.05522711085776143, -0.1587676659289758, -0.033103302627597295, 0.17949517888645417, 0.009136449555841676, -0.14934482720410308, 0.2683697979662887, 0.1883309526561715, -0.1219152695916791, 0.19310421554827795, 0.04777847004963447, 0.01136196250051279, 0.0027759373457693515, -0.09575968576238399, 0.13083398274984526, -0.17069695383302913, -0.14841130300908859, 0.058980558125738984, 0.12705467019849864, -0.19060319891711863, -0.1035127564755734, 0.10864280764566632, -0.22819618930334407, -0.0015552504207224944, 0.11086725994734242, 0.04235766733513141, -0.003292853644631005, 0.1826337625095199, 0.09526722687381473, -0.01527894666129197, -0.20731748696232466, -0.15401131116108893, 0.013068012533330396, 0.014754231778839964, 0.1050398081340085, 0.04402459009693212, 0.23747614857791458, -0.04447355385899773]
-151.55156265868203	(9, 12, 2)	[-0.26311425807481487, -0.19755575275527304, -0.2199415649044357, 0.15803515144011077, -0.13746814763924461, -0.14854001774039213, 0.04577452693385428, -0.19870037544160637, -0.009981179844015484, -0.004436035057505474, -0.260291559014811, 0.15836009586114885, -0.39153989252720434, -0.08073088488339697, 0.3910504521394841, 0.2922299332146825, 0.0418863138654097, 0.0989562685958701, -0.07260801053137117, 0.2750110999400555, -0.19778773531955496, -0.12466952685360823, 0.17920925172912788, -0.11352799859220664, -0.11610602450882809, -0.1192664952406467, -0.12922769332447584, -0.01228942319421382, 0.2481587985702878, 0.13261605881282287, -0.10959377308712376, -0.18197254406654367, 0.0068258901638672785, 0.03422223633163613, 0.2830840361944887, -0.011986740818279308, -0.12832724317595579, -0.06503545535656602, 0.21486821900499564, 0.000728227942945381, -0.14286338724980402, 0.055917778831801136, 0.059813288511360654, 0.06372082167122001, -0.14681010368779707, -0.1586013879183621, 0.08914376803212727, 0.05724414770199301, -0.040368601016482916, 0.33744953268206856, 0.0464358998896226, 0.24932192150438395, -0.25395661158062943, 0.1654030064662917, -0.11396061115265524, 0.046512978370997535, 0.2949312988529258, -0.2240725150879896, -0.25168625534630695, -0.050313161584108076, -0.023772861037720465, 0.007911329825883008, -0.01364829972615714, 0.058805129864689845, -0.25700346651389516, 0.2558502447099478, 0.15157842896437357, -0.09539962292537299, 0.1352395350542745, 0.03921084032397581, 0.0410926427502606, -0.04848402267325384, -0.049359175312530874, 0.20492275254380488, 0.23695165631383316, -0.178460279220905, -0.2265545460146669, -0.16512711323756835, 0.2042337361853646, 0.00712430241654059, 0.16661519812771913, -0.13012989038296027, -0.015765507327312436, -0.08236890607618857, -0.006073984412530931, -0.19526575381369526, 0.31162541298228463, 0.18218446356353127, -0.15824748365700533, 0.12641305905523978, -0.07270991939544394, -0.03285345016231272, -0.06259601013293055, 0.09807121396125973, 0.05435914902279625, -0.16089177235187707, -0.03286393280259227, 0.1794854846936772, 0.003899142364378023, -0.14480378776784764, 0.2651648811368657, 0.1898846298973979, -0.12536645447932643, 0.19305156972400336, 0.04036077315876091, 0.03808189770067357, -0.0014963054619993841, -0.09435324970834075, 0.14566018113505402, -0.15877912630467256, -0.14851714332210242, 0.07797024444901009, 0.13105432588169222, -0.19122496290119126, -0.1042393187120153, 0.10491715123052393, -0.23918245174060274, -0.004991496837405428, 0.1130079481435334, 0.044705294277607145, -0.006042955199956636, 0.17936100793236676, 0.09940501183481455, -0.016896724848312727, -0.20304075753569875, -0.14580158391957593, 0.016443506652218828, 0.019179079649208106, 0.10801662491104878, 0.049098320897399475, 0.23331362878160203, -0.03548020664513822]
-168.1325822548742	(9, 12, 2)	[-0.24984123874847938, -0.19871564732803354, -0.23512709477724728, 0.1586083143881993, -0.14871986931425046, -0.15018462861198106, 0.043455413493425396, -0.19549659352758889, -0.024730679524921004, 0.017884652426769808, -0.26037013681613724, 0.15981752351128972, -0.21482593981478645, -0.08017068909210204, 0.38336636294958665, 0.2907822616315753, 0.045725147721404076, 0.09799265448732264, -0.06973099313147534, 0.27428762240198223, -0.2097871419125473, -0.12379273572526966, 0.17639926614382573, -0.12680121916955053, -0.12236250429472316, -0.1191827728830927, -0.08731478639075568, -0.011264288146957957, 0.21938337932312016, 0.1322923078619805, -0.10977377336525361, -0.17931599160329803, 0.05684191187380306, 0.03034250693591824, 0.2852683753344885, -0.01062087865696131, -0.12679534174392235, -0.060899018386452404, 0.21437420380170646, -0.002917483621809044, -0.2514944684842527, 0.04636457669245936, 0.06234325644749798, 0.07204725717072075, -0.14345012779223631, -0.1587189698832698, 0.08910033427032421, 0.05946979751198584, -0.040390727507528326, 0.3388978483224735, 0.045881581784429595, 0.24886758697866695, -0.25405846475196686, 0.205953987771135, -0.11626982988753866, 0.050509733505272415, 0.2823462251590538, -0.22421291207850436, -0.2323089758195751, -0.050192427704364245, -0.024852734062457967, 0.009749249869953068, -0.01512507914700756, 0.027377776590084685, -0.2381947069495633, 0.25858578645545305, 0.1576843219268613, -0.09618720670111926, 0.1315743634119652, 0.037216967694886555, 0.04674345730880594, -0.04670343682817595, -0.06070911471441204, 0.20495819980050262, 0.20916046398718435, -0.08276733312890949, -0.21150466268645685, -0.16663767012968927, 0.1976065190889839, 0.005892277917154926, 0.16601791702147334, -0.130121846787006, -0.01554533680964832, -0.09124472847126383, -0.010609771768156317, -0.19847507160837746, 0.30343559691120425, 0.18426734588453053, -0.14550040725752472, 0.14701862796641216, -0.07054006222801622, -0.06854303182916355, -0.08459762231657521, 0.09021668214446998, 0.04991160644232884, -0.16232444568570736, -0.031899854348916665, 0.18025579026371064, 0.0032273206891955796, -0.1480987492981431, 0.26297361838447963, 0.18911919496348678, -0.12210635914982196, 0.1931796338441988, 0.11286910338118461, 0.04540171960803467, -0.02344841970988972, -0.09602369931733482, 0.13947560700204126, -0.17122553214242028, -0.1486131842588283, 0.07840010675942577, 0.1350840457638007, -0.1867181388695064, -0.102538580989921, 0.15773959495928175, -0.22355993103692973, -0.004314796532459923, 0.10591858806897587, 0.043549746870761505, -0.006090359584742366, 0.17805157009644712, 0.09761205954939038, -0.01730331372623757, -0.2319990989529779, -0.14507368257911885, 0.014200406569504895, 0.016255716748750353, 0.10328793498803604, 0.04322849440578494, 0.2386555930739464, -0.043570291563038106]
-439.14106622577367	(9, 12, 2)	[-0.24291474909370442, -0.19770102809641749, -0.22633527231681783, 0.1578442981396741, -0.1367941441104801, -0.14551271998012882, 0.044180210614395435, -0.19071164409339766, -0.00975689010918333, 0.01603693993745132, -0.25959493234061193, 0.15671491811774382, -0.2121733320077676, -0.08210840488636303, 0.3752260791036962, 0.29140271252171435, 0.04475982966344562, 0.09892572110745232, -0.06931967134812844, 0.27450584247456544, -0.20323319079260402, -0.12661033287870074, 0.1403236917910001, -0.12565670949392707, -0.14664314311937654, -0.11884214391441, -0.12962647815176306, -0.011948010989346246, 0.2476076590722358, 0.13041910740355045, -0.10931771600433618, -0.18016334967130104, 0.018771049609884283, 0.03437225313930431, 0.28176140462261645, -0.009827548132544446, -0.12707098749042797, -0.06613602871291155, 0.21279321742500623, -0.003736062708637939, -0.14036181975257078, 0.05509894791831003, 0.06303524432120018, 0.0689278527435524, -0.14551591359413124, -0.158665102863155, 0.0890686742534091, 0.10197253551974861, -0.040350507150027415, 0.33714320587734353, 0.04843101580765754, 0.24975366328937887, -0.2582983310798066, 0.16204806330596447, -0.11616584990136428, 0.04184763993724798, 0.2868097327070644, -0.2345747380415677, -0.1721461522754943, -0.04886739527089108, -0.02539352236124149, 0.0066429658757752134, -0.021693388062708305, 0.02663644504803353, -0.3048072015333779, 0.2581893554840609, 0.12599788435128528, -0.09692982440349135, 0.1347944337130589, 0.037945163416331605, 0.03836630478936701, -0.04999901027617644, -0.05854496451067066, 0.20598357955786512, 0.20442863437166353, -0.17450977117140204, -0.21145380487239254, -0.1671517916516299, 0.20022689730388818, -0.0006718674135282781, 0.1654799609570327, -0.12952335907191836, -0.014686795117163087, -0.09630418816678783, -0.010989364077314955, -0.1936347249921842, 0.3090690061102962, 0.1845865852106422, -0.15089642381941923, 0.1462693446293571, -0.07170283657846682, -0.06878215102961592, -0.062490292282837354, 0.08810963509290413, 0.03382496919379552, -0.22018663435750355, -0.03246562249070578, 0.18000005541971908, 0.002025560195094029, -0.15678320196387607, 0.2653512064976294, 0.1806706695387948, -0.12378421573860614, 0.19028442777090185, 0.04285828903312955, 0.04745395687326022, -0.003895479428841015, -0.09705928851270312, 0.13002105049275076, -0.16666323381430972, -0.14861724811031363, 0.08327508087782723, 0.13330471859465154, -0.19088512796112203, -0.10582614428465298, 0.15849951158037576, -0.21584767139257038, -0.0033257808125936534, 0.12058099423874029, 0.04685769210184758, -0.006798108229567718, 0.18214175707782337, 0.10164828932085528, -0.016631854405686358, -0.20717375327662707, -0.14296784558843373, 0.03783885658808275, 0.01590946511098603, 0.10507083074324605, 0.0431855592482759, 0.23698057979430412, -0.04903432722372848]
-419.4915544524405	(9, 12, 2)	[-0.25235798473158244, -0.19787059865879442, -0.22335464476464043, 0.15780504280474536, -0.13697462671093394, -0.14888392185394608, 0.04472466556958531, -0.19189194634340745, -0.007589655028515784, 0.0059406060737373315, -0.26016548592210936, 0.1614057991367892, -0.24722520138096757, -0.0821367320798086, 0.3765142575852636, 0.2864774649524605, 0.051344719760457624, 0.09889157814103666, -0.06945798518976654, 0.2745888193378533, -0.20154331664859412, -0.12629975011618633, 0.14154679602784578, -0.12357451200378036, -0.12408947333946879, -0.11838871136580827, -0.12941510491561412, -0.012280001667440005, 0.2476764646897086, 0.13229353513426587, -0.1095763681851609, -0.18003399025895717, 0.018781242997866834, 0.033771187829154926, 0.2814044931577422, -0.009833437489029515, -0.12731948663443235, -0.06615333138240365, 0.21295470392519375, -0.003201271843550514, -0.13013263238838513, 0.05537217855274537, 0.061500157357545215, 0.07029401561093433, -0.14595376868219134, -0.158721668083602, 0.08913575800546314, 0.051233768632069514, -0.040347946613098075, 0.33722356551036314, 0.04813362094075965, 0.24943165838453774, -0.2561787912490382, 0.16521759942690645, -0.11219962087741951, 0.04369465837173411, 0.28807090364554266, -0.23184931389799635, -0.24849123544143784, -0.05005486820708466, -0.023758036096955714, 0.006859791251221704, -0.0199366205677088, 0.042991940024624385, -0.29048129973391223, 0.23881828854752796, 0.1477862122656518, -0.09626964544325438, 0.14189499360771896, 0.03861241384793713, 0.040011252274462485, -0.04885135388434432, -0.055409009008612176, 0.2056551785228767, 0.2063210119056268, -0.17607650496330582, -0.20836414114935664, -0.16598827019773174, 0.19334399692980103, 0.000947543964262566, 0.16550819212190768, -0.12889539842981868, -0.01480509249238423, -0.09211009728963546, -0.008926447486278683, -0.19400402551217305, 0.30939905281239977, 0.18319838430496296, -0.1544525429894695, 0.14106704497093475, -0.07164173101282226, -0.03881245168289464, -0.06251775704493469, 0.0891645182923732, 0.04878636463210881, -0.19171897587864847, -0.03249128865676304, 0.17986575847998726, 0.0025298765284425227, -0.15507620870639816, 0.2646053373231622, 0.14896421570062074, -0.12396286650931188, 0.1893148452131202, 0.04049502068504615, 0.04855797392340927, -0.004815999318638299, -0.09707961628903874, 0.13052035353360053, -0.1582122353893684, -0.1485669289752656, 0.07936155627685529, 0.13306182972736277, -0.19100337515055174, -0.10551122264326532, 0.1532606526132631, -0.232411564623485, -0.004340310362402542, 0.15153646047339553, 0.0450085946779866, -0.006233608550617215, 0.18037348940236075, 0.09880300070725573, -0.016061245478326863, -0.20440354573899933, -0.028157411589830927, 0.02714898570250588, 0.013069940279244636, 0.10577295514889545, 0.04480832194102859, 0.23641635634575897, -0.047266343911842576]
-52.28697360708705	(9, 12, 2)	[-0.2520233161114399, -0.198119811119988, -0.22408719049247627, 0.15660248738304372, -0.13710606740528425, -0.149118692971364, 0.04466539686572252, -0.22063426530692923, -0.0076997568964273545, 0.014668641247872172, -0.2592114168648107, 0.16044307253871498, -0.22116395768847813, -0.08179068400830991, 0.3786018695244703, 0.28804785743047384, 0.04454566043095609, 0.1026136882916831, -0.06947158697752615, 0.2745871169069157, -0.2051107681626122, -0.12785783950612237, 0.16365319885255222, -0.12163756695410645, -0.12395873326162131, -0.11795137947243457, -0.1290509407593203, -0.012266898180116809, 0.24677468984314782, 0.13214721109881505, -0.11112810118840044, -0.1797596495773491, 0.021135581714760536, 0.03366434257989981, 0.28143079092927553, -0.009282050580410098, -0.1273641410768266, -0.06616049306837163, 0.21327481803824727, 0.023345513294759736, -0.13769428813075585, 0.05385933779962228, 0.06160567523174787, 0.06937702727611503, -0.14476788954684167, -0.15872745146535222, 0.0891343115850831, 0.052978091859596455, -0.04037180716193183, 0.3372541584254159, 0.04903048877525122, 0.25512636609152634, -0.25728191960476887, 0.16868303957998537, -0.11280676689663405, 0.04726345789004829, 0.2880734071866185, -0.22761164360229327, -0.25481015359219295, -0.05019241720332554, -0.023782670662689166, 0.008268314274425759, -0.02512821523434762, 0.0285774835220338, -0.2828564857643453, 0.2500817669417995, 0.14125633457917622, -0.09740003246864508, 0.13825159390558114, 0.03883982321910996, 0.042735637782303354, -0.04781561111559067, -0.056345931294968135, 0.20545650012158623, 0.20238149822160145, -0.17459355334485543, -0.20492722795669976, -0.1658283806182727, 0.1949449002800407, -0.0022137053548804656, 0.1619510185624381, -0.12987719047523694, -0.015077764603843632, -0.09081400143085626, -0.009206796940740922, -0.19052735671674956, 0.30751797953807897, 0.16049837206464834, -0.1541134314413128, 0.15939607316888924, -0.07096064571067062, -0.03822043728374215, -0.08099343085931367, 0.08948708614451023, 0.0433819318823394, -0.18838547347797868, -0.03177064743465841, 0.1800282363163873, 0.002826679749239659, -0.1515078565148602, 0.2651290590701334, 0.18388152106900815, -0.1230739754066767, 0.1914322182961544, 0.04051316643231269, 0.048150798118892474, -0.011125995840944966, -0.09950517487220058, 0.1338951360134326, -0.1589942871475716, -0.1485091325799415, 0.08106827109149536, 0.12948821676064473, -0.18894945062747326, -0.10531605607821892, 0.13569305531838402, -0.2253764289810661, -0.004258680559041613, 0.14726397248553014, 0.04423489337592405, -0.006843355849473442, 0.1808530859937321, 0.09570183014977204, -0.016406263121919736, -0.2090525896071487, -0.058990903953587054, 0.02507895656479303, 0.023348861828451053, 0.10583422891428003, 0.04350632384755036, 0.22714119111313605, -0.050268631367540825]
-512.1873706682215	(9, 12, 2)	[-0.24521592413850762, -0.19638646326435977, -0.23391827466606746, 0.15665786153097858, -0.146392267977518, -0.1470829955084132, 0.04457435218428939, -0.20322702767787035, -0.008694261661700299, 0.0175852235589573, -0.25951097561858605, 0.16111292714767808, -0.249433900693302, -0.0815492650732408, 0.38175454675351417, 0.2867318674695677, 0.04397858808678837, 0.09787848212847833, -0.07044822362138037, 0.2748114598832482, -0.20096648005705245, -0.20928762213846355, 0.16309833728138048, -0.10541347430091479, -0.12567517636905065, -0.08551773330148921, -0.12846469944209932, -0.011269900450015484, 0.24408222877504054, 0.13144331832711273, -0.10939385738439714, -0.17904499223636405, 0.0189825289907104, 0.03491555589192446, 0.2803372572454694, -0.006438461124200235, -0.1270470757033103, -0.0661983204249746, 0.21209136058735617, 0.004457788153620428, -0.12909997170701792, 0.05223278505329638, 0.061672025815135936, 0.07041608234421956, -0.13748957617358654, -0.15885900535439612, 0.01163669057725459, 0.05587295147155308, -0.04036880092130961, 0.37645347360873, 0.05199316265556258, 0.2513756172099748, -0.2563293161725819, 0.16656309841862854, -0.11049493232401776, 0.04451267076516825, 0.28994832117568214, -0.22317495064825832, -0.2573394538705088, -0.05013070531700699, -0.023796705861910846, 0.007788118920845353, -0.0322084196787176, 0.026325416711548536, -0.2479593884262846, 0.24172367408312667, 0.15196085260565775, -0.08931681817488313, 0.1354869478073272, 0.0377652085020898, 0.0939226914180621, -0.046803703892280585, -0.05767522362721701, 0.20625144404950696, 0.20697983627449232, -0.18614349090172716, -0.20351189393713506, -0.1697040390990927, 0.1928189941723428, 0.017804534555350363, 0.1623868556806969, -0.132102142764936, -0.013521382858540317, -0.09459067641928304, -0.006927273014658435, -0.18868265251867333, 0.30968633647226834, 0.11369781995366658, -0.1596873793252439, 0.13615459962327395, -0.07122709335318722, -0.05932194215296853, -0.06406888255244994, 0.0972774077554931, 0.05170718052761056, -0.1781929931809527, -0.031252042372867536, 0.18032902993848576, 0.004705533300287732, -0.15560281077292473, 0.26252548852878815, 0.19086740166065086, -0.11566794123060832, 0.1919442605551417, 0.03867023253114785, 0.005714529049881005, -0.009946197803393723, -0.09881849380252068, 0.13303822052626274, -0.15733816156415897, -0.14861784938835398, 0.07646404129711742, 0.13284457395402297, -0.18744130271333334, -0.14470327959355095, 0.07721609916661555, -0.2254295113093127, -0.004585684025895357, 0.1001678019920036, 0.04050899147383458, -0.016327953733150137, 0.1824434082083517, 0.09311392050921129, -0.016793174920523186, -0.2072588141805331, -0.138431465540421, 0.012697695387720715, 0.00888049833315109, 0.10877853176519064, 0.045659939269583755, 0.22005684952104174, -0.04943785496060719]
-401.5144997817456	(9, 12, 2)	[-0.24464904294868162, -0.18910396928897102, -0.2319389659899787, 0.15700912459025929, -0.13474350367395996, -0.14588427197940718, 0.03571850380303825, -0.1938225253414204, -0.004851704314590475, 0.017331519067068205, -0.25993971876106226, 0.16311243055738492, -0.23292545384001578, -0.08217365204900162, 0.38064898118703855, 0.2847804252711125, 0.04566371443098251, 0.1278496344818019, -0.07147205696281134, 0.275028873303075, -0.20226380491109713, -0.12809514954428697, 0.17902996996941606, -0.12181235437317484, -0.18838670297831486, -0.11701641108226112, -0.1266378668221528, -0.012215161249571392, 0.24580748367748706, 0.1321808506335668, -0.1087069398668426, -0.17898850647128492, 0.02319950750296884, 0.0327867674808312, 0.28486025739137005, -0.009332869187697046, -0.1272098874236868, -0.0643931626022778, 0.2842140400892364, 0.0059999710792982, -0.1586795454869127, 0.042500112083396345, 0.06245326685694488, 0.0701312924075824, -0.13111832929829617, -0.15681188323145084, 0.08978450827281537, 0.0396925837176212, -0.040369417408127, 0.3381615886880094, 0.043125211522810354, 0.25215596558612824, -0.25569050041547414, 0.17024296111004086, -0.1138388847547718, 0.04388888648527193, 0.28859881818175687, -0.22311426347187496, -0.24299287037892042, -0.0494455916864647, -0.024659409249861656, 0.007696186685641548, -0.01682924876398704, 0.027533497594057765, -0.2464619959350401, 0.25100852126286244, 0.14457159730380334, -0.0948156770668894, 0.13675469983959265, 0.03857742163148391, 0.03708997708403125, -0.04906490342373314, -0.05711857049379794, 0.20768532900210293, 0.20703299497264718, -0.17535540780229747, -0.20735081765333244, -0.16636875570567716, 0.19673609453243432, 0.004171002255955729, 0.16494823778148532, -0.13215938165026048, -0.014953163213918264, -0.088686940882381, -0.005562390783731667, -0.19101170754423735, 0.3066295353810227, 0.18053086762939108, -0.1512568138581932, 0.14330586093796582, -0.0705328757293586, -0.05618751482960013, -0.0627035077108896, 0.09704051500596336, 0.04975316516502362, -0.17980076292543892, -0.03205813619335875, 0.17884668389891803, 0.00349713414709691, -0.16044542817801632, 0.2555783025744163, 0.18839903366534072, -0.12396545516726286, 0.19270845186181812, 0.03920385526883742, 0.04848637392242257, -0.013880208051170767, -0.10254979275331247, 0.1325751378071475, -0.1587742816231287, -0.15305465343824043, 0.07921452310311414, 0.13316014964659714, -0.19016357892243052, -0.0739500335101153, 0.1145279133454028, -0.22285516666100252, -0.0043938428922771534, 0.11671590043174286, 0.04434608419476497, -0.006467334178309093, 0.18092990693033154, 0.10165521166393869, -0.01637506499710178, -0.21779312024961198, -0.1424023314547324, 0.015817865971049318, 0.015731195647175705, 0.10609177929944925, 0.04585302328913322, 0.23207349226671697, -0.052594344325461416]
