-318.57475476108533	(8, 12, 2)	[-0.8530476288940432, -0.9770056971058114, -0.7416577351106124, 0.999441536981772, 0.14908725810851808, -0.11198268949029355, 0.8081861832781787, -0.4809541982863912, -0.1553022090900411, -0.12680453046771367, 0.42437969301274125, 0.9735857430370525, 0.3468048402447086, 0.48759262415423654, 0.8149806954838301, 0.6852842340682423, 0.8164783543680907, 0.689572536206891, -0.9502845399121858, 0.44702711488229707, -0.025277149706267377, 0.08121572051682735, 0.6813627774878641, 0.8783727968073936, 0.1727893974396364, -0.9946353146092037, 0.07064696599743714, 0.723037013273379, -0.5141732557766618, 0.6728129462724366, 0.02765301516590979, 0.08618965705743031, -0.1882929813238634, 0.05548357384198699, -0.08094968791116419, -0.20614992987389757, -0.13015351218420546, 0.7945323814637353, -0.6531360611574657, 0.9679719293881128, 0.35743848757018415, 0.38131855685319693, 0.1207705082095627, 0.6508454580741094, -0.7170385627814004, -0.6423680414462511, -0.2160423834130707, 0.12181051088920647, 0.9385038054788908, -0.13726321334352942, 0.2585104205726516, 0.10952109602144078, 0.973011723628388, -0.2680419204778266, 0.2708802828651491, 0.11470944009921746, 0.14789836891895392, -0.7197223437890075, 0.8385286186141729, -0.742683972138241, 0.020015417929299284, -0.18239795574834283, -0.8855460296225435, 0.13529325289909955, -0.2145380945380151, 0.9804140459960966, 0.5056083863293144, -0.10696088170373574, 0.6849263448293288, 0.2084500512086518, 0.8835319494385143, 0.42878239665016205, -0.48152932525784276, -0.7693389496697529, 0.6692483525806814, 0.16022755049052684, -0.25727627732160796, 0.09532833656346273, 0.8275758257655692, -0.6283225076649994, -0.5378319615908391, -0.79470134594343, 0.8105766902970319, 0.5787202612411211, 0.2939357797239073, -0.4225882255149449, 0.04780984744885264, -0.8516598624775571, -0.33744105615928977, 0.47783059888018675, 0.5023256022586404, -0.9716724372463661, 0.75676784672207, 0.7035887853688105, -0.27480460443166566, 0.47090112886393354, 0.7473105852615538, 0.43037911081215974, -0.10952255415631851, 0.32250750937826766, -0.6685246267815588, -0.6856445553716357, 0.02695478839672716, -0.6724033875997439, -0.1969841365045053, -0.8374252592328073, 0.0043574070481509075, -0.6812892421803634, 0.5401746537736689, -0.8403155108391664, -0.426569881381488, -0.6914044117820106, 0.2801487423153861, -0.33672431710622486, 0.780650339747186, -0.4220339173217229, 0.9506056382872601, 0.3016947043416023, 0.9256499973445069, 0.09502938700713703]
548.0728859917231	(8, 12, 2)	[-0.8530476288940432, -0.9770056971058114, -0.7416577351106124, 0.999441536981772, 0.14908725810851808, -0.11198268949029355, 0.8081861832781787, -0.4809541982863912, -0.1553022090900411, -0.12680453046771367, 0.42437969301274125, 0.9735857430370525, 0.3468048402447086, 0.48759262415423654, 0.8149806954838301, 0.6852842340682423, 0.8164783543680907, 0.689572536206891, -0.9502845399121858, 0.44702711488229707, -0.025277149706267377, 0.08121572051682735, 0.6813627774878641, 0.8783727968073936, 0.1727893974396364, -0.9946353146092037, 0.07064696599743714, 0.723037013273379, -0.5141732557766618, 0.6728129462724366, 0.02765301516590979, 0.08618965705743031, -0.1882929813238634, 0.05548357384198699, -0.08094968791116419, -0.20614992987389757, -0.13015351218420546, 0.7945323814637353, -0.6531360611574657, 0.9679719293881128, 0.35743848757018415, 0.38131855685319693, 0.1207705082095627, 0.6508454580741094, -0.7170385627814004, -0.6423680414462511, -0.2160423834130707, 0.12181051088920647, 0.9385038054788908, -0.13726321334352942, 0.2585104205726516, 0.10952109602144078, 0.973011723628388, -0.2680419204778266, 0.2708802828651491, 0.11470944009921746, 0.14789836891895392, -0.7197223437890075, 0.8385286186141729, -0.742683972138241, 0.020015417929299284, -0.18239795574834283, -0.8855460296225435, 0.13529325289909955, -0.2145380945380151, 0.9804140459960966, 0.5056083863293144, -0.10696088170373574, 0.6849263448293288, 0.2084500512086518, 0.8835319494385143, 0.42878239665016205, -0.48152932525784276, -0.7693389496697529, 0.6692483525806814, 0.16022755049052684, -0.25727627732160796, 0.09532833656346273, 0.8275758257655692, -0.6283225076649994, -0.5378319615908391, -0.79470134594343, 0.8105766902970319, 0.5787202612411211, 0.2939357797239073, -0.4225882255149449, 0.04780984744885264, -0.8516598624775571, -0.33744105615928977, 0.47783059888018675, 0.5023256022586404, -0.9716724372463661, 0.75676784672207, 0.7035887853688105, -0.27480460443166566, 0.47090112886393354, 0.7473105852615538, 0.43037911081215974, -0.10952255415631851, 0.32250750937826766, -0.6685246267815588, -0.6856445553716357, 0.02695478839672716, -0.6724033875997439, -0.1969841365045053, -0.8374252592328073, 0.0043574070481509075, -0.6812892421803634, 0.5401746537736689, -0.8403155108391664, -0.426569881381488, -0.6914044117820106, 0.2801487423153861, -0.33672431710622486, 0.780650339747186, -0.4220339173217229, 0.9506056382872601, 0.3016947043416023, 0.9256499973445069, 0.09502938700713703]
286.0392318035946	(8, 12, 2)	[-0.8976253996670336, -1.0582050124869533, 0.06584627120622089, 0.7025529780675495, 0.48093964871416234, -0.12115632849553104, -0.12565397687169094, 0.23598706957309368, 0.10047379622965136, 0.8127220782866134, -0.5644902049847826, 0.6983954005058018, 0.2845465829619625, 0.3750052690932034, 0.386227202868773, -0.7843274543328204, 0.24277064531633535, 0.6597667672052308, -0.8119231506284046, 0.07575123628270425, -0.10160760485406631, 0.5922451334475721, 0.47265212948583324, 0.8344347996881989, -0.580982673044306, -0.9962614005036824, 0.06504009136916364, 0.7226779350722905, -0.05715259884232915, -0.1796540696770906, 0.13404785074488756, -0.5436420477970216, -0.08314470341224303, 0.3847649797724732, -0.8299423853699083, 0.42650822807054417, 0.107477083281528, -0.9276601686770072, -0.9495294148245943, 0.6476307741358085, 0.3514192261376953, -0.10660480510650794, 0.4494549989473396, 0.4096224747565069, 0.3781071868550103, -0.1721289916219949, -0.6018759765983872, 0.03544173407824047, 0.471803766438585, -0.1404059083973764, -0.286471472580749, 0.5442802349127138, 0.3746521206742068, -0.19454131486940307, 0.23978568212856405, 0.41600414774467476, 0.13848785545500242, -0.6408879635193238, 0.84282759568945, -0.7039584161740948, 0.026982820744440063, -0.15899263411311643, -0.49522542026002947, -0.48982542026003734, 0.6456689795767983, -0.09863001420499856, 0.04417527542571806, 0.5552402141157554, 0.7486048377734842, 0.4180796348571597, 0.7337894524275793, 0.5881983698270695, -0.7678005610192296, -0.5600255322322985, 0.8057777141620235, 0.22464722175387686, -0.3804144351373388, -0.2758340190355474, 0.7680275800225425, -0.6484844991980262, -0.8475343890986252, -0.7382629756822254, 0.15531081064370023, 0.5975212140221292, 0.1576813547054503, -0.04724892396292679, 0.08532080231386907, -0.34812160837343065, -0.5275402896367094, 0.4268172500070415, 0.5151211012421805, -0.8568376306693886, 0.755716320993466, 0.7327553539067666, -0.6223650603520505, -0.6917472166445445, 1.0280667408398196, -0.028603295387519267, -0.15139440294276618, 0.4051656508702146, -0.588517746229716, 0.2151316605223108, 0.9605389029313495, -0.007231952267025221, -0.43973265764536185, -0.6397296487670816, -0.1355377075238161, -0.37348259890176216, -0.5324449074578659, -0.8755684916841098, -0.413683979922554, -0.8273506151527603, 0.2753630415513998, -0.46276968089873555, 0.778708902480538, -0.1874614427641082, 0.7079981692516448, 0.11207517280479537, 0.5570836018362133, 0.1734981091044171]
903.8710637550978	(8, 12, 2)	[-1.0390186587238395, 0.7522946006425004, -0.3816784709317237, 0.0920127048196355, 0.17396758230976953, -0.46361100629651697, -0.12914053916734147, -0.448528718084588, 0.6117511432135628, -0.5175564559746874, -0.5129423871099243, 0.2504325053265357, 0.32097376690280444, 0.4953524744323299, 0.0714887111820961, 0.6755435219662731, 0.581870639996044, -0.17487174227002697, -1.140124409461102, 0.44502229157475787, -0.1067676274195039, 0.052962534687452996, 0.6582227529087897, -0.47724276283866574, 0.09091600299771291, -0.16789134381033421, 0.17050553454716666, 0.8360997138684116, 0.05344760164200124, 0.6706543231959028, 0.18721080466244003, 0.6141953229368128, -0.18036526657983717, -0.10593528442905009, -0.24541340865363, -0.48723583046837826, -0.11728499087645838, -0.6674743679662208, 0.07111026465611792, 0.8511633896050512, 0.2254701171904877, 0.3033495509032032, -0.007646774395625555, -0.2619891166836166, 0.19796122868635713, -0.607490918941172, -0.11172676163904133, -0.5907043533350539, 0.8660051467404594, -0.260389442541297, -0.30544495874469, 0.23884641274642177, 1.0077558391903974, 0.14055688336160915, 0.7061757601451722, 0.44401022307426896, 0.1181335707743244, -0.18446351619461743, 0.8417235342627064, -0.4369179791270976, -0.4569689117447008, -0.18796420097114988, 0.8841788383621618, 0.4188423490985183, -0.11061242343590391, 0.9750779678744845, 0.04414808119689484, 0.5584739305976845, 0.5338133344862739, -0.05262681227185867, 0.7957950324107433, -0.3686798611008416, 0.1259857925394846, -0.5440224062509915, -0.18780775273280037, 0.23828170857587838, -0.2503601864653333, 0.01756171441833115, 1.0167979583268596, -0.5355553076960933, 0.7754567357311597, 0.3266380816417358, -0.28172382608574886, 0.6812019475895078, 0.26519910075930386, -0.700580924154151, 0.0499796196110448, 1.3756087122678688, -0.358482271090615, 0.17076514311637125, 0.5842195792207933, -0.560825382542318, 0.7710357293712063, 0.8186205764668604, -0.20883035001932532, 0.8641346390527629, -0.416327586207508, 0.41442172872272776, -0.11717534459097048, -0.7448412280586441, -0.6199849425819671, 0.8886833479933918, 0.42301889412456056, -0.17951708718899628, 0.3031109767874359, 0.6146367140516356, -0.511823758983608, -0.8410561475089569, -0.1865699077658845, -0.7998746685447873, -0.23744203449915613, 0.18448690600116535, -0.6748779165994896, -0.07401534049087644, 1.004032028902099, -0.45399502370653677, 0.6934621590452963, 0.3380339259384597, -0.3050014582837144, 0.34343754335385407]
985.3912677153628	(8, 12, 2)	[-0.8530476288940432, -0.9770056971058114, -0.7416577351106124, 0.999441536981772, 0.14908725810851808, -0.11198268949029355, 0.8081861832781787, -0.4809541982863912, -0.1553022090900411, 0.008571794786436243, 0.42437969301274125, 0.9735857430370525, 0.3468048402447086, 0.48759262415423654, 0.8149806954838301, 0.6852842340682423, 0.8164783543680907, 0.689572536206891, -0.9502845399121858, 0.44702711488229707, -0.025277149706267377, 0.08121572051682735, 0.6813627774878641, 0.8783727968073936, 0.1727893974396364, -0.9946353146092037, 0.07064696599743714, 0.723037013273379, -0.4406883027735657, 0.6728129462724366, 0.02765301516590979, 0.08618965705743031, -0.1882929813238634, 0.05548357384198699, -0.08094968791116419, -0.20614992987389757, -0.13015351218420546, 0.7945323814637353, -0.6531360611574657, 0.9679719293881128, 0.35743848757018415, 0.38131855685319693, 0.1207705082095627, 0.6508454580741094, -0.7170385627814004, -0.6423680414462511, -0.2160423834130707, 0.1914857339573015, 0.9385038054788908, -0.13726321334352942, 0.2585104205726516, 0.10952109602144078, 0.973011723628388, -0.2680419204778266, 0.2708802828651491, 0.11470944009921746, 0.14789836891895392, -0.7197223437890075, 0.8385286186141729, -0.742683972138241, 0.020015417929299284, -0.18239795574834283, -0.8855460296225435, 0.13529325289909955, -0.2145380945380151, 0.827406892511046, 0.5056083863293144, -0.10696088170373574, 0.6849263448293288, 0.2084500512086518, 0.8835319494385143, 0.42878239665016205, -0.48152932525784276, -0.7693389496697529, 0.6692483525806814, 0.16022755049052684, -0.25727627732160796, 0.09532833656346273, 0.8275758257655692, -0.6283225076649994, -0.5378319615908391, -0.79470134594343, 0.8105766902970319, 0.5787202612411211, 0.2939357797239073, -0.4225882255149449, 0.04780984744885264, -0.8516598624775571, -0.33744105615928977, 0.47783059888018675, 0.5023256022586404, -0.9716724372463661, 0.75676784672207, 0.7035887853688105, -0.22409049670572878, 0.47090112886393354, 0.7473105852615538, 0.43037911081215974, -0.10952255415631851, 0.32250750937826766, -0.6685246267815588, -0.6856445553716357, 0.02695478839672716, -0.6724033875997439, -0.1969841365045053, -0.8374252592328073, 0.0043574070481509075, -0.6812892421803634, 0.5401746537736689, -0.8403155108391664, -0.426569881381488, -0.6914044117820106, 0.2801487423153861, -0.33672431710622486, 0.780650339747186, -0.5524057665990191, 0.9506056382872601, 0.3016947043416023, 0.9256499973445069, 0.09502938700713703]
281.90809131386425	(8, 12, 2)	[-0.7728934131111972, -0.8772795900651184, -0.6763287613631592, 0.8447356297904041, 0.25535904096170003, -0.10274264655175819, 0.7692823751021187, -0.37817391123439337, -0.14577950531955997, -0.17810153967659537, 0.45268267962973735, 1.0527069097242396, 0.3015595626264831, 0.44704323364256027, 0.5713928860066719, 0.4514584871468318, 0.8047442680824354, 0.37657448449347963, 0.057000947688386594, 0.4532539014944667, -0.024954068491202717, 0.23374838374579748, 0.6796323002220985, 0.8905158270850352, 0.4130925795909779, -0.8959346556548966, -0.04257687309902007, 0.6810105251930946, -0.4905553960592035, 0.6654167043444091, 0.06026331288187075, 0.049370568025138284, 0.23304838928206872, -0.09958254138635314, -0.16724747621149344, -0.058216862026850946, -0.13091884851991448, 0.9166769811849569, -0.3624161938712889, 0.4350793443859925, 0.36255563016683817, 0.4225409354089869, 0.09863115487078797, 0.45465252414188617, -0.5546688794282446, -0.5660344517747007, 0.2238777619113969, 0.13901881378817707, 0.6944065428856661, -0.05377975658861674, 0.18693144823031826, 0.11073687097144759, 0.8245224390663505, -0.0039042885304361175, 0.25661687717543485, -0.09921373747897407, 0.14793377091061014, 0.5850741810861966, 0.8380871073116815, -0.15537424097390062, -0.02499755625394104, -0.08659197708587862, -0.972978857691955, 0.4637015533980777, -0.18340495749160649, 0.9027353014605786, 0.32563513213486084, -0.14070570583181902, 0.680354037309662, 0.19759563379551448, 0.8824194288549497, 0.13804618739333718, 0.127736147446745, -0.24734519305527325, -0.05609344025838806, -0.7250980388715662, -0.24458971606544158, 0.08995751802800667, 0.44534768088437715, -0.6324217578210398, -0.774414485661387, -0.7290593997260562, -0.1076300993871061, 0.5733557910642173, 0.2278225699336177, -0.4633955770850705, 0.06740954813564207, -0.35254833580928424, -0.7810699831445401, -0.35637316338272074, 0.5213675709818495, 0.02125360204297566, 0.41479701297206717, 0.4664423249962367, -0.2882356232204719, -0.3018298341179062, 0.7495775839170534, 0.10062670126510981, -0.12663141494602292, 0.4795542063816568, -0.3691824016012861, -0.6633500415004748, 0.027255908205202843, -0.631233019793225, -0.24089934623364562, -0.8097107252003896, -0.19039124117538686, -0.6775364440435796, 0.23724340493901158, -0.17717989791194466, -0.19465298699975497, -0.6466485141847759, 0.28755989247340463, 0.27654580228271486, 0.8028729856673199, -0.37337323411872814, 0.9245506518593463, -0.8862938494288721, 0.81012258306503, -0.07783764132596]
802.3241493996798	(8, 12, 2)	[-0.8530476288940432, -0.9770056971058114, -0.7416577351106124, 0.999441536981772, 0.14908725810851808, -0.11198268949029355, 0.8081861832781787, -0.48379784793917036, -0.1553022090900411, -0.12680453046771367, 0.42437969301274125, 0.9536424940397108, 0.3468048402447086, 0.48759262415423654, 0.8149806954838301, 0.6852842340682423, 0.6984210991692318, 0.689572536206891, -0.9502845399121858, 0.44702711488229707, -0.025277149706267377, 0.08121572051682735, 0.6813627774878641, 0.8783727968073936, 0.1727893974396364, -0.9946353146092037, 0.07064696599743714, 0.723037013273379, -0.5141732557766618, 0.6728129462724366, 0.02765301516590979, 0.08618965705743031, -0.1882929813238634, -0.22490106070539506, -0.04191584592713919, -0.20614992987389757, -0.13015351218420546, 0.7945323814637353, -0.6531360611574657, 0.9679719293881128, 0.35743848757018415, 0.38131855685319693, 0.1207705082095627, 0.6508454580741094, -0.7170385627814004, -0.6423680414462511, -0.1953794358132201, 0.12181051088920647, 0.9385038054788908, -0.13726321334352942, 0.24919080247668282, 0.10952109602144078, 0.973011723628388, -0.2680419204778266, 0.25542859752408814, 0.11470944009921746, 0.14789836891895392, -0.7197223437890075, 0.8385286186141729, -0.7981158689389292, 0.020015417929299284, -0.18239795574834283, -0.8673104330573062, 0.13529325289909955, -0.2145380945380151, 0.9804140459960966, 0.5056083863293144, -0.10696088170373574, 0.6849263448293288, 0.2084500512086518, 0.8956350173340479, 0.42878239665016205, -0.48152932525784276, -0.7693389496697529, 0.6692483525806814, 0.16022755049052684, -0.25727627732160796, 0.09532833656346273, 0.8275758257655692, -0.6283225076649994, -0.5378319615908391, -0.79470134594343, 0.8132492493893352, 0.5906104910802186, 0.2939357797239073, -0.4225882255149449, 0.006387835926133713, -0.8516598624775571, -0.33744105615928977, 0.47783059888018675, 0.5023256022586404, -0.9716724372463661, 0.75676784672207, 0.7035887853688105, -0.1628918471333682, 0.47090112886393354, 0.7693390531341419, 0.43037911081215974, -0.10952255415631851, 0.32250750937826766, -0.6685246267815588, -0.6856445553716357, 0.02695478839672716, -0.6724033875997439, -0.1969841365045053, -0.856497381070522, 0.0043574070481509075, -0.6812892421803634, 0.5384526005698853, -0.8403155108391664, -0.426569881381488, -0.6914044117820106, 0.2801487423153861, -0.33672431710622486, 0.780650339747186, -0.4220339173217229, 0.9506056382872601, 0.3016947043416023, 0.9256499973445069, 0.09502938700713703]
931.6934335679912	(8, 12, 2)	[-0.8530476288940432, -0.9770056971058114, -0.7416577351106124, 0.999441536981772, 0.14908725810851808, -0.11198268949029355, 0.8081861832781787, -0.3400250526299214, -0.2280155222152923, 0.008571794786436243, 0.42437969301274125, 0.9735857430370525, 0.3468048402447086, 0.48759262415423654, 0.8149806954838301, 0.6852842340682423, 0.8164783543680907, 0.689572536206891, -0.9502845399121858, 0.44702711488229707, -0.025277149706267377, 0.08121572051682735, 0.6813627774878641, 0.8783727968073936, 0.1727893974396364, -0.9946353146092037, 0.07064696599743714, 0.723037013273379, -0.3843027893948678, 0.580855623772041, 0.02765301516590979, 0.08618965705743031, -0.31847586251210735, 0.05548357384198699, -0.08094968791116419, -0.20614992987389757, -0.13015351218420546, 0.7021281926803906, -0.6531360611574657, 0.9679719293881128, 0.35743848757018415, 0.38131855685319693, 0.1207705082095627, 0.6508454580741094, -0.7170385627814004, -0.6423680414462511, -0.2160423834130707, 0.1914857339573015, 0.9385038054788908, -0.13726321334352942, 0.2585104205726516, 0.10952109602144078, 0.973011723628388, -0.2680419204778266, 0.2708802828651491, 0.11470944009921746, 0.14789836891895392, -0.7197223437890075, 0.8385286186141729, -0.742683972138241, 0.020015417929299284, -0.18239795574834283, -0.8855460296225435, 0.13529325289909955, -0.2145380945380151, 0.827406892511046, 0.5056083863293144, -0.10696088170373574, 0.6849263448293288, 0.2084500512086518, 0.8835319494385143, 0.42878239665016205, -0.48152932525784276, -0.7693389496697529, 0.6692483525806814, 0.16022755049052684, -0.25727627732160796, 0.09532833656346273, 0.8275758257655692, -0.6283225076649994, -0.5378319615908391, -0.79470134594343, 0.8105766902970319, 0.5787202612411211, 0.2939357797239073, -0.4225882255149449, 0.04780984744885264, -0.8516598624775571, -0.33744105615928977, 0.47783059888018675, 0.5023256022586404, -0.9716724372463661, 0.75676784672207, 0.7035887853688105, -0.22409049670572878, 0.47090112886393354, 0.7473105852615538, 0.43037911081215974, -0.10952255415631851, 0.32250750937826766, -0.6685246267815588, -0.6856445553716357, 0.02695478839672716, -0.6724033875997439, -0.1969841365045053, -0.8374252592328073, 0.0043574070481509075, -0.6812892421803634, 0.5401746537736689, -0.8403155108391664, -0.426569881381488, -0.6914044117820106, 0.2801487423153861, -0.33672431710622486, 0.780650339747186, -0.5524057665990191, 0.9506056382872601, 0.3016947043416023, 0.9256499973445069, 0.09502938700713703]
701.5190209910427	(8, 12, 2)	[-0.8530476288940432, -0.9770056971058114, -0.7416577351106124, 0.999441536981772, 0.14908725810851808, -0.11198268949029355, 0.8081861832781787, -0.4809541982863912, -0.1553022090900411, -0.0321361442896925, 0.42437969301274125, 0.9735857430370525, 0.3468048402447086, 0.48759262415423654, 0.8149806954838301, 0.6852842340682423, 0.8164783543680907, 0.689572536206891, -0.9341741820184388, 0.44702711488229707, -0.025277149706267377, 0.08131720323087077, 0.6813627774878641, 0.8783727968073936, 0.1727893974396364, -0.9946353146092037, 0.07064696599743714, 0.723037013273379, -0.4735472860067048, 0.6728129462724366, 0.02765301516590979, 0.08618965705743031, -0.1882929813238634, 0.05548357384198699, -0.08094968791116419, -0.20614992987389757, -0.13015351218420546, 0.7945323814637353, -0.6531360611574657, 0.9679719293881128, 0.35743848757018415, 0.38131855685319693, 0.1207705082095627, 0.6508454580741094, -0.7170385627814004, -0.6423680414462511, -0.20301084135408298, 0.15174024076083273, 0.9385038054788908, -0.13726321334352942, 0.2908777347232627, 0.10952109602144078, 0.973011723628388, -0.2680419204778266, 0.2673717127677933, 0.11470944009921746, 0.14789836891895392, -0.7197223437890075, 0.8385286186141729, -0.742683972138241, 0.020015417929299284, -0.18239795574834283, -0.8855460296225435, 0.14701997725006236, -0.2145380945380151, 0.8400114615674452, 0.5056083863293144, -0.10696088170373574, 0.6849263448293288, 0.2084500512086518, 0.8835319494385143, 0.42878239665016205, -0.48152932525784276, -0.6264312719079437, 0.6692483525806814, 0.16022755049052684, -0.25727627732160796, 0.09532833656346273, 0.8275758257655692, -0.6283225076649994, -0.5378319615908391, -0.79470134594343, 0.8243865215081079, 0.5786707315254493, 0.2939357797239073, -0.4225882255149449, 0.04780984744885264, -0.8516598624775571, -0.2981516496550284, 0.47783059888018675, 0.3716141398458106, -0.9716724372463661, 0.75676784672207, 0.7035887853688105, -0.1863826881172599, 0.47090112886393354, 0.7473105852615538, 0.43037911081215974, -0.10952255415631851, 0.32250750937826766, -0.6685246267815588, -0.6856445553716357, -0.05150125870217781, -0.6724033875997439, -0.1969841365045053, -0.8373533620449921, 0.0043574070481509075, -0.6812892421803634, 0.5401746537736689, -0.8403155108391664, -0.4169539604906326, -0.6914044117820106, 0.20463358144761012, -0.33672431710622486, 0.7835634270603704, -0.47950769863768095, 0.9506056382872601, 0.3016947043416023, 0.9256499973445069, 0.09502938700713703]
467.88088449805963	(8, 12, 2)	[-0.8530476288940432, -0.9770056971058114, -0.7416577351106124, 0.999441536981772, 0.14908725810851808, -0.11198268949029355, 0.8081861832781787, -0.33606646500383774, -0.2260930008324896, -0.03991743435404204, 0.42437969301274125, 0.9735857430370525, 0.3468048402447086, 0.48759262415423654, 0.8149806954838301, 0.6852842340682423, 0.8164783543680907, 0.689572536206891, -0.9361730586654043, 0.44702711488229707, -0.025277149706267377, 0.0813395089183955, 0.6813627774878641, 0.8783727968073936, 0.1727893974396364, -0.9946353146092037, 0.07064696599743714, 0.723037013273379, -0.4665411766806394, 0.5942633607739789, 0.02765301516590979, 0.08618965705743031, -0.21135808048509258, 0.05548357384198699, -0.08094968791116419, -0.20614992987389757, -0.13015351218420546, 0.7048780026289923, -0.6531360611574657, 0.9679719293881128, 0.35743848757018415, 0.38131855685319693, 0.1207705082095627, 0.6508454580741094, -0.7197851535677691, -0.6423680414462511, -0.20027217380929263, 0.19529203148863816, 0.9385038054788908, -0.13726321334352942, 0.2752368896875577, 0.10952109602144078, 0.973011723628388, -0.2680419204778266, 0.26660809018817266, 0.11470944009921746, 0.14789836891895392, -0.7197223437890075, 0.8385286186141729, -0.742683972138241, 0.020015417929299284, -0.18239795574834283, -0.8855460296225435, 0.14172343222348371, -0.2145380945380151, 0.832247484888894, 0.5056083863293144, -0.10696088170373574, 0.6849263448293288, 0.2084500512086518, 0.8835319494385143, 0.42878239665016205, -0.48152932525784276, -0.6460956069251076, 0.6692483525806814, 0.16022755049052684, -0.25727627732160796, 0.09532833656346273, 0.8275758257655692, -0.6283225076649994, -0.5378319615908391, -0.79470134594343, 0.8164044606149746, 0.5787090315768505, 0.2939357797239073, -0.4225882255149449, 0.04780984744885264, -0.8516598624775571, -0.3010693237839967, 0.47783059888018675, 0.34974030871442197, -0.9716724372463661, 0.7266190034138711, 0.7035887853688105, -0.22636814125499435, 0.47090112886393354, 0.7473105852615538, 0.43037911081215974, -0.10952255415631851, 0.32250750937826766, -0.6685246267815588, -0.6856445553716357, -0.017705737141554274, -0.6724033875997439, -0.1969841365045053, -0.8374041865882791, 0.0043574070481509075, -0.6812892421803634, 0.5401746537736689, -0.8403155108391664, -0.4272953126022036, -0.6914044117820106, 0.19592806142822913, -0.33672431710622486, 0.782940324380244, -0.5322284987645752, 0.9506056382872601, 0.3016947043416023, 0.9256499973445069, 0.09502938700713703]
661.6083695160033	(8, 12, 2)	[-0.8530476288940432, -0.9770056971058114, -0.7416577351106124, 0.999441536981772, 0.14908725810851808, -0.11198268949029355, 0.8081861832781787, -0.4809541982863912, -0.1553022090900411, -0.0321361442896925, 0.42437969301274125, 0.9735857430370525, 0.3468048402447086, 0.48759262415423654, 0.8149806954838301, 0.6852842340682423, 0.8164783543680907, 0.7205295152757514, -0.9341741820184388, 0.44702711488229707, -0.025277149706267377, 0.08131720323087077, 0.6813627774878641, 0.8783727968073936, 0.1727893974396364, -0.9946353146092037, 0.07064696599743714, 0.723037013273379, -0.4735472860067048, 0.6728129462724366, 0.02765301516590979, 0.08618965705743031, -0.1882929813238634, 0.05548357384198699, -0.08094968791116419, -0.20614992987389757, -0.13015351218420546, 0.7945323814637353, -0.6531360611574657, 0.9679719293881128, 0.35743848757018415, 0.38131855685319693, 0.1207705082095627, 0.6508454580741094, -0.7170385627814004, -0.6423680414462511, -0.20301084135408298, 0.15174024076083273, 0.9385038054788908, -0.13726321334352942, 0.2908777347232627, 0.10952109602144078, 0.973011723628388, -0.2680419204778266, 0.2673717127677933, 0.11470944009921746, 0.14789836891895392, -0.7197223437890075, 0.8385286186141729, -0.742683972138241, 0.020015417929299284, -0.18239795574834283, -0.8855460296225435, 0.14701997725006236, -0.2145380945380151, 0.8400114615674452, 0.5056083863293144, -0.10696088170373574, 0.6849263448293288, 0.2084500512086518, 0.8835319494385143, 0.42878239665016205, -0.48152932525784276, -0.6264312719079437, 0.6692483525806814, 0.16022755049052684, -0.25727627732160796, 0.09532833656346273, 0.8760378148391456, -0.6283225076649994, -0.5378319615908391, -0.79470134594343, 0.8243865215081079, 0.5786707315254493, 0.2939357797239073, -0.4225882255149449, 0.04780984744885264, -0.8516598624775571, -0.2981516496550284, 0.47783059888018675, 0.3716141398458106, -0.9716724372463661, 0.75676784672207, 0.7035887853688105, -0.1863826881172599, 0.47090112886393354, 0.7473105852615538, 0.43037911081215974, -0.10952255415631851, 0.32250750937826766, -0.6685246267815588, -0.6856445553716357, -0.05150125870217781, -0.6724033875997439, -0.1969841365045053, -0.8373533620449921, 0.0043574070481509075, -0.6812892421803634, 0.5401746537736689, -0.8403155108391664, -0.4169539604906326, -0.6914044117820106, 0.20463358144761012, -0.33672431710622486, 0.7835634270603704, -0.47950769863768095, 0.9506056382872601, 0.3016947043416023, 0.9256499973445069, 0.09502938700713703]
603.5382615833569	(8, 12, 2)	[-0.7728934131111972, -0.8772795900651184, -0.6763287613631592, 0.8447356297904041, 0.4195450942671196, -0.10274264655175819, 0.7692823751021187, -0.37817391123439337, -0.11366778831592478, -0.17810153967659537, 0.45268267962973735, 1.0527069097242396, 0.3015595626264831, 0.44704323364256027, 0.5713928860066719, 0.4514584871468318, 0.8047442680824354, 0.37657448449347963, 0.057000947688386594, 0.4532539014944667, -0.024954068491202717, 0.23374838374579748, 0.6796323002220985, 0.8905158270850352, 0.4130925795909779, -0.8959346556548966, -0.2330841961237426, 0.6810105251930946, -0.4905553960592035, 0.6654167043444091, 0.06026331288187075, 0.049370568025138284, 0.23304838928206872, -0.09958254138635314, -0.16724747621149344, -0.058216862026850946, -0.13091884851991448, 0.9166769811849569, -0.3624161938712889, 0.4350793443859925, 0.36255563016683817, 0.4225409354089869, 0.09863115487078797, 0.45465252414188617, -0.5546688794282446, -0.5660344517747007, 0.2238777619113969, 0.13901881378817707, 0.6944065428856661, -0.05377975658861674, 0.18693144823031826, 0.11073687097144759, 0.8245224390663505, -0.0039042885304361175, 0.25661687717543485, -0.09921373747897407, 0.14793377091061014, 0.5850741810861966, 0.8380871073116815, -0.15537424097390062, -0.02499755625394104, -0.08659197708587862, -0.972978857691955, 0.4637015533980777, -0.18340495749160649, 0.9027353014605786, 0.32563513213486084, -0.14070570583181902, 0.680354037309662, 0.19759563379551448, 0.8824194288549497, 0.13804618739333718, 0.127736147446745, -0.24734519305527325, -0.05609344025838806, -0.7250980388715662, -0.24458971606544158, 0.08995751802800667, 0.44534768088437715, -0.6324217578210398, -0.774414485661387, -0.7290593997260562, -0.1076300993871061, 0.5733557910642173, 0.2278225699336177, -0.4633955770850705, 0.06740954813564207, -0.47681037667261406, -0.7810699831445401, -0.4395516468140124, 0.5213675709818495, 0.02125360204297566, 0.41479701297206717, 0.4664423249962367, -0.2882356232204719, -0.3018298341179062, 0.7495775839170534, 0.10062670126510981, -0.12663141494602292, 0.4795542063816568, -0.3691824016012861, -0.6633500415004748, 0.027255908205202843, -0.631233019793225, -0.24089934623364562, -0.8097107252003896, -0.19039124117538686, -0.6775364440435796, 0.23724340493901158, -0.17717989791194466, -0.19465298699975497, -0.6466485141847759, 0.28755989247340463, 0.27654580228271486, 0.8028729856673199, -0.37337323411872814, 0.9245506518593463, -0.8862938494288721, 0.81012258306503, -0.07783764132596]
771.8506134324624	(8, 12, 2)	[-0.7728934131111972, -0.8772795900651184, -0.6763287613631592, 0.8447356297904041, 0.4195450942671196, -0.10274264655175819, 0.7692823751021187, -0.37817391123439337, -0.11366778831592478, -0.17810153967659537, 0.45268267962973735, 1.0527069097242396, 0.3015595626264831, 0.44704323364256027, 0.5713928860066719, 0.4514584871468318, 0.8047442680824354, 0.37657448449347963, 0.057000947688386594, 0.4532539014944667, -0.024954068491202717, 0.23374838374579748, 0.6796323002220985, 0.8905158270850352, 0.4130925795909779, -0.8959346556548966, -0.2330841961237426, 0.6810105251930946, -0.4905553960592035, 0.6654167043444091, 0.06026331288187075, 0.049370568025138284, 0.23304838928206872, -0.09958254138635314, -0.16724747621149344, -0.058216862026850946, -0.13091884851991448, 0.9166769811849569, -0.3624161938712889, 0.4350793443859925, 0.36255563016683817, 0.4225409354089869, 0.09863115487078797, 0.45465252414188617, -0.5546688794282446, -0.5660344517747007, 0.2238777619113969, 0.13901881378817707, 0.6944065428856661, -0.05377975658861674, 0.18693144823031826, 0.11073687097144759, 0.8245224390663505, -0.0039042885304361175, 0.25661687717543485, -0.09921373747897407, 0.14793377091061014, 0.5850741810861966, 0.8380871073116815, -0.15537424097390062, -0.02499755625394104, -0.08659197708587862, -0.972978857691955, 0.4637015533980777, -0.18340495749160649, 0.9027353014605786, 0.2494038258779091, -0.14070570583181902, 0.680354037309662, 0.19759563379551448, 0.8824194288549497, 0.13804618739333718, 0.127736147446745, -0.24734519305527325, -0.05609344025838806, -0.7250980388715662, -0.24458971606544158, 0.08995751802800667, 0.44534768088437715, -0.6324217578210398, -0.774414485661387, -0.7290593997260562, -0.1076300993871061, 0.5733557910642173, 0.2278225699336177, -0.4633955770850705, 0.06740954813564207, -0.47681037667261406, -0.7810699831445401, -0.4395516468140124, 0.5213675709818495, 0.02125360204297566, 0.41479701297206717, 0.4664423249962367, -0.2882356232204719, -0.3018298341179062, 0.7495775839170534, 0.10062670126510981, -0.12663141494602292, 0.4795542063816568, -0.3691824016012861, -0.6633500415004748, 0.027255908205202843, -0.631233019793225, -0.24089934623364562, -0.8097107252003896, -0.19039124117538686, -0.6775364440435796, 0.23724340493901158, -0.17717989791194466, -0.29666654879790094, -0.6466485141847759, 0.28755989247340463, 0.27654580228271486, 0.8028729856673199, -0.37337323411872814, 0.9245506518593463, -0.8862938494288721, 0.81012258306503, -0.07783764132596]
781.7804612785854	(8, 12, 2)	[-0.8530476288940432, -0.9770056971058114, -0.7416577351106124, 0.999441536981772, 0.14908725810851808, -0.11198268949029355, 0.8081861832781787, -0.4809541982863912, -0.09896286291881921, -0.0321361442896925, 0.42437969301274125, 0.9735857430370525, 0.3468048402447086, 0.48759262415423654, 0.8149806954838301, 0.6852842340682423, 0.8164783543680907, 0.8306896533944901, -0.8556712734800433, 0.44702711488229707, -0.025277149706267377, 0.08131720323087077, 0.6813627774878641, 0.8783727968073936, 0.1727893974396364, -0.9946353146092037, 0.07064696599743714, 0.734643814176839, -0.4735472860067048, 0.6728129462724366, 0.02765301516590979, 0.08618965705743031, -0.1882929813238634, 0.05548357384198699, -0.08094968791116419, -0.20614992987389757, -0.13015351218420546, 0.7945323814637353, -0.6531360611574657, 0.9679719293881128, 0.35743848757018415, 0.38131855685319693, 0.1207705082095627, 0.6643931252503539, -0.7170385627814004, -0.6423680414462511, -0.20301084135408298, 0.15174024076083273, 0.9385038054788908, -0.13726321334352942, 0.2908777347232627, 0.10952109602144078, 0.973011723628388, -0.2680419204778266, 0.2673717127677933, 0.11470944009921746, 0.14789836891895392, -0.7197223437890075, 0.8385286186141729, -0.742683972138241, 0.020015417929299284, -0.18239795574834283, -0.8855460296225435, 0.14701997725006236, -0.2145380945380151, 0.8400114615674452, 0.5056083863293144, -0.10696088170373574, 0.6849263448293288, 0.2084500512086518, 0.8835319494385143, 0.42878239665016205, -0.48152932525784276, -0.6264312719079437, 0.6692483525806814, 0.16022755049052684, -0.25727627732160796, 0.004170443163157692, 0.8275758257655692, -0.6283225076649994, -0.5378319615908391, -0.79470134594343, 0.8243865215081079, 0.5786707315254493, 0.2701248888545313, -0.4225882255149449, 0.04780984744885264, -0.8516598624775571, -0.2981516496550284, 0.47783059888018675, 0.3716141398458106, -0.9716724372463661, 0.75676784672207, 0.7035887853688105, -0.1863826881172599, 0.47090112886393354, 0.7473105852615538, 0.43037911081215974, -0.10952255415631851, 0.32250750937826766, -0.6685246267815588, -0.6856445553716357, -0.05150125870217781, -0.6724033875997439, -0.224916707070567, -0.8373533620449921, 0.0043574070481509075, -0.6812892421803634, 0.5401746537736689, -0.8403155108391664, -0.4169539604906326, -0.6914044117820106, 0.20463358144761012, -0.33672431710622486, 0.7835634270603704, -0.47950769863768095, 0.9506056382872601, 0.3016947043416023, 0.9256499973445069, 0.09502938700713703]
1195.8644761000091	(8, 12, 2)	[-0.8056911795751311, -0.8641246406015113, -0.6921769617655829, 1.0281279431845594, 0.4717623839281943, -0.10707061290147946, 0.7796864736951868, -0.3797624227044091, -0.1718234688957483, -0.1129224594915495, 0.43812085756732766, 1.0183916571297011, 0.3372394529888961, 0.4519226808684502, 0.7890839380230124, 0.728829698625545, 0.7478885243558049, 0.7683220502695457, 0.0475096040565508, 0.4545894574480607, -0.02497450805567146, 0.26252577059214927, 0.8310872687650107, 0.8862762364957533, 0.36391051735555785, -0.8778159675896859, -0.15231704829820705, 0.6950039526470587, -0.4936917416517317, 0.662834501399108, 0.026243726857039348, 0.06141856217464828, 0.0071476702592263575, -0.21483145892150318, -0.026717369114854866, -0.15823319034348737, -0.1300606744966925, 0.8190648445779913, -0.4329877375643316, 0.4685103096244436, 0.3614002903583214, 0.42264274202888247, 0.10421488674943019, 0.5758500926276233, -0.6982240913531618, -0.574260868107364, -0.16341337435475894, 0.12778746061173996, 0.6620745037561552, -0.04306744813290832, 0.19942827997460885, 0.109610761272569, 0.859590086589762, -0.09459095730480371, 0.2571465515677817, -0.14337504615365215, 0.14793788542069256, 0.18206110499559958, 0.8386291685728509, -0.02838078213244466, -0.0356979549941666, -0.13882881015569845, -0.9460891550178011, 0.4271081535676602, -0.21871344934328218, 0.8860203064419121, 0.5326911510953882, -0.120791427284399, 0.6828746204831624, 0.9681294149091912, 0.8846438640597293, 0.4349537104391709, -0.5441260377537641, -0.6372581839534868, 0.8395846255582554, -0.01365403711835722, -0.2505368925643212, 0.09511036046210718, 0.5879273474318569, -0.6308147287225864, -0.6490362859033958, -0.7188649356006918, -0.23175035311811426, 0.5708038698909046, 0.30450578725550553, -0.43785711563372587, 0.020088884076973533, -0.923840375310701, -0.6398839482201306, -0.2641776274718362, 0.5357485091524141, -0.9813691709808723, 0.38340070920755626, 0.7031803909943244, -0.2949135461248, -0.16414988728619345, 0.7547018850629702, -0.03436691892108812, -0.13158068125685912, 0.42325048465065596, -0.5748351296326536, -0.6730481259941964, 0.027181439961578614, -0.6531198295003129, -0.231260301929954, -0.8134434315273141, -0.17543061684233419, -0.6788393955697696, 0.5851576581702929, -0.2908814195095475, -0.3189318089979961, -0.7238964519358456, 0.25002592448233274, 0.2804995231401973, 0.7833679578927307, -0.3520225139611348, 0.9242379552030007, -0.7328148410350148, 0.9040568439324175, 0.03411939658420425]
1088.0932428912972	(8, 12, 2)	[-0.8056911795751311, -0.8641246406015113, -0.6921769617655829, 1.0281279431845594, 0.4717623839281943, -0.10707061290147946, 0.7796864736951868, -0.3797624227044091, -0.1718234688957483, -0.1129224594915495, 0.43812085756732766, 1.0183916571297011, 0.3372394529888961, 0.4519226808684502, 0.7890839380230124, 0.728829698625545, 0.7478885243558049, 0.7683220502695457, 0.0475096040565508, 0.4545894574480607, -0.02497450805567146, 0.26252577059214927, 0.8310872687650107, 0.8862762364957533, 0.36391051735555785, -0.8778159675896859, -0.15231704829820705, 0.6950039526470587, -0.4936917416517317, 0.662834501399108, 0.026243726857039348, 0.06141856217464828, 0.0071476702592263575, -0.21483145892150318, -0.026717369114854866, -0.15823319034348737, -0.1300606744966925, 0.8190648445779913, -0.4329877375643316, 0.4685103096244436, 0.3614002903583214, 0.42264274202888247, 0.10421488674943019, 0.5758500926276233, -0.6982240913531618, -0.574260868107364, -0.16341337435475894, 0.12778746061173996, 0.6620745037561552, -0.04306744813290832, 0.19942827997460885, 0.109610761272569, 0.859590086589762, -0.09459095730480371, 0.2571465515677817, -0.14337504615365215, 0.14793788542069256, 0.18206110499559958, 0.8386291685728509, -0.02838078213244466, -0.0356979549941666, -0.13882881015569845, -0.9460891550178011, 0.4271081535676602, -0.21871344934328218, 0.8860203064419121, 0.5326911510953882, -0.120791427284399, 0.6828746204831624, 0.9681294149091912, 0.8846438640597293, 0.4349537104391709, -0.5441260377537641, -0.6372581839534868, 0.8395846255582554, -0.01365403711835722, -0.2505368925643212, 0.09511036046210718, 0.5879273474318569, -0.6308147287225864, -0.6490362859033958, -0.7188649356006918, -0.23175035311811426, 0.5708038698909046, 0.30450578725550553, -0.43785711563372587, 0.020088884076973533, -0.923840375310701, -0.6398839482201306, -0.2641776274718362, 0.5357485091524141, -0.9813691709808723, 0.38340070920755626, 0.7031803909943244, -0.2949135461248, -0.16414988728619345, 0.7547018850629702, -0.03436691892108812, -0.13158068125685912, 0.42325048465065596, -0.5748351296326536, -0.6730481259941964, 0.027181439961578614, -0.6531198295003129, -0.231260301929954, -0.8134434315273141, -0.17543061684233419, -0.6788393955697696, 0.5851576581702929, -0.2908814195095475, -0.3189318089979961, -0.7238964519358456, 0.25002592448233274, 0.2804995231401973, 0.7833679578927307, -0.3520225139611348, 0.9242379552030007, -0.7328148410350148, 0.9040568439324175, 0.03411939658420425]
786.6374702093901	(8, 12, 2)	[-0.8621627624838029, -0.9269835577571455, -0.69895777097029, 0.847103354711772, 0.312482740647671, -0.11077967456485852, 0.7548777173411243, -0.3681976338692384, -0.17962007985641573, -0.15375860209277722, 0.437292408259343, 0.9617406538898896, 0.32663887786514495, 0.46992369235583303, 0.6899190586017994, 0.6084220896769026, 0.8179589767120122, 0.7134492999677604, 0.25593824457542746, 0.4859150698624972, -0.025603136585006066, 0.04923015298585584, 0.6796746783201122, 0.8911146290735484, 0.324044483565046, -0.9659634696527152, -0.11381865346457826, 0.681522363414506, -0.49322315342718814, 0.6557456856172377, 0.0332362339675237, -0.10360277698073567, -0.11419032856112266, -0.05604680959599217, -0.07027249576092715, -0.07723251162342411, -0.13043656560505065, 0.7167949485089586, -0.5874367726955207, 1.1220824706540586, 0.3315062431872164, 0.3872079486086908, 0.11965782424592805, 0.5991895423969142, -0.6636627546694874, -0.577448454985215, 0.2658013293946364, 0.15475826297544507, 0.9741293246452336, -0.16718103475517315, 0.21735193051673776, 0.1132037724732945, 0.9672278327975511, -0.3456521851055553, 0.2719764116818578, -0.060644126225648465, 0.14792326808462056, -0.18657908747366506, 0.8135628496165415, -0.6130953799246543, 0.0558018152282391, -0.18119736866966535, -0.8875543241113764, 0.3751569096571552, -0.1943215691856845, 0.8444383373305292, 0.2279843438028731, -0.1091427752150021, 0.6699274860122679, 0.20052646394225201, 0.881952821027842, 0.05340373543450685, -0.25241656217951014, -0.652267779484223, 0.44961041234721555, -0.4132176556584012, -0.25800814617674755, 0.09550425370133936, 0.5197772279046344, -0.6289314804877596, -0.7432619057451783, -0.7324735063177683, 0.6125697020208337, 0.5707542865647885, 0.2950317670093619, -0.4501406377800171, 0.04781545516268203, -0.7210006211632707, -0.38593283783126786, 0.2149239714126474, 0.5144226531947053, -0.5329211676192022, 0.7586691677091655, 0.6284424188897553, -0.22219627339857093, -0.22863979760098652, 0.7487868718792082, -0.01789518482258771, -0.10661419701542284, 0.47003195600394554, -0.6068231912109964, -0.6695319549343118, 0.006720036913226579, -0.6695166174927729, -0.21766948627084035, -0.8290412314165718, -0.13557198769013568, -0.6376655311951805, 0.28612743783136185, -0.5278163509010577, -0.39993784115528236, -0.6740388612493226, 0.20110828004860942, 0.11182902264749706, 0.7835799085108656, -0.5294758501372744, 0.9381892350746451, 0.25501437210592703, 0.9246575407228723, 0.10626604998968897]
1219.8747365900226	(8, 12, 2)	[-0.8617680577760977, -0.9799913329897507, -0.7089748733692361, 0.898108361376776, 0.19537187750756707, -0.11099080694319928, 0.7621852980051269, -0.44670966107554116, -0.1622179777846257, -0.17474395205613374, 0.4390252047325064, 0.9656979896605062, 0.33683416328726307, 0.47641729038344627, 0.8256033292362883, 0.6982378289107598, 0.8152622784422424, 0.7031348762743245, -0.62564684838766, 0.3559161223353626, -0.030522319457412708, 0.06430950897378722, 0.6801427604145435, 0.8311372795291038, 0.19334318442655604, -0.9940390186721066, 0.009510426179412307, 0.70796257328256, -0.49460083990542, 0.6557594086902515, 0.02744183839462992, -0.0801691869593468, -0.10597767566614141, -0.024634650431953953, 0.04803926027943145, -0.1275484689576588, -0.1303162104956295, 0.7668782624967283, -0.6425851267919451, 1.1573407797517192, 0.33534812925839474, 0.383889221041217, 0.12035884302336, 0.6255279528486113, -0.6775802942755672, -0.573339066829763, 0.3092751085686546, 0.15503459209957265, 0.9487536837132635, -0.1343959573115193, 0.2119499558763739, 0.11243604530363321, 0.968559973110468, -0.3017315824878626, 0.2704223933907123, 0.01368809796457085, 0.1478967176837312, -0.6540380862143393, 0.8077729722867343, -0.6202640176923802, 0.03544936628994346, -0.18126928417481464, -0.8870179135189314, 0.23089005181948852, -0.20149366912516903, 0.8436407470002516, 0.38565279826561305, -0.10658340519860973, 0.6852693083739873, 0.20747686032481852, 0.8830350034041928, -0.018639222023700646, -0.31314154956623697, -0.6289733781875565, -0.14163054400917385, -0.24501509607761168, -0.2571098347354481, 0.09521557261579389, 0.5371701948995516, -0.45926083457004996, -0.6898509786414185, -0.7236022504116109, 0.6580528993976443, 0.576469203594898, 0.3139093055489415, -0.42587644548203557, 0.03764463360892351, -0.7493419408432738, -0.3373772259624013, 0.32355064691674884, 0.5255412049904952, -0.6655938562354269, 0.7585203985300251, 0.635913335304069, -0.2230478832307965, 0.38360314548096613, 0.7481573143297012, 0.1254341060531955, -0.10891292691400865, 0.47758392377856723, -0.6188165863476597, -0.674929649986092, 0.031142915683440145, -0.6519157745383384, -0.2176267480404808, -0.8365818506746634, -0.12387934877654191, -0.6540509262246181, 0.46423367434712726, -0.7328731480779218, -0.40263630283519564, -0.6705060143267924, 0.2527887518790384, -0.3874980483850715, 0.7835401344985283, -0.4497423469858827, 0.9493154735875303, 0.27450877366678733, 1.0006279194791206, 0.04282018139507146]
1237.4141351046387	(8, 12, 2)	[-0.8617680577760977, -0.9799913329897507, -0.7089748733692361, 0.898108361376776, 0.19537187750756707, -0.11099080694319928, 0.7621852980051269, -0.4318118055246237, -0.1622179777846257, -0.17474395205613374, 0.4390252047325064, 0.9656979896605062, 0.33683416328726307, 0.47641729038344627, 0.8256033292362883, 0.6982378289107598, 0.8152622784422424, 0.7031348762743245, -0.62564684838766, 0.3559161223353626, -0.030522319457412708, 0.06430950897378722, 0.6801427604145435, 0.8311372795291038, 0.19334318442655604, -0.9305550182781892, 0.009510426179412307, 0.70796257328256, -0.49460083990542, 0.6557594086902515, 0.02744183839462992, -0.0801691869593468, -0.10597767566614141, -0.024634650431953953, 0.04803926027943145, -0.1275484689576588, -0.1303162104956295, 0.7668782624967283, -0.6425851267919451, 1.1573407797517192, 0.33534812925839474, 0.383889221041217, 0.12035884302336, 0.6255279528486113, -0.6775802942755672, -0.573339066829763, 0.3092751085686546, 0.15503459209957265, 0.9487536837132635, -0.1343959573115193, 0.2119499558763739, 0.11243604530363321, 0.968559973110468, -0.3017315824878626, 0.2704223933907123, 0.01368809796457085, 0.1478967176837312, -0.6540380862143393, 0.8077729722867343, -0.6202640176923802, 0.03544936628994346, -0.18126928417481464, -0.8870179135189314, 0.23089005181948852, -0.20149366912516903, 0.8436407470002516, 0.38565279826561305, -0.10658340519860973, 0.6852693083739873, 0.20747686032481852, 0.8830350034041928, -0.018639222023700646, -0.31314154956623697, -0.6289733781875565, -0.14163054400917385, -0.24501509607761168, -0.2571098347354481, 0.09521557261579389, 0.5371701948995516, -0.45926083457004996, -0.6898509786414185, -0.7236022504116109, 0.6580528993976443, 0.576469203594898, 0.3139093055489415, -0.42587644548203557, 0.03764463360892351, -0.7493419408432738, -0.3373772259624013, 0.32355064691674884, 0.5255412049904952, -0.6655938562354269, 0.7585203985300251, 0.635913335304069, -0.2230478832307965, 0.38360314548096613, 0.7481573143297012, 0.1254341060531955, -0.10891292691400865, 0.47758392377856723, -0.6188165863476597, -0.674929649986092, 0.031142915683440145, -0.6519157745383384, -0.2176267480404808, -0.8365818506746634, -0.12387934877654191, -0.6540509262246181, 0.46423367434712726, -0.7328731480779218, -0.40263630283519564, -0.6705060143267924, 0.2527887518790384, -0.3874980483850715, 0.7835401344985283, -0.4497423469858827, 0.9493154735875303, 0.27450877366678733, 1.0006279194791206, 0.04282018139507146]
824.5515325781236	(8, 12, 2)	[-0.8617680577760977, -0.9799913329897507, -0.7089748733692361, 0.898108361376776, 0.19537187750756707, -0.11099080694319928, 0.7621852980051269, -0.43113947196944136, -0.1622179777846257, -0.17474395205613374, 0.4390252047325064, 0.9656979896605062, 0.33683416328726307, 0.47641729038344627, 0.8256033292362883, 0.6982378289107598, 0.8152622784422424, 0.7031348762743245, -0.62564684838766, 0.3559161223353626, -0.030522319457412708, 0.06430950897378722, 0.6801427604145435, 0.8311372795291038, 0.19334318442655604, -0.9975604827155148, 0.009510426179412307, 0.70796257328256, -0.49460083990542, 0.6557594086902515, 0.02744183839462992, -0.0801691869593468, -0.10597767566614141, -0.024634650431953953, 0.04803926027943145, -0.1275484689576588, -0.1303162104956295, 0.7668782624967283, -0.6425851267919451, 1.1573407797517192, 0.33534812925839474, 0.383889221041217, 0.12035884302336, 0.6255279528486113, -0.6775802942755672, -0.573339066829763, 0.3092751085686546, 0.15503459209957265, 0.9487536837132635, -0.1343959573115193, 0.2119499558763739, 0.11243604530363321, 0.968559973110468, -0.3017315824878626, 0.2704223933907123, 0.01368809796457085, 0.1478967176837312, -0.6540380862143393, 0.8077729722867343, -0.6202640176923802, 0.03544936628994346, -0.18126928417481464, -0.8870179135189314, 0.23089005181948852, -0.20149366912516903, 0.8436407470002516, 0.38565279826561305, -0.10658340519860973, 0.6852693083739873, 0.20747686032481852, 0.8830350034041928, -0.018639222023700646, -0.31314154956623697, -0.6289733781875565, -0.14163054400917385, -0.24501509607761168, -0.2571098347354481, 0.09521557261579389, 0.5371701948995516, -0.45926083457004996, -0.6898509786414185, -0.7236022504116109, 0.6580528993976443, 0.576469203594898, 0.3139093055489415, -0.42587644548203557, 0.03764463360892351, -0.7493419408432738, -0.3373772259624013, 0.32355064691674884, 0.5255412049904952, -0.6655938562354269, 0.7585203985300251, 0.635913335304069, -0.2230478832307965, 0.38360314548096613, 0.7481573143297012, 0.1254341060531955, -0.10891292691400865, 0.47758392377856723, -0.6188165863476597, -0.674929649986092, 0.031142915683440145, -0.6519157745383384, -0.2176267480404808, -0.8365818506746634, -0.12387934877654191, -0.6540509262246181, 0.46423367434712726, -0.7328731480779218, -0.40263630283519564, -0.6705060143267924, 0.2527887518790384, -0.3874980483850715, 0.7835401344985283, -0.4497423469858827, 0.9493154735875303, 0.27450877366678733, 1.0006279194791206, 0.04282018139507146]
771.052195581363	(8, 12, 2)	[-0.8621402341452269, -0.9525472466762943, -0.697803825759805, 0.8739274151516644, 0.2023510943737032, -0.11095279393468747, 0.7587751548325925, -0.3918944652046343, -0.17260374079460414, -0.15866756974842705, 0.4373908359559188, 0.9666603796992118, 0.325378813413115, 0.4745024249612774, 0.7102763509104891, 0.6754091257882793, 0.8156648584733744, 0.7129233777924223, -0.473718564982012, 0.4968970774360162, -0.03196827937227115, 0.05342107819022907, 0.6796745780702439, 0.8798377624853873, 0.3009025558678094, -0.9512614893470362, -0.07784724057567266, 0.7074185881400565, -0.4934299377840481, 0.6557467848247768, 0.030328885529392127, -0.05989389852249649, -0.10810433223902137, -0.05437249910299554, -0.048155179471928364, -0.1169525995121848, -0.13041387601000654, 0.7447740015998526, -0.5803124632808889, 1.1194559226380771, 0.3310736728205695, 0.38363186147551254, 0.1200798397925682, 0.6076258953490116, -0.6605423694391918, -0.5765234867904561, 0.29952074920392247, 0.15481027929051266, 0.9582949185303494, -0.15081460369208827, 0.218270732783903, 0.11316436722599774, 0.9686562621971821, -0.3359817192915346, 0.24947504202526566, 0.017179118531388413, 0.1479229926598085, -0.5023707039112719, 0.8119778805645103, -0.615160443064612, 0.03499864609194685, -0.18125358071210473, -0.8871096733790691, 0.35867977230499404, -0.19571739837387123, 0.8438380125385502, 0.25264226392618966, -0.10929729498691498, 0.6691512242833451, 0.20875870528992735, 0.8823584267341453, -0.031186119977472827, -0.2940186606572921, -0.6547221531504953, 0.4778170179711239, -0.21925331566850387, -0.2570868434704527, 0.0953893859117601, 0.5293863538325577, -0.6439953449698693, -0.7295627687303048, -0.7238408554307715, 0.636286994947441, 0.5766698114914357, 0.3095184646422521, -0.43963608770365564, 0.04685616315675311, -0.7541529642110738, -0.3352063150120216, 0.23867925306335128, 0.5243323155149748, -0.6931271809324633, 0.7585300997459722, 0.6281110836820637, -0.22288935890282302, -0.36217626114570634, 0.7482140719647239, 0.09123449657140685, -0.1090646656962809, 0.4683420325577735, -0.6115081888633065, -0.6732338534573761, 0.02082601363125625, -0.6652035069096017, -0.2176481819590237, -0.8298050929571607, -0.13270224388875726, -0.6462533636150332, 0.24717963193204928, -0.5875185829967254, -0.3996081457437956, -0.673832042410228, 0.21360975099610888, -0.15759133938729925, 0.7835465788832561, -0.5360856423533469, 0.9410571347741504, 0.25522810389237477, 0.9173076342660617, 0.047068006351767375]
575.9515622152342	(8, 12, 2)	[-0.8126127017834135, -0.8978403718034433, -0.7239354775161123, 1.0378559619570238, 0.4590372259375012, -0.11080102977604576, 0.8149311763452591, -0.24136919637324944, -0.16214292034105887, -0.10869334075324638, 0.43150440731145584, 1.025974832944877, 0.33764202757498385, 0.46828587983566117, 0.742134726932525, 0.6710536807012755, 0.7458477419169387, 0.7659314595246841, -0.5701361521702604, 0.45480743325415, -0.02509481871821923, 0.30166499658993945, 0.8439587048835633, 0.8862105726915568, 0.3905575905839889, -0.9823542568944843, -0.15605097378124683, 0.693896506064686, -0.49434122033541594, 0.6588505202189968, 0.056486600659709105, -0.27246429803180267, -0.27499574338912985, -0.2220880027798437, -0.07205089281533722, -0.11521685003591123, -0.13019476936937627, 0.8984842410355646, -0.5437814126123763, 0.3964502906759939, 0.3588538709852917, 0.6197009570161529, 0.1151584663448427, 0.6345117829097887, -0.6805037701463783, -0.6241277023634939, -0.021740281410939533, 0.12866334366540744, 0.6890810948604624, -0.0794441423353724, 0.21252367139831035, 0.10964192727875241, 0.846933482895712, -0.13938804520050135, 0.2576745356966819, 0.1595037798097269, 0.14793670726959954, 0.6674893376201054, 0.8386842312610896, -0.8581268638981416, -0.019367176417002092, -0.13312824449194002, -0.9328293998493079, 0.4306045663163721, -0.21800910691424258, 0.8911557506941095, 0.38688899904323837, -0.1444740269829515, 0.6824622040930707, 1.2114260793572518, 0.8855759226944184, 0.378415602246947, -0.6353984187619345, -0.7566836396110446, 0.541084136274328, -0.08799407514167812, -0.22725114207646605, 0.09538487921293758, 0.6842856659207156, -0.6298444161932701, -0.6365359852836368, -0.7696481666106625, 0.7349690941582491, 0.5801419084997321, 0.30002932752030004, -0.42248649257547105, 0.06100093985571549, -0.9778483319431692, -0.6980691924632985, 0.4198827357600641, 0.5628262332911308, -0.8543921687638096, 0.3275974467919967, 0.5914178861375895, -0.3021078664770763, -0.12502117277436148, 0.7578120792847014, 0.14237008242402147, -0.05905356517932582, 0.44956558260601415, -0.5923605220924959, -0.6796751269363118, 0.026936210382592852, -0.6519969024612156, -0.24626133904994155, -0.8108746093588036, -0.20374426034382054, -0.6802185345213496, 0.36164126293345744, -0.45330871099551545, -0.36573072241824667, -0.7513110608968472, 0.17539205948121556, 0.026625771237221818, 0.7873104839900521, -0.3452947364178939, 0.9545565921717107, -0.2824344268137824, 0.8848979315087656, 0.012252816971540858]
828.624893052651	(8, 12, 2)	[-0.8525155899403912, -0.9855868563109069, -0.7158882823500885, 0.969616634540055, 0.20133350804968103, -0.1130205483494083, 0.7717719691144984, -0.30600651781725796, -0.06574858220673105, -0.1400810854843655, 0.41866709988485323, 1.1003808097895404, 0.33708036691216237, 0.4636531950961604, 0.799845273169509, 0.645679704492324, 0.800803174004681, 0.7902948146693979, -0.661091840408397, 0.3453269154611555, -0.025567865303669994, 0.07699857268086648, 0.6876335984225852, 0.8756170339536435, 0.36213790498247755, -0.9666112528392328, -0.029868581711954098, 0.7159726662872807, -0.4863837446297668, 0.6533783586573766, 0.02746852401999981, -0.03305462020461042, -0.11959724381106768, -0.13684835207299587, -0.008042620815525231, -0.19678664714647112, -0.13018637346432455, 0.8393815688532315, -0.589435226499958, 0.8946154150384936, 0.3418375100895, 0.4368130162612559, 0.10287408977287238, 0.6150383310604733, -0.7034322309140806, -0.6570147359707428, -0.05831763488490954, 0.14537497311806682, 0.9476555578575232, -0.12151351224143743, 0.25028408497790494, 0.10947834956803601, 0.9593618931626693, -0.38405521749479754, 0.25754675414142203, 0.041628642564590645, 0.1595606647243432, -0.35637044590139827, 0.8483011051369278, -0.572296693582069, -0.019114944716708247, -0.1655911929070642, -0.9436651408887112, 0.2664148176404106, -0.19828582434174652, 0.8481775397181552, 0.5545937759558337, -0.11329811880725357, 0.6833658483596071, 0.4549078646443552, 0.8962561368933635, 0.0598661165707262, -0.1071155401344086, -0.6306354309179545, -0.024814702738445236, -0.1468237680708871, -0.287393780163048, 0.07487346625541605, 0.7667960296595481, -0.5836601356000052, -0.5777822541399308, -0.7659177030959355, 0.6351243734761026, 0.5747986784501241, 0.27089890510498854, -0.42679187889976716, 0.03482283146630041, -0.953161116904859, -0.3612901537666611, -0.4558136461409915, 0.5178006805241278, -0.7082819774519693, 0.46781747038700483, 0.65660449925374, -0.24427111833434087, 0.3726133102825706, 0.7432255562776611, 0.06661153682042185, -0.11833731428750024, 0.46622479087115043, -0.5900037918742359, -0.703640896363308, 0.02294813686134953, -0.6300283982116177, -0.15286129144536112, -0.8261824969630959, -0.21502883070579545, -0.6643141817469752, 0.6022997208316014, -0.312401595147361, -0.3429864367434554, -0.7154030365212336, 0.25019168374783973, -0.15488253630605575, 0.7856678124910946, -0.4439717189611571, 0.9597787452620364, -0.1371097231937213, 0.9403318550935059, 0.08635902272456561]
781.8654397168048	(8, 12, 2)	[-0.8590290465732309, -0.9300613653158165, -0.7131954735052529, 0.999938697507405, 0.21236498377089014, -0.11068554735064644, 0.7629250529121243, -0.30783354500374827, -0.12470818252203536, -0.14993367321228288, 0.43723156387410095, 0.9466057712356055, 0.33695827533256834, 0.4635769232505905, 0.7946978555703208, 0.6962501266387525, 0.7765310042602098, 0.798570703370289, -0.6259979716981464, 0.35624913472146813, -0.030524330020656097, 0.05470816944783646, 0.696568878405956, 0.8715490584398511, 0.29596295587541654, -0.9768149320625199, -0.1244257014898019, 0.6983471909770257, -0.49347339389094175, 0.6552061456941166, 0.02821616931722878, -0.10043428865757109, -0.22793548947833164, -0.13495076612439244, -0.006993565588163381, -0.10781810423777573, -0.13021571721903272, 0.8607934804295324, -0.6238124575004081, 0.9737241844952699, 0.35088769824728444, 0.43877927146773316, 0.11680477443392162, 0.633225656721901, -0.6849189884229583, -0.5841139544076387, 0.20117057901340413, 0.13007511544493744, 0.9505182819709571, -0.12104442294572114, 0.24837843088255834, 0.10939899866548784, 0.97456932914473, -0.3542096388067745, 0.25892295310357577, 0.09574689683058661, 0.1556811748890315, -0.7305463291812314, 0.8278515619879605, -0.9436284059910268, -0.01926906507042415, -0.16232427576830213, -0.9458880929279134, 0.4087124772556885, -0.21688551711485726, 0.8541465672332706, 0.5793714089864791, -0.13184752107051761, 0.6839697167315069, 0.7740361898111269, 0.9493112426070673, -0.058994210287855564, -0.041196232113967446, -0.6312703045265169, -0.031986530899085416, -0.17670908404618046, -0.27379885194584264, 0.07555869006653095, 0.67902975372029, -0.5091178238463334, -0.6420008850241821, -0.7324683794502092, 0.6654847825462828, 0.5755893325903819, 0.29449145927950254, -0.4265811093176942, 0.05886870146138949, -0.9850933169904289, -0.3844634466472353, 0.27610584342958, 0.5152362516983208, -0.7024175564248347, 0.8149409592054255, 0.6091029951328895, -0.2319929129213054, 0.3674514716014492, 0.7455173438920535, 0.04912572322680286, -0.05213365589084315, 0.4538693275835887, -0.618964618832617, -0.6944179664127461, 0.023221316694287408, -0.6329091600335114, -0.23323226985192078, -0.8388938416124361, -0.21319542575038564, -0.6645589013360192, 0.5728864853790914, -0.6743071109204148, -0.34488540552195696, -0.6822471925652118, 0.22039515738825333, -0.208649306607123, 0.7873711831132485, -0.43205949885251044, 0.950015313363068, -0.18314495298152705, 0.9280405700959716, 0.013179726153319268]
943.5004265421043	(8, 12, 2)	[-0.8617680577760977, -0.9799913329897507, -0.6926259089397147, 0.898108361376776, 0.19537187750756707, -0.11099080694319928, 0.7621852980051269, -0.43113947196944136, -0.1622179777846257, -0.17474395205613374, 0.4390252047325064, 0.9656979896605062, 0.33683416328726307, 0.47641729038344627, 0.8256033292362883, 0.6982378289107598, 0.8152622784422424, 0.7031348762743245, -0.62564684838766, 0.3559161223353626, -0.030522319457412708, 0.06430950897378722, 0.6801427604145435, 0.8311372795291038, 0.19334318442655604, -1.199173346724478, 0.009510426179412307, 0.70796257328256, -0.49460083990542, 0.6557594086902515, 0.02744183839462992, -0.0801691869593468, -0.10597767566614141, -0.024634650431953953, 0.04803926027943145, -0.1275484689576588, -0.1303162104956295, 0.7668782624967283, -0.6425851267919451, 1.1573407797517192, 0.33534812925839474, 0.383889221041217, 0.12035884302336, 0.6255279528486113, -0.6775802942755672, -0.573339066829763, 0.3092751085686546, 0.15503459209957265, 0.9487536837132635, -0.1343959573115193, 0.2119499558763739, 0.11243604530363321, 0.968559973110468, -0.3017315824878626, 0.2704223933907123, 0.01368809796457085, 0.1478967176837312, -0.6540380862143393, 0.8077729722867343, -0.6202640176923802, 0.03544936628994346, -0.18126928417481464, -0.8870179135189314, 0.23089005181948852, -0.20149366912516903, 0.8436407470002516, 0.40017447375825504, -0.10658340519860973, 0.6852693083739873, 0.20747686032481852, 0.8830350034041928, -0.018639222023700646, -0.31314154956623697, -0.6289733781875565, -0.14163054400917385, -0.24501509607761168, -0.2571098347354481, 0.09521557261579389, 0.5371701948995516, -0.45926083457004996, -0.6898509786414185, -0.7236022504116109, 0.6580528993976443, 0.576469203594898, 0.3139093055489415, -0.42587644548203557, 0.03764463360892351, -0.7493419408432738, -0.3373772259624013, 0.32355064691674884, 0.5255412049904952, -0.6655938562354269, 0.7585203985300251, 0.635913335304069, -0.2230478832307965, 0.38360314548096613, 0.7481573143297012, 0.1254341060531955, -0.10891292691400865, 0.47758392377856723, -0.6188165863476597, -0.674929649986092, -0.10541528859236589, -0.6519157745383384, -0.2176267480404808, -0.8365818506746634, -0.12387934877654191, -0.6430825898483108, 0.46423367434712726, -0.7328731480779218, -0.40263630283519564, -0.6705060143267924, 0.2527887518790384, -0.3874980483850715, 0.7835401344985283, -0.4497423469858827, 0.9493154735875303, 0.27450877366678733, 1.0006279194791206, 0.04282018139507146]
888.290177707437	(8, 12, 2)	[-0.8552479571815963, -0.9278543025772745, -0.7133969358641717, 0.9029883057050367, 0.20498088053542554, -0.11129048815345277, 0.7833811967204929, -0.3883963724031606, -0.20469273763988852, -0.14166850120212132, 0.4303046008652932, 1.075671742074335, 0.33914405466069225, 0.47330482145747804, 0.7684207025531589, 0.6250333677292566, 0.8105480612889843, 0.7941097454271726, -0.20155683471750874, 0.333166961041235, -0.025377007177124565, 0.10285260989005787, 0.690713627368333, 0.877078480811597, 0.3623932523917337, -0.9542996534950571, -0.0645454949193719, 0.7127258327137057, -0.4890085841288378, 0.6393134035321258, 0.03623325396496603, -0.03759165030224719, -0.10317597328200152, -0.09324186313669551, -0.0336471191337163, -0.10513643918583838, -0.13026946458167407, 0.8136418417326636, -0.5827982524149331, 0.9818870625871958, 0.33989843212088483, 0.43881302068626493, 0.1054269555270624, 0.6170763774492377, -0.6856323696881103, -0.6370298493000094, -0.02810285640931813, 0.14859356756662423, 0.9400220029698878, -0.07134244810046785, 0.21821327350750863, 0.11078104611810027, 0.9558770780899167, -0.37843876449580843, 0.26152954200762124, 0.03197484306818278, 0.1579812520810299, -0.5770119199626308, 0.8447296335781553, -0.5820626697395097, 0.011234331963018089, -0.17145846276554846, -0.9286009826133049, 0.47711866253285184, -0.20375729301668966, 0.8470076511035214, 0.5648912900262819, -0.22133684132625667, 0.6721716279219625, 0.5878230790927251, 0.8832728609437471, 0.11735638461408285, -0.22347077298169785, -0.6505044329202138, 0.17013396320529675, -0.20934622464911842, -0.2819012906008588, 0.07370790997901457, 0.7421515350157781, -0.6392274576701565, -0.6414382416187745, -0.7666649885746069, 0.6699894578188411, 0.5308747188688573, 0.28124443852658954, -0.4317856805478398, 0.05383825311361338, -0.8627402873535477, -0.3324463514045675, 0.12322470636326077, 0.5305146887015363, -0.7136298098474012, 0.8390202074157538, 0.6471639890703259, -0.22244191681950207, -0.353780110372037, 0.7427797928624976, 0.0797762775656265, -0.11412881578619331, 0.46140642550063976, -0.6010290611940592, -0.6959021102330707, 0.021149176171406985, -0.6679496892786798, -0.20065857613395663, -0.8290799517888551, -0.16598162497760408, -0.6613106666351758, 0.5216218562696772, -0.4513929422345573, -0.35568249310151057, -0.7189355938656108, 0.240442500202839, -0.08243607973169638, 0.7846012252508552, -0.48295260689502506, 0.9516173680783017, -0.032715563691584834, 0.9341471885414733, 0.08206266955215459]
1117.5469051857785	(8, 12, 2)	[-0.8617680577760977, -0.9799913329897507, -0.7089748733692361, 0.898108361376776, 0.19537187750756707, -0.11099080694319928, 0.7621852980051269, -0.43113947196944136, -0.1622179777846257, -0.17474395205613374, 0.4390252047325064, 0.9656979896605062, 0.33683416328726307, 0.47641729038344627, 0.8256033292362883, 0.6982378289107598, 0.8152622784422424, 0.7031348762743245, -0.62564684838766, 0.3559161223353626, -0.030522319457412708, 0.06430950897378722, 0.6801427604145435, 0.8311372795291038, 0.19334318442655604, -1.199173346724478, 0.009510426179412307, 0.70796257328256, -0.49460083990542, 0.6557594086902515, 0.02744183839462992, -0.0801691869593468, -0.10597767566614141, -0.024634650431953953, 0.04803926027943145, -0.1275484689576588, -0.1303162104956295, 0.7668782624967283, -0.6425851267919451, 1.1573407797517192, 0.33534812925839474, 0.383889221041217, 0.12035884302336, 0.6255279528486113, -0.6775802942755672, -0.573339066829763, 0.3092751085686546, 0.15503459209957265, 0.9487536837132635, -0.1343959573115193, 0.2119499558763739, 0.11243604530363321, 0.968559973110468, -0.3017315824878626, 0.2704223933907123, 0.01368809796457085, 0.1478967176837312, -0.6540380862143393, 0.780519285357064, -0.6202640176923802, 0.03544936628994346, -0.18126928417481464, -0.8870179135189314, 0.23089005181948852, -0.20149366912516903, 0.8436407470002516, 0.38565279826561305, -0.10658340519860973, 0.6852693083739873, 0.20747686032481852, 0.8830350034041928, -0.018639222023700646, -0.31314154956623697, -0.6289733781875565, -0.14163054400917385, -0.24501509607761168, -0.2571098347354481, 0.09521557261579389, 0.5371701948995516, -0.45926083457004996, -0.6898509786414185, -0.7236022504116109, 0.6580528993976443, 0.576469203594898, 0.3139093055489415, -0.42587644548203557, 0.03764463360892351, -0.7493419408432738, -0.3373772259624013, 0.32355064691674884, 0.5255412049904952, -0.6655938562354269, 0.7585203985300251, 0.635913335304069, -0.2230478832307965, 0.38360314548096613, 0.7481573143297012, 0.1254341060531955, -0.10891292691400865, 0.47758392377856723, -0.6188165863476597, -0.674929649986092, 0.031142915683440145, -0.6519157745383384, -0.2176267480404808, -0.8365818506746634, -0.12387934877654191, -0.6540509262246181, 0.46423367434712726, -0.7328731480779218, -0.40263630283519564, -0.6705060143267924, 0.2527887518790384, -0.3874980483850715, 0.7835401344985283, -0.4497423469858827, 0.9493154735875303, 0.27450877366678733, 1.0006279194791206, 0.04282018139507146]
732.4960370678659	(8, 12, 2)	[-0.8552479571815963, -0.9278543025772745, -0.7133969358641717, 0.9029883057050367, 0.20498088053542554, -0.11129048815345277, 0.7833811967204929, -0.3883963724031606, -0.20469273763988852, -0.14166850120212132, 0.4303046008652932, 1.075671742074335, 0.33914405466069225, 0.47330482145747804, 0.7684207025531589, 0.6250333677292566, 0.8105480612889843, 0.7941097454271726, -0.20155683471750874, 0.333166961041235, -0.10492388887654641, 0.10285260989005787, 0.690713627368333, 0.877078480811597, 0.3623932523917337, -0.9542996534950571, -0.0645454949193719, 0.7127258327137057, -0.4890085841288378, 0.6393134035321258, 0.03623325396496603, -0.03759165030224719, -0.10317597328200152, -0.09324186313669551, -0.0336471191337163, -0.10513643918583838, -0.13026946458167407, 0.8136418417326636, -0.5827982524149331, 0.9818870625871958, 0.33989843212088483, 0.43881302068626493, 0.1054269555270624, 0.6170763774492377, -0.6856323696881103, -0.6370298493000094, -0.02810285640931813, 0.14859356756662423, 0.9400220029698878, -0.07134244810046785, 0.21821327350750863, 0.11078104611810027, 0.9558770780899167, -0.37843876449580843, 0.26152954200762124, 0.03197484306818278, 0.1579812520810299, -0.5770119199626308, 0.8447296335781553, -0.5820626697395097, 0.011234331963018089, -0.17145846276554846, -0.9286009826133049, 0.47711866253285184, -0.20375729301668966, 0.8470076511035214, 0.5648912900262819, -0.22133684132625667, 0.6721716279219625, 0.5878230790927251, 0.8832728609437471, 0.11735638461408285, -0.22347077298169785, -0.6505044329202138, 0.17013396320529675, -0.20934622464911842, -0.2819012906008588, 0.07370790997901457, 0.7421515350157781, -0.6392274576701565, -0.6414382416187745, -0.7666649885746069, 0.6699894578188411, 0.5308747188688573, 0.28124443852658954, -0.4317856805478398, 0.05383825311361338, -0.8627402873535477, -0.3324463514045675, 0.12322470636326077, 0.5305146887015363, -0.7136298098474012, 0.8390202074157538, 0.6471639890703259, -0.22244191681950207, -0.353780110372037, 0.7427797928624976, 0.0797762775656265, -0.11412881578619331, 0.46140642550063976, -0.6010290611940592, -0.6959021102330707, 0.021149176171406985, -0.6679496892786798, -0.20065857613395663, -0.8290799517888551, -0.16598162497760408, -0.6613106666351758, 0.5216218562696772, -0.4513929422345573, -0.35568249310151057, -0.7189355938656108, 0.240442500202839, -0.08243607973169638, 0.7846012252508552, -0.48295260689502506, 0.9516173680783017, -0.032715563691584834, 0.9341471885414733, 0.08206266955215459]
798.8358403931022	(8, 12, 2)	[-0.8566330211827857, -0.9453606516138767, -0.7115871318926121, 0.9336993460383236, 0.19264866932761637, -0.11129755543389433, 0.760898063453558, -0.29400452421428025, -0.07573687879554462, -0.13375804706941694, 0.43899085863101844, 1.001830600508509, 0.33685329188083346, 0.4783998168217296, 0.8032183771530734, 0.698697163452195, 0.8051830650189445, 0.7021454832992773, -0.6257533459714909, 0.3551526272752462, -0.02873148737502711, 0.06611640088938589, 0.6917556770759471, 0.8304559994989369, 0.2823374138423267, -1.1840038218582372, -0.024065894014068823, 0.7137540050018764, -0.4946171906622319, 0.6575726443349784, 0.027521627602618653, 0.02672057450616319, -0.15508381427444612, -0.03403381635951641, 0.015506565508419053, -0.11209415667533909, -0.1303206541776599, 0.8238674383822938, -0.6263425389429266, 0.9990137793547222, 0.3400081921069423, 0.3898366765706132, 0.11345670075378758, 0.62369425770626, -0.6886168335517127, -0.57588050346136, 0.20891919480946944, 0.13931466095128492, 0.9466645798175289, -0.1274555899043025, 0.20851268701639752, 0.11043856380651423, 0.9504789229098252, -0.2959499310441622, 0.2663229925360012, 0.029150070812806947, 0.14964402728379209, 0.17182960957605498, 0.7747418883734839, -0.5983111716953696, 0.03846270431024855, -0.1696320905292899, -0.8932999860637895, 0.21409028719888765, -0.20047207489714233, 0.8444269123162526, 0.4079642960981917, -0.11004791267361888, 0.6855372806615357, 0.7268267424815332, 0.879571989809074, 0.00713556044633349, -0.31462133928433456, -0.6320966010440655, -0.05139735075085933, -0.21995081859806773, -0.2551650562861392, 0.12087734898827385, 0.617787802932336, -0.6080753741181598, -0.619643833996829, -0.7603647908423646, 0.6496176609547183, 0.5766392603818763, 0.3003484031474747, -0.615120222591901, 0.051586216321623746, -0.828752221339907, -0.38562970032241, 0.13100941293660118, 0.5277368596894729, -0.7117902193994284, 0.6424932947135751, 0.6353370682079952, -0.2426447460749142, -0.20622026636444973, 0.7428090799715634, -0.0009645867029484528, -0.08217770514407946, 0.4508249045502598, -0.5984237579130138, -0.6701339456198121, 0.025850445455920936, -0.6414061144020163, -0.14575236583594758, -0.8341530088657344, -0.16952267665125914, -0.6648112844709613, 0.48469655415314833, -0.7771614918267522, -0.3673830728965578, -0.6698284396580845, 0.24323992083147652, -0.22911694833366286, 0.7861446196300723, -0.4576298991174575, 0.9585697808992181, 0.10436159581817911, 1.0163707552746206, 0.0970295304160281]
873.3567683828	(8, 12, 2)	[-0.8617680577760977, -0.9799913329897507, -0.7089748733692361, 0.898108361376776, 0.19537187750756707, -0.11099080694319928, 0.7621852980051269, -0.43113947196944136, -0.1622179777846257, -0.17474395205613374, 0.4390252047325064, 0.9656979896605062, 0.33683416328726307, 0.47641729038344627, 0.8256033292362883, 0.6982378289107598, 0.8152622784422424, 0.7031348762743245, -0.62564684838766, 0.3559161223353626, -0.030522319457412708, 0.06430950897378722, 0.6801427604145435, 0.8311372795291038, 0.19334318442655604, -1.199173346724478, 0.009510426179412307, 0.70796257328256, -0.49460083990542, 0.6557594086902515, 0.02744183839462992, -0.0801691869593468, -0.10597767566614141, -0.024634650431953953, 0.04803926027943145, -0.1275484689576588, -0.1303162104956295, 0.7668782624967283, -0.6425851267919451, 1.1573407797517192, 0.33534812925839474, 0.383889221041217, 0.12035884302336, 0.6255279528486113, -0.6775802942755672, -0.573339066829763, 0.3092751085686546, 0.15503459209957265, 0.9487536837132635, -0.1343959573115193, 0.2119499558763739, 0.11243604530363321, 0.968559973110468, -0.3017315824878626, 0.2704223933907123, 0.01368809796457085, 0.1478967176837312, -0.6540380862143393, 0.780519285357064, -0.6202640176923802, 0.03544936628994346, -0.18126928417481464, -0.8870179135189314, 0.23089005181948852, -0.20149366912516903, 0.8436407470002516, 0.38565279826561305, -0.10658340519860973, 0.6852693083739873, 0.20747686032481852, 0.8830350034041928, -0.018639222023700646, -0.31314154956623697, -0.6289733781875565, -0.14163054400917385, -0.24501509607761168, -0.2571098347354481, 0.09521557261579389, 0.5371701948995516, -0.45926083457004996, -0.6898509786414185, -0.7236022504116109, 0.6580528993976443, 0.576469203594898, 0.3139093055489415, -0.42587644548203557, 0.03764463360892351, -0.7493419408432738, -0.3373772259624013, 0.32355064691674884, 0.5255412049904952, -0.6655938562354269, 0.7585203985300251, 0.635913335304069, -0.2230478832307965, 0.38360314548096613, 0.7481573143297012, 0.1254341060531955, -0.10891292691400865, 0.47758392377856723, -0.6188165863476597, -0.674929649986092, 0.031142915683440145, -0.6519157745383384, -0.2176267480404808, -0.8365818506746634, -0.12387934877654191, -0.6540509262246181, 0.46423367434712726, -0.7328731480779218, -0.3865467105898173, -0.6705060143267924, 0.2527887518790384, -0.3874980483850715, 0.7835401344985283, -0.4497423469858827, 0.9493154735875303, 0.27450877366678733, 1.0006279194791206, 0.04282018139507146]
1146.8285612651273	(8, 12, 2)	[-0.8617680577760977, -0.9799913329897507, -0.7089748733692361, 0.898108361376776, 0.19537187750756707, -0.1171330934706121, 0.7621852980051269, -0.43113947196944136, -0.1622179777846257, -0.17474395205613374, 0.4390252047325064, 0.9656979896605062, 0.33683416328726307, 0.47641729038344627, 0.8256033292362883, 0.6982378289107598, 0.8152622784422424, 0.7031348762743245, -0.62564684838766, 0.3559161223353626, -0.030522319457412708, 0.06430950897378722, 0.6801427604145435, 0.8311372795291038, 0.19334318442655604, -1.199173346724478, 0.009510426179412307, 0.70796257328256, -0.49460083990542, 0.6557594086902515, 0.02744183839462992, -0.0801691869593468, -0.10597767566614141, -0.024634650431953953, 0.04803926027943145, -0.1275484689576588, -0.1303162104956295, 0.7668782624967283, -0.6425851267919451, 1.1573407797517192, 0.33534812925839474, 0.383889221041217, 0.12035884302336, 0.6255279528486113, -0.6775802942755672, -0.573339066829763, 0.3092751085686546, 0.15503459209957265, 0.9487536837132635, -0.1343959573115193, 0.2119499558763739, 0.11243604530363321, 0.968559973110468, -0.3017315824878626, 0.2704223933907123, 0.01368809796457085, 0.1478967176837312, -0.6540380862143393, 0.780519285357064, -0.6202640176923802, 0.03544936628994346, -0.18126928417481464, -0.8870179135189314, 0.23089005181948852, -0.20149366912516903, 0.8436407470002516, 0.38565279826561305, -0.10658340519860973, 0.6852693083739873, 0.20747686032481852, 0.8830350034041928, -0.018639222023700646, -0.31314154956623697, -0.6289733781875565, -0.14163054400917385, -0.24501509607761168, -0.2571098347354481, -0.39579885292656525, 0.5371701948995516, -0.45926083457004996, -0.6898509786414185, -0.7236022504116109, 0.6580528993976443, 0.576469203594898, 0.3139093055489415, -0.42587644548203557, 0.03764463360892351, -0.7493419408432738, -0.3373772259624013, 0.32355064691674884, 0.5255412049904952, -0.7260585700484185, 0.7585203985300251, 0.6308118310995828, -0.2230478832307965, 0.38360314548096613, 0.7481573143297012, 0.192669760679762, -0.10891292691400865, 0.5010121731271535, -0.6188165863476597, -0.674929649986092, 0.031142915683440145, -0.6519157745383384, -0.2176267480404808, -0.8365818506746634, -0.12387934877654191, -0.6540509262246181, 0.46423367434712726, -0.7328731480779218, -0.40263630283519564, -0.6705060143267924, 0.2527887518790384, -0.3874980483850715, 0.7835401344985283, -0.4497423469858827, 0.9493154735875303, 0.27450877366678733, 1.0006279194791206, 0.04282018139507146]
1165.5017272024995	(8, 12, 2)	[-0.8564827104599421, -0.9610877415471997, -0.7138540056537289, 0.7971712457485932, 0.19486284846444066, -0.11116915906159942, 0.761099960548926, -0.4609128053498724, -0.06535853185997474, -0.1322529121380731, 0.4388854153512592, 1.002134747823311, 0.3367839599589788, 0.4771345026050258, 0.8050253142299517, 0.6841786702087127, 0.8084567645327116, 0.7034023076050245, -0.6231565633503823, 0.36007489110628604, -0.028866318151330093, 0.06620727393778633, 0.692642211743569, 0.836392278404343, 0.2872002989407917, -1.1658079173402383, 0.023387644430713242, 0.7102203810821375, -0.4946338958232776, 0.6575628327167133, 0.040616848142376566, -0.04741503599374279, -0.14147317181674623, -0.034986658035652214, 0.012371362413866846, -0.1265012575438628, -0.13033487138969715, 0.8099186778322671, -0.628536797187284, 1.0503829324354228, 0.3369015595576091, 0.387988465001677, 0.11661381754667527, 0.6254406113409863, -0.6900234446797509, -0.5737652489892762, 0.16608287049570022, 0.14269276383363863, 0.9469278325419415, -0.12769571403404664, 0.2082951357841057, 0.11120860012484785, 0.9538946006152722, -0.29349288982954397, 0.26570565730556045, 0.023457916138726904, 0.14900607981328892, -0.6476223500931614, 0.7922579211584138, -0.7085912738796302, 0.023463960730735055, -0.16699888442722194, -0.8947931239133581, 0.3363938565843449, -0.20083220005242441, 0.8442552970340059, 0.4073542665581114, -0.1404917615477117, 0.6797147375369853, 0.6011658513495248, 0.8796434091973719, 0.003037633606158951, -0.3125528372015307, -0.6426314209741361, -0.10502631762743489, -0.21609148791091767, -0.25588644298434965, 0.08648522605702787, 0.6243885020658226, -0.6024283936499375, -0.6900015639841998, -0.7656672796945097, 0.6525621912230253, 0.5765354808957808, 0.29906082246498544, -0.475799521789089, 0.05192400551120974, -0.7582494390480132, -0.38629805809122536, 0.08843317285921526, 0.5250715707828577, -0.6703559641184884, 0.7222756637692198, 0.636007403539219, -0.22197113558159992, -0.25919716317701724, 0.7461819951972551, 0.09021920853395612, -0.09866030506769655, 0.4687139094035757, -0.6047109013152722, -0.6709652374968316, 0.025462062781536038, -0.6432646171745273, -0.2343942888474514, -0.7730388143166281, -0.17430822095342274, -0.6594964252590906, 0.4973169020352234, -0.7210111984953277, -0.36823552985605634, -0.6698010981026918, 0.24707911199436172, -0.3662029981245739, 0.784093851840421, -0.4721129331491208, 0.9530754907940427, 0.12380593222688402, 0.9499726062397174, 0.036846478070553135]
934.2662272680225	(8, 12, 2)	[-0.8617680577760977, -0.9799913329897507, -0.7089748733692361, 0.898108361376776, 0.19537187750756707, -0.1152911930557156, 0.7621852980051269, -0.43113947196944136, -0.1622179777846257, -0.17474395205613374, 0.4390252047325064, 0.9656979896605062, 0.33683416328726307, 0.47641729038344627, 0.8256033292362883, 0.6982378289107598, 0.8152622784422424, 0.7031348762743245, -0.62564684838766, 0.3559161223353626, -0.030522319457412708, 0.06430950897378722, 0.6801427604145435, 0.8311372795291038, 0.19334318442655604, -1.199173346724478, 0.009510426179412307, 0.70796257328256, -0.49460083990542, 0.6557594086902515, 0.02744183839462992, -0.0801691869593468, -0.10597767566614141, -0.024634650431953953, 0.04803926027943145, -0.1275484689576588, -0.1303162104956295, 0.7050794580951215, -0.6425851267919451, 1.1573407797517192, 0.33534812925839474, 0.383889221041217, 0.12035884302336, 0.6255279528486113, -0.6775802942755672, -0.573339066829763, 0.3092751085686546, 0.12398211007782808, 0.9487536837132635, -0.1343959573115193, 0.2119499558763739, 0.11243604530363321, 0.968559973110468, -0.3017315824878626, 0.2704223933907123, 0.01368809796457085, 0.1478967176837312, -0.6540380862143393, 0.780519285357064, -0.6202640176923802, 0.03544936628994346, -0.18126928417481464, -0.8870179135189314, 0.23089005181948852, -0.20149366912516903, 0.8436407470002516, 0.38565279826561305, -0.10658340519860973, 0.6479971853743879, 0.20747686032481852, 0.8830350034041928, -0.018639222023700646, -0.31314154956623697, -0.6289733781875565, -0.055717630113586394, -0.24501509607761168, -0.2571098347354481, -0.16759594188477467, 0.46224607179761773, -0.45926083457004996, -0.6898509786414185, -0.7236022504116109, 0.6580528993976443, 0.576469203594898, 0.3139093055489415, -0.42587644548203557, 0.03764463360892351, -0.7493419408432738, -0.3373772259624013, 0.32355064691674884, 0.5255412049904952, -0.6509263160706091, 0.7585203985300251, 0.6318883898634406, -0.2230478832307965, 0.38360314548096613, 0.7481573143297012, 0.14233618245220456, -0.10891292691400865, 0.47458661960555654, -0.6188165863476597, -0.674929649986092, 0.031142915683440145, -0.6519157745383384, -0.2176267480404808, -0.8365818506746634, -0.12387934877654191, -0.6540509262246181, 0.46423367434712726, -0.7328731480779218, -0.3997316752372735, -0.6705060143267924, 0.2527887518790384, -0.3874980483850715, 0.7835401344985283, -0.4497423469858827, 0.9493154735875303, 0.27450877366678733, 1.0006279194791206, 0.04282018139507146]
1126.7459521150238	(8, 12, 2)	[-0.8603302157487589, -0.9762842126460811, -0.708959915893272, 0.9060018625687972, 0.2053004381076884, -0.11706987536029136, 0.7656778634164841, -0.42814792972391874, -0.16573496305120813, -0.16595029649732485, 0.4361723836977956, 0.9651257543949423, 0.33683094014713744, 0.476371361603296, 0.8281123655722686, 0.6852686812598071, 0.8141241987305241, 0.703053774212565, -0.5700414737017985, 0.3485398528112901, -0.030544573072834064, 0.064306086881221, 0.6800579991812598, 0.8307563371139267, 0.22295941122951501, -1.1239175229406195, 0.024484760974720465, 0.7129230738324227, -0.6525735215797968, 0.6556444045326453, 0.02786784135231403, -0.08419723744447613, -0.11102797197831557, -0.035110872059699566, 0.033101504686275894, -0.12549909317412938, -0.1303281863480842, 0.778332647807273, -0.6275259618711514, 1.1293870327805144, 0.3336047690310029, 0.3715399636194846, 0.12170318093766676, 0.6261108595567878, -0.6776074048418713, -0.5850738343140972, 0.29834894883889795, 0.12686494365006473, 0.951250515282576, -0.13713911823784253, 0.2168832158522336, 0.1124365063457394, 0.9692920463698671, -0.2952641909719023, 0.2691979380012948, 0.027394021018838578, 0.15051429644607311, -0.6715094559862907, 0.7768338010448309, -0.6210152888906285, 0.03546876699781303, -0.18144468124196822, -0.8868061005266363, 0.5963754830266039, -0.20228115736109764, 0.8999733599630353, 0.41151233046763347, -0.14955099812775557, 0.6755540585585005, 0.3357096473544098, 0.8830392120994737, 0.21066584460433138, -0.31727471697437637, -0.6281802351771221, -0.14174824551818246, -0.26928202085595815, -0.2596206329464847, -0.10368781299025914, 0.5382618084639791, -0.476748002115101, -0.6882671916652274, -0.7430387608538972, 0.6568910201494228, 0.5765953885791639, 0.3094291557754156, -0.4255985164741944, 0.036216124878072804, -0.7722139789071921, -0.35556636527478963, 0.32405719684279205, 0.5255274847042899, -0.72220454568786, 0.7366602881865181, 0.627015901992203, -0.22300617945686269, 0.3265494759192714, 0.7484507441590599, 0.14887246249033212, -0.10872243358363466, 0.4867881504180602, -0.6223137626057553, -0.6747928481430863, 0.031153599172393003, -0.652116621575362, 0.37114493756408806, -0.8369928711351915, -0.12473417998678338, -0.6495981007647634, 0.47809081457135033, -0.7235606942092159, -0.38636189640491, -0.6706349280299839, 0.25138429531327866, -0.35111296669603076, 0.7835479919500411, -0.44973772243657334, 0.948491476176265, 0.2739236305507089, 0.9713998242496727, 0.0533832686953003]
1392.4122278692398	(8, 12, 2)	[-0.8612699856789724, -0.9641153033682274, -0.7111920387594357, 0.8574481457470543, 0.20499185361011016, -0.11171316472452246, 0.7593705965027473, -0.43617646863766474, -0.051940591491601226, -0.18143819727107063, 0.4432804935482545, 0.9777170301161788, 0.33683883148314553, 0.47676403066393175, 0.8191264599298569, 0.6852909753682942, 0.811035991677887, 0.7033116354672402, -0.6608510314286112, 0.34455374148985796, -0.028764944073863586, 0.06550994712849825, 0.6923729311032352, 0.8321419454663127, 0.2618100657129516, -1.1776672684057925, -0.05807301100679105, 0.7088624386028748, -0.49315065578195194, 0.6566839891906174, 0.025207751119456657, -0.12925896410369836, -0.12735218685244534, -0.031100527978355063, 0.01911348995122578, -0.12797023710451455, -0.13030868607566176, 0.7947144374736961, -0.6310780882312569, 1.1392349871589902, 0.33689379659176055, 0.39731812419350304, 0.11674766339278805, 0.6256338928233048, -0.681039233720331, -0.5802696537526961, 0.21658529439443036, 0.13132709193818753, 0.9480492017272698, -0.12923860369211354, 0.21002234120335037, 0.11238777745624338, 0.9611901150979046, -0.3021083768582279, 0.26837755401098196, 0.022251520293447492, 0.14938352071725652, -0.6548937163534411, 0.8128913391782769, -0.7258363922550093, 0.03554893628461108, -0.1678903364031955, -0.8917027960452834, 0.4288357143323208, -0.20122764779215582, 0.8564245399252188, 0.40508781215939677, -0.2316640458764801, 0.6802165580306377, 0.26530046788482653, 0.8811419232386948, 0.07682942431296635, -0.3274414992103172, -0.6285799626743755, -0.11075551242174855, -0.32954782550171435, -0.36270286295492055, 0.08401835577639295, 0.5892472339318329, -0.5546818792578418, -0.6896425794321974, -0.7667363053554199, 0.6572847994133797, 0.5760009541615231, 0.30030215998785836, -0.4712434116238329, 0.04885805101811605, -0.7851913069891958, -0.3365017781339157, 0.3295216614442716, 0.523272225442908, -0.69370398893565, 0.723018868056297, 0.6354854960788652, -0.22251207895232092, -0.2919723012910819, 0.7482727812640018, 0.10914608983199348, -0.10808253498947512, 0.47230020898350356, -0.6048949786907881, -0.6751771770669864, 0.027997705461304454, -0.6469662697749358, -0.21485343856129907, -0.8483395362692178, -0.17806439054992468, -0.6504551496299189, 0.5035742231946019, -0.7107918340008716, -0.3736075223096146, -0.6741151627570595, 0.24693994340427047, -0.3569255920948877, 0.7842039856715105, -0.47402644798126675, 0.9524887794754384, 0.12635801013716497, 0.97206068203921, 0.05350423914112924]
839.9100641669268	(8, 12, 2)	[-0.8617680577760977, -0.9799913329897507, -0.7275422971974281, 0.898108361376776, 0.19537187750756707, -0.11229219351595425, 0.7621852980051269, -0.43113947196944136, -0.1622179777846257, -0.17474395205613374, 0.4390252047325064, 0.9656979896605062, 0.33683416328726307, 0.47641729038344627, 0.8256033292362883, 0.6982378289107598, 0.8152622784422424, 0.7031348762743245, -0.62564684838766, 0.3559161223353626, -0.030522319457412708, 0.06430950897378722, 0.6801427604145435, 0.8311372795291038, 0.19334318442655604, -1.199173346724478, 0.009510426179412307, 0.70796257328256, -0.49460083990542, 0.6557594086902515, 0.5438684757545533, -0.0801691869593468, -0.10597767566614141, -0.024634650431953953, 0.04803926027943145, -0.1275484689576588, -0.1303162104956295, 0.7201432093798913, -0.6425851267919451, 1.1573407797517192, 0.33534812925839474, 0.383889221041217, 0.12035884302336, 0.6255279528486113, -0.6775802942755672, -0.573339066829763, 0.3092751085686546, 0.1263570630947824, 0.9487536837132635, -0.1343959573115193, 0.2119499558763739, 0.11243604530363321, 0.968559973110468, -0.21732613091819092, 0.2704223933907123, 0.01368809796457085, 0.1478967176837312, -0.6540380862143393, 0.780519285357064, -0.6202640176923802, 0.14062863057284952, -0.18126928417481464, -0.8870179135189314, 0.23089005181948852, -0.24514355866801238, 0.8436407470002516, 0.38565279826561305, -0.10658340519860973, 0.6565835241763032, 0.20747686032481852, 0.8830350034041928, -0.018639222023700646, -0.31314154956623697, -0.6289733781875565, -0.06617881743668966, -0.24501509607761168, -0.2571098347354481, -0.0926542960838932, 0.5125440387457451, -0.45926083457004996, -0.6898509786414185, -0.7236022504116109, 0.6580528993976443, 0.576469203594898, 0.3139093055489415, -0.41995178539932193, 0.03764463360892351, -0.7493419408432738, -0.3373772259624013, 0.32355064691674884, 0.5255412049904952, -0.6490180252053037, 0.7585203985300251, 0.6335238446587137, -0.2230478832307965, 0.3664418301059159, 0.7481573143297012, 0.12749835120508884, -0.10891292691400865, 0.4774908644813751, -0.6188165863476597, -0.674929649986092, 0.031142915683440145, -0.6519157745383384, -0.2176267480404808, -0.8365818506746634, -0.12387934877654191, -0.6540509262246181, 0.46423367434712726, -0.7328731480779218, -0.4030081215073728, -0.6705060143267924, 0.2296891476674541, -0.3874980483850715, 0.7835401344985283, -0.4497423469858827, 0.9493154735875303, 0.27450877366678733, 1.0006279194791206, 0.04282018139507146]
815.7774053289887	(8, 12, 2)	[-0.8613314938650609, -0.9759374446334775, -0.7110281123896102, 0.8546684495831738, 0.2139687243395632, -0.11413779678666547, 0.7606745812730051, -0.4365444362186405, -0.08133564014129653, -0.16839536452799392, 0.43576245088426546, 0.958175951990306, 0.3368333101020227, 0.47693269151661766, 0.825232501505254, 0.6873364970596939, 0.8110850399186251, 0.7033331439208921, -0.5570348388888344, 0.3469495317222395, -0.030298187359133855, 0.06574435142802607, 0.6921750366669255, 0.8313908487192597, 0.26185700838683046, -1.1540296167898745, -0.0615215234134869, 0.7099212755146905, -0.501837706046697, 0.6556416742020189, 0.029846337087623583, -0.11597090503234549, -0.1152158979872055, -0.031036245659126556, 0.01621796830674962, -0.12664370118654736, -0.1302630719263966, 0.8090810065733232, -0.6252641733231049, 1.0637360219984646, 0.3340108829176646, 0.43074297387425653, 0.11690819088072131, 0.6255950864510792, -0.6870114736508706, -0.590493236432989, 0.20969907373365465, 0.14745965331083336, 0.9491198006024237, -0.1295591099081339, 0.21325656634692552, 0.11242607633477225, 0.9604472982358607, -0.30329994386619447, 0.2691728673327815, 0.022128134739938736, 0.1488098442498254, -0.6633785625390158, 0.812616305185296, -0.692682909167833, 0.034018609065814345, -0.1780340196599742, -0.893187603054215, 0.46026903183081613, -0.20184703987929786, 0.8549495914865932, 0.45837094674728607, -0.22419062082100513, 0.6816346198888886, 0.20814702335985946, 0.8806546520684643, 0.10156946199583769, -0.32920533301260646, -0.6283655252349033, -0.12307728372435245, -0.31196276271437645, -0.4302605437811545, 0.06655208029293955, 0.5788531048945571, -0.5613827282111283, -0.6889727299029241, -0.7511957956853451, 0.6579104663516934, 0.5760793137821738, 0.30249636730888185, -0.4539893958465565, 0.04633424242643667, -0.7834239465234968, -0.4592685474431619, 0.3166155660152963, 0.5249209247942279, -0.7001581819909242, 0.738980050041046, 0.6365117440554224, -0.22266719038645402, -0.3323488473079373, 0.7483149064615141, 0.08584248789094813, -0.10826590404140145, 0.48334358018449225, -0.607179385339376, -0.6738782501788945, 0.027842933517988225, -0.6466685989373127, -0.2516830524398646, -0.8245756791207092, -0.14482559846883575, -0.6517716052565132, 0.5040698478208162, -0.7115975056126027, -0.3696158590630639, -0.673163701767306, 0.24658937725793365, -0.35374106365001173, 0.7841230427250735, -0.47619093457745865, 0.9498934294783334, 0.19371341590683683, 0.9571705489543808, 0.05276074521448404]
1658.0780801285932	(8, 12, 2)	[-0.8613314938650609, -0.9759374446334775, -0.7110281123896102, 0.8546684495831738, 0.2139687243395632, -0.11413779678666547, 0.7606745812730051, -0.4365444362186405, -0.08133564014129653, -0.16839536452799392, 0.43576245088426546, 0.958175951990306, 0.3368333101020227, 0.47693269151661766, 0.825232501505254, 0.6873364970596939, 0.8110850399186251, 0.7033331439208921, -0.5570348388888344, 0.3469495317222395, -0.030298187359133855, 0.06574435142802607, 0.6921750366669255, 0.8313908487192597, 0.26185700838683046, -1.1540296167898745, -0.0615215234134869, 0.7099212755146905, -0.501837706046697, 0.6556416742020189, 0.029846337087623583, -0.11597090503234549, -0.1152158979872055, -0.031036245659126556, 0.01621796830674962, -0.12664370118654736, -0.1302630719263966, 0.8090810065733232, -0.6252641733231049, 1.0637360219984646, 0.3340108829176646, 0.43074297387425653, 0.11690819088072131, 0.6255950864510792, -0.6870114736508706, -0.590493236432989, 0.20969907373365465, 0.14745965331083336, 0.9491198006024237, -0.1295591099081339, 0.21325656634692552, 0.11242607633477225, 0.9604472982358607, -0.30329994386619447, 0.2691728673327815, 0.022128134739938736, 0.1488098442498254, -0.6633785625390158, 0.812616305185296, -0.692682909167833, 0.034018609065814345, -0.1780340196599742, -0.893187603054215, 0.46026903183081613, -0.20184703987929786, 0.8549495914865932, 0.45837094674728607, -0.22419062082100513, 0.6816346198888886, 0.48040844154028334, 0.8806546520684643, 0.10156946199583769, -0.32920533301260646, -0.6283655252349033, -0.12307728372435245, -0.31196276271437645, -0.4302605437811545, 0.06655208029293955, 0.5788531048945571, -0.5613827282111283, -0.6889727299029241, -0.7511957956853451, 0.6579104663516934, 0.5760793137821738, 0.30249636730888185, -0.4539893958465565, 0.04633424242643667, -0.7834239465234968, -0.4592685474431619, 0.3166155660152963, 0.5249209247942279, -0.7001581819909242, 0.738980050041046, 1.0383663478572454, -0.22266719038645402, -0.3323488473079373, 0.7483149064615141, 0.08584248789094813, -0.10826590404140145, 0.48334358018449225, -0.607179385339376, -0.6738782501788945, 0.027842933517988225, -0.6466685989373127, -0.2516830524398646, -0.8245756791207092, -0.14482559846883575, -0.6517716052565132, 0.5040698478208162, -0.7115975056126027, -0.3696158590630639, -0.673163701767306, 0.24658937725793365, -0.35374106365001173, 0.7841230427250735, -0.47619093457745865, 0.9498934294783334, 0.19371341590683683, 0.9571705489543808, 0.05276074521448404]
969.973776176424	(8, 12, 2)	[-0.8559111066503887, -0.9654098959665679, -0.7106638988912444, 0.8569412853129968, 0.2061264146934557, -0.11194350530885654, 0.7624324661507472, -0.4344748032183848, -0.08082855584690764, -0.1794015057519378, 0.4411292299845218, 0.9818137483166242, 0.3368400994945519, 0.47642860986796093, 0.8248361287227858, 0.6861798732425165, 0.8111122196873796, 0.7035481721101006, -0.6419779733040466, 0.35859692725805425, 0.030072003502883256, -0.001040295267034124, 0.6868253159321546, 0.8317081734220272, 0.26606715850446955, -1.1998727698781364, -0.025855271547982825, 0.7457475583692136, -0.49338664203275207, 0.6558998726105503, 0.025779056773875268, -0.10913347629289717, -0.12619985760194796, -0.0506137418422099, 0.013250169101360986, -0.12775954290045868, -0.1303096187455651, 0.816333271621953, -0.5873030048064645, 1.1435477109170862, 0.3371021667716112, 0.3985899501975859, 0.11877129149064826, 0.6255100907109854, -0.7808087152273456, -0.5802762915687848, 0.2991070453836275, 0.12756405849818822, 0.161282860607751, -0.12991263299967523, 0.19538778168946824, 0.11240488106051014, 0.9643771237750752, -0.30219677143570084, 0.26844237944873195, 0.022204770538632013, 0.1493749530837761, -0.6547674588645711, 0.8040002167303438, -0.7173503616810233, 0.03496896286134774, -0.16653609409645767, -0.8898157812101885, 0.3796829499448085, -0.2006484777683782, 0.8558744989406887, 0.4017605942393435, -0.15461071271147725, 0.6831959151369563, 0.25463963301713716, 0.8814686482450503, -0.0039427859901103235, -0.3221612082567971, -0.6285694644247327, -0.10850464789700104, -0.3153249492979024, -0.2374574777476585, -0.0576205092330665, 0.5755848137973937, -0.5573504381950016, -0.6896659181482971, -0.9925595897926033, 0.65504215984147, 0.5761419798906867, 0.3085475944596077, -0.4511648399573187, 0.05246564195404375, -0.7766657118681196, -0.3790234825134131, 0.16862409321211838, 0.5232882814984204, -0.698259958369602, 0.7210415877756639, 0.6348348996985917, -0.22270676231246894, -0.21694985413224285, 0.7481359075803375, 0.1172012314926371, -0.10481095864310828, 0.4699116623615552, -0.6054979944930178, -0.6755144855923457, 0.029086179663886994, -0.6331374199910607, -0.21456293351771114, -0.8508083954864601, -0.16406637337455357, -0.6519401039645696, 0.49215235482831327, -0.7153831607613045, -0.3734762574671276, -0.6734283033320723, 0.20140565133167998, -0.3616084109758954, 0.7838775968371025, -0.4563761258858169, 0.952616188587496, 0.11598958666136709, 0.9775142186818054, 0.04758154026265615]
1163.0672214121819	(8, 12, 2)	[-0.8613505803922422, -0.9770108145625142, -0.6390372573723072, 0.8605404112886111, 0.20579472612663946, -0.11372668927411816, 0.7610853887395551, -0.44081366842956043, -0.1493423332523924, -0.1708403223095292, 0.44110088645511913, 0.9918053439691571, 0.3340887544838499, 0.47679878774101586, 0.8256978588060414, 0.6726197989619461, 0.8124976465937318, 0.7036172415797484, -0.587643841298984, 0.3373454391886294, -0.030449476640586563, 0.08277164182360447, 0.6860853329576857, 0.8308155616156129, 0.24299202769716438, -1.188864382905468, -0.0023651007186239886, 0.7082349617860056, -0.49403359474987235, 0.6563591141727483, 0.07723567624725275, -0.06320908505739826, -0.11938205113037086, -0.01620828678070684, 0.015525298685632908, -0.12772767711173955, -0.1302601227937099, 0.7640076016010242, -0.64108812830778, 1.053813627243604, 0.3395472137103117, 0.38831443605065064, 0.1169022546343692, 0.6255728511747077, -0.6838954658779253, -0.5879615696184333, 0.20823595953244264, 0.14831465665491378, 0.9591784919664345, -0.13182402471567273, 0.2112438532767448, 0.1122993502343391, 0.9594640794364617, -0.31143532057159334, 0.26742919684096, 0.018670087411968534, 0.14848948149846847, -0.6564329792506273, 0.8065602385469484, -0.6827698606541729, 0.028800466695512065, -0.1720306038390866, -0.8893850375920038, 0.34684717222177, -0.20185012939413474, 0.8760540210048019, 0.4379896829377694, -0.15620368937415335, 0.6836929535280678, 0.3417310077690041, 0.8811714771563596, -0.07324275479176523, -0.33024673841033664, -0.6385772544368147, -0.1328295206941311, -0.2872371530833021, -0.4517994027932499, 0.061003767474829516, 0.5899515551660987, -0.4674459121482347, -0.6889665478006186, -0.7205041608642923, 0.6412830703904371, 0.5753587122384586, 0.31394178825960567, -0.4442410645228112, 0.038567713410338454, -0.7612647150882591, -0.4702281548453269, 0.17784848351057198, 0.5251451225614604, -0.6958521550990868, 0.7597658813183283, 1.0143389771906477, -0.22021916776126035, -0.42245380672284116, 0.7508409807621496, 0.08911713431887316, -0.11123995413230271, 0.48250583971581007, -0.6169312862308904, -0.6755412193901663, 0.027816299750547394, -0.6502268544580081, -0.259970616568772, -0.831086760293082, -0.13156290548450864, -0.5921561906094498, 0.5044722942019602, -0.7265824996068191, -0.3787182710136025, -0.6725114402560078, 0.24043400887172345, -0.38279255344336066, 0.7838495680407611, -0.4589345423432179, 0.9495188134879287, 0.26991689698834154, 0.9751136487431771, 0.05089163162895571]
1376.3098415497113	(8, 12, 2)	[-0.8583527753101158, -0.9685390731947121, -0.6733550415218639, 0.8573454583392308, 0.20592143462274112, -0.11247691257095124, 0.7592243645575467, -0.4382932524510977, -0.08218323165732369, -0.18053793334067195, 0.44199764259912205, 0.9837611601796865, 0.340160580156742, 0.47665611086602017, 0.8211475010240913, 0.6802839333252773, 0.8116098139734707, 0.7034045261840368, -0.5777601968779851, 0.3410607015632871, -0.04150257858616357, 0.09116156700808885, 0.6852389338687166, 0.831215469765705, 0.26828053501239574, -1.200159111454075, -0.021002452334635324, 0.726458552043928, -0.49371124962078333, 0.6562588575753135, 0.0445664258274195, -0.1052841495450632, -0.12694000977953127, -0.05172217748188583, 0.01638403272198631, -0.1277358125598099, -0.1302524243417663, 0.7642339038196021, -0.6378303079501765, 1.1290746416710347, 0.33763321623822184, 0.3959709853301107, 0.1177283028846094, 0.6255381186911787, -0.6836333622477022, -0.5842586076212181, 0.22111679570350468, 0.14877570045575111, -0.12730579249242796, -0.1319646324446107, 0.1976857355759244, 0.11232385268646958, 0.9604566541409529, -0.3132046169749171, 0.2679807275071476, 0.01905353148603569, 0.14925472171604645, -0.656706486863036, 0.8088169089312525, -0.8279097970170921, 0.03260901971823586, -0.1689825457444478, -0.8904358044055107, 0.34647744435496725, -0.20107504129107168, 0.8789636465350695, 0.4130183320085855, -0.16760572436262253, 0.6836944962983622, 0.2657168234719367, 0.9110183511656886, -0.08749396656345071, -0.32614840208873136, -0.6346112643349457, -0.11894631412191248, -0.3058817888111704, -0.38882894788544603, 0.1099590909076976, 0.5892887988910165, -0.45680355991130983, -0.6896586889295137, -0.9071791619490188, 0.6407385255907102, 0.5760469703041957, 0.3114104010146385, -0.4552529668925639, 0.04726651739620193, -0.7789395043440215, -0.41416954318677296, 0.21413203009824225, 0.5231898184864835, -0.6935502306980996, 0.7253043673989003, 0.7996196536920901, -0.2221600039481521, -0.4582696311665105, 0.750236222724594, 0.11234677296892316, -0.10890920969674771, 0.47963528050200155, -0.606449404336382, -0.6755621194174719, 0.027875706910665744, -0.6416114173066129, -0.2142112747613537, -0.85149544802755, -0.16271165839173954, -0.6259637129069505, 0.5049447490011754, -0.7225741821292949, -0.37220953282703995, -0.6709471952582264, 0.24565328708272133, -0.333308909240846, 0.7838564372840098, -0.45661043097288473, 0.9500385250375012, 0.10802745561097044, 0.9739574655412963, 0.04755597068912984]
1044.2479297500445	(8, 12, 2)	[-0.8576417249956811, -0.9696901402635474, -0.6491804298912374, 0.8612091350080705, 0.2059420307539301, -0.11272587457014054, 0.7591709655875699, -0.4390254175858309, -0.06545066818662056, -0.18220489336341403, 0.44216120410725335, 0.9877826497474228, 0.33468310732273765, 0.47662562198560443, 0.8207025663292302, 0.6802787536264651, 0.8117940177781664, 0.7036598156604471, -0.5834907483027196, 0.33663390080922756, -0.04048009883641415, 0.09060472375617537, 0.686269466545022, 0.8312763229481167, 0.2561194283509609, -1.1955768112227765, -0.0045487446850147085, 0.7177372450986087, -0.49387205739908313, 0.6563217298889742, 0.058068995104529335, -0.08712974012917686, -0.11795857526925659, -0.04082339642264289, 0.015695022834633268, -0.1277340513457357, -0.13025851770464233, 0.7642083753095191, -0.6390514950568663, 1.096510333405106, 0.33728681939561894, 0.39181602491656153, 0.11709468432910794, 0.6255479897342563, -0.6839508514940071, -0.8347812783268567, 0.21718824129225978, 0.14849845865110287, -0.2555257008047061, -0.13189858381605718, 0.20788234399206915, 0.11231773449078043, 0.959703200994299, -0.31314888538068003, 0.2680196599801587, 0.0187187243369989, 0.14871244131589623, -0.6567095044550659, 0.8078100386437619, -0.8410414458918966, 0.033215952437194315, -0.17001294991406374, -0.8895708932444573, 0.34648784245087866, -0.20163547287955813, 0.875391896841076, 0.4409713145840504, -0.16013116349545709, 0.6836928748046033, 0.29420373965790103, 0.9173562135505815, -0.07593567649182549, -0.32851555852581676, -0.6342042678849644, -0.11659176710731406, -0.30666277335007874, -0.46591881164866167, 0.1056053970814348, 0.5899093171742805, -0.4651599798489429, -0.6896392909363154, -0.8598545338967154, 0.6406614671602727, 0.5756819697861366, 0.3138532614886384, -0.4489634239181365, 0.04090976640204205, -0.776850567725303, -0.41110997685093387, 0.18525541831830405, 0.523712828384843, -0.6944991748224315, 0.7490863552112714, 0.899368855956743, -0.22008144435636348, -0.46106151585761884, 0.750748118794465, 0.08856106075486746, -0.10955602199776467, 0.4830928972129961, -0.6077343602595601, -0.6755619913155365, 0.027853580384238432, -0.6493055525866595, -0.22046713611824054, -0.8419550176478561, -0.13371155144245556, -0.6105077047923675, 0.5049166944658201, -0.723335973890975, -0.37140659830544975, -0.6712836202362261, 0.24021478979502053, -0.3644051490637854, 0.7838540683300438, -0.45728175574454266, 0.949664674874546, 0.21056427054371657, 0.9750976640424396, 0.05080456044399458]
2006.4284730852153	(8, 12, 2)	[-0.858503748040299, -0.9657348690723783, -0.7104625801638832, 0.8796656765407848, 0.2056616170579497, -0.11248759159274013, 0.7619502362164623, -0.43209759960191, -0.034558354739624736, -0.1691603501728438, 0.42659574930205973, 0.9781988361246751, 0.33682109997592213, 0.47621313093360074, 0.8078324870507596, 0.6839310413392684, 0.8118856557572018, 0.6997320683151609, -0.7247714421126263, 0.3577687215318407, -0.0296464614327547, 0.06581317242686865, 0.6924799149846901, 0.8381814032302063, 0.274043660291048, -1.1639288091439477, -0.006298804481427625, 0.7092823913011862, -0.4948756252687747, 0.7764224366992643, 0.031530326142099566, -0.13758778684441983, -0.12175007939329048, -0.029651758157480314, 0.01557357908622788, -0.1271286443196246, -0.13026195575456742, 0.7950366504252625, -0.6311861641191714, 1.233532079344096, 0.3386641093660217, 0.3808159083063052, 0.11373337849052259, 0.6212530275932963, -0.44513342975145803, -0.6702531437353466, 0.11852074099771287, 0.13619371281134937, 0.9483098510307182, -0.12133662828278813, 0.21040594906872578, 0.11210989919698747, 0.9596293697728374, -0.30240341076258986, 0.26830512929659545, 0.03735341768799007, 0.1454840080539969, -0.4502184767283126, 0.8006249013654994, -0.6821877329424227, 0.03282882608004781, -0.17612621254025515, -0.4019124010250783, 0.35784699560546196, -0.20680242843939498, 0.8469575851890724, 0.4460937918892635, -0.21446416331159035, 0.6807934747071033, 0.20417256437874162, 0.8835682080003371, 0.01645481461724265, -0.28061215474058704, -0.6296735706677427, -0.14754347713277333, -0.2272120552524063, -0.4314077766028346, 0.13284710605143063, 0.587070228105625, -0.5148472360479213, -0.6891156388930121, -0.6828676793483267, 0.661184817196585, 0.5757519145921925, 0.3076766149161249, -0.4641445830042616, 0.04383514988153829, -0.8084944430323497, -0.37033409275213336, 0.1876592894321761, 0.5252494283210208, -0.7018840056747808, 0.7405636472185579, 0.6254840138696375, -0.2232239740389868, -0.36188460768501146, 0.7482786060754827, 0.1106811191104896, -0.19378391010396748, 0.48301922994983837, -0.4713806742198182, -0.695652925408303, 0.027821604502734534, -0.6530764917169322, -0.21373317446218404, -0.8481108982320325, -0.15741973986012914, -0.6506549328362775, 0.557024035278671, -0.7196454122496345, -0.37652609187872926, -0.6727520876815484, 0.2471178484449208, -0.3309491655554228, 0.7832197079953109, -0.4539254356191155, 0.9494993749493231, 0.18206143679375414, 0.9862358819803022, 0.048206840604209086]
1017.8224891616202	(8, 12, 2)	[-0.8613163823470641, -0.965436876805524, -0.7228067859410363, 0.8475737015385886, 0.2018578498167272, -0.12249978000723127, 0.7632150051140009, -0.43782974924732604, -0.165901897198304, -0.1759179800463118, 0.44081676122742125, 0.9799315718761717, 0.33640081707927894, 0.47653297977490044, 0.8086659472970994, 0.7002462481256513, 0.8119983415621688, 0.7324972202153621, -0.6456023908002295, 0.3442256753617783, -0.003731441054662818, 0.06090945092142422, 0.6861444854985472, 0.8344360898792955, 0.22654226791066406, -1.1516510907452495, 0.0033913879297451134, 0.7171086213975385, -0.5148757210356502, 0.6340750428995007, 0.25361749380959897, -0.07225553691772775, -0.14483493311893425, -0.03659798122312191, 0.02592817181297721, -0.12888563045439097, -0.13265894374302484, 0.7335842344596553, -0.6339251816897258, 1.0843442798590122, 0.33600991958084403, 0.39559781802467914, 0.11843461022720861, 0.6222690148515148, -0.6921981961318642, -0.6232297085609645, 0.33081871086735515, 0.12856265037229797, 0.9287249097206255, -0.12672233124665877, 0.2167835070828317, 0.11236603072539045, 0.9612510173661267, -0.31143791289595235, 0.26701387207348254, 0.019204538478203016, 0.14871837521986403, -0.726380335412764, 0.8022794194988453, -0.6313985263359583, 0.03449577451413551, -0.16964408735533112, -0.8726634518087206, 0.3550806506580581, -0.21393400613173552, 0.874449456097683, 0.4198548415450426, -0.1459761354144377, 0.6781881683320363, 0.2856122297439257, 0.8816247637831034, -0.007557595112187197, -0.3229868526469337, -0.6152437531571948, -0.11609797164029176, -0.2710368031033351, -0.33887301071475534, -0.06214603938309161, 0.5730430397212549, -0.4988673714742935, -0.6909818004508737, -0.7765997761201402, 0.6426970128720261, 0.5759745186246353, 0.3061162194266576, -0.45009075528051556, 0.04306538551754203, -0.7634147062112125, -0.4311585698758201, 0.24656517505552245, 0.5450726674474986, -0.7019864008368365, 0.758375050323398, 0.6042217010989522, -0.22231898111406087, -0.1939246049084365, 0.7463642757200469, 0.11026165649635869, -0.11047845400380339, 0.5704348084823714, -0.6120458636137426, -0.6745697618148536, 0.007464381818199865, -0.6673876814705422, -0.23302718520905466, -0.8302164341475285, -0.14083947567272384, -0.6466693884258173, 0.49212891021085564, -0.7168784535132751, -0.37346353426564577, -0.672864183053757, 0.2374305434483983, -0.3720976041507296, 0.7845975967746012, -0.45927658402180493, 0.9831625208539548, 0.20384460086150344, 0.9751097167591491, 0.05157725246441413]
964.2811945483484	(8, 12, 2)	[-0.8583167953363737, -0.9794040923190577, -0.6806147021050806, 0.8559884488864833, 0.20642080837505952, -0.11224547712107304, 0.7604348239372045, -0.43924903834850093, -0.07925025494314118, -0.18037987064147495, 0.44161893007971387, 0.9656318104527684, 0.34048999244594474, 0.47667036265649987, 0.8269932690017762, 0.6795582579929405, 0.8115904768074804, 0.7034354799490325, -0.5807110246613798, 0.34105761861971007, -0.04164323465516929, 0.08726190193182204, 0.6853098533492097, 0.8311467584942392, 0.2680266802328543, -1.200213341632738, -0.01095657383555011, 0.7300814294905944, -0.49327424069236786, 0.6562703523400423, 0.14673208076476285, -0.10555036538238814, -0.12121314361379536, -0.04965872802480919, 0.017543288185135637, -0.12773259787944669, -0.1302711365946565, 0.7642758690091681, -0.5997147435586276, 1.115656922279194, 0.3377440403798221, 0.386060962013395, 0.16045257180948683, 0.6255377305446039, -0.6754956209147133, -0.5850227107018597, 0.21897482033046498, 0.15315392080066845, 0.08046557102479401, -0.13200362994793255, 0.20027178120270675, 0.112324472103389, 0.9663515777001301, -0.3126824323331743, 0.2675964560889138, 0.019427818726545306, 0.22404011900003695, -0.6566518202178253, 0.8025857209840497, -0.8001467083490401, 0.044464241897037564, -0.1689716590963062, -0.8892660762719848, 0.3262546098702112, -0.22111819769495905, 0.874491970942218, 0.41509293222682453, -0.1693518754991658, 0.6803826955886931, 0.28716733914394516, 0.9147059377503313, -0.08759089948531408, -0.24388984410330095, -0.6324294728049996, -0.11926315017560005, -0.315712772820987, -0.37312118748311873, -0.02324172405967089, 0.5833130968759221, -0.45612160488834724, -0.6897059452318857, -0.8629649525862455, 0.6403190750839518, 0.5760566302035516, 0.31208143359357693, -0.45604648021759225, 0.04001873187953114, -0.7552216457565007, -0.35493954192871413, 0.21390170652071622, 0.5242706225031597, -0.6937219752208693, 0.7215907947034089, 0.7052605617362767, -0.22201291813876964, -0.4586689097915709, 0.7508381000661767, 0.10709304113266105, -0.1089094984757569, 0.4796247134922629, -0.6128051798873825, -0.6756485710809523, 0.02947372092108036, -0.6483553014331805, -0.22408904072504196, -0.8469136795505425, -0.13122574810461365, -0.6251165658652096, 0.5058909741146782, -0.7235202177071031, -0.37445145651455225, -0.6708465235533412, 0.24411492629395848, -0.3344392726988739, 0.7838460843051109, -0.4491342589411182, 0.9499163382349488, 0.10583820014824201, 0.9739240064903948, 0.04756180986582616]
1955.126727910045	(8, 12, 2)	[-0.8620261552275557, -0.965485676130835, -0.7205634384016181, 0.8523288000024523, 0.20180538505129506, -0.11342675663999667, 0.7632869892988986, -0.4368013910848743, -0.03208182047154906, -0.1759599378134841, 0.4348776254126928, 0.9795990075708066, 0.33649027416689115, 0.47654853126743046, 0.8087114426767351, 0.6969100857215282, 0.8119540293510652, 0.7379708670957943, -0.6476846279134354, 0.35074538161190666, -0.0018747755738677168, 0.06027790174699734, 0.68981445515193, 0.837680636639893, 0.23730989655666326, -1.1539866892128396, 0.0032777695531403476, 0.7125370435607677, -0.4891583724803889, 0.6394671729090727, 0.2739411737432603, -0.06964773168826457, -0.13174957352197517, -0.03650540959066179, 0.020279154323316527, -0.12858821417304844, -0.13031196429449626, 0.7307444393129257, -0.6323339342283437, 1.0631029279018795, 0.3377601263950536, 0.37602607622466105, 0.11793933591999323, 0.6215682149731984, -0.5989051260068428, -0.647855680165876, 0.19405067803106832, 0.12804841330483455, 0.9351399154952508, -0.12735896236479347, 0.21674338447319164, 0.11208357872556426, 0.9612521890627006, -0.3124691889174629, 0.2674348114113648, 0.038054948908466085, 0.14890985238427767, -0.31266811575254017, 0.8023217077991518, -0.6328518757484055, 0.03349791656081168, -0.17357656402845423, -0.1653021366267985, 0.3548494882404614, -0.21339907566915117, 0.8764806165825164, 0.4199746722318247, -0.15214032736862754, 0.6799403688632284, 0.25121831198164263, 0.8830686392599647, -0.0023269828714871394, -0.2855393382487405, -0.6231691075727909, -0.15032472346726064, -0.277260710163774, -0.3375860652092687, -0.0638052199530508, 0.5714728080309857, -0.5028595099224437, -0.6909259657222356, -0.7712344915699587, 0.6418947412345946, 0.5757776833864408, 0.30583095068476995, -0.4552807593875211, 0.03166040153865041, -0.8170266318867528, -0.3889312431081437, 0.2544604531219635, 0.5453127229277295, -0.7019650550423637, 0.75167763499637, 0.6118123976428538, -0.22231681564282982, -0.3381395725433123, 0.7464204933030554, 0.11026019436767574, -0.1360353276137963, 0.5627316109915974, -0.6191330050176451, -0.6806725809716535, 0.0046773701539457434, -0.6648843323104695, -0.3316085865621128, -0.8343757757097584, -0.1448134460075225, -0.6474317506181396, 0.5008554111363204, -0.7170031718771764, -0.37363657286737867, -0.6728702835427829, 0.24218002548553733, -0.37221562551372844, 0.7835699506297144, -0.45403136828473134, 0.9410219546741654, 0.20152925569453306, 0.9746518206230366, 0.049015691448118674]
999.0840106940109	(8, 12, 2)	[-0.8595950185004502, -0.9528981026711993, -0.7178462558115456, 0.8563067686434868, 0.20171783984468566, -0.1180708948928629, 0.7614952189707509, -0.4382466244061635, -0.09737060972191146, -0.17743403236889269, 0.43842054576529577, 0.9668904754815534, 0.33584769977043705, 0.4765364640220909, 0.8192836058331133, 0.6997814899543591, 0.8119014188565039, 0.7117340645285473, -0.6059373046071828, 0.3403149732966633, 0.0010031750015320959, 0.09318182463374375, 0.6856212489771529, 0.8322333391132337, 0.25365818570295906, -1.1462051290277944, 0.0037153637588160536, 0.7171026540174301, -0.5123760218427493, 0.636438784096913, 0.19416378914903903, -0.06780203305843793, -0.14609772161411738, -0.036505289889482255, 0.028529652514490193, -0.12767109824665676, -0.12988717008011302, 0.7805460067950393, -0.6324202174347857, 1.09688456313231, 0.3347181218311851, 0.3934431032621754, 0.11807450404688909, 0.6216396314494944, -0.6851489000242358, -0.8491678872472049, 0.3302869321963807, 0.12520041214031344, 0.5330491654354919, -0.12592477025961404, 0.22420177481222603, 0.11232398362058221, 0.9608879311272208, -0.31273670520994634, 0.2668895208646084, 0.03780173922173294, 0.14888236584054593, -0.723521171043097, 0.8068580565270217, -0.6484148296536318, 0.03436180579429249, -0.1697773370766272, -0.8751365048287176, 0.3285039505055988, -0.20607292302917854, 0.8530657340309883, 0.43162800118751193, -0.1620770587308903, 0.6837758299261678, 0.3681903323971877, 0.8777839697974215, -0.026119740788202873, -0.32810209754011255, -0.6271943545708772, -0.12253923582920191, -0.30074925539911446, -0.11515566561740453, -0.05234726673403627, 0.586637789405258, -0.47006283310568003, -0.6888575186254359, -0.7717126700570727, 0.6427011414172695, 0.5760042008327241, 0.3115571225253302, -0.4491646143051627, 0.04255557391898191, -0.767783813549594, -0.4209649814932241, 0.22564256530147314, 0.5309330699371612, -0.6970289041151261, 0.7450012705339661, 0.8717617071922275, -0.221691067599482, -0.35901771285879047, 0.7490168176003339, 0.09485116270177663, -0.11018927332289381, 0.5089611077138395, -0.6118705656518588, -0.6743952060384159, 0.018891316036658824, -0.6515820877975729, -0.2265539329444277, -0.8320616436241324, -0.13878796381092354, -0.6470186731376939, 0.48902235477023254, -0.7161907845550071, -0.3717325688545336, -0.6728096974508367, 0.23753155622551722, -0.36255263266026005, 0.7841157476520606, -0.45917438796744187, 0.991235925340117, 0.20450533384542358, 0.9761453532161191, 0.05158775496919275]
1525.427264828617	(8, 12, 2)	[-0.8615253094825038, -0.970788515854592, -0.6727980566025515, 0.8598519614397523, 0.20565736110832467, -0.11208700072621039, 0.7625633859294045, -0.4333383964354206, -0.07700012553471797, -0.17778095056902984, 0.43794092573340215, 0.987675592007294, 0.3389238094367724, 0.4749359089350891, 0.8148235544894935, 0.68275527961842, 0.815888580699898, 0.7074727280925429, -0.5788005405136031, 0.3412797011563205, -0.029084229878009474, 0.055391434943799896, 0.6871901357923739, 0.8368012454493089, 0.2302374100767419, -1.21056980112611, -0.00969990011283807, 0.6710702105221508, -0.48780373408612987, 0.6429525405245381, 0.04632452147527652, -0.11170296075305274, -0.11921082871565526, -0.0442828512502859, 0.01617213205148437, -0.12767160535678032, -0.130268832478324, 0.7442195671207379, -0.63271248300997, 1.0797187314034467, 0.33748601901562925, 0.38899766723359613, 0.11415120672774805, 0.6244353032550825, -0.6349702887076026, -0.6294093612008654, 0.22143426983293982, 0.1314032074988913, 0.5479277451073609, -0.12976771479773377, 0.2128266945813229, 0.11226890622256873, 0.9577950038859931, -0.3123794291978742, 0.2682710284568063, 0.019578363253054662, 0.16767641911924092, -0.46876495384205663, 0.8039826110008783, -0.8241441547426068, 0.040277516977301184, -0.17360223682223594, -0.5451650726304526, 0.32703038172578563, -0.20283980263566634, 0.8722989556456728, 0.4283558329177664, -0.14894730286827407, 0.673952256004014, 0.2830759479034561, 0.8796089481912199, 0.016197783145247963, -0.26405094023565645, -0.6389936075602709, -0.1288603091267731, -0.28592313494703114, -0.3865583256967117, -0.02827912561874829, 0.5768265943488858, -0.42332536539957877, -0.6888885897331631, -0.8175805706768786, 0.6444485293636034, 0.5756615450463631, 0.31178738823228663, -0.456093831758294, 0.036587443837604296, -0.7907502570495362, -0.38979713611361055, 0.21690532646842003, 0.5309849466331985, -0.6941579581767345, 0.7136804414455006, 0.6625911051596551, -0.2229016256993499, -0.46181872394443674, 0.7506356420034614, 0.11066888376890542, -0.11889239474910894, 0.5419014466960065, -0.5671159815414074, -0.6772986727439607, 0.03007250179159178, -0.6579970912935673, -0.21321501363211207, -0.820668372323834, -0.1471716260243849, -0.6415599427906493, 0.5030429380297124, -0.7244279646806596, -0.3714606754012898, -0.6718990190215773, 0.24347522160202195, -0.34700841406041777, 0.783870805543882, -0.45142478301873784, 0.9505183782674285, 0.2080843198020435, 0.9774706927975803, 0.048667815806222474]
1329.8866290111139	(8, 12, 2)	[-0.8578184624325499, -0.9824564069784886, -0.7172580221229535, 1.0104435805554188, 0.20366949244520818, -0.11296334851397889, 0.7598334598796678, -0.42915703165039665, -0.09975331803622903, -0.18819122677226285, 0.44396383319162036, 1.005576512473585, 0.33717930863472884, 0.4757411151423567, 0.8106680167036765, 0.6781806040630205, 0.8116698784082613, 0.703849157338093, -0.6067764744119047, 0.4161097554008193, -0.0005792859483179508, 0.08764873240015095, 0.6850437241428228, 0.8382103596063593, 0.2639721385327254, -1.188351126391004, -0.027051472267251568, 0.7234667379925781, -0.4927472524619511, 0.6571622405037719, 0.1593353336475442, -0.11101816521753571, -0.12640115164410878, -0.04264641007172129, 0.017416291392471882, -0.12775151898022621, -0.13023195440385177, 0.7820270476752667, -0.6300495953454568, 1.1213350912591877, 0.337834714333357, 0.4192427399298869, 0.11709581766774681, 0.6265543636245052, -0.647600035521954, -0.533764840855234, 0.25216173152160615, 0.15239296358403026, 0.8738413987855673, -0.1308088377973945, 0.2173811282015559, 0.11234290494529696, 0.9629018633859604, -0.2988285744515446, 0.26735710328480533, 0.020347301165211183, 0.1640267687051933, -0.6444414688540184, 0.8002862771639894, -0.6903456070660251, 0.036132544838446384, -0.1696250422792908, -0.719319444349119, 0.38722245976225333, -0.22253775238885018, 0.85611861528639, 0.42807916952304853, -0.19543052872845734, 0.6812545707537182, 0.2946773853792272, 0.8995928601190732, -0.028560355661771182, -0.2303469213021164, -0.6329342370748804, -0.12538247658198273, -0.20188360834490388, -0.3061154685673729, -0.04970960903291117, 0.5853175349295959, -0.46043119867153864, -0.6898300922768366, -0.8209846934606917, 0.6420679419427939, 0.5768156098094255, 0.303458597013725, -0.45405651349537307, 0.042576430908285445, -0.7876053594150821, -0.44145612721333777, 0.2197469347075914, 0.5136825847226818, -0.7008857414737527, 0.7272331287956679, 0.7185094436579198, -0.22114096668747282, -0.437875525976062, 0.7513279059812461, 0.08943992938264554, -0.1435253896785002, 0.5036489585895431, -0.6092483446876824, -0.6746605516531694, 0.029475140814046563, -0.6491781353424366, -0.22283707145664988, -0.8499752379546145, -0.14794516450617032, -0.6272600275175535, 0.492359158475763, -0.7175293734975848, -0.37032926909730857, -0.6724388218012816, 0.3236431715562225, -0.3464432023378323, 0.7598227777705271, -0.4455660032078658, 0.9473230128393219, 0.19751210268527591, 0.976220064144074, 0.04602633529784326]
1290.4480796747798	(8, 12, 2)	[-0.8620261552275557, -0.965485676130835, -0.7205634384016181, 0.8523288000024523, 0.20180538505129506, -0.11342675663999667, 0.7632869892988986, -0.4368013910848743, -0.03208182047154906, -0.1759599378134841, 0.4348776254126928, 0.9795990075708066, 0.33649027416689115, 0.47654853126743046, 0.8087114426767351, 0.6969100857215282, 0.8119540293510652, 0.7379708670957943, -0.6476846279134354, 0.35074538161190666, -0.0018747755738677168, 0.06027790174699734, 0.68981445515193, 0.837680636639893, 0.23730989655666326, -1.1539866892128396, 0.0032777695531403476, 0.7125370435607677, -0.4891583724803889, 0.6394671729090727, 0.2739411737432603, -0.06964773168826457, -0.13174957352197517, -0.03650540959066179, 0.020279154323316527, -0.12858821417304844, -0.13031196429449626, 0.7307444393129257, -0.6323339342283437, 1.0631029279018795, 0.3377601263950536, 0.37602607622466105, 0.11793933591999323, 0.6215682149731984, -0.5989051260068428, -0.647855680165876, 0.19405067803106832, 0.12804841330483455, 0.9351399154952508, -0.12735896236479347, 0.21674338447319164, 0.11208357872556426, 0.9612521890627006, -0.3124691889174629, 0.2674348114113648, 0.038054948908466085, 0.019018354737873777, -0.31266811575254017, 0.8023217077991518, -0.6328518757484055, 0.03349791656081168, -0.17357656402845423, -0.1653021366267985, 0.3548494882404614, -0.21339907566915117, 0.8764806165825164, 0.4020558194252339, -0.15214032736862754, 0.6799403688632284, 0.25121831198164263, 0.8830686392599647, -0.0023269828714871394, -0.2855393382487405, -0.6231691075727909, -0.15032472346726064, -0.277260710163774, -0.3375860652092687, -0.0638052199530508, 0.5714728080309857, -0.5028595099224437, -0.6909259657222356, -0.7712344915699587, 0.6418947412345946, 0.5757776833864408, 0.30583095068476995, -0.4552807593875211, 0.03166040153865041, -0.8170266318867528, -0.3889312431081437, 0.2544604531219635, 0.5453127229277295, -0.7019650550423637, 0.75167763499637, 0.6118123976428538, -0.22231681564282982, -0.3381395725433123, 0.7464204933030554, 0.11026019436767574, -0.1360353276137963, 0.5627316109915974, -0.6191330050176451, -0.6806725809716535, 0.0046773701539457434, -0.6648843323104695, -0.3316085865621128, -0.8343757757097584, -0.1448134460075225, -0.6474317506181396, 0.4659611298821736, -0.7170031718771764, -0.37363657286737867, -0.6728702835427829, 0.24218002548553733, -0.37221562551372844, 0.7835699506297144, -0.45403136828473134, 0.9410219546741654, 0.20152925569453306, 0.9746518206230366, 0.049015691448118674]
1241.729128507689	(8, 12, 2)	[-0.8608654526186308, -0.9775433930911265, -0.6437344090555741, 0.8524534808132441, 0.4066821017298635, -0.11430078372262104, 0.6895886120447221, -0.42551308933990656, 0.0415819649586697, -0.1714170441932447, 0.4387337936205702, 0.9543014708283785, 0.33589512585763603, 0.476449951167164, 0.8246332653699844, 0.6859129682183164, 0.8111863155372476, 0.7037074437378382, -0.5695512253547905, 0.3530013597653529, -0.028633160791858396, -0.009179396554040431, 0.6873991659822825, 0.8310621510318595, 0.22256297967390393, -1.196729014571063, -0.07107717949947977, 0.7172148477072563, -0.49444135521214344, 0.6555421016674716, 0.02898811861618424, -0.15380397603274304, -0.10799019270376162, -0.025086513922457008, 0.009513026367588467, -0.12774220247666432, -0.13031288996454793, 0.7356598576459654, -0.6421604805270401, 1.049667292530371, 0.3341396901076314, 0.3982563272396369, 0.11828204091306184, 0.6255840118969956, -0.7308105038974241, -0.5873609589701557, 0.3521400378161398, 0.15017322511801534, 0.9853405477110808, -0.13238227524503474, 0.2063353679208656, 0.11242561499598945, 0.9635184767450998, -0.28643004251231696, 0.24029730096925903, 0.023403450417567202, 0.1487909738571438, -0.6595831589075786, 0.8035507587886153, -0.6905631320636452, 0.06797003661818055, -0.1811254730778832, -0.8927967107637711, 0.4912106743584922, -0.22739829925200816, 0.8519506457067038, 0.4236274388261606, -0.20759555803157514, 0.662288648437744, 0.278891568089278, 0.8831678868900447, -0.35769991055872014, -0.3151243574503748, -0.6293196540901086, -0.0827806948390673, -0.24910852680206036, -0.6074657500162463, 0.053006616746400156, 0.5555186953401996, -0.540722890030945, -0.6896162256997285, -0.795041244895169, 0.662002426510744, 0.5762401265993786, 0.31057973095958946, -0.45035773908001936, 0.017611300621037856, -0.7832547661585624, -0.4643840711307485, 0.22152886279212708, 0.5252681935020191, -0.6666190919910375, 0.7357962877695942, 0.7666567282117309, -0.22549362066000964, -0.18636897263564173, 0.7875905826949556, -0.01944244889848804, -0.13639655766236208, 0.48387055498713993, -0.7706317454280569, -0.6760335495262515, 0.021154093287325558, -0.6496043625642081, -0.2465611999438192, -0.8289744983625793, -0.1611484880563866, -0.8361507023842223, 0.4862862217530673, -0.7281094830209707, -0.4253295413977269, -0.6703738843889138, 0.2402982404164031, -0.3763263554769198, 0.7835513960080475, -0.4696420441752413, 0.9491925095707372, 0.14229135495305012, 0.9889102513363537, -0.006315532894610426]
1338.0844242038183	(8, 12, 2)	[-0.8594208041558975, -0.9822774355485901, -0.7162601504962257, 0.897865894695235, 0.2036498239745064, -0.11510122255607456, 0.7603264694847879, -0.4302488622489684, -0.08949367334254404, -0.18814808148192783, 0.4432330582083167, 0.9910670101369012, 0.33736059621396536, 0.476262330204017, 0.8149117565659594, 0.6898105816388996, 0.811644939155506, 0.7038550518990617, -0.5801845077031401, 0.40485750956712385, -0.010933713496497754, 0.08813642194760367, 0.6676657117822473, 0.8341550258658287, 0.2599942000138462, -1.1828919818821095, -3.5098606904440666e-05, 0.7221729822174134, -0.49318732686462846, 0.6432206486749383, 0.27876563889991895, -0.07044702051341625, -0.12553078234945395, -0.04088420572734213, 0.017022440322610792, -0.12774547490957716, -0.13019955429163269, 0.7708434621805056, -0.6298897313502064, 1.1299822330047604, 0.33645024662561573, 0.40454832360126486, 0.10577512054176771, 0.6262934266565697, -0.6322769880528358, -0.5603072872864324, 0.26489213853481286, 0.14906350605321486, 0.8192162101705096, -0.12860393628906489, 0.21446534590900912, 0.11236505906920063, 0.9633026147958555, -0.3017759196785284, 0.2673681343931014, 0.02053350831265997, 0.16280952675057572, -0.6445683037847254, 0.8008953083905048, -0.6999567504958093, 0.036707332270684345, -0.16939577814003856, -0.7243680369260753, 0.36197729697527015, -0.21718969762130877, 0.8563949678962609, 0.4275709713787803, -0.17498306234404873, 0.681178886957026, 0.29647399277260583, 0.8978356381803179, -0.024898313651584125, -0.2551946736856822, -0.6327584503253552, -0.125901997062665, -0.24686576759461243, -0.3343354434050353, -0.0527074844880326, 0.5857640438250566, -0.4777350612917373, -0.689901173620987, -0.80583707680395, 0.6423158471150594, 0.5769383550289601, 0.3080023597812194, -0.45283615883614164, 0.042355620052236705, -0.7874245043219822, -0.43878326899016, 0.2183446052751853, 0.5219381385639691, -0.6972801970423448, 0.7433673687920871, 0.6841959573512618, -0.2213951604991455, -0.44178273150333797, 0.7499417638419811, 0.08931171600236201, -0.11243578245596757, 0.7562411238931205, -0.6121183102668516, -0.6738105162888794, -0.0035965179097008316, -0.6604335741311934, -0.22169690692814598, -0.8505117434108357, -0.15225935811962932, -0.6271023854590059, 0.49173591167776265, -0.7178029462967332, -0.3725333529216769, -0.6724434957030101, 0.2668690526022347, -0.34685129779445095, 0.7573397671956282, -0.44531233462573944, 0.9431039529259296, 0.16573484141120315, 0.9753776153364812, 0.046095464990005525]
1059.6111517216516	(8, 12, 2)	[-0.8622477815459214, -0.9865541897605817, -0.7062662828893229, 0.8421698102795289, 0.20319649636275094, -0.1141135595728784, 0.7633477688230494, -0.4371800090627766, -0.02433457394716388, -0.17589027740056803, 0.444229785222423, 0.9709969505567332, 0.33580226285681936, 0.47644763250125216, 0.8142032608192202, 0.6918462310871878, 0.8119523802060392, 0.7349741096181394, -0.656841734528538, 0.3456349692615258, -0.000748109573139831, 0.10954970658872648, 0.6844975388779722, 0.8391786473239607, 0.23527563049799913, -1.1796104358340027, 0.0016421339017007144, 0.7162984340768894, -0.4878963016452003, 0.6326068330312854, 0.24179596731615666, -0.06684613058482021, -0.1351285600372019, -0.03689608249003449, 0.021680191210462548, -0.12845525985085957, -0.13017354398480466, 0.7268236694197623, -0.6481809316848081, 1.0832863025704518, 0.3372773686318798, 0.39053840662932865, 0.10617554155455705, 0.6241180099606108, -0.6215294143055972, -0.6092592425275514, 0.31645997047567165, 0.12771423379115246, 0.6960393328319257, -0.09325606673656121, 0.21070282488407627, 0.11218535057956339, 0.9636790704646767, -0.3070888235143476, 0.3083200528449862, 0.014229075642554092, 0.05605308754656088, -0.6378867212035649, 0.8023565745008698, -0.6794849493744378, 0.03360229530821075, -0.1732704167352763, -0.48542930627344205, 0.36521065361514865, -0.16209338287520597, 0.8760118087785482, 0.42911282237509435, -0.14103958816013087, 0.6802254254986029, 0.26389719348452645, 0.9013254710302466, -0.004849454320923496, -0.29573267942495296, -0.6314291774717599, -0.1134813236725838, -0.30169668648188896, -0.3408173447010222, -0.05237811082124036, 0.5519478060308372, -0.49899597067101836, -0.6910068299271248, -0.786363163552293, 0.6375290589929837, 0.5802198855768153, 0.30552326422515075, -0.44644433646460674, 0.28447674964997477, -0.7926016527897859, -0.4163983515375174, 0.2578225075700672, 0.5429925567402618, -0.6846031611993404, 0.753775453710797, 0.6713707992032868, -0.22246466855421662, -0.35558794347862877, 0.7465366958586519, 0.09392625351299978, -0.11178282594660066, 0.5298778638878512, -0.5692098601574987, -0.675051949220269, 0.026705346830540044, -0.6600984821585385, -0.27989205970052616, -0.8338235522497448, -0.14071684857547423, -0.622515195358488, 0.49910615546513215, -0.7170248131932803, -0.382286176315171, -0.6409410897568026, 0.24026278094618247, -0.35656911087350357, 0.7840519377605552, -0.45926471885624465, 0.9438322121173057, 0.17786106928074985, 0.9775892213361764, 0.048239877357866154]
1421.1849916840472	(8, 12, 2)	[-0.8606691967041427, -0.98481270776402, -0.7135096522574476, 0.8836343376534916, 0.20331565647931094, -0.11475951124255852, 0.7614701218371674, -0.42862472586842615, -0.0868878583132091, -0.17621300581205668, 0.4434711175997703, 0.9812007317736144, 0.33702056604674013, 0.4762946685162441, 0.8141507169534894, 0.6902035544922923, 0.8119632541109177, 0.738906448596953, -0.5942899660031765, 0.4186767833787591, -0.005843427229090224, 0.08908364984664281, 0.6802335940824038, 0.8402219681409562, 0.2609379004873604, -1.1796516027865072, 0.0007138440858240002, 0.7231708241615746, -0.49176192614634695, 0.6389841197863565, 0.25118953627294915, -0.06882057029578795, -0.13510142203920522, -0.039188319206461535, 0.02061518181648101, -0.1283466991054993, -0.13017770089297068, 0.754854838224794, -0.6389084335775075, 1.0951084173652774, 0.33725579190836924, 0.39637784461738385, 0.10589859288537595, 0.6262697565844463, -0.6193179712419139, -0.5523232612704091, 0.3136428109416167, 0.13540108984500768, 0.7022286143609217, -0.11992485043206354, 0.2152881477412349, 0.11224303621994544, 0.9634842820771302, -0.3061290318957097, 0.3152364728330098, 0.020337066232242008, 0.15044446873104544, -0.7394759588414568, 0.8012212308673211, -0.6912290252900327, 0.03555445467417244, -0.1727681290728419, -0.7804848554871012, 0.3627379845386993, -0.16817961491288916, 0.8594010686324507, 0.4290277994910281, -0.1540031011444103, 0.6804578094284174, 0.2643237715949265, 0.901507903957353, -0.01215417599307432, -0.29265870175029246, -0.6322765329676678, -0.11443943968551848, -0.2828822927038173, -0.33785578317980064, -0.052451250982814675, 0.5784907181667167, -0.4842376596840903, -0.6910246510544107, -0.7979299246349125, 0.638990527799638, 0.5807210093493477, 0.3051039175469116, -0.45094159122689753, 0.25337150910982004, -0.7877814077512291, -0.4436179519418934, 0.3607482070892364, 0.5237804544394737, -0.6953255388898865, 0.7469621425912463, 0.684752228605548, -0.22185359656140616, -0.4571606800787916, 0.7461723390393753, 0.0949395874707339, -0.11190635733096627, 0.5129554530654231, -0.5699638196001372, -0.6735641003808583, 0.006601018650662675, -0.6602583172840418, -0.2706840409446993, -0.8386091039662956, -0.15115355920343765, -0.6217243487148286, 0.5006626109612211, -0.7174021757198622, -0.3842570268464646, -0.6762998065283438, 0.23980794942150427, -0.35433686897709404, 0.7660000904023112, -0.45604333669619224, 0.9459320279527479, 0.1633138726820658, 0.9750644004942002, 0.046333662646725726]
1321.8581090909602	(8, 12, 2)	[-0.8620261552275557, -0.965485676130835, -0.7205634384016181, 0.8523288000024523, 0.20180538505129506, -0.11342675663999667, 0.7632869892988986, -0.4368013910848743, -0.03208182047154906, -0.1759599378134841, 0.4348776254126928, 0.9795990075708066, 0.33649027416689115, 0.47654853126743046, 0.8087114426767351, 0.6969100857215282, 0.8119540293510652, 0.7379708670957943, -0.6476846279134354, 0.35074538161190666, -0.0018747755738677168, 0.06027790174699734, 0.68981445515193, 0.837680636639893, 0.23730989655666326, -1.1539866892128396, 0.0032777695531403476, 0.7125370435607677, -0.4891583724803889, 0.6394671729090727, 0.2739411737432603, -0.06964773168826457, -0.13174957352197517, -0.03650540959066179, 0.020279154323316527, -0.12858821417304844, -0.13031196429449626, 0.7307444393129257, -0.6323339342283437, 1.0631029279018795, 0.3377601263950536, 0.37602607622466105, 0.11793933591999323, 0.6215682149731984, -0.5989051260068428, -0.647855680165876, 0.19405067803106832, 0.12804841330483455, 0.9351399154952508, -0.12735896236479347, 0.21674338447319164, 0.11208357872556426, 0.9612521890627006, -0.3124691889174629, 0.2674348114113648, 0.038054948908466085, 0.019018354737873777, -0.31266811575254017, 0.8023217077991518, -0.6328518757484055, 0.03349791656081168, -0.17357656402845423, -0.1653021366267985, 0.3548494882404614, -0.21339907566915117, 0.8764806165825164, 0.4020558194252339, -0.15214032736862754, 0.6799403688632284, 0.25121831198164263, 0.8830686392599647, -0.0023269828714871394, -0.2855393382487405, -0.7185157937167244, -0.15032472346726064, -0.277260710163774, -0.3375860652092687, -0.0638052199530508, 0.5714728080309857, -0.5028595099224437, -0.6909259657222356, -0.7712344915699587, 0.6418947412345946, 0.5757776833864408, 0.30583095068476995, -0.4552807593875211, 0.03166040153865041, -0.8170266318867528, -0.3889312431081437, 0.2544604531219635, 0.5453127229277295, -0.7019650550423637, 0.75167763499637, 0.6118123976428538, -0.22231681564282982, -0.3381395725433123, 0.7464204933030554, 0.11026019436767574, -0.1360353276137963, 0.5627316109915974, -0.6191330050176451, -0.6806725809716535, 0.0046773701539457434, -0.6648843323104695, -0.35734905973358033, -0.8343757757097584, -0.1448134460075225, -0.6474317506181396, 0.4659611298821736, -0.7170031718771764, -0.37363657286737867, -0.6728702835427829, 0.24218002548553733, -0.37221562551372844, 0.7835699506297144, -0.45403136828473134, 0.9410219546741654, 0.20152925569453306, 0.9746518206230366, 0.049015691448118674]
1078.4640093332432	(8, 12, 2)	[-0.8594183413347084, -0.9815533442477795, -0.7007851557278092, 0.9000975152468027, 0.17626728110087478, -0.11491018589196365, 0.7455518912608943, -0.4299874639114941, -0.08688596897797377, -0.19006951865435057, 0.44377025826086586, 0.9976099213405841, 0.3453894032012648, 0.4762539947858877, 0.7900296606793792, 0.6873605387893401, 0.8117074814276409, 0.7038600256618766, -0.5764919480252907, 0.45770261885791025, -0.0080829526313523, 0.1045073824038032, 0.6678299422842141, 0.8343117450255721, 0.2070755296503994, -1.1855668014949368, -0.0823452217108574, 0.7224703330529558, -0.4940033981862127, 0.6435207751721783, 0.1343247213119263, -0.16415259870387278, -0.12271513094142007, -0.03061455272269023, 0.01861394400270073, -0.12774524542250287, -0.1301950655556934, 0.7426634378337851, -0.7752383817729441, 1.1267666476390725, 0.33619557013034435, 0.40094865979629873, 0.15880220334715683, 0.6258983954876525, -0.646094407429816, -0.5582146806631264, 0.2873422773531673, 0.1494073782227988, 0.8220692034054267, -0.13186994719924292, 0.2056153598947775, 0.11240197648370362, 0.963311519335234, -0.2927672720632142, 0.2502786500896218, 0.020591771422902815, 0.1628194776128818, -0.6535322199714824, 0.802505488421223, -0.6999582424411623, 0.031890175257351085, -0.1673863949294126, -0.7524698294645077, 0.35458327313274857, -0.21959398986758663, 0.8556106952597774, 0.42786293853709884, -0.21398602664198266, 0.6818886386413707, 0.285032484831659, 0.8774042986704069, 0.010746568264591631, -0.2491218553004721, -0.6317723175817963, -0.09539183255623525, -0.24694356652276853, -0.2655903148980026, -0.06738789670896259, 0.5765107887084346, -0.3766311519470064, -0.6898866634829844, -0.7978243493686576, 0.6464009950338644, 0.5769614881488557, 0.30922716420228147, -0.453144825413837, 0.023595105521316263, -0.7859887479910259, -0.46070290134689507, 0.21798844908639786, 0.5224980570711993, -0.6898778855710741, 0.7430036463630696, 0.6939693873261013, -0.22405689512259053, -0.36544404919609486, 0.7451276133129453, 0.08057541393661785, -0.11020779122088853, 0.717966102985856, -0.7736692207296613, -0.6749754314912539, 0.01188750800516047, -0.6616852453831872, -0.22397022474246991, -0.836584165970276, -0.155320764942281, -0.6377271359365121, 0.492131007234148, -0.7228604624138578, -0.37010832578910535, -0.671548040619572, 0.26680970905879364, -0.3502539835029675, 0.7643400127199562, -0.458030690204019, 0.9441389689590753, 0.1617079237769375, 0.9867976210218605, 0.03866817590230615]
851.1341783091183	(8, 12, 2)	[-0.8606652404913219, -0.9890532301621648, -0.6252016895613204, 0.8624132700721948, 0.1749929225829645, -0.11426459813995225, 0.7615155890581218, -0.4254492748980886, -0.06835476460702973, -0.17323556823732805, 0.44062725963532795, 0.9800457837755939, 0.3283845592179952, 0.5335440561717812, 0.819635859195684, 0.6933523768908941, 0.8113213025985622, 0.7037820256655124, -0.627295377680474, 0.3567995570065251, -0.02590417659381268, 0.08058036757475573, 0.6865535365430064, 0.8315354485491299, 0.2182353372347003, -1.1949776659995601, -0.07956580565124903, 0.6839242132271964, -0.49322019233956027, 0.6518000704571989, 0.19380756312661607, -0.08638900916521734, -0.10911920158132538, -0.03212886235581256, 0.0193244371004771, -0.12755048232914795, -0.13030505115877322, 0.7383375945236099, -0.6431804411657868, 1.0508395935796655, 0.33405625441204057, 0.39797197029104375, 0.11637349517263275, 0.6258980705339513, -0.5770333215973678, -0.5933694867055141, 0.3231483409933608, 0.14323942145272325, 0.946061960606578, -0.13061391270792402, 0.20572584545532785, 0.11226445129754223, 0.9639947171984492, -0.4045707234526862, 0.2581196663278171, 0.03080346716687781, 0.15208069424895085, -0.5182197204347649, 0.803697339398526, -0.6423842471600864, 0.06948473649091859, -0.17565581634004948, -0.7338888021794372, 0.39188248833052625, -0.17406792651338954, 0.8656582203872714, 0.423934808967883, -0.2032953322761268, 0.6675304361353932, 0.27861312230458507, 0.8818464551610707, -0.20675326412246775, -0.29969792850148164, -0.6259044563981289, -0.08965031002986998, -0.2544173459448531, -0.49470818670648176, -0.014384468580137116, 0.5621749539131671, -0.5330230453000449, -0.6929568967307808, -0.8451845783355288, 0.6420299840739033, 0.5760025871713834, 0.3100856141387834, -0.4538723822123179, 0.014184489263261324, -0.8175522116000679, -0.35206990078175326, 0.24233839416676145, 0.5238376424462544, -0.7011562248810124, 0.7455407805406317, 0.7713294954666762, -0.22523596109016886, -0.25207920410930446, 0.7774579249204302, 0.007556505157573903, -0.10885275814503749, 0.5202158378800716, -0.5912600844370461, -0.6828099073173047, 0.021460893798353003, -0.6584235140370555, -0.24696181150033444, -0.833836553455228, -0.16054430946913706, -0.6994262330731554, 0.4894079500605942, -0.7283601124970446, -0.3886219205183373, -0.6639896610022247, 0.2358015796929416, -0.3805011639698128, 0.784535268117042, -0.46820797132883274, 0.9381853035975027, 0.1401269965314659, 0.9800605759754741, 0.04455810407047192]
1114.5742650474442	(8, 12, 2)	[-0.8594345277766047, -0.9798563184863995, -0.6942693725874913, 0.8969793082523945, 0.19313194808656226, -0.11302567533483973, 0.7457711860516, -0.4301068943969944, -0.08425163484757948, -0.1854100152031994, 0.44094812427937374, 0.9931330920953497, 0.3520262702363694, 0.47631373296093715, 0.8061124860353365, 0.6879944831948577, 0.811053863709238, 0.8763928505737569, -0.5945579514051115, 0.4242065184650447, -0.010584659164657185, 0.009861701185195871, 0.6711681246238539, 0.8342949512793426, 0.23789639131183113, -1.1862542122662616, -0.06768108900053088, 0.7230708154562683, -0.49401458131304277, 0.6432922581145344, 0.28965837573096964, -0.1731701838931469, -0.12310428609949173, -0.03209654827578371, 0.01907014600047812, -0.12768314823048094, -0.130202109970573, 0.7232930330824422, -0.6933557540691746, 1.1282075506289544, 0.33615391466173367, 0.3954643559100079, 0.15721838895009982, 0.6260300821289492, -0.6528381211642199, -0.5581116641829064, 0.26757835390757284, 0.1469939225173988, 0.8580023483509556, -0.13184002985793236, 0.20546000357013025, 0.11229788355893454, 0.9618152501603314, -0.2846689910073405, 0.27721799043601575, 0.0205771616093339, 0.16110977843392466, -0.6483995176177263, 0.8027004874049768, -0.699943375121446, 0.04044690570202908, -0.16547708425971483, -0.8437261941922429, 0.33865817904814544, -0.21968049140251747, 0.8426917062136107, 0.427605104274129, -0.19166733874666647, 0.6823414014159093, 0.2845165250164787, 0.8937187702771686, 0.020281277183489238, -0.29157526074095946, -0.6321411008630762, -0.10074325187792443, -0.2871670687973895, -0.37112219297768084, -0.06672295131151623, 0.5626212099251972, -0.43886233689317294, -0.6898881386859055, -0.7977575685446382, 0.6471350290248792, 0.5765849126574816, 0.3095792426156677, -0.45326770061891264, 0.0239925131911029, -0.7859431246999344, -0.45757564596864975, 0.2169609142143494, 0.5272430194892932, -0.6896339881765867, 0.7437398748768161, 0.6861935358407724, -0.2238213929025261, -0.3538254123285036, 0.7453380104546424, 0.08050597231015544, -0.12027135406401623, 0.6960955434364047, -0.785355853531723, -0.6770262116303626, -0.19481274139199378, -0.6611759212232662, -0.22369222551891216, -0.8364238546768407, -0.1518492975047431, -0.6393785627827276, 0.4901949330344201, -0.7148623978866429, -0.41334084859533526, -0.6709367100036329, 0.26913009573662255, -0.3499493601955615, 0.7672623816619546, -0.4625336940888303, 0.9445496214386885, 0.19604048401507884, 0.9861932378315175, 0.02321752451403627]
1047.3950505274663	(8, 12, 2)	[-0.8606891517395703, -0.9830238201499942, -0.5975914822926294, 0.8847016120718009, 0.1988829422713207, -0.11413329667352905, 0.7703935655655718, -0.4274298397369519, -0.07458174686986374, -0.17468868621550546, 0.4406308438914963, 1.0013640037062301, 0.33036818423442404, 0.4842271287911076, 0.7847733800340875, 0.6874195023274023, 0.8208997299063971, 0.6857493113881524, -0.5935275872203479, 0.3841302742296761, -0.024889547639689192, 0.08156298927991598, 0.689262433330765, 0.8307477561562181, 0.2503026006903201, -1.19737074201231, -0.024520182497445725, 0.6635616385787253, -0.49352698943405654, 0.656669352539808, 0.19300750839196562, -0.09512315044013918, -0.4290327405342023, -0.0368838861182129, 0.021605693962396345, -0.1276565845072136, -0.13030145299516488, 0.7699685902147037, -0.6248985660591393, 1.052600595491113, 0.33389346730618935, 0.3796744470767063, 0.11626518402101371, 0.6258157273138433, -0.6196484101247887, -0.5928076223657798, 0.24852165779627206, 0.12656233349360432, 0.9587378184389316, -0.12331023819361589, 0.21030295141512345, 0.11227189297688213, 0.961707416617845, -0.28968671466309226, 0.2601629471269228, 0.02436020543550508, 0.16260192264395545, -0.4583041502965507, 0.7970146818997742, -0.6372697862827689, 0.030161989277723497, -0.17051023614345032, -0.7776287825232095, 0.41306335529037597, -0.18953432636512357, 0.8424424215336741, 0.4205371967805267, -0.19327216130329244, 0.6664754582583742, 0.29119166606920494, 0.8828410936457115, -0.2549023090818713, -0.2927803614420847, -0.6257522348160601, -0.09634016466157436, -0.2678227210801374, -0.4306026863596447, -0.04577510153740391, 0.5942730763807723, -0.5033747260146458, -0.6902595847767534, -0.8250241225209466, 0.7253836425458781, 0.5758740521658606, 0.3091519189071595, -0.45744734163465883, 0.026223324106137525, -0.8165260163320884, -0.39925621265170685, 0.2530693681674918, 0.5449551770489728, -0.7001128893771338, 0.7249566910468188, 0.7881870179070446, -0.22305328188438095, -0.21449362636660121, 0.760515063170477, 0.15807939879302962, -0.11190771744762026, 0.5212488053290967, -0.5932160703726914, -0.6829289895076954, -0.0010619423137185101, -0.670690880128721, -0.23965239500326194, -0.833797992309431, -0.155700908339623, -0.6782890887766624, 0.4851727669525077, -0.7290004940183277, -0.3783643131990271, -0.6669287310652022, 0.2622618590736199, -0.3782105525130441, 0.7694081455261915, -0.44887754716593375, 0.9375730445392024, 0.129217348610343, 0.9783365266104503, 0.040761580178353934]
775.3609040892279	(8, 12, 2)	[-0.8598069592882654, -0.9814337144859654, -0.6965151366003749, 0.8748218378090228, 0.19055788160643156, -0.11436350816661404, 0.7472853856817194, -0.4299801247622975, -0.08638706591322597, -0.18662905375765362, 0.4442762025194925, 0.9952860068122967, 0.33968678932099816, 0.4763252320877061, 0.7990786707326636, 0.6876746561527723, 0.810879066599043, 0.6968690578342395, -0.5964613004209656, 0.44557391183654377, -0.008900065023000602, 0.11315508148473179, 0.6716230993043607, 0.8230959371815488, 0.22571952429790113, -1.1900187976130776, -0.06491939328997803, 0.7227351309673214, -0.49377385364125537, 0.6429171851388893, 0.15124516355422588, -0.13833860743259457, -0.1230485553329749, -0.03243311548909033, 0.018442003386924255, -0.12775981525148158, -0.13018243254074308, 0.7462035936518376, -0.7948189372635381, 1.1279216611534422, 0.33706100475479917, 0.40066678722177845, 0.15995831128614474, 0.6249358243046876, -0.6525595492084407, -0.5669977509350486, 0.2766583801667423, 0.15155375335720273, 0.8549123473623232, -0.13186100921229577, 0.20777456769579863, 0.1123192280675612, 0.9621229964406157, -0.28771992183628897, 0.27506390675189746, 0.027033886006618196, 0.16219405317900046, -0.5884809178752644, 0.8023454106844445, -0.7001676047326212, 0.041514607601582904, -0.16574370667622904, -0.8213107540323803, 0.3480689286963857, -0.21970099006436025, 0.8405800445129094, 0.40529270425217573, -0.19519406051476945, 0.6823309240709291, 0.28491704691053954, 0.9555157143270423, 0.01762324676457961, -0.27795165080420686, -0.6605617503973784, -0.10037646188184841, -0.2620147813881227, -0.2528403145674105, -0.06662876548160966, 0.573233507404416, -0.43415904872058136, -0.6900704408204124, -0.7980104486147138, 0.6464603796722251, 0.5765765801004652, 0.30776319654471596, -0.4532814761527668, 0.02431473935728897, -0.7870361473621816, -0.4584737580224149, 0.21720817159083972, 0.5249966280962512, -0.6896516783045599, 0.7419355114372375, 0.6946011524593979, -0.22409528016717395, -0.3638337005889542, 0.7451196643660618, 0.08347314236909494, -0.12689058666820374, 0.7105455984293968, -0.7016144374217308, -0.676929072641142, -0.2240397312550052, -0.6613068043693368, -0.22857031096928684, -0.8357552090770582, -0.15152231000218888, -0.6374158520088322, 0.4933735318547658, -0.7188439278852934, -0.41884715014827884, -0.6708514205353487, 0.27092418066467705, -0.35998376740760724, 0.873734233407863, -0.4611139485862916, 0.944598620172199, 0.16762015557474425, 0.9869403638929674, 0.03913439763472771]
1426.0192039625067	(8, 12, 2)	[-0.8605466688324268, -0.981552865845061, -0.6355617307432391, 0.8801338150411305, 0.20490175704233088, -0.11437902007518627, 0.7443624556669118, -0.4303412569656824, -0.08351751062343503, -0.18329830839337508, 0.44197334361519625, 0.9943800566892289, 0.333701230587549, 0.4768951928307646, 0.7930160893852467, 0.6874714667602673, 0.8105439813469587, 0.6957339130820687, -0.5941909015478376, 0.44011067330961395, -0.006955967279497082, 0.11391053454590845, 0.6727791293497465, 0.8257481568462032, 0.2248935928061193, -1.1828788524417042, -0.07206788990690623, 0.7259553255747153, -0.4940561043128726, 0.6440522951366363, 0.12211956235086427, -0.14273598049185304, -0.06577782495747075, -0.033766874772959934, 0.018654891631969643, -0.12774803410048122, -0.13025330239466548, 0.7607431710309821, -0.73525497192806, 1.115520021215762, 0.3351924677830205, 0.3842285462023812, 0.12198933260047096, 0.6256041214451247, -0.6483453438111081, -0.5789372177928875, 0.26965279898938366, 0.15236306261967014, 0.9049991963564301, -0.1323777810312751, 0.20772340009690216, 0.11213323762960058, 0.963076068093307, -0.28794792032193167, 0.2528503053311314, 0.026886380703770075, 0.1626585194946896, -0.4103050254634608, 0.7962193620078157, -0.6989894182152827, 0.036129035332992394, -0.16693227910145816, -0.8273731949539939, 0.33961665109482747, -0.22164296260607594, 0.8459919797359312, 0.4101685844683299, -0.19500308195071114, 0.6830455012314551, 0.2883371826226397, 0.8933807641031125, 0.04971923632924036, -0.29064746072996545, -0.6617092352411732, -0.09836904889783984, -0.26069189283983213, -0.49549741769703365, -0.04183723427659922, 0.572998163263079, -0.38501239923736164, -0.6900856104166853, -0.8007139552845857, 0.6951217427700317, 0.5764454190662104, 0.30895349044641335, -0.45380268567101173, 0.023729870826671284, -0.7887308665860168, -0.4129998599842377, 0.21621957405331269, 0.5247915841989327, -0.6897052432139718, 0.7291045702965452, 0.7120955811022063, -0.2233339138731015, -0.3052036643312304, 0.744144530617317, 0.07978033513941418, -0.1290599290918692, 0.7153706474605732, -0.6775117756064098, -0.675342048448685, -0.22675039427234042, -0.6656147730774912, -0.22316846842081586, -0.8354877247706333, -0.15618587912015944, -0.6374104931022218, 0.49165225023422093, -0.7312859057015635, -0.3688488957315744, -0.6700647102298709, 0.26352127691437954, -0.35753408162802625, 0.8349334807196775, -0.45751882131751187, 0.940552722984431, 0.16861364832913647, 0.9870918446912618, 0.03523114809839739]
979.4894337999187	(8, 12, 2)	[-0.8598069592882654, -0.9814337144859654, -0.6965151366003749, 0.8748218378090228, 0.19055788160643156, -0.11436350816661404, 0.7472853856817194, -0.4299801247622975, -0.08638706591322597, -0.18662905375765362, 0.4442762025194925, 0.9952860068122967, 0.33968678932099816, 0.4763252320877061, 0.7990786707326636, 0.6861472067384385, 0.810879066599043, 0.6968690578342395, -0.5964613004209656, 0.44557391183654377, -0.008900065023000602, 0.11315508148473179, 0.6716230993043607, 0.8230959371815488, 0.22571952429790113, -1.1900187976130776, -0.06491939328997803, 0.7227351309673214, -0.49377385364125537, 0.6429171851388893, 0.15124516355422588, -0.13833860743259457, -0.1230485553329749, -0.03243311548909033, 0.018442003386924255, -0.12775981525148158, -0.13018243254074308, 0.7462035936518376, -0.7948189372635381, 1.1279216611534422, 0.33706100475479917, 0.40066678722177845, 0.15995831128614474, 0.6249358243046876, -0.6525595492084407, -0.5669977509350486, 0.2766583801667423, 0.15155375335720273, 0.8549123473623232, -0.13186100921229577, 0.20777456769579863, 0.1123192280675612, 0.9621229964406157, -0.28771992183628897, 0.27506390675189746, 0.027033886006618196, 0.16219405317900046, -0.5884809178752644, 0.8023454106844445, -0.7001676047326212, 0.041514607601582904, -0.16574370667622904, -0.8213107540323803, 0.3480689286963857, -0.21970099006436025, 0.8405800445129094, 0.40529270425217573, -0.19519406051476945, 0.6823309240709291, 0.28491704691053954, 0.9555157143270423, 0.01762324676457961, -0.2626316388387383, -0.6605617503973784, -0.10037646188184841, -0.2620147813881227, -0.2528403145674105, -0.06662876548160966, 0.573233507404416, -0.43415904872058136, -0.6900704408204124, -0.7980104486147138, 0.6464603796722251, 0.5765765801004652, 0.30776319654471596, -0.4532814761527668, 0.02431473935728897, -0.7870361473621816, -0.4584737580224149, 0.21720817159083972, 0.5249966280962512, -0.6896516783045599, 0.7419355114372375, 0.6946011524593979, -0.22409528016717395, -0.3638337005889542, 0.7451196643660618, 0.08347314236909494, -0.12689058666820374, 0.7105455984293968, -0.7016144374217308, -0.676929072641142, -0.2240397312550052, -0.6613068043693368, -0.22857031096928684, -0.8357552090770582, -0.15152231000218888, -0.6374158520088322, 0.4933735318547658, -0.7188439278852934, -0.41884715014827884, -0.6708514205353487, 0.12509219909212807, -0.35998376740760724, 0.873734233407863, -0.4611139485862916, 0.944598620172199, 0.16762015557474425, 0.9869403638929674, 0.03913439763472771]
1080.7786250913045	(8, 12, 2)	[-0.8597608924438067, -0.9815251594304136, -0.6959007912020171, 0.871091734325506, 0.19033733234870867, -0.11412966778950266, 0.7790385899523488, -0.43006789245482213, -0.030034824842090954, -0.18334296949858844, 0.43798009907550745, 0.9864983749575655, 0.3406064957554102, 0.4754720468798311, 0.7989858195403524, 0.6854894965734244, 0.790753849569524, 0.7560759462731939, -0.5929801352448486, 0.35369419184991613, -0.017847943310627258, 0.11403956303376703, 0.671955583746193, 0.8226034404553251, 0.22475613572862307, -1.1930823045380048, -0.06861828381402532, 0.7293121226962098, -0.4935251541342301, 0.6808177118510401, 0.1760181003359243, -0.07791830901715681, -0.44445612460736117, -0.032186376415090694, 0.019719050133204543, -0.12775068254268707, -0.13013660340134917, 0.7468513336155753, -0.7589121523973866, 1.083651275221519, 0.43824891251177767, 0.363264128213588, 0.16257630191717706, 0.6253773285688778, -0.6417821145884555, -0.6084900874698067, 0.2603819060387335, 0.14126171508784394, 0.8557543818094064, -0.12336663591459263, 0.20778462545312648, 0.11226561909785855, 0.9631811746637856, -0.5215496508688524, 0.2591720580846549, 0.027031958883339813, 0.15147663767090594, -0.45086360832597305, 0.8018704939733093, -0.6498722571244975, 0.04338056014917044, -0.1696021265761718, -0.4657986153151342, 0.34898075210531715, -0.18516589678593381, 0.8774440386197301, 0.40269383509624485, -0.22018989115230003, 0.6714247314437268, 0.27864755562807886, 0.935610901952355, -0.016523447067496977, -0.25481623039928436, -0.7270717485168203, -0.10197291945670424, -0.2661317293199226, -0.3517255978749092, -0.05762251356489479, 0.5720831685407544, -0.4564173925043571, -0.6905101185986321, -0.7975899036442905, 0.6795794322254075, 0.5763369331078941, 0.30819242863760676, -0.4537151407709771, 0.16347755432386474, -0.8111136526078389, -0.45170455645545854, 0.23418299838709236, 0.5362848451739725, -0.6789315352045943, 0.8538385517591239, 0.7660704857581341, -0.22392853467629198, -0.36087676456912654, 0.7641102175379025, 0.0906722934093661, -0.11611771960063946, 0.4090361215576115, -0.7084595890126147, -0.6799894397219141, -0.21344955772176438, -0.6703233646702786, -0.23395019940138057, -0.834832078701568, -0.2431352318373431, -0.6374450812314704, 0.493371573715752, -0.7189127542553512, -0.3932551095460486, -0.6866472269467453, 0.3002065612618696, -0.3629611187855553, 0.8094137739345035, -0.46232073818989544, 0.9424282105840451, 0.1636677895701942, 0.9850846717729791, 0.025762362790704013]
1211.7440830893613	(8, 12, 2)	[-0.8596136122893151, -0.9744258458424457, -0.6819165115967829, 0.8666543889162264, 0.19242307575495218, -0.11294519322472539, 0.7007043029397533, -0.43955163239462725, -0.06295796917111682, -0.18316798113556637, 0.44091857200275414, 0.9931078798077706, 0.3407969986834676, 0.47437629091994393, 0.7915567582811968, 0.6841036990366027, 0.7547956736879848, 0.7399301261691482, -0.6125608426421446, 0.3709955185408732, -0.014363185077457291, 0.05466642918208947, 0.6782410532875003, 0.8351859455456838, 0.24019954815206268, -1.1738616726036648, -0.06990904295289424, 0.7082421645529571, -0.4930666129425085, 0.7026737154613374, 0.307498931214785, -0.07999656769566527, -0.18869741299167414, -0.03415477551869771, 0.018938136797379105, -0.12804400809033892, -0.12520991105321536, 0.7217545452157516, -0.6722551588384015, 1.0467310220434602, 0.4067074857336936, 0.40103715211580715, 0.1075147878090886, 0.6250575751234981, -0.6516899149085795, -0.6650137153302096, 0.2831883954703978, 0.13906658304352554, 0.956043343657407, -0.13183370214212362, 0.2068585485802405, 0.11231179851985308, 0.9564147902204806, -0.40800502730766725, 0.2688452678782658, 0.01686937704468804, 0.053952413318724884, -0.6835967741178998, 0.8036457501912031, -0.6581213295798523, 0.05582033976958796, -0.17103537321223714, -0.7671765399620837, 0.09050522966671026, -0.2205543368132378, 0.8710132415757056, 0.415762893555563, -0.1923853908733472, 0.6808559170587555, 0.26620110213788767, 0.8939753165167914, 0.02678966336697402, -0.295079308111037, -0.6341393192993973, -0.1005755428265781, -0.28685298555817107, -0.29814467864981437, 0.013720853615070389, 0.5631467653402551, -0.4805268985141824, -0.690201990350502, -0.8007343528700861, 0.6593504610059003, 0.5767079110617951, 0.3094713334564883, -0.4240694314012827, 0.061468517768334605, -0.7863306700916195, -0.457096290634766, 0.2403173323124451, 0.5289356561673091, -0.7028112182629238, 0.7475133572764223, 0.7304829714465287, -0.22437775159931553, -0.3337142146904909, 0.7578900407192688, 0.12345247300455126, -0.12045541917743992, 0.5130126780132482, -0.7488131237047998, -0.6764410511607644, -0.06315785502869745, -0.6651612151910294, -0.29267343668858914, -0.8357253980411639, -0.1518634395172171, -0.631375597522408, 0.4897436939386066, -0.7145389226428467, -0.3860101382588927, -0.6645983988807551, 0.2190441700106077, -0.35815220660501196, 0.7674087461597819, -0.46204924634450206, 0.945295483275377, 0.13872101829014466, 0.9809844357915541, 0.024983410875240183]
1025.95183578755	(8, 12, 2)	[-0.8615716714092355, -0.9837529163049359, -0.6713006061516732, 0.8677799958971268, 0.20118494845595844, -0.11366861060768031, 0.7501231460890009, -0.43011999990474953, -0.08426476940612901, -0.1870901940729371, 0.4419275762334193, 0.9880879355622101, 0.3313615563126773, 0.47712375480463853, 0.8016536551305756, 0.6900818046952923, 0.8068056489367844, 0.7151397854892922, -0.6051992801626267, 0.44569156503995316, -0.07498390941708664, 0.12304495700974366, 0.6785963360195608, 0.8299454056616868, 0.22594799456180212, -1.1945676062411248, -0.033903447432820144, 0.7217998534844321, -0.49381722334721084, 0.7012899550443209, 0.13014495786523095, -0.09267631501873405, -0.18454426282488515, -0.029640829309493827, 0.019413124291603752, -0.12778074459520705, -0.13023027114238186, 0.7524164591054548, -0.7638045944873966, 1.1244058998113815, 0.34109847939566257, 0.388864681941902, 0.16825699679499656, 0.6257342112413035, -0.6478744644508398, -0.5869668085197133, 0.27856670040726633, 0.1520150725469878, 0.8723789008212317, -0.12682946098417053, 0.20705981131016066, 0.11215753705157058, 0.9620473204244999, -0.2983532100768407, 0.2715007918842179, 0.02690907753426807, 0.16286633938334588, -0.5759852618072703, 0.653206388691531, -1.0415868165033035, 0.04673635224453782, -0.166207942751202, -0.8511437979790668, 0.35646097625826634, -0.22338018513633087, 0.8413140967492599, 0.41103560195970945, -0.19437576771896117, 0.6821819749258489, 0.28443298889757923, 0.8812288642734465, 0.046968410869173666, -0.2973626448304282, -0.6408585928229877, -0.10298278662519367, -0.25850211660110944, -0.4990934771173993, -0.03353449451796036, 0.5736608680764748, -0.4333713783794136, -0.6901711909158086, -0.8036429759944395, 0.6452386660845811, 0.5765987720689407, 0.3090392034616489, -0.4542057142984811, 0.010718667196840264, -0.7988878705126234, -0.4078084816722759, 0.2180058943996548, 0.5250187789445135, -0.6943312953802568, 0.7200194406050149, 0.6924952042920683, -0.22732924755873601, -0.3303521054835531, 0.7580042808280912, 0.1323012778228313, -0.1281469706140321, 0.6951693156978282, -0.6854280503232033, -0.6776951929900131, -0.22818565980459313, -0.6622892417391731, -0.3107710414187145, -0.8357862034226661, -0.18923672228158603, -0.6372058165630968, 0.49246590936325524, -0.7300222404451049, -0.3814541192282333, -0.6684708438909713, 0.26697845328689823, -0.36448034170436233, 0.8214471070006547, -0.4547408715851676, 0.9417896231891925, 0.1440256921909443, 0.988159819095866, 0.045748580098044854]
1152.1031284245944	(8, 12, 2)	[-0.8600267768566775, -0.9749739370615431, -0.6820623560659004, 0.8617288068514368, 0.1897485363503371, -0.11417520761763265, 0.7288112179142945, -0.4360140929413905, -0.059419291293740205, -0.17837544225115015, 0.43823523599697706, 0.978046397300948, 0.34044250509664026, 0.47255082327783904, 0.790116974181949, 0.6882596393406747, 0.7493233531946343, 0.6889046839047771, -0.6186424377673643, 0.3879744410902449, -0.02631785318264271, 0.0741513405966439, 0.6423140830054005, 0.8322740882153967, 0.23488646140273248, -1.1724394193197853, -0.06826179396429868, 0.7223117378943948, -0.49292529034587385, 0.7059049311739332, 0.0991030988811809, -0.14639670131385127, -0.1887814764106055, -0.030634783075073706, 0.019988819308632194, -0.12770747036922783, -0.12885525562772032, 0.7416363141282585, -0.6888031048675288, 1.050711092878834, 0.3267639877400786, 0.3917821165558389, 0.11453787011070668, 0.6250728769947678, -0.634098692148831, -0.6301089695816664, 0.28224655606278753, 0.15346626380807396, 0.9609691146384658, -0.13264302489842392, 0.2071772247317868, 0.11227452827975769, 0.9569386052254011, -0.4482992388190875, 0.2523657134149999, 0.1459084999747579, 0.045022111669490175, -0.7221353570428588, 0.8039691104706903, -0.6599104136169928, 0.047782992480733436, -0.17077977575112505, -0.7076570116047012, 0.2133126584887845, -0.22573335935128944, 0.8654285892242483, 0.4117400723481559, -0.21386182269714618, 0.6801996405590794, 0.28067657046375494, 0.913538771386784, -0.0899587114433095, -0.27354279968690903, -0.650306131128728, -0.10324186746446144, -0.28268504236524516, -0.37169794962681035, -0.026301093858708758, 0.5788081979225214, -0.4669951646168347, -0.6902019449491309, -0.7987427526756925, 0.6769634713857613, 0.5760372377120355, 0.30947333302354707, -0.4284734757098989, 0.04896961315757151, -0.7998791280802209, -0.4470683663744807, 0.23183520955901546, 0.5251933233178381, -0.7027854248636273, 0.7521653505083629, 0.7457829114104251, -0.2243776005254868, -0.3322984423637795, 0.7560336998279816, 0.12287784318063648, -0.12952047858377644, 0.5848465977207223, -0.6868572221568829, -0.6786365571323326, -0.08415971368241874, -0.6656229396610261, -0.2616048473412829, -0.8351155729882037, -0.16321537018958968, -0.6302340429540957, 0.489769445432383, -0.769697621242865, -0.38281510649187006, -0.6670277935263641, 0.23344226677556362, -0.3578486154179327, 0.8061815913073949, -0.5985314060042835, 0.9404025321002966, 0.1613610175021525, 0.984393517227534, 0.025937598022229523]
1096.5342424477979	(8, 12, 2)	[-0.8860317100186417, -0.9810092376378616, -0.6904983622731014, 0.8670984377918556, 0.19401885502677582, -0.1053285400401622, 0.7243067618507513, -0.43635987800644327, -0.0656627974863515, -0.182979205310307, 0.44123408513885254, 0.9942167381740078, 0.3203878618397288, 0.4757465122785018, 0.7919662288339118, 0.6877623116772218, 0.765146456261544, 0.7000167141895648, -0.5915560303016034, 0.43104811789890085, -0.013915535856362082, 0.09038771585815288, 0.6712523445630774, 0.8388191242403134, 0.22575229330487248, -1.182676977854186, -0.07013650971652687, 0.7129231277640236, -0.4934121400758465, 0.6869087659870629, 0.18582497435795636, -0.10515445259168546, -0.19047853917544932, -0.03406697263499512, 0.018998668494364757, -0.12789627311229468, -0.1293440421476209, 0.753828160478023, -0.6705115505591843, 1.0317113608636068, 0.4000977639237541, 0.39569368210476447, 0.13463082316425073, 0.6251597148928631, -0.6496911809371568, -0.5951334556589325, 0.2800535870953884, 0.14476121279712006, 0.878502283997276, -0.13171536988113386, 0.2041204297225632, 0.11218231327418157, 0.9638795330308458, -0.38452648284467594, 0.2669219246995131, 0.020656563091993516, 0.08849232354690795, -0.42739991703981456, 0.8029002899974459, -0.6548383264535368, 0.04565464500776156, -0.17203257801965186, -0.8276118496348402, 0.24052521954846723, -0.22168811249365616, 0.8402177013434251, 0.4029584774234783, -0.19221001364092907, 0.6808616363995054, 0.28569951135700256, 0.8954270515515064, -0.09252704377630189, -0.28821443995095936, -0.6453003421897636, -0.09989869420349967, -0.2691464957339171, -0.2774248807037769, -0.02851698837585826, 0.5723776800907527, -0.3958685937247658, -0.6902082710549307, -0.8005626291159633, 0.6598803873073691, 0.5766731400350953, 0.3087268891217092, -0.4418492924336232, 0.04728500800399082, -0.7872841653209173, -0.2915387809617408, 0.2392656766814769, 0.528954032540259, -0.7053229736260365, 0.7444445923049213, 0.7450991504333895, -0.22397233794704496, -0.3336027435989105, 0.746152839159203, 0.11787992765769117, -0.1284441183490163, 0.5711612211588852, -0.7030611513989122, -0.6792441652102063, -0.025204443368676277, -0.6650824105804973, -0.27615334497681715, -0.8355618276989264, -0.15646395650678901, -0.6326549345895255, 0.48969016580200836, -0.7130433889887581, -0.3857778069581761, -0.6654717667076439, 0.255715103432886, -0.3711858603881272, 0.8080545438635618, -0.46060799738281405, 0.9413499465333782, 0.1605885553915701, 0.9802922838473798, 0.03274483935583272]
996.9945581982068	(8, 12, 2)	[0.6198060343177598, -0.9824844126278085, -0.6921722418828552, 0.8675775330886818, 0.1945230434182464, -0.11013211355875319, 0.7410236084238331, -0.4368335449437752, -0.058804764072988354, -0.18272647690117313, 0.44067184856978847, 0.9979409586166953, 0.3390858731931328, 0.47459274108915767, 0.7933475029996374, 0.6865632433469123, 0.8012677739093228, 0.6908962335911315, -0.5927277776985461, 0.43744655594905724, -0.01603131420658813, 0.08178705963780067, 0.6727782387760092, 0.8210713249440448, 0.22680872806418478, -1.1850758335779663, -0.06893709101786744, 0.7230724056675452, -0.4932763723800036, 0.670527829091201, 0.1828586218961257, -0.14202608089926014, -0.19302728007264486, -0.509681255305025, 0.018512910529691288, -0.12775594827693132, -0.12956812165714343, 0.7426058928894965, -0.69666398826461, 0.9929834143145035, 0.32581327536111687, 0.3969994781286698, 0.12891131344490708, 0.625177800021801, -0.6481463559367721, -0.6037846305545288, 0.27712421709358687, 0.14384207245727806, 0.8387089239154424, -0.13170517602101145, 0.20691763504503918, 0.11231685536507294, 0.9634024768313939, -0.28104667026011976, 0.2691989571190098, 0.03128198583661992, 0.11968476602282042, -0.5864489567412688, 0.8039029050513494, -0.6667994451628746, 0.04570149098729819, -0.17228647677520015, -0.8306690387867478, 0.24412128046684567, -0.2212621705292482, 0.8405205279556247, 0.4078133293179066, -0.21824473732988983, 0.6818342440353184, 0.2859721353992657, 0.8988868207679727, -0.10840637902139363, -0.29206396808532264, -0.6502936053533824, -0.10022143762952102, -0.2803501105259392, -0.26991636014011805, -0.0323913807126253, 0.5737181791464642, -0.45875619816916835, -0.6902052031567159, -0.7989112288910988, 0.660065170749045, 0.5761372429920086, 0.30899132421697967, -0.43753546222757594, 0.01256856647860916, -0.7874925458355589, -0.23771488653982625, 0.23846196376855125, 0.5269219683066513, -0.6977920481513037, 0.7410994352368475, 0.7500404472026222, -0.22424170717962585, -0.33187501459144786, 0.7463394854436012, 0.10647782676708695, -0.12798932362049556, 0.6800399974886537, -0.6959602884300997, -0.6782064529959574, -0.0763857786787738, -0.6658285840830884, -0.2673982580157448, -0.8352340019207052, -0.15632380503812088, -0.6318051797271815, 0.48980777562967676, -0.7355362166983663, -0.40829509354076093, -0.6657585926260062, 0.24764407275464906, -0.3640710977148057, 0.8263692496542225, -0.4746554994107395, 0.9416797411208561, 0.1616875055056853, 0.98464012124439, 0.033452156959417535]
1109.7782999562055	(8, 12, 2)	[-0.8027997497803337, -0.9790698449398615, -0.6925190059712463, 0.8630973119743265, 0.1910190804455345, -0.11190769034733594, 0.7259022400352086, -0.4360705141170995, -0.061066664151012674, -0.08503968826792216, 0.41690718024341866, 0.980295965226899, 0.3446266155686397, 0.4758399088998377, 0.7903497381833341, 0.6876882340736974, 0.766930365079011, 0.6866739400926989, -0.6249139112323899, 0.38154603379418517, -0.01567014816804565, 0.09151587290696817, 0.6642445777072582, 0.8313196807105884, 0.23225363054765774, -1.1708670071498777, -0.06994415666449957, 0.7111940982053856, -0.4930682022034662, 0.68285670418276, 0.17891145301190858, -0.10700296408781222, -0.19031649377687374, -0.03248724398820287, 0.019102319040129403, -0.12766466799448367, -0.12881046090644982, 0.7477154140873793, -0.6710143993308993, 1.0496278427752872, 0.41371914452633196, 0.39652231261663073, 0.11474237836458054, 0.6250553735921789, -0.6532471363621638, -0.6116243461329295, 0.2826684263511899, 0.15516724812801097, 0.9335564233881911, -0.13181758368188537, 0.20643878675474103, 0.11220186520836133, 0.958564349046521, -0.39392018552989183, 0.2658626374853567, -0.00023561950057694042, 0.04965551047346368, -0.4927119159321578, 0.8040765831452125, -0.6539941056106435, 0.04519216815743806, -0.2337374549721899, -0.7360861993261069, 0.23754935420316511, -0.22671933179017634, 0.849653066057076, 0.41301699613413506, -0.21512489780796246, 0.6800720372608552, 0.28418139043956325, 0.9064685478383868, -0.08993416261723913, -0.2884366081778443, -0.6449409285481625, -0.10385374658009333, -0.28341250806935986, -0.38595145127971514, -0.027068130523671054, 0.5730293557944182, -0.45751983373836075, -0.6902034499855509, -0.7992194963054082, 0.6626001197771307, 0.562809081946954, 0.3089703340066119, -0.4579751873822229, 0.04726239113300126, -0.7967811685265938, -0.4210692290425029, 0.2389752096851186, 0.5287035881314343, -0.719484277673594, 0.7518439492564268, 0.7453875563410296, -0.22406467855856407, -0.33349549351684593, 0.7573730489058537, 0.12147935980235093, -0.12975912840823597, 0.5678882685423986, -0.695222673473934, -0.6785280415195991, -0.021029541536005336, -0.675977029268869, -0.26306555535096565, -0.8353784306568892, -0.16408751865933163, -0.6298531763811961, 0.48974335297332117, -0.7489529900131046, -0.3840676710154705, -0.6661165957388661, 0.2354760638985144, -0.36895300267874853, 0.8080254190516186, -0.46041750070361553, 0.9408749604937594, 0.1606560666100686, 0.981047545549499, 0.025597996631484377]
868.9121153641595	(8, 12, 2)	[-0.8867204924259502, -0.9812925075826276, -0.6872443532184654, 0.8679321739917129, 0.15765341503455998, -0.10638939656407406, 0.7217898384599073, -0.43090380394114164, -0.06307079089929013, -0.1827134352283259, 0.4412996949346168, 0.9915014557440748, 0.3336200183163835, 0.4739105182478714, 0.8101461184779601, 0.6876589451306332, 0.7875240230876122, 0.7001788873325113, -0.5957295327674234, 0.435238814063024, -0.027893486975974952, 0.09886951367225308, 0.6742087819497372, 0.8322057355428223, 0.2392289799707743, -1.183241397076163, -0.06518115166259031, 0.7203971290020623, -0.4931121942046039, 0.6455276449948016, 0.18696554727657763, -0.14769399585654844, -0.19191680701525865, -0.003952815913204642, -0.0005030690887292272, -0.1278451252388219, -0.12989562001145613, 0.7503671085979138, -0.7193480741611615, 1.0860100972949973, 0.39811047215952267, 0.3933038829764013, 0.1248686129337057, 0.6250615072832857, -0.6498824045355819, -0.6015297368416819, 0.2749074921487531, 0.14519218604046752, 0.8154365287606975, -0.13038244592248896, 0.20482430415069108, 0.1124219491358382, 0.9622302707593248, -0.2543436194335026, 0.2606125467474588, 0.023529029453178037, 0.10074310324149213, -0.47138511731677823, 0.8048065138854602, -0.665262553453485, 0.04554392312050959, -0.1679033465397043, -0.7686305572952326, 0.24207244098886793, -0.21056891888501428, 0.8406566852697983, 0.40659586545957693, -0.20314873393099986, 0.6820791300571015, 0.28296034613184967, 0.9287440757841023, -0.05135388452143207, -0.287520649998678, -0.6491946548367366, -0.09924527427824192, -0.2691693684979224, -0.2728644982345024, -0.026513915108920563, 0.5751370400531913, -0.3956483959232662, -0.6904281022025816, -0.7996646168143486, 0.6633342305618133, 0.5762412517505953, 0.3087641503330831, -0.4410145361050669, 0.037950627035660635, -0.7875169060425957, -0.3202412457285452, 0.22279456164809017, 0.5284076472802879, -0.7019175363182026, 0.69923919399985, 0.7792864461910611, -0.22411155599510907, -0.34734972215053567, 0.7414317389029705, 0.1231168702659976, 0.043907880370062075, 0.5798158447352635, -0.6670567749735681, -0.6789299999748121, -0.1981838210043223, -0.6584664865890164, -0.26220442933153704, -0.8355909143971411, -0.1562782775834152, -0.63700326683882, 0.4959532917178257, -0.727884551993285, -0.3796758692958069, -0.6671903938965205, 0.2400008404024823, -0.3623133323309275, 0.8118922728516342, -0.44662483922234797, 0.9412096143462818, 0.1651341101372325, 0.9863750980619586, 0.041954638316296235]
1838.4632809575317	(8, 12, 2)	[-0.8600267768566775, -0.9931465805364965, -0.6820623560659004, 0.8617288068514368, 0.1897485363503371, -0.11417520761763265, 0.7288112179142945, -0.4360140929413905, -0.059419291293740205, -0.08871244108798919, 0.43823523599697706, 0.978046397300948, 0.34044250509664026, 0.47255082327783904, 0.790116974181949, 0.6882596393406747, 0.7493233531946343, 0.6889046839047771, -0.6186424377673643, 0.3879744410902449, -0.02631785318264271, 0.0741513405966439, 0.6423140830054005, 0.8322740882153967, 0.23488646140273248, -1.1724394193197853, -0.06826179396429868, 0.7223117378943948, -0.49292529034587385, 0.7059049311739332, 0.0991030988811809, -0.14639670131385127, -0.1887814764106055, -0.030634783075073706, 0.019988819308632194, -0.12770747036922783, -0.12885525562772032, 0.7416363141282585, -0.6888031048675288, 1.050711092878834, 0.3267639877400786, 0.3917821165558389, 0.11453787011070668, 0.6250728769947678, -0.634098692148831, -0.7774214644790357, 0.28224655606278753, 0.15346626380807396, 0.9609691146384658, -0.13264302489842392, 0.2071772247317868, 0.11227452827975769, 0.9569386052254011, -0.4482992388190875, 0.2523657134149999, 0.1459084999747579, 0.045022111669490175, -0.7221353570428588, 0.8039691104706903, -0.6599104136169928, 0.047782992480733436, -0.17077977575112505, -0.7076570116047012, 0.2133126584887845, -0.22573335935128944, 0.8654285892242483, 0.4117400723481559, -0.21386182269714618, 0.6801996405590794, 0.28067657046375494, 0.8869028885325256, -0.0899587114433095, -0.27354279968690903, -0.650306131128728, -0.10324186746446144, -0.28268504236524516, -0.37169794962681035, -0.026301093858708758, 0.5788081979225214, -0.4669951646168347, -0.6902019449491309, -0.7987427526756925, 0.6769634713857613, 0.536230261882182, 0.30947333302354707, -0.4284734757098989, 0.04896961315757151, -0.7998791280802209, -0.4470683663744807, 0.23183520955901546, 0.5251933233178381, -0.8728453542983495, 0.7521653505083629, 0.7457829114104251, -0.2243776005254868, -0.3322984423637795, 0.7560336998279816, 0.12287784318063648, -0.12952047858377644, 0.5848465977207223, -0.6868572221568829, -0.6786365571323326, -0.022532572598304504, -0.6230715234269055, -0.2616048473412829, -0.8351155729882037, -0.16321537018958968, -0.6302340429540957, 0.489769445432383, -0.769697621242865, -0.38281510649187006, -0.6670277935263641, 0.23344226677556362, -0.3578486154179327, 0.8061815913073949, -0.6600494565286058, 0.9404025321002966, 0.1613610175021525, 0.984393517227534, 0.025937598022229523]
888.1534381620606	(8, 12, 2)	[-0.812002708778888, -0.9804116338281654, -0.686512298071329, 0.8637875973532468, 0.1856777312371754, -0.10641576636581551, 0.7229268202961435, -0.4340585783540546, -0.06197333323176668, -0.18646731606045963, 0.44231387960858043, 0.9876566883816503, 0.3437888563320179, 0.47371661192314524, 0.805902338868142, 0.6876636750002658, 0.7754841517520727, 0.7001828800926693, -0.6034411201764691, 0.4394688352137754, -0.024599146965665283, 0.09668479956159921, 0.6637066428888628, 0.831222359768518, 0.23858091423720823, -1.1746867032750887, -0.07101386591241779, 0.7099743317964613, -0.493119910571406, 0.659290241272625, 0.1835407056086544, -0.11545592218730152, -0.1913740585865911, -0.00893973188274138, 0.013897638956955068, -0.12764650569620198, -0.1299437880016126, 0.7500090296924236, -0.717646576827798, 1.0650916621025592, 0.40818028161024966, 0.39700489370124953, 0.12004249903784099, 0.6250595075628215, -0.651572205051804, -0.6046373655848369, 0.28425394433116197, 0.14513391704079778, 0.9150654920256527, -0.1308085677896206, 0.20623888303062324, 0.11229212727054466, 0.9610567406874274, -0.37926381667614517, 0.262608213751168, 0.012555059107415466, 0.06867533497926263, -0.4778414033032152, 0.80425109734499, -0.6638786769754638, 0.045560152350037846, -0.16808475471483642, -0.7476736983661975, 0.23821339385145066, -0.21469359369776853, 0.8395796828806391, 0.409906290595356, -0.2115320126363576, 0.6810739672562122, 0.28395707412907434, 0.9290699548365057, -0.04857779512709831, -0.28780953310750046, -0.6441285495298046, -0.09827350496484541, -0.2784308975334671, -0.30124984072680633, -0.026664185655582557, 0.5751423376099872, -0.39355774919750564, -0.6903123950963173, -0.7991469686381301, 0.6633957907348537, 0.5697889382439513, 0.30883288367292583, -0.4529186340071888, 0.04219495455683883, -0.7986419309377826, -0.3865858120020971, 0.24240872026560054, 0.5283515030290973, -0.708473773610783, 0.7621875459648885, 0.7803819387642297, -0.22411963180556435, -0.3418308527037062, 0.7516336836676714, 0.15542391290513471, 0.042893057888916286, 0.5666367818528427, -0.6862275430156489, -0.6789054740968746, -0.12005646179963764, -0.6763027200646615, -0.2631138568385559, -0.835561441971546, -0.1645559215391502, -0.6362675753736029, 0.4884279451109123, -0.7354975885346705, -0.3801648196708731, -0.6662100034616645, 0.23607522440338974, -0.36735693506085076, 0.8268324101086982, -0.44330125514955854, 0.9409644951534315, 0.1642094405975727, 0.9861558863731305, 0.027229026652900265]
1204.6857093713515	(8, 12, 2)	[-0.8600267768566775, -0.9931465805364965, -0.6820623560659004, 0.8617288068514368, 0.1897485363503371, -0.11417520761763265, 0.7288112179142945, -0.4360140929413905, -0.059419291293740205, -0.08871244108798919, 0.43823523599697706, 0.978046397300948, 0.34044250509664026, 0.47255082327783904, 0.790116974181949, 0.6882596393406747, 0.7493233531946343, 0.6889046839047771, -0.6186424377673643, 0.3879744410902449, -0.02631785318264271, 0.0741513405966439, 0.741080038804006, 0.8322740882153967, 0.23488646140273248, -1.1724394193197853, -0.06826179396429868, 0.7223117378943948, -0.49292529034587385, 0.7059049311739332, 0.0991030988811809, -0.14639670131385127, -0.1887814764106055, -0.030634783075073706, 0.019988819308632194, -0.12770747036922783, -0.12885525562772032, 0.7416363141282585, -0.6888031048675288, 1.050711092878834, 0.3267639877400786, 0.3917821165558389, 0.11453787011070668, 0.6250728769947678, -0.634098692148831, -0.7774214644790357, 0.28224655606278753, 0.15346626380807396, 0.9609691146384658, -0.13264302489842392, 0.2071772247317868, 0.11227452827975769, 0.9569386052254011, -0.4482992388190875, 0.2523657134149999, 0.1459084999747579, 0.045022111669490175, -0.7221353570428588, 0.8039691104706903, -0.6599104136169928, 0.047782992480733436, -0.17077977575112505, -0.7076570116047012, 0.2133126584887845, -0.22573335935128944, 0.8654285892242483, 0.4117400723481559, -0.21386182269714618, 0.6801996405590794, 0.28067657046375494, 0.8869028885325256, -0.0899587114433095, -0.27354279968690903, -0.650306131128728, -0.10324186746446144, -0.28268504236524516, -0.37169794962681035, -0.026301093858708758, 0.5788081979225214, -0.4669951646168347, -0.6902019449491309, -0.7987427526756925, 0.6769634713857613, 0.536230261882182, 0.30947333302354707, -0.4284734757098989, 0.04896961315757151, -0.7998791280802209, -0.4470683663744807, 0.23183520955901546, 0.5251933233178381, -0.8728453542983495, 0.7572825497306501, 0.7457829114104251, -0.2243776005254868, -0.3322984423637795, 0.7560336998279816, 0.12287784318063648, -0.12952047858377644, 0.5848465977207223, -0.6868572221568829, -0.6786365571323326, -0.022532572598304504, -0.6230715234269055, -0.2616048473412829, -0.8351155729882037, -0.16321537018958968, -0.6302340429540957, 0.489769445432383, -0.769697621242865, -0.38281510649187006, -0.6670277935263641, 0.23344226677556362, -0.3578486154179327, 0.8061815913073949, -0.6600494565286058, 0.9404025321002966, 0.1613610175021525, 0.984393517227534, 0.025937598022229523]
760.5405700462886	(8, 12, 2)	[-0.9040021926573155, -0.9804319442879811, -0.48925739734997975, 0.8634828229161152, 0.12102272980999629, -0.11298643965504926, 0.7837593309447041, -0.42416532695075887, -0.06159277942708154, -0.09271096380344733, 0.43866069945507574, 0.9957583548939941, 0.32542495056928755, 0.4728214413618844, 0.792989485044043, 0.6884483566994736, 0.7585187526339533, 0.640672297838767, -0.6168334318575205, 0.4282409148328292, -0.022028628461371463, 0.11267566139672608, 0.657220231307556, 0.8323587517849272, 0.23578207789881958, -0.9990652400759712, -0.07021651224041137, 0.7137496201519277, -0.4931603817677977, 0.6843890097324076, 0.17966465090217387, -0.09821793255724383, -0.18000852381980093, -0.12472658645115622, 0.018852949131971546, -0.1278932503073633, -0.13064959338516532, 0.7463408679142766, -0.708785072942294, 1.075371111853238, 0.4103210127214765, 0.3972593282474075, 0.12718509513725434, 0.6251979035769595, -0.6529279768829921, -0.5821553130220748, 0.2787862819319949, 0.12251665020577057, 0.9080471177581846, -0.12981414531529104, 0.20606691032869306, 0.11222333686103168, 0.9611999621290275, -0.34092393425545575, 0.2686410214798798, 0.028588405535669194, 0.11213059612360896, -0.6378712562465969, 0.8027531279798218, -0.6258499770058599, 0.04224503971287188, -0.17241904849723202, -0.7774845839784508, 0.2754663848945187, -0.2207981842155358, 0.8491896895641735, 0.412153041479237, -0.2073919455502656, 0.6804016203196459, 0.22109966079220955, 0.9039270349619687, -0.04432655304435968, -0.280558591856405, -0.6461356702155122, -0.10357345377211058, -0.2644344720867675, -0.28397294455904226, -0.029780326447379286, 0.5704394799602808, -0.39110561612074773, -0.6901857207853993, -0.7998072156245831, 0.6598643260376285, 0.5760214892885007, 0.2977899092746129, -0.4579256879315706, 0.04410217379973636, -0.7843864354787392, -0.3314538433231864, 0.2369553349974633, 0.5297140678099301, -0.7044162081897687, 0.6993845126173025, 0.7332243782646752, -0.22410014441948298, -0.35787702040668584, 0.7491255286984352, 0.12136448528809904, -0.11720000202739163, 0.6415375524835901, -0.6847787703635715, -0.6802947566961504, -0.1418192924967449, -0.6557040807882549, -0.265634360167076, -0.8406529386481002, -0.15396334446010612, -0.6591937275741084, 0.4934695531714942, -0.722032219436713, -0.3994352862322392, -0.6651778688750969, 0.24090499372207794, -0.3597697086850612, 0.807773999353454, -0.45904949177022053, 0.940863327479562, 0.1361597565055331, 0.9805314875046452, 0.036224679339937144]
1116.3772913995665	(8, 12, 2)	[-0.846422776076585, -0.9835994426299313, -0.6916079923431339, 0.8661870338895168, 0.1950113531105839, -0.11228842167790322, 0.7164573467855796, -0.4310427218726059, -0.06233595722953145, -0.1824336427787771, 0.4388102719322516, 0.9896456552503877, 0.34362017236220727, 0.47581617315536656, 0.7994884241562482, 0.6888577260790176, 0.8030863435543263, 0.701059193190539, -0.602135035000405, 0.43753978375337305, -0.024646013778010047, 0.08293319115787612, 0.6724997583612574, 0.8335062619119776, 0.2328733753204649, -1.1763106722907195, -0.06705924605177452, 0.7125115268273208, -0.49310402327214753, 0.6596056809936054, 0.18002880480318337, -0.11614624463273471, -0.19863711874701234, -0.011871776974558514, 0.016815561376440316, -0.1277529275582125, -0.12997895354447478, 0.7440733073006851, -0.6687267432383232, 1.0140960698500334, 0.3365980688476006, 0.3978685581794567, 0.11861427752669651, 0.625074848123232, -0.6493215408655797, -0.6545954463628137, 0.2836584544324437, 0.12979440472167286, 0.9102968266620088, -0.1322967050930056, 0.2055178956619578, 0.11224903072217109, 0.958438750409009, -0.25932690897625066, 0.2664264121331715, 0.02200573842427797, 0.08141543969825275, -0.4641699219028029, 0.8042827807043971, -0.6548472787531343, 0.045601431662014254, -0.17720323995044168, -0.742767696080081, 0.19555137943650663, -0.21780151081453838, 0.8564416224249661, 0.4081471880219182, -0.21424292427799455, 0.681101824783218, 0.282350303632066, 0.9359082767662352, -0.07624315580684662, -0.28772532292300657, -0.6476106006790684, -0.10156285526398319, -0.2695357603614891, -0.3258783421637052, -0.029439563078181376, 0.575631722731676, -0.39143643786878624, -0.6901978649906716, -0.7994651528985589, 0.6626206290410742, 0.5773355354847908, 0.30872742315789964, -0.4379685323017843, 0.033381631597523886, -0.8000764249308389, -0.39388610235801597, 0.2334935981658416, 0.5277990472763124, -0.6940721317516276, 0.6783975823379322, 0.7644687040213026, -0.22400949964700875, -0.34173964518685634, 0.7520270860719794, 0.16481264603513784, -0.12387979155462114, 0.5409717402303562, -0.6888354502410509, -0.6791322422213893, -0.07675747723452334, -0.6664582222305206, -0.26078763622920176, -0.8359483941654793, -0.17274737472111482, -0.6286482810551411, 0.48276642382228235, -0.7407919742187733, -0.3742207468079554, -0.6649682176428168, 0.2340538344873229, -0.3671856437163305, 0.8126213325786642, -0.4741818111981893, 0.9406897609303918, 0.1497776219231412, 0.9794537466383713, 0.028005705805822647]
1186.5685034260018	(8, 12, 2)	[-0.7815117266942619, -0.9790761359067546, -0.6818216241418193, 0.8671711297739199, 0.1937589346286762, -0.11334349807705546, 0.714321507526816, -0.4352807991701285, -0.059036955473645326, -0.1783942717247247, 0.4387732728469171, 0.980649358328785, 0.3410011624602909, 0.47534286068639015, 0.5905863921472175, 0.689499303573001, 0.7772130055531744, 0.6979980301339073, -0.6202518789169832, 0.37328160016631856, -0.01640261466210626, 0.08112697553070028, 0.6689131808735838, 0.8298152368243764, 0.2430592502385435, -1.1922129916226099, -0.07331575336959997, 0.7133367084235477, -0.5412423512461286, 0.6588079150805942, 0.18060977657773317, -0.1540640554172478, -0.20140398772380197, -0.04139682833009876, 0.028193462503380038, -0.12825519726272377, -0.1505561559786975, 0.747165368427946, -0.7159533908093976, 1.0505576528501495, 0.2848867617840243, 0.39511673235005323, 0.1344222844287931, 0.6252076634621052, -0.6377915255546762, -0.6391553216123461, 0.2721826740202567, 0.16279760653395062, 0.9779603670565835, -0.13239697806651105, 0.20582972754054876, 0.11230450757663596, 0.9593382194621296, -0.4565800596732703, 0.3704423630899426, 0.039057661559531505, 0.0748293132963656, -0.7242713189421369, 0.804371471727371, -0.6804385089527544, 0.04529972806441289, -0.1863126223164594, -0.6819627182538729, 0.12315099502766516, -0.20127175482397583, 0.8352631612956272, 0.4073080615582553, -0.20641936687746593, 0.6802791145532774, 0.28175293262262696, 0.8915770440345673, -0.09448453383794471, -0.2835152959329387, -0.6533088884425721, -0.10340966555212389, -0.28286497198909155, -0.3234423562698247, 0.00634367329822539, 0.5753714264674678, -0.4177447077152219, -0.7325746308885731, -0.7992018641604302, 0.6699973757937855, 0.5750805677899371, 0.30868336866702417, -0.44979187573047236, 0.022212419879615267, -0.798443368878586, -0.3834157166450831, 0.23157233959145787, 0.5268397305814785, -0.8436380168405153, 0.7608002564494316, 0.6765451478311573, -0.2238305351811898, -0.33431574868835306, 0.8063312440338775, 0.12525032232714672, -0.15978958236780672, 0.567659785912859, -0.6642274239488525, -0.6814494042130617, -0.15629358706537783, -0.6671292015292339, -0.2416172843038238, -0.8347101055896864, -0.16603993364118225, -0.6263386335729599, 0.5161046048091683, -0.7175592763589098, -0.3929330077117737, -0.6783071284088916, 0.2078152855873181, -0.3668801429467464, 0.7431744283989066, -0.44780886456592134, 0.9408168491320246, 0.16624134243014405, 0.984664211373452, 0.03188105080739082]
1143.4898577982242	(8, 12, 2)	[-0.8562298863742026, -0.9875573945536662, -0.6865754129437653, 0.8634947912576286, 0.1812940768942767, 0.034553020418913116, 0.7224269832113529, -0.43608068975589753, -0.05942365444294368, -0.17449210141673235, 0.440901476615055, 0.9766092927048147, 0.34335236608951186, 0.47480065969171975, 0.7882994154912691, 0.6883816447906547, 0.7959269444605311, 0.699990778472379, -0.6117655276924037, 0.3957510302588447, -0.01918249483999199, 0.08209077146089787, 0.6884582883012229, 0.8360498079695882, 0.2402997106189661, -1.1715676268360766, -0.04579914813138006, 0.7184501920052848, -0.4930366054950069, 0.667454717494101, 0.13281759079774136, -0.1189944991658621, -0.19165635662303332, -0.029124314969312563, 0.016791890700553005, -0.1297758917916557, -0.1473909457660173, 0.7277636152491607, -0.6927953519862148, 1.0589160570159992, 0.386126539684037, 0.39495223025567855, 0.1264929961297151, 0.6251938571517155, -0.6528610542075081, -0.7236724896984158, 0.27947801703242053, 0.1492542073241224, 0.9190521895400371, -0.1313925761882444, 0.20743613845892356, 0.11231316753357176, 0.9549127252254618, -0.3984436850473022, 0.2514181028540852, 0.14924938736599808, 0.11467804365501119, -0.5299345367598693, 0.8042522479041134, -0.6633448055472411, 0.04165917080907232, -0.17093671827492468, -0.7579954788838805, 0.2501712334168563, -0.21994702792651838, 0.8648155278458186, 0.40827551553935404, -0.2305501106661185, 0.6806913423508952, 0.28490422645556307, 0.9362965324518735, -0.057947953115917564, -0.28517190101871215, -0.6583346380612723, -0.10296447704838774, -0.27795674964872413, -0.3761415621889143, -0.026951612854180972, 0.5748799057333793, -0.42529643964089503, -0.6901524447965628, -0.7994457197365767, 0.6628234551483837, 0.5630783100986276, 0.3087407902398299, -0.44231507506413026, 0.059946020766031505, -0.7962826051967444, -0.40813334773128784, 0.24890545513295576, 0.5230085101700707, -0.8144603546175135, 0.8105381200395572, 0.7472859394004168, -0.22394681983180512, -0.29510125069421644, 0.7516566288115868, 0.13172310829256348, -0.12844800351768654, 0.6153009497522441, -0.6790530706261699, -0.6803016471229404, -0.04977332779148243, -0.6009324811484824, -0.2614332531455172, -0.8688540776876739, -0.16331224144328893, -0.6342310517869219, 0.48887579748373544, -0.7221053285327506, -0.38470506237045493, -0.6190371883987228, 0.21198633929369134, -0.36795348652507626, 0.8118244178933706, -0.49441957383370133, 0.9402132632655305, 0.1727339194514089, 0.9777112554790537, 0.03509620194624486]
986.3660300024417	(8, 12, 2)	[-0.8581052233798214, -0.9827256155910575, -0.5943460597395391, 0.8650765411134139, 0.19282570574350927, -0.1125890649435522, 0.7436223880546479, -0.4275028276251662, -0.06235545482021125, -0.17792594503372025, 0.4387032010915613, 0.9897006641434396, 0.3406362373570385, 0.4756817723504903, 0.7990177106837475, 0.6888258068677888, 0.8046916682752744, 0.6955221487931371, -0.6022210490104423, 0.4336019712409573, -0.024699305307694867, 0.08520365109217294, 0.6614985738853868, 0.8333462305329743, 0.23330031535517468, -1.1755831107453125, -0.06728150066659466, 0.7123638524736432, -0.49309360969013655, 0.6479005387418186, 0.13822323152018484, -0.12534323050576798, -0.18837724135208578, -0.01942236762210156, 0.01677246441514341, -0.12775296043429493, -0.1302505748865447, 0.7440510187760744, -0.6943311036311651, 1.0203227298851747, 0.3357145736315608, 0.3913163901245403, 0.10965862149196358, 0.5905878538508971, -0.6497549410603144, -0.6410544535240297, 0.28213438362526844, 0.12946323579199115, 0.9086950145271564, -0.1324391962714265, 0.20593293317531053, 0.11224872406070521, 0.9584483260259961, -0.25837508497636663, 0.2664012465465838, 0.03718939888655976, 0.09130066462358569, -0.4615107227989415, 0.8040330352124395, -0.6377209784934106, 0.044875863689673626, -0.17556976790188678, -0.7428720315269541, 0.1989963236650915, -0.22513180501737104, 0.9083284246841697, 0.4053515225693135, -0.21433596024155196, 0.6810948548029941, 0.2824801528340228, 0.9161951208743645, -0.08097721631218781, -0.28668899987637947, -0.6471736095874404, -0.10049623218147023, -0.2706484126578412, -0.32982209592869083, -0.02683597092835042, 0.5756964095884205, -0.3954799190036385, -0.6902192370270825, -0.7995402628056066, 0.6615391174037455, 0.5761572248887793, 0.30712250534457813, -0.44269934470118993, 0.03980468563595832, -0.7999159121569237, -0.3646266306452709, 0.23236706288830933, 0.5276101586328907, -0.6942266860498305, 0.7337370690903131, 0.7655583586362188, -0.22397797491613936, -0.33699887575715043, 0.7551238105320621, 0.1588462044505456, -0.12127738644465783, 0.5543674623567592, -0.6793358149019747, -0.6790067493621436, -0.07608781241446735, -0.6639873956068538, -0.26129434970191895, -0.8393258267664542, -0.17193620135600338, -0.6295814401036127, 0.4892917764144532, -0.7408553917281963, -0.3924906796621218, -0.6654505438226266, 0.234048530969346, -0.3682652081664388, 0.8149107267726944, -0.49136128958218783, 0.9426274031578502, 0.1537857171753464, 0.9798494008707691, 0.028716085517574427]
869.2942245245049	(8, 12, 2)	[-0.8418378926209416, -0.9805822298491156, -0.6719540408418299, 0.8638195843895764, 0.16812325746815532, -0.14004887718862424, 0.7485525796828214, -0.42870909888133224, -0.05978434734915324, -0.17928977021052353, 0.43868602474329527, 0.9798800673810171, 0.34185660344814417, 0.47490373048603535, 0.8145192421044216, 0.6887783207721259, 0.808107162752754, 0.7214652499660483, -0.6133745267448762, 0.4094108388554769, -0.020512527184252394, 0.08484910061567376, 0.6622842531078131, 0.8352787752432336, 0.23406201099982046, -1.1280508129451576, -0.04541093256531975, 0.7145621263929925, -0.4930287772468324, 0.6710688734267622, 0.1381685953656097, -0.12540675666335444, -0.19087611183904507, -0.024206460402425897, 0.030070992848136233, -0.127835349931161, -0.13429462383514046, 0.7452137803515357, -0.6943943400616374, 1.0567358532367774, 0.32478971226912867, 0.39056872307282087, 0.10696690509449937, 0.5977663921392988, -0.648058633896044, -0.6609232582432677, 0.2820214179931772, 0.12727241586216395, 0.9095488073433345, -0.1322946015408242, 0.207350374455723, 0.11229913842892154, 0.9581606556956723, -0.23096482377254496, 0.4023585671311066, 0.014962769598213205, 0.11951068472966354, -0.7430849895014022, 0.8039813773566333, -0.6195707075538701, 0.04412944021098357, -0.17660080461954838, -0.7163865164506403, 0.1866954848186794, -0.21568229126527044, 0.8575711635323213, 0.4073851645434634, -0.21211886125905172, 0.6807740265323916, 0.2901509223733572, 0.9393930238388126, -0.0650230832402168, -0.2857943525887128, -0.6542579339778234, -0.10300131155918019, -0.27651638031829334, -0.3070956151436649, -0.02627077102370544, 0.5754951376709482, -0.4081113554002786, -0.6903846350909233, -0.7996029904657954, 0.6620635766973426, 0.5691578569399718, 0.307286906778535, -0.44291316047934653, 0.041911067901128994, -0.7931742121889459, -0.36382408806059013, 0.23062676722240535, 0.5276423239152532, -0.8362478208645957, 0.7275370829516321, 0.7605419657861742, -0.22400973707051713, -0.33804022289839175, 0.7353853253426266, 0.11963585179695169, -0.1180057203423825, 0.5449131688847072, -0.6695624438206624, -0.6792608642471454, -0.06052650249623222, -0.6639075356699967, -0.2590829397439811, -0.8612856437072423, -0.1660073196063282, -0.636019140904402, 0.49744359173832964, -0.7194746102245194, -0.3921530444559051, -0.6675056443758882, 0.21687757274677447, -0.3676640565509136, 0.8160451015792187, -0.4948691648066011, 0.9424329103593172, 0.15445326851379018, 0.9805148084896551, 0.029723006196088878]
943.5918504235061	(8, 12, 2)	[-0.8707356187200255, -0.9708893324677597, -0.6845623174004585, 0.8722522141249494, 0.18966844768092317, -0.10805588835515183, 0.7356682499983191, -0.4377434594495817, -0.06156723443897031, -0.024347352603043382, 0.43922343857013385, 0.9896590979462669, 0.3391830851689915, 0.47458031324417993, 0.8006123181922271, 0.6875810289761526, 0.7870565018507505, 0.6926215849785613, -0.5933541894771555, 0.40848811637299115, -0.021577739092055213, 0.08332159411716891, 0.6672529377748295, 0.8337712922100462, 0.23318413930176363, -1.1589962037774917, -0.06455300373570368, 0.7117455291559279, -0.559442814951137, 0.6438555185308508, 0.18401944918235716, -0.11572005264484414, -0.17430525746504533, -0.06066665805123324, 0.02104085975779618, -0.1284282653896148, -0.1429002350624377, 0.729505743158494, -0.6842352055072994, 1.0618682754014976, 0.36069433905245135, 0.3943861157170371, 0.125827226042603, 0.7485100983626497, -0.6899875875299177, -0.6306442039210349, 0.2776574433691563, 0.13775996425030043, 0.9377826412767889, -0.13144171204036106, 0.20643549016595503, 0.11230534819209802, 0.9659418126229093, -0.3093962563120527, 0.24915345955107296, 0.03417856428912563, 0.08778170242611487, -0.6354615909783488, 0.8040036909383991, -0.6515754530740304, 0.04553728889827317, -0.1901880759181938, -0.7453931411255502, 0.24550821493363914, -0.2191870653516621, 0.8633538348953924, 0.40859099128283294, -0.20970096120832193, 0.6769536894938374, 0.28533031263767417, 0.941725671692667, 0.07844412195580265, -0.2853502776837559, -0.898728681641744, -0.10459846380419349, -0.27894299159671504, -0.3319213155183407, -0.005587895223110458, 0.5764362325951278, -0.4362196571806972, -0.6886983731729578, -0.7988254200271543, 0.6666734106332511, 0.5654195069703365, 0.30989146969751186, -0.44733635876828426, 0.04678069700674561, -0.7919135311688554, -0.40915648452232756, 0.23695314632322861, 0.5290666447465722, -0.7980854201483605, 0.7797791307242008, 0.8200605467843914, -0.24205191163716488, -0.31561941241429475, 0.7415663875816259, 0.14649395911646243, -0.12063109641970346, 0.5897555651109432, -0.6843411295898737, -0.6800021876611361, -0.0670234787831187, -0.5944921333156062, -0.267125326265695, -0.8429191658991277, -0.17164705632255575, -0.630338377780476, 0.49073121554240073, -0.7241484354363728, -0.3749733857888133, -0.6537360330497224, 0.21541560942326482, -0.3678070145067786, 0.8216748383374909, -0.4704525288118644, 0.9399581495642255, 0.15450149454896836, 0.9844103072666084, 0.03270777121301974]
1186.9786140627225	(8, 12, 2)	[-0.8707356187200255, -0.9708893324677597, -0.6845623174004585, 0.8722522141249494, 0.18966844768092317, -0.10805588835515183, 0.7356682499983191, -0.4377434594495817, -0.06156723443897031, -0.024347352603043382, 0.43922343857013385, 0.9896590979462669, 0.3391830851689915, 0.47458031324417993, 0.8006123181922271, 0.6875810289761526, 0.7870565018507505, 0.6926215849785613, -0.5933541894771555, 0.40848811637299115, -0.021577739092055213, 0.08332159411716891, 0.6672529377748295, 0.8337712922100462, 0.23318413930176363, -1.1589962037774917, -0.06455300373570368, 0.7117455291559279, -0.559442814951137, 0.6438555185308508, 0.18401944918235716, -0.11572005264484414, -0.17430525746504533, -0.06066665805123324, 0.02104085975779618, -0.1284282653896148, -0.1429002350624377, 0.729505743158494, -0.6842352055072994, 1.0618682754014976, 0.36069433905245135, 0.3943861157170371, 0.125827226042603, 0.7485100983626497, -0.6899875875299177, -0.6306442039210349, 0.2776574433691563, 0.13775996425030043, 0.9377826412767889, -0.13144171204036106, 0.20643549016595503, 0.11230534819209802, 0.9659418126229093, -0.3093962563120527, 0.24915345955107296, 0.03417856428912563, 0.08778170242611487, -0.6354615909783488, 0.8040036909383991, -0.6515754530740304, 0.04553728889827317, -0.1901880759181938, -0.7453931411255502, 0.24550821493363914, -0.2191870653516621, 0.8633538348953924, 0.40859099128283294, -0.20970096120832193, 0.6769536894938374, 0.28533031263767417, 0.941725671692667, 0.07844412195580265, -0.2853502776837559, -0.898728681641744, -0.10459846380419349, -0.27894299159671504, -0.3319213155183407, -0.005587895223110458, 0.5764362325951278, -0.4362196571806972, -0.6886983731729578, -0.7988254200271543, 0.6666734106332511, 0.5654195069703365, 0.30989146969751186, -0.44733635876828426, 0.04678069700674561, -0.7919135311688554, -0.40915648452232756, 0.23695314632322861, 0.5290666447465722, -0.7980854201483605, 0.7797791307242008, 0.8200605467843914, -0.24205191163716488, -0.31561941241429475, 0.7415663875816259, 0.14649395911646243, -0.12063109641970346, 0.5897555651109432, -0.6843411295898737, -0.6800021876611361, -0.0670234787831187, -0.5944921333156062, -0.21401456384942902, -0.8429191658991277, -0.17164705632255575, -0.630338377780476, 0.49073121554240073, -0.7241484354363728, -0.3749733857888133, -0.6537360330497224, 0.21541560942326482, -0.3678070145067786, 0.8216748383374909, -0.4704525288118644, 0.9399581495642255, 0.15450149454896836, 0.9844103072666084, 0.03270777121301974]
893.6360438810426	(8, 12, 2)	[-0.8463087908980629, -0.9630828000080979, -0.6987271133989056, 0.8558949372097413, 0.18733802232545815, -0.11309161106305737, 0.7338713062090683, -0.3955365367389967, -0.06117688911709392, -0.24421550640484518, 0.43918278681854295, 0.9914051779922025, 0.3407766282146476, 0.47331372100769736, 0.7959440490363582, 0.6414866432360887, 0.7868829955633418, 0.6585004693428076, -0.5995576630302778, 0.4338062255617589, -0.021078559268700853, 0.09457229911788377, 0.6577200112788729, 0.8339198492330495, 0.23476147104397854, -1.164025714631079, -0.06674285156289987, 0.7132789957168633, -0.5431502026545247, 0.6483784093391735, 0.18146707536516557, -0.11354265094521918, -0.19408521699053052, -0.06650126617336331, 0.008039900728125415, -0.12838806404001482, -0.134827488364355, 0.7322677855348193, -0.6852725680495567, 1.0358536726196794, 0.3577607879310233, 0.3970042171588345, 0.15046051098536348, 0.6316671685758973, -0.6731786651200463, -0.6767459521302841, 0.2779614061268697, 0.1490066776715427, 0.9467614427851206, -0.13182055998974324, 0.20008254106075382, 0.11152943604645667, 0.9601838979052415, -0.30478446187525027, 0.2642411352468618, 0.07725784086160602, 0.10913834550178136, -0.609106071433824, 0.8039547450670744, -0.6521585533212871, 0.049352924674403394, -0.1771779571659378, -0.7225997739226495, 0.2495063066687721, -0.17996431400881155, 0.8573922385629682, 0.411442448358601, -0.2068239541416936, 0.5900288908831476, 0.28691682451369876, 0.9391159294657626, -0.028073652205276606, -0.298085043999168, -0.7545617774758859, -0.10260388245866243, -0.2755636367591477, -0.36841561150776514, -0.024737376511205042, 0.5911105325404491, -0.4273853912424023, -0.6879036150580105, -0.7937093792014556, 0.660813249552537, 0.5735011319334321, 0.3083244000398309, -0.44505073083020014, 0.03372346858067291, -0.791752696545864, -0.36571899494992904, 0.23630081913584552, 0.5249457292933797, -0.7931540144460827, 0.7116566092270147, 0.7868428759538905, -0.22391477213140148, -0.34052601987838244, 0.74821380762798, 0.12941523200410474, -0.1206409267188845, 0.5661745830852345, -0.685011485753679, -0.679155660160072, -0.2333399289776987, -0.6593411510588828, -0.26639969176437805, -0.8342611705112372, -0.16419705179751146, -0.619762380883413, 0.4898265751767047, -0.7280066577758942, -0.38427969387895666, -0.6649713212621308, 0.23412964821226973, -0.3678754239203135, 0.8155635243868673, -0.4764464606641464, 0.9397840343831327, 0.1546371614668868, 0.9808527342714913, 0.030710581379962767]
1312.8152989653597	(8, 12, 2)	[-0.8701362376492128, -0.9719555041637254, -0.6823099683247367, 0.8146849405954311, 0.1907771329189137, -0.10739060686178964, 0.7357055633732051, -0.4350941695132782, -0.061562461333572516, -0.03314662271467271, 0.4389790023300292, 0.989740736737227, 0.3388254433118539, 0.4745531834241118, 0.8005502608149657, 0.6886713899534391, 0.7967902380478212, 0.6933121169449685, -0.599278632936864, 0.40760486194478596, -0.020814398011258433, 0.0827964950407655, 0.673092449538612, 0.832603771580156, 0.2329829799978702, -1.1578908713211986, -0.06381776594199626, 0.7117444363356512, -0.5544626921977345, 0.6446859301992187, 0.18385801411040312, -0.1159678305876151, -0.1721413757021319, -0.04679758624934871, 0.02012134616838574, -0.12842775062242962, -0.14320687192151124, 0.7301178186636319, -0.6827944133378672, 1.0521184493728033, 0.35200933580752547, 0.3941551393222656, 0.12612051065143326, 0.762461674123334, -0.691624989908365, -0.698928754736719, 0.2787114382643405, 0.1333013651756923, 0.9377599803230122, -0.13155906453162444, 0.20636086497645054, 0.11230498034499409, 0.9661590172358275, -0.30865407106726006, 0.25284418705117767, 0.06077697825759469, 0.08731041636722062, -0.6377724001091506, 0.8040113011848353, -0.6519317258799354, 0.04555887363526573, -0.18666986722921097, -0.7453688681736204, 0.240578329919998, -0.21802238779878602, 0.8633773289801916, 0.4085803479213073, -0.20982641003427874, 0.6769520406934214, 0.28344441587880265, 0.9351695820116643, 0.07840930787135915, -0.2825309528369467, -0.9312296694311527, -0.13233490469379972, -0.2764308335685306, -0.3344525603025672, -0.0036977774904428553, 0.5763087515333353, -0.40247500720543, 0.11708827402356081, -0.798842539080025, 0.6662739290662055, 0.567508728253918, 0.3098759407697834, -0.44795017793863484, 0.04746270629238012, -0.7921525039294465, -0.3815536207332205, 0.23733810029531485, 0.5290788949908417, -0.7393981398737911, 0.7866687588742007, 0.7654294892724715, -0.22433594189483422, -0.3171010643442723, 0.7383338355625382, 0.1467019613497761, -0.12030095186874906, 0.5669378826404744, -0.6874903431631512, -0.6799316330041913, -0.052862018894309755, -0.6150965174609979, -0.2249867689005784, -0.8431469923066922, -0.17234392907607674, -0.6316930179986004, 0.49087492734344934, -0.7375236985102422, -0.37722962589797066, -0.656193112816657, 0.21362675364812098, -0.3676642714589514, 0.8220689919307219, -0.4701207706616017, 0.9406931153590058, 0.15438996949996117, 0.9843549657657753, -0.0605719529130444]
916.3935208613207	(8, 12, 2)	[-0.8498189373865895, -0.9852579520698913, -0.7030719031780022, 0.8666585700506062, 0.10203319157396604, -0.1161771105038863, 0.7121245610577377, -0.4146401915366219, -0.06197022923644444, -0.2074419508161349, 0.43904283431759783, 0.9904255822283539, 0.3420695396801934, 0.47068517787642067, 0.8472699835853382, 0.6885290805450527, 0.8092670031070118, 0.6989493286294943, -0.6002717736560605, 0.4334813021343756, -0.023667683597137265, 0.08906935354073307, 0.6147970402011975, 0.8327017133090047, 0.2353064978035356, -1.1870962648410048, -0.07094969439778114, 0.7137022841992979, -0.5659595703339356, 0.6561358978806285, 0.1987150429699669, -0.12803619868933575, -0.12238007758965722, -0.012113119392294494, 0.01640208300708228, -0.12792240960135023, -0.13335975280180856, 0.7452496968888701, -0.6765154832882608, 1.0414419859948194, 0.3516127297053786, 0.39700269919242126, 0.1012261768852189, 0.6247834286493369, -0.6501667771937859, -0.6218188793356814, 0.2824474967608708, 0.14395784363948028, 0.8821596841901873, -0.1321290529269382, 0.21818450511156326, 0.11226426902003016, 0.9569024929200908, -0.28905053512440254, 0.050722808805360675, 0.02714946548002799, 0.10942471015749379, -0.5060395811233539, 0.8040977979090024, -0.6521308240196775, 0.04494716944111601, -0.17217905136911488, -0.7251248156297307, 0.2606772072754377, -0.21017379485042653, 0.8646194691298367, 0.4087294862176488, -0.20895182976621443, 0.6838434522068091, 0.26422325360451493, 0.8939694278712078, -0.01573274291927984, -0.28778829771668163, -0.6139353041791193, -0.1061196400574784, -0.2765561513679311, -0.2638003851394644, 0.039563685787933456, 0.5051624341395964, -0.41874167559041414, -0.6757014721054204, -0.8164685533256615, 0.6442912221505697, 0.5634237384634563, 0.3094874869999505, -0.44960699598716863, 0.03529257255891377, -0.7951953346568549, -0.3588536302900217, 0.2302400000779362, 0.5278887519710727, -0.7460356802661856, 0.6878308976074506, 0.7539803948869218, -0.22399198656100652, -0.3309503095686218, 0.8156561782123198, 0.12097927867732071, -0.13165452247019926, 0.576363758875754, -0.6855130276140287, -0.6796990044803225, -0.04007769894272112, -0.6209112344602937, -0.2646191959005096, -0.8323582465678429, -0.16173324222842847, -0.632930476680184, 0.488151135764415, -0.7153648667610369, -0.3854103152397114, -0.665852059119217, 0.24572711477086429, -0.36455056308470085, 0.815873769767045, -0.5163106695413373, 0.9528869084646217, 0.15420883638919397, 0.9837516106613354, 0.0301857159566525]
1348.4773109074501	(8, 12, 2)	[-0.8367252344066762, -0.9704087436457111, -0.7218411715823062, 0.8601863603430773, 0.03255613457326686, -0.11292848871688413, 0.7311969890662612, -0.390448526748181, -0.060170667421263174, -0.24120570385947573, 0.44005033768857754, 0.9912847180092864, 0.3407146270208921, 0.47325824489773877, 0.7960707206664612, 0.6563614772432955, 0.7830424665063306, 0.6735831760905204, -0.5991675980571995, 0.43410809010456997, -0.02117588342083075, 0.10014721859783722, 0.6662088278403397, 0.8328148021591646, 0.23465623268722904, -1.1886464846132219, -0.06714893932069957, 0.7138235494611238, -0.5288973765274981, 0.6569234141864442, 0.18178541631364112, -0.11505782522072965, -0.1941959093271129, -0.036767108346912686, 0.01563331297673507, -0.12770764779565405, -0.13539507365550973, 0.7392847301626768, -0.6973890433523964, 1.0350669779694266, 0.35652839515690793, 0.39719380708704305, 0.08079327912905489, 0.6232225055116241, -0.6483057781456908, -0.648396908689327, 0.27906746978087027, 0.15180293368000222, 1.0243870677430817, -0.13206525241612732, 0.20445867955106686, 0.11186742700432402, 0.9596475192455249, -0.29318908841679364, 0.27048629761382675, 0.052699391168469105, 0.1092372748138144, -0.5188067251635423, 0.8038961731662603, -0.6305745776677139, 0.04692289993526456, -0.17412106269814487, -0.7608669287561086, 0.26890785930027045, -0.17466593632483318, 0.8757289760042917, 0.40834581104976897, -0.20997682659612965, 0.6012060873699365, 0.2825493395623486, 0.9305193612151774, -0.06746249012216791, -0.1815864162048353, -0.7102567020797559, -0.10325136273724836, -0.2740455095301334, -0.30601609947766983, 0.022253178396006157, 0.5906008886699338, -0.364047202979459, -0.6891533821486457, -0.7933590816459191, 0.6692185689744259, 0.5742383159639358, 0.30832134072857564, -0.4437371688346443, 0.03608264778451778, -0.9022430069038706, -0.3665810155261594, 0.23224007131564575, 0.5284313574984607, -0.7944084957050037, 0.6950311511006076, 0.7496026867848609, -0.22390338252627065, -0.34157617427554854, 0.840388170299411, 0.14171764919788202, -0.1400636119877766, 0.5832493580853084, -0.6694500436818622, -0.6792273797080458, -0.2498754400286116, -0.6621937759168239, -0.2521873376153748, -0.8473184950739552, -0.16476111397476967, -0.6273547944018101, 0.4849630469123992, -0.7155172276648026, -0.3915860352150447, -0.6645019123781171, 0.2323810142985171, -0.36459590540324266, 0.8155613851264056, -0.4728891752914068, 0.9401449545737407, 0.1545921186578462, 0.9811144880109728, 0.03079054563410536]
1045.755513336348	(8, 12, 2)	[-0.8382788488841633, -0.9861923571318549, -0.7066686948444258, 0.8663076456363913, 0.12775434872062688, -0.11632462948826136, 0.7254497439079871, -0.43509403207880976, -0.061214294735293426, -0.22895373727635862, 0.43411493539322826, 0.9908614425663265, 0.3403221489245962, 0.45542702999872325, 0.7721750870915344, 0.6703425495372569, 0.8077636168742763, 0.7038865459004673, -0.6072318851505988, 0.42980260783000873, -0.023982942471283908, 0.09307346659410073, 0.608800903111093, 0.832794033885508, 0.23581983743107254, -1.1638287709025577, -0.0682528829508639, 0.7152656495363668, -0.4898847314789727, 0.6575757704620191, 0.19440437397386687, -0.12646470916648225, -0.19832287922993688, -0.01964375235549986, 0.01941625364010944, -0.12772571525073126, -0.12995917836127904, 0.7028442410907908, -0.6873850732364087, 1.0321034080859153, 0.36823561135013166, 0.39673263812015314, 0.14040851053026335, 0.6303313724795674, -0.5776482752872758, -0.6395405175648833, 0.27927237554106416, 0.140325564113638, 0.8015934620584892, -0.1331125784921561, 0.2058977619685565, 0.11239891967934032, 0.957015790982817, -0.2785292960095464, 0.2979748633343829, -0.08255285297007191, 0.067451509623694, -0.5078241976998381, 0.8038868775798794, -0.6405688930202779, 0.05694464330993136, -0.17365033065438049, -0.7219143723816639, 0.27012511100960135, -0.2166945324376494, 0.8938839198792962, 0.41126596344742794, -0.21693410233141877, 0.6690615722390408, 0.2907193441119542, 0.9204183116267739, 0.025490273612181646, -0.2887996263782582, -0.6245682643515892, -0.10367608774972725, -0.2734670843035924, -0.03759935646722387, 0.0028289254366548403, 0.5652206319437018, -0.41774725249818634, -0.6874347795694717, -0.8012193659473442, 0.5818498472515008, 0.5723613166104452, 0.30922238655117185, -0.4479191945647879, 0.03613760037647004, -0.7986187606140922, -0.34341572358459593, 0.22977950779234516, 0.5274648787745003, -0.7690383144827253, 0.6967444436140856, 0.7526908999597207, -0.22398079805552792, -0.33891020192289323, 0.7828527289463751, 0.1415430805261606, -0.10915915700460907, 0.5879180733616506, -0.6878199422251283, -0.6801681319799197, -0.1107982111978163, -0.6618096000247479, -0.26217428310229424, -0.8358369108384772, -0.16377714519886807, -0.6147516639640609, 0.48756706573192776, -0.7286086558778122, -0.38790119693122, -0.6655049990463539, 0.24034747962924785, -0.3600660814713088, 0.8131299476323602, -0.4917710866112698, 0.9417209629409466, 0.1493944172830073, 0.9840159541708792, 0.030420729351046137]
1328.8686299419242	(8, 12, 2)	[-0.8382788488841633, -0.9861923571318549, -0.7066686948444258, 0.8663076456363913, 0.12775434872062688, -0.11632462948826136, 0.7254497439079871, -0.43509403207880976, -0.061214294735293426, -0.22895373727635862, 0.43411493539322826, 0.9908614425663265, 0.3403221489245962, 0.45542702999872325, 0.7721750870915344, 0.6703425495372569, 0.8077636168742763, 0.7038865459004673, -0.6072318851505988, 0.42980260783000873, -0.023982942471283908, 0.09307346659410073, 0.608800903111093, 0.832794033885508, 0.23581983743107254, -1.1638287709025577, -0.0682528829508639, 0.7152656495363668, -0.4898847314789727, 0.6575757704620191, 0.19440437397386687, -0.12646470916648225, -0.19832287922993688, -0.01964375235549986, 0.01941625364010944, -0.12772571525073126, -0.12995917836127904, 0.7028442410907908, -0.6873850732364087, 1.0321034080859153, 0.36823561135013166, 0.39673263812015314, 0.14040851053026335, 0.6303313724795674, -0.5776482752872758, -0.6395405175648833, 0.27927237554106416, 0.140325564113638, 0.8015934620584892, -0.1331125784921561, 0.2058977619685565, 0.11239891967934032, 0.957015790982817, -0.2785292960095464, 0.2979748633343829, -0.08255285297007191, 0.067451509623694, -0.5078241976998381, 0.8038868775798794, -0.6405688930202779, 0.05694464330993136, -0.17365033065438049, -0.7219143723816639, 0.27012511100960135, -0.2166945324376494, 0.8938839198792962, 0.41126596344742794, -0.21693410233141877, 0.6690615722390408, 0.2907193441119542, 0.9204183116267739, 0.025490273612181646, -0.2887996263782582, -0.6245682643515892, -0.10367608774972725, -0.2734670843035924, -0.03759935646722387, 0.0028289254366548403, 0.5652206319437018, -0.41774725249818634, -0.6874347795694717, -0.8012193659473442, 0.5818498472515008, 0.5723613166104452, 0.30922238655117185, -0.4479191945647879, 0.03613760037647004, -0.7986187606140922, -0.34341572358459593, 0.22977950779234516, 0.5274648787745003, -0.7690383144827253, 0.6967444436140856, 0.7526908999597207, -0.22398079805552792, -0.41194887833231575, 0.7828527289463751, 0.1415430805261606, -0.10915915700460907, 0.5879180733616506, -0.6878199422251283, -0.6801681319799197, -0.1107982111978163, -0.6618096000247479, -0.26217428310229424, -0.8358369108384772, -0.16377714519886807, -0.6147516639640609, 0.48756706573192776, -0.7286086558778122, -0.38790119693122, -0.6655049990463539, 0.24034747962924785, -0.3600660814713088, 0.8131299476323602, -0.4917710866112698, 0.9417209629409466, 0.1493944172830073, 0.9840159541708792, 0.030420729351046137]
1649.5220537968808	(8, 12, 2)	[-0.8433718160634918, -0.9757719236589854, -0.7157682724708453, 0.8610459179965007, 0.0617686973543933, -0.11045460029137925, 0.7312901101699792, -0.4114262211754895, -0.060166633525416104, -0.2061689049309251, 0.44015744780853117, 0.9878962690270976, 0.3407118652424976, 0.4714109666653188, 0.795774627684303, 0.6892014191238305, 0.8008900092566658, 0.6738621163526837, -0.6000173639399373, 0.428535547479824, -0.2025432605580107, 0.10121106738742099, 0.6575460582457336, 0.8331584281228038, 0.25268195688003703, -1.1869059685521721, -0.06715445580492163, 0.712845371501429, -0.5317928075284414, 0.6562322417129526, 0.19713767815350366, -0.11371935770831426, -0.16014101247827858, -0.0291413129416229, 0.015652733296108754, -0.12780592577299682, -0.1256908383520292, 0.7431367467563492, -0.6872146239819541, 1.0354945137005374, 0.35720605849572884, 0.39713960805809223, 0.11086041563305164, 0.624829187612321, -0.648073796800423, -0.641599303002837, 0.2802677411372702, 0.15291284042043252, 0.8774052950600519, -0.13195604707375833, 0.210445529056245, 0.11178199614991575, 0.9573250863920106, -0.2955552584598487, 0.1477854826473494, 0.04508491455363066, 0.12711942444462807, -0.6297819328747652, 0.8040348753019909, -0.656650214183316, 0.042814435109020874, -0.17422230969016358, -0.76443739622708, 0.2674623658265929, -0.20010254293007632, 0.8747199110290504, 0.40732658002700606, -0.20981013069563262, 0.6704516622444191, 0.2614065955298819, 0.9325370876630051, -0.07727183919946964, -0.1646294044708065, -0.7232308899092679, -0.1030800973402022, -0.27304811685303937, -0.3032200951811604, 0.017207825708629266, 0.6104026724185457, -0.3792949252729171, -0.684152722269747, -0.7982059331341794, 0.6616596196054888, 0.5667291107263416, 0.3081429931474008, -0.4469086020163953, 0.0356831289071747, -0.821072160081134, -0.36653985818420937, 0.22948889081299284, 0.5283803733001555, -0.8084409588829788, 0.6925962252975544, 0.739082187339883, -0.22379143675076962, -0.33222592723031136, 0.8373491566957628, 0.12566140956404565, -0.1350255773942366, 0.607149945761694, -0.6959215715786814, -0.6797167024597534, -0.27354201774305936, -0.660178696181349, -0.2580099650979406, -0.8479013317707347, -0.16348120160789673, -0.6290929950556293, 0.48533244657866054, -0.7151644462825388, -0.40699796253009535, -0.6619005128169232, 0.23790244511858272, -0.3645130380363008, 0.8155069514113035, -0.5029751437135223, 0.9473560460256262, 0.21282134587603008, 0.984957790460465, 0.030599798769387735]
1091.028584609673	(8, 12, 2)	[-0.8729717230867784, -0.9753731524244181, -0.7128489786313047, 0.8679321420356161, 0.12861831263770843, -0.1070311860269976, 0.7308238523615826, -0.4127766340904191, -0.06016306143878527, -0.12799776688100867, 0.43942703975509806, 0.989452865074036, 0.34155011633586135, 0.47256326703015944, 0.8177115560789858, 0.6877890283880328, 0.7909751610295669, 0.6748004124109995, -0.6216719864914436, 0.42808117516559585, -0.20468639252588094, 0.10189042659300775, 0.648030008283102, 0.8332735766433773, 0.24793248477335086, -1.1899862063375608, -0.07576583402985097, 0.6387350653248085, -0.5394581917661959, 0.6540211045918467, 0.21931667317916032, -0.11603351922560008, -0.15974971295956927, -0.058352357456478446, 0.017191554829521342, -0.12814949163324907, -0.12764471401141073, 0.7474254856590928, -0.6825378248151874, 1.0430615414579232, 0.3419247324462848, 0.395960782569314, 0.11129156482438111, 0.6261000775166958, -0.6452290087814907, -0.6659628724653754, 0.28014688395216736, 0.13674481665205473, 0.8881187769895073, -0.13159216806250382, 0.20933733547688768, 0.11213799174177484, 0.9600924947895093, -0.2955727712202047, 0.05307433158110224, 0.011292920067902959, 0.09822696465920305, -0.6378947075694426, 0.8040457910959801, -0.6570047586490501, 0.04283132348352757, -0.1672505946854246, -0.7687567289549204, -0.08629860151991187, -0.19787633234752375, 0.8646886881574753, 0.4072008345095097, -0.20837018565923504, 0.6714249233575451, 0.4468738316501572, 0.9082733490333817, -0.07119564581525928, -0.14641451641721703, -0.7059212301306678, -0.10407177091801176, -0.2815615944858318, -0.3430047178887552, -0.020563752738105547, 0.5166756407149815, -0.4170855642859016, -0.6845967535479589, -0.7961492773372144, 0.6616758970987854, 0.5668156270754124, 0.3092924843838549, -0.4465260985335092, 0.03474130312192551, -0.796248793104055, -0.3683711057656192, 0.23169230930524684, 0.5304612987711237, -0.7659337856204429, 0.71726454421746, 0.74502966909663, -0.22232181309586557, -0.3494134657193738, 0.817729736441665, 0.12602457269707507, -0.13043854861424026, 0.5626577919833501, -0.6889576056454343, -0.6793185990861239, -0.31794803284413015, -0.5707632036467569, -0.261553511176802, -0.8475348577742043, -0.1655894633929792, -0.6351411694935801, 0.48611669321099277, -0.7188489334831734, -0.40177333015765077, -0.6621856884531672, 0.23772153605705093, -0.36704680534130796, 0.8153580371466959, -0.498219762558206, 0.9434564340075854, 0.1898579497764759, 0.9857469109927713, 0.030836941462063394]
1072.4733259129985	(8, 12, 2)	[-0.8542228014715996, -0.9656764823626409, -0.6343578707662285, 0.8480010806855082, 0.18686790185486943, 0.10691539845789483, 0.7354565993527267, -0.43567905189922385, -0.07280038814430917, -0.14630311218303627, 0.4390246983773459, 0.9899800547390062, 0.3408104676169509, 0.4731508600519367, 0.8009827014721693, 0.683886846918702, 0.8096780707710393, 0.6807831149901101, -0.5920660223215449, 0.4387325696175952, -0.01868094886730266, 0.10502805502618676, 0.65968850040687, 0.8329742738379096, 0.233461910920483, -1.1618241512841072, -0.009886623282479912, 0.7131202722712281, -0.5203905710997241, 0.6543449925378528, 0.18260947719800627, -0.12025710457597677, -0.1705234268541301, -0.07966153640383351, 0.012857590093808904, -0.12520495856139824, -0.13424974639980575, 0.7467696024703383, -0.6842670979470354, 1.046244603397577, 0.3619897509463648, 0.3893378898103165, 0.14314019207730325, 0.6222363656531242, -0.7547789730152639, -0.6239651347668471, 0.195831711308609, 0.13249789317581961, 0.8963768175089095, -0.13223629110657145, 0.2603360177077486, 0.11181215152921646, 0.9626964221070317, -0.3170670845122922, 0.2895379770001985, 0.05024632698992994, 0.08861532270936257, -0.591340793465528, 0.8039939338601135, -0.6829122482833745, 0.04707739803162786, -0.17873939982661724, -0.7273790251328908, 0.24749190405923532, -0.18589395597554295, 0.8571524387295612, 0.3427906337807114, -0.20682498920686762, 0.6773214506048634, 0.27718970279613697, 0.9240117148262109, -0.01289955939071967, -0.29025554278572424, -0.6251667134068521, -0.09873486076091971, -0.278805628091858, -0.3117699279857276, -0.026088370791603727, 0.5833566517887334, -0.4320488527718684, -0.6738514879458594, -0.7987874527239865, 0.6599258121731619, 0.5723748379129955, 0.30895302871804153, -0.43331076712258526, 0.0630212627518854, -0.7920515135558215, -0.26183373778447017, 0.23321941488430206, 0.5258695169918944, -0.8023346799226887, 0.7106577497837887, 0.7623135716336158, -0.23060685860127839, -0.323613654597934, 0.7428450102311466, 0.13661449280800653, -0.18064159753431575, 0.5659880628765048, -0.6817659175077038, -0.680082909047648, -0.21231289386442986, -0.6204303112873792, -0.2550022341257794, -0.8485580917671118, -0.16605728735358355, -0.6295071624900003, 0.48987315006189147, -0.7204248708268348, -0.39064856662550335, -0.6651841472017244, 0.22874058031513922, -0.3663011598262088, 0.815289889837357, -0.4850175749382038, 0.9393708970005644, 0.15477970610317135, 0.9800950781003535, 0.029015341904978606]
1393.4562969156627	(8, 12, 2)	[-0.8541024380001321, -0.9626832115715416, -0.7103975152239286, 0.85044203293807, 0.17612267129975587, -0.1376300940708519, 0.7313375451786843, -0.4145064429557212, -0.061499486124401634, -0.2195314635086304, 0.43900123690384213, 0.9898296750573754, 0.33646947659577825, 0.47068446161142324, 0.8188377756980181, 0.6767296803978614, 0.7908469682479197, 0.6768815556140728, -0.5247201849009057, 0.43781235413177977, -0.01819122297103788, 0.12943121515937928, 0.6523748215290875, 0.8327642460185897, 0.23350440698186495, -1.1603938679010655, -0.06171514197274272, 0.7134695258937847, -0.5398272651547852, 0.6537874846777352, 0.14591200460487025, -0.11877315908875519, -0.17650267282800153, -0.08371096014939496, 0.005439019419724543, -0.12572055957221484, -0.13383477184189713, 0.7448219645735215, -0.6827884980815427, 1.0462311992675741, 0.5905946371325407, 0.38804319588612074, 0.12854402248874838, 0.6221692470062945, -0.6273128178530403, -0.6249170343582963, 0.18560352200034042, 0.13794873633424723, 0.8934636778238189, -0.13226050507583992, 0.23038016812595993, 0.11191552449842063, 0.962576635287144, -0.297554575735896, 0.05888397628736793, 0.0442200344284909, 0.08855577768975684, -0.5017858937920042, 0.8039735580769091, -0.6851213213047969, 0.04783349184583585, -0.1768452582286712, -0.7280941467590575, 0.2579663666808995, -0.19374378074033374, 0.856706121939213, 0.33456725185804126, -0.2078179638537407, 0.677442857394599, 0.29119532933287073, 0.9299125503054577, -0.011986088952890214, -0.28978426578330707, -0.8111257632253616, -0.09889299384554488, -0.27881394054029734, -0.27174866499363687, -0.011922561092989597, 0.5885204713173416, -0.4314316750562857, -0.6829065050813501, -0.8066260530426678, 0.6597284332667441, 0.5693388024980837, 0.3085779769848914, -0.4326520345391925, 0.04868837446260721, -0.7931603763249971, -0.2959829515976355, 0.23321857258091055, 0.5271621367800572, -0.7926973731497448, 0.7025096648931958, 0.7684676045196775, -0.23093435118308211, -0.33435940359016214, 0.7615109014562159, 0.13713987741918274, -0.13034776045733146, 0.5751959299107456, -0.6833776456235869, -0.6799302838193125, -0.13273407627446054, -0.6212439382004153, -0.2612319716149075, -0.8486639309373779, -0.16597677531022947, -0.6312476541532472, 0.4917845083918326, -0.7194793136109673, -0.39183750492112, -0.6655649179609164, 0.23092777934966333, -0.3664810135073702, 0.8153317943137558, -0.48438327240605117, 0.9416239400335678, 0.154698175941381, 0.9811990843085884, 0.029340929925483244]
1314.3992834659948	(8, 12, 2)	[-0.8541024380001321, -0.9626832115715416, -0.7103975152239286, 0.85044203293807, 0.17612267129975587, -0.1376300940708519, 0.7313375451786843, -0.4145064429557212, -0.061499486124401634, -0.2195314635086304, 0.43900123690384213, 0.9898296750573754, 0.33646947659577825, 0.47068446161142324, 0.8188377756980181, 0.6767296803978614, 0.7908469682479197, 0.6768815556140728, -0.5247201849009057, 0.43781235413177977, -0.01819122297103788, 0.12943121515937928, 0.6523748215290875, 0.8327642460185897, 0.23350440698186495, -1.1603938679010655, -0.06171514197274272, 0.7134695258937847, -0.5398272651547852, 0.6537874846777352, 0.14591200460487025, -0.11877315908875519, -0.17650267282800153, -0.08371096014939496, 0.005439019419724543, -0.12572055957221484, -0.13383477184189713, 0.7448219645735215, -0.6827884980815427, 1.0462311992675741, 0.5905946371325407, 0.38804319588612074, 0.12854402248874838, 0.6221692470062945, -0.6273128178530403, -0.6249170343582963, 0.18560352200034042, 0.13794873633424723, 0.8934636778238189, -0.13226050507583992, 0.23038016812595993, 0.11191552449842063, 0.962576635287144, -0.297554575735896, 0.05888397628736793, 0.0442200344284909, 0.08855577768975684, -0.5017858937920042, 0.8039735580769091, -0.6851213213047969, 0.04783349184583585, -0.1768452582286712, -0.7280941467590575, 0.2579663666808995, -0.19374378074033374, 0.856706121939213, 0.33456725185804126, -0.2078179638537407, 0.677442857394599, 0.29119532933287073, 0.9299125503054577, -0.011986088952890214, -0.28978426578330707, -0.8111257632253616, -0.09889299384554488, -0.27881394054029734, -0.27174866499363687, -0.011922561092989597, 0.5885204713173416, -0.4314316750562857, -0.6829065050813501, -0.8066260530426678, 0.6597284332667441, 0.5693388024980837, 0.3085779769848914, -0.4326520345391925, 0.04868837446260721, -0.7931603763249971, -0.2959829515976355, 0.23321857258091055, 0.5271621367800572, -0.7926973731497448, 0.7025096648931958, 0.7684676045196775, -0.23093435118308211, -0.33435940359016214, 0.7615109014562159, 0.13713987741918274, -0.13034776045733146, 0.5751959299107456, -0.6833776456235869, -0.6799302838193125, -0.13273407627446054, -0.6212439382004153, -0.2612319716149075, -0.8486639309373779, -0.16597677531022947, -0.6312476541532472, 0.4917845083918326, -0.7194793136109673, -0.39183750492112, -0.6655649179609164, 0.23092777934966333, -0.3664810135073702, 0.8153317943137558, -0.48438327240605117, 0.9416239400335678, 0.154698175941381, 0.9811990843085884, 0.029340929925483244]
1055.0803064176644	(8, 12, 2)	[-0.8480781557623165, -0.9719769405399717, -0.6843605122163401, 0.8592451722119455, 0.15163263524376072, -0.11227773501368286, 0.7255359859959958, -0.42517488995477276, -0.056337173976354626, -0.18420852214395722, 0.4383441504820113, 0.9915919676756544, 0.43108088740981015, 0.4733565757147247, 0.8237499187095849, 0.680582263819094, 0.7927031538921747, 0.6643380828102019, -0.6140330633226408, 0.43868291039469787, -0.09130868024635655, -0.013947679839346014, 0.6143349900700991, 0.9132541400802251, 0.24597651260548326, -1.2055945928060816, -0.06999666441035082, 0.6877055974193593, -0.508950572656022, 0.6510404347395823, 0.18920835008323797, -0.11635915253959922, -0.15573768540212257, -0.12137522146474572, 0.01611175769630794, -0.1279107102407512, -0.13572489169256916, 0.7330343540872378, -0.6751095553814309, 1.0551379225005555, 0.7446147187348886, 0.5083123506948646, 0.137111780989087, 0.6416994541161061, -0.6619097494185558, -0.6549400791901491, 0.2809159213127675, 0.10284106265045634, 0.8923506570354168, -0.1349993298607344, 0.2139415756058627, 0.11250421038991229, 0.957056930279838, -0.2961706461200217, 0.11417157323653707, 0.030699955386566127, 0.08949701918568685, -0.6053053649361663, 0.8075647383505161, -0.6540558677931144, 0.04431414610562012, -0.16054570183873426, -0.7542853812330137, 0.18014739026332188, -0.2087329695764617, 0.8668611818987392, 0.38405941929929666, -0.20645022097813923, 0.6665017673729992, 0.3639369840866279, 0.9336533467651289, -0.06477694920395144, -0.24378963749243884, -0.7266791655980506, -0.10215849064222682, -0.28059181901837155, -0.33231488679214277, 0.011288599759646988, 0.5784105585407053, -0.4171494778229241, -0.6755265777789361, -0.7988313665962059, 0.6610521002313904, 0.5892921273817161, 0.3079552783919906, -0.44646481442542657, 0.03517731787521333, -0.7940068602579667, -0.3551127415282465, 0.2347590755854297, 0.5251092247845738, -0.7764070720663743, 0.6977927206768078, 0.7544161999417929, -0.22807991577277478, -0.3349273788516512, 0.7636652645297631, 0.14613864547484456, -0.13608248762192557, 0.585467667551618, -0.6861479239139727, -0.6878079853500815, -0.22178909569034838, -0.5704457604543984, -0.2577974478553672, -0.8477859866365801, -0.16514942973454783, -0.6245499635936547, 0.49073252824213476, -0.7187684572370903, -0.44157934406328714, -0.6647978381197501, 0.22680780126967903, -0.3669556949313303, 0.8166838922653288, -0.4899860086606357, 0.9423710946901451, 0.18454219104072492, 0.983829262048282, 0.028652523720656343]
932.2961957858647	(8, 12, 2)	[-0.8468657519296371, -0.9677624426782474, -0.6797577833204275, 0.8595395913020497, 0.17417305793432472, -0.11826524466327507, 0.7257619786685061, -0.4214561256784688, -0.060165400529414534, -0.18492569186428254, 0.4382483032098264, 0.9915086850818519, 0.32593739605782596, 0.4708306927609331, 0.8203144761901219, 0.6804740571869279, 0.7930681233822218, 0.6796901200116133, -0.5522484559742388, 0.4377135400771583, -0.10773319018075349, 0.11651520189344064, 0.6309799697535449, 0.8647610954283376, 0.24492485059833705, -1.1889835339367836, -0.0631671238539073, 0.6940790242302421, -0.505203136104099, 0.6518657257647533, 0.14529742196720302, -0.11849070238413258, -0.1514132660064869, -0.099940777622766, 0.01472317409992343, -0.12725395795170752, -0.1355648453149808, 0.7307440879883818, -0.682045048424783, 1.0442926732252196, 0.6402408644772898, 0.41401981257137455, 0.13771707867704144, 0.6410873350755576, -0.6331961233703676, -0.6568278165297115, 0.28792788897629296, 0.14603629977754248, 0.8926844426190671, -0.13309677265124742, 0.21126144057539734, 0.11231653615753924, 0.9578296469867466, -0.29759575167549357, 0.11461334303840098, 0.028739634851183943, 0.0883948977852155, -0.57967453094289, 0.8069804283077687, -0.6735001205783852, 0.048152766224681204, -0.15733097489484107, -0.7322045661762911, 0.16442909300558253, -0.1961057787849093, 0.8609579212719312, 0.3777173259518871, -0.20725973210730714, 0.6750937067929977, 0.3252276113765032, 0.931976161186266, -0.07723035194977325, -0.23354047573018666, -0.7132044752419585, -0.10085955164300864, -0.2803301558523315, -0.2607034647473932, 0.007893795629057794, 0.5776527628490099, -0.4237123208199845, -0.6739906499045868, -0.8071762610379517, 0.6613251316302396, 0.5757493588480486, 0.30781073517145, -0.42971417868068235, 0.046669388525095244, -0.7938834461322867, -0.28242572449697856, 0.23086895106930655, 0.5274279894055819, -0.7789856623903744, 0.7036138693851962, 0.752496430553698, -0.2307393864441456, -0.33451651058293075, 0.7640625602001696, 0.14679275244552836, -0.13401449251311806, 0.5768498773039323, -0.6854657109012551, -0.686309877699819, -0.17024060051027784, -0.5989590282366306, -0.25909568482309886, -0.8478682691162486, -0.16612946415250082, -0.6273506831719398, 0.4906140808716781, -0.7188802060496448, -0.42087410349236526, -0.6651153356889113, 0.23077070733606359, -0.3668282387796086, 0.8154371644974034, -0.4913275967407584, 0.9419561463929069, 0.16028992042183163, 0.9839730262561988, 0.028810757451645085]
1010.7451932402463	(8, 12, 2)	[-0.8480781557623165, -0.9719769405399717, -0.6843605122163401, 0.8592451722119455, 0.15163263524376072, -0.11227773501368286, 0.7255359859959958, -0.42517488995477276, -0.056337173976354626, -0.18420852214395722, 0.4383441504820113, 0.9915919676756544, 0.43108088740981015, 0.4733565757147247, 0.8237499187095849, 0.680582263819094, 0.7927031538921747, 0.6643380828102019, -0.6423730644913229, 0.43868291039469787, -0.09130868024635655, -0.013947679839346014, 0.6143349900700991, 0.9132541400802251, 0.24597651260548326, -1.2055945928060816, -0.06999666441035082, 0.6877055974193593, -0.508950572656022, 0.6510404347395823, 0.18920835008323797, -0.11635915253959922, -0.15573768540212257, -0.12137522146474572, 0.01611175769630794, -0.1279107102407512, -0.13572489169256916, 0.7330343540872378, -0.6751095553814309, 1.0551379225005555, 0.7446147187348886, 0.5083123506948646, 0.137111780989087, 0.6416994541161061, -0.6619097494185558, -0.6549400791901491, 0.2809159213127675, 0.10284106265045634, 0.8923506570354168, -0.1349993298607344, 0.2139415756058627, 0.11250421038991229, 0.957056930279838, -0.2961706461200217, 0.11417157323653707, 0.030699955386566127, 0.08949701918568685, -0.6053053649361663, 0.8075647383505161, -0.6540558677931144, 0.04431414610562012, -0.16054570183873426, -0.6190773669638547, 0.18014739026332188, -0.2087329695764617, 0.8668611818987392, 0.38405941929929666, -0.20645022097813923, 0.6665017673729992, 0.3639369840866279, 0.9336533467651289, -0.06477694920395144, -0.24378963749243884, -0.7266791655980506, -0.10215849064222682, -0.28059181901837155, -0.33231488679214277, 0.011288599759646988, 0.5784105585407053, -0.4171494778229241, -0.6755265777789361, -0.7988313665962059, 0.6610521002313904, 0.5892921273817161, 0.3079552783919906, -0.44646481442542657, 0.03517731787521333, -0.7940068602579667, -0.3551127415282465, 0.2347590755854297, 0.5251092247845738, -0.7764070720663743, 0.6977927206768078, 0.7544161999417929, -0.22807991577277478, -0.3349273788516512, 0.7636652645297631, 0.14613864547484456, -0.13608248762192557, 0.585467667551618, -0.6861479239139727, -0.6878079853500815, -0.22178909569034838, -0.5704457604543984, -0.2577974478553672, -0.8477859866365801, -0.16514942973454783, -0.6245499635936547, 0.49073252824213476, -0.7187684572370903, -0.44157934406328714, -0.6647978381197501, 0.22680780126967903, -0.3669556949313303, 0.8166838922653288, -0.4899860086606357, 0.9423710946901451, 0.18454219104072492, 0.983829262048282, 0.028652523720656343]
1301.8908833831126	(8, 12, 2)	[-0.8480781557623165, -0.9719769405399717, -0.6843605122163401, 0.8592451722119455, 0.15163263524376072, -0.11227773501368286, 0.7255359859959958, -0.42517488995477276, -0.056337173976354626, -0.18420852214395722, 0.4383441504820113, 0.9915919676756544, 0.43108088740981015, 0.4733565757147247, 0.8237499187095849, 0.680582263819094, 0.7927031538921747, 0.6643380828102019, -0.6423730644913229, 0.43868291039469787, -0.09130868024635655, -0.013947679839346014, 0.6143349900700991, 0.9132541400802251, 0.24597651260548326, -1.2055945928060816, -0.06999666441035082, 0.6877055974193593, -0.508950572656022, 0.6510404347395823, 0.18920835008323797, -0.11635915253959922, -0.15573768540212257, -0.12137522146474572, 0.01611175769630794, -0.1279107102407512, -0.13572489169256916, 0.7330343540872378, -0.6751095553814309, 1.0551379225005555, 0.7446147187348886, 0.5083123506948646, 0.137111780989087, 0.6416994541161061, -0.6619097494185558, -0.6549400791901491, 0.2809159213127675, 0.10284106265045634, 0.8923506570354168, -0.1349993298607344, 0.2139415756058627, 0.11250421038991229, 0.957056930279838, -0.2961706461200217, 0.11417157323653707, 0.030699955386566127, 0.08949701918568685, -0.6053053649361663, 0.8075647383505161, -0.6540558677931144, 0.04431414610562012, -0.16054570183873426, -0.6190773669638547, 0.18014739026332188, -0.2087329695764617, 0.8668611818987392, 0.38405941929929666, -0.20645022097813923, 0.6665017673729992, 0.3639369840866279, 0.9336533467651289, -0.06477694920395144, -0.24378963749243884, -0.7266791655980506, -0.10215849064222682, -0.28059181901837155, -0.33231488679214277, 0.011288599759646988, 0.5784105585407053, -0.4171494778229241, -0.6755265777789361, -0.7988313665962059, 0.6610521002313904, 0.5892921273817161, 0.3079552783919906, -0.44646481442542657, 0.03517731787521333, -0.7940068602579667, -0.3551127415282465, 0.2347590755854297, 0.5251092247845738, -0.7764070720663743, 0.6977927206768078, 0.7544161999417929, -0.22807991577277478, -0.3349273788516512, 0.7636652645297631, 0.14613864547484456, -0.13608248762192557, 0.585467667551618, -0.6861479239139727, -0.6878079853500815, -0.22178909569034838, -0.5704457604543984, -0.2577974478553672, -0.8477859866365801, -0.16514942973454783, -0.6245499635936547, 0.49073252824213476, -0.7187684572370903, -0.44157934406328714, -0.6647978381197501, 0.22680780126967903, -0.3669556949313303, 0.8166838922653288, -0.4899860086606357, 0.9423710946901451, 0.18454219104072492, 0.983829262048282, 0.028652523720656343]
1523.8658489116385	(8, 12, 2)	[-0.8480781557623165, -0.9719769405399717, -0.6843605122163401, 0.8592451722119455, 0.15163263524376072, -0.11227773501368286, 0.7255359859959958, -0.42517488995477276, -0.056337173976354626, -0.18420852214395722, 0.4383441504820113, 0.9915919676756544, 0.43108088740981015, 0.4733565757147247, 0.8237499187095849, 0.680582263819094, 0.7927031538921747, 0.6643380828102019, -0.6423730644913229, 0.43868291039469787, -0.09130868024635655, -0.013947679839346014, 0.6143349900700991, 0.9132541400802251, 0.24597651260548326, -1.2055945928060816, -0.06999666441035082, 0.6877055974193593, -0.508950572656022, 0.6510404347395823, 0.18920835008323797, -0.11635915253959922, -0.15573768540212257, -0.12137522146474572, 0.01611175769630794, -0.1279107102407512, -0.13572489169256916, 0.7330343540872378, -0.6751095553814309, 1.0551379225005555, 0.7446147187348886, 0.5083123506948646, 0.137111780989087, 0.6416994541161061, -0.6619097494185558, -0.6549400791901491, 0.2809159213127675, 0.10284106265045634, 0.8923506570354168, -0.1349993298607344, 0.2139415756058627, 0.11250421038991229, 0.957056930279838, -0.2961706461200217, 0.11417157323653707, 0.030699955386566127, 0.08949701918568685, -0.6053053649361663, 0.8075647383505161, -0.6540558677931144, 0.04431414610562012, -0.16054570183873426, -0.6190773669638547, 0.18014739026332188, -0.2087329695764617, 0.8668611818987392, 0.38405941929929666, -0.20645022097813923, 0.6665017673729992, 0.3639369840866279, 0.9336533467651289, -0.06477694920395144, -0.24378963749243884, -0.7266791655980506, -0.10215849064222682, -0.28059181901837155, -0.33231488679214277, 0.011288599759646988, 0.5784105585407053, -0.4171494778229241, -0.6755265777789361, -0.7988313665962059, 0.6610521002313904, 0.5892921273817161, 0.3079552783919906, -0.44646481442542657, 0.03517731787521333, -0.7940068602579667, -0.3551127415282465, 0.2347590755854297, 0.5251092247845738, -0.7764070720663743, 0.6977927206768078, 0.7544161999417929, -0.22807991577277478, -0.3349273788516512, 0.7636652645297631, 0.14613864547484456, -0.13608248762192557, 0.585467667551618, -0.6861479239139727, -0.6878079853500815, -0.22178909569034838, -0.5704457604543984, -0.2577974478553672, -0.8477859866365801, -0.16514942973454783, -0.6245499635936547, 0.49073252824213476, -0.7187684572370903, -0.44157934406328714, -0.6647978381197501, 0.22680780126967903, -0.3669556949313303, 0.8166838922653288, -0.4899860086606357, 0.9423710946901451, 0.18454219104072492, 0.983829262048282, 0.028652523720656343]
1689.4097070701148	(8, 12, 2)	[-0.8480781557623165, -0.9719769405399717, -0.6843605122163401, 0.8592451722119455, 0.15163263524376072, -0.11227773501368286, 0.7255359859959958, -0.42517488995477276, -0.056337173976354626, -0.18420852214395722, 0.4383441504820113, 0.9915919676756544, 0.43108088740981015, 0.4733565757147247, 0.8237499187095849, 0.680582263819094, 0.7927031538921747, 0.6643380828102019, -0.6423730644913229, 0.43868291039469787, -0.09130868024635655, -0.013947679839346014, 0.6143349900700991, 0.9132541400802251, 0.24597651260548326, -1.2055945928060816, -0.06999666441035082, 0.6877055974193593, -0.508950572656022, 0.6510404347395823, 0.18920835008323797, -0.11635915253959922, -0.15573768540212257, -0.12137522146474572, 0.01611175769630794, -0.1279107102407512, -0.13572489169256916, 0.7330343540872378, -0.6751095553814309, 1.0551379225005555, 0.7446147187348886, 0.5083123506948646, 0.137111780989087, 0.6416994541161061, -0.6619097494185558, -0.6549400791901491, 0.2809159213127675, 0.10284106265045634, 0.8923506570354168, -0.1349993298607344, 0.2139415756058627, 0.11250421038991229, 0.957056930279838, -0.2961706461200217, 0.15139295674131018, 0.030699955386566127, 0.08949701918568685, -0.6053053649361663, 0.8075647383505161, -0.6540558677931144, 0.04431414610562012, -0.16054570183873426, -0.6190773669638547, -0.08004465961771073, -0.2087329695764617, 0.8668611818987392, 0.38405941929929666, -0.20645022097813923, 0.6665017673729992, 0.3639369840866279, 0.9336533467651289, -0.06477694920395144, -0.24378963749243884, -0.7266791655980506, -0.10215849064222682, -0.28059181901837155, -0.33231488679214277, 0.011288599759646988, 0.5784105585407053, -0.4171494778229241, -0.6755265777789361, -0.7988313665962059, 0.6610521002313904, 0.5892921273817161, 0.3079552783919906, -0.44646481442542657, 0.03517731787521333, -0.7940068602579667, -0.3551127415282465, 0.2347590755854297, 0.5251092247845738, -0.7764070720663743, 0.6977927206768078, 0.7544161999417929, -0.22807991577277478, -0.3349273788516512, 0.7636652645297631, 0.14613864547484456, -0.13608248762192557, 0.585467667551618, -0.6861479239139727, -0.6878079853500815, -0.22178909569034838, -0.5704457604543984, -0.2577974478553672, -0.8477859866365801, -0.16514942973454783, -0.6245499635936547, 0.49073252824213476, -0.7187684572370903, -0.44157934406328714, -0.6647978381197501, 0.22680780126967903, -0.3669556949313303, 0.8166838922653288, -0.4899860086606357, 0.8820902582310759, 0.18454219104072492, 0.983829262048282, 0.028652523720656343]
1366.210786958852	(8, 12, 2)	[-0.8422979458480063, -0.9717250322861878, -0.6930049351765906, 0.8591697893773106, 0.15270205574226858, -0.1106788952422652, 0.7292559990014383, -0.42418371745820144, -0.015595191423006124, -0.17279026703449316, 0.4394665436553968, 0.9906815940134637, 0.4164778411536946, 0.4732272233871589, 0.9068811422805079, 0.8698634290423697, 0.8079885895592751, 0.884215377319945, -0.5995770678350333, 0.4385515752202556, -0.07567052390484362, -0.02027187528993759, 0.6118928209385073, 0.9159442805619789, 0.23438591916159135, -1.1930689548032032, -0.0689502193175319, 0.6841650571634572, -0.5316963641576048, 0.6382283664982774, 0.18980786235709354, -0.11688815909367586, -0.15527044766658654, -0.08784348059261438, 0.01776933502636134, -0.12912959665645354, -0.22366910118601174, 0.73360517659687, -0.683332604717917, 1.0511738031815088, 0.5343554592355347, 0.5064473659695204, 0.12521722351025494, 0.635299254143251, -0.7057931827651708, -0.6460141265499032, 0.25527090884288806, 0.14527090353313613, 0.8913193542043224, -0.13530612716343698, 0.21123646077499564, 0.11223954454259238, 0.957008123464837, -0.29627044044053713, 0.14651472741261115, 0.03086176590814707, 0.0947280205263946, -0.6189943751786995, 0.677023431477554, -0.653429453636452, 0.044209465559709005, -0.12721306892731854, -0.6071593255295945, 0.16866863343015165, -0.20818153608901846, 0.8632507583012609, 0.3823149319240265, -0.20583514692726707, 0.6749243020666743, 0.360783497676461, 0.9331352335451055, -0.05156185281407881, -0.26840225110568494, -0.7555209816055215, -0.10189392987640432, -0.28143102839663825, -0.3395637406705734, 0.013113292922506821, 0.5766100637564027, -0.426010769363853, -0.666185302614945, -0.8613632762706771, 0.6605682423694279, 0.5758718031552255, 0.3081308031387506, -0.4411135502853823, 0.03500891166129132, -0.7952894370403848, -0.3627417590316464, 0.24078528967819698, 0.5273227734962432, -0.8585369784616195, 0.7192414169933764, 0.7475056590229803, -0.22834718067086765, -0.33487635067202326, 0.7442114578157625, 0.14654667285209472, -0.13908617564699166, 0.5843456962108249, -0.6869077715860975, -0.6877214678714837, -0.14890022451197468, -0.6249724748653881, -0.2605214290712009, -0.8481832241788207, -0.1641235184104644, -0.6265682527738787, 0.4888936881704758, -0.718063010392433, -0.40293891384855546, -0.6626418350530459, 0.227242965696023, -0.36689818334516644, 0.8151882209999043, -0.4958618852247417, 0.9520465011744262, 0.18412451767677032, 0.9846383951381034, 0.018295016481328308]
1162.3675669686663	(8, 12, 2)	[-0.8537655526702712, -0.9715346968756938, -0.6639179278128595, 0.8270263567391363, 0.15081594805966791, -0.09728970517801351, 0.7265557530565018, -0.4203246773273328, -0.05410283078425549, -0.21030646685355103, 0.4393831508176094, 0.9897648525251803, 0.38896635829394344, 0.47367564217500496, 0.840806049505843, 0.6440634965569526, 0.7855639620657953, 0.672508279435473, -0.6212258550954243, 0.36536710530072236, -0.07960548343237872, 0.0789626878009155, 0.6713081389945816, 0.9024241293601001, 0.24414630652109537, -1.2019256726514558, -0.06545692048833564, 0.7894412312045052, -0.526032098923393, 0.6529620973693173, 0.19688679682239651, -0.1169759913026424, -0.15993169311711664, -0.0503369958521003, 0.016989535111190064, -0.07522240221594151, -0.13759797773359211, 0.7415937470042445, -0.669447845979368, 1.048769434576366, 0.5106750946871316, 0.5364235544955608, 0.13377685322934252, 0.6364936086425022, -0.7031149701639511, -0.6441686121779229, 0.23964268471694272, 0.13863977824275517, 0.8943957199275934, -0.14008111798312078, 0.22078581308548545, 0.11189693278013388, 0.962575895413522, -0.2669206942540171, 0.051936004677643255, 0.027393240539475634, 0.09675749820621095, -0.43908960958893334, 0.8261121334542929, -0.6742557040991112, 0.04398205031139828, -0.13563339981808495, -0.7523552814587514, 0.24663538534681606, -0.21225980561588095, 0.8693447511394454, 0.36504164549848156, -0.20466386311413692, 0.6711960176390896, 0.3552358244179064, 0.9316023601083308, -0.0441372614267724, -0.2371302603807475, -0.7161302413822356, -0.10338962488809435, -0.26574450485291873, -0.30540182376051106, 0.0056886435334328155, 0.5776157183209939, -0.41170706244630884, -0.6474097842889074, -0.8003592265641141, 0.6390232845263546, 0.5635194340340923, 0.30746614204023415, -0.4406529611878581, 0.03869006334080727, -0.7961021878942265, -0.3221671376638635, 0.23371413280559306, 0.5306944982769581, -0.8610971062696937, 0.7008754525966596, 0.7523942901592926, -0.22952379489669936, -0.33548819471581703, 0.7642442137060589, 0.197358001220728, -0.13639781522424083, 0.6846938105401734, -0.6888083543453226, -0.6877196294566367, -0.16692351331876482, -0.6379930267920698, -0.25791769890504646, -0.8470898747766685, -0.16568864429311891, -0.3911804930853691, 0.489400629670071, -0.7193273301620701, -0.41006769994702424, -0.6641446420264937, 0.22826698465216452, -0.36751298320078923, 0.8159258393055029, -0.488565785057212, 0.9555398363827916, 0.16245562977510353, 0.9825730884644478, 0.017734925181993273]
995.4778269520095	(8, 12, 2)	[-0.8991148859701226, -0.9472703081872879, -0.6852494481654884, 0.8485053856732516, 0.15731441099473054, -0.10334658110160479, 0.7265186204046576, -0.42139281645136256, -0.05474571074855625, -0.20164451531980385, 0.43565799568037705, 0.9906210128609639, 0.40108953388183216, 0.473726650176169, 0.7582004768162027, 0.5358850811621211, 0.7939748443594026, 0.6621542675854096, -0.43251864453387595, 0.4387132197159837, -0.15554833205599877, 0.03218420805131318, 0.6197908190495915, 0.7625880523585702, 0.24558559320365142, -1.178524736833554, -0.06915507674136741, 0.6980436719037795, -0.5201734368274209, 0.6500756025288014, 0.2043411577495423, -0.11966480504284853, -0.16698579141004066, -0.1151463463462326, 0.014144994295073245, -0.12688223729286385, -0.13450189279192068, 0.6862943349870843, -0.6742516494000885, 1.0484394080833297, 0.5570744312241357, 0.5003743790084612, 0.13128523930636105, 0.6411586310354248, -0.6937996821643775, -0.6180754642454666, 0.2874238189799654, 0.09180526215817314, 0.8981079568462272, -0.13282497908565757, 0.20579092006314137, 0.11428800920146574, 0.9600720791487074, -0.29186647804478477, 0.1311239152901824, 0.026490560795722047, 0.08709213065058154, -0.5757615010578674, 0.9368564741753199, -0.6809878796366045, 0.0444322501231269, -0.17867209492577568, -0.7974907241564447, 0.22161719950047168, -0.20436318752742572, 0.8513620083787085, 0.34132342261498466, -0.20587183489855473, 0.671165941290556, 0.3471446026215881, 0.9286430938018633, -0.02002915478733395, -0.2645432034270215, -0.7212606255567688, -0.10310136544032092, -0.278684610476308, -0.30749974184864, 0.00286298694068944, 0.5843875892646173, -0.41721016585227655, -0.677179611320301, -0.8029941153346597, 0.6412524528413862, 0.5875109080595817, 0.3136881926231556, -0.42938392558300237, 0.09649758374182907, -0.7935181328703752, -0.3503556668883344, 0.3061173375005878, 0.5268268843968519, -0.7842074362218484, 0.8962151074330466, 0.7548277179644901, -0.2268385472001238, -0.3557335145287819, 0.7541372118318381, 0.1413276795532694, -0.1323500623875244, 0.6560493118682893, -0.6863528511696719, -0.6867832382285235, -0.1948803590071519, -0.6062624922227727, -0.257182231543483, -0.8447751455129652, -0.16891488953843217, -0.638959550910887, 0.49044953113720674, -0.7225221706982162, -0.4309687398317753, -0.6648764247522948, 0.22404293150743054, -0.36548893617319517, 0.815248909189472, -0.49221401384884084, 0.9422999881359667, 0.17265084881484474, 0.9814833866762918, 0.03081223993390917]
