-511.83837705108147	(8, 12, 2)	[-0.8530476288940432, -0.9770056971058114, -0.7416577351106124, 0.999441536981772, 0.14908725810851808, -0.11198268949029355, 0.8081861832781787, -0.4809541982863912, -0.1553022090900411, -0.12680453046771367, 0.42437969301274125, 0.9735857430370525, 0.3468048402447086, 0.48759262415423654, 0.8149806954838301, 0.6852842340682423, 0.8164783543680907, 0.689572536206891, -0.9502845399121858, 0.44702711488229707, -0.025277149706267377, 0.08121572051682735, 0.6813627774878641, 0.8783727968073936, 0.1727893974396364, -0.9946353146092037, 0.07064696599743714, 0.723037013273379, -0.5141732557766618, 0.6728129462724366, 0.02765301516590979, 0.08618965705743031, -0.1882929813238634, 0.05548357384198699, -0.08094968791116419, -0.20614992987389757, -0.13015351218420546, 0.7945323814637353, -0.6531360611574657, 0.9679719293881128, 0.35743848757018415, 0.38131855685319693, 0.1207705082095627, 0.6508454580741094, -0.7170385627814004, -0.6423680414462511, -0.2160423834130707, 0.12181051088920647, 0.9385038054788908, -0.13726321334352942, 0.2585104205726516, 0.10952109602144078, 0.973011723628388, -0.2680419204778266, 0.2708802828651491, 0.11470944009921746, 0.14789836891895392, -0.7197223437890075, 0.8385286186141729, -0.742683972138241, 0.020015417929299284, -0.18239795574834283, -0.8855460296225435, 0.13529325289909955, -0.2145380945380151, 0.9804140459960966, 0.5056083863293144, -0.10696088170373574, 0.6849263448293288, 0.2084500512086518, 0.8835319494385143, 0.42878239665016205, -0.48152932525784276, -0.7693389496697529, 0.6692483525806814, 0.16022755049052684, -0.25727627732160796, 0.09532833656346273, 0.8275758257655692, -0.6283225076649994, -0.5378319615908391, -0.79470134594343, 0.8105766902970319, 0.5787202612411211, 0.2939357797239073, -0.4225882255149449, 0.04780984744885264, -0.8516598624775571, -0.33744105615928977, 0.47783059888018675, 0.5023256022586404, -0.9716724372463661, 0.75676784672207, 0.7035887853688105, -0.27480460443166566, 0.47090112886393354, 0.7473105852615538, 0.43037911081215974, -0.10952255415631851, 0.32250750937826766, -0.6685246267815588, -0.6856445553716357, 0.02695478839672716, -0.6724033875997439, -0.1969841365045053, -0.8374252592328073, 0.0043574070481509075, -0.6812892421803634, 0.5401746537736689, -0.8403155108391664, -0.426569881381488, -0.6914044117820106, 0.2801487423153861, -0.33672431710622486, 0.780650339747186, -0.4220339173217229, 0.9506056382872601, 0.3016947043416023, 0.9256499973445069, 0.09502938700713703]
1192.1906446975943	(8, 12, 2)	[-0.8530476288940432, -0.9770056971058114, -0.7416577351106124, 0.999441536981772, 0.14908725810851808, -0.11198268949029355, 0.8081861832781787, -0.4809541982863912, -0.1553022090900411, -0.12680453046771367, 0.42437969301274125, 0.9735857430370525, 0.3468048402447086, 0.48759262415423654, 0.8149806954838301, 0.6852842340682423, 0.8164783543680907, 0.689572536206891, -0.9502845399121858, 0.44702711488229707, -0.025277149706267377, 0.08121572051682735, 0.6813627774878641, 0.8783727968073936, 0.1727893974396364, -0.9946353146092037, 0.07064696599743714, 0.723037013273379, -0.5141732557766618, 0.6728129462724366, 0.02765301516590979, 0.08618965705743031, -0.1882929813238634, 0.05548357384198699, -0.08094968791116419, -0.20614992987389757, -0.13015351218420546, 0.7945323814637353, -0.6531360611574657, 0.9679719293881128, 0.35743848757018415, 0.38131855685319693, 0.1207705082095627, 0.6508454580741094, -0.7170385627814004, -0.6423680414462511, -0.2160423834130707, 0.12181051088920647, 0.9385038054788908, -0.13726321334352942, 0.2585104205726516, 0.10952109602144078, 0.973011723628388, -0.2680419204778266, 0.2708802828651491, 0.11470944009921746, 0.14789836891895392, -0.7197223437890075, 0.8385286186141729, -0.742683972138241, 0.020015417929299284, -0.18239795574834283, -0.8855460296225435, 0.13529325289909955, -0.2145380945380151, 0.9804140459960966, 0.5056083863293144, -0.10696088170373574, 0.6849263448293288, 0.2084500512086518, 0.8835319494385143, 0.42878239665016205, -0.48152932525784276, -0.7693389496697529, 0.6692483525806814, 0.16022755049052684, -0.25727627732160796, 0.09532833656346273, 0.8275758257655692, -0.6283225076649994, -0.5378319615908391, -0.79470134594343, 0.8105766902970319, 0.5787202612411211, 0.2939357797239073, -0.4225882255149449, 0.04780984744885264, -0.8516598624775571, -0.33744105615928977, 0.47783059888018675, 0.5023256022586404, -0.9716724372463661, 0.75676784672207, 0.7035887853688105, -0.27480460443166566, 0.47090112886393354, 0.7473105852615538, 0.43037911081215974, -0.10952255415631851, 0.32250750937826766, -0.6685246267815588, -0.6856445553716357, 0.02695478839672716, -0.6724033875997439, -0.1969841365045053, -0.8374252592328073, 0.0043574070481509075, -0.6812892421803634, 0.5401746537736689, -0.8403155108391664, -0.426569881381488, -0.6914044117820106, 0.2801487423153861, -0.33672431710622486, 0.780650339747186, -0.4220339173217229, 0.9506056382872601, 0.3016947043416023, 0.9256499973445069, 0.09502938700713703]
811.7741175812047	(8, 12, 2)	[-0.8530476288940432, -0.9770056971058114, -0.7416577351106124, 0.999441536981772, 0.14908725810851808, -0.11198268949029355, 0.8081861832781787, -0.4809541982863912, -0.1553022090900411, -0.12680453046771367, 0.42437969301274125, 0.9735857430370525, 0.3468048402447086, 0.48759262415423654, 0.8149806954838301, 0.6852842340682423, 0.8164783543680907, 0.689572536206891, -0.9502845399121858, 0.44702711488229707, -0.025277149706267377, 0.08121572051682735, 0.6813627774878641, 0.8783727968073936, 0.1727893974396364, -0.9946353146092037, 0.07064696599743714, 0.723037013273379, -0.5141732557766618, 0.6728129462724366, 0.02765301516590979, 0.08618965705743031, -0.1882929813238634, 0.05548357384198699, -0.08094968791116419, -0.20614992987389757, -0.13015351218420546, 0.7945323814637353, -0.6531360611574657, 0.9679719293881128, 0.35743848757018415, 0.38131855685319693, 0.1207705082095627, 0.6508454580741094, -0.7170385627814004, -0.6423680414462511, -0.2160423834130707, 0.12181051088920647, 0.9385038054788908, -0.13726321334352942, 0.2585104205726516, 0.10952109602144078, 0.973011723628388, -0.2680419204778266, 0.2708802828651491, 0.11470944009921746, 0.14789836891895392, -0.7197223437890075, 0.8385286186141729, -0.742683972138241, 0.020015417929299284, -0.18239795574834283, -0.8855460296225435, 0.13529325289909955, -0.2145380945380151, 0.9804140459960966, 0.5056083863293144, -0.10696088170373574, 0.6849263448293288, 0.2084500512086518, 0.8835319494385143, 0.42878239665016205, -0.48152932525784276, -0.7693389496697529, 0.6692483525806814, 0.16022755049052684, -0.25727627732160796, 0.09532833656346273, 0.8275758257655692, -0.6283225076649994, -0.5378319615908391, -0.79470134594343, 0.8105766902970319, 0.5787202612411211, 0.2939357797239073, -0.4225882255149449, 0.04780984744885264, -0.8516598624775571, -0.33744105615928977, 0.47783059888018675, 0.5023256022586404, -0.9716724372463661, 0.75676784672207, 0.7035887853688105, -0.27480460443166566, 0.47090112886393354, 0.7473105852615538, 0.43037911081215974, -0.10952255415631851, 0.32250750937826766, -0.6685246267815588, -0.6856445553716357, 0.02695478839672716, -0.6724033875997439, -0.1969841365045053, -0.8374252592328073, 0.0043574070481509075, -0.6812892421803634, 0.5401746537736689, -0.8403155108391664, -0.426569881381488, -0.6914044117820106, 0.2801487423153861, -0.33672431710622486, 0.780650339747186, -0.4220339173217229, 0.9506056382872601, 0.3016947043416023, 0.9256499973445069, 0.09502938700713703]
547.8860224608154	(8, 12, 2)	[-0.8530476288940432, -0.9770056971058114, -0.7416577351106124, 0.999441536981772, 0.14908725810851808, -0.11198268949029355, 0.8081861832781787, -0.4809541982863912, -0.1553022090900411, -0.12680453046771367, 0.42437969301274125, 0.9735857430370525, 0.3468048402447086, 0.48759262415423654, 0.8149806954838301, 0.6852842340682423, 0.8164783543680907, 0.689572536206891, -0.9502845399121858, 0.44702711488229707, -0.025277149706267377, 0.08121572051682735, 0.6813627774878641, 0.8783727968073936, 0.1727893974396364, -0.9946353146092037, 0.07064696599743714, 0.723037013273379, -0.5141732557766618, 0.6728129462724366, 0.02691869844371298, 0.08618965705743031, -0.1882929813238634, 0.05548357384198699, -0.08094968791116419, -0.18283719168325047, -0.13015351218420546, 0.7945323814637353, -0.6531360611574657, 0.9679719293881128, 0.35743848757018415, 0.38131855685319693, 0.1207705082095627, 0.6508454580741094, -0.7170385627814004, -0.6423680414462511, -0.2160423834130707, 0.12181051088920647, 0.9385038054788908, -0.13726321334352942, 0.2585104205726516, 0.10952109602144078, 0.973011723628388, -0.2680419204778266, 0.2708802828651491, 0.11470944009921746, 0.14789836891895392, -0.6428441625633385, 0.8385286186141729, -0.742683972138241, 0.020015417929299284, -0.18239795574834283, -0.8855460296225435, 0.13529325289909955, -0.2145380945380151, 0.9804140459960966, 0.5056083863293144, -0.10696088170373574, 0.6849263448293288, 0.2084500512086518, 0.8835319494385143, 0.42878239665016205, -0.48152932525784276, -0.7693389496697529, 0.6692483525806814, 0.16022755049052684, -0.25727627732160796, 0.09532833656346273, 0.8275758257655692, -0.6283225076649994, -0.6085329110194708, -0.79470134594343, 0.8105766902970319, 0.5787202612411211, 0.2939357797239073, -0.4225882255149449, 0.04780984744885264, -0.8516598624775571, -0.33744105615928977, 0.47783059888018675, 0.5023256022586404, -0.9716724372463661, 0.75676784672207, 0.7035887853688105, -0.2505616562676624, 0.47090112886393354, 0.7473105852615538, 0.43037911081215974, -0.10952255415631851, 0.32250750937826766, -0.6685246267815588, -0.6856445553716357, 0.02695478839672716, -0.6724033875997439, -0.1969841365045053, -0.8374252592328073, 0.0043574070481509075, -0.6812892421803634, 0.5401746537736689, -0.8403155108391664, -0.426569881381488, -0.6914044117820106, 0.2801487423153861, -0.33672431710622486, 0.780650339747186, -0.4220339173217229, 0.9506056382872601, 0.3016947043416023, 0.9256499973445069, 0.09502938700713703]
956.5589713739093	(8, 12, 2)	[-0.8530476288940432, -0.9770056971058114, -0.7416577351106124, 0.999441536981772, 0.14908725810851808, -0.11198268949029355, 0.8081861832781787, -0.4809541982863912, -0.1553022090900411, -0.12680453046771367, 0.42437969301274125, 0.9735857430370525, 0.3468048402447086, 0.48759262415423654, 0.8149806954838301, 0.6852842340682423, 0.8164783543680907, 0.689572536206891, -0.9502845399121858, 0.44702711488229707, -0.025277149706267377, 0.08121572051682735, 0.6813627774878641, 0.8783727968073936, 0.1727893974396364, -0.9946353146092037, 0.07064696599743714, 0.723037013273379, -0.5141732557766618, 0.6728129462724366, 0.02691869844371298, 0.08618965705743031, -0.1882929813238634, 0.05548357384198699, -0.08094968791116419, -0.18283719168325047, -0.13015351218420546, 0.7945323814637353, -0.6531360611574657, 0.9679719293881128, 0.35743848757018415, 0.38131855685319693, 0.1207705082095627, 0.6508454580741094, -0.7170385627814004, -0.6423680414462511, -0.2160423834130707, 0.12181051088920647, 0.9385038054788908, -0.13726321334352942, 0.2585104205726516, 0.10952109602144078, 0.973011723628388, -0.2680419204778266, 0.2708802828651491, 0.11470944009921746, 0.14789836891895392, -0.6428441625633385, 0.8385286186141729, -0.742683972138241, 0.020015417929299284, -0.18239795574834283, -0.8855460296225435, 0.13529325289909955, -0.2145380945380151, 0.9804140459960966, 0.5056083863293144, -0.10696088170373574, 0.6849263448293288, 0.2084500512086518, 0.8835319494385143, 0.42878239665016205, -0.48152932525784276, -0.7693389496697529, 0.6692483525806814, 0.16022755049052684, -0.25727627732160796, 0.09532833656346273, 0.8275758257655692, -0.6283225076649994, -0.6085329110194708, -0.79470134594343, 0.8105766902970319, 0.5787202612411211, 0.2939357797239073, -0.4225882255149449, 0.04780984744885264, -0.8516598624775571, -0.33744105615928977, 0.47783059888018675, 0.5023256022586404, -0.9716724372463661, 0.75676784672207, 0.7035887853688105, -0.2505616562676624, 0.47090112886393354, 0.7473105852615538, 0.43037911081215974, -0.10952255415631851, 0.32250750937826766, -0.6685246267815588, -0.6856445553716357, 0.02695478839672716, -0.6724033875997439, -0.1969841365045053, -0.8374252592328073, 0.0043574070481509075, -0.6812892421803634, 0.5401746537736689, -0.8403155108391664, -0.426569881381488, -0.6914044117820106, 0.2801487423153861, -0.33672431710622486, 0.780650339747186, -0.4220339173217229, 0.9506056382872601, 0.3016947043416023, 0.9256499973445069, 0.09502938700713703]
822.6034324273638	(8, 12, 2)	[-0.16309418674863152, -0.9221653186689794, -0.7219938498228584, 0.8219891675979646, 0.1426305570605809, -0.1189972601069898, 0.7698575742622163, -0.543581425962927, -0.12807212562246995, -0.11868130906212285, 0.5819801999930607, 0.758687611621873, 0.3948639604834884, 0.39513973127466834, 0.5533901978423171, 0.470319270882325, 0.8078406717287261, 0.7187096922922546, -0.5673595308546125, 0.43333055821369754, 0.01784219207702715, 0.10503782960827455, 0.6416240062844265, 0.8306973830722051, 0.16787846974195642, -0.9266346335732787, 0.07808881211199112, 0.13415513341474597, -0.30359620574624274, 0.03208505883159707, 0.014265190841822473, 0.1533500803768603, -0.09685021508072143, 0.025394914628108868, -0.20869283736878655, -0.008659153793459606, -0.23099052212083765, 0.7807551476628197, -0.6223734588313536, 0.8142491502454572, 0.3625705314849519, 0.37822896197147393, 0.13089493514470205, 0.6517746924959937, -0.6040682929898322, -0.5658010704670592, -0.21590101800622516, 0.04640309948229866, 0.8143568781604689, -0.1625221283861592, 0.2583745005979213, 0.07929053478695343, 0.9720345970050959, -0.260038166726255, 0.5199585027423206, -0.001040290767084482, 0.2102249640120481, -0.7833670500955177, 0.8123282904652326, -0.812601321867125, -0.017069163540738105, -0.13952606835584835, -0.8895834647400614, 0.07902894078898948, -0.20904570770105704, 0.527256854827897, 0.5071757900995959, -0.10674072551476718, 0.6580298930453493, 0.21839235623577144, 0.7875854112034626, 0.4052323162080551, -0.42753418643872787, -0.6081262539966503, -0.42996183207481986, -0.05926388022856249, 0.0290286443955875, 0.3102637423477953, 0.8089789033738275, 0.28007762985506957, -0.5363063463167398, -0.4797573760305471, 0.8150211095960118, 0.6286589975873638, 0.3203602269096293, -0.4181737337066458, 0.046819283721587675, -0.9744369065786831, -0.07782874595552608, 0.4667906552325733, 0.4650484063487092, -0.9279701580300053, 0.7402022053478023, 0.7052488462345772, -0.20380748518059844, 0.4124268420742762, 0.7465991127482953, 0.43230633147961484, -0.13022141113802885, 0.12161353624678048, -0.7027090955518495, -0.6893389926259331, 0.00021143098681275507, -0.5965635778232766, 0.15355313641502671, -0.8566666963216074, 0.00461449191448504, -0.6810138987679751, 0.48018165215825787, -0.8273515661542272, -0.4673663062926942, -0.6856727065974403, 0.16041614597591672, -0.3448850595385759, 0.6944797904787252, -0.37685740540577073, 1.0446582703432972, 0.22686232066694992, 0.8194048400647517, 0.13912911133365932]
759.1741847228958	(8, 12, 2)	[-0.8487634357140499, -0.9627692334023799, -0.7410697849020996, 0.7813540524551391, 0.14132668234935533, -0.11785425152044017, 0.8060306663529165, -0.4653645632271209, -0.14401019790085856, -0.10856166064433138, 0.5812191830902911, 0.9469011110980751, 0.38481649084112857, 0.4868094638625892, 0.5292439775041896, 0.655679910668008, 0.8079433679008928, 0.705210904473228, -0.7645831609461363, 0.44214717024437367, 9.721902561905804e-05, 0.09436908181454784, 0.636938281750044, 0.8855560570529548, 0.16985906624694933, -0.987195014050505, 0.07202420283597387, 0.19891637035642756, -0.3713265769282211, 0.27003414475098536, 0.00041196555178799684, 0.1188131402353663, -0.13813744204860573, 0.04263017465537454, -0.11516097147347784, -0.009190788247086466, -0.17059485316922735, 0.7855221558827715, -0.6337373545039898, 0.9228452018577317, 0.35690582603316034, 0.3787978862674098, 0.1314725092992289, 0.6507870526373389, -0.5814596557379383, -0.5776328312663035, -0.21590834184664134, 0.030216014499859917, 0.8923847370667317, -0.1498679705193062, 0.2583875462937242, 0.11167423848038027, 0.9721708802796926, -0.2633385773467455, 0.5672556159923952, 0.09617698797948852, 0.17251156528337191, -0.7475492529753633, 0.8065421968526925, -0.7601575892184481, 0.0029982708459156127, -0.18921317731411028, -0.8864609178911088, 0.07473714662017653, -0.21082466929399188, 0.7414135587409805, 0.5074091412739385, -0.10686989516880008, 0.6841131206380964, 0.2170019417225115, 0.7918454854920414, 0.39992728236222236, -0.4450578798457514, -0.5898316364883078, 0.04067461045345344, -0.09838987651530595, -0.28674943109374446, 0.16477476132006935, 0.8181150932826019, -0.18383727091822133, -0.5364101933072118, -0.7722883603318769, 0.8152848996718769, 0.5795286185740708, 0.31887268085433973, -0.42067017577654603, 0.04786845438973383, -0.9623714585012285, -0.024234683389637024, 0.47246460010285507, 0.5016630419937438, -0.9594807552524638, 0.7460824967717962, 0.705079348137997, -0.20377347591453188, 0.48408792599720984, 0.7473013001274622, 0.43012397373490785, -0.10692593630304878, 0.3083834376347312, -0.6912921135594079, -0.6875886300686519, 0.02054008604812481, -0.6667602561290662, 0.1961940381471114, -0.8334026905456593, 0.004337692245099459, -0.6811770223746925, 0.48560446291558, -0.8373762702659843, -0.47717027599055545, -0.6859711896609899, 0.13972871568532727, -0.3466602169334086, 0.7689707160493466, -0.38545985003737265, 0.9546612001098826, 0.24528901858486318, 0.8935264952878929, 0.12363652771569456]
1146.2708308794354	(8, 12, 2)	[-0.8660069796002656, -0.8644320106252301, -0.7261541849800317, 1.2032742197109787, 0.031141305100783022, -0.11916920980737575, 0.808946972151306, -0.5213781425691635, -0.17530011447827887, -0.12399359789528626, 0.4902024361405817, 0.6305662400240645, 0.3849983630084113, 0.5184644825102981, 0.8607283871732958, 0.45726271874245233, 0.8056943387564509, 0.7034000751936191, -0.843547039784883, 0.43858175488034573, 0.4455005443019095, 0.21968181567460782, 0.634056710722738, 0.8525943192044738, 0.17399605892767703, -0.9821179559395009, 0.07017644682004363, 0.8343966219118332, -0.21624483506687434, 0.11406136220454699, 0.04432898874068836, -0.2835905925657748, -0.07995673492776839, 0.106374260038926, -0.2004086744720123, -0.08894827686003096, 0.8227937159302794, 0.752162015888636, -0.35761521966148757, 1.02828524680888, 0.03613600460237547, 0.40652656119374947, 0.16175353498406905, 0.4642018953788142, 0.18487059108821047, -0.6453508632998713, -0.16976066965264755, 0.12559531751261138, 0.961632635690308, -0.14061245553849774, 0.4815619620138027, -0.01400567565049933, 1.0022051191295516, -0.26389416958017525, 0.24043408239633368, -0.0030163847941694945, 0.20600342940614244, -0.5169575921109082, 0.7642849755248724, -0.6729174911585349, -0.0034406593398861526, 0.032545778496413824, -0.9021104017176587, 0.09773615782747555, -0.2196711243180529, 0.9784393388745678, 0.5566786853859883, -0.11712837501082135, 0.6729922605919488, -0.24000156553147417, 0.34215695554517345, 0.43216876298468876, -0.4300369833236186, -0.7242888115120233, -0.09885953038777862, 0.20391598223207927, -0.10913842479083004, 0.31679440732436354, 0.716030547350635, -0.2975388300307692, -0.545307941840209, -0.6088809702108764, 0.7953352940060235, 0.5780620524340634, 0.30809486404920755, -0.3922004145263357, -0.038524850886315784, -1.016640264549844, -0.3591382365972927, 0.4409659300485453, -0.0467240854116453, -0.9334441743669435, 0.7648476091860937, 0.7510604690810647, -0.21768966220126099, 0.4166224223573474, 0.7936472382769852, 0.30087642146204896, -0.1512159014729955, 0.12821260300427684, -0.4059076849640134, -0.6691509330652741, 0.09700485325687161, -0.3160498672064611, 0.20499045754376813, -0.8483647363217461, -0.043365558734345666, -0.6549517108272125, 0.5239843131770592, -0.8053891420249142, -0.4090490407137848, -0.68568467636824, 0.14133948293642273, -0.0906517664360537, 0.7091194647434873, -0.4261213470447562, 0.8763668208007795, 0.2956750726314622, 0.75048223538075, 0.11884316014825153]
545.1211640255743	(8, 12, 2)	[-0.8660069796002656, -0.8644320106252301, -0.7261541849800317, 1.2032742197109787, 0.031141305100783022, -0.11916920980737575, 0.808946972151306, -0.5213781425691635, -0.17530011447827887, -0.12399359789528626, 0.4902024361405817, 0.6305662400240645, 0.3849983630084113, 0.5184644825102981, 0.8607283871732958, 0.45726271874245233, 0.8056943387564509, 0.7034000751936191, -0.843547039784883, 0.43858175488034573, 0.4455005443019095, 0.21968181567460782, 0.634056710722738, 0.8525943192044738, 0.17399605892767703, -0.9821179559395009, 0.07017644682004363, 0.8343966219118332, -0.21624483506687434, 0.11406136220454699, 0.04432898874068836, -0.2835905925657748, -0.07995673492776839, 0.106374260038926, -0.2004086744720123, -0.08894827686003096, 0.8227937159302794, 0.752162015888636, -0.35761521966148757, 1.02828524680888, 0.03613600460237547, 0.40652656119374947, 0.16175353498406905, 0.4642018953788142, 0.18487059108821047, -0.6453508632998713, -0.16976066965264755, 0.12559531751261138, 0.961632635690308, -0.14061245553849774, 0.4815619620138027, -0.01400567565049933, 1.0022051191295516, -0.26389416958017525, 0.24043408239633368, -0.0030163847941694945, 0.20600342940614244, -0.5169575921109082, 0.7642849755248724, -0.6729174911585349, -0.0034406593398861526, 0.032545778496413824, -0.9021104017176587, 0.09773615782747555, -0.2196711243180529, 0.9784393388745678, 0.5566786853859883, -0.11712837501082135, 0.6729922605919488, -0.24000156553147417, 0.34215695554517345, 0.43216876298468876, -0.32997666587883, -0.7242888115120233, -0.09885953038777862, 0.20391598223207927, -0.10913842479083004, 0.31679440732436354, 0.716030547350635, -0.2975388300307692, -0.545307941840209, -0.6088809702108764, 0.7953352940060235, 0.5780620524340634, 0.30809486404920755, -0.3922004145263357, -0.038524850886315784, -1.016640264549844, -0.3591382365972927, 0.4409659300485453, -0.0467240854116453, -0.9334441743669435, 0.7648476091860937, 0.7510604690810647, -0.21768966220126099, 0.4166224223573474, 0.7936472382769852, 0.30087642146204896, -0.1512159014729955, 0.12821260300427684, -0.4059076849640134, -0.6691509330652741, 0.09700485325687161, -0.3160498672064611, 0.20499045754376813, -0.8483647363217461, -0.043365558734345666, -0.6549517108272125, 0.5239843131770592, -0.8053891420249142, -0.4090490407137848, -0.68568467636824, 0.14133948293642273, -0.0906517664360537, 0.7091194647434873, -0.4261213470447562, 0.8763668208007795, 0.2956750726314622, 0.75048223538075, 0.11884316014825153]
1046.5893637318839	(8, 12, 2)	[-0.6563984928348683, -0.9603159023778404, -0.7329991519372662, 0.9986742806221945, 0.14684858625728617, -0.11282150170869822, 0.8122955998846632, -0.5005016501996703, -0.11438814320568898, -0.12475909589355769, 0.4821263787431248, 0.947127521481431, 0.37780293011404326, 0.516589829728395, 0.14626231826660585, 0.6760607737288223, 0.8137002947423069, 0.719146533552008, -0.8813705050650239, 0.43978243304480363, -0.012299086636782018, 0.09022502595965481, 0.6816077648449697, 0.8660783748238648, 0.17442201851452105, -0.948182564986045, 0.07103923086163913, 0.40183214792081345, -0.3403178539346836, 0.5655487799211114, 0.02809668754220503, 0.10488973010515523, -0.0859604460609446, 0.06477208586292285, -0.13597321790413197, 0.009803123772621797, -0.18552020646274886, 0.8033428983961003, -0.633813044173869, 0.8041720762307862, 0.3589929756061837, 0.4574022651152665, 0.13581660140103632, 0.6505418737463696, -0.6991490971716268, -0.6014935288105578, -0.21601122269860046, 0.07475010018320662, 0.8119436557144725, -0.13503445149066765, 0.2584494312329469, 0.10684261555461963, 0.9729579970839989, -0.26238740415205597, 0.2926173565861478, -0.0016848531660434152, 0.1001294092764546, -0.7113243850670254, 0.8247861807232969, -0.7566987865497695, -0.04010913052634752, -0.1389827705150486, -0.8855009023199891, 0.1144360057326748, -0.2111242868143638, 0.7565691641564091, 0.5057628049472984, -0.1069399917554939, 0.6519975224640319, 0.21012824485698905, 0.7792373010379084, 0.4158693200738528, -0.476681088812597, -0.6980714277394349, 0.08328055993681488, 0.15103895458861027, -0.14915374777076773, 0.06180024816116397, 0.8111846973158574, -0.13246469078711465, -0.5691765475432159, -0.7809088483123906, 0.7995602769369512, 0.6164545653237331, 0.31020989158117845, -0.42018566025653237, 0.047762892477481056, -0.919858831096653, -0.20982385503613862, 0.4684688998455032, 0.4912549642022513, -0.9492356513041361, 0.7529988899002957, 0.7048413121392232, -0.25399863687094204, 0.433361749068147, 0.7465914021326452, 0.43122267051065494, -0.1242610465413886, 0.24148651827354198, -0.6793152664417074, -0.6885350074696114, 0.005825676392284091, -0.6818208251112288, -0.14690036998869607, -0.8548452561786727, 0.004438171452364373, -0.6811424527466332, 0.5200080504972953, -0.8359560758860013, -0.4429314400993668, -0.688756378564016, 0.27713111806483404, -0.3399025070937701, 0.6815089393608222, -0.42068926732648965, 1.024729841261399, 0.29116100403152867, 0.8775451545466385, 0.1053379552652591]
664.9210833020676	(8, 12, 2)	[-0.42856844836709984, -0.8717831148615346, -0.7147710747697836, 1.113936442630481, 0.13933516688260383, -0.11908380141402419, 0.7876307394949815, -0.5325852546500645, -0.1365828594716936, -0.11645615039714909, 0.43830178055700103, 0.7973046237763979, 0.38198766686388336, 0.3925079130424366, 0.686935817833486, 0.5111319400767435, 0.8107447219522257, 0.7202899091609096, -0.5393158784257381, 0.43698372627064047, 0.3279495788809575, 0.10103788399918794, 0.6392578247250602, 0.8256179611908401, 0.17136495632676904, -0.9316418392914017, 0.07269316211479854, 0.21152190327308437, -0.46219387134184864, 0.1504653625505668, 0.009091909906252152, 0.05481229659878265, -0.09586278157986816, 0.03416215217705672, -0.21560237868449367, -0.009099142468848118, 0.18002161591937865, 0.7376026235551946, -0.6681317121143165, 0.9339943968567254, -0.01904279797967645, 0.39302090025906844, 0.1299366877792679, 0.43904717701017726, -0.615557080112404, -0.5554464602827417, -0.21807417497562823, 0.06954247646515367, 0.9044789424459473, -0.16475778210013498, 0.30434519315503705, 0.06772038601576011, 0.9942993622743571, -0.26256456353323254, 0.3078673196371896, 0.025006836045126678, 0.21119496736036258, -0.798491255521392, 0.8069858942199738, -0.8295608756752527, -0.0073101522649739355, -0.1458676373109823, -0.8990525789483786, 0.07840484969079581, -0.21731950169879585, 0.4906117727576368, 0.5209612907831404, -0.10513079570791481, 0.6714748918844979, 0.32140263052898793, 0.8552498011983851, 0.3996541238427848, -0.4270274412328491, -0.7380006237063449, -0.24243280368633868, 0.0524969499452308, -0.2669144403149712, 0.30966042584060127, 0.6775061413636023, -0.20118785764702035, -0.5399944563532009, -0.5015354246600953, 0.7998345553805624, 0.5996979096897876, 0.31908339782037, -0.4144904380069026, -0.03884395300810835, -0.9959253907681637, -0.31030340792932076, 0.4709035384946927, 0.3571033975565202, -0.9346412118660253, 0.7558769248526045, 0.7064798141257813, -0.19681949319778685, 0.45396238468994043, 0.7667695589335628, 0.44130902230957897, -0.12982104850953868, 0.16140346437962655, -0.6180390317282017, -0.6893621052566327, 0.03564608298187992, -0.7428114996699564, 0.15191538913824434, -0.8488114462919869, -0.009459872826437557, -0.6801070131192658, 0.5090284458609261, -0.8382087627387005, -0.4594185692863776, -0.6866399583343916, 0.15951914374102513, -0.36219518880640644, 0.7157661127411546, -0.38133101494430705, 0.9157304957483491, 0.2516560870280324, 0.8078187745228322, 0.1214842477836538]
678.9545745972587	(8, 12, 2)	[-0.8987605750980064, -0.924733001546119, -0.7295011300181288, 1.0467596042634912, 0.14210911121047015, -0.11805790187092419, 0.7923997686579695, -0.4863243679168925, -0.1371860490674921, -0.1139723461141638, 0.4352447920641896, 0.9563732831028344, 0.3874478032484, 0.45817001778226735, 0.8383077637116239, 0.521800098058653, 0.8081265232383419, 0.6923445831712006, -0.8183569934013869, 0.4373588044440117, 0.07571819504949978, 0.08321606539117991, 0.6458921846829812, 0.8192343141793409, 0.17122426914942307, -0.9456318540211516, 0.07455594016689539, 0.2816835822819533, -0.5019803414225004, 0.09560366799571182, 0.01887020932360721, 0.07070949388704192, -0.17912976416507417, 0.035722420001022076, -0.19133591850443735, -0.009836344167552857, 0.10938089752948146, 0.764977042637749, -0.6698057833132477, 0.9180539372631379, 0.11532673026869562, 0.3617230855264111, 0.1297040722340669, 0.5382557136746141, -0.6510629268751814, -0.6008980413038949, -0.21613346669609695, 0.0656226222299954, 0.8974270024347849, -0.15984816845015973, 0.2819450885462624, 0.113644897718921, 0.9867159007037276, -0.2628363855657976, 0.3134147411531673, 0.10945547889518664, 0.21703131739075116, -0.734800676534537, 0.8330540320367579, -0.7288017716538713, 0.02555689428224295, -0.3165966113650045, -0.8950720497100821, 0.1562043386649174, -0.21651373451916917, 0.8000297783283986, 0.49752465467023527, -0.10593619258965074, 0.6839691696895087, 0.31319521433931496, 0.8846727730036006, 0.412931419919053, -0.443746100089463, -0.7595108662039222, 0.45627122620709504, 0.15227352961701102, 0.09731411919514221, 0.2287620571338951, 0.8542089308537841, -0.640879338791564, -0.5340869137165362, -0.5093613098727889, 0.800549140401751, 0.5977973070237242, 0.298208480714182, -0.44846141269754164, 0.04645498537685677, -0.8715061290799531, -0.32136682360744706, 0.470590051171409, 0.4397082230342667, -0.9772234327799277, 0.7576403740021096, 0.7048496889835806, -0.19471110125303404, 0.45385387381788383, 0.7623210073471977, 0.4347516836547931, -0.21955377511293528, 0.2049712404618432, -0.6207378314229354, -0.6909715105171282, 0.035880347991389464, -0.7142349014224585, -0.15153751473665775, -0.8285291588969407, 0.021995976941620747, -0.6807768228937224, 0.5307271833813684, -0.8377568868396988, -0.4071902649336359, -0.6870085333801094, 0.1790669435318018, -0.3581626721486989, 0.7158956400402483, -0.48719319369442454, 0.947493141064146, 0.33097949973744184, 0.8857657838120175, 0.11399826347724644]
843.9557862369795	(8, 12, 2)	[-0.44611175080641075, -0.9471598544261474, -0.7185491877740839, 0.9729892303300687, 0.12566929655270231, -0.11765320667945113, 0.7969500889580358, -0.5308399598334078, -0.1373093663763662, -0.12204332007694957, 0.5472438506929312, 0.9000988761055974, 0.3828814718545922, 0.49154183051660183, 0.6663675149157844, 0.6707684257320911, 0.8133024506126488, 0.697807251042975, -0.8829846030750368, 0.4362884946575195, 0.23277849626884956, 0.10634463779261225, 0.6521058281884226, 0.8828673932020755, 0.1726936113682869, -0.9924158716511878, 0.07096320176070896, 0.2047402579740609, -0.4572095220755473, 0.1327550662135365, 0.049026579020318525, 0.039005474302456405, -0.09992566716023617, 0.0029423531394035633, -0.11394636627852492, 0.014901249807667074, 0.06914570521153804, 0.7570193921809878, -0.6557990201729397, 0.9474401020697746, 0.3646467501613447, 0.3977505985550496, 0.11701227923395909, 0.5019918796002457, -0.5294087445293127, -0.5540123674189369, -0.21652973034046, 0.11439378500152837, 0.8911725685049414, -0.14713732117072303, 0.2889779199414086, 0.0923986400350525, 0.9954903776020351, -0.26284866775075366, 0.34200929209893605, 0.11181675767562907, 0.20129928960924526, -0.7297026806235751, 0.8053598590612979, -0.7369199781740348, -0.02049116628909144, 0.11875930474410382, -0.8875668702143158, 0.08062989543493011, -0.21286162837878567, 0.6434352596825703, 0.5102254272675433, -0.1059008462807942, 0.7372852171848986, 0.17976225102559068, 0.8676536944201074, 0.4040866957099846, -0.46573350589546786, -0.7385576070682948, 0.14104528828576646, -0.08327606630740694, -0.2505327121559637, 0.2572857222487147, 0.7280242388904841, -0.321671606543499, -0.5689382468802939, -0.47615401330298757, 0.8036383512418355, 0.5854699231933042, 0.3192734556273682, -0.42266665311068236, 0.042393630132738176, -0.9578221454608352, -0.3743760590644145, 0.46981665107095316, 0.37681647691220216, -1.0078060265750135, 0.7525654264673893, 0.719032568622497, -0.19504692420502254, 0.43162553488978067, 0.8047921529343618, 0.414089579038493, -0.10818502254760475, 0.31391864865943697, -0.5993253055370575, -0.6876565115108066, 0.015613111895460037, -0.7338655240759357, -0.12918229042630577, -0.8480215272836681, 0.006325606441965562, -0.5795092827746043, 0.5155890414589329, -0.8216131536237724, -0.49168186970809924, -0.6884827901361745, 0.24379059304024678, -0.35459720019518326, 0.7606721054129173, -0.4139311520297801, 0.9459636507636441, 0.243357318120532, 0.9097521592807379, 0.11679200191885392]
1058.5687801854888	(8, 12, 2)	[-0.9457766039601436, -0.9094510352094427, -0.7300155864592175, 0.9439914341381178, 0.15449494814458425, -0.11764871868615517, 0.7641088151835561, -0.2931758569324015, -0.13362038525075456, -0.12192553892841262, 0.5578925107580828, 0.8956129692146314, 0.37752024274574086, 0.49266170066942444, 0.908255639965494, 0.661174480447821, 0.7962534598162173, 0.6950315244376731, -0.8834506947026773, 0.4361336448216593, 0.05084839554230405, 0.13529790660721241, 0.6399751778812802, 0.8833070455988364, 0.16962480882474262, -0.9914021258142433, 0.07082953504589827, 0.16016931000389645, -0.3397280412205159, 0.1292507458023565, 0.04864244556738093, -0.13698903553842434, -0.10154891699597149, 0.09090243428240019, -0.13362586509466115, 0.008260208077145472, 0.08385118533669869, 0.7798946980729955, -0.6364990973477442, 0.9469521718920969, 0.3715773999343029, 0.3837757184211519, 0.11392229473198762, 0.48825294954550363, -0.3566208188312703, -0.5918197049199849, -0.2168062147590708, 0.10435080328722132, 0.5805642617093711, -0.14740472599572801, 0.2678217854938941, 0.0954794917346298, 0.8604631164670633, -0.2580012118830042, 0.2627561742253112, 0.12484107098535646, 0.216094176354814, -0.6791742178816187, 0.8052386195677971, -0.712676538537445, 0.021990341028612546, 0.11557370434552869, -0.9031479599024459, 0.08419647636827782, -0.21274380798954318, 0.6670683797565551, 0.5513072128853722, -0.11391529485693838, 0.7013043773008882, 0.18281286172611386, 0.7232449401177337, 0.39971495257853634, -0.4679015159005578, -0.684875420862562, 0.12108609882501567, 0.16256085532405418, -0.15665116648145497, 0.3155520759824626, 0.789888996330611, -0.4413909061167344, -0.5698561411738016, -0.6036240289584685, 0.8073250460525554, 0.5820602858799991, 0.3891126619954372, -0.4199773976894838, 0.004116467198262984, -0.9592276907819134, -0.21937966519198931, 0.46840667946370473, 0.31951960408332314, -0.9518122616637498, 0.7487741563377451, 0.7190545144828459, -0.17531754576703307, 0.43103869585852256, 0.7793215677888093, 0.41340924589361344, -0.10874917158249044, 0.330176458494838, -0.637258490138997, -0.6875534815260523, 0.061332623681745795, -0.6898504873680055, -0.07588761060407666, -0.8814344819080538, -0.0018322858418315545, -0.6763360777288085, 0.5166100350436335, -0.835066954652934, -0.43168451098728633, -0.6863357941948087, 0.20579889462911216, -0.31875870736635353, 0.7835475800568225, -0.4164635292681444, 0.9409335974420026, 0.29547343880470756, 0.8410684436199337, 0.11406969610401022]
1075.0821679599273	(8, 12, 2)	[-0.6510273237758888, -0.8716419216227607, -0.7239228794145439, 0.7517721883352004, 0.13937996268649433, -0.11828282138970811, 0.7733777490429532, -0.4934286331632267, -0.13975803555658323, -0.11188649649257007, 0.4516582529143284, 0.9878439551448075, 0.3888060512256202, 0.42814419638312934, 0.37729531630825053, 0.5540090786690142, 0.8091638222510732, 0.6944875096794056, -0.8045619897367524, 0.4297762312678279, 0.2718817981337104, 0.1534799414856327, 0.6388871336365912, 0.8312691337551102, 0.17063096224754254, -0.9444587812647044, 0.07448774495864, 0.07324183773628724, -0.391265360386431, -0.006479898126897209, 0.020192686589620413, 0.06889669240497251, -0.17041907686207408, 0.037580253778099586, -0.19339711618251262, -0.019478913743889714, 0.024458490287872975, 0.5694820219188764, -0.6512386185706603, 0.8495293136516642, 0.1479881786977468, 0.36661469139075453, 0.1393316314616324, 0.485074963001849, -0.5313860526261455, -0.6183730924100239, -0.20556603710755778, 0.06747152123342737, 0.8799240462890959, -0.13803581922272257, 0.3188817288005896, 0.04499553799082519, 0.9829220892345512, -0.26271492560722765, 0.317793143177014, 0.12135463571299966, 0.22180359399330254, -0.7630607361385114, 0.8450930155323421, -0.722514113041059, 0.028867431228663646, -0.25097395056530336, -0.7736776216994727, 0.1271196167959676, -0.21620386881335113, 1.1360104752524849, 0.5000880041712658, -0.10608918094766906, 0.7880797275252834, 0.30840188409818303, 0.9987263938180836, 0.417594367423973, -0.4522455973548672, -0.6954224917838786, 0.1031606763124121, -0.0710662999675575, -0.054264016934731374, 0.22822806999628223, 0.8481316204428039, -0.6403790410057231, -0.539007148094529, -0.6803920355579653, 0.8021491526868042, 0.6047534764865466, 0.3164136879063048, -0.4363960944740232, 0.046322300500284116, -0.9039053131168118, -0.33584906603520837, 0.47288097274174823, 0.6554653281671552, -0.9371365200145614, 0.7588629416808625, 0.7045732884826248, -0.20822226717150377, 0.45489390837407656, 0.7548620091815113, 0.41710970768209493, -0.1666221936068323, 0.24654585444015217, -0.6116324409314787, -0.6900448280445418, 0.027193952201420787, -0.47656460162852365, 0.22657051350451382, -0.8262844130831256, 0.00631718279260367, -0.6841437566720395, 0.5108962050515543, -0.8393021947064712, -0.44282392269183385, -0.6872979218200104, 0.17331035615778723, -0.22534990418734696, 0.7087102723591672, -0.4283607026868748, 0.94606810326866, 0.320599833523194, 0.8883597762385531, 0.11718567069577954]
1063.5174636416125	(8, 12, 2)	[-0.8738054132117972, -0.8456302608800307, -0.7136391795040523, 1.1044543163281841, 0.13319782761102733, -0.11567504700420762, 0.7930085675471605, -0.33882318193692995, -0.15525657504093196, -0.11229925818313459, 0.4435841034194259, 0.9535708927310325, 0.3836128665814228, 0.4149259601447279, 0.8199533130969421, 0.5770290786011123, 0.8065294200839153, 0.7167607373459137, -0.5610256437971348, 0.4578012833238762, 0.3652437082490477, 0.267486129917662, 0.7934447472278474, 0.8507107732007827, 0.17093712771359346, -0.6010355742736755, 0.06963354307372406, 0.24659331491493475, -0.4144002951387922, 0.10037331313883446, 0.0006798974761853104, -0.057807284762712574, -0.1603151951827415, 0.0009912094463389101, -0.19259739434860276, 0.03880834362844704, 0.5754835497274315, 0.7631462101761327, -0.6189393529292747, 0.8982332800721612, 0.14456829271067784, 0.3801848647781592, 0.13162772213812898, 0.5781674109560461, -0.6076129770948143, -0.5757734704845965, -0.21672004129863506, 0.07436782917524101, 0.7246268680395128, -0.10098160008519415, 0.23905246525311039, -0.009604258123350577, 0.9198033607695674, -0.26246502416374623, 0.3476251224436295, 0.04943005579100463, 0.22382135319330987, -0.7224861882185486, 0.9549610153839387, -0.7213654216678405, -0.012778269220741734, 0.22444240167761598, -0.8384146792908675, 0.10029143051412698, -0.2155266148242404, 0.8570411481869883, 0.522235515508103, -0.10124407227382087, 0.6783700775952058, 0.29144118410342457, 0.7853365176018924, 0.42440551758939266, -0.39239344708242885, -0.6536104047601801, 0.8890742030975738, -0.09357863020300161, -0.21990441283836684, 0.24225593465922599, 0.8033662366132368, -0.3093321850202251, -0.5362138610240802, -0.6216065742994623, 0.806263625938605, 0.5941333041958039, 0.3214493547984525, -0.435651404124084, 0.029142078870513944, -1.0038248954260673, -0.32734030099146566, 0.4418135892736212, 0.4552537004703579, -0.9780083613336908, 0.7392149336897799, 0.7101079665109372, -0.22667242008179528, 0.4568026959915847, 0.7565258229027849, 0.17698333238195013, -0.11484630873612817, 0.3316273196127416, -0.5807521932778902, -0.6861878950811431, 0.039744561230453085, -0.5359821100659197, -0.042189656242347634, -0.8329018816483285, -0.00488465381877338, -0.6671685496451498, 0.535625117601453, -0.8396366688360372, -0.44585059066535476, -0.6863094569101802, 0.1726568933226237, -0.06981424112278678, 0.7079081228162344, -0.3757893453555511, 0.9137828462200198, 0.3089332939803488, 0.9166950265063348, 0.11525416319892168]
934.4893199927182	(8, 12, 2)	[-0.9457766039601436, -0.9094510352094427, -0.7300155864592175, 0.9439914341381178, 0.15449494814458425, -0.11764871868615517, 0.7641088151835561, -0.2931758569324015, -0.13362038525075456, -0.12192553892841262, 0.5578925107580828, 0.8956129692146314, 0.37752024274574086, 0.49266170066942444, 0.908255639965494, 0.661174480447821, 0.7962534598162173, 0.6950315244376731, -0.8834506947026773, 0.4361336448216593, 0.05084839554230405, 0.13529790660721241, 0.6399751778812802, 0.8833070455988364, 0.16962480882474262, -0.9914021258142433, 0.07082953504589827, 0.16016931000389645, -0.3397280412205159, 0.1292507458023565, 0.04864244556738093, -0.13698903553842434, -0.10154891699597149, 0.09090243428240019, -0.13362586509466115, 0.008260208077145472, 0.08385118533669869, 0.7798946980729955, -0.6364990973477442, 0.9469521718920969, 0.3715773999343029, 0.3837757184211519, 0.11392229473198762, 0.48825294954550363, -0.3566208188312703, -0.5918197049199849, -0.2168062147590708, 0.10435080328722132, 0.5805642617093711, -0.14740472599572801, 0.2678217854938941, 0.0954794917346298, 0.8604631164670633, -0.2580012118830042, 0.2627561742253112, 0.12484107098535646, 0.216094176354814, -0.6791742178816187, 0.8052386195677971, -0.712676538537445, 0.021990341028612546, 0.11557370434552869, -0.9031479599024459, 0.08419647636827782, -0.21274380798954318, 0.6670683797565551, 0.5513072128853722, -0.11391529485693838, 0.7013043773008882, 0.18281286172611386, 0.7232449401177337, 0.39971495257853634, -0.4679015159005578, -0.684875420862562, 0.12108609882501567, 0.27785140941723346, -0.15665116648145497, 0.3155520759824626, 0.789888996330611, -0.4413909061167344, -0.5698561411738016, -0.6036240289584685, 0.8073250460525554, 0.5820602858799991, 0.3891126619954372, -0.4199773976894838, 0.004116467198262984, -0.9592276907819134, -0.21937966519198931, 0.46840667946370473, 0.31951960408332314, -0.9518122616637498, 0.7487741563377451, 0.7145319526348534, -0.17531754576703307, 0.43103869585852256, 0.819755902812034, 0.41340924589361344, -0.10874917158249044, 0.330176458494838, -0.637258490138997, -0.6875534815260523, 0.061332623681745795, -0.6898504873680055, -0.07588761060407666, -0.8814344819080538, -0.0018322858418315545, -0.6763360777288085, 0.5166100350436335, -0.835066954652934, -0.43168451098728633, -0.6863357941948087, 0.20579889462911216, -0.31875870736635353, 0.7835475800568225, -0.4164635292681444, 0.9409335974420026, 0.29547343880470756, 0.8410684436199337, 0.11406969610401022]
1142.4073726545284	(8, 12, 2)	[-0.7920312862979163, -0.9038313916331713, -0.674456974081455, 0.8285090895143887, 0.15121375187776842, -0.10297268222712935, 0.8052029515639332, -0.3996826080724752, -0.1605472602899903, -0.12511360673846214, 0.4948856559169701, 0.8723830342156987, 0.37770297492262633, 0.4953681603522417, 0.8547363906706544, 0.5732861850835679, 0.9105776882851875, 0.6978507207476924, -0.5138531983402135, 0.4381872914798625, -0.00010304640596669329, 0.0609462418230736, 0.6711269601401085, 0.8666659981247475, 0.17131591123701556, -0.9879666962370467, 0.07282521064637232, 0.4273317592224951, -0.439514904219203, 0.16913922759023314, 0.04585847498621062, 0.09922490700337724, -0.10475955230532624, 0.06811900668021148, -0.16354687384526836, 0.016718412017125026, 0.13831029179081994, 0.7867843639456469, -0.7216519824187624, 0.9568087360275277, 0.3638039785160577, 0.5099137645235957, 0.13183785540022155, 0.5308648807985161, -0.3953666616455943, -0.5772125087340051, -0.21605488213173385, 0.0951701710565134, 0.9223122644011902, -0.14987128123479476, 0.2895821722000714, 0.09283921461497611, 0.9674681752907918, -0.2604380890287738, 0.3573527570585469, 0.08307656707218197, 0.19820442356094575, -0.659192359394873, 0.8074984709718168, -0.7451634885312143, 0.056946551600143225, -0.12010670995438397, -0.8867163434123546, 0.10166154220101581, -0.21217874861580804, 0.7283192259090631, 0.5164681820028045, -0.09022366858107289, 0.645436498820305, 0.21077736928177424, 0.810363161292976, 0.40233531612141205, -0.4635921586084764, -0.7781462953121686, -0.0663449236213619, -0.046562694551722295, -0.1919763064884625, 0.19764161252702334, 0.7512271651638794, -0.28094615693836394, -0.5525165875477297, -0.7605359160435297, 0.8043121933446723, 0.5840377034894141, 0.3120062320881768, -0.41529012641104773, 0.041218774586135494, -0.9426024088809982, -0.4026762894596953, 0.47378482527411214, 0.5041904386329801, -0.9334773420125695, 0.7723067241262102, 0.7189819759168631, -0.18413916419061196, 0.43951378267701724, 0.7807688214756974, 0.4187782683067329, -0.11245519549883154, 0.2998822752168266, -0.6393829427580222, -0.6893147257762746, 0.042527268156459824, -0.6443396311398473, -0.06359693144096859, -0.8502075627534345, 0.07293829611615912, -0.6799918257235161, 0.5181047239678335, -0.8362978289631726, -0.4490232557307902, -0.6882947958651076, 0.20418804145416072, -0.32351520645921744, 0.7707482507550636, -0.4541300086077726, 0.8260017909892488, 0.27676391318378524, 0.8714044236893603, 0.1250303978178378]
751.0373249003766	(8, 12, 2)	[-0.8738054132117972, -0.8456302608800307, -0.7136391795040523, 1.1044543163281841, 0.13319782761102733, -0.11567504700420762, 0.7930085675471605, -0.33882318193692995, -0.15525657504093196, -0.11229925818313459, 0.4435841034194259, 0.9535708927310325, 0.3836128665814228, 0.4149259601447279, 0.8199533130969421, 0.5770290786011123, 0.8065294200839153, 0.7167607373459137, -0.5610256437971348, 0.4578012833238762, 0.3652437082490477, 0.267486129917662, 0.7934447472278474, 0.8507107732007827, 0.17093712771359346, -0.6010355742736755, 0.06963354307372406, 0.24659331491493475, -0.4134607433640845, 0.10037331313883446, 0.0006798974761853104, -0.057807284762712574, -0.10152030724929442, 0.0009912094463389101, -0.19259739434860276, 0.03880834362844704, 0.5754835497274315, 0.7631462101761327, -0.6189393529292747, 0.8982332800721612, 0.14456829271067784, 0.3801848647781592, 0.13162772213812898, 0.5781674109560461, -0.6076129770948143, -0.5757734704845965, -0.21672004129863506, 0.07436782917524101, 0.7246268680395128, -0.15099215347386172, 0.23905246525311039, -0.009604258123350577, 0.9198033607695674, -0.26246502416374623, 0.3476251224436295, 0.04943005579100463, 0.22382135319330987, -0.7224861882185486, 0.9549610153839387, -0.7213654216678405, -0.012778269220741734, 0.22444240167761598, -0.8531301908444432, 0.10029143051412698, -0.2155266148242404, 0.8570411481869883, 0.522235515508103, -0.10124407227382087, 0.6783700775952058, 0.29144118410342457, 0.7853365176018924, 0.42440551758939266, -0.39239344708242885, -0.6536104047601801, 0.827509617134897, -0.09357863020300161, -0.21990441283836684, 0.24225593465922599, 0.8033662366132368, -0.3093321850202251, -0.5362138610240802, -0.6216065742994623, 0.806263625938605, 0.5941333041958039, 0.3214493547984525, -0.435651404124084, 0.029142078870513944, -1.0038248954260673, -0.32734030099146566, 0.4418135892736212, 0.4552537004703579, -0.9780083613336908, 0.7392149336897799, 0.7101079665109372, -0.22667242008179528, 0.4568026959915847, 0.7565258229027849, 0.17698333238195013, -0.11484630873612817, 0.3316273196127416, -0.5807521932778902, -0.6861878950811431, 0.039744561230453085, -0.5359821100659197, -0.042189656242347634, -0.8329018816483285, -0.00488465381877338, -0.6671685496451498, 0.535625117601453, -0.8396366688360372, -0.44585059066535476, -0.6863094569101802, 0.1726568933226237, -0.06981424112278678, 0.7079081228162344, -0.3757893453555511, 0.9137828462200198, 0.3089332939803488, 0.9166950265063348, 0.11525416319892168]
1129.1241474479216	(8, 12, 2)	[-0.8116764332750036, -0.9158073706700777, -0.6977563519290069, 0.8461883688327866, 0.12887331455685302, -0.1178969989559035, 0.790571463426388, -0.3210176858023191, -0.1354887324067224, -0.12049372109772781, 0.4751210950378183, 0.9004253162370424, 0.3925471312453186, 0.4954994978263599, 0.7158893594172485, 0.5848201576029202, 0.7977341670859517, 0.6285515109431931, -0.7232970939631731, 0.43796868432441544, -0.061241154796707886, 0.12415055080139525, 0.6458397462612389, 0.8791095645203765, 0.17062258075581657, -0.991294632756391, 0.07434113901651279, 0.6564979232871919, -0.38333904222291504, 0.22103580655145152, 0.04783867567865097, 0.06679909915772403, -0.022442899258306545, 0.08071849309949598, -0.18200515490934577, -0.03341713735335003, 0.009652894607398502, 0.7810762861031137, -0.7526470290619753, 0.9629833129450561, 0.29443999315199104, 0.3731081517900274, 0.13085209948609236, 0.47964835745782414, -0.8879184742086866, -0.5916777193032958, -0.21794950265428717, 0.1325258766925301, 0.6497590000188385, -0.1451372208753447, 0.27941407417966296, 0.08276782832466609, 0.8481434008541846, -0.262121818140736, 0.3070671847096951, 0.11179725233098486, 0.23028858555106407, -0.6816395114320385, 0.7961324514460005, -0.7595913469851063, 0.04306514747319308, 0.10135410497005337, -0.886769081369286, 0.08615265687964806, -0.21152273557266027, 0.7678097462640195, 0.5296351665062994, -0.11487859839582981, 0.7141954224713506, 0.2278525343168118, 0.7880239926318787, 0.4012725180172956, -0.4419206280491999, -0.7150631754620066, -0.11864145277840334, 0.06384575241019755, -0.17403680900078874, 0.3206363627918788, 0.7868530513264973, -0.5511196758332173, -0.5679989876969762, -0.6820774598299536, 0.761127079416653, 0.593431763705183, 0.3150901227210323, -0.42216225873644714, 0.07451555130061303, -0.9203861372690179, -0.21597631962753602, 0.4689402848917537, 0.6365862074298438, -0.9395410784896526, 0.756634354528943, 0.7095921456280455, -0.2108245579608254, 0.43261769821194107, 0.7728220640750763, 0.4166085562195185, -0.10787711773120008, 0.2754796797238797, -0.6455337947654296, -0.6753179308478724, 0.020215474317902986, -0.6790017671803642, -0.13964719403318698, -0.8321460221226723, 0.0027986194391339744, -0.6748014223503296, 0.5222525899522035, -0.8188816038275545, -0.43574797836320334, -0.6883374309450896, 0.15383707858289408, -0.317794180789109, 0.7567578819794103, -0.44413681929328447, 0.9677565083166317, 0.29396345876386304, 0.8574205304988078, 0.11326431078759361]
606.7290859280886	(8, 12, 2)	[-0.8714776916734575, -0.8950425325668393, -0.7135646072911145, 1.1091069022514213, 0.15155089946250933, -0.1209971486600894, 0.7915503406223411, -0.341261665158905, -0.14658650316592153, -0.11397732486467856, 0.45601477157532183, 0.9477798372904555, 0.38605135162826454, 0.4254293909951309, 0.8189172856210248, 0.5614386240104862, 0.8056100192497121, 0.7071479371736181, -0.5718283913725398, 0.454404615625675, 0.2150222597040067, 0.2738181404450635, 0.6360244975154218, 0.8931393618970893, 0.15310340656269242, -0.6309799016542201, 0.07099921973462223, 0.2731931654820082, -0.41834709935372494, 0.11923261163003296, 0.012463846952892637, -0.057732878906262636, -0.1040509513644369, 0.10808712750165693, -0.18965793901378344, 0.030111907954784557, 0.6325337313422758, 0.7467540571994046, -0.6144149673111594, 0.9151472954258077, 0.28546519571209183, 0.384190731761666, 0.11332494856286558, 0.49592746078125916, -0.5917220862232436, -0.5793306902952695, -0.2169478501866398, 0.08671756015573148, 0.7118298158324572, -0.1514406896527215, 0.2388440430340029, 0.08792107808703462, 0.9191729854627666, -0.26249975521843644, 0.34676942876393774, 0.05091747152885894, 0.187005670810367, -0.7240931399938418, 0.8716240603170751, -0.7205346737138331, -0.004175787870762993, 0.17739264143661201, -0.8522189944710262, 0.10193725908881718, -0.21367804868407703, 0.7610930518971882, 0.52461172141058, -0.11996665672693195, 0.6777093201742841, 0.26960824822592067, 0.7465068581819472, 0.42580925177063755, -0.43327298377270046, -0.6532303074922972, 0.8865932820138224, -0.08996854609001798, -0.2217255694998025, 0.23897671859315373, 0.8018476247207924, -0.2968407725391511, -0.5408477154948647, -0.6117858457353579, 0.8062235089888107, 0.5937853085835946, 0.3247578440416002, -0.43182634034743655, 0.029146892887854447, -0.98712559190879, -0.3273951756789724, 0.5566419134464866, 0.44863724158606844, -0.9559202725843466, 0.7395715301211042, 0.7132953219609803, -0.22711376895088048, 0.45166672389042345, 0.7862056275485666, 0.18002670144459176, -0.1155153105573779, 0.3306235447749473, -0.5733514181877503, -0.6868835368215558, 0.04086816813105796, -0.5440650571133162, -0.026901502315843984, -0.8475462493525892, -0.006203029161048911, -0.6706073551838283, 0.5336587472059888, -0.8700916821555231, -0.4415193984922006, -0.6863677966565997, 0.24932443341583366, -0.28619297360346435, 0.7380114255010987, -0.3733130024873204, 0.8522653909422084, 0.30856485134814504, 0.8921609908432719, 0.11529493647565989]
890.6319066381648	(8, 12, 2)	[-0.849756099757051, -0.8398792508657908, -0.7076632042848565, 1.1173710043839753, 0.08370848687827612, -0.14634571581495692, 0.7904899671126234, -0.422166516119277, -0.15286103976235943, -0.11456347719445148, 0.4292869205643065, 0.8882429282144052, 0.38769033496920946, 0.45691217076699786, 0.8550907506234843, 0.6236196075520689, 0.8018986976560248, 0.7057476881310951, -0.6486152164344896, 0.44174580135272756, 0.1576418459879992, 0.15316800814166906, 0.6583855284116908, 0.8429426583608423, 0.17011004531265236, -0.8017929381431215, 0.0729375493947867, 0.37998239811539014, -0.38613437826455765, 0.10447542751258534, -0.0013493841032719135, 0.12057856190838359, -0.14547307371890164, 0.08095822627802582, -0.14442713256680684, -0.010558091027262444, 0.17438166642351835, 0.7633789012547225, -0.6022268631468277, 0.8336252478074228, 0.4044430341215758, 0.4406893098487637, 0.133859424842546, 0.5381011053933205, -0.34380132669395097, -0.5824231023300617, -0.188693419176296, 0.08661155786782807, 0.7823254781310377, -0.10772665641866509, 0.28084548445713575, 0.1076704492868166, 0.9170596695446533, -0.2653595335708327, 0.3029065145809849, 0.07070546430749963, 0.2238653951624532, -0.6869809992020945, 0.8943166686338202, -0.7716998127830037, 0.02824692665132972, 0.12446917865619003, -0.8477826714953907, 0.096597306052748, -0.2145488660273569, 0.7773417385742613, 0.5253613260769311, -0.11428982698053491, 0.6618818528593855, 0.22744453350653998, 0.8106093757458639, 0.43274066780866116, -0.44490340242162346, -0.7462026429018476, 0.30990931497710106, -0.04444436853712862, -0.21738687684368535, 0.26990447803462636, 0.803746125052104, -0.26534918100036997, -0.5442768058964871, -0.5742785445966094, 0.8053227560934797, 0.5938313669343961, 0.31527860555895637, -0.4146781827777968, 0.012527007658056725, -0.9661853143421598, -0.24146137160612602, 0.4513866353488679, 0.47021783346875773, -0.9172074539143907, 0.7575849677943267, 0.7115841173776295, -0.2431379965395783, 0.4412599079286195, 0.7503696544277433, 0.4394839671091266, -0.11792851258371717, 0.2989052939591444, -0.6829506100912011, -0.6872970798687823, 0.021920097676465303, -0.5502681262610649, -0.08480426053052452, -0.8534700678223185, 0.0013880358364923018, -0.6810852664689925, 0.5155917382435848, -0.8415696389968618, -0.4473051245915516, -0.6887389131002031, 0.1981398416289044, -0.22958807829492564, 0.7308571501911719, -0.404425812536778, 0.9385916839853166, 0.3008712126377788, 0.9142600655277779, 0.18036373127742486]
1404.529662839478	(8, 12, 2)	[-0.849756099757051, -0.8398792508657908, -0.7076632042848565, 1.1173710043839753, 0.08370848687827612, -0.14634571581495692, 0.7904899671126234, -0.422166516119277, -0.15286103976235943, -0.11456347719445148, 0.4292869205643065, 0.8882429282144052, 0.38769033496920946, 0.45691217076699786, 0.8550907506234843, 0.6236196075520689, 0.8018986976560248, 0.7057476881310951, -0.6486152164344896, 0.44174580135272756, 0.1576418459879992, 0.15316800814166906, 0.3887966516734287, 0.8429426583608423, 0.17011004531265236, -0.8017929381431215, 0.0729375493947867, 0.37998239811539014, -0.38613437826455765, 0.10447542751258534, -0.0013493841032719135, 0.12057856190838359, -0.14547307371890164, 0.08095822627802582, -0.14442713256680684, -0.010558091027262444, 0.17438166642351835, 0.7633789012547225, -0.6022268631468277, 0.8336252478074228, 0.4044430341215758, 0.4406893098487637, 0.133859424842546, 0.5381011053933205, -0.34380132669395097, 0.42192729133781137, -0.188693419176296, 0.08661155786782807, 0.7823254781310377, -0.10772665641866509, 0.28084548445713575, 0.1076704492868166, 0.9170596695446533, -0.2653595335708327, 0.3029065145809849, 0.07070546430749963, 0.2238653951624532, -0.6869809992020945, 0.8943166686338202, -0.7716998127830037, 0.02824692665132972, 0.12446917865619003, -0.8477826714953907, 0.096597306052748, -0.2145488660273569, 0.7773417385742613, 0.5253613260769311, -0.11428982698053491, 0.6618818528593855, 0.22744453350653998, 0.8106093757458639, 0.43274066780866116, -0.44490340242162346, -0.7462026429018476, 0.30990931497710106, -0.04444436853712862, -0.21738687684368535, 0.26990447803462636, 0.803746125052104, -0.26534918100036997, -0.5442768058964871, -0.5742785445966094, 0.8053227560934797, 0.5938313669343961, 0.31527860555895637, -0.4146781827777968, 0.012527007658056725, -0.9661853143421598, -0.24146137160612602, 0.4513866353488679, 0.47021783346875773, -0.9172074539143907, 0.7575849677943267, 0.7115841173776295, -0.2431379965395783, 0.4412599079286195, 0.7503696544277433, 0.4394839671091266, -0.11792851258371717, 0.2989052939591444, -0.6829506100912011, -0.6872970798687823, 0.021920097676465303, -0.5502681262610649, -0.08480426053052452, -0.8534700678223185, 0.0013880358364923018, -0.6810852664689925, 0.5155917382435848, -0.8415696389968618, -0.4473051245915516, -0.6887389131002031, 0.1981398416289044, -0.22958807829492564, 0.7308571501911719, -0.404425812536778, 0.9385916839853166, 0.3008712126377788, 0.9142600655277779, 0.18036373127742486]
812.4999268345417	(8, 12, 2)	[-0.8696263363375162, -0.8879273045865935, -0.7072700615852708, 1.1145114283728692, 0.11025327521639831, -0.11468847849383848, 0.7906352723647085, -0.4270612360880149, -0.14698008823912806, -0.11383089692616673, 0.44410237259214314, 0.8815062199865584, 0.385905935451456, 0.4279411392696563, 0.8322020591593228, 0.5348741827260416, 0.8053105572515159, 0.7067796162559845, -0.6366087168191742, 0.44891886903317185, 0.19795168306777824, 0.1604269602178429, 0.6366229581370038, 0.8536440716026138, 0.16043948398500346, -0.7013348859426916, 0.07090729652280653, 0.3616887196626412, -0.3817268584174742, 0.11438464798701062, 0.009727924032078577, -0.07699709908527774, -0.11403677028652515, 0.07753038190467562, -0.18871553970027372, 0.020472153011770106, 0.7283717222938614, 0.7522448294177337, -0.604628739192591, 0.8421188183725592, 0.4013442127107667, 0.4368687834309594, 0.12209315543311619, 0.5303176481126279, -0.44889466508323533, -0.5827682373262323, -0.19303596711251234, 0.08662230542537436, 0.7329892567801618, -0.10028434358495833, 0.2696811992674708, 0.10243101874694079, 0.9189915452824937, -0.26491698661872365, 0.3285081095877931, 0.05860414727957131, 0.1901557063088788, -0.7223599656480264, 0.8984803419066716, -0.7512005064101419, 0.0030471458181956824, 0.12990061045130588, -0.8531848504212571, 0.10112977089109385, -0.2135578852818736, 0.7762002563724373, 0.5254165374797726, -0.11727663994714088, 0.6660207978140292, 0.22133219034096985, 0.7386938459131869, 0.4309680712079748, -0.4406776849507649, -0.6506100152867209, 0.29359429877236426, -0.0349645778044695, -0.21779556017122118, 0.25980895743674143, 0.8022663641813997, -0.274603186191467, -0.5444652517447484, -0.6186962911621394, 0.8058429336237319, 0.5937864157308423, 0.318476445594471, -0.43609428332032946, 0.015106229002687158, -0.9813876092598388, -0.2562505807744683, 0.49813898426131686, 0.467706793002939, -0.9088342566353959, 0.7559803840447453, 0.7130068900330117, -0.2319332057924382, 0.4494352436536276, 0.778077641086557, 0.34715456200883443, -0.11746103087032536, 0.3267943127965067, -0.6721396832088756, -0.6871118107893519, 0.02123305405083606, -0.5460578216417347, -0.08089015344414535, -0.8495909636662342, -0.0027025313113978548, -0.6737060512429395, 0.5371324594336692, -0.8628498240756126, -0.4434056406974813, -0.6874874306272464, 0.206900060667644, -0.2874123384356925, 0.736793261428666, -0.3670393354934359, 0.9211673537784568, 0.3014058066957466, 0.9136142122720671, 0.1255763176347393]
458.04359181684595	(8, 12, 2)	[-0.8696263363375162, -0.8879273045865935, -0.7072700615852708, 1.1145114283728692, 0.11025327521639831, -0.11468847849383848, 0.7906352723647085, -0.4270612360880149, -0.14698008823912806, -0.11383089692616673, 0.44410237259214314, 0.8815062199865584, 0.385905935451456, 0.4279411392696563, 0.8322020591593228, 0.5348741827260416, 0.8053105572515159, 0.7067796162559845, -0.6366087168191742, 0.44891886903317185, 0.19795168306777824, 0.1604269602178429, 0.6366229581370038, 0.8536440716026138, 0.16043948398500346, -0.7013348859426916, 0.07090729652280653, 0.3616887196626412, -0.3817268584174742, 0.11438464798701062, 0.009727924032078577, -0.07699709908527774, -0.11403677028652515, 0.07753038190467562, -0.18871553970027372, 0.020472153011770106, 0.7283717222938614, 0.7522448294177337, -0.604628739192591, 0.8421188183725592, 0.4013442127107667, 0.4368687834309594, 0.12209315543311619, 0.5303176481126279, -0.44889466508323533, -0.5827682373262323, -0.19303596711251234, 0.08662230542537436, 0.7329892567801618, -0.10028434358495833, 0.2696811992674708, 0.10243101874694079, 0.9189915452824937, -0.26491698661872365, 0.3285081095877931, 0.05860414727957131, 0.1901557063088788, -0.7223599656480264, 0.8984803419066716, -0.7512005064101419, 0.0030471458181956824, 0.12990061045130588, -0.8531848504212571, 0.10112977089109385, -0.2135578852818736, 0.7762002563724373, 0.5254165374797726, -0.11727663994714088, 0.6660207978140292, 0.22133219034096985, 0.7386938459131869, 0.4309680712079748, -0.4406776849507649, -0.6506100152867209, 0.29359429877236426, -0.0349645778044695, -0.21779556017122118, 0.25980895743674143, 0.8022663641813997, -0.274603186191467, -0.5444652517447484, -0.6186962911621394, 0.8058429336237319, 0.5937864157308423, 0.318476445594471, -0.43609428332032946, 0.015106229002687158, -0.9813876092598388, -0.2562505807744683, 0.49813898426131686, 0.467706793002939, -0.9088342566353959, 0.7559803840447453, 0.7130068900330117, -0.2319332057924382, 0.4494352436536276, 0.778077641086557, 0.34715456200883443, -0.11746103087032536, 0.3267943127965067, -0.6721396832088756, -0.6871118107893519, 0.02123305405083606, -0.5460578216417347, -0.08089015344414535, -0.8495909636662342, -0.0027025313113978548, -0.6737060512429395, 0.5371324594336692, -0.8628498240756126, -0.4434056406974813, -0.6874874306272464, 0.206900060667644, -0.2874123384356925, 0.736793261428666, -0.3670393354934359, 0.9211673537784568, 0.3014058066957466, 0.9136142122720671, 0.1255763176347393]
357.06210451714577	(8, 12, 2)	[-0.8503107571897784, -0.8699605416776107, -0.6871516558439493, 1.062399409956842, 0.14747585738421337, -0.11086796568824517, 0.790941453274219, -0.4690636179927285, -0.1470972975323252, -0.12692483813388386, 0.45058303874782574, 0.8259142909771794, 0.3880188319352206, 0.4247966087508258, 0.7852457011536476, 0.5765910275295598, 0.8052918216413577, 0.7041423169272674, -0.5858963516476516, 0.4475728722229487, 0.1890684367305017, 0.15939604921824554, 0.6722601916305323, 0.8539538792659862, 0.17302378232769142, -0.6779592878615069, 0.07350932530454458, 0.3671427330461489, -0.42050345251601107, 0.17907274536202455, 0.010991277146799854, -0.08308325765356991, -0.12662608914177223, -0.006050396890102391, -0.1886250004595086, 0.019178433571564502, 0.6297501341105931, 0.7826797327044167, -0.6474299080083621, 0.7980315495540047, 0.2630960727216476, 0.3846807050587879, 0.17312885259944805, 0.5307860793785174, -0.4281279668298506, -0.6932299775473072, -0.14578604766945275, 0.09064880463674341, 0.7274016840463993, -0.12232015827424064, 0.2775103649866219, 0.06465058494387994, 0.9524224094754273, -0.2637176924676447, 0.32876081567952903, 0.057866061223392044, 0.19018050480577048, -0.6719706516322488, 0.8745378768486843, -0.7469965620908217, 0.02398082493719721, 0.1351311946559729, -0.8719922806385346, 0.1133060166850953, -0.207939487170058, 0.8115511002030222, 0.5254275571799227, -0.10627018218369952, 0.6719801291834971, 0.23706997785574552, 0.8706470510809604, 0.41742330422827295, -0.44011388430637033, -0.6441098303081157, 0.30772118991834685, -0.08370901096095519, -0.21762858801219473, 0.08598223276722675, 0.803569243291335, -0.2076105045597043, -0.6032790040457067, -0.7216362819832016, 0.8057410393334612, 0.5999088417035827, 0.31110794947160414, -0.4296737393722631, 0.03871677736663139, -0.9516703245454512, -0.30923463182066935, 0.4553146120961561, 0.5839074562597965, -0.9119475142848121, 0.7493629435592544, 0.7058243551337222, -0.23349945643961922, 0.44046021220965326, 0.7667534999399669, 0.23846713680470777, -0.11360326644310245, 0.3290548317047805, -0.6604614242340922, -0.6857511838277361, 0.03165036963784335, -0.5509493755232573, -0.07575401477680918, -0.8386995750888118, -0.0003992378637690669, -0.6719295928332619, 0.5218951673699274, -0.8644628240168122, -0.4093225638291236, -0.6873087214017007, 0.18821022710017757, -0.12098769329030287, 0.7293627895377031, -0.37246951982829934, 0.9279364606861317, 0.2969589702684146, 0.9040073955770951, 0.12205646816215905]
842.7540466013979	(8, 12, 2)	[-0.8705616451811592, -0.9024223414449091, -0.7191725400406928, 1.0937993401771242, 0.138864669911714, -0.122822609925635, 0.7911912200005689, -0.3386321706197609, -0.15603123292663765, -0.11387122864908078, 0.4699487336942614, 0.9176812946862302, 0.38560611295165503, 0.38911740430946845, 0.8199989497702892, 0.5863592839200891, 0.8058207200251813, 0.7081847593617443, -0.5572019521565964, 0.44172572219982853, 0.2921227968039384, 0.17750259254087872, 0.74947147347821, 0.8533297024496292, 0.15717846191631168, -0.6350391440928407, 0.07201739384375185, 0.3952241009472385, -0.4235801123923786, 0.126138771750505, 0.004788439865837999, -0.08153475892247627, -0.1009087560941399, 0.09215210748071928, -0.19341548069716347, 0.03490172822317187, 0.6293921826226728, 0.7501586124643173, -0.6141071061105648, 0.8076257252208567, 0.19289386336647654, 0.3763637195854228, 0.1331653686494997, 0.48159116470303437, -0.670599461088959, -0.6001378981733289, -0.2199055764643882, 0.08607729145700899, 0.8591912327517771, -0.1529738188852966, 0.18635155811577106, 0.09237659172069533, 0.9246073956579786, -0.2624268443845914, 0.3447531765524375, 0.05003785196674596, 0.18697367013771465, -0.7386571588961829, 0.9646487249551768, -0.7209251268848347, 0.027664638585802905, 0.2421577932801451, -0.8550430915342828, 0.10149633672786147, -0.2100866068514403, 0.8181636933657093, 0.5247589146453076, -0.12387610793862258, 0.6764516790228395, 0.26497171841914174, 0.09159724603635447, 0.4180289539168391, -0.43572266346702454, -0.6501835335100378, 0.6802703128844878, 0.1943785237846478, -0.2200285869340476, 0.24988123063288975, 0.8056329715252676, -0.3221881251583609, -0.5613406509913205, -0.6263073515751224, 0.8104305353569015, 0.5931950254891749, 0.31153955180086507, -0.43621648820908354, 0.03992692540000613, -0.9590050517343859, -0.32559234801281545, 0.541562163733446, 0.455315641227399, -0.9586747265165465, 0.7395493389875427, 0.7138453464454407, -0.2273689910770283, 0.45256548813738245, 0.7636400423456569, 0.20545181548578145, -0.10767673769869895, 0.3334414678489963, -0.5760751870015719, -0.6865606639102574, 0.040545396542625574, -0.5560733611255234, -0.026147903406048487, -0.8353038596891531, -0.03330438157406366, -0.6677287747730372, 0.5260785848705952, -0.9087023996879352, -0.440860705706858, -0.6870308604764397, 0.20658789796402985, -0.09006650254722542, 0.703361728949717, -0.39407478980592214, 0.8980682790727078, 0.30689894404513224, 0.8940032859166314, 0.11476979893612745]
1118.1929544489774	(8, 12, 2)	[-0.8095445398108111, -0.8961895811744778, -0.7142433642525018, 1.1289711300412657, 0.13913809643922895, -0.11720270331706441, 0.7915137942058437, -0.3386612075788849, -0.14192367373965908, -0.11255282998413924, 0.47212467004455577, 0.9373215180346823, 0.38873913181429626, 0.502536782950801, 0.7411896833642899, 0.5841560531534626, 0.8072504563807912, 0.7402974752869474, -0.6437813819030674, 0.44537662241883685, -0.12196376774705626, 0.2683899370815914, 0.6475274368634752, 0.8809200237941482, 0.16244591146053158, -1.0624062111600674, 0.07497961303677861, 0.7106090087404873, -0.4109552175723123, 0.11413963868419366, 0.05035540466544618, -0.06766718859188375, -0.07384387243579699, 0.11058323047337645, -0.18163549979197313, 0.028378339605988345, 0.295177983861954, 0.7403540838709615, -0.7008370150230421, 0.9588111201931826, 0.2955566770942904, 0.37105528622223016, 0.11431550530158602, 0.482191764657262, -0.6645433459023946, -0.6175059372323141, -0.21792931182396327, 0.09824405304554508, 0.6863866253313077, -0.1462536835207468, 0.27065159317117937, 0.08311512570672454, 0.9346284693597313, -0.26246337050871643, 0.3383284002386718, 0.04954667299523427, 0.23920285296796484, -0.707933556228367, 0.8843382702705207, -0.74280105206442, -0.014212384149641068, 0.14214136587018295, -0.8460855677633413, 0.08643478886579087, -0.21140595962378483, 0.760666821115962, 0.5254574663564746, 0.01276750819116676, 0.6834224263086272, 0.22396015544492842, 0.7694698860455221, 0.4269528876084292, -0.43478147221066016, -0.7184322198477469, -0.20770718248342332, 0.073256064757209, -0.2304599070950346, 0.30374951117499044, 0.8024476969143707, -0.3954309096173887, -0.5642857774110752, -0.6830225308728487, 0.750824165874672, 0.45959488087209727, 0.3249577516795017, -0.42067479502138116, 0.024633475099754148, -0.9193439167548731, -0.2839417492111405, 0.4525719541450239, 0.6169583164201196, -0.9503635059354398, 0.7479045075268712, 0.7092866957789938, -0.22014501312162071, 0.4503780863510925, 0.7784353626115004, 0.3054463225050768, -0.1074541397326406, 0.32847058518956085, -0.6118109494994451, -0.6769459123461794, 0.017415628158860677, -0.510393084328024, -0.12090757311926889, -0.8360576496406154, -0.0027492738450951354, -0.6697848305900858, 0.5297432907912757, -0.8349674470950526, -0.4392785595519567, -0.6885345300091497, 0.17583786083449132, -0.3101358104834907, 0.6611889552149808, -0.3960066955497965, 0.9145678795696814, 0.2919570440104061, 0.9001306905843164, 0.1139586906564342]
786.2899937545059	(8, 12, 2)	[-0.8705616451811592, -0.9024223414449091, -0.7191725400406928, 1.0937993401771242, 0.138864669911714, -0.122822609925635, 0.7911912200005689, -0.3386321706197609, -0.15603123292663765, -0.11387122864908078, 0.4699487336942614, 0.9176812946862302, 0.38560611295165503, 0.38911740430946845, 0.8199989497702892, 0.5863592839200891, 0.8058207200251813, 0.7081847593617443, -0.5572019521565964, 0.44172572219982853, 0.2921227968039384, 0.17750259254087872, 0.74947147347821, 0.8533297024496292, 0.15717846191631168, -0.6350391440928407, 0.07201739384375185, 0.3952241009472385, -0.4235801123923786, 0.126138771750505, 0.004788439865837999, -0.08153475892247627, -0.1009087560941399, 0.09215210748071928, -0.19341548069716347, 0.03490172822317187, 0.6293921826226728, 0.7501586124643173, -0.6141071061105648, 0.8076257252208567, 0.19289386336647654, 0.3763637195854228, 0.1331653686494997, 0.48159116470303437, -0.670599461088959, -0.6001378981733289, -0.2199055764643882, 0.08607729145700899, 0.8591912327517771, -0.1529738188852966, 0.18635155811577106, 0.09237659172069533, 0.9246073956579786, -0.2624268443845914, 0.3447531765524375, 0.05003785196674596, 0.18697367013771465, -0.7386571588961829, 0.9646487249551768, -0.7209251268848347, 0.027664638585802905, 0.2421577932801451, -0.8550430915342828, 0.10149633672786147, -0.2100866068514403, 0.7770347591530877, 0.5247589146453076, -0.12387610793862258, 0.6764516790228395, 0.26497171841914174, 0.09159724603635447, 0.4180289539168391, -0.43572266346702454, -0.6501835335100378, 0.6802703128844878, 0.1943785237846478, -0.2200285869340476, 0.24988123063288975, 0.8056329715252676, -0.3221881251583609, -0.5613406509913205, -0.6263073515751224, 0.8104305353569015, 0.5931950254891749, 0.31153955180086507, -0.43621648820908354, 0.0839802371943184, -0.9590050517343859, -0.32559234801281545, 0.541562163733446, 0.455315641227399, -0.9586747265165465, 0.7395493389875427, 0.7138453464454407, -0.2273689910770283, 0.45256548813738245, 0.7636400423456569, 0.20545181548578145, -0.10767673769869895, 0.3334414678489963, -0.5760751870015719, -0.6865606639102574, 0.040545396542625574, -0.5560733611255234, -0.026147903406048487, -0.8353038596891531, -0.03330438157406366, -0.6677287747730372, 0.5260785848705952, -0.9087023996879352, -0.440860705706858, -0.6870308604764397, 0.20658789796402985, -0.09006650254722542, 0.703361728949717, -0.39407478980592214, 0.8980682790727078, 0.30689894404513224, 0.8940032859166314, 0.11476979893612745]
420.3784817664565	(8, 12, 2)	[-0.845100526358398, -0.8496894618282267, -0.7088529739655416, 1.0648425078016621, 0.12085322350990707, -0.11099561345620203, 0.7904809243371778, -0.46165537351285696, -0.15319378498749153, -0.12532788039378837, 0.510528538049287, 0.8522288174083927, 0.38849394864525444, 0.42554360892924, 0.793916003082121, 0.5736980341507477, 0.8052601825857634, 0.7040637612473478, -0.7246888089870229, 0.2575567461611803, 0.09363248427358646, 0.16224641141209134, 0.43646268331257976, 0.8538565057252204, 0.16968704851890937, -0.70179050825131, 0.07181893517281993, 0.4795551204249967, -0.38950691741774357, 0.167443012888625, 0.008807255825980496, -0.0626349847573514, -0.14831623534579993, 0.09149269340776314, -0.1883645164782932, 0.01982842375802931, 0.605092770364843, 0.7685354930560975, -0.6197297907019288, 0.8081377412605459, 0.24943741440824288, 0.4304441068562513, 0.29609950836747706, 0.5339347684768363, -0.42590656747777006, -0.7471101885066898, -0.16969748963593045, 0.0903336491525994, 0.7620223641209567, -0.09543639552761157, 0.27608591324526666, 0.09994832556782539, 0.9076008097403783, -0.2645953097133321, 0.3304073413897472, 0.05384230100436697, 0.1900855169126449, -0.714384297538915, 0.8596805439842667, -0.761589932730347, 0.018249323244724808, 0.05607187963524257, -0.8794875001345216, 0.10324188447042318, -0.21392594273247667, 0.811470613254821, 0.5265511525937275, -0.1112058799823314, 0.6666620990840023, 0.22396041764341149, 0.7702100063844516, 0.4229877425822944, -0.4352266093863104, -0.6557003373401348, 0.43776643082456335, -0.0319833761455445, -0.21755516629277388, 0.06293682633916994, 0.8013226555721542, -0.2762046606724081, -0.5979329205708385, -0.71236680961037, 0.9574161197531788, 0.603898321989867, 0.31079779783300115, -0.4298144826190986, 0.0379820636285175, -1.1024544797892415, -0.2802298056491025, 0.5788472993968411, 0.4991849781420247, -0.9098799240945938, 0.7505049608016965, 0.7102573143831419, -0.23181571752743205, 0.43663261470026266, 0.7671079479940921, 0.2162670938980742, -0.11148937945788583, 0.3256994117390931, -0.6696760792409429, -0.6856667583536524, 0.026743050445439384, -0.5459510094536786, -0.07970953205357684, -0.8438852304383759, -0.004348004089320475, -0.6708854160478367, 0.5199684044623559, -0.8711847597170965, -0.422034323510393, -0.6871943809330444, 0.21579194191587373, -0.2503782385120118, 0.7401205637997862, -0.3884199239997758, 0.9330478441386154, 0.30110021523999947, 0.9086916553150212, 0.1873723045566056]
455.70202307492264	(8, 12, 2)	[-0.865233073489315, -0.8748827943583111, -0.7107277071140201, 1.040821396338544, 0.15162703104970174, -0.11537659188425509, 0.8024110776610904, -0.4201256367690974, -0.14838298522186172, -0.11681436545138238, 0.4507027254709259, 0.8985046909448772, 0.3865762852509159, 0.4190106830949946, 0.8020969222201203, 0.5752212353636678, 0.8045026735320682, 0.7040213504281408, -0.5798405459450482, 0.44843460586077677, 0.2084165292596872, 0.23336894845975234, 0.6392448360349838, 0.8530130918795866, 0.1686314853670907, -0.9910900531718383, 0.076142268085221, 0.41892620216297505, -0.40563148468954724, 0.07428036182898975, 0.005395620591669915, -0.18843566056160305, -0.12363296837006807, 0.061988985135249704, -0.16980080638051415, -0.022397861043453888, 0.6019536447275553, 0.7495060448790943, -0.6490671370739738, 0.7779619645627703, 0.3823578023743667, 0.3885322474787751, 0.17473931590676461, 0.544104310918879, -0.4528269095009688, -0.5729775263887926, -0.1777865935856232, 0.07717887958349055, 0.7151324201106611, -0.12003263894516666, 0.27223814809682034, 0.12454656128786924, 0.9270542624535232, -0.2639888143029512, 0.33167248328364685, 0.025872222914107953, 0.19843007616165753, -0.7379700943764763, 0.8675072751594688, -0.6930627815922905, 0.04294478570361903, 0.13526472495862601, -0.8674009609380817, 0.10388086930087767, -0.21059634236061336, 0.7722769665427099, 0.5252199835132525, -0.1164711982590988, 0.6639754571419622, 0.27260798369705813, 0.8147339690483731, 0.43206189424150354, -0.42170479497324986, -0.6926162044966968, 0.5043580993165804, -0.04116712082784476, -0.2082254625482807, 0.12865672061100336, 0.8106485510002828, -0.31068673200406294, -0.5701095728234951, -0.6219479858006682, 0.8019462188741077, 0.6043888265393524, 0.3255446949369151, -0.43015300885640667, 0.02592703767283819, -0.9663116421941507, -0.27477268738869787, 0.47764868964268253, 0.49587357154772815, -0.9101740222782237, 0.7627500850443176, 0.6836292340209956, -0.21761023846750682, 0.44347704033520685, 0.753863165463146, 0.39664381648227526, -0.11175815330774573, 0.3288859084942143, -0.6612060495273663, -0.6831935148090423, 0.029686227274497975, -0.5462379991307132, -0.08390713905710834, -0.8468254733027838, -0.005171916186061385, -0.679677569645371, 0.5328390724443037, -0.8450412292032855, -0.41100972201789143, -0.6877549967295937, 0.19923577141737192, -0.28739299279628333, 0.7338738264542397, -0.34134431034873447, 0.960377855581457, 0.29947544515640306, 0.9061518871743361, 0.169634201786166]
1459.8964707284927	(8, 12, 2)	[-0.7928634353877118, -0.8806235719190325, -0.6684569652811689, 1.1252970192586205, 0.14478284202213135, -0.11146722424560244, 0.7912457079781442, -0.3521264119394825, -0.15411207243000336, -0.12391489788443508, 0.4596224008214434, 0.9356282240044675, 0.3671183438252615, 0.4469232785951064, 0.7870625452936764, 0.5643576803779697, 0.8049317224070993, 0.7222297089851408, -0.5308533022849263, 0.4411184527121889, 0.028123915503175598, 0.17954419403667188, 0.6242342889839819, 0.8863136673780417, 0.16478933097022966, -0.7964086917988142, 0.07225186684540612, 0.367183564807312, -0.4227297017552509, 0.11750064724822758, 0.005883000831253365, -0.06601282220378374, -0.11770433999492354, 0.09021662807233242, -0.1823892420273138, 0.0227715612460178, 0.24662127626187996, 0.7461669190201994, -0.6563793497072827, 0.8638799047220757, 0.2891983139700614, 0.4610771213109725, 0.11519356515312705, 0.49481138843657135, -0.4043747298511832, -0.6729726320167724, -0.20423275437078064, 0.08478520365981822, 0.8580449916882646, -0.14175381541231666, 0.2661103303727538, 0.09390811748024352, 0.9342193945148771, -0.26267827321245807, 0.3423732236208533, 0.04627467830012749, 0.24538294146362993, -0.6953673020310515, 0.9983512318279193, -0.7312466429280909, -0.0033446675943463997, 0.13984101536127544, -0.8362119671311914, 0.09645312736868104, -0.21366801329931465, 0.8120547034237298, 0.5252893070635504, -0.02971316451982877, 0.6828102716965943, 0.2443930290651233, 0.09304068553418585, 0.4307669911718511, -0.423085446315524, -0.7195387037220097, 0.7004636785633486, 0.04951114257005965, -0.22301636806301023, 0.08116553298420051, 0.806867716262504, -0.3923984287595859, -0.5374013757068099, -0.687107638592898, 0.7805249349275446, 0.5459559609060431, 0.3172195399307807, -0.423395423322542, 0.024285491845562453, -0.9344026534956541, -0.27333378731703795, 0.5594048406950325, 0.6214611500287832, -0.9042954413147014, 0.7398851404410818, 0.7114581816701265, -0.22909310271972322, 0.47074743700886945, 0.7792642542363183, 0.25875943175074956, -0.11746247498193285, 0.33591109258977964, -0.6247740584621442, -0.6808477176572227, -0.04303190597611929, -0.5208664859067433, -0.07880912006412402, -0.8420988052624608, -0.0028319288708106675, -0.6764797287425588, 0.5218525606938434, -0.8595423747484991, -0.439053044085754, -0.6867628544131628, 0.17977367968569274, -0.3007427071824828, 0.7167952672722612, -0.38696039837193735, 0.884652017216901, 0.29712843990939297, 0.8978317946041575, 0.12118007436737606]
480.57138537272135	(8, 12, 2)	[-0.8584385577376723, -0.8451070252295131, -0.70644675656618, 1.0828819038173054, 0.13766480623539998, -0.1138557718365674, 0.7917343146643137, -0.44724740565752763, -0.15079864591896847, -0.11778460696961272, 0.47914336086516596, 0.8263235426057994, 0.3876548722910659, 0.453851709359601, 0.8089238725074002, 0.5724615850784952, 0.8048804196270141, 0.7059269473396041, -0.6810198193945373, 0.44802010358895217, 0.15110389229810534, 0.1570166557101696, 0.4975849233267515, 0.8531383419750792, 0.1589894097257399, -0.955889001691136, 0.07525132305695459, 0.4052406126392151, -0.39620875753031076, 0.12474914287339359, 0.008432592226583878, -0.126981464632178, -0.12553653960171812, 0.09446241660612359, -0.05189697912828603, 0.005994762742873163, 0.6188135166116622, 0.7362187899188597, -0.6060031000880609, 0.7831902534285675, 0.19861944518867158, 0.4362232610690929, 0.1440109822356936, 0.41103632575282, -0.4872809159783016, -0.5921806320278284, -0.17638149254629415, 0.08924248890420176, 0.7695355007937329, -0.12928844418229798, 0.24027570255714853, 0.10161742829018323, 0.9315450467317559, -0.26420697992670916, 0.3290495530997666, 0.03802173178463288, 0.19241981270346217, -0.7192060990235449, 0.8622450650714397, -0.7649652393806639, 0.03494841323362834, 0.2290540792695477, -0.8889176581008769, 0.10525442718606436, -0.21245345863567833, 0.8238210977002043, 0.5269000905461534, -0.11425095611216664, 0.675007962429801, 0.27824858541305636, 0.8259828985510655, 0.4252316228857565, -0.4293863638503653, -0.673495473163784, 0.6083454826239401, 0.1059682341377536, -0.21859096983152662, 0.20204585470293956, 0.8011916388453758, -0.27075513009565255, -0.5924480453330025, -0.6787405157867653, 0.7293709950257756, 0.6046627158950861, 0.3114958442710309, -0.4301786570260037, 0.028466952609737875, -0.9522311859634566, -0.3115496882174303, 0.6190139675185, 0.46488004001539734, -0.9174318626198253, 0.7440484054984092, 0.7043174252686911, -0.22138843737095615, 0.4435495141476704, 0.7733425850934089, 0.3840075344421799, -0.11054324957851396, 0.32570884287965307, -0.6539860654761832, -0.6828468591487991, 0.0322561943815092, -0.567264047047029, -0.22215857190381189, -0.8438418238367024, -0.00767491129944112, -0.6723110112987194, 0.5258549496474603, -0.8718995159374843, -0.45454178451067434, -0.6866689739395883, 0.211225271999278, -0.2704309398129471, 0.7356949609713901, -0.37676060442843806, 0.8974132323243623, 0.3012723459242687, 0.9042890704967725, 0.1545720201139621]
911.2937086219197	(8, 12, 2)	[-0.8627283354128757, -0.8598821552169493, -0.7168423494204486, 1.142709384020501, 0.13114882947218423, -0.11453249379975343, 0.7911283007154883, -0.41746676412294215, -0.1505075304536568, -0.11668242022881277, 0.47788161739055923, 0.9043586594526801, 0.38751008354637956, 0.45280190954428406, 0.8080658839203844, 0.5637942738958173, 0.8050471967322772, 0.7040777221544262, -0.6931678066753135, 0.4484811105246135, -0.11253131664803623, 0.16649651878728589, 0.4912438279238326, 0.8516709847040105, 0.16164872382268794, -0.9825364475504037, 0.07322649453615936, 0.37633365476251823, -0.40940350686883453, 0.1311204594884286, 0.5241021097834867, 0.016641042102966935, -0.12704949543022814, 0.09009900070884623, -0.07336189171207547, 0.008749590769984243, 0.5496061260266399, 0.7381308427123654, -0.5928093627073304, 0.9511195847380697, 0.26215759450671067, 0.42291555428248534, 0.08368158923897104, 0.4694729335569976, -0.4459464142834403, -0.5758327354380262, -0.18510887243313218, 0.08592363210582174, 0.7048610229221757, -0.13859870321868367, 0.2646254912759596, 0.1032422013537363, 0.9346994372960431, -0.2643843780354374, 0.33290281824126317, 0.03804497715468944, 0.18892885872582474, -0.7193932538784409, 0.8789322575854571, -0.7510805108609371, 0.04232673117122544, 0.13672512351660188, -0.8767754979788189, 0.1002772998833122, -0.2124436676298568, 0.803482614582881, 0.5208588107290651, -0.07548624509249832, 0.6950988839417138, 0.2692825951368713, 0.7854181087171285, 0.42526907643631506, -0.4293626238468189, -0.6993106145879496, 0.6951214183264219, -0.0612012041136292, -0.21615816110853556, 0.21454925772835318, 0.8016959110478288, -0.24689320080494392, -0.5961402898033306, -0.6818126721632722, 0.812966708132605, 0.585728957397398, 0.32789616863427307, -0.4335502546341098, 0.028028235249779036, -0.9547942897241205, -0.1836773504655352, 0.6442074838746673, 0.4803998063226127, -0.9130847412763826, 0.7357218451832045, 0.7078574584027647, -0.2269154022637091, 0.4424075248412299, 0.8182702972677158, 0.3128405228537676, -0.11426003335616369, 0.3272688046463765, -0.6401800218642265, -0.6827967997822294, 0.03540971089108595, -0.5348826654301797, -0.07790962933416262, -0.8461982307287869, -0.00680720092308677, -0.6727775541828047, 0.525174885376331, -0.874757936269813, -0.4558557604538444, -0.6866417325592581, 0.20280170123496627, -0.06470234273241354, 0.7199544722850822, -0.3790903494209925, 0.9094206552997093, 0.3058856535536695, 0.9040105521264985, 0.1471481505671658]
937.4362606625538	(8, 12, 2)	[-0.8702515193159931, -0.8840903943535019, -0.704631438422339, 1.1236973970856778, 0.14505690008508418, -0.11889706594368717, 0.7912467932410457, -0.36304070775634634, -0.14391599292216273, -0.11904423949736403, 0.45026030038366344, 0.935973130561202, 0.368511203604018, 0.4342449312752187, 0.7937239031330973, 0.5469427947292965, 0.8049216985529007, 0.7383788556931484, -0.5372589150153239, 0.4462922955923459, 0.2661992989294363, 0.14024801927804142, 0.7902625276975508, 0.8855632946743582, 0.15938667543559756, -0.94180100011979, 0.07201607115601284, 0.07845746245564796, -0.42971169636233436, 0.11688109620901899, 0.019100308461386925, -0.08159747127386438, -0.11925665022308216, 0.0899037956509538, -0.1895341033371578, 0.01916751166841348, 0.22273200699380336, 0.7401482645706784, -0.6526478737748883, 0.889713056751613, 0.37570651390395615, 0.4411992227922287, 0.11396189505594465, 0.4925280945318641, -0.5390554241393151, -0.6497372785287686, -0.2033884710344265, 0.0864151237694957, 0.73542993451872, -0.14206416914027065, 0.26885524079094925, 0.09534783234218462, 0.9146453743397557, -0.26216996429565403, 0.34239305128345326, 0.051128468632312324, 0.2441883545246853, -0.6739405715794624, 0.9524446804026416, -0.7431346216252656, 0.0017961088396344642, 0.1993647902678495, -0.8433890566023421, 0.0959139018220496, -0.2107482244389844, 0.8124460385380674, 0.5251755684512822, -0.0583908139417595, 0.6740813775515324, 0.2323496015245583, 0.4727483055080878, 0.4307252641532539, -0.42747832396960345, -0.648579116500354, 0.6995943459420052, 0.03608376808672338, -0.23352786018783833, 0.14487003353858696, 0.7990477329413614, -0.40260142790612397, -0.5474783428602068, -0.6739381963598555, 0.799578501351169, 0.5887744988267937, 0.3581630292358396, -0.41908059932073044, 0.03060032113415328, -0.9366431044607529, -0.2494507705719578, 0.5456265536509898, 0.5699476707473209, -0.9261869304199649, 0.743752938058176, 0.71162529294345, -0.22932665376495354, 0.4544291005772579, 0.7783001361577653, 0.32455860539876485, -0.1155581392888672, 0.33565807811677306, -0.6031296943939874, -0.6886187649746832, -0.0030609697358448193, -0.5141885921462491, -0.04458691067844201, -0.8436944028924296, -0.005061051222218605, -0.6761432156514883, 0.5300014496997641, -0.8680676341841607, -0.44090049964913686, -0.6874759946123068, 0.18017802863119575, -0.33645667027838083, 0.7175081063502599, -0.3860318702615174, 0.8970357169177529, 0.2951925794835167, 0.9089882883640957, 0.1526948220721672]
734.8570552941437	(8, 12, 2)	[-0.8702515193159931, -0.8840903943535019, -0.704631438422339, 1.1236973970856778, 0.14505690008508418, -0.11889706594368717, 0.7912467932410457, -0.36304070775634634, -0.14391599292216273, -0.11904423949736403, 0.45026030038366344, 0.935973130561202, 0.368511203604018, 0.4342449312752187, 0.7937239031330973, 0.5469427947292965, 0.8049216985529007, 0.7383788556931484, -0.5372589150153239, 0.4462922955923459, 0.2661992989294363, 0.14024801927804142, 0.7902625276975508, 0.8855632946743582, 0.15938667543559756, -0.94180100011979, 0.07201607115601284, 0.07845746245564796, -0.42971169636233436, 0.11688109620901899, 0.019100308461386925, -0.08159747127386438, -0.11925665022308216, 0.0899037956509538, -0.1895341033371578, 0.01916751166841348, 0.22273200699380336, 0.7401482645706784, -0.6526478737748883, 0.889713056751613, 0.37570651390395615, 0.4411992227922287, 0.11396189505594465, 0.4925280945318641, -0.5390554241393151, -0.6497372785287686, -0.2033884710344265, 0.0864151237694957, 0.73542993451872, -0.14206416914027065, 0.26885524079094925, 0.09534783234218462, 0.9146453743397557, -0.26216996429565403, 0.34239305128345326, 0.051128468632312324, 0.2441883545246853, -0.5912780466686954, 0.9524446804026416, -0.7431346216252656, 0.0017961088396344642, 0.1993647902678495, -0.8433890566023421, 0.0959139018220496, -0.2107482244389844, 0.8124460385380674, 0.5251755684512822, -0.0583908139417595, 0.6740813775515324, 0.2323496015245583, 0.4727483055080878, 0.4307252641532539, -0.42747832396960345, -0.648579116500354, 0.6995943459420052, 0.03608376808672338, -0.23352786018783833, 0.14487003353858696, 0.7990477329413614, -0.40260142790612397, -0.5474783428602068, -0.6739381963598555, 0.799578501351169, 0.5887744988267937, 0.3581630292358396, -0.41908059932073044, 0.03060032113415328, -0.9366431044607529, -0.2494507705719578, 0.5456265536509898, 0.5699476707473209, -0.9261869304199649, 0.743752938058176, 0.71162529294345, -0.22932665376495354, 0.4544291005772579, 0.7783001361577653, 0.32455860539876485, -0.1155581392888672, 0.33565807811677306, -0.6031296943939874, -0.6886187649746832, -0.0030609697358448193, -0.5141885921462491, -0.04458691067844201, -0.8436944028924296, -0.005061051222218605, -0.6761432156514883, 0.5300014496997641, -0.8680676341841607, -0.44090049964913686, -0.6874759946123068, 0.18017802863119575, -0.33645667027838083, 0.7175081063502599, -0.3860318702615174, 0.8970357169177529, 0.2951925794835167, 0.9089882883640957, 0.1526948220721672]
993.6958827451529	(8, 12, 2)	[-0.8695366883853188, -0.8858851895388437, -0.7041786775645352, 1.123063110600611, 0.09936992501598148, -0.11857994892622166, 0.7912376938970664, -0.42909256303154375, -0.14673072596773518, -0.11631537273070429, 0.44082761080318356, 0.9274726788160755, 0.36932527187984937, 0.42184385919774936, 0.806998952095958, 0.5414050555269533, 0.8053711952935657, 0.6575884521659489, -0.5374505989807733, 0.44730594726216427, 0.2649273689059449, 0.15908401024476349, 0.7960981399766902, 0.8921558613417185, 0.1590728572834279, -0.8934512534125629, 0.07129885230630964, 0.39804927670902623, -0.3920915391242257, 0.2235639201685819, 0.01629681188016713, -0.08151822094116094, -0.1135534626727226, 0.08441379605971935, -0.1922681239670765, 0.01928946542555912, 0.3433707346726903, 0.7482584411094086, -0.6388946662391785, 0.8549336089145577, 0.38505670311225826, 0.40840850385162386, 0.13481787914664176, 0.508309993064018, -0.5377335635084486, -0.5808190693005467, -0.20456613185351508, 0.08565100703819754, 0.7411759416791189, -0.10061725120066828, 0.2559582457425347, 0.0945992710073567, 0.914640051108424, -0.26358893999588096, 0.34129523996926503, 0.05800757286730168, 0.25638597084784526, -0.6844255923637714, 0.9409944149286372, -0.7423898097174312, 0.0022769034581135864, 0.21281203329618212, -0.8487975327183302, 0.09892489634946404, -0.21076844745670506, 0.7749433846206035, 0.5195291977057288, -0.051087644815458064, 0.6690837782859121, 0.2089523273060193, 0.7716426713318034, 0.40481455770979685, -0.42868589282972847, -0.6486208524647031, 0.5080799221226199, -0.011687989389735802, -0.2319729211911703, 0.22362919854605226, 0.7982447444784733, -0.41178713967741043, -0.5472833608631812, -0.671522043152709, 0.8005111805977217, 0.5878883521991007, 0.366144122632851, -0.43415311105648, 0.014927714322102369, -0.9801124740566005, -0.24989443702535538, 0.5290981913040945, 0.4961785433347964, -0.9212318739913166, 0.727775077156532, 0.7115045718673312, -0.23141883073331232, 0.45238830044632533, 0.7783296834667869, 0.3356944356026529, -0.11729546649936948, 0.32662100853075954, -0.6113216065861953, -0.6876965347974698, -0.006652971240879905, -0.5316659694234073, -0.04622951799660785, -0.846001362804224, -0.005184759886168406, -0.6751789764001639, 0.5335307993204585, -0.8672857069586588, -0.43840879117511466, -0.6874036822599412, 0.18345145604625507, -0.26040598779601776, 0.7141925112000707, -0.37970336312915476, 0.9013058270721968, 0.29545665604733595, 0.9089748313504474, 0.19601222385529532]
529.6850046378264	(8, 12, 2)	[-0.8698194554634208, -0.8842130297629593, -0.7045101022497383, 1.1235349768422669, 0.09936630129396444, -0.11854098132254215, 0.7912397749738067, -0.39274765018764735, -0.015894953414912538, -0.11814430859848525, 0.44214957074458977, 0.9353267028113276, 0.3690784944663267, 0.430783980426832, 0.810308932859311, 0.5473916301150522, 0.8052237078189115, 0.7216839615400517, -0.5373216997417741, 0.4462165474918211, 0.2660843015469017, 0.16293481217937686, 0.7957092635272149, 0.8871774123692465, 0.1594547912819329, -0.8912121857732267, 0.07168526526470094, 0.04955886765935389, -0.4130827303295268, 0.20264186765504869, 0.016611739353143255, -0.08158728541788991, -0.11495367435755659, 0.08808601596931029, -0.1901894622655896, 0.01929338028803265, 0.29330457546004507, 0.7454136892771985, -0.653033799341866, 0.8909076997055451, 0.3814566929387926, 0.4440332733417008, 0.11302076999384879, 0.499229427451552, -0.5387957102548023, -0.5740442762246626, -0.20320143258387557, 0.08577794362534454, 0.7412697125112387, -0.1123844500108387, 0.26891696661422554, 0.09485526659746668, 0.914644983506053, -0.1954546639043257, 0.3413171121565807, 0.051751930318277024, 0.24334877783982634, -0.676895775444429, 0.939605416233781, -0.7430959723064338, 0.0020586409006507025, 0.19945278726283774, -0.8443071129716578, 0.09827340071833543, -0.2107546447634863, 0.813398823326307, 0.5247342084916314, -0.05244015522525283, 0.6682290284669595, 0.22080591973423372, 0.6428199992307246, 0.4228782938888337, -0.428907932516838, -0.6486213102307568, 0.6010040681405646, -0.004269099544255219, -0.232420812565248, 0.2012264716912845, 0.7991954424761537, -0.4041462747801132, -0.5472409604755945, -0.671085157487958, 0.800064621890517, 0.5886670389258293, 0.3610002118415019, -0.43596471445245466, 0.027558864597257975, -0.942609446686264, -0.24956593811731323, 0.5487471926188127, 0.5576218486184439, -0.9245200528627424, 0.7238041164047803, 0.7116514228092529, -0.23053459467196463, 0.4526544023185369, 0.7783298461001413, 0.32431968423552254, -0.11570110571974201, 0.3252795349636136, -0.6100529545277853, -0.6880768535384583, -0.004559156388129419, -0.5105328592076693, -0.0450199482943627, -0.84517479438695, -0.005055528256881731, -0.6755140874038946, 0.5306744023266291, -0.8671599069202037, -0.43906665158997565, -0.6873969448976814, 0.1813948712228003, -0.3128898423527229, 0.7180194336887732, -0.3868047960709707, 0.9016764750329789, 0.29529707114155557, 0.9089873298702148, 0.16041834039796393]
874.890583730118	(8, 12, 2)	[-0.8843187472845175, -0.8737890592323327, -0.6710721103242824, 1.1405876761588902, 0.15061922170040884, -0.11522616325276121, 0.800908515360077, -0.42614272748079884, -0.1474408606608202, -0.11709520749159538, 0.4524094948334143, 0.9191047090547334, 0.38251444468175627, 0.4214155649607883, 0.7808462609193321, 0.5650238202753711, 0.804595763445995, 0.7141333200359646, -0.5945905671974372, 0.668706552334663, 0.08131369163565921, 0.1678241766926684, 0.48232922252670574, 0.8420471647353152, 0.16339031651479025, -1.0585937180183078, 0.07478062365815522, 0.3873873220290299, -0.4063489672554883, 0.08901539509563006, 0.12649221302734645, -0.18973904451933127, -0.12459443557628641, 0.057075971127194265, -0.178510970457992, -0.02850767232011777, 0.28833182612498864, 0.7339646220370818, -0.6262760515468184, 0.8255211575870438, 0.3827853407500447, 0.3882907316095832, 0.084421983021607, 0.5176928470019445, -0.4897865519595721, -0.608595924322792, -0.1954980800531198, 0.08680595878026029, 0.7398945466009164, -0.14262271439356353, 0.2360400479014844, 0.1095136886919447, 0.928398767826104, -0.26364199013408074, 0.32133692100925654, 0.02098482761298164, 0.20727580529259693, -0.7237636326086025, 0.9811466209947466, -0.7479896026718995, 0.09909670169961562, 0.13222970576913917, -0.856959311628797, 0.10015948181377078, -0.21206736007125418, 0.7722329590846271, 0.5208404367483597, -0.062041265479721705, 0.6691870748113201, 0.27178606633365576, 0.8174451683275172, 0.4319050727807982, -0.4291129544048835, -0.698341016568328, 0.4518818056897201, -0.04853456711945005, -0.205603150032804, 0.12213265118178646, 0.7957075965093052, -0.30169397638929535, -0.5531949768199063, -0.68805780952827, 0.8427938552382559, 0.6049097721907, 0.3171851049985054, -0.4301612819800437, 0.02491233385310193, -0.9743117169522005, -0.25779799658489694, 0.49601935042851203, 0.5930979926328518, -0.9107806294558216, 0.7369599947898963, 0.6838111062062676, -0.22965940619394573, 0.44625242062743153, 0.7565287775448526, 0.2894764482583735, -0.11516017520757743, 0.3280780380937732, -0.6589989481780835, -0.6780819582168848, -0.0008740694093315945, -0.5622532008748187, -0.13322385509064474, -0.8424947601319195, -0.005646363852150019, -0.6755265559037116, 0.5330339621322394, -0.8572407523684603, -0.43340218150820137, -0.700546423119172, 0.20179458738235004, -0.2874599169817357, 0.7312511042186717, -0.3469557995540448, 0.8813769197315658, 0.2996211848664428, 0.9063036840140405, 0.12089412165424308]
1034.8298019820024	(8, 12, 2)	[-0.8843187472845175, -0.8737890592323327, -0.6710721103242824, 1.1405876761588902, 0.15061922170040884, -0.11522616325276121, 0.800908515360077, -0.42614272748079884, -0.1474408606608202, -0.11709520749159538, 0.4524094948334143, 0.9191047090547334, 0.38251444468175627, 0.4214155649607883, 0.7808462609193321, 0.5650238202753711, 0.804595763445995, 0.7141333200359646, -0.5945905671974372, 0.668706552334663, 0.08131369163565921, 0.1678241766926684, 0.48232922252670574, 0.8420471647353152, 0.16339031651479025, -1.0585937180183078, 0.07478062365815522, 0.3873873220290299, -0.4063489672554883, 0.08703796529997936, 0.12649221302734645, -0.18973904451933127, -0.12459443557628641, 0.057075971127194265, -0.178510970457992, -0.02850767232011777, 0.28833182612498864, 0.7339646220370818, -0.6262760515468184, 0.8255211575870438, 0.3827853407500447, 0.3882907316095832, 0.084421983021607, 0.5176928470019445, -0.4897865519595721, -0.608595924322792, -0.1954980800531198, 0.08680595878026029, 0.7398945466009164, -0.14262271439356353, 0.2360400479014844, 0.1095136886919447, 0.928398767826104, -0.26364199013408074, 0.32133692100925654, 0.02098482761298164, 0.20727580529259693, -0.7237636326086025, 0.9811466209947466, -0.7479896026718995, 0.09909670169961562, 0.13222970576913917, -0.856959311628797, 0.10015948181377078, -0.21206736007125418, 0.7722329590846271, 0.5208404367483597, -0.062041265479721705, 0.6691870748113201, 0.27178606633365576, 0.8174451683275172, 0.4319050727807982, -0.4291129544048835, -0.698341016568328, 0.4518818056897201, -0.04853456711945005, -0.205603150032804, 0.12213265118178646, 0.7957075965093052, -0.30169397638929535, -0.5531949768199063, -0.68805780952827, 0.8427938552382559, 0.6049097721907, 0.3171851049985054, -0.4301612819800437, 0.02491233385310193, -0.9743117169522005, -0.25779799658489694, 0.49601935042851203, 0.5930979926328518, -0.9107806294558216, 0.7369599947898963, 0.6838111062062676, -0.22965940619394573, 0.44625242062743153, 0.7565287775448526, 0.2894764482583735, -0.11516017520757743, 0.3280780380937732, -0.6589989481780835, -0.6780819582168848, -0.0008740694093315945, -0.5622532008748187, -0.13322385509064474, -0.8424947601319195, -0.005646363852150019, -0.6755265559037116, 0.5330339621322394, -0.8572407523684603, -0.43340218150820137, -0.700546423119172, 0.20179458738235004, -0.2874599169817357, 0.7312511042186717, -0.3469557995540448, 0.8813769197315658, 0.2996211848664428, 0.9063036840140405, 0.12089412165424308]
1132.7355792057795	(8, 12, 2)	[-0.8831861944955057, -0.8727475012893942, -0.684195430749054, 1.1411429290162958, 0.15278737234212464, -0.1146147290125522, 0.8012927756390363, -0.4268442096948925, -0.1479555717403163, -0.11765547629198833, 0.44985953160906417, 0.9203125427661916, 0.37957309627875324, 0.4215167358533508, 0.8039287019682065, 0.5488030796254018, 0.8054159654659329, 0.7205525710034831, -0.5409726703321645, 0.7095730145226515, 0.13938021681419976, 0.15731095439128254, 0.48435142301560924, 0.8321142087137687, 0.16282866430400977, -1.0534389624314084, 0.07466308180339022, 0.3849253182862074, -0.40611688944163454, 0.22054120844420827, 0.09378099504596087, -0.1963660067494141, -0.12577591403940916, 0.05413814428776252, -0.18016639242885107, -0.034443722095039146, 0.29124468264384656, 0.7429882687671006, -0.6494736900026181, 0.8251045199837005, 0.4720385445600197, 0.4793680792870318, 0.09011187513955411, 0.5181282504316452, -0.4904256680493615, -0.5697455622303271, -0.20099511530071162, 0.08662657771323538, 0.739771249219544, -0.11313113065816924, 0.2409889006291565, 0.10716791168285995, 0.9272162243099505, -0.23607916567079335, 0.32149701181914, 0.026562371444367548, 0.21318279807292187, -0.7237049114907759, 0.9515980501140685, -0.7484010246954953, 0.07599617331584486, 0.13909066394835798, -0.9748772704800823, 0.09868653842401569, -0.21174583333058217, 0.7650267619874103, 0.5206855727954062, -0.06491379668870952, 0.669203246517748, 0.20616624883061252, 0.7739449799403932, 0.43162001958530827, -0.42909368799548137, -0.6739775197738631, 0.4255348494253004, -0.04487848105865066, -0.202132526846223, 0.11421751183988524, 0.7998994419142819, -0.3001524691679052, -0.5533141139948923, -0.6720538335377394, 0.843765303308096, 0.6048816093693559, 0.35904969179255763, -0.4344744479363684, 0.024745170701574386, -0.967351038820282, -0.25665561459641256, 0.5068329461251216, 0.5957588418889888, -0.9152392588829998, 0.736750128039814, 0.7002514316708419, -0.22981945052691888, 0.4487814435886962, 0.7639820044556468, 0.2933964114490835, -0.11696721374458016, 0.328256568103347, -0.6419104787479357, -0.6780528071383765, -0.0014234217625683668, -0.5617909966095683, -0.1452310873875715, -0.8434849791197214, -0.005506068905952332, -0.6755254257722277, 0.5330729977604654, -0.8546338510640208, -0.4329988114859769, -0.6910022691704534, 0.203265849365464, -0.2739553050149883, 0.7269323836006729, -0.3557412742137488, 0.8829552655448831, 0.2993191851199679, 0.9076064374503956, 0.1670068720298894]
1118.7761525677108	(8, 12, 2)	[-0.8662991578102351, -0.8745325369329561, -0.6901018004334849, 1.1449271485680834, 0.16147023723879267, -0.11540462137846909, 0.7909491801779835, -0.4274973423276499, -0.14642555795409634, -0.11788583189769584, 0.45150688534977884, 0.9238920746592683, 0.37032840073302187, 0.42144683227206714, 0.8036284924310232, 0.5487980797735178, 0.8053804840219799, 0.7331545712844197, -0.5394927010780372, 0.3970771706131924, 0.15099409871672645, 0.1589663316998937, 0.8639184413953485, 0.9012922733873845, 0.1610225169815242, -0.988531540098325, 0.05941168097465545, 0.39176851270352225, -0.3990883423046956, 0.2224367932187079, 0.048321897783002415, -0.1468118646593336, -0.11125147012529656, 0.06342937353844791, -0.18987628202323295, -0.02281121638734705, 0.3021127060933105, 0.7476639279463246, -0.6428601910389501, 0.8420270110613909, 0.3693146576390247, 0.4408606242788971, 0.10052623374581132, 0.5111003619514422, -0.5477302847797716, -0.7235163087716202, -0.20208424745368953, 0.08603993285645997, 0.7396054764228731, -0.10725290061850608, 0.2522468461445588, 0.10402955627296824, 0.9176697818823113, -0.26272240142305703, 0.3426927941405516, 0.030550952850646247, 0.22577044217856465, -0.7241382777115412, 0.946866971405428, -0.7489448940562033, 0.08774410924516687, 0.18789032773571213, -0.8710980389978064, 0.09869324191810577, -0.2114751515277603, 0.762770102015299, 0.5208236464051252, -0.0558501151757337, 0.6690776821398171, 0.20721035375327093, 0.7744338658158197, 0.4265548355770178, -0.4289214310764398, -0.6460187094151472, 0.5220792999665111, -0.04626876088017832, -0.23866381660839261, 0.2138990006527252, 0.7997939867124484, -0.38780848407972546, -0.5531450957075149, -0.6719190175097383, 0.7943902979675216, 0.5958696587952466, 0.36589601873037997, -0.43429091360710687, 0.017570951613324032, -0.9786042337609568, -0.24952542554478155, 0.5113781803987432, 0.5228145446053694, -0.9177096514354143, 0.7339687850482011, 0.7054791482046062, -0.22970595713204256, 0.4485002849500148, 0.7761265648276923, 0.2923838768420752, -0.11705830821053773, 0.32859105606811817, -0.6150714439592112, -0.7064933807414049, -0.003371196483734548, -0.5585695415129406, -0.05976424266180559, -0.8448250312505764, -0.005206923833748161, -0.6753670372260696, 0.5335036148997016, -0.8570383710763558, -0.43233142261135926, -0.6881776368028139, 0.18261921587179716, -0.2689205752818113, 0.7225388616131951, -0.36266277723418083, 0.916751801403803, 0.2979030875460376, 0.9089559127509143, 0.19525509343970088]
505.8908428518199	(8, 12, 2)	[-0.8689185277494741, -0.8838774534914801, -0.701857255563891, 1.1217975191952492, 0.11027105288874756, -0.13873128664931322, 0.7917995372093475, -0.4268927978220991, -0.1474423219526106, -0.14338521800718326, 0.46787160150802776, 0.9262457143876806, 0.4235653363568505, 0.45676955328936364, 0.8079179816466896, 0.5431720104955555, 0.8053771095194214, 0.6543180078041494, -0.5369568841785997, 0.4365236390618025, 0.25980258772115283, 0.16230720347252173, 0.8164558325696103, 0.8888838107577, 0.15996439807295387, -0.8933172324411717, 0.015120455230600016, 0.3288702672134672, -0.40696245686545895, 0.19565833939439917, 0.04514555495194043, -0.07162034674811606, -0.11409870661734582, -0.06342563643077273, -0.1939341587544146, 0.018099769486251877, 0.3348127733944905, 0.7411853227460979, -0.6459506078488976, 0.8548394901256905, 0.37389979443670834, 0.4092227338245526, 0.13291683110950164, 0.5082225201303615, -0.5290018708840557, -0.6027508246388984, -0.18734713065251585, 0.08699783171349214, 0.86268357089732, -0.09068543025485204, 0.2626340595810602, 0.09472409933349771, 0.9187054749474021, -0.2627764167574075, 0.3484296828549389, 0.050532856594267275, 0.26356801929096835, -0.6844228707245763, 1.0043776730309901, -0.7422444325505508, 0.0043972653378565344, 0.1588724846159072, -0.8700444594331243, 0.1644163954010599, -0.21112752602482165, 0.7758576370748079, 0.5209358096091643, -0.051087522637091154, 0.6788092012633681, 0.20532120906453055, 0.41525803811679063, 0.42247745802879494, -0.4291239894917351, -0.6877578861238747, 0.644592890742162, 0.0022280831191571655, -0.24699291109925858, 0.23839684694262087, 0.7987280111412861, -0.407950048833496, -0.547389653776851, -0.6714502958191619, 0.7907516895678275, 0.5786923862798613, 0.33263509953690756, -0.4318602681377959, 0.012951623877240049, -0.9624403108252546, -0.2631354376343788, 0.5385718034876359, 0.5534942226171633, -0.9184694659512124, 0.8207877107369896, 0.71183817019659, -0.2311794247880526, 0.46005832348552145, 0.7778272657396076, 0.3208800591779251, -0.12095945390951172, 0.33180152871676855, -0.6148463925011515, -0.7086178661944205, -0.007949884374830591, -0.5238037788373842, -0.05428163498149906, -0.8467993235324798, -0.0029990737313506707, -0.6747924602572214, 0.5343480966094142, -0.8705726474143904, -0.44475721320833095, -0.6871055213960638, 0.21793544883313068, -0.27467486760362303, 0.6774202280283386, -0.3807084664275725, 1.027366343288783, 0.29619555288865557, 0.910067028202895, 0.13468738278787754]
829.1857929775165	(8, 12, 2)	[-0.8682827024501675, -0.8899825553960092, -0.6700138758266864, 1.1299667840180518, 0.10380857341537361, -0.10065967974725354, 0.7909658135173779, -0.4218366122657982, -0.1452535262666017, -0.1184926197935065, 0.46353710145861154, 0.9239507473662124, 0.3820701781603502, 0.4746989260508298, 0.7933738189009846, 0.564375075112293, 0.8054330495258173, 0.6869308951590058, -0.5841627461794923, 0.5708350277555023, 0.14878759424680288, 0.16501457804884787, 0.5167374110532491, 0.8568651574796438, 0.16525099729084883, -0.9957158335567466, 0.07300091225589946, 0.36133780008432825, -0.40358755037366645, 0.22621032168236457, 0.07171496739106642, -0.21643717670722276, -0.12289558695141428, 0.07818929990101586, -0.18604257524731369, -0.018376906075716452, 0.3044343826663342, 0.735050319439639, -0.6408876247568095, 0.830285214373536, 0.4066126875469382, 0.49103202912462846, 0.10288170414934841, 0.5123499355640528, -0.49018997796127983, -0.5663331832371871, -0.19890290833094368, 0.08759776714247153, 0.7383012392214541, -0.14899336968764001, 0.2375042258944054, 0.10480792347487182, 0.9149177465497216, -0.2635996719970094, 0.330781307121267, 0.030632687816615673, 0.24283346721162039, -0.6833385676538369, 1.024560037320245, -0.7331896599885452, 0.040247968995205566, 0.18846597469990184, -0.8375349323303903, 0.10004607720592346, -0.21206727872743072, 0.7828508010750957, 0.5067205618487832, -0.06070579951274819, 0.6701518074042035, 0.23997230619411364, 0.7098417820515169, 0.4285800858401245, -0.4281747255695201, -0.7012711582895979, 0.5177381275589074, -0.19678595597323895, -0.2309010073728147, 0.11931670271893759, 0.7950470344132295, -0.3032991222805573, -0.5541558849802906, -0.6754670735778294, 0.8159457881146197, 0.5895066260795578, 0.31114402650101897, -0.43175864782674606, 0.02178928622239918, -0.968037707279603, -0.25867687020988617, 0.501538075062126, 0.4799375260571034, -0.9131708430020309, 0.7380411399137207, 0.7010907432455571, -0.23079501633509092, -0.26370668543488535, 0.7624901393890563, 0.319249487006777, -0.11523850308603463, 0.32805541550257483, -0.628716925234859, -0.6848277896337998, -0.0058472755913463815, -0.5840153401783174, -0.09938607680494625, -0.8459099433306679, -0.00558226605817107, -0.6757792974890554, 0.5332529364375653, -0.8585023130984264, -0.4414142055801129, -0.7123893052322374, 0.1969516356785698, -0.2814402795352579, 0.7379245303656892, -0.376765938974253, 0.8762890483345673, 0.3004537975806753, 0.9091751973296728, 0.1560578490789225]
703.6996441185986	(8, 12, 2)	[-0.8792761343983588, -0.8758586310322857, -0.6567684719486329, 1.1430191691482157, 0.14608409241680512, -0.11436898490503417, 0.796936792903253, -0.4239697663490885, -0.12528430295567178, -0.1177143055068207, 0.4474400084460684, 0.9167414039707501, 0.3753854900827499, 0.42127576855871796, 0.7994421117235724, 0.5488772844708838, 0.8048868435767808, 0.7192501150684816, -0.5802762178863103, 0.6982460890788634, 0.15129931586237033, 0.1748418794629262, 0.8610951594342626, 0.8769518653756987, 0.1620993673968455, -0.8607554061242815, 0.07628689352231109, 0.3738595857254912, -0.4014776798450187, 0.10991901605410191, 0.05912327676805338, -0.13407148812919095, -0.12143849548974964, 0.06905127318273996, -0.18270850748663023, 0.017877049947041725, 0.32228646118044646, 0.7457221395134062, -0.6257685192992513, 0.9065850816460049, 0.4084446507831819, 0.38540070779984076, 0.08364718764053575, 0.5149554977425227, -0.4575650306232302, -0.6231727361996907, -0.20570200848406248, 0.08305350647451615, 0.775087165887278, -0.11564346812684803, 0.21773268249297004, 0.10405146254974293, 0.91821078253442, -0.26047515323661075, 0.32331752766761745, 0.02964584461087994, 0.24574572502019504, -0.7017746693785718, 0.9604787269501331, -0.7490239056320156, 0.053623850078619625, 0.13631971956908165, -0.8412605950231774, 0.08154999978095387, -0.21174442246719086, 0.7711421704240183, 0.520680139717721, -0.054660150240166405, 0.6716485215192802, 0.25786653736677434, 0.7167781030161785, 0.4294843145941668, -0.47653397318155494, -0.6486286880065468, 0.46846660439682364, -0.04374414080310822, -0.21080529700379097, 0.1853556141696081, 0.799814796021727, -0.3313028728807616, -0.5505703095541133, -0.6751461768429338, 0.8477266304637704, 0.559504525980758, 0.3416557271590864, -0.44871520889579475, 0.023480297604210443, -0.9829581140440032, -0.3789645283831763, 0.5421077784084419, 0.582126557034656, -0.9190989937960558, 0.7348654094640654, 0.7040476176070138, -0.2296899273771811, 0.44949312338504915, 0.7787965012318541, 0.28879329666014614, -0.11679349239661674, 0.32828850975543733, -0.6306144279520227, -0.6778038592069744, -0.009608894226643364, -0.5615982368636383, -0.1333383711586691, -0.8425482267248846, -0.005387473514429168, -0.674746020742681, 0.5336392060418617, -0.860019254612907, -0.4378565931611537, -0.7015377986550937, 0.19394341012414693, -0.27092608547172053, 0.7251195292791517, -0.36623334208710506, 0.8989949103658981, 0.29925360879685364, 0.9262600688116427, 0.149244219967948]
1128.732159616796	(8, 12, 2)	[-0.8690636951528591, -0.8775556064617693, -0.7020199743327888, 1.1200380479001746, 0.13563715717928054, -0.1175223528707825, 0.7962640262889277, -0.4266830401626336, -0.1473150656163746, -0.11341742682415068, 0.4522999550725745, 0.9268111554685511, 0.40431984865477866, 0.40600811170474393, 0.808838061321974, 0.5445048273371337, 0.8055162427161205, 0.6539845004733624, -0.5521421977403641, 0.4777456658959719, 0.20783674943642, 0.157138861829152, 0.5052179681923172, 0.856014716666349, 0.15900116527635116, -0.9635122143491869, 0.05053246693075533, 0.3050186731430406, -0.399799666748543, 0.21286595354749738, 0.048531133563677185, -0.15741520738961712, -0.12177598496821902, 0.015552680510737035, -0.18483939354846135, -0.005921721318320963, 0.333634259370566, 0.7403178954163584, -0.6366242494890852, 0.8397579450384839, 0.40028160745989677, 0.4200061331292335, 0.09297579118391838, 0.5119980297676268, -0.5184979433467297, -0.5954205890168771, -0.1978448274124181, 0.08688749988430189, 0.8683897560189116, -0.11340293267744256, 0.24244421634431526, 0.10174535439840353, 0.921198072703291, -0.26568236879004403, 0.35153645816638057, 0.0505664305081414, 0.25156550847441356, -0.6739764441263723, 0.9588269102373251, -0.7447833596264138, 0.03867258684530794, 0.156483658187327, -0.9205748195954121, 0.15965775111274141, -0.25750476843022785, 0.7742828192603582, 0.5210363456557816, -0.061548076346665447, 0.6723183170358097, 0.212859212769284, 0.6530180494125569, 0.4152452706068768, -0.42911829156567927, -0.6887114001799548, 0.41573130132907743, -0.05072917919842875, -0.24908762097120768, 0.19943675464053057, 0.7970773273911168, -0.4125365863110896, -0.546464061392196, -0.6715707506279529, 0.7886802734051228, 0.6075973231615369, 0.3524032553211713, -0.43352398445988927, 0.019287711976201407, -0.8794363962776918, -0.26312616206965406, 0.5388531362237393, 0.5562925615811991, -0.9184161771259942, 0.802405377422597, 0.5948617686214729, -0.22948621950268963, 0.4459175043653628, 0.7757847700130118, 0.3161944280491423, -0.1161357154277039, 0.32775861701836395, -0.6198824048022716, -0.690473044245904, -0.0646481247429698, -0.5376321019671623, -0.0982998316560086, -0.8465689502059989, -0.004001031456055337, -0.6749779006828341, 0.5275035206791726, -0.8699915863481542, -0.4467347449585135, -0.6894410753679512, 0.2132653070965725, -0.2655366512759966, 0.6706259555129029, -0.37716031559110974, 1.0137207185409824, 0.2964686797015061, 0.9096568486041628, 0.15575868664372505]
1059.193280002624	(8, 12, 2)	[-0.87892642460733, -0.874895663045643, -0.6559558089269325, 1.1228200810008901, 0.15784122266965087, -0.11515550801385381, 0.7914053332614864, -0.4272298593774358, -0.12271782553208578, -0.11768863490610029, 0.47547513047978895, 0.9198541709533807, 0.37571988062308176, 0.41869962848501824, 0.7994183853070166, 0.568519230767179, 0.8051891303184604, 0.7246370324201612, -0.5495413571004184, 0.48835131464145554, 0.1630511836216226, 0.17583015172305735, 0.9236318129486634, 0.8995721466889888, 0.16276994404939688, -0.8438199910290344, 0.06650837095735462, 0.36891877793971545, -0.40628701372530623, 0.1093924091147152, 0.032783474813614606, -0.13483224198627303, -0.1212493317501647, 0.06769591528570269, -0.2797930715585159, 0.013808499468696587, 0.33203697957510747, 0.7499137513085498, -0.6463580964176369, 0.8858337064841509, 0.3822845239378004, 0.417590548999176, 0.08437460803035063, 0.5119634780008658, -0.5183345968710426, -0.632564655810426, -0.20447394070575764, 0.08754384404405344, 0.7443872947339296, -0.11625049400296134, 0.2232208296962734, 0.10543337801018915, 0.9192805920424255, -0.26100169262347545, 0.3260183127470206, 0.02978834901207968, 0.23169674624086659, -0.7095098134463028, 0.9550049330022361, -0.7489074970129688, 0.052585942943095945, 0.19880414652538927, -0.8334998043677186, 0.08322470506831092, -0.21169706351450698, 0.7714580786023112, 0.5198929035539284, -0.055857547011552273, 0.6746668586706138, 0.2581089263835348, 0.7689609509996507, 0.42708530272155576, -0.43330727626802695, -0.6836039598352828, 0.4651653403288504, 0.11007489500450882, -0.2771490705077072, 0.1956737684184524, 0.8023723282439335, -0.31502389885358983, -0.5486577176533222, -0.7018247443541402, 0.8388371310284662, 0.6072232273346976, 0.33613240687697266, -0.4463245236415036, 0.024209819716387082, -0.981345864279822, -0.369948501129399, 0.5419912812889075, 0.5234577921905997, -0.9182433582776909, 0.7354270534303119, 0.7029142943881614, -0.22973771189711323, 0.40012042525076297, 0.7750551946195664, 0.28755733282124885, -0.11627899445166857, 0.32817309033619924, -0.6246584672078231, -0.6903359511172619, 0.005156478278137535, -0.5622105237553723, -0.06945756960517999, -0.8449878379974707, -0.005397991511793814, -0.6754583198768954, 0.5327378434861565, -0.8600198048510621, -0.4355142026660002, -0.7043405559614202, 0.29600411526514137, -0.2706083162970581, 0.7251493838601298, -0.3586186877284794, 0.9051946702408691, 0.2794431861909484, 0.9208698135951511, 0.1441412467096558]
678.6852430298229	(8, 12, 2)	[-0.87892642460733, -0.874895663045643, -0.6559558089269325, 1.1228200810008901, 0.15784122266965087, -0.11515550801385381, 0.7914053332614864, -0.4272298593774358, -0.12271782553208578, -0.11768863490610029, 0.47547513047978895, 0.9198541709533807, 0.37571988062308176, 0.41869962848501824, 0.7994183853070166, 0.568519230767179, 0.8051891303184604, 0.7246370324201612, -0.5495413571004184, 0.48835131464145554, 0.1630511836216226, 0.17583015172305735, 0.9236318129486634, 0.8995721466889888, 0.16276994404939688, -0.8438199910290344, 0.06650837095735462, 0.36891877793971545, -0.40628701372530623, 0.1093924091147152, 0.032783474813614606, -0.13483224198627303, -0.1212493317501647, 0.06769591528570269, -0.2797930715585159, 0.013808499468696587, 0.33203697957510747, 0.7499137513085498, -0.6463580964176369, 0.8858337064841509, 0.3822845239378004, 0.417590548999176, 0.08437460803035063, 0.5119634780008658, -0.5183345968710426, -0.632564655810426, -0.20447394070575764, 0.08754384404405344, 0.7443872947339296, -0.11625049400296134, 0.2232208296962734, 0.10543337801018915, 0.9192805920424255, -0.26100169262347545, 0.3260183127470206, 0.02978834901207968, 0.23169674624086659, -0.7095098134463028, 0.9550049330022361, -0.7489074970129688, 0.052585942943095945, 0.19880414652538927, -0.8334998043677186, 0.08322470506831092, -0.21169706351450698, 0.7714580786023112, 0.5198929035539284, -0.055857547011552273, 0.6746668586706138, 0.19199891921283196, 0.7689609509996507, 0.42708530272155576, -0.43330727626802695, -0.6836039598352828, 0.4651653403288504, 0.11007489500450882, -0.2771490705077072, 0.1956737684184524, 0.8023723282439335, -0.31502389885358983, -0.5486577176533222, -0.7018247443541402, 0.8388371310284662, 0.6072232273346976, 0.33613240687697266, -0.4463245236415036, 0.024209819716387082, -0.981345864279822, -0.369948501129399, 0.5419912812889075, 0.5234577921905997, -0.9182433582776909, 0.7354270534303119, 0.7029142943881614, -0.22973771189711323, 0.40012042525076297, 0.7750551946195664, 0.28755733282124885, -0.11627899445166857, 0.32817309033619924, -0.6246584672078231, -0.6903359511172619, 0.005156478278137535, -0.5622105237553723, -0.06945756960517999, -0.8449878379974707, -0.005397991511793814, -0.6754583198768954, 0.5327378434861565, -0.8600198048510621, -0.4355142026660002, -0.7043405559614202, 0.29600411526514137, -0.2706083162970581, 0.7251493838601298, -0.3586186877284794, 0.9051946702408691, 0.2794431861909484, 0.9208698135951511, 0.1441412467096558]
771.4703965962981	(8, 12, 2)	[-0.8505768690752251, -0.8756557722938729, -0.7066063386212097, 1.130372648942311, 0.12800012848256828, -0.1190024398847796, 0.7993850853505712, -0.42400937669728933, -0.1375805643397116, -0.11800924298281715, 0.4493695162730448, 0.9182652427468723, 0.378519832618371, 0.42435581316251186, 0.795851131813431, 0.5514645542686776, 0.804912960524291, 0.7131215259879752, -0.5786068534965305, 0.6459981365853242, 0.15906127883891355, 0.17698922621499247, 0.747876900637797, 0.8595375993319095, 0.16265694735234534, -1.034413521715251, 0.11918299749759786, 0.4102608813919243, -0.34954205559587326, 0.15672166838483725, 0.05230441481053852, -0.13398734400674608, -0.07653076406899757, 0.06765606984670329, -0.1825649583944601, 0.016923221249351687, 0.34186623432245195, 0.7422672011628255, -0.6269556608077572, 0.8411876475174628, 0.41160032898087245, 0.4664434870279465, 0.1561856788670481, 0.5144518463948313, -0.4575122279475293, -0.5682928883708376, -0.2031814871003849, 0.0828687971213224, 0.733389921783133, -0.1159618914312149, 0.2196983980904165, 0.35941620961574816, 0.9288023020161259, -0.2599234107093369, 0.2577504947399035, 0.06520965044896075, 0.244006793767781, -0.6994047819089086, 0.9536266327798625, -0.7490392793155616, 0.029139055361397107, 0.13363277471798446, -0.8828790845190115, 0.10068933832516555, -0.13064837768551008, 0.8809309244570974, 0.5210060215361694, -0.05408210228875825, 0.6717202285625664, 0.21111627364067898, 0.7274181443604243, 0.4302955090177581, -0.47061953046130794, -0.6483975624548644, 0.47549323853277914, -0.03949723593372541, -0.20970199110176735, 0.14676922689878144, 0.8017420174940094, -0.3267353022385202, -0.5497699337945743, -0.6764209026506776, 0.8467188015822238, 0.5641217162927052, 0.3432974915834715, -0.46913778353196567, 0.019015867463295495, -0.9677786677757068, -0.34553413223412605, 0.5283402024607334, 0.5855373244534806, -0.9182037324474793, 0.8346715390852204, 0.7022194883722023, -0.22972852291780108, 0.4583704312992641, 0.7692496301618974, 0.28943587571466245, -0.11678198568729095, 0.3281766817511505, -0.6303023378181026, -0.6777612330031091, -0.009761073037620006, -0.5423352987092738, -0.13122324443696776, -0.8646273942834432, -0.005486236765442543, -0.6750077538239676, 0.49625087001556056, -0.8531205482956651, -0.4360910610631461, -0.6988060383686581, 0.19484661791208507, -0.27895096838467454, 0.7250449393647822, -0.36179412649640363, 0.8919701812251358, 0.2988342540555324, 0.9120697578967754, 0.15020526612217994]
865.2437720059303	(8, 12, 2)	[-0.87892642460733, -0.874895663045643, -0.6559558089269325, 1.1228200810008901, 0.15784122266965087, -0.11515550801385381, 0.7914053332614864, -0.4272298593774358, -0.12271782553208578, -0.11768863490610029, 0.47547513047978895, 0.9198541709533807, 0.37571988062308176, 0.41869962848501824, 0.7994183853070166, 0.568519230767179, 0.8051891303184604, 0.7246370324201612, -0.5495413571004184, 0.48835131464145554, 0.1630511836216226, 0.17583015172305735, 0.9236318129486634, 0.8995721466889888, 0.16276994404939688, -0.8438199910290344, 0.06650837095735462, 0.36891877793971545, -0.40628701372530623, 0.1093924091147152, 0.032783474813614606, -0.13483224198627303, -0.1212493317501647, 0.06769591528570269, -0.2797930715585159, 0.013808499468696587, 0.33203697957510747, 0.7499137513085498, -0.6463580964176369, 0.8858337064841509, 0.3822845239378004, 0.417590548999176, 0.08437460803035063, 0.5119634780008658, -0.5183345968710426, -0.632564655810426, -0.20447394070575764, 0.08754384404405344, 0.7443872947339296, -0.11625049400296134, 0.2232208296962734, 0.10543337801018915, 0.9192805920424255, -0.26100169262347545, 0.3260183127470206, 0.02978834901207968, 0.23169674624086659, -0.7095098134463028, 0.9550049330022361, -0.7489074970129688, 0.052585942943095945, 0.19880414652538927, -0.8334998043677186, 0.08322470506831092, -0.21169706351450698, 0.7714580786023112, 0.5198929035539284, -0.055857547011552273, 0.6746668586706138, 0.19199891921283196, 0.7689609509996507, 0.42708530272155576, -0.43330727626802695, -0.6836039598352828, 0.4651653403288504, 0.11007489500450882, -0.2771490705077072, 0.1956737684184524, 0.8023723282439335, -0.31502389885358983, -0.5486577176533222, -0.7018247443541402, 0.8388371310284662, 0.6072232273346976, 0.33613240687697266, -0.4463245236415036, 0.024209819716387082, -0.981345864279822, -0.369948501129399, 0.5419912812889075, 0.5234577921905997, -0.9182433582776909, 0.7354270534303119, 0.7029142943881614, -0.22973771189711323, 0.40012042525076297, 0.7750551946195664, 0.28755733282124885, -0.11627899445166857, 0.32817309033619924, -0.6246584672078231, -0.6903359511172619, 0.005156478278137535, -0.5622105237553723, -0.06945756960517999, -0.8449878379974707, -0.005397991511793814, -0.6754583198768954, 0.5327378434861565, -0.8600198048510621, -0.4355142026660002, -0.7043405559614202, 0.29600411526514137, -0.2706083162970581, 0.7251493838601298, -0.3586186877284794, 0.9051946702408691, 0.2794431861909484, 0.9208698135951511, 0.1441412467096558]
509.76644950286044	(8, 12, 2)	[-0.8781183231977474, -0.8748692832401495, -0.6613931454995591, 1.122770908041156, 0.15448421503580775, -0.1152166425037603, 0.7978256954329943, -0.4246055849531891, -0.1232533631687382, -0.1176945841410623, 0.4550269176803135, 0.9196254819096698, 0.3755701727112652, 0.41805489073029906, 0.7994639656100405, 0.5658534935332873, 0.8052072084771115, 0.8158776850518209, -0.5496346469647637, 0.4570271118901671, 0.16540238595372445, 0.16369802706675488, 0.9068617101748176, 0.9057816722296348, 0.4660312105238369, -0.8107998566502389, 0.06638780772984862, 0.3723815276151309, -0.48356741060421066, 0.18846053495647963, 0.03606942513712413, -0.14789613655774794, -0.12093811429207857, 0.06371758891483785, 0.015329456840035116, 0.012726590055786215, 0.33499688218517787, 0.7491560101109476, -0.6447898307597548, 0.8751440420498642, 0.39466382939191286, 0.4154215566376465, 0.08421724802642427, 0.5119909743445233, -0.5255979960120226, -0.6323595364622214, -0.20366271995535035, 0.08749991154164834, 0.7444419486707959, -0.11712736588246617, 0.22346483914128729, 0.10508443276457102, 0.9193682112701483, -0.26402428560218355, 0.3261665322311295, 0.029934808875771074, 0.23168945109716302, -0.709077402934492, 0.9549929260254992, -0.7473725675657662, 0.06283878399210688, 0.18365625770905455, -0.8405514116830329, 0.08486195916466244, -0.21167161048387112, 0.7823064404550473, 0.520325291359416, -0.06070345494746916, 0.6689881435424945, 0.21752729188499392, 0.7755069914016066, 0.4269771586068225, -0.43223351300629015, -0.6646351706594881, 0.46740922948373054, -0.09395726187257929, -0.19858923877518653, 0.16249849815054074, 0.8024565747211275, -0.3350166642794802, -0.5493362246020237, -0.7017547517585198, 0.8353341663858762, 0.6014357369411248, 0.3371691381415045, -0.4460555969320216, 0.024483192870133216, -0.9707339533083538, -0.3562203826680365, 0.542477319235118, 0.5128017811191188, -0.9173952645363884, 0.735417602996894, 0.7012360843419345, -0.22897538898310968, 0.39587813024570967, 0.7752505497854517, 0.2883489706890001, -0.1162872537251831, 0.32843353201128067, -0.6247742666760943, -0.6886377744243659, 0.0016121342479607074, -0.6295945187253696, -0.06526012590636077, -0.8473140485094036, -0.005220275693169818, -0.6754609391574538, 0.5327298381529322, -0.857932966912736, -0.43480786348634715, -0.7044531571190921, 0.30294510842594946, -0.28338388729729874, 0.7254030030402266, -0.35724946602329266, 0.8641779803848325, 0.28418931507752154, 0.9214370554030431, 0.143660594920554]
829.1248493212546	(8, 12, 2)	[-0.8360764833909007, -0.8794183167693759, -0.6897382438901962, 1.144874573741469, 0.1480991526555913, -0.11326952817141601, 0.7984315649947119, -0.43291320664118066, -0.13291847993316708, -0.11714054067673114, 0.39899256015296003, 0.9189911069814823, 0.3924651963466552, 0.4205992186788592, 0.8032366816183197, 0.5751560047604607, 0.804916698331917, 0.7113845948316895, -0.5732272820714106, 0.6922278347471579, 0.15760476999628376, 0.17284021268821406, 0.7033525548836265, 0.8664340222706752, 0.16235191985636374, -1.0051756277670234, 0.058928083792399985, 0.33163656731427427, -0.3997519584871229, 0.22361336808158497, 0.04348817583241287, -0.1454100456619095, -0.12184427714363402, 0.07161324377263256, -0.2905317787551499, -0.0080816872137313, 0.31800295426931685, 0.7451336646264828, -0.633900896356432, 0.8984470628878403, 0.40842653675528084, 0.4889421012154467, 0.13249686030134597, 0.5099677588983808, -0.45535783265255037, -0.6433728260199897, -0.20434148037962302, 0.08205282865013784, 0.7320573846119874, -0.11228376398188354, 0.23584102525439188, 0.1038350726371031, 0.9178784912207038, -0.29356097077458754, 0.3475635072808069, 0.03449032414370456, 0.3091935351683914, -0.7616632170486514, 0.8701025500246581, -0.7481782410090797, -0.057248957200702305, 0.22125750255316262, -0.8450825682749138, 0.06521200220947974, -0.21152382885842755, 0.7117378930063043, 0.4632874898843239, -0.05316109856144315, 0.6715311855968578, 0.2620009821085994, 0.7033961321903442, 0.42901028451474527, -0.43765117798003533, -0.6806740159979562, 0.3616600179307168, -0.020463984889520226, -0.6437154543776706, 0.1889233736611585, 0.8055838369961564, -0.3117135854896037, -0.5492237477078129, -0.6808269452188349, 0.7843862185421466, 0.5800998216014919, 0.34227403674819057, -0.4359875431265566, 0.024249303286035376, -0.9829689342054285, -0.2500728242450164, 0.537681163959968, 0.5787572243639081, -0.9078386651612416, 0.7258139524626809, 0.704412736280691, -0.2296518635068387, 0.4045947774124071, 0.7733654258488862, 0.29834795741830555, -0.12555667925962768, 0.3279301601010312, -0.6241528953632463, -0.6775593904856614, 0.003425868008673727, -0.5513368325299052, -0.13442908461535527, -0.8460437979526189, -0.00541668798655979, -0.6742350425752129, 0.5339289301603801, -0.864357425391133, -0.43698219850885134, -0.7613530776857951, 0.22709293046139534, -0.27038483238336414, 0.6859643822740004, -0.343815474472638, 0.9151071547003491, 0.28343934597556464, 0.9211349492015894, 0.15435168782350064]
788.341111015417	(8, 12, 2)	[-0.8538686747247262, -0.8740571886022778, -0.6536201942832155, 1.132315144539515, 0.15756525158239132, -0.11508604598375298, 0.7942885056461885, -0.4268271991049541, -0.13136538549520813, -0.11743466365315483, 0.47438044458736733, 0.9208103979608621, 0.3791260318938836, 0.42148110916296083, 0.7406372040521426, 0.5678982590719835, 0.8052491244751855, 0.7240311696476674, -0.5447288573043588, 0.476414330545595, 0.16631428202109863, 0.17581019022732108, 0.9417805561153216, 0.8925552993540231, 0.1627691834569565, -0.8410609934314469, 0.06850768933486559, 0.3455442836731762, -0.4200530349719651, 0.17067720353404983, 0.03231289507030118, -0.1365138645971814, -0.12086428211377656, 0.06892326448671057, -0.2792825772994765, 0.013822017652293855, 0.3278471275983443, 0.7477989772915266, -0.6410207916756887, 0.8840049128318308, 0.3758053388046586, 0.4137551781388058, 0.08064760590429502, 0.5125927992141557, -0.4909136853516252, -0.6362980117591625, -0.20430685912687382, 0.08857853595608067, 0.7382983374598079, -0.1180240991838819, 0.22993221411844056, 0.10436096556879146, 0.9185169091075772, -0.26088448959122806, 0.33294212015364766, 0.029079620057099523, 0.25954733795061025, -0.7067301005870217, 0.8915458557635183, -0.7488390497789457, 0.048600909962988104, 0.19039982740516906, -0.8379236348316041, 0.07533131362912343, -0.2117022773591543, 0.7618559971001229, 0.5184169036437442, -0.05320085647635201, 0.6738492076066832, 0.19756547342107472, 0.7698126835815512, 0.42670229075468874, -0.43542972093970356, -0.6827415671134625, 0.46548590163347076, 0.10081555304308754, -0.5782480948961791, 0.2094344340519211, 0.8015629453718385, -0.3201369783211763, -0.5486392921263696, -0.7017629063603428, 0.813863653484881, 0.5994594040801104, 0.3348861303201085, -0.446123903095226, 0.023417418898368413, -0.9779884521414863, -0.24483363361838908, 0.5441445330038585, 0.5570533995748517, -0.9113667913718223, 0.7522160327222452, 0.7011659481811667, 0.017009003557098668, 0.4432298847847906, 0.7652207842792625, 0.29143031499973715, -0.11993800541289693, 0.32813909231932276, -0.6241277635904854, -0.6869030413475121, -0.006320276957947694, -0.5612185349917509, -0.06725267388496678, -0.8456454992313852, -0.005585921738960099, -0.675455295085696, 0.5331331692892181, -0.8631244400584732, -0.4364803223158774, -0.7013565437361552, 0.2799596919027605, -0.2717301541754039, 0.6770110691895613, -0.36550351353053573, 0.9049608520947423, 0.2865467194634245, 0.9196375562595778, 0.14689487510890994]
624.2071459786684	(8, 12, 2)	[-0.8660405319337847, -0.8804186525822524, -0.6646235091081878, 1.1298375025731147, 0.1564668862183266, -0.11605422160908431, 0.7980648539857493, -0.4257105918999196, -0.12983822447748541, -0.11586020843584482, 0.47312670839590176, 0.9206560432973389, 0.37668166670864994, 0.41978180020061406, 0.8003197606877397, 0.5546766278325638, 0.8051128684112985, 0.710579938115611, -0.5557803068524465, 0.6013694972018556, 0.2732117673069641, 0.17977549142671798, 0.3074777592672543, 0.9167446055659619, 0.1382193397591395, -0.8771864803035828, 0.08749166126801025, 0.3485924934730693, -0.4125314551961802, 0.14983023134209641, 0.04440452782203998, -0.13591403450848202, -0.12358945972831185, 0.06667996383846662, -0.15232984098664515, 0.008162226598733842, 0.33241912659073425, 0.750089390665797, -0.6282854361483559, 0.8868872244978162, 0.4244939145682639, 0.41796281907117977, 0.10796296565823231, 0.5418405132997497, -0.48849066248905637, -0.6163407583755119, -0.2042224088905558, 0.08580257080889317, 0.7778493658782553, -0.1176407028521847, 0.20795970238456418, 0.11396099514800337, 0.9215841501064328, -0.26415620116843475, 0.31754596800668816, 0.029960773791896787, 0.24339742334498732, -0.6964975418789081, 0.9563621937539918, -0.7442761093102518, 0.06399823407289808, 0.1463749987140118, -0.8583403370968186, 0.0901336369319077, -0.17488994054377816, 0.7624541066376237, 0.5205754441216054, -0.05481112462168404, 0.6686453088392654, 0.2041126116557869, 0.8441447195171086, 0.4276357776288351, -0.43644614521590264, -0.6724527042558435, 0.4672819879470681, 0.029731971475713367, -0.21429526354308298, 0.14847267088041316, 0.8019080992897434, -0.3339405151273423, -0.5551042848578734, -0.679065654603734, 0.8415456394664456, 0.548761675352637, 0.34855387090404233, -0.44729145386685093, 0.02164532083371369, -0.9382923216743247, -0.35637451205048787, 0.5359951180289174, 0.5229569867663652, -0.9173548800101953, 0.7609323444731304, 0.7113113203220367, -0.23774607287268756, 0.4139612159351687, 0.7739099090446857, 0.2888219386399623, -0.11682331989642065, 0.3282187984744243, -0.6299366070614435, -0.6868399115940398, -0.0016652545896284944, -0.5477334044225023, -0.18706887386943777, -0.8466078142894136, -0.005236882522851882, -0.6753469442332827, 0.5162667132221218, -0.8531444805205289, -0.43586742328536393, -0.7021333664126234, 0.22842877713928986, -0.27200867162946923, 0.7079383367010481, -0.3611910096760787, 0.9059173803475593, 0.30366824924455127, 0.9200152654908903, 0.14641611583699848]
819.852756889296	(8, 12, 2)	[-0.8492188815751902, -0.875959852585882, -0.6808015646860887, 1.130215366516002, 0.14642660521838607, -0.1168770859485429, 0.7949785286423048, -0.43225370527115864, -0.13383917696645628, -0.11905283724119584, 0.39833352407219114, 0.9184387762819068, 0.36767418083432096, 0.4280864889907574, 0.7999789672314105, 0.5515770873290012, 0.8051009778682043, 0.7125455676776167, -0.5750036178590321, 0.5878530710978214, 0.15555464813956152, 0.18560415998225724, 0.674510038952036, 0.8575840374364966, 0.2134859963966011, -1.0583783672993015, 0.08685721432437127, 0.3639168957025093, -0.4076259208661188, 0.1900085653887789, 0.0524525871854261, -0.12628942370791385, -0.09076477808450131, 0.07012901681427672, -0.1707060036737954, -0.001831300985337573, 0.3460740090012654, 0.7425078997868372, -0.635850081574295, 0.855001331258121, 0.3938226808240111, 0.46590312282526464, 0.16117256675247818, 0.5124057383574826, -0.5380621879415698, -0.5573188723028518, -0.1995062429955149, 0.0826401725301153, 0.7356743272027335, -0.11601961387351577, 0.23592333896214493, 0.0647043695413906, 0.9276342777501925, -0.2635685949523932, 0.3211864473244269, 0.057262037695313434, 0.22584358598964505, -0.7168305092119873, 0.9496724007390197, -0.7490835574718558, 0.057153002738287495, 0.1416271146677504, -0.8784555628426491, 0.10082314878881884, -0.19105724925495476, 0.7598056724630706, 0.5228756628537483, -0.060452764136715194, 0.6710801820197477, 0.21574244943691123, 0.7076299324698292, 0.42384273798032024, -0.4404010738812202, -0.6977589046349464, 0.43680609257214364, -0.006774195039004359, -0.20908888450444302, 0.1758113534317673, 0.8033986934717544, -0.31775038547384277, -0.5497457690660287, -0.6797089709133252, 0.8441820943104418, 0.5585395514572037, 0.34404673794147933, -0.4536372441542127, 0.02685652346556453, -0.9679255968405858, -0.3320468761684189, 0.5293321771562958, 0.5606808036265635, -0.9171086065752097, 0.8803630731566893, 0.7023598648802157, -0.2295999059605218, 0.4238277304688451, 0.7712968428262184, 0.2893742479149975, -0.12005803096048612, 0.32812216922062265, -0.6288941099427902, -0.6918367131288783, -0.008138935441752048, -0.5458673064717652, -0.1020903694240948, -0.8464845967561028, -0.005760623278167591, -0.677755551082594, 0.49825802090241794, -0.8514464990163372, -0.43710201823636524, -0.6928467461714716, 0.19577268248098256, -0.26818760292369287, 0.7039334078035916, -0.361312222040703, 0.9084895450330749, 0.30067913377224936, 0.91474582065684, 0.14961715039492457]
728.447859870648	(8, 12, 2)	[-0.8492188815751902, -0.875959852585882, -0.6808015646860887, 1.130215366516002, 0.14642660521838607, -0.1168770859485429, 0.7949785286423048, -0.43225370527115864, -0.13383917696645628, -0.11905283724119584, 0.39833352407219114, 0.9184387762819068, 0.36767418083432096, 0.4280864889907574, 0.7999789672314105, 0.5515770873290012, 0.8051009778682043, 0.7125455676776167, -0.5750036178590321, 0.5878530710978214, 0.15555464813956152, 0.18560415998225724, 0.6349018878375875, 0.8575840374364966, 0.2134859963966011, -1.0583783672993015, 0.08685721432437127, 0.3639168957025093, -0.4076259208661188, 0.1900085653887789, 0.0524525871854261, -0.12628942370791385, -0.09076477808450131, 0.07012901681427672, -0.1707060036737954, -0.001831300985337573, 0.3460740090012654, 0.7425078997868372, -0.635850081574295, 0.855001331258121, 0.3938226808240111, 0.46590312282526464, 0.16117256675247818, 0.5124057383574826, -0.5380621879415698, -0.5573188723028518, -0.1995062429955149, 0.0826401725301153, 0.7356743272027335, -0.11601961387351577, 0.23592333896214493, 0.0647043695413906, 0.9276342777501925, -0.2635685949523932, 0.3211864473244269, 0.057262037695313434, 0.22584358598964505, -0.7168305092119873, 0.9496724007390197, -0.7490835574718558, 0.057153002738287495, 0.1416271146677504, -0.8784555628426491, 0.10082314878881884, -0.19105724925495476, 0.7598056724630706, 0.5228756628537483, -0.060452764136715194, 0.6710801820197477, 0.21574244943691123, 0.7076299324698292, 0.42384273798032024, -0.4404010738812202, -0.6977589046349464, 0.43680609257214364, -0.006774195039004359, -0.20908888450444302, 0.1758113534317673, 0.8033986934717544, -0.31775038547384277, -0.5497457690660287, -0.6797089709133252, 0.8441820943104418, 0.5585395514572037, 0.34404673794147933, -0.4536372441542127, 0.02685652346556453, -0.9679255968405858, -0.3320468761684189, 0.5293321771562958, 0.5606808036265635, -0.9171086065752097, 0.8803630731566893, 0.7023598648802157, -0.2295999059605218, 0.4238277304688451, 0.7712968428262184, 0.2893742479149975, -0.12005803096048612, 0.32812216922062265, -0.6288941099427902, -0.6918367131288783, -0.008138935441752048, -0.5458673064717652, -0.1020903694240948, -0.8464845967561028, -0.005760623278167591, -0.677755551082594, 0.49825802090241794, -0.8514464990163372, -0.43710201823636524, -0.6928467461714716, 0.19577268248098256, -0.26818760292369287, 0.7039334078035916, -0.361312222040703, 0.9084895450330749, 0.30067913377224936, 0.91474582065684, 0.14961715039492457]
649.0699138494609	(8, 12, 2)	[-0.8492188815751902, -0.875959852585882, -0.6808015646860887, 1.130215366516002, 0.22437046143664413, -0.1168770859485429, 0.7949785286423048, -0.43225370527115864, -0.13383917696645628, -0.11905283724119584, 0.39833352407219114, 0.9184387762819068, 0.36767418083432096, 0.4280864889907574, 0.7999789672314105, 0.5515770873290012, 0.8051009778682043, 0.7125455676776167, -0.5750036178590321, 0.5878530710978214, 0.15555464813956152, 0.18560415998225724, 0.674510038952036, 0.8575840374364966, 0.2134859963966011, -1.0583783672993015, 0.08685721432437127, 0.3639168957025093, -0.4076259208661188, 0.1900085653887789, 0.0524525871854261, -0.12628942370791385, -0.09076477808450131, 0.07012901681427672, -0.1707060036737954, -0.001831300985337573, 0.3460740090012654, 0.7425078997868372, -0.635850081574295, 0.855001331258121, 0.3938226808240111, 0.46590312282526464, 0.16117256675247818, 0.5124057383574826, -0.5380621879415698, -0.5573188723028518, -0.1995062429955149, 0.0826401725301153, 0.7356743272027335, -0.11601961387351577, 0.23592333896214493, 0.0647043695413906, 0.9276342777501925, -0.2635685949523932, 0.3211864473244269, 0.057262037695313434, 0.22584358598964505, -0.7168305092119873, 0.9496724007390197, -0.7490835574718558, 0.057153002738287495, 0.1416271146677504, -0.8784555628426491, 0.10082314878881884, -0.19105724925495476, 0.7598056724630706, 0.5228756628537483, -0.060452764136715194, 0.6710801820197477, 0.21574244943691123, 0.7076299324698292, 0.42384273798032024, -0.4404010738812202, -0.6977589046349464, 0.43680609257214364, -0.006774195039004359, -0.20908888450444302, 0.1758113534317673, 0.8033986934717544, -0.31775038547384277, -0.5497457690660287, -0.6797089709133252, 0.8441820943104418, 0.5585395514572037, 0.34404673794147933, -0.4536372441542127, 0.02685652346556453, -0.9679255968405858, -0.3320468761684189, 0.5293321771562958, 0.5606808036265635, -0.9171086065752097, 0.8803630731566893, 0.7023598648802157, -0.2295999059605218, 0.4238277304688451, 0.7712968428262184, 0.2893742479149975, -0.12005803096048612, 0.32812216922062265, -0.6288941099427902, -0.6918367131288783, -0.008138935441752048, -0.5458673064717652, -0.1020903694240948, -0.8464845967561028, -0.005760623278167591, -0.677755551082594, 0.49825802090241794, -0.8514464990163372, -0.43710201823636524, -0.6928467461714716, 0.19577268248098256, -0.26818760292369287, 0.7039334078035916, -0.361312222040703, 0.9084895450330749, 0.30067913377224936, 0.91474582065684, 0.14961715039492457]
733.7111773043275	(8, 12, 2)	[-0.7762371073716088, -0.878058051783943, -0.5336433122637276, 1.130851986182421, 0.1488863904979267, -0.1163977082625864, 0.7955034948919547, -0.43121039301359493, -0.13164217218916036, -0.11796282160099063, 0.6607823253644842, 0.9203977991247199, 0.371853922049942, 0.554351512292327, 0.8010843778387606, 0.5532837877548534, 0.8049609547724642, 0.7124866130129772, -0.5765892847241663, 0.5818040337553999, 0.1643881733483872, 0.17068295900606478, 0.46189204607283224, 0.849072965304973, 0.15044793624924785, -0.8996384322687447, 0.07923633378036246, 0.3539292072899195, -0.40845611182266933, 0.2006223164540964, 0.053321395275651086, -0.12761456376115787, -0.0841943751648143, 0.06861463168186571, -0.20275585002200838, -0.04132334779355706, 0.31269588739167825, 0.7436511237099326, -0.630337438121462, 0.8432450478937592, 0.41473805605896713, 0.48865574958211117, 0.13931036510507286, 0.5117957229755087, -0.48897912014124467, -0.6371821303518729, -0.20297629347398613, 0.08584880120202691, 0.7281766360290501, -0.11528400480102595, 0.20051180023371754, 0.057244253538373334, 0.9195455794308868, -0.33778638933992267, 0.32465123776092764, 0.06269705495801484, 0.3291418373534721, -0.7166907757779016, 0.9570324388107081, -0.7442034642163661, 0.05562494699670221, 0.25251631675414127, -0.8676357606872183, 0.10239376798963076, -0.19083403156265766, 0.780213732945625, 0.5221350012869745, 0.2588937772167575, 0.6692053331290826, 0.22079901524290374, 0.7083775888593827, 0.42869134602995157, -0.4353868920240616, -0.6767237487995313, 0.43585830233152845, 0.006950069651178115, -0.261919679131611, 0.17323072301119471, 0.8034648373724452, -0.30985333745221566, -0.5491829994247212, -0.6795225844013868, 0.8562293885841222, 0.5595613577940848, 0.34432104135763225, -0.4466025373995323, 0.025743092426522236, -1.026248656058518, -0.33187742534431813, 0.5317313102639787, 0.5367366565927604, -0.9174639420806955, 0.7558313122713693, 0.7088809045587484, -0.23125953992622877, 0.4289849428148798, 0.7718082456352242, 0.2894040634990665, -0.12001959377102558, 0.3280364780333545, -0.6289662045564764, -0.6917410098226267, -0.009209771733972253, -0.5614551366733336, -0.1631046966982899, -0.8458710083043436, -0.005653293550067444, -0.6764355950743076, 0.4978073807968038, -0.8516099719302247, -0.4356851589808991, -0.6959272691373141, 0.2377203944917584, -0.26786352309592015, 0.7021055865402677, -0.35280114862452777, 0.899756100385111, 0.2945226742217789, 0.9202509066032685, 0.15330268792745796]
1153.322309663837	(8, 12, 2)	[-0.8456779031602655, -0.875993058665715, -0.6885381356818413, 1.1306996282230668, 0.14602172183555992, -0.10863547738887724, 0.7949630176447623, -0.4318517322278995, -0.1337475902591983, -0.11737235464411187, 0.42609493280594474, 0.9196329723441371, 0.370246294187426, 0.42171517776126133, 0.8016080235904767, 0.5540844660391078, 0.8051427624012343, 0.7131648844482656, -0.5707767677411176, 0.579002366421521, 0.1512583867940055, 0.17902661842078407, 0.681228357815125, 0.861902542362004, 0.1781756276633176, -0.9781243326114555, 0.057196603658591735, 0.3716529246103769, -0.4080227280472668, 0.15011851442297056, 0.05227890486244967, -0.12904421885027692, -0.10173795359657424, 0.06835368415301604, -0.15579693132270508, 0.00045670502313530385, 0.3358688825805752, 0.74198580653328, -0.6345581720545639, 0.856204391517827, 0.3895898395960346, 0.5242923507404174, 0.15349592396690848, 0.5126355542973943, -0.5291904225001248, -0.6193979812330566, -0.19776210546060233, 0.0826538097100589, 0.7472753636104328, -0.11895108626008086, 0.2449765724802855, 0.06030159119074234, 0.9262053304846593, -0.2638266135664398, 0.32296702430414825, 0.011791407405556271, 0.22747237824938754, -0.6980572982636765, 0.9575039896154225, -0.7480731357274324, 0.05679225898270689, 0.13429886760995863, -0.8298600534925349, 0.09594130592159777, -0.19131768142820163, 0.7376061903710405, 0.5218376706793824, -0.05987588035371737, 0.6718180074041069, 0.2090344829590806, 0.70022631358066, 0.4115941279377046, -0.43401078071671106, -0.6977558250924794, 0.4456352281315072, -0.002808035729447215, -0.21804090664734507, 0.17636542924813284, 0.8013444928257409, -0.3178026641105075, -0.5487994159273597, -0.681446475409835, 0.8437053096965186, 0.5726862771874413, 0.3462544447051128, -0.45169086472282627, 0.024706342076516962, -0.9633112415400715, -0.340924649883525, 0.5295787900027382, 0.5590321802469171, -0.9171900868953908, 0.8512503524502281, 0.7844754057370821, -0.2114954006242601, 0.41852392325536397, 0.7716516799009322, 0.29030464025064434, -0.11972851452862879, 0.32812629962309137, -0.6272447281193951, -0.6912414021720924, -0.006340339523308052, -0.5487616097360147, -0.10528031230471907, -0.8463995113403582, -0.005288584053008396, -0.6748810702923385, 0.5126206531109028, -0.8515826074882438, -0.43641943892805835, -0.699144471379342, 0.23089337260554738, -0.24441325275770814, 0.701252879845869, -0.36003561037326864, 0.9071941280384895, 0.29780495237358745, 0.9186277163751119, 0.1448978224629096]
1009.9196101179064	(8, 12, 2)	[-0.7747362435123175, -0.8783568415124414, -0.7304911162362961, 1.1124406386402534, 0.14779964338085125, -0.1179590536674908, 0.8361621150671368, -0.42550663957434914, -0.15266641978157197, -0.11810928852607097, 0.44510822747879675, 0.9138010336981209, 0.37922348270409517, 0.4177170650138584, 0.804465791313944, 0.553548917581775, 0.8047647915004524, 0.7051156652898182, -0.566764928486574, 0.581283511380959, 0.168839548188103, 0.17071001637195396, 0.43098988020209, 0.8543796866489555, 0.16673967059873054, -0.8663845277973834, 0.0918289508916257, 0.34527815445506926, -0.4070267094977328, 0.13199228519201034, 0.04286145814669541, -0.12744413695013557, -0.08830286361828374, 0.06536698752164743, -0.16028162625256404, -0.033388851521494574, 0.3318679203832798, 0.7448240856714469, -0.6330278028554851, 0.8487158955703342, 0.39085865677813914, 0.4385509014299802, 0.11813166443492422, 0.5118275484500749, -0.5056288569646771, -0.6201546438578103, -0.20414894195105202, 0.0862551343880762, 0.7492017106933073, -0.11512037043495121, 0.19884289225985183, 0.12164061826639351, 0.9201430341069265, -0.2716904337077533, 0.3158790191230119, 0.05400506196695489, 0.2910700003432258, -0.7164749019617466, 0.9577653716464697, -0.764768546938411, 0.05721563487885924, 0.22912013161658062, -0.8961717439754038, 0.09957835125226579, -0.22127446297893727, 0.7765090996616358, 0.5220724550930649, 0.08574464968752149, 0.6711872500701055, 0.21538195191355491, 0.7473767256743887, 0.4261635962103165, -0.43687382886720527, -0.6850314630003003, 0.45729141276142005, 0.07340423832215842, -0.23693493650283215, 0.1770871531090152, 0.8020797123173381, -0.35629190952518897, -0.5525573984717483, -0.6763892186712938, 0.839006092206929, 0.5756114662206906, 0.3409024115309172, -0.4595140397056856, 0.02355851085709473, -1.0200800377940342, -0.322955575637902, 0.5177728645761329, 0.5311534154721165, -0.9183200487970469, 0.8266190408059784, 0.6993556009038475, -0.2422323124754882, 0.42680412648273475, 0.7842375456375609, 0.28959412183346245, -0.11681426392723472, 0.3280574556207393, -0.6068972107081197, -0.6899204414718196, -0.01006508140689576, -0.5613180709212859, -0.1631327787260897, -0.8569204767740194, -0.005640992503000319, -0.6760053980196521, 0.5333754741544968, -0.8510819031024179, -0.4356248122490267, -0.6988760794837539, 0.22562523135828103, -0.2700350482401428, 0.7306429791590486, -0.3575162723051169, 0.9001485656493857, 0.2938464422133469, 0.9212562893371963, 0.15348515521864395]
1339.6265284497422	(8, 12, 2)	[-0.7747362435123175, -0.8783568415124414, -0.7304911162362961, 1.1124406386402534, 0.14779964338085125, -0.1179590536674908, 0.8361621150671368, -0.42550663957434914, -0.15266641978157197, -0.11810928852607097, 0.44510822747879675, 0.9138010336981209, 0.37922348270409517, 0.4177170650138584, 0.804465791313944, 0.553548917581775, 0.8047647915004524, 0.7051156652898182, -0.566764928486574, 0.581283511380959, 0.168839548188103, 0.17071001637195396, 0.43098988020209, 0.8543796866489555, 0.16673967059873054, -0.8663845277973834, 0.0918289508916257, 0.34527815445506926, -0.4070267094977328, 0.13199228519201034, 0.04286145814669541, -0.12744413695013557, -0.08830286361828374, 0.06536698752164743, -0.16028162625256404, -0.033388851521494574, 0.3318679203832798, 0.7448240856714469, -0.6330278028554851, 0.8487158955703342, 0.39085865677813914, 0.4385509014299802, 0.11813166443492422, 0.5118275484500749, -0.5056288569646771, -0.6201546438578103, -0.20414894195105202, 0.0862551343880762, 0.7492017106933073, -0.11512037043495121, 0.19884289225985183, 0.12164061826639351, 0.9201430341069265, -0.2716904337077533, 0.3158790191230119, 0.05400506196695489, 0.2910700003432258, -0.7164749019617466, 0.9577653716464697, -0.764768546938411, 0.05721563487885924, 0.22912013161658062, -0.8961717439754038, 0.09957835125226579, -0.22127446297893727, 0.7765090996616358, 0.5220724550930649, 0.08574464968752149, 0.6711872500701055, 0.21538195191355491, 0.7473767256743887, 0.4261635962103165, -0.43687382886720527, -0.6850314630003003, 0.45729141276142005, 0.07340423832215842, -0.23693493650283215, 0.1770871531090152, 0.8020797123173381, -0.35629190952518897, -0.5525573984717483, -0.6763892186712938, 0.839006092206929, 0.5756114662206906, 0.3409024115309172, -0.4595140397056856, 0.02355851085709473, -1.0200800377940342, -0.322955575637902, 0.5177728645761329, 0.5311534154721165, -0.9183200487970469, 0.8266190408059784, 0.6993556009038475, -0.2422323124754882, 0.42680412648273475, 0.7842375456375609, 0.28959412183346245, -0.11681426392723472, 0.3280574556207393, -0.6068972107081197, -0.6899204414718196, -0.01006508140689576, -0.5613180709212859, -0.1631327787260897, -0.8569204767740194, -0.005640992503000319, -0.6760053980196521, 0.5333754741544968, -0.8510819031024179, -0.4356248122490267, -0.6988760794837539, 0.22562523135828103, -0.2700350482401428, 0.7306429791590486, -0.3575162723051169, 0.9001485656493857, 0.2938464422133469, 0.9212562893371963, 0.15348515521864395]
926.5700477883973	(8, 12, 2)	[-0.8456779031602655, -0.875993058665715, -0.6885381356818413, 1.1306996282230668, 0.14602172183555992, -0.10863547738887724, 0.7949630176447623, -0.4318517322278995, -0.1337475902591983, -0.11737235464411187, 0.42609493280594474, 0.9196329723441371, 0.370246294187426, 0.42171517776126133, 0.8016080235904767, 0.5540844660391078, 0.8051427624012343, 0.7131648844482656, -0.5707767677411176, 0.579002366421521, 0.1512583867940055, 0.17902661842078407, 0.681228357815125, 0.861902542362004, 0.16395969424090798, -0.9781243326114555, 0.10034564737784238, -0.21078969827526828, -0.4080227280472668, 0.15011851442297056, 0.05227890486244967, -0.12904421885027692, -0.10173795359657424, 0.06835368415301604, -0.15579693132270508, 0.00045670502313530385, 0.3358688825805752, 0.74198580653328, -0.6345581720545639, 0.856204391517827, 0.3895898395960346, 0.5242923507404174, 0.15349592396690848, 0.5126355542973943, -0.5291904225001248, -0.6193979812330566, -0.19776210546060233, 0.0826538097100589, 0.7472753636104328, -0.11895108626008086, 0.2449765724802855, 0.06030159119074234, 0.9262053304846593, -0.2638266135664398, 0.32296702430414825, 0.011791407405556271, 0.22747237824938754, -0.6980572982636765, 0.9575039896154225, -0.7480731357274324, 0.05679225898270689, 0.13429886760995863, -0.8298600534925349, 0.09594130592159777, -0.19131768142820163, 0.7376061903710405, 0.5218376706793824, -0.05987588035371737, 0.6718180074041069, 0.2090344829590806, 0.70022631358066, 0.4115941279377046, -0.43401078071671106, -0.6977558250924794, 0.4456352281315072, -0.002808035729447215, -0.21804090664734507, 0.17636542924813284, 0.8013444928257409, -0.3178026641105075, -0.5487994159273597, -0.681446475409835, 0.8437053096965186, 0.5726862771874413, 0.3462544447051128, -0.45169086472282627, 0.024706342076516962, -0.9633112415400715, -0.340924649883525, 0.5295787900027382, 0.5590321802469171, -0.9171900868953908, 0.8512503524502281, 0.7844754057370821, -0.2114954006242601, 0.41852392325536397, 0.7716516799009322, 0.29030464025064434, -0.11972851452862879, 0.32812629962309137, -0.6272447281193951, -0.6912414021720924, -0.006340339523308052, -0.5487616097360147, -0.10528031230471907, -0.8463995113403582, -0.005288584053008396, -0.6748810702923385, 0.5126206531109028, -0.8515826074882438, -0.43641943892805835, -0.699144471379342, 0.23089337260554738, -0.24441325275770814, 0.701252879845869, -0.36003561037326864, 0.8673945830164191, 0.29780495237358745, 0.9186277163751119, 0.1448978224629096]
640.2190072654971	(8, 12, 2)	[-0.8480353816907987, -0.875169973772547, -0.6581702456528863, 1.1337141498010477, 0.15102954000883112, -0.14937476335577693, 0.7954415639218291, -0.43014732277811674, -0.1311363183373342, -0.11650858662228823, 0.4225315407658803, 0.9188713011377069, 0.37865386901362535, 0.4233544574558286, 0.7624700115596813, 0.5572359604834539, 0.6891549748080879, 0.5496383393643878, -0.5667850451020492, 0.684786290107548, 0.16138601014119355, 0.17540938833560457, 0.6975010067368801, 0.8773319905609652, 0.1357414809568784, -0.7891860121607132, -0.06788430859124442, 0.36212984664285747, -0.41577863038783336, 0.13979575193096766, 0.037502721317391415, -0.1339217454855222, -0.11626254544852462, 0.06673701072843131, -0.1719675321118787, 0.005396934206015702, 0.04727298550034409, 0.7469659549399239, -0.6356398243281726, 0.8729022101365511, 0.3923204659338446, 0.41313958592330635, 0.08075191493500436, 0.5112553702849125, -0.507013947250889, -0.6151578131017276, -0.23025200693238534, 0.08392203535029506, 0.7460589898933219, -0.11535561217494675, 0.2269366056249643, 0.10720233833016801, 0.9218251088433108, -0.26044116162559927, 0.32483892591685076, 0.029603738046976618, 0.2482431993090471, -0.7101973290869079, 0.9509996448563667, -0.7476274293764864, 0.027283100885970538, 0.1773726055531104, -0.8421043425181355, 0.08385462323853127, -0.28538029630668754, 0.745936345352817, 0.5204440307230347, -0.058086491816788925, 0.6718645834561114, 0.19962399048506704, 0.8113950385837877, 0.42701832860387, -0.4392731167602273, -0.6842449272351045, 0.4556339938197845, 0.04592373969802058, -0.4205420245299579, 0.1957900811860483, 0.8020469209940829, -0.3185547188872378, -0.5490413717062086, -0.6785470777704808, 0.8305202464979256, 0.602541825146555, 0.33815805439502405, -0.453622588862877, 0.02446277683398327, -0.9715548871319394, -0.3240352558309221, 0.5471491166068265, 0.5572744075573177, -0.9171173378862263, 0.8436996441429022, 0.679389423285965, -0.105935608181315, 0.45635959802372, 0.772708710940961, 0.29023488885020915, -0.1197344588091052, 0.3279887896756144, -0.6096750399629327, -0.7094616344389088, -0.002101653077023505, -0.5537491320958771, -0.08034025268840984, -0.8453120427521795, -0.015082952530199187, -0.6766116052700313, 0.5371776223271638, -0.8556702162025139, -0.4389059324337997, -0.6963208388754925, 0.32971776923279505, -0.2342106036515333, 0.7212215141910602, -0.3631314651841425, 0.9049035468091189, 0.22119105134033876, 0.9155349014050935, 0.14718449566900826]
1109.4487844203504	(8, 12, 2)	[-0.8353172511131852, -0.8791667526511261, -0.6970846037160215, 1.1313548654215166, 0.14809190100889974, -0.12361315267947022, 0.7953761202518768, -0.4318425484113316, -0.1337517892523085, -0.11690303647080338, 0.42727243326807174, 0.9181724941156424, 0.37068028173162176, 0.4214408697652257, 0.8044643720202228, 0.5593966746736917, 0.7898350841351348, 0.7097446999718028, -0.5662728892186077, 0.6552359793286249, 0.15211143051209036, 0.17890771119061258, 0.5191837693340566, 0.8649968045516699, 0.16301438842783506, -0.9874111965518553, 0.0018776392291358773, 0.311683720402644, -0.4079612758040524, 0.14522572263542494, 0.05082157300787137, -0.13326480017439613, -0.12559482551215925, 0.06851088540280016, -0.16581546020455568, 0.006661709311549389, 0.45125918948733423, 0.7421403388905043, -0.6312149396735527, 0.8525394457921932, 0.38941835535036334, 0.4793560981142485, 0.1430665707921382, 0.5126815457605585, -0.5222661886488814, -0.6213080480591769, -0.1978752007465126, 0.08373103295940712, 0.7435387400739095, -0.11600892281395951, 0.21495293063281046, 0.06600023382167121, 0.9252976260656648, -0.2667106565823085, 0.3312900906915154, 0.03964831538106166, 0.22912061656073623, -0.7081217654916502, 0.952354139734499, -0.747719993212823, -0.013988055764534595, 0.12554646762563484, -0.8724791297535024, 0.08315439857090721, -0.19161329856371825, 0.7673796368918576, 0.5218373233410096, -0.0642025231674807, 0.67186750086778, 0.0843919953986781, 0.7196933973061134, 0.41589833995964487, -0.43428303617202213, -0.6917623343669741, 0.4447068604776584, -0.009529903500303754, -0.20907283554706182, 0.16281787085096566, 0.8015879719870815, -0.31766961669124427, -0.5487966509443051, -0.6786552567038334, 0.8316863390756879, 0.570845925696745, 0.34639604693322223, -0.45184509814653173, 0.02644533222237536, -0.9653350083761304, -0.35764275498001785, 0.5326462944161544, 0.538407117366522, -0.9178209442579566, 0.7354271723421437, 0.7315967123802742, -0.12155830492138689, 0.4184040826153031, 0.7711732964795668, 0.2903583493195794, -0.11958941276690548, 0.32819881906797177, -0.6275474088712996, -0.6912011477384018, -0.003642630827312868, -0.549260352839675, -0.1295282852897869, -0.8447655810070588, -0.004933010853457135, -0.682301498629017, 0.5120902525518289, -0.8522424211437672, -0.43719726232008577, -0.6874576868392746, 0.2091316640316444, -0.25174912600492444, 0.7026591197565243, -0.35899629782821296, 0.849182499597768, 0.29046574645195333, 0.9298248309373885, 0.15367149471865943]
827.5629101511845	(8, 12, 2)	[-0.8451918723002786, -0.8766003918239182, -0.6969273456496162, 1.1314785735285584, 0.14586707820114903, -0.1198933527680795, 0.7953795110010892, -0.43075251243486157, -0.13320451564326313, -0.11602426340042168, 0.42404948457934505, 0.9194048361243882, 0.3708922090811408, 0.4215704283027387, 0.7992920127332641, 0.5571346740894995, 0.7460770275403863, 0.709691734344229, -0.5687746923277829, 0.6660577684496354, 0.1521356838340897, 0.17833375246049313, 0.5864225476967926, 0.8648928040252163, 0.16994209193534895, -0.9897995811240898, -0.005313158747754333, 0.34085901431084936, -0.40795462808865024, 0.1570703854516358, 0.044629608532255415, -0.1330527380204439, -0.10222846230916877, 0.05967892382801072, -0.14960080895268357, 0.004181825811427068, 0.3743383944159402, 0.7426650373384289, -0.6342544520350499, 0.8578656485084446, 0.3945080891766155, 0.47725771876934586, 0.13826804297005044, 0.5117298897643289, -0.5228005361203795, -0.6207885663444349, -0.28951557694928415, 0.08368819670408406, 0.7481062368247172, -0.11637803230998985, 0.2214979325497662, 0.06522277926585696, 0.9253374625120105, -0.26547786197015805, 0.32755029945395847, 0.038593328565175486, 0.23110789555608854, -0.7004111018941295, 0.9474325607927506, -0.7483173853839252, 0.046501984928853116, 0.1542734269805753, -0.8745100439751446, 0.08483637939729335, -0.191298396945291, 0.7527419355389263, 0.42238901249355143, -0.06031966392699944, 0.6718467843959623, 0.21012816441689347, 0.7179095721122608, 0.415056048782273, -0.43656496778193943, -0.6913066472174599, 0.44778930037902986, -0.0008860141514658772, -0.28388151206035384, 0.16890684560178995, 0.8020132795643464, -0.3181773644282015, -0.5488039446618243, -0.6781605407186468, 0.8348746552244494, 0.5586676375434804, 0.3463579562438558, -0.45150214666087485, 0.02669037589264989, -0.9651106519470332, -0.34178182937702933, 0.5327190533303124, 0.5596083379874845, -0.9176474767340439, 0.8705832704500371, 0.7361522511250216, -0.1569062886777544, 0.4119814328831038, 0.7709572773345434, 0.29031162579938924, -0.11953014223076748, 0.3282655259118161, -0.6196413821445157, -0.6842664206979233, -0.004434759605237756, -0.54915873710852, -0.13038085737782457, -0.8455441001376505, -0.006352361719012425, -0.6818498689425777, 0.5124324019328305, -0.8521806810487111, -0.4367332624459529, -0.6907793799551845, 0.21799994230476327, -0.25292392776249534, 0.6938632043364636, -0.3593961274350699, 0.843245646211762, 0.26644219789560564, 0.9175279305315862, 0.14831634581242203]
830.5789914295411	(8, 12, 2)	[-0.8455635242919181, -0.8759684482088194, -0.6836251900050715, 1.1302603560234283, 0.1553889449835356, -0.11134973466519418, 0.7950936669347102, -0.43001138940618533, -0.13352462763516568, -0.11713803620697434, 0.4060570510452049, 0.919648439439898, 0.3702513274219894, 0.42497789879086845, 0.7919555023961349, 0.5520219411432981, 0.8050357310826673, 0.710571824580527, -0.5703428889151894, 0.5744535536456209, 0.15748566623508153, 0.1796590429549184, 0.7298684983107961, 0.8593117810699261, 0.17070796854218215, -0.9787790000327674, 0.09222501848582777, 0.3537074544392559, -0.37605305664842703, 0.1295257588039897, 0.050923294541432504, -0.07865858484883222, -0.0650628202095695, 0.0288179500239929, -0.17148507542265845, -0.004104012614821285, 0.335391768707378, 0.7506640184471691, -0.634531276699875, 0.856154647566227, 0.3856375463152373, 0.4608476984912131, 0.11941773213631628, 0.5136847633485521, -0.49892979648382496, -0.6116967500798013, -0.19792791178345456, 0.08557798439012597, 0.7476920685285462, -0.1194057249207113, 0.2447986964772528, 0.05858435450803806, 0.925299943381114, -0.26367952067842476, 0.32365275126347315, 0.021496040843753634, 0.23541834684100743, -0.6963183698186367, 0.9573231465933787, -0.7464215511481513, 0.05653159725429542, 0.13247792134373043, -0.8302817067621923, 0.11000598343132639, -0.13348412415316635, 0.7704008522480609, 0.5207745747573351, -0.058548059676084084, 0.6703073740481602, 0.2101011737536661, 0.6997648577613265, 0.42217478460162083, -0.4343641086999006, -0.6911783307904319, 0.447382891473839, -0.00493732810851779, -0.2129398672189819, 0.17550318022559214, 0.8012140923902806, -0.3677667490074107, -0.5489987889455071, -0.680789056846678, 0.8298624842016264, 0.5746563926556977, 0.3465744872577931, -0.4523617222376694, 0.023334278783875492, -0.9665501443771767, -0.6124915044549695, 0.5280665070337589, 0.5438915839180488, -0.725547393579167, 0.7928277305314197, 0.7376667956009355, -0.21639235466743037, 0.41972412401487447, 0.7730081028001285, 0.28970115820545517, -0.11952367441238484, 0.33347379970711766, -0.6281002731101082, -0.6921678647958621, 0.014202876569295211, -0.6027973235749061, -0.10383525974672807, -0.8461574479365588, -0.005245495292066676, -0.6756474171638626, 0.5122805388690916, -0.856511326889684, -0.43708360841768235, -0.6958968522263251, 0.2597796587772077, -0.24280991448301953, 0.7009091253001895, -0.3598336592340362, 0.8438503005749683, 0.29701555867150986, 0.9181116891293789, 0.1448156398723869]
938.7299544031338	(8, 12, 2)	[-0.8455635242919181, -0.8759684482088194, -0.6836251900050715, 1.1302603560234283, 0.1553889449835356, -0.11134973466519418, 0.7950936669347102, -0.43001138940618533, -0.13352462763516568, -0.11713803620697434, 0.4060570510452049, 0.919648439439898, 0.3702513274219894, 0.42497789879086845, 0.7919555023961349, 0.5520219411432981, 0.8050357310826673, 0.710571824580527, -0.5703428889151894, 0.5744535536456209, 0.15748566623508153, 0.1796590429549184, 0.7298684983107961, 0.8593117810699261, 0.17070796854218215, -0.9787790000327674, 0.09222501848582777, 0.3537074544392559, -0.37605305664842703, 0.1295257588039897, 0.050923294541432504, -0.07865858484883222, -0.0650628202095695, 0.0288179500239929, -0.17148507542265845, -0.004104012614821285, 0.335391768707378, 0.7506640184471691, -0.634531276699875, 0.856154647566227, 0.3856375463152373, 0.4608476984912131, 0.239631543159668, 0.5136847633485521, -0.49892979648382496, -0.6116967500798013, -0.19792791178345456, 0.08557798439012597, 0.7476920685285462, -0.1194057249207113, 0.2447986964772528, 0.05858435450803806, 0.925299943381114, -0.26367952067842476, 0.32365275126347315, 0.021496040843753634, 0.23541834684100743, -0.6963183698186367, 0.9573231465933787, -0.7464215511481513, 0.05653159725429542, 0.13247792134373043, -0.8302817067621923, 0.11000598343132639, -0.13348412415316635, 0.7704008522480609, 0.5207745747573351, -0.058548059676084084, 0.6703073740481602, 0.2101011737536661, 0.6997648577613265, 0.42217478460162083, -0.4343641086999006, -0.6911783307904319, 0.447382891473839, -0.00493732810851779, -0.2129398672189819, 0.17550318022559214, 0.8012140923902806, -0.3677667490074107, -0.5489987889455071, -0.680789056846678, 0.8298624842016264, 0.5746563926556977, 0.3465744872577931, -0.4523617222376694, 0.023334278783875492, -0.9665501443771767, -0.6124915044549695, 0.5280665070337589, 0.5438915839180488, -0.725547393579167, 0.7928277305314197, 0.7376667956009355, -0.21639235466743037, 0.41972412401487447, 0.7730081028001285, 0.28970115820545517, -0.11952367441238484, 0.33347379970711766, -0.6281002731101082, -0.6921678647958621, 0.014202876569295211, -0.6027973235749061, -0.10383525974672807, -0.8461574479365588, -0.005245495292066676, -0.6756474171638626, 0.5122805388690916, -0.856511326889684, -0.43708360841768235, -0.6958968522263251, 0.2597796587772077, -0.24280991448301953, 0.7009091253001895, -0.3598336592340362, 0.8438503005749683, 0.29701555867150986, 0.9181116891293789, 0.1448156398723869]
700.658024444239	(8, 12, 2)	[-0.8455635242919181, -0.8759684482088194, -0.6836251900050715, 1.1302603560234283, 0.1553889449835356, -0.11134973466519418, 0.7950936669347102, -0.43001138940618533, -0.13352462763516568, -0.11713803620697434, 0.4060570510452049, 0.919648439439898, 0.3702513274219894, 0.42497789879086845, 0.7919555023961349, 0.5520219411432981, 0.8050357310826673, 0.710571824580527, -0.5703428889151894, 0.5744535536456209, 0.15748566623508153, 0.1796590429549184, 0.7298684983107961, 0.8593117810699261, 0.17070796854218215, -0.9787790000327674, 0.09222501848582777, 0.3537074544392559, -0.37605305664842703, 0.1295257588039897, 0.050923294541432504, -0.07865858484883222, -0.0650628202095695, 0.0288179500239929, -0.17148507542265845, -0.004104012614821285, 0.335391768707378, 0.7506640184471691, -0.634531276699875, 0.856154647566227, 0.39933224128994566, 0.4608476984912131, 0.11941773213631628, 0.5136847633485521, -0.49892979648382496, -0.6116967500798013, -0.19792791178345456, 0.08557798439012597, 0.7476920685285462, -0.1194057249207113, 0.2447986964772528, 0.05858435450803806, 0.925299943381114, -0.26367952067842476, 0.32365275126347315, 0.021496040843753634, 0.23541834684100743, -0.6963183698186367, 0.9573231465933787, -0.7464215511481513, 0.05653159725429542, 0.13247792134373043, -0.8302817067621923, 0.11000598343132639, -0.13348412415316635, 0.7704008522480609, 0.5207745747573351, -0.058548059676084084, 0.6703073740481602, 0.2101011737536661, 0.6997648577613265, 0.42217478460162083, -0.4343641086999006, -0.6911783307904319, 0.447382891473839, -0.00493732810851779, -0.2129398672189819, 0.24055031246914949, 0.8012140923902806, -0.3677667490074107, -0.5489987889455071, -0.680789056846678, 0.8298624842016264, 0.5746563926556977, 0.3465744872577931, -0.4523617222376694, 0.023334278783875492, -0.9665501443771767, -0.6124915044549695, 0.5280665070337589, 0.5438915839180488, -0.725547393579167, 0.7928277305314197, 0.7376667956009355, -0.21639235466743037, 0.41972412401487447, 0.7730081028001285, 0.28970115820545517, -0.11952367441238484, 0.33347379970711766, -0.6281002731101082, -0.6921678647958621, 0.014202876569295211, -0.6027973235749061, -0.10383525974672807, -0.8461574479365588, -0.005245495292066676, -0.6756474171638626, 0.5122805388690916, -0.856511326889684, -0.43708360841768235, -0.6958968522263251, 0.2597796587772077, -0.24280991448301953, 0.7009091253001895, -0.3598336592340362, 0.8438503005749683, 0.29701555867150986, 0.9181116891293789, 0.1448156398723869]
983.1460910989356	(8, 12, 2)	[-0.8520902307156671, -0.875939064946612, -0.677384203436499, 1.1306303792036339, 0.15567888381330722, -0.11614704353266994, 0.7954910065638209, -0.42825981523169493, -0.13338049874029156, -0.1170777947908252, 0.4510927393193109, 0.9194519872847764, 0.3700143649232734, -0.1545442308403018, 0.787273653260136, 0.5518267692794081, 0.7581755339557168, 0.70563600106591, -0.5699763336914137, 0.5774377009189149, 0.1612174376775133, 0.1790075867660739, 0.7298615439293114, 0.8612821758917678, 0.1723771618542001, -0.7583479940439535, 0.06703940735188436, 0.3433714017498359, -0.4058550717213521, 0.1332945628824832, 0.04918695097626025, -0.13937010451648135, -0.09858777549252712, 0.05970108690952196, -0.15185996975491833, 0.0027114531009874293, 0.33718191567501005, 0.7374216271971675, -0.6345027611385278, 0.8583504317220425, 0.38602275286218185, 0.4608751206507637, 0.19021901449067424, 0.5627447258526664, -0.49641603792033445, -0.6111478646496455, -0.22484528727476866, 0.026897636472458103, 0.7474575142733721, -0.11812524631233083, 0.22064114617774377, 0.0731827857055873, 0.9237282280497301, -0.26445479810931827, 0.3537260489397001, 0.02645434457112647, 0.24067161076813373, -0.7000372686538943, 0.9619734154358389, -0.7431827205946063, 0.05730083218277296, 0.1506984557457604, -0.8553197165208447, 0.09618912264316377, -0.13544309635846968, 0.7496209842166497, 0.5114722218036581, -0.06404629182270173, 0.6707917888603568, 0.20928295763735796, 0.7014233183522163, 0.42160598796727466, -0.43558443218813647, -0.6912043369820455, 0.4480296799845642, -0.01401129864420714, -0.260052169056549, 0.17295650628425158, 0.8019936303611755, -0.36290902119566415, -0.5500751842921546, -0.6774088185602624, 0.8330576878010783, 0.57816918492191, 0.3020069035666043, -0.4446941935785864, 0.01829015742757352, -0.9659453525381791, -0.5550439378644751, 0.5389436614409187, 0.5450411994810395, -0.8389076388802181, 0.8159228110096988, 0.7379726354291323, -0.21945610278483327, 0.43181007754294826, 0.7734858830413199, 0.29072471036864966, -0.1190601350104725, 0.3315231943192817, -0.6376842081858808, -0.6921425740349176, 0.01195212575151483, -0.5638079031361956, -0.0819558063693479, -0.845883058572329, -0.006802320357386199, -0.6750064642058273, 0.5172803351012921, -0.8577052432360559, -0.43822548153043156, -0.6950221740594759, 0.24455932259779317, -0.2523975603371449, 0.6989941941412966, -0.35987954614125184, 0.8365407529865819, 0.2709245818971448, 0.9177573777648936, 0.14681553446802936]
957.461021676249	(8, 12, 2)	[-0.8520902307156671, -0.875939064946612, -0.677384203436499, 1.1306303792036339, 0.15567888381330722, -0.11614704353266994, 0.7954910065638209, -0.42825981523169493, -0.13338049874029156, -0.1170777947908252, 0.4510927393193109, 0.9194519872847764, 0.3700143649232734, -0.1545442308403018, 0.787273653260136, 0.5518267692794081, 0.7581755339557168, 0.70563600106591, -0.5699763336914137, 0.5774377009189149, 0.1612174376775133, 0.1790075867660739, 0.7298615439293114, 0.8612821758917678, 0.1723771618542001, -0.7583479940439535, 0.06703940735188436, 0.3433714017498359, -0.4058550717213521, 0.1332945628824832, 0.04918695097626025, -0.13937010451648135, -0.09858777549252712, 0.05970108690952196, -0.15185996975491833, 0.0027114531009874293, 0.33718191567501005, 0.7374216271971675, -0.6345027611385278, 0.8583504317220425, 0.38602275286218185, 0.4608751206507637, 0.19021901449067424, 0.5627447258526664, -0.49641603792033445, -0.6111478646496455, -0.22484528727476866, 0.026897636472458103, 0.7474575142733721, -0.11812524631233083, 0.22064114617774377, 0.0731827857055873, 0.9237282280497301, -0.26445479810931827, 0.3537260489397001, 0.02645434457112647, 0.24067161076813373, -0.7000372686538943, 0.9619734154358389, -0.7431827205946063, 0.05730083218277296, 0.1506984557457604, -0.8553197165208447, 0.09618912264316377, -0.13544309635846968, 0.7496209842166497, 0.5114722218036581, -0.06404629182270173, 0.6707917888603568, 0.20928295763735796, 0.7014233183522163, 0.42160598796727466, -0.43558443218813647, -0.6912043369820455, 0.4480296799845642, -0.01401129864420714, -0.260052169056549, 0.17295650628425158, 0.8019936303611755, -0.36290902119566415, -0.5500751842921546, -0.6774088185602624, 0.8330576878010783, 0.57816918492191, 0.3020069035666043, -0.4446941935785864, 0.01829015742757352, -0.9659453525381791, -0.5550439378644751, 0.5389436614409187, 0.5450411994810395, -0.8389076388802181, 0.8159228110096988, 0.7379726354291323, -0.21945610278483327, 0.43181007754294826, 0.7734858830413199, 0.29072471036864966, -0.1190601350104725, 0.3315231943192817, -0.6376842081858808, -0.6921425740349176, 0.01195212575151483, -0.5638079031361956, -0.0819558063693479, -0.845883058572329, -0.006802320357386199, -0.6750064642058273, 0.5172803351012921, -0.8577052432360559, -0.43822548153043156, -0.6950221740594759, 0.24455932259779317, -0.2523975603371449, 0.6718644301300098, -0.35987954614125184, 0.8365407529865819, 0.2709245818971448, 0.9177573777648936, 0.14681553446802936]
1108.3710694648282	(8, 12, 2)	[-0.8520902307156671, -0.8435983932351678, -0.677384203436499, 1.1306303792036339, 0.15567888381330722, -0.11614704353266994, 0.7954910065638209, -0.42825981523169493, -0.13338049874029156, -0.1170777947908252, 0.4510927393193109, 0.9194519872847764, 0.3700143649232734, -0.1545442308403018, 0.787273653260136, 0.5518267692794081, 0.7581755339557168, 0.70563600106591, -0.5699763336914137, 0.5774377009189149, 0.1612174376775133, 0.1790075867660739, 0.7298615439293114, 0.8612821758917678, 0.1723771618542001, -0.7583479940439535, 0.06703940735188436, 0.3802300293770752, -0.4058550717213521, 0.1332945628824832, 0.04918695097626025, -0.13937010451648135, -0.09858777549252712, 0.05970108690952196, -0.08514052819187519, 0.0027114531009874293, 0.33718191567501005, 0.7374216271971675, -0.6345027611385278, 0.8583504317220425, 0.38602275286218185, 0.4608751206507637, 0.19021901449067424, 0.5627447258526664, -0.49641603792033445, -0.6111478646496455, -0.22484528727476866, 0.026897636472458103, 0.7474575142733721, -0.11812524631233083, 0.22064114617774377, 0.0731827857055873, 0.9237282280497301, -0.26445479810931827, 0.3537260489397001, 0.02645434457112647, 0.24067161076813373, -0.7000372686538943, 0.9619734154358389, -0.7431827205946063, 0.08373043039594429, 0.1506984557457604, -0.8553197165208447, 0.09618912264316377, -0.13544309635846968, 0.7496209842166497, 0.5114722218036581, -0.06404629182270173, 0.6707917888603568, 0.20928295763735796, 0.7014233183522163, 0.42160598796727466, -0.43558443218813647, -0.6912043369820455, 0.4480296799845642, -0.01401129864420714, -0.260052169056549, 0.17295650628425158, 0.8019936303611755, -0.36290902119566415, -0.5500751842921546, -0.6774088185602624, 0.8330576878010783, 0.57816918492191, 0.3020069035666043, -0.4446941935785864, 0.01829015742757352, -0.9659453525381791, -0.5550439378644751, 0.5389436614409187, 0.5450411994810395, -0.8389076388802181, 0.8159228110096988, 0.7379726354291323, -0.21945610278483327, 0.43181007754294826, 0.7734858830413199, 0.29072471036864966, -0.1190601350104725, 0.3315231943192817, -0.6376842081858808, -0.6921425740349176, 0.01195212575151483, -0.5638079031361956, -0.0819558063693479, -0.845883058572329, -0.006802320357386199, -0.6750064642058273, 0.5172803351012921, -0.8577052432360559, -0.43822548153043156, -0.6950221740594759, 0.24455932259779317, -0.2523975603371449, 0.6989941941412966, -0.35987954614125184, 0.8365407529865819, 0.2709245818971448, 1.0374637536138167, 0.14681553446802936]
1165.2742943306935	(8, 12, 2)	[-0.8473222941329704, -0.8759718545584683, -0.6852867968665742, 1.1303676022084617, 0.15796520812408574, -0.13049377602969875, 0.7939762242933842, -0.4273064610158007, -0.13313070420936002, -0.11731670630523987, 0.4218937239041716, 0.9196486567633704, 0.42980010068688834, 0.2913386210257095, 0.8002347948583084, 0.5511374177955591, 0.8017870955299183, 0.7118350939426242, -0.6019182823444662, 0.636478646041142, 0.1487191148714574, 0.17759552616247065, 0.6842527857349233, 0.8622491014095446, 0.17564605587713472, -0.9516097794261258, 0.08909060165770899, 0.3423210018784049, -0.37342172834971754, 0.12891227287785578, -0.09694316449842845, -0.10827075473563173, -0.08413055353427824, 0.046763218417119605, -0.1628879909784243, 0.002168377493167513, 0.3198103660850619, 0.7375005009364216, -0.6344896518991845, 0.8581176773643284, 0.38637305623318535, 0.4195084396646772, 0.20429702155056367, 0.5065400783868913, -0.6636298203545962, -0.6129298755423048, -0.24219712033604107, 0.025429344263651215, 0.7484544090757379, -0.10364349498399945, 0.21629763400084978, 0.06028436502296209, 0.9248591493727071, -0.2637012786420651, 0.32257761543349817, 0.021293990495146714, 0.23520047443234318, -0.7032518968399454, 0.954605903290976, -0.7450205966195079, 0.05916663480653133, 0.14777518065573073, -0.8608904112310684, 0.11246210067594684, -0.14882754800726228, 0.7635573583702022, 0.5158309689077224, -0.061403111956155165, 0.671775172880562, 0.20673986843696862, 0.7326697512826396, 0.4252956098798708, -0.4352417639930775, -0.6916969789511821, 0.4920684809852675, -0.0038238121269196807, -0.27581137062240896, 0.17269190787384384, 0.8017717021855966, -0.36759909404608077, -0.5504987268073462, -0.6789619802416317, 0.8434490282658995, 0.5766587794004152, 0.34853544955512156, -0.4493347999556597, 0.023158420856717467, -0.969085824995902, -0.40831488453675924, 0.5274671420672764, 0.5478823279464613, -0.7255656396651227, 0.794271002996267, 0.7353211495825902, -0.2214516067391746, 0.40573836209901304, 0.7470001917542787, 0.290244024864293, -0.11945397363303843, 0.32070544937704104, -0.6468611742432074, -0.6898711349792418, 0.013492215987812323, -0.5734662457242466, -0.10279739422594315, -0.8460653078026591, -0.12067819099751666, -0.6755416717628178, 0.5143634316511575, -0.8557471197483414, -0.43698360166215555, -0.6956473879243423, 0.252256736914792, -0.24208121980455385, 0.7037220589935318, -0.359778264330745, 0.8641103087094891, 0.27025444122694664, 0.9182035980443056, 0.14045381463989046]
611.7543308983259	(8, 12, 2)	[-0.8520902307156671, -0.8435983932351678, -0.677384203436499, 1.1306303792036339, 0.15567888381330722, -0.11614704353266994, 0.7954910065638209, -0.42825981523169493, -0.13338049874029156, -0.1170777947908252, 0.4510927393193109, 0.9194519872847764, 0.3700143649232734, -0.1545442308403018, 0.787273653260136, 0.5518267692794081, 0.7581755339557168, 0.70563600106591, -0.5699763336914137, 0.5774377009189149, 0.1612174376775133, 0.1790075867660739, 0.7298615439293114, 0.8612821758917678, 0.1723771618542001, -0.7583479940439535, 0.06703940735188436, 0.3802300293770752, -0.4058550717213521, 0.1332945628824832, 0.04918695097626025, -0.13937010451648135, -0.09858777549252712, 0.05970108690952196, -0.08514052819187519, 0.0027114531009874293, 0.33718191567501005, 0.7374216271971675, -0.6345027611385278, 0.8583504317220425, 0.5875151846923387, 0.4608751206507637, 0.19021901449067424, 0.5627447258526664, -0.49641603792033445, -0.6111478646496455, -0.22484528727476866, 0.026897636472458103, 0.7474575142733721, -0.11812524631233083, 0.22064114617774377, 0.0731827857055873, 0.9237282280497301, -0.26445479810931827, 0.3537260489397001, 0.02645434457112647, 0.24067161076813373, -0.7000372686538943, 0.9619734154358389, -0.7431827205946063, 0.08373043039594429, 0.1506984557457604, -0.8553197165208447, 0.09618912264316377, -0.13544309635846968, 0.7496209842166497, 0.5114722218036581, -0.06404629182270173, 0.6707917888603568, 0.20928295763735796, 0.7014233183522163, 0.42160598796727466, -0.40192071521768413, -0.6912043369820455, 0.4480296799845642, -0.01401129864420714, -0.260052169056549, 0.17295650628425158, 0.8019936303611755, -0.36290902119566415, -0.5500751842921546, -0.6774088185602624, 0.8330576878010783, 0.57816918492191, 0.3020069035666043, -0.4446941935785864, 0.01829015742757352, -0.9659453525381791, -0.576759147567529, 0.5389436614409187, 0.5450411994810395, -0.8389076388802181, 0.8159228110096988, 0.7379726354291323, -0.21945610278483327, 0.43181007754294826, 0.7734858830413199, 0.29072471036864966, -0.1190601350104725, 0.3315231943192817, -0.6376842081858808, -0.6921425740349176, 0.01195212575151483, -0.5638079031361956, -0.0819558063693479, -0.845883058572329, -0.006802320357386199, -0.6750064642058273, 0.5172803351012921, -0.8577052432360559, -0.43822548153043156, -0.6950221740594759, 0.24455932259779317, -0.2523975603371449, 0.6989941941412966, -0.35987954614125184, 0.8365407529865819, 0.2709245818971448, 1.0374637536138167, 0.14681553446802936]
1329.4331155361695	(8, 12, 2)	[-0.8520902307156671, -0.8435983932351678, -0.677384203436499, 1.1306303792036339, 0.15567888381330722, -0.11614704353266994, 0.7954910065638209, -0.42825981523169493, -0.13338049874029156, -0.1170777947908252, 0.4510927393193109, 0.9194519872847764, 0.3700143649232734, -0.1545442308403018, 0.787273653260136, 0.5518267692794081, 0.7581755339557168, 0.70563600106591, -0.5699763336914137, 0.5774377009189149, 0.1612174376775133, 0.1790075867660739, 0.7298615439293114, 0.8612821758917678, 0.1723771618542001, -0.7583479940439535, 0.06703940735188436, 0.3802300293770752, -0.4058550717213521, 0.1332945628824832, 0.04918695097626025, -0.13937010451648135, -0.09858777549252712, 0.05970108690952196, -0.08514052819187519, 0.0027114531009874293, 0.33718191567501005, 0.7374216271971675, -0.6345027611385278, 0.8583504317220425, 0.5875151846923387, 0.4608751206507637, 0.19021901449067424, 0.5627447258526664, -0.49641603792033445, -0.6111478646496455, -0.22484528727476866, 0.026897636472458103, 0.7474575142733721, -0.11812524631233083, 0.22064114617774377, 0.0731827857055873, 0.9237282280497301, -0.26445479810931827, 0.3537260489397001, 0.02645434457112647, 0.24067161076813373, -0.7000372686538943, 0.9619734154358389, -0.7431827205946063, 0.08373043039594429, 0.1506984557457604, -0.8553197165208447, 0.09618912264316377, -0.13544309635846968, 0.7496209842166497, 0.5114722218036581, -0.06404629182270173, 0.6707917888603568, 0.20928295763735796, 0.7014233183522163, 0.42160598796727466, -0.40192071521768413, -0.6912043369820455, 0.4480296799845642, -0.01401129864420714, -0.260052169056549, 0.17295650628425158, 0.8019936303611755, -0.36290902119566415, -0.5500751842921546, -0.6774088185602624, 0.8330576878010783, 0.57816918492191, 0.3020069035666043, -0.4446941935785864, 0.01829015742757352, -0.9659453525381791, -0.576759147567529, 0.5389436614409187, 0.5450411994810395, -0.8389076388802181, 0.8159228110096988, 0.7379726354291323, -0.21945610278483327, 0.43181007754294826, 0.7734858830413199, 0.29072471036864966, -0.1190601350104725, 0.3315231943192817, -0.6376842081858808, -0.6921425740349176, 0.01195212575151483, -0.5638079031361956, -0.0819558063693479, -0.845883058572329, -0.006802320357386199, -0.6750064642058273, 0.5172803351012921, -0.8577052432360559, -0.43822548153043156, -0.6950221740594759, 0.24455932259779317, -0.2523975603371449, 0.6989941941412966, -0.35987954614125184, 0.8365407529865819, 0.2709245818971448, 1.0374637536138167, 0.14681553446802936]
1158.4743609382733	(8, 12, 2)	[-0.8574652444258692, -0.8833559459672751, -0.677456128099154, 1.1167979415260367, 0.1567551983225539, -0.1187275191222936, 0.7953792561280522, -0.4282240786007825, -0.13336783531249521, -0.11695246280789924, 0.45077594481651184, 0.9193808473651957, 0.3703165124084732, -0.0018324704429470151, 0.7869062806752452, 0.55182701474001, 0.7576813602018222, 0.709550402092629, -0.5702440091817692, 0.5724454257815037, 0.16131506031208662, 0.17950402115010933, 0.6056560617471252, 0.9663519969536587, 0.17398540731271275, -0.9715615203179617, 0.06778898501685764, 0.40196773123256496, -0.4068205654002774, 0.1364415738928345, 0.04964268787857421, -0.13979901786898885, -0.09875742645100552, 0.059166804180169584, -0.07070515886644667, -0.006392189327696699, 0.33680721170626476, 0.7370728909288982, -0.6343761069711653, 0.8580572035712597, 0.6316909294615167, 0.4721886757131678, 0.12776222924342892, 0.5272593264843355, -0.4970375143706601, -0.611150300643017, -0.2584227147915664, 0.03463701594996563, 0.746119873361363, -0.11855575704822344, 0.23420556090368883, 0.07413160295106745, 0.9237012274504557, -0.26442169832065704, 0.3621767560102126, 0.02612045629662407, 0.24080763426221494, -0.7002674752886118, 0.9536836868109259, -0.7169391614020447, 0.0661832435775487, 0.14744036913039718, -0.8544498060668115, 0.09693676656713368, -0.13537941364496275, 0.7498341231634487, 0.485278917153792, -0.06397759053250376, 0.6655143950494871, 0.2107274029482878, 0.7004498158648756, 0.42188067578744237, -0.41002624196994997, -0.712309610050342, 0.5366234141232813, 0.034783601279929396, -0.2586816300623724, 0.17284878567740955, 0.8020292291716068, -0.352814654120072, -0.5494107211856692, -0.5750576216629676, 0.8535818557490293, 0.5793723633638059, 0.30047855319923283, -0.45359151117446067, 0.02052286468350144, -0.9661060518412322, -0.4032965450689308, 0.5373509053775154, 0.5509040647021517, -0.8552591801943749, 0.8012818281449255, 0.7382425398908254, -0.11410332893745578, 0.43083181864466596, 0.7737058469271376, 0.2907308353216853, -0.11936864414543316, 0.33191630611635786, -0.7441188518549054, -0.6921008457710361, 0.012878100248574095, -0.5690587308473445, -0.12753065348025946, -0.8453404503525929, -0.016208021111986787, -0.6749297797726704, 0.5264531870181727, -0.85889978557126, -0.43825763721021527, -0.6949234625527955, 0.2192828573495852, -0.2523726607380776, 0.6986460910852622, -0.3596438214745574, 0.8543009933098282, 0.2178841081392011, 0.9840389666039614, 0.14675316920289405]
917.0915516276369	(8, 12, 2)	[-0.8574652444258692, -0.8833559459672751, -0.677456128099154, 1.1167979415260367, 0.1567551983225539, -0.1187275191222936, 0.7953792561280522, -0.4282240786007825, -0.13336783531249521, -0.11695246280789924, 0.45077594481651184, 0.9193808473651957, 0.3703165124084732, -0.0018324704429470151, 0.7869062806752452, 0.55182701474001, 0.7576813602018222, 0.709550402092629, -0.5702440091817692, 0.5724454257815037, 0.16131506031208662, 0.17950402115010933, 0.6056560617471252, 0.9663519969536587, 0.17398540731271275, -0.9715615203179617, 0.06778898501685764, 0.40196773123256496, -0.4068205654002774, 0.1364415738928345, 0.04964268787857421, -0.13979901786898885, -0.09875742645100552, 0.059166804180169584, -0.07070515886644667, -0.006392189327696699, 0.33680721170626476, 0.7370728909288982, -0.6343761069711653, 0.8580572035712597, 0.6316909294615167, 0.4721886757131678, 0.12776222924342892, 0.5272593264843355, -0.4970375143706601, -0.611150300643017, -0.2584227147915664, 0.03463701594996563, 0.746119873361363, -0.11855575704822344, 0.23420556090368883, 0.07413160295106745, 0.9237012274504557, -0.26442169832065704, 0.3621767560102126, 0.02612045629662407, 0.24080763426221494, -0.7002674752886118, 0.9536836868109259, -0.7169391614020447, 0.0661832435775487, 0.14744036913039718, -0.8544498060668115, 0.09693676656713368, -0.13537941364496275, 0.7498341231634487, 0.485278917153792, -0.06397759053250376, 0.6655143950494871, 0.2107274029482878, 0.7004498158648756, 0.42188067578744237, -0.41002624196994997, -0.712309610050342, 0.5366234141232813, 0.034783601279929396, -0.2586816300623724, 0.17284878567740955, 0.8020292291716068, -0.352814654120072, -0.5494107211856692, -0.5750576216629676, 0.8535818557490293, 0.5793723633638059, 0.30047855319923283, -0.45359151117446067, 0.02052286468350144, -0.9661060518412322, -0.4032965450689308, 0.5373509053775154, 0.5509040647021517, -0.8552591801943749, 0.8012818281449255, 0.7382425398908254, -0.11410332893745578, 0.43083181864466596, 0.7737058469271376, 0.2907308353216853, -0.11936864414543316, 0.33191630611635786, -0.7441188518549054, -0.6921008457710361, 0.012878100248574095, -0.5690587308473445, -0.12753065348025946, -0.8453404503525929, -0.016208021111986787, -0.6749297797726704, 0.5264531870181727, -0.85889978557126, -0.43825763721021527, -0.6949234625527955, 0.2192828573495852, -0.2523726607380776, 0.6986460910852622, -0.3596438214745574, 0.8543009933098282, 0.2178841081392011, 0.9840389666039614, 0.14675316920289405]
686.8721564559335	(8, 12, 2)	[-0.8546427411956831, -0.8510115750155285, -0.6872903707455609, 1.1313409310441767, 0.1564626672954198, -0.12712403395278596, 0.7985154346526064, -0.4336971271300776, -0.1333706340105574, -0.11707579159586554, 0.4446910521053836, 0.9193988623420726, 0.4017655826901265, -0.16108714691716922, 0.8077767974518558, 0.5515846157293294, 0.7802434186594809, 0.7155843560191608, -0.5882859895288133, 0.6293571181499016, 0.1559715270825745, 0.17849211106309973, 0.7200645098172461, 0.8778314051802887, 0.166720685920636, -0.7575987332228543, 0.06703676308779553, 0.08744116113348238, -0.4034715899702922, 0.1213967104767378, 0.06122912844547239, -0.20881265578419883, -0.09027826758153412, 0.06161239343379965, -0.14417481604605367, 0.0033509863940081107, 0.3355839654801948, 0.737255334201488, -0.6336151723829248, 0.8692281187734111, 0.545376810663512, 0.4538459377764321, 0.232144188658879, 0.5446258330380952, -0.5237916894024732, -0.6108023886330352, -0.21474748486373857, 0.024955188226033556, 0.7461697795723639, -0.11695987889248204, 0.22955147613440272, 0.06449775871449527, 0.9243121700714292, -0.27144572719347604, 0.3180122942820348, 0.025431761033480285, 0.24996824511104304, -0.7007722786672997, 0.9586280649868874, -0.7439668533235498, 0.05608569476489958, 0.16381503792258703, -0.8643798600464515, 0.07556900948521557, -0.1418176448136595, 0.745861058200706, 0.5111914847338741, -0.06390130563275105, 0.6706724755463863, 0.20828145350493021, 0.6957146450193882, 0.3984307682193059, -0.4115368346616286, -0.6913076421852002, 0.44529065488877123, -0.002088348608478759, -0.2915457984741826, 0.17328373714375855, 0.8017159957314849, -0.362816668848616, -0.5499152459470171, -0.6774324255549283, 0.8321606779449224, 0.5793410792023851, 0.3388127934880515, -0.44669974904339, 0.018248125577644922, -0.9656503949303628, -0.5208517997910739, 0.5294182390406869, 0.554473906393038, -0.7902018653918799, 0.7754339469459532, 0.7586274593004068, -0.2160342537274803, 0.4252116253373553, 0.7678026388088646, 0.2971786806243953, -0.11914231830214478, -0.03795097192041129, -0.6433996991614157, -0.6910275406258028, 0.0106569014938585, -0.5588401233921184, -0.09380874539456895, -0.890376740047651, 0.06367171345814127, -0.675423806790687, 0.5165650354696283, -0.8714880596791924, -0.4371196960339817, -0.6950561647705961, 0.23559881942026206, -0.2538648262176061, 0.697648129902232, -0.36100025789442697, 0.856402214815255, 0.26878758763433386, 1.0069129768948286, 0.14595725116016783]
581.3264545240713	(8, 12, 2)	[-0.8468879475462414, -0.8831666881443053, -0.6737373069826649, 1.1282141308404026, 0.15577839039775268, -0.11662495670232548, 0.7938068518901134, -0.4301224268952362, -0.13340852698367522, -0.1165976341282066, 0.42992916246775126, 0.9197148246799157, 0.4049378200539281, 0.051848933035335165, 0.7987687825542487, 0.551957081701463, 0.7832196566455459, 0.7109629451416442, -0.5600385541694933, 0.6115370374018816, 0.15155227983230427, 0.17809895557195984, 0.6343221465514493, 0.9277321150785752, 0.1717957814101278, -0.8164361794481898, 0.08970412633865123, 0.3667536460985139, -0.39390836914166777, 0.12773285569258824, 0.051098670512473084, -0.12699050999067976, -0.09168293252857872, 0.05170185150048245, -0.15774773176576254, -0.007780353685981578, 0.33225830181695437, 0.7383379484114292, -0.634572235963867, 0.9238616910131239, 0.5261025665647077, 0.4365804388556764, 0.21868883933310196, 0.5397461991422142, -0.5163464771087517, -0.612834375182663, -0.22725975975064916, 0.05903533142365969, 0.748358255411939, -0.11873837722365656, 0.23985946995053659, 0.061908123719330285, 0.9245254230182192, -0.2636746528829419, 0.3326939850809582, 0.024305695705273016, 0.24960896162666704, -0.701741454251053, 0.9609418298011714, -0.7331302384043682, 0.06861929454969803, 0.085506501733517, -0.8346670569814836, 0.11360781949490187, -0.12943421879413228, 0.7638948169543844, 0.49454922585338484, -0.06404618867296946, 0.6721672272804933, 0.20246957520808578, 0.711492320049047, 0.41704572942617385, -0.43654190316740366, -0.7051404622180919, 0.5109398961688147, 0.001182875529227325, -0.30940379128390755, 0.16775049897520533, 0.8018451773216093, -0.3277482022900524, -0.550316908463049, -0.6058415845192145, 0.8232318369915359, 0.5724114666562072, 0.3440456529679474, -0.4548755516498099, 0.019321689742786564, -0.7677213086386546, -0.5086629038948798, 0.5342772554529751, 0.5534367169167032, -0.8183107746018013, 0.7027907529049263, 0.7383830395459932, -0.21532076610403456, 0.3915434231146353, 0.7614258480905683, 0.290614630010182, -0.11909628115323002, 0.33232224258302634, -0.670756317181762, -0.6915503162846257, 0.012824732713485831, -0.5615837451607318, -0.10528845332223499, -0.8461525303554329, -0.14881417355260865, -0.6758089989309681, 0.5126379971997634, -0.8586860479504207, -0.4367104782868837, -0.706056388157429, 0.13285619509118962, -0.2523866440179894, 0.7021141938179295, -0.37598042318480934, 0.8609275926630356, 0.26043602066645316, 0.9746541441420498, 0.14038158551411387]
903.0056425381573	(8, 12, 2)	[-0.854287169484099, -0.8284335055525098, -0.6746627763956078, 1.128885185608458, 0.15554874635062702, -0.11343169027367442, 0.7943082158401653, -0.42762930829290347, -0.13339917066997226, -0.11695293460118855, 0.4486343694339282, 0.9196083656603471, 0.3827851812382935, -0.2916127418535721, 0.7965165477781775, 0.5518858321701126, 0.7923935854699918, 0.7080924018895736, -0.5687831109345184, 0.584840247234546, 0.15007455230354655, 0.17864864111541273, 0.6910545318698474, 0.9252728285970845, 0.17167178520328982, -0.786436897677329, 0.07045693596392978, 0.37337008019510215, -0.39623014819341235, 0.1305766341733899, 0.04922746552683813, -0.12996217247607636, -0.09261810473892082, 0.06020280239937878, -0.15027620311243597, -0.006572044938482638, 0.33407813354054, 0.7375229065301993, -0.6337717730740686, 0.9032098057314627, 0.5280107985512701, 0.45934775970661973, 0.1717387706929925, 0.5363810759189254, -0.5138483844614458, -0.6115724284600413, -0.2186034174056568, 0.030421742785122108, 0.7481665893636094, -0.11879292511098298, 0.22970779952595516, 0.06006498055646697, 0.9210576549248749, -0.263765741936264, 0.34741312464445295, 0.023933885999809234, 0.2488528051199358, -0.7008854226235426, 0.9630980361912216, -0.7572949081828055, 0.06954161214682412, 0.10600048552068259, -0.8545228860652904, 0.1119644614103299, -0.1275612385871619, 0.7655002843169056, 0.4988855453135766, -0.06390078418601798, 0.6658985758486824, 0.20715986463558292, 0.6992825355531764, 0.41985397210157344, -0.40528564790005417, -0.7019505772784862, 0.4458713338372054, -0.010850940843482332, -0.2682304297752068, 0.07792581089395105, 0.8019046987943728, -0.34393071107470496, -0.5492001837671083, -0.605767211614859, 0.8222731920012035, 0.574528829977452, 0.30863095158270915, -0.45152689380715283, 0.018323608806744635, -0.7934989253158204, -0.5312236267873512, 0.535770711477801, 0.5527395819060269, -0.8400949706871627, 0.6932223103309606, 0.7384654893152224, -0.23179686520450637, 0.3957452315437872, 0.7643154991257906, 0.2906342035677984, -0.11945084675349425, 0.33073716990781105, -0.6714338100179381, -0.6920540697574498, 0.012948704722960095, -0.5613279961803038, -0.10533951243332128, -0.8459884009194296, -0.17187783085712155, -0.6751480703188356, 0.5182483664401705, -0.8587109218204283, -0.4364655431999967, -0.7047384357383301, 0.19102275629764964, -0.25035437954670886, 0.7019013431069767, -0.3713484029607089, 0.861542996215935, 0.25034629924604945, 0.9753461558013997, 0.14660080941676826]
889.0319770113678	(8, 12, 2)	[-0.8998463040893194, -0.8741591767842367, -0.5466274045202653, 1.1386306116637495, 0.16012585420402012, -0.11575632418272043, 0.801400993419049, -0.42550851917130755, -0.1333876872214938, -0.1165886155569443, 0.4028498831052751, 0.9197628050300259, 0.38873482638775414, 0.0523448043523729, 0.796475471298979, 0.5519353022871923, 0.7839236498125098, 0.7117561302340913, -0.5605244907472129, 0.5836018637425879, 0.1575002786232427, 0.17838438486620514, 0.6333004701939713, 0.9092249298716315, 0.1722318357863302, -0.8504428218796104, 0.07162393925123753, 0.3595545558482718, -0.3988606714981069, 0.13355911859678612, 0.051576821679201475, -0.14602689414688902, -0.08594956153256308, 0.05167430762442007, -0.13569298982349837, 0.0007175736010103552, 0.33579986412357576, 0.7404028141531045, -0.6339403360489057, 0.9204813164312581, 0.5233878329294933, 0.43824864441258693, 0.09758962979084639, 0.5355947228299293, -0.5207782710764756, -0.6125877022590085, -0.22744197520672574, 0.03357539150344077, 0.7478693640189205, -0.11877401787214928, 0.21674601088263096, 0.05935987037158225, 0.921849751951726, -0.2333161924186214, 0.328476133562472, 0.025513952720303233, 0.313406771727488, -0.7015975791785987, 0.9608742622836183, -0.7355172335333365, 0.058008289153095, 0.10277927659691548, -0.8514784854435089, 0.0981867499408444, -0.13521632220294233, 0.75572253681867, 0.49080200548154546, -0.06366324337700625, 0.6718784223312103, 0.1845292201736483, 0.7035405031463603, 0.41692397515149726, -0.4305138242949255, -0.7004514187725991, 0.5099680233641428, -0.004620958356071826, -0.26148821042571574, 0.17039919867275188, 0.8019526782049298, -0.34473531004245694, -0.5500842857695148, -0.6126852007726472, 0.8238229887051934, 0.5697894191931133, 0.340884042873456, -0.454260950125871, 0.0182485811687152, -0.9482225831216079, -0.3689974370689857, 0.5364478502585152, 0.5450197011501741, -0.8176258178638511, 0.8495842356102918, 0.7381510755794881, -0.21875871455212775, 0.4064370386092282, 0.7776742522279109, 0.2907318576477802, -0.21829575058076528, 0.329849383135132, -0.6539671362075699, -0.6918525372402206, 0.0028084708406359293, -0.555296965940243, -0.1196111462168892, -0.7482157039200329, -0.07201175285645753, -0.6758146470162706, 0.5130337835229267, -0.8582583803787381, -0.4370180126560468, -0.7018802422355446, 0.15506943921164082, -0.25365872436826165, 0.7022102662912966, -0.4444931192486616, 0.8568490386124102, 0.260221558746799, 0.9880134124058695, 0.14280407921301652]
702.704934150343	(8, 12, 2)	[-0.8396479640275454, -0.8814757857250727, -0.6793820109792139, 1.1319801459046641, 0.21580411564831148, -0.1221680643811004, 0.7899217160017046, -0.4180531192310058, -0.13343062688063795, 0.013514007611589218, 0.4460139293503403, 0.787404616038043, 0.3783501396314539, 0.3215631140768914, 0.7837292763094611, 0.5510645533295185, 0.760849445657493, 0.7130816239152361, -0.5774344083496799, 0.6311835908537191, 0.15988108611797003, 0.17865491182134524, 0.6631323279598969, 0.9829775003922349, 0.17407279870155323, -0.8505257762565543, 0.06488981220442358, 0.11697197030808665, -0.3771453168781288, 0.09848266948584039, 0.05005226856404177, -0.14776286287046791, -0.0587717232687761, 0.04985818349693541, -0.22645836394478033, -0.003785085675224323, 0.3486790850755376, 0.7476258012631528, -0.6451207958890693, 0.8682392115915698, 0.3959601226620204, 0.4684272159624625, 0.18272129840373463, 0.5214445385839774, -0.5114039949385669, -0.6110247471055145, -0.22650727184986338, 0.008664405846799082, 0.7476387124642654, -0.1168742303321005, 0.22660912714176973, 0.02201927128052475, 0.9516109037843509, -0.2640049420387208, 0.3597543908635074, 0.02458204861733101, 0.20155027131643494, -0.7308103465137523, 0.9543698179351092, -0.6952475144798531, 0.055895785721998256, 0.43143836330607455, -0.8601005782243774, 0.1022227214194148, -0.1442800054384279, 0.755895175369773, 0.5124000393626305, -0.068129783644999, 0.6701946496053242, 0.18545201250166343, 0.7015742472968184, 0.41939321982530736, -0.4260944863556971, -0.6946785867183786, 0.4494222444753225, -0.015328047970378313, -0.3227399031476234, 0.1722771394531427, 0.8015752595996047, -0.36065964984377685, -0.549435117511972, -0.6422695042129489, 0.8446797484148234, 0.5793569208728966, 0.32530055690267445, -0.44859084493009965, 0.022401113588307424, -0.9669799795849046, -0.4456888568986477, 0.5311731113536909, 0.5479771023586804, -0.8046434665251041, 0.819027020915053, 0.7437338759423733, -0.22041883194349454, 0.40081473732988065, 0.7059606700896196, 0.290357373224367, -0.26760117102390124, 0.32516136033484455, -0.6219240532844921, -0.6897914562416962, -0.14644013661372468, -0.5492403850174438, -0.12495132790730006, -0.8474437830978002, -0.05019560894234855, -0.6758441889233839, 0.5167234655058253, -0.8559171621191042, -0.4369879865827439, -0.6948300198249956, 0.22239395859755587, -0.2507830529953254, 0.7062519137063794, -0.23727077155823115, 0.8534040058369248, 0.27820145181994893, 0.9210277223226387, 0.11680137365509517]
520.3093660085376	(8, 12, 2)	[-0.8520539034049516, -0.8692463900789825, -0.6754346187592352, 1.1287738063369712, 0.18359254335705966, -0.11964018958885336, 0.7946850836527154, -0.4299245676824608, -0.13332033038616253, -0.11660333829088833, 0.43902562189065353, 0.9197097571314691, 0.3897235148636414, -0.046296976129856476, 0.7967251519400763, 0.5518738085699703, 0.7832504482492484, 0.7088117220700574, -0.562016371590672, 0.6187116563809938, 0.15768610278191558, 0.17864811071202746, 0.6327779503541452, 0.9146209041902775, 0.1725192607377478, -0.8296373091476342, 0.06980099100132671, 0.37248431998538073, -0.3931667723362876, 0.12721342430309213, 0.049714547342454514, -0.1370670960276846, -0.09230280303505775, 0.05338742290137319, -0.13810526597866926, -0.0026578254802831014, 0.31256493262358925, 0.7382217668187946, -0.6337939723563495, 0.9319605573594408, 0.5662991952215892, 0.4362120447552424, 0.18562012675763204, 0.5399888226731426, -0.510379286547673, -0.6123941643365628, -0.21861638943277792, 0.010909567574157595, 0.7477943785910255, -0.11808307472975754, 0.2178221432618337, 0.06066131992908824, 0.9161471668684518, -0.26367810969177446, 0.3485570821257988, 0.024114961970251064, 0.24998893624320107, -0.6997505272695536, 0.9469020186987227, -0.7270220188189318, 0.07095935321528708, -0.35779291936457946, -0.8452295763806537, 0.11258487974893135, -0.12715053311545457, 0.7636485146432201, 0.49507801090387554, -0.0639724882981992, 0.6717930392009164, 0.20645233459249615, 0.7112895968471433, 0.4196724412619423, -0.423468084026828, -0.7019998748873811, 0.49676951651074963, 0.004131961960350132, -0.28701647151341586, 0.172863828678313, 0.8018434801222922, -0.33905580677618896, -0.5503006165992819, -0.6177284597029898, 0.8324163754956199, 0.7422898248243615, 0.3427456943218501, -0.45244834098601655, 0.016069834699017294, -0.7566596659372796, -0.43290015281044303, 0.5339347302239307, 0.5486448363875637, -0.8205606529728791, 0.6809118543812053, 0.7378623368171174, -0.22010647742689482, 0.4209447240092598, 0.7724952950132945, 0.290612687712893, -0.11909608856470301, 0.3316392076883946, -0.6725170869395638, -0.6703500955363095, 0.012262065220322933, -0.5635237793987107, -0.11649997219913259, -0.8461681105718135, -0.15742278680337685, -0.6759605883466102, 0.5157700954424952, -0.8586963760906967, -0.4369082410036131, -0.7494721924211505, 0.14758111735444646, -0.2508952321541931, 0.7020438286211509, -0.376181119916753, 0.8572345199741441, 0.22760771349557227, 0.9744946527493983, 0.14031389506260367]
1010.4664381450282	(8, 12, 2)	[-0.8426247394355217, -0.8672909065455852, -0.6788058579222596, 1.128587441780376, 0.15498093176464575, -0.12416040147609783, 0.7945048616833456, -0.42872643013747647, -0.13337937335620562, -0.11920504787219538, 0.43717181084655754, 0.9190305877394266, 0.46255222125754114, 0.47941255658699145, 0.7951771549270363, 0.6440342537239684, 0.7909809076391513, 0.7070685489980043, -0.5865260618072646, 0.6090562868821485, 0.15205103361098304, 0.17868627786288083, 0.6123098697823175, 0.9398589418845256, 0.17086726102543004, -0.8187708943086638, 0.08834105000480649, 0.3666163246221583, -0.49561018611687185, 0.12845762555580734, 0.04837082103401834, -0.12727972550177766, -0.10044482020193932, 0.07780783651610759, -0.17117547124265356, 0.024734978292174376, 0.3344795885309666, 0.7402322650262854, -0.6345524219699943, 0.8379470519815517, 0.4688975729501892, 0.45987287126718973, 0.1993509440660847, 0.5451605509923076, -0.5156684252015981, -0.612762200798777, -0.23428919544963794, 0.06092708366403235, 0.7434177200883989, -0.11822364815888206, 0.22774663562903982, 0.060258654100155906, 0.8970986996952429, -0.26009335627050184, 0.3331087377958657, 0.021840266344911863, 0.23813704093645863, -0.6934235759438505, 0.9625185413119486, -0.7479733236030831, 0.06635639281950444, 0.11487192152316172, -0.8311526640158625, 0.1167756814151209, -0.12824966926257259, 0.7732118062718433, 0.5260919123107244, -0.06290555694448463, 0.6720046250440228, 0.20133519522126692, 0.7083632514056235, 0.3655197201934096, -0.4695620997631635, -0.7026328428056666, 0.5375723095522443, 0.0011477900561522214, -0.28446827841179273, 0.17125622474879623, 0.8020454460679703, -0.33204035194552844, -0.550014787641861, -0.6822615801963052, 0.8209434748184462, 0.5723183674699222, 0.3243210566704178, -0.4495968985932495, 0.019952847061771868, -0.9453425598727818, -0.3951821918341672, 0.5328259111039886, 0.5527628221410655, -0.8147716890927366, 0.6885995337798364, 0.7530611438609618, -0.30175623561565723, 0.45435010187245173, 0.7714036544426641, 0.29066815216294095, -0.11916410875777107, 0.30509619684280065, -0.6654414133722645, -0.6918824389442684, 0.0069145331170143, -0.5586653927505539, -0.10332226938228008, -0.8449068723343391, -0.0741166343004755, -0.6758490438300956, 0.5186337903748324, -0.858448729415561, -0.436585923286912, -0.7046254126887704, 0.19825558991340175, -0.24889530843793822, 0.6961916055654276, -0.3732215116075365, 0.8536711576942894, 0.2581577729202423, 0.9816967224629303, 0.14434892158433765]
1162.547326650009	(8, 12, 2)	[-0.5779720272788271, -0.8821335050551639, -0.6786324670077241, 1.1289109345005657, 0.1430072504220406, -0.1163789755502573, 0.8021592587570721, -0.4208505185720795, -0.2325844691728129, 0.0013549521306386036, 0.44703808799084344, 0.7855710863869692, 0.3795147000198346, 0.026949923468532505, 0.7823234489585142, 0.4729719500531077, 0.7588355687645018, 0.714620641769908, -0.5763902403059789, 0.6266644231093947, 0.1529735419070962, 0.1786268703223307, 0.6739108628343842, 0.9257506080222928, 0.17434159853868844, -0.8494472983373282, 0.0883328547318738, 0.29124600747064266, -0.45082020552092755, 0.12067065557648932, 0.05172424176667379, -0.1471963959879912, -0.06746712612788701, 0.0504353439005578, -0.20290589977165852, -0.0040367229021185435, 0.33566321455906806, 0.7488761393973651, -0.6413985070009434, 0.8681488540252641, 0.3748085761268159, 0.46524285604218873, 0.18815297086930144, 0.5405380574068963, -0.5117167316501282, -0.6124978400451175, -0.22059106815953144, 0.013617272251034108, 0.7473940804248895, -0.12006537185593547, 0.22305991225347513, 0.015271860915977853, 0.9031737103232803, -0.26409231507924535, 0.13546702951881817, 0.02567836003514898, 0.22190740917939228, -0.7110747458595709, 0.9306189761716162, -0.7104239280821145, 0.05613252360161308, 0.3131107800455362, -0.8410063344315029, 0.09866921164922461, -0.06763701136369525, 0.7619256035766916, 0.5112097123379385, -0.0673279521474228, 0.6701557371245913, 0.15669633929582522, 0.6146867362140297, 0.4195812209508468, -0.4270027082913348, -0.6985609117988567, 0.46839626300194054, -0.009653633488756044, -0.31728990723252776, 0.17218249135697186, 0.7140456470397268, -0.3494494255698075, -0.5499852589301005, -0.7043718451970269, 0.8346709490108577, 0.5787660406534015, 0.3492514912160752, -0.45097204358741244, 0.02005521338457433, -0.8820513099255943, -0.4429909064052884, 0.5436769919516806, 0.5573544717947195, -0.8182522187911804, 0.709849361246271, 0.7432229285908609, -0.2192701520405665, 0.42752416095429147, 0.697600849490703, 0.29058040759427295, -0.1632134152276956, 0.3152156306632026, -0.6463078835422663, -0.689835392287834, -0.08336012511945402, -0.5589946202563256, -0.12357597880431564, -0.8438660401601441, -0.06654699374088326, -0.6758418428564462, 0.5115471120319652, -0.8565167808139998, -0.4371873939799325, -0.6960826268926467, 0.22094893175773495, -0.25199075392716835, 0.7062142064617606, -0.4019546109091101, 0.8372940880731041, 0.2658644209206553, 0.9217920267922586, 0.11379586606202666]
1163.321834572667	(8, 12, 2)	[-0.8476996383415524, -0.8452153216464812, -0.6778086489204314, 1.1322603294922886, 0.15637256040833558, -0.11677583911372384, 0.7938712027569315, -0.428490502553919, -0.1334178476991751, -0.11909241424756242, 0.42951291792866175, 0.9215188571956359, 0.39778785559668484, -0.002667106057201482, 0.794374068815614, 0.5592406129486734, 0.7530755496896326, 0.7096038555597838, -0.5809415555683652, 0.63078308769519, 0.15900840936411836, 0.17825523528041531, 0.6588413949949328, 0.9823431116378245, 0.1711484020895009, -0.9285461465161648, 0.07445276380372691, 0.26756670753653927, -0.39978841011165206, 0.09694774397555983, 0.05123996559888184, -0.1387447262834672, -0.08927817451433001, 0.06104883637635894, -0.11788983471470962, -0.004947577488713744, 0.3487708452873945, 0.7380785006668642, -0.6367351716876323, 0.8642400250389942, 0.5319134558102259, 0.4664030946688786, 0.20885385285462724, 0.5206628652474901, -0.45459952140508825, -0.6110159924056581, -0.22690297758596586, 0.03156542253891837, 0.7686213899394552, -0.1172424673075609, 0.2991907763650117, 0.0593313012362567, 0.9374233416994051, -0.2672065906228568, 0.3742573160354732, 0.02474983652103135, 0.25860717653022036, -0.6992993710898088, 0.9615638496448061, -0.7223089238627638, 0.058831353933344294, 0.30581366139288335, -0.8269675120477622, 0.10377875360305905, -0.12738549163405133, 0.7671581030262211, 0.49869090730434584, -0.06329043882131156, 0.6709517641266572, 0.197859269139324, 0.6991546943810826, 0.423959877188779, -0.42720946447083036, -0.7003515676275212, 0.4465300823571196, 0.005744660452180191, -0.31634425171646324, 0.17165979143764878, 0.8015555994371639, -0.3620398253026152, -0.5500663772119578, -0.6410789256592605, 0.826348926910914, 0.5719273938716163, 0.3309956322247862, -0.8133343166591672, 0.01959132789346841, -1.0055646371803888, -0.46251909486603077, 0.5262604567957483, 0.549064792779813, -0.8025485859752942, 0.8282125680222697, 0.7386525813260619, -0.23202709703549898, 0.3992434900865377, 0.7237190922810509, 0.2908392620183646, -0.2333384943066631, 0.4047711691412406, -0.7529233869930216, -0.6906698891846639, 0.023846660071901643, -0.5550294272949059, -0.12687287829371338, -0.8478938941663473, -0.06644372804290796, -0.6752295141180005, 0.5170310820529007, -0.855020727980255, -0.4370657288029433, -0.6937589465905399, 0.21786293747902588, -0.2497988151499564, 0.7018981437680332, -0.3569568956592445, 0.858276503149998, 0.256307335288303, 0.9212431887945942, 0.13793422721488965]
1186.5656673403078	(8, 12, 2)	[-0.8476996383415524, -0.8452153216464812, -0.6778086489204314, 1.1322603294922886, 0.15637256040833558, -0.11677583911372384, 0.7938712027569315, -0.428490502553919, -0.1334178476991751, -0.11909241424756242, 0.42951291792866175, 0.9215188571956359, 0.39778785559668484, -0.002667106057201482, 0.794374068815614, 0.5592406129486734, 0.7530755496896326, 0.7096038555597838, -0.5809415555683652, 0.63078308769519, 0.15900840936411836, 0.17825523528041531, 0.6588413949949328, 0.9823431116378245, 0.1711484020895009, -0.9285461465161648, 0.07445276380372691, 0.26756670753653927, -0.39978841011165206, 0.09694774397555983, 0.05123996559888184, -0.1387447262834672, -0.08927817451433001, 0.06104883637635894, -0.11788983471470962, -0.004947577488713744, 0.3487708452873945, 0.7380785006668642, -0.6367351716876323, 0.8642400250389942, 0.5319134558102259, 0.4664030946688786, 0.20885385285462724, 0.5206628652474901, -0.575728787494931, -0.4098273662634749, -0.22690297758596586, 0.03156542253891837, 0.7686213899394552, -0.1172424673075609, 0.2991907763650117, 0.0593313012362567, 0.9374233416994051, -0.2672065906228568, 0.3742573160354732, 0.02474983652103135, 0.25860717653022036, -0.6992993710898088, 0.9615638496448061, -0.7223089238627638, 0.058831353933344294, 0.30581366139288335, -0.8269675120477622, 0.10377875360305905, 0.020843837873521037, 0.7671581030262211, 0.49869090730434584, -0.06329043882131156, 0.6709517641266572, 0.197859269139324, 0.6991546943810826, 0.423959877188779, -0.42720946447083036, -0.7003515676275212, 0.4465300823571196, 0.005744660452180191, -0.31634425171646324, 0.17165979143764878, 0.8015555994371639, -0.3620398253026152, -0.5500663772119578, -0.6410789256592605, 0.826348926910914, 0.5719273938716163, 0.3309956322247862, -0.8133343166591672, 0.01959132789346841, -1.0055646371803888, -0.46251909486603077, 0.5262604567957483, 0.549064792779813, -0.8025485859752942, 0.8282125680222697, 0.7386525813260619, -0.23202709703549898, 0.3992434900865377, 0.7237190922810509, 0.2908392620183646, -0.2333384943066631, 0.4047711691412406, -0.7529233869930216, -0.6906698891846639, 0.023846660071901643, -0.5550294272949059, -0.12687287829371338, -0.8478938941663473, -0.06644372804290796, -0.6752295141180005, 0.5170310820529007, -0.855020727980255, -0.4370657288029433, -0.6937589465905399, 0.21786293747902588, -0.2497988151499564, 0.7018981437680332, -0.3569568956592445, 0.858276503149998, 0.2273401345285617, 0.9212431887945942, 0.13793422721488965]
916.8785797477816	(8, 12, 2)	[-0.8544697487958972, -0.8842899435238969, -0.6723259820513406, 1.1284206072030454, 0.15556705353769887, -0.11618582728895058, 0.8038451249977008, 0.00687752630921612, -0.13333179596823255, -0.16079940319099312, 0.4250517607847478, 0.9195381720879101, 0.3873828280964727, -0.011840304405642404, 0.7902638970856952, 0.4830483213695675, 0.7863638287709004, 0.714924887005404, -0.5440532750378984, 0.5870483656471637, 0.14976623451008625, 0.17863091040803517, 0.6733852287207656, 0.865408780846226, 0.17919934821895928, -0.8725628235920116, 0.08743209236456266, 0.3737309923490772, -0.402919790563653, 0.13802174926572586, 0.05146568293440947, -0.14639009916309687, -0.0071005047026440615, 0.0513097076817781, -0.19551469361092377, -0.002086773300846727, 0.3359517062823883, 0.738398691263998, -0.6344719992802428, 0.8667435694571678, 0.5323126643901117, 0.46124054794898867, 0.22566871345402545, 0.5448992661768781, -0.4956938721353153, -0.6125161406978518, -0.22147784624225958, 0.054655869746167735, 0.7472385003609043, -0.15101910815970834, 0.2203868524649635, 0.06365223763673843, 0.9076824317019021, -0.2643398826310017, 0.34411245609814456, 0.027401210052657818, 0.23656341854158153, -0.7014035562254409, 0.8731769570055168, -0.733533731212495, 0.06757473593504149, 0.15084268025233794, -0.8447452275392714, 0.09592229992500703, -0.08147835255934643, 0.7608471760361214, 0.5113752323445777, -0.06262074178839667, 0.669496431587704, 0.2025334611463266, 0.7063078929506486, 0.41981787626435924, -0.42725471530827697, -0.6981196843263325, 0.46503279327221764, -0.007461129188784201, -0.2931404812663621, 0.17295204531420846, 0.72781338362239, -0.30978035183344443, -0.3507698787272775, -0.6940000849300456, 0.8248777735515145, 0.5761207039691959, 0.3552383407519203, -0.45369932233454874, 0.018897980209766227, -0.9722971194914658, -0.46980501753285797, 0.5504210782973965, 0.5576563391759806, -0.8258363210907625, 0.6429095825024741, 0.7379295675428253, -0.2181247204443556, 0.4350285594642947, 0.7600140564990284, 0.29066301276573975, -0.12002502549667395, 0.3159511809366597, -0.6855125348132539, -0.6922202530947273, 0.0012404917015649032, -0.5642734359561066, -0.11590945614921044, -0.8414565726058856, -0.08084838874184187, -0.6758219251634594, 0.5120971869084056, -1.013954898520975, -0.4371838900290466, -0.6967455279618902, 0.9816167928744075, -0.2521282334831523, 0.7022653397060662, -0.36962376049901824, 0.8371268268654412, 0.2619524938303267, 0.9647273150460874, 0.13421518893358914]
730.7290475472439	(8, 12, 2)	[-0.8544697487958972, -0.8842899435238969, -0.6723259820513406, 1.1284206072030454, 0.15556705353769887, -0.11618582728895058, 0.8038451249977008, 0.00687752630921612, -0.13333179596823255, -0.16079940319099312, 0.4250517607847478, 0.9195381720879101, 0.3873828280964727, -0.011840304405642404, 0.7902638970856952, 0.4830483213695675, 0.7863638287709004, 0.714924887005404, -0.5440532750378984, 0.5870483656471637, 0.14976623451008625, 0.17863091040803517, 0.6733852287207656, 0.865408780846226, 0.17919934821895928, -0.8725628235920116, 0.08743209236456266, 0.3737309923490772, -0.402919790563653, 0.13802174926572586, 0.05146568293440947, -0.14639009916309687, -0.0071005047026440615, 0.0513097076817781, -0.19551469361092377, -0.002086773300846727, 0.3359517062823883, 0.738398691263998, -0.6344719992802428, 0.8667435694571678, 0.5323126643901117, 0.46124054794898867, 0.22566871345402545, 0.5448992661768781, -0.4956938721353153, -0.6125161406978518, -0.22147784624225958, 0.054655869746167735, 0.7472385003609043, -0.15101910815970834, 0.2203868524649635, 0.06365223763673843, 0.9076824317019021, -0.2643398826310017, 0.34411245609814456, 0.027401210052657818, 0.23656341854158153, -0.7014035562254409, 0.8731769570055168, -0.733533731212495, 0.06757473593504149, 0.15084268025233794, -0.8447452275392714, 0.09592229992500703, -0.08147835255934643, 0.7608471760361214, 0.5113752323445777, -0.06262074178839667, 0.669496431587704, 0.2025334611463266, 0.7063078929506486, 0.41981787626435924, -0.42725471530827697, -0.6981196843263325, 0.46503279327221764, -0.007461129188784201, -0.2931404812663621, 0.17295204531420846, 0.72781338362239, -0.30978035183344443, -0.3507698787272775, -0.6940000849300456, 0.8248777735515145, 0.5761207039691959, 0.3552383407519203, -0.45369932233454874, 0.018897980209766227, -0.9722971194914658, -0.46980501753285797, 0.5504210782973965, 0.5576563391759806, -0.8258363210907625, 0.6429095825024741, 0.7379295675428253, -0.2181247204443556, 0.4350285594642947, 0.7600140564990284, 0.29066301276573975, -0.12002502549667395, 0.3159511809366597, -0.6855125348132539, -0.6922202530947273, 0.0012404917015649032, -0.5642734359561066, -0.11590945614921044, -0.8414565726058856, -0.08084838874184187, -0.6758219251634594, 0.5120971869084056, -1.013954898520975, -0.4371838900290466, -0.6967455279618902, 0.9816167928744075, -0.2521282334831523, 0.7022653397060662, -0.36962376049901824, 0.8371268268654412, 0.2619524938303267, 0.9647273150460874, 0.13421518893358914]
1275.1294227416815	(8, 12, 2)	[-0.8544697487958972, -0.8842899435238969, -0.6723259820513406, 1.1284206072030454, 0.15556705353769887, 0.04063461654724129, 0.8038451249977008, 0.00687752630921612, -0.13333179596823255, -0.16079940319099312, 0.4250517607847478, 0.9195381720879101, 0.3873828280964727, -0.011840304405642404, 0.7902638970856952, 0.4830483213695675, 0.7863638287709004, 0.714924887005404, -0.5440532750378984, 0.5870483656471637, 0.14976623451008625, 0.17863091040803517, 0.6733852287207656, 0.865408780846226, 0.17919934821895928, -0.8725628235920116, 0.08743209236456266, 0.3737309923490772, -0.402919790563653, 0.13802174926572586, 0.05146568293440947, -0.14639009916309687, -0.0071005047026440615, 0.0513097076817781, -0.19551469361092377, -0.002086773300846727, 0.3359517062823883, 0.738398691263998, -0.6344719992802428, 0.8667435694571678, 0.5323126643901117, 0.46124054794898867, 0.22566871345402545, 0.5448992661768781, -0.4956938721353153, -0.6125161406978518, -0.22147784624225958, 0.054655869746167735, 0.7472385003609043, -0.15101910815970834, 0.2203868524649635, 0.06365223763673843, 0.9076824317019021, -0.38471715263873013, 0.34411245609814456, 0.027401210052657818, 0.23656341854158153, -0.7014035562254409, 0.8731769570055168, -0.733533731212495, 0.06757473593504149, 0.15084268025233794, -0.8447452275392714, 0.09592229992500703, -0.08147835255934643, 0.7608471760361214, 0.5113752323445777, -0.06262074178839667, 0.669496431587704, 0.2025334611463266, 0.7063078929506486, 0.41981787626435924, -0.42725471530827697, -0.6981196843263325, 0.46503279327221764, -0.007461129188784201, -0.2931404812663621, 0.17295204531420846, 0.72781338362239, -0.30978035183344443, -0.3507698787272775, -0.6940000849300456, 0.8248777735515145, 0.5761207039691959, 0.3552383407519203, -0.45369932233454874, 0.018897980209766227, -0.9722971194914658, -0.46980501753285797, 0.5504210782973965, 0.5576563391759806, -0.809901047604402, 0.6429095825024741, 0.7379295675428253, -0.2181247204443556, 0.4350285594642947, 0.7600140564990284, 0.29066301276573975, -0.12002502549667395, 0.3159511809366597, -0.6855125348132539, -0.6922202530947273, 0.0012404917015649032, -0.5642734359561066, -0.11590945614921044, -0.8414565726058856, -0.08084838874184187, -0.6758219251634594, 0.5120971869084056, -1.013954898520975, -0.4371838900290466, -0.6967455279618902, 0.9816167928744075, -0.2521282334831523, 0.7022653397060662, -0.36962376049901824, 0.8371268268654412, 0.2619524938303267, 0.9647273150460874, 0.13421518893358914]
662.9581295652154	(8, 12, 2)	[-0.8778815050248838, -0.8713282377970528, -0.6763798319257188, 1.1289164627672434, 0.14863848115149308, 0.03957960486372125, 0.8046358976809841, -0.18309494215653221, -0.1296718836661399, -0.16824673978859173, 0.4294298573714346, 0.7970755056568322, 0.3933257094953667, 0.3813553362176219, 0.7904628020311181, 0.48647741667985095, 0.7814619154282078, 0.7145707900301961, -0.548177246123521, 0.5915542209727922, 0.1522950605288059, 0.17869957020203173, 0.6782756923023257, 0.8649335441413022, 0.17811959725399584, -0.8576331226285349, 0.08734643516210645, 0.26526694723072436, -0.2513894620462738, 0.13944303929564533, 0.05136759750042741, -0.14674766846441967, -0.019574346557201402, 0.046878850185642765, -0.15295764829035396, -0.0010935459839860624, 0.33551814680555053, 0.742021170964618, -0.6355787696287934, 0.862631807509805, 0.552909348808428, 0.4655701516667672, 0.22398104437004276, 0.5415821989863044, -0.4972243301082096, -0.6124651191058929, -0.2216584624134946, 0.05094362749133641, 0.7456621917698071, -0.11306128774879162, 0.22087849513356406, 0.06003329860185566, 0.9051132533396481, -0.3091281124122081, 0.2890962178622353, 0.02739492328090283, 0.23619790924539702, -0.7040345387823913, 0.8818064686212289, -0.7324738832395828, 0.06615274562675566, 0.17243774181827695, -0.8470452440267056, 0.09497222555574228, -0.07755774231675096, 0.7727292112585006, 0.5105756352414839, -0.06573320296150859, 0.6694849622240202, 0.2108903733180297, 0.6839603142807975, 0.42462171207800226, -0.534133404440791, -0.6989897073442233, 0.4847270261178849, -0.0054324641740363475, -0.2918377566624567, 0.1719013536233517, 0.7217607415589326, -0.30289746467882883, -0.42684056082689037, -0.7070702692373896, 0.8305619861912307, 0.32739204353477364, 0.3425843633030038, -0.45211989929970126, 0.020030262799666885, -0.9881963425129278, -0.4507043301834833, 0.5512678391652858, 0.5589022178476099, -0.8095562287798244, 0.7154595638406647, 0.7382973787537309, -0.2676642444504092, 0.43269641125772856, 0.7508714541383613, 0.2906444377616037, -0.12234769236497293, 0.31561868350174677, -0.6888907750029595, -0.6908474257873495, 0.011195931102118863, -0.5602777932220092, -0.1169039748771812, -0.843296855851276, -0.07545488914464785, -0.67583398016846, 0.5137742380290511, -0.8949767102233221, -0.43713565319678, -0.6981000314378433, 0.6147813737997136, -0.2516601860279263, 0.7036960463370767, -0.39048713341823627, 0.837266753529348, 0.26244236956616857, 0.9725005417476814, 0.11247562160911169]
1456.9446970002455	(8, 12, 2)	[-0.9866967682023403, -0.8769932137512749, -0.6698981853625826, 1.1284261263544253, 0.15170599777123076, -0.11563030586885381, 0.8030286712071353, -0.01813911111104871, -0.15818922104434754, -0.12137199474558877, 0.427442884606982, 0.9009709431843064, 0.41821445580997435, 0.3864199627286088, 0.791371147772213, 0.47783747911173236, 0.7803072426989779, 0.7107438951323544, -0.6712862821214509, 0.6183510904721565, 0.14970312245358447, 0.44472793095584995, 0.6230387015305621, 0.9315905053638123, 0.17772942486398313, -0.8625914561230057, 0.07838676227854338, 0.3753011259977795, -0.3939561475244552, 0.13268198808154885, 0.051417331973970526, -0.1464389560417938, 0.012534996350484662, 0.053260958749511235, -0.2636102004560358, -0.0019828294516624433, 0.33486955708577154, 0.7394584408551157, -0.6177446014788412, 0.8918510849780684, 0.39203793141404525, 0.4656563316087503, 0.1906856439158153, 0.5369831772223767, -0.49462943359161016, -0.6125359723232507, -0.27620861322617885, 0.03618989895792189, 0.8576462912714635, -0.14756701716893006, 0.2123379866862091, 0.06337423238260002, 0.9010748098328829, -0.26438404235429847, 0.34440591828313194, 0.02391670434292368, 0.21675720190069395, -0.7016727250573077, 0.9654146283691393, -0.7336939806689843, 0.06221417291985108, 0.1634511867022759, -0.8720516494539511, 0.09474841332508811, -0.10119766443073268, 0.7594596572878956, 0.5073569596010629, -0.06344467411539904, 0.6699257132955716, 0.34458059598591606, 0.707934553861651, 0.4292934778719181, -0.4116066387640275, -0.6980541536203998, 0.4860951808576899, -0.005957629769680379, -0.2748797510712332, 0.1723476222908576, 0.7318418196396961, -0.35007203812671456, -0.4842962174543092, -0.6696528636808752, 0.8302180379396437, 0.5800821398792492, 0.35422365616218116, -0.45087440342096974, 0.014761390006461265, -0.8488511296068199, -0.45259484708815345, 0.5385749707191902, 0.5554712651204462, -0.867168538289822, 0.6655988193189938, 0.7390031124875178, -0.2180034561863667, 0.4291491688273493, 0.7746265573746282, 0.2914300638196843, -0.131953540811832, 0.3143985987309823, -0.6653076653816916, -0.6658865395901904, -0.06743083767156051, -0.5640309557861177, -0.11266013330971285, -0.8504275620145821, -0.026576120808305487, -0.6758566428608554, 0.512664567209616, -1.0389363082031968, -0.4371411899956961, -0.7017769709017795, 0.969327929582087, -0.2526373330723651, 0.7008657018139374, -0.3668995318530361, 0.847547513360492, 0.2474627263452876, 0.9829032286939084, 0.13329698710764773]
1658.4658365565635	(8, 12, 2)	[-0.758426202122499, -0.8654284472600157, -0.6717635991264941, 1.1292326323027115, 0.15689987089983445, -0.12535619736719486, 0.7976543901449549, -0.4273457723939664, -0.12693447860661577, -0.27180760245474334, 0.5738686679805872, 0.8250138226152861, 0.38222683275448244, 0.03980804507741373, 0.779672854165459, 0.5290306624733323, 0.7691838650186226, 0.7147524845992149, -0.570001649830594, 0.6072288667166317, 0.1598510951137401, 0.1779742970587918, 0.6686919119036011, 0.9653150862826859, 0.17575992885754876, -0.8373508375177836, 0.0835064309838959, 0.26915910037359264, -0.42446571366346536, 0.12157278735779245, 0.043868353363526395, -0.14680908755421374, -0.07823612515718291, 0.05198105814879202, -0.19190286885274924, -0.0034317182336699244, 0.3538684703454374, 0.7482088428444843, -0.7700290910056743, 0.8732351710788765, 0.41021289406038397, 0.4723581104697636, 0.1953215100452088, 0.5335511817185582, -0.4846721543627219, -0.612488891585267, -0.23462545899430373, 0.04318546509492321, 0.7405486541188767, -0.12531949289428707, 0.2587820834956685, 0.009985187021445468, 0.9063640053502923, -0.25879419465676956, 0.3463907977808794, 0.0276615964355657, 0.24615401569696815, -0.706562469734319, 0.925835764524156, -0.7133940050881113, 0.06396055343840251, 0.18534576189397434, -0.846186435921217, 0.1398532908764549, -0.08848243884287402, 0.7553207399729397, 0.5101051305431966, -0.0624606673632996, 0.6704352072373795, 0.19500756589857962, 0.6899047629755931, 0.4199560861861899, -0.4190901847708136, -0.6991163625860175, 0.47315132779587404, -0.002855904816273222, -0.30988113080762947, 0.1717152052864382, 0.7192371372366031, -0.38698564172112027, -0.6538900379456232, -0.6933614677266315, 0.82822851727139, 0.5849537713348938, 0.29656197636009785, -0.43544022205982, 0.018801858259127963, -0.8636654072558266, -0.3803162480972926, 0.5304890742071757, 0.5574641716888626, -0.8319879647839752, 0.7478388422445913, 0.742006692496227, -0.21308881206307514, 0.44541426212194135, 0.7264842414746542, 0.29165770524316326, -0.10862265590083196, 0.3424171171544369, -0.6557303602225368, -0.6897175432962445, -0.0009135462021863869, -0.5572862466848651, -0.11663905669704919, -0.844983206747843, -0.06578843505750882, -0.675791054016819, 0.5121656491233942, -0.8395144566435994, -0.4321924177170239, -0.6944269791176435, 0.24353449716631517, -0.25232374742368585, 0.7027275285250285, -0.3793933755334379, 0.8364678873082004, 0.24852923361373355, 0.9815811950532305, 0.1259206242246666]
889.7613277065104	(8, 12, 2)	[-0.9472368803936904, -0.8703698444575868, -0.6706792213518665, 1.1014323080601198, 0.15306646304881227, -0.11992733075524847, 0.7992140886621583, -0.1640649828976498, -0.14866579104234287, -0.16451054390819353, 0.4272194091871604, 0.8751296002041541, 0.3852848080584234, -0.027712800249416553, 0.7912345026518307, 0.47491836617690747, 0.78034227167157, 0.7100192230025992, -0.5992071920430787, 0.5940942430420477, 0.14956775384620422, 0.5211382270345486, 0.6532499006954994, 0.9261335331211318, 0.17749895213770062, -0.868347523580004, 0.08757310051712627, 0.3747127591641319, -0.4087261177075468, 0.1350824988819325, 0.0506370191930352, -0.14631983813566074, 0.02292397800387841, 0.054848048555332166, -0.18889143858578966, -0.001988342714378598, 0.33457537209852256, 0.7395105713428589, -0.6207294032528141, 0.880070022283891, 0.5540750308217826, 0.4659934730558432, 0.18745506304280757, 0.5433646048299384, -0.5009931187059392, -0.6349585669140962, -0.23227595298957784, 0.04221745407011142, 0.7885092519247383, -0.08660273506852322, 0.21671488162515812, 0.06342300559263081, 0.8813244086545801, -0.2623235044127601, 0.3443999261580127, 0.02465554321303467, 0.2176504484250188, -0.7016943408515186, 0.8980190116588721, -0.7335265906618308, 0.06740279795409872, 0.25766398977588506, -0.8747066427647886, 0.09483664437846473, -0.09220027077813987, 0.7604849885227511, 0.510152094445601, -0.06349831802820381, 0.6698146607974422, 0.37687706881161287, 0.707126548956733, 0.4243142667530727, -0.41078132860615235, -0.6980763973992246, 0.47385748298233193, -0.0035732732712821648, -0.27863619505692055, 0.17255670601759712, 0.7631183428498298, -0.3393822886368429, -0.46868137378076397, -0.6898255572133707, 0.8280055430262729, 0.5944389617767375, 0.35381020079389497, -0.4514400673030337, 0.018389542635399107, -0.9476378895674227, -0.453192976046563, 0.551483039115594, 0.5524316191609429, -0.862007154168677, 0.6571171198630005, 0.7414995912731329, -0.21878477678197492, 0.4381548298238405, 0.7608638970289667, 0.29128617691402525, -0.13737373814148798, 0.3149739553474304, -0.6858977905644232, -0.6932640316020002, -0.006596489611748024, -0.5640831273330527, -0.11337478790691517, -0.9267366185265733, -0.02651458036923578, -0.6757907432426192, 0.5128533204871866, -1.0110336104184907, -0.4370886462875674, -0.700906151593686, 0.9967801655446165, -0.2846451726045206, 0.7007318408586684, -0.37012555903639227, 0.8441004956429253, 0.2491417284737314, 0.9609556970060958, 0.13251005678643873]
962.5617693134702	(8, 12, 2)	[-0.9471602719593037, -0.8712142643088133, -0.6657889648467333, 1.1290038098331303, 0.15212419009388067, -0.017688817509451296, 0.8032968795874053, -0.046706654918138094, -0.14484599973246445, -0.11408127672896526, 0.42849320290175225, 0.9112972913323073, 0.4114248031004494, 0.35488128730877117, 0.7915522473590548, 0.49794341956001154, 0.7783331499839611, 0.7136928128697991, -0.6896783465090498, 0.5890501926633145, 0.15107740381001966, 0.3949707333318123, 0.6400310959912068, 0.8093605173804939, 0.17782717044758084, -0.9011138812472795, 0.08463530271302341, 0.2575530267709128, -0.29457309000778054, 0.14017366750009885, 0.0514417182437246, -0.14655804294811015, 0.014925270877757127, 0.05025094203730217, -0.1773227804109121, -0.001444554358972361, 0.3417967190935448, 0.7404780150154627, -0.6227384915203595, 0.8596632525468949, 0.541656700116822, 0.46296368617452993, 0.18430812858159804, 0.5405378516109711, -0.7865374941136495, -0.6125071403856693, -0.23063750791444904, 0.046599661075302994, 0.7843587161412174, -0.13788177819735534, 0.2217614607546339, 0.06159576093758489, 0.904600233160109, -0.2826192313157802, 0.2801869576745649, 0.02671026173494058, 0.22437795838586763, -0.7047464550209583, 0.9089423988277298, -0.7339031796258729, 0.06614258662073633, 0.1773962434767763, -0.8615194117320576, 0.09453878297702077, -0.08503292926490066, 0.7716137488254401, 0.32394422000555706, -0.06384121053864061, 0.6694405972579605, 0.34176852021011206, 0.7062828380576924, 0.4282201175049477, -0.5659268086529785, -0.6980321080966486, 0.48533891934225043, -0.005860238902014067, -0.2845364123968024, 0.17194745250560323, 0.7252937418857953, -0.08664671381112063, -0.45335986939005724, -0.701715328969874, 0.8303471312412904, 0.385842411132261, 0.35079958798563077, -0.45142751182167407, 0.01695441552414336, -0.9752736043126832, -0.4507846142305114, 0.5506282978118575, 0.5568727436483222, -0.8451292493016592, 0.696586223546588, 0.7410266957659827, -0.2300504532789292, 0.42933267548679394, 0.7247476774702151, 0.28895425447755524, -0.12010643438192214, 0.31324110816099965, -0.6700933998657395, -0.6745320326799195, -0.030949895438187304, -0.5589804543178236, -0.11718545484189, -0.8851299902959129, -0.030373633962633182, -0.6755965428542272, 0.45850217801808024, -0.945319581302706, -0.437021672641209, -0.6987452611043096, 0.8257911151010149, -0.25218139691002567, 0.703040218797285, -0.3890970311342955, 0.8409430266127044, 0.2594841320614859, 0.9736088906898316, 0.1235144232497566]
1026.6128081203506	(8, 12, 2)	[-0.9273986078147514, -0.8728106315338366, -0.6620798775099292, 1.1273243039559364, 0.14779402664481217, -0.03979743673086922, 0.7993770847704182, -0.38145032060951384, -0.1390321292742057, -0.12786228800378133, 0.4271213453419765, 0.9113960622780247, 0.39031950159441375, 0.32651443483768133, 0.7912771853041992, 0.5034949766415907, 0.7798117001417902, 0.7174837141727579, -0.6902120557870978, 0.6093664626806214, 0.15244251552395802, 0.27995267310462424, 0.6471705478992755, 0.783105283245597, 0.17680316539704005, -0.8957445883394658, 0.07718821320526247, 0.2696088240066069, -0.3914666840278921, 0.13775974553610784, 0.05087530164626443, -0.14487095656302446, 0.023815838911962345, 0.05394771852250852, -0.17903569808263475, -0.002914379711880728, 0.34251657510114963, 0.7382285843415842, -0.6290597370824378, 0.8661226969290962, 0.5360018718366655, 0.46372172174523396, 0.19682159204230265, 0.5403862338315949, -0.8212566613846618, -0.461066416136772, -0.22520014436745875, 0.020623984901918593, 0.7588299221651328, -0.13237059304706572, 0.23712270289044085, 0.06273637575559741, 0.9076633693515676, -0.2846408147195141, 0.2767530723152196, 0.02740899533599211, 0.23412551645975566, -0.7029497165579399, 0.8925654206489748, -0.7398346441548794, 0.05648690835288089, 0.13812500123831736, -0.8464698920522901, 0.09245886898623938, -0.08367027762901405, 0.7012620764529435, 0.4009605677814412, -0.063858150713981, 0.6700159461942692, 0.1797175497604151, 0.7076299171435184, 0.42179435864058246, -0.5002043416443428, -0.6976886887609061, 0.4816118962954967, 0.0019174896008001836, -0.2941024029397968, 0.1752408810601924, 0.7683454371691371, -0.24010410507461646, -0.4418318335251345, -0.651156789659785, 0.8273520347434465, 0.4148451372561007, 0.341837024422869, -0.4797452754392707, 0.016929503419793247, -0.9650346316819534, -0.46183384554392226, 0.5474706147398907, 0.5549443155983826, -0.8427091851391764, 0.7189516251173694, 0.7457636401604765, -0.2210376947985189, 0.44475625996053225, 0.7152364031283636, 0.28882451837391326, -0.11805792611380787, 0.3128097852550937, -0.6673932654296507, -0.694091179900129, -0.0011042752179378085, -0.5597243214981721, -0.11919190172798784, -0.89871716367871, -0.04046457041116395, -0.6543945515314733, 0.5527697356100882, -0.9284339913404575, -0.43657075590268113, -0.700071576135841, 0.8350230812091087, -0.2512195575753372, 0.7029848840712206, -0.37743111379679367, 0.8411395527531474, 0.2624137878979756, 0.9733721117710588, 0.1524160974678822]
1336.8123415102393	(8, 12, 2)	[-0.9710141687069427, -0.8731317124266748, -0.6721149160374452, 1.1271031475948483, 0.15190156357812798, -0.08047988119546655, 0.8027680972317734, -0.07890198605356852, -0.2018127720679031, -0.12366090369662654, 0.4273103199753153, 0.7982060012601148, 0.37033286670729476, 0.07462225195262513, 0.7855498187150914, 0.5698393723734595, 0.7803990663872254, 0.71109633136623, -0.5737899585784445, 0.5991664349512995, 0.1438146178316245, 0.35026477374165804, 0.6647448085694609, 0.9282811470073895, 0.178252990291894, -0.8240997497855602, 0.08237708820750154, 0.349954824251937, -0.41802847366682944, 0.16557556782633623, 0.05155587056834582, -0.14642387035268967, 0.025053814480558878, 0.053246758743939665, -0.2629983700880836, -0.0019283999393849285, 0.3370081177502696, 0.7410316909095376, -0.6224053398179419, 0.877397524071552, 0.5242674678388213, 0.4216378309647029, 0.19331843328430587, 0.5389192194778724, -0.49783503826057424, -0.6329969589071663, -0.2644854228541281, 0.05112598461078556, 0.8579337852320271, -0.10506855434641088, 0.21349758536570485, 0.061915885941054155, 0.8940203496611058, -0.26904320544550897, 0.34435423964549394, 0.02432537840553185, 0.21704580228959705, -0.7037504377031543, 0.9626693736635015, -0.7461855506637483, 0.06675488540797384, 0.2316273638604483, -0.8626826774976003, 0.09486095174664737, 0.08262568706089708, 0.7613524066988372, 0.5077381484357012, -0.0639323494145435, 0.6735018467561379, 0.3394397925156203, 0.6876546452634774, 0.42499644117809987, -0.4666245580804267, -0.7052682017173463, 0.4884120704770879, -0.006376141930382359, -0.27977334080307675, 0.1724275465716437, 0.7371450021131156, -0.3397441703468203, -0.4494120679350763, -0.6669830404376219, 0.8285759135653622, 0.5036315209387897, 0.35419280659646235, -0.4520445850316742, 0.01566787548209467, -0.9871392034453823, -0.4526899590291603, 0.5363423254367359, 0.5520905901281729, -0.8242921898058926, 0.720988955022892, 0.7536797297510502, -0.21563919663522924, 0.43692368666588677, 0.7729607542152045, 0.29140166269973233, -0.12996795883337897, 0.315358414212165, -0.6751180132998039, -0.6694209127645149, -0.010199178204209201, -0.5639789968656799, -0.11356323526177162, -0.8752473267690184, -0.09906957827842397, -0.6737728503493565, 0.513342773110045, -1.0138677443469541, -0.45824144503068426, -0.6994974623983526, 0.8550750714286686, -0.2748764749562839, 0.7021362560935899, -0.3726870277521964, 0.8383718610679035, 0.2511751093928037, 0.9738786630235746, 0.12501792113913085]
1091.329265921448	(8, 12, 2)	[-0.9308704427547061, -0.8783428961644545, -0.6745486901538091, 1.1271691897785445, 0.15171609884931236, -0.1606532367143848, 0.7862780094265386, -0.16097743964798497, -0.14349828478186102, -0.13773961470427945, 0.4281473945478156, 0.9043827282480447, 0.35760772983739897, 0.008380930518590055, 0.7902509281793709, 0.49121456352023346, 0.7811052143380433, 0.7155098942288585, -0.633151130708393, 0.6084671310871853, 0.12899842572661332, 0.21685345728041153, 0.6486939018363014, 0.8640445718083017, 0.17604557267523133, -0.8117680871265922, 0.07758025227415781, 0.33687852713775995, -0.44505616868293824, 0.1398990911045077, 0.17466897528834233, -0.14546504145924682, 0.016385081310480373, 0.054421537588101254, -0.17969059639678012, -0.0023226268924923135, 0.34181885829394265, 0.731384518155382, -0.633746280488748, 0.8632784321059094, 0.5585735167813974, 0.4727981597340086, 0.20006981128532075, 0.5294740181542871, -0.8142519391547837, -0.5175195906451309, -0.2232295606890785, 0.04804156328480243, 0.7881372331719455, -0.0923889838321921, 0.23758208527212585, 0.06343694638503573, 0.9184846076824036, -0.2657712426456942, 0.335213090038172, 0.01804598137597487, 0.2283352470930683, -0.7032973749871393, 0.898230230700435, -0.7221146195723535, 0.061765876660335325, 0.1716089986694524, -0.8512311618821614, 0.10271528499038907, -0.09248331542641672, 0.738829726419919, 0.3780537925785056, -0.06382537199830389, 0.6708646976451577, 0.18848642606093263, 0.7073834235213492, 0.42323107575422114, -0.40350403674038915, -0.6993459922311603, 0.5233128017751502, -0.005714931692521224, -0.3007020504618161, 0.17293751128390178, 0.7819506522664951, -0.3501160838241831, -0.5138246140122111, -0.6830251139320562, 0.8303448403914688, 0.464131040605743, 0.35566841012923783, -0.7142556589854266, 0.004711051679723204, -0.9377767992235809, -0.46304345535022506, 0.5475222798892813, 0.552452199745233, -0.8408170054944117, 0.706712500626146, 0.7470549026038553, -0.24178431746902368, 0.35816728012890436, 0.7440279057271715, 0.2916811161672828, -0.13859004269837688, 0.31781543942838064, -0.6991161049097004, -0.6941001834143891, 0.031163994436817243, -0.5608047062693607, -0.11736727385378828, -0.8435835305984051, -0.07482397011877975, -0.6728427622143393, 0.49953359387899277, -0.8965782274256944, -0.4469316075951714, -0.699595397058644, 0.7579751696043842, -0.2629220743151938, 0.7014643400825065, -0.374103975780795, 0.8385158122453568, 0.2568254487039064, 0.970880204318039, 0.1403975256306342]
963.0322339255969	(8, 12, 2)	[-0.846835729421342, -0.8727283398038667, -0.6777049277942464, 1.1266748458015008, 0.14564175173413357, -0.08024618030458171, 0.8027163674722526, -0.12005709959276778, -0.13561242325881015, -0.12808953706361775, 0.4253603734279443, 0.8534280208717252, 0.3820152959455623, 0.38258234236012567, 0.7852552066819555, 0.48576505146347176, 0.7793987413756127, 0.7231842754997869, -0.7295705418396471, 0.5954954916438344, 0.14258162116707884, 0.36402060334707265, 0.6721715374216951, 0.8536351582015079, 0.17799847970294172, -0.8898788683859921, 0.08396414768840789, 0.3478290935201556, -0.4004558478047819, 0.11671195501773989, 0.05083003408378502, -0.1458128636181288, 0.006805412471997642, 0.05394978367692874, -0.25176332839235305, 0.02499327406522333, 0.3411357932313745, 0.7854046760344595, -0.6262649178653755, 0.8639408875627982, 0.5162060825683028, 0.4601656197663656, 0.19636257332241364, 0.5392975424653127, -0.6847423817226428, -0.4594163321301258, -0.24910577498232406, 0.0389091770809126, 0.8044164663778647, -0.10887566955890311, 0.22545713160622002, 0.06126385102595426, 0.9097226744036874, -0.2541622929911372, 0.3092787175659478, 0.02430678590923649, 0.21252662742118322, -0.7067415661957278, 0.8936761966044894, -0.7496807470392775, 0.06502543398225215, 0.13600469398125017, -0.8582401767617142, 0.09525513470430987, -0.07711111579036349, 0.7097816880863255, 0.40501037236635334, -0.06386576346452671, 0.6714386188002301, 0.24349020286937437, 0.7074058800670122, 0.42220660390027387, -0.47559215389739884, -0.6976723934300598, 0.527300791680767, -0.0010208201437683956, -0.29082323009315786, 0.17196901409849244, 0.7818942484890519, -0.31187367374293823, -0.4771898756268836, -0.6607143734468778, 0.8246834725879612, 0.4278401697014882, 0.34231332557996885, -0.4820749512517499, 0.016115956021414222, -0.9677188226647273, -0.4579995526878008, 0.5360622922319825, 0.5542424276981558, -0.8374641351490979, 0.7140722248785718, 0.7763648750807958, -0.21461963900018685, 0.4823797947365691, 0.7159529607185978, 0.2916387155914517, -0.1318846944974214, 0.29870583780559573, -0.6946387190588373, -0.6882200968838761, -0.012334433305908237, -0.5597269125811769, -0.12445495073925097, -0.8838465146052505, -0.033092324914703944, -0.6545997041861812, 0.5281173287294635, -0.8848525891371152, -0.35779615186703084, -0.7009070248835778, 0.8391684182185026, -0.2532335542601366, 0.7030539905750252, -0.37019408334005055, 0.8391189222439298, 0.2512862045253925, 0.97379175040105, 0.11861346246939151]
1310.6261444409274	(8, 12, 2)	[-0.9059396490826426, -0.8755221723423867, -0.6752132553739363, 1.1269949707264677, 0.1530605173741951, -0.08572317694274902, 0.794806462077543, -0.14621316973685952, -0.14214238330308043, -0.13127101040409278, 0.4252362007222572, 0.8476117998075549, 0.35304782967753323, 0.06220752663257678, 0.7854749640946238, 0.4893023224358365, 0.7797104246729555, 0.7200621912693828, -0.6865214913313874, 0.6075770415274243, 0.12583152858667393, 0.19541816047740818, 0.674146186996042, 0.8557162725241734, 0.17638518477198226, -0.7983353498068851, 0.08036364770269713, 0.34777003098043163, -0.43054133636181935, 0.14083868298181793, 0.15193303854534673, -0.1456844755087103, 0.015949462758132804, 0.05399358453548562, -0.20718314341621977, 0.00715342492559551, 0.34178459508635184, 0.7518146859274182, -0.6312296981036977, 0.8632749137153793, 0.541323946271292, 0.46446518548384275, 0.1966177358867384, 0.5361135456605713, -0.8165555072537946, -0.4644123423596208, -0.24079118892211948, 0.04546676576782151, 0.8065324031323193, -0.10015178329901504, 0.230996804425376, 0.0633568619889011, 0.9159052336060377, -0.25499634200424104, 0.3161984620114155, 0.023239861552185548, 0.22749214246647256, -0.7055430965008602, 0.8929186148280253, -0.7188500594871604, 0.061065420945765225, 0.17239367545758938, -0.8552789019638378, 0.10426281989216159, -0.08465483549801493, 0.7400934706802709, 0.37392782651383644, -0.0638330018247916, 0.6712824711573682, 0.250862469308116, 0.7073943896617978, 0.4220826035290514, -0.4863057988152062, -0.6980691685956758, 0.5255781995204568, -0.005254108716022602, -0.29558085476824886, 0.17212338849911368, 0.7818890356845355, -0.35493948480104076, -0.5076274959357179, -0.6576082749201373, 0.8253878151275701, 0.4485875907609164, 0.3568051193624311, -0.6966353775158037, 0.007117055682679195, -0.9543903428739468, -0.463565398176721, 0.546057919613635, 0.5520240726303435, -0.838870713337928, 0.7156870909193102, 0.7756380361911718, -0.22886912672590046, 0.39367921553133955, 0.7184073113259803, 0.29166504595255593, -0.13996032449781035, 0.29567189819213796, -0.6996981158791368, -0.6919998157156938, 0.021345648157681012, -0.5594930998295328, -0.11941621848850115, -0.8872155605488515, -0.06506113229961163, -0.6667643997204744, 0.52364977733079, -0.8951481173430308, -0.38286606737332674, -0.7002579200377146, 0.7580135036172141, -0.26059670717924766, 0.7013292709765259, -0.37182971820756233, 0.8390518826620705, 0.25261660401808794, 0.9716396753346483, 0.1314729285192351]
1682.6191630038861	(8, 12, 2)	[-0.8809999353095006, -0.853519795879525, -0.6725485042900183, 1.1247581759418859, 0.15723144787797894, -0.13595170604301116, 0.7915673677611305, -0.07219859589237902, -0.12524854326908388, -0.15016554845828722, 0.42824072936958085, 0.8543200882922354, 0.384196011573196, 0.3195899705360784, 0.7919862449508744, 0.5013611415093685, 0.7760384365055407, 0.7142438473273094, -0.6141919351228542, 0.6165309706620559, 0.1309047858583039, 0.21719611927858673, 0.650697426451528, 0.8767173160177734, 0.17675465251026845, -0.8625906647808023, 0.07040677828385582, 0.29128816227277615, -0.45065336382333493, 0.13989798624899175, 0.12472683720514899, -0.1420715623767195, 0.019856403674964093, 0.05403206388624602, -0.18445673552206035, -0.0031739775489052166, 0.3419276266870766, 0.737827945912944, -0.6233863640339695, 0.8649320854078286, 0.506951687122142, 0.46227613388449496, 0.1997046274443671, 0.5349802732068601, -0.7311632503493354, -0.5214778369592906, -0.1707234858682406, 0.04189189993774113, 0.7356009928210063, -0.11037789808027006, 0.2612630245932619, 0.0633529557778417, 0.9151963169411528, -0.2677371850316331, 0.3322026667578459, 0.01800598552077753, 0.2269842438123358, -0.7014345012362009, 0.8815626361821159, -0.7269710475556668, 0.061393054852875724, 0.16536439756235033, -0.8652786744618459, 0.10237293437428241, -0.107633636599692, 0.7537777637896456, 0.41841854029304626, -0.06387831545842973, 0.6707498885241807, 0.19688086064981986, 0.7090716605118407, 0.4231659302512933, -0.40511563556176733, -0.7060455919912548, 0.5143745493944524, -0.006570613928804956, -0.2816856304060608, 0.17284865922869408, 0.7596522392914902, -0.35695854149285905, -0.5220141425105613, -0.6826765568545232, 0.8293676004014225, 0.5515098308480274, 0.3565315027606289, -0.6036025970742116, 0.013753081463729179, -0.9251602407665976, -0.4670052488429845, 0.5303888146205655, 0.5525699939772966, -0.8219047176129842, 0.750649064135467, 0.7470355734568427, -0.22641128376310996, 0.4146861256752359, 0.7450103373384753, 0.29152505235003484, -0.12819442105791226, 0.32757972714943534, -0.6926140799586887, -0.6947063745362873, 0.01197706440274875, -0.5600652204469799, -0.1147305410441981, -0.8662778121193393, -0.07663475726483718, -0.6758044160555192, 0.5142853299314156, -0.9574409194782509, -0.43720794353607834, -0.6998032878082707, 0.7739561318056856, -0.2632161496711215, 0.7029388694926849, -0.3726388839814574, 0.7988500938539608, 0.25219306811618025, 0.9552386611510606, 0.13756969974923358]
1069.4001897848102	(8, 12, 2)	[-0.8809999353095006, -0.9341051174312441, -0.6725485042900183, 1.1247581759418859, 0.15723144787797894, -0.13595170604301116, 0.7915673677611305, -0.07219859589237902, -0.12524854326908388, -0.15016554845828722, 0.42824072936958085, 0.8543200882922354, 0.384196011573196, 0.3195899705360784, 0.7919862449508744, 0.5013611415093685, 0.7760384365055407, 0.7142438473273094, -0.6141919351228542, 0.6165309706620559, 0.1309047858583039, 0.21719611927858673, 0.650697426451528, 0.8767173160177734, 0.17675465251026845, -0.8625906647808023, 0.07040677828385582, 0.29128816227277615, -0.45065336382333493, 0.13989798624899175, 0.12472683720514899, -0.1420715623767195, -0.04018344764245692, 0.05403206388624602, -0.18445673552206035, -0.0031739775489052166, 0.3419276266870766, 0.737827945912944, -0.6233863640339695, 0.8649320854078286, 0.506951687122142, 0.46227613388449496, 0.1997046274443671, 0.5349802732068601, -0.7311632503493354, -0.5214778369592906, -0.1916680983643687, 0.04189189993774113, 0.7356009928210063, -0.11037789808027006, 0.2612630245932619, 0.0633529557778417, 0.9151963169411528, -0.2677371850316331, 0.3322026667578459, 0.01800598552077753, 0.2269842438123358, -0.7014345012362009, 0.8815626361821159, -0.7269710475556668, 0.061393054852875724, 0.16536439756235033, -0.8652786744618459, 0.10237293437428241, -0.107633636599692, 0.7537777637896456, 0.41841854029304626, -0.06387831545842973, 0.6707498885241807, 0.19688086064981986, 0.7090716605118407, 0.4231659302512933, -0.40511563556176733, -0.7060455919912548, 0.5143745493944524, -0.006570613928804956, -0.2816856304060608, 0.17284865922869408, 0.7596522392914902, -0.35695854149285905, -0.5220141425105613, -0.6826765568545232, 0.8293676004014225, 0.5515098308480274, 0.3565315027606289, -0.6036025970742116, 0.013753081463729179, -0.9251602407665976, -0.4670052488429845, 0.5303888146205655, 0.5525699939772966, -0.8219047176129842, 0.750649064135467, 0.7470355734568427, -0.22641128376310996, 0.4146861256752359, 0.7450103373384753, 0.29152505235003484, -0.12819442105791226, 0.32757972714943534, -0.6926140799586887, -0.5953570007060214, 0.01197706440274875, -0.5600652204469799, -0.1147305410441981, -0.8662778121193393, -0.07663475726483718, -0.6758044160555192, 0.5142853299314156, -0.9574409194782509, -0.43720794353607834, -0.6998032878082707, 0.7739561318056856, -0.2632161496711215, 0.7029388694926849, -0.3726388839814574, 0.7988500938539608, 0.25219306811618025, 0.9552386611510606, 0.13756969974923358]
